episode,total_env_steps,episode_reward,avg_reward_100,epsilon,mean_loss,wall_clock_s,grad_steps,w,lam,eval_mean_reward,eval_std_reward,entropy,beta,value_loss,explained_variance
0,14,14.0,14.0,,20.62214469909668,0.036284446716308594,1,,,,,0.672653,,41.149799,0.523686
1,38,24.0,19.0,,20.62214469909668,0.036284446716308594,1,,,,,0.672653,,41.149799,0.523686
2,64,26.0,21.333333333333332,,20.62214469909668,0.036284446716308594,1,,,,,0.672653,,41.149799,0.523686
3,87,23.0,21.75,,20.62214469909668,0.036284446716308594,1,,,,,0.672653,,41.149799,0.523686
4,105,18.0,21.0,,20.62214469909668,0.038025617599487305,1,,,,,0.672653,,41.149799,0.523686
5,118,13.0,19.666666666666668,,20.62214469909668,0.038025617599487305,1,,,,,0.672653,,41.149799,0.523686
6,144,26.0,20.571428571428573,,20.62214469909668,0.03979682922363281,1,,,,,0.672653,,41.149799,0.523686
7,152,8.0,19.0,,20.62214469909668,0.03979682922363281,1,,,,,0.672653,,41.149799,0.523686
8,162,10.0,18.0,,20.62214469909668,0.03979682922363281,1,,,,,0.672653,,41.149799,0.523686
9,175,13.0,17.5,,20.62214469909668,0.03979682922363281,1,,,,,0.672653,,41.149799,0.523686
10,195,20.0,17.727272727272727,,20.62214469909668,0.03979682922363281,1,,,,,0.672653,,41.149799,0.523686
11,223,28.0,18.583333333333332,,20.62214469909668,0.03979682922363281,1,,,,,0.672653,,41.149799,0.523686
12,255,32.0,19.615384615384617,,20.62214469909668,0.03979682922363281,1,,,,,0.672653,,41.149799,0.523686
13,268,13.0,19.142857142857142,,20.62214469909668,0.03979682922363281,1,,,,,0.672653,,41.149799,0.523686
14,299,31.0,19.933333333333334,,20.62214469909668,0.03979682922363281,1,,,,,0.672653,,41.149799,0.523686
15,319,20.0,19.9375,,20.62214469909668,0.03979682922363281,1,,,,,0.672653,,41.149799,0.523686
16,332,13.0,19.529411764705884,,20.700325965881348,0.07098746299743652,2,,,,,0.679242,,41.496498,0.482790
17,347,15.0,19.27777777777778,,20.700325965881348,0.07098746299743652,2,,,,,0.679242,,41.496498,0.482790
18,362,15.0,19.05263157894737,,20.700325965881348,0.07098746299743652,2,,,,,0.679242,,41.496498,0.482790
19,383,21.0,19.15,,20.700325965881348,0.07098746299743652,2,,,,,0.679242,,41.496498,0.482790
20,403,20.0,19.19047619047619,,20.700325965881348,0.07098746299743652,2,,,,,0.679242,,41.496498,0.482790
21,418,15.0,19.0,,20.700325965881348,0.07098746299743652,2,,,,,0.679242,,41.496498,0.482790
22,433,15.0,18.82608695652174,,20.700325965881348,0.07098746299743652,2,,,,,0.679242,,41.496498,0.482790
23,445,12.0,18.541666666666668,,20.700325965881348,0.07098746299743652,2,,,,,0.679242,,41.496498,0.482790
24,460,15.0,18.4,,20.700325965881348,0.07098746299743652,2,,,,,0.679242,,41.496498,0.482790
25,486,26.0,18.692307692307693,,20.700325965881348,0.07098746299743652,2,,,,,0.679242,,41.496498,0.482790
26,506,20.0,18.74074074074074,,20.700325965881348,0.07098746299743652,2,,,,,0.679242,,41.496498,0.482790
27,523,17.0,18.678571428571427,,20.700325965881348,0.07098746299743652,2,,,,,0.679242,,41.496498,0.482790
28,547,24.0,18.862068965517242,,20.700325965881348,0.07098746299743652,2,,,,,0.679242,,41.496498,0.482790
29,583,36.0,19.433333333333334,,20.700325965881348,0.07098746299743652,2,,,,,0.679242,,41.496498,0.482790
30,599,16.0,19.322580645161292,,20.700325965881348,0.07098746299743652,2,,,,,0.679242,,41.496498,0.482790
31,613,14.0,19.15625,,20.700325965881348,0.07098746299743652,2,,,,,0.679242,,41.496498,0.482790
32,648,35.0,19.636363636363637,,20.374844233194988,0.10723638534545898,3,,,,,0.683597,,39.385246,0.504781
33,675,27.0,19.852941176470587,,20.374844233194988,0.10723638534545898,3,,,,,0.683597,,39.385246,0.504781
34,696,21.0,19.885714285714286,,20.374844233194988,0.10723638534545898,3,,,,,0.683597,,39.385246,0.504781
35,708,12.0,19.666666666666668,,20.374844233194988,0.10723638534545898,3,,,,,0.683597,,39.385246,0.504781
36,719,11.0,19.43243243243243,,20.374844233194988,0.10723638534545898,3,,,,,0.683597,,39.385246,0.504781
37,743,24.0,19.55263157894737,,20.374844233194988,0.10723638534545898,3,,,,,0.683597,,39.385246,0.504781
38,758,15.0,19.435897435897434,,20.374844233194988,0.10723638534545898,3,,,,,0.683597,,39.385246,0.504781
39,773,15.0,19.325,,20.374844233194988,0.10723638534545898,3,,,,,0.683597,,39.385246,0.504781
40,810,37.0,19.75609756097561,,20.374844233194988,0.10723638534545898,3,,,,,0.683597,,39.385246,0.504781
41,833,23.0,19.833333333333332,,20.374844233194988,0.10723638534545898,3,,,,,0.683597,,39.385246,0.504781
42,847,14.0,19.697674418604652,,20.374844233194988,0.10723638534545898,3,,,,,0.683597,,39.385246,0.504781
43,861,14.0,19.568181818181817,,20.374844233194988,0.10723638534545898,3,,,,,0.683597,,39.385246,0.504781
44,876,15.0,19.466666666666665,,20.374844233194988,0.10723638534545898,3,,,,,0.683597,,39.385246,0.504781
45,895,19.0,19.456521739130434,,20.374844233194988,0.10723638534545898,3,,,,,0.683597,,39.385246,0.504781
46,910,15.0,19.361702127659573,,20.374844233194988,0.10723638534545898,3,,,,,0.683597,,39.385246,0.504781
47,931,21.0,19.395833333333332,,20.374844233194988,0.10723638534545898,3,,,,,0.683597,,39.385246,0.504781
48,944,13.0,19.26530612244898,,20.102195739746094,0.14385151863098145,4,,,,,0.688040,,38.543026,0.507039
49,955,11.0,19.1,,20.102195739746094,0.14385151863098145,4,,,9.2,0.7483314773547882,0.688040,,38.543026,0.507039
50,972,17.0,19.058823529411764,,20.102195739746094,0.14385151863098145,4,,,,,0.688040,,38.543026,0.507039
51,998,26.0,19.192307692307693,,20.102195739746094,0.14385151863098145,4,,,,,0.688040,,38.543026,0.507039
52,1021,23.0,19.264150943396228,,20.102195739746094,0.14385151863098145,4,,,,,0.688040,,38.543026,0.507039
53,1053,32.0,19.5,,20.102195739746094,0.14385151863098145,4,,,,,0.688040,,38.543026,0.507039
54,1082,29.0,19.672727272727272,,20.102195739746094,0.14385151863098145,4,,,,,0.688040,,38.543026,0.507039
55,1096,14.0,19.571428571428573,,20.102195739746094,0.14385151863098145,4,,,,,0.688040,,38.543026,0.507039
56,1116,20.0,19.57894736842105,,20.102195739746094,0.14385151863098145,4,,,,,0.688040,,38.543026,0.507039
57,1128,12.0,19.448275862068964,,20.102195739746094,0.14385151863098145,4,,,,,0.688040,,38.543026,0.507039
58,1146,18.0,19.423728813559322,,20.102195739746094,0.14385151863098145,4,,,,,0.688040,,38.543026,0.507039
59,1160,14.0,19.333333333333332,,20.102195739746094,0.14385151863098145,4,,,,,0.688040,,38.543026,0.507039
60,1178,18.0,19.311475409836067,,20.102195739746094,0.14385151863098145,4,,,,,0.688040,,38.543026,0.507039
61,1217,39.0,19.629032258064516,,20.102195739746094,0.14385151863098145,4,,,,,0.688040,,38.543026,0.507039
62,1239,22.0,19.666666666666668,,20.102195739746094,0.14385151863098145,4,,,,,0.688040,,38.543026,0.507039
63,1263,24.0,19.734375,,20.102195739746094,0.14385151863098145,4,,,,,0.688040,,38.543026,0.507039
64,1312,49.0,20.184615384615384,,19.597790145874022,0.18134832382202148,5,,,,,0.688964,,35.134689,0.441581
65,1327,15.0,20.106060606060606,,19.597790145874022,0.18134832382202148,5,,,,,0.688964,,35.134689,0.441581
66,1346,19.0,20.08955223880597,,19.597790145874022,0.18134832382202148,5,,,,,0.688964,,35.134689,0.441581
67,1359,13.0,19.985294117647058,,19.597790145874022,0.18134832382202148,5,,,,,0.688964,,35.134689,0.441581
68,1372,13.0,19.884057971014492,,19.597790145874022,0.18134832382202148,5,,,,,0.688964,,35.134689,0.441581
69,1385,13.0,19.785714285714285,,19.597790145874022,0.18134832382202148,5,,,,,0.688964,,35.134689,0.441581
70,1401,16.0,19.732394366197184,,19.597790145874022,0.18134832382202148,5,,,,,0.688964,,35.134689,0.441581
71,1412,11.0,19.61111111111111,,19.597790145874022,0.18134832382202148,5,,,,,0.688964,,35.134689,0.441581
72,1439,27.0,19.71232876712329,,19.597790145874022,0.18134832382202148,5,,,,,0.688964,,35.134689,0.441581
73,1449,10.0,19.58108108108108,,19.597790145874022,0.18134832382202148,5,,,,,0.688964,,35.134689,0.441581
74,1465,16.0,19.533333333333335,,19.597790145874022,0.18134832382202148,5,,,,,0.688964,,35.134689,0.441581
75,1502,37.0,19.763157894736842,,19.597790145874022,0.18134832382202148,5,,,,,0.688964,,35.134689,0.441581
76,1511,9.0,19.623376623376622,,19.597790145874022,0.18134832382202148,5,,,,,0.688964,,35.134689,0.441581
77,1531,20.0,19.628205128205128,,19.597790145874022,0.18134832382202148,5,,,,,0.688964,,35.134689,0.441581
78,1567,36.0,19.835443037974684,,19.597790145874022,0.18134832382202148,5,,,,,0.688964,,35.134689,0.441581
79,1598,31.0,19.975,,19.597790145874022,0.18134832382202148,5,,,,,0.688964,,35.134689,0.441581
80,1611,13.0,19.88888888888889,,19.544130007425945,0.22280311584472656,6,,,,,0.690436,,38.530258,0.542814
81,1647,36.0,20.085365853658537,,19.544130007425945,0.22280311584472656,6,,,,,0.690436,,38.530258,0.542814
82,1656,9.0,19.951807228915662,,19.544130007425945,0.22280311584472656,6,,,,,0.690436,,38.530258,0.542814
83,1668,12.0,19.857142857142858,,19.544130007425945,0.22280311584472656,6,,,,,0.690436,,38.530258,0.542814
84,1682,14.0,19.788235294117648,,19.544130007425945,0.22280311584472656,6,,,,,0.690436,,38.530258,0.542814
85,1701,19.0,19.77906976744186,,19.544130007425945,0.22280311584472656,6,,,,,0.690436,,38.530258,0.542814
86,1713,12.0,19.689655172413794,,19.544130007425945,0.22280311584472656,6,,,,,0.690436,,38.530258,0.542814
87,1729,16.0,19.647727272727273,,19.544130007425945,0.22280311584472656,6,,,,,0.690436,,38.530258,0.542814
88,1769,40.0,19.876404494382022,,19.544130007425945,0.22280311584472656,6,,,,,0.690436,,38.530258,0.542814
89,1779,10.0,19.766666666666666,,19.544130007425945,0.22280311584472656,6,,,,,0.690436,,38.530258,0.542814
90,1796,17.0,19.736263736263737,,19.544130007425945,0.22280311584472656,6,,,,,0.690436,,38.530258,0.542814
91,1821,25.0,19.793478260869566,,19.544130007425945,0.22280311584472656,6,,,,,0.690436,,38.530258,0.542814
92,1836,15.0,19.741935483870968,,19.544130007425945,0.22280311584472656,6,,,,,0.690436,,38.530258,0.542814
93,1850,14.0,19.680851063829788,,19.544130007425945,0.22280311584472656,6,,,,,0.690436,,38.530258,0.542814
94,1869,19.0,19.673684210526314,,19.544130007425945,0.22280311584472656,6,,,,,0.690436,,38.530258,0.542814
95,1891,22.0,19.697916666666668,,19.544130007425945,0.22280311584472656,6,,,,,0.690436,,38.530258,0.542814
96,1910,19.0,19.690721649484537,,18.968660354614258,0.2712411880493164,7,,,,,0.691642,,31.018057,0.480124
97,1949,39.0,19.887755102040817,,18.968660354614258,0.27284884452819824,7,,,,,0.691642,,31.018057,0.480124
98,1969,20.0,19.88888888888889,,18.968660354614258,0.27284884452819824,7,,,,,0.691642,,31.018057,0.480124
99,1989,20.0,19.89,,18.968660354614258,0.27284884452819824,7,,,9.2,0.7483314773547882,0.691642,,31.018057,0.480124
100,2007,18.0,19.93,,18.968660354614258,0.27284884452819824,7,,,,,0.691642,,31.018057,0.480124
101,2049,42.0,20.11,,18.968660354614258,0.27284884452819824,7,,,,,0.691642,,31.018057,0.480124
102,2061,12.0,19.97,,18.968660354614258,0.27284884452819824,7,,,,,0.691642,,31.018057,0.480124
103,2096,35.0,20.09,,18.968660354614258,0.27284884452819824,7,,,,,0.691642,,31.018057,0.480124
104,2109,13.0,20.04,,18.968660354614258,0.27284884452819824,7,,,,,0.691642,,31.018057,0.480124
105,2124,15.0,20.06,,18.968660354614258,0.27284884452819824,7,,,,,0.691642,,31.018057,0.480124
106,2136,12.0,19.92,,18.968660354614258,0.27284884452819824,7,,,,,0.691642,,31.018057,0.480124
107,2168,32.0,20.16,,18.968660354614258,0.27284884452819824,7,,,,,0.691642,,31.018057,0.480124
108,2202,34.0,20.4,,18.968660354614258,0.27284884452819824,7,,,,,0.691642,,31.018057,0.480124
109,2263,61.0,20.88,,18.968660354614258,0.27284884452819824,7,,,,,0.691642,,31.018057,0.480124
110,2296,33.0,21.01,,18.968660354614258,0.27284884452819824,7,,,,,0.691642,,31.018057,0.480124
111,2322,26.0,20.99,,18.968660354614258,0.27284884452819824,7,,,,,0.691642,,31.018057,0.480124
112,2362,40.0,21.07,,18.62693452835083,0.3144056797027588,8,,,,,0.692349,,32.457493,0.287184
113,2379,17.0,21.11,,18.62693452835083,0.3144056797027588,8,,,,,0.692349,,32.457493,0.287184
114,2400,21.0,21.01,,18.62693452835083,0.3144056797027588,8,,,,,0.692349,,32.457493,0.287184
115,2433,33.0,21.14,,18.62693452835083,0.3144056797027588,8,,,,,0.692349,,32.457493,0.287184
116,2460,27.0,21.28,,18.62693452835083,0.3144056797027588,8,,,,,0.692349,,32.457493,0.287184
117,2476,16.0,21.29,,18.62693452835083,0.3144056797027588,8,,,,,0.692349,,32.457493,0.287184
118,2504,28.0,21.42,,18.62693452835083,0.3144056797027588,8,,,,,0.692349,,32.457493,0.287184
119,2513,9.0,21.3,,18.62693452835083,0.3144056797027588,8,,,,,0.692349,,32.457493,0.287184
120,2530,17.0,21.27,,18.62693452835083,0.3144056797027588,8,,,,,0.692349,,32.457493,0.287184
121,2581,51.0,21.63,,18.62693452835083,0.3144056797027588,8,,,,,0.692349,,32.457493,0.287184
122,2590,9.0,21.57,,18.62693452835083,0.3144056797027588,8,,,,,0.692349,,32.457493,0.287184
123,2602,12.0,21.57,,18.62693452835083,0.3144056797027588,8,,,,,0.692349,,32.457493,0.287184
124,2620,18.0,21.6,,18.62693452835083,0.3144056797027588,8,,,,,0.692349,,32.457493,0.287184
125,2630,10.0,21.44,,18.62693452835083,0.3144056797027588,8,,,,,0.692349,,32.457493,0.287184
126,2648,18.0,21.42,,18.62693452835083,0.3144056797027588,8,,,,,0.692349,,32.457493,0.287184
127,2662,14.0,21.39,,18.62693452835083,0.3144056797027588,8,,,,,0.692349,,32.457493,0.287184
128,2685,23.0,21.38,,18.37647819519043,0.35557007789611816,9,,,,,0.692418,,32.738861,0.500407
129,2718,33.0,21.35,,18.37647819519043,0.35557007789611816,9,,,,,0.692418,,32.738861,0.500407
130,2738,20.0,21.39,,18.37647819519043,0.35557007789611816,9,,,,,0.692418,,32.738861,0.500407
131,2753,15.0,21.4,,18.37647819519043,0.35557007789611816,9,,,,,0.692418,,32.738861,0.500407
132,2768,15.0,21.2,,18.37647819519043,0.35557007789611816,9,,,,,0.692418,,32.738861,0.500407
133,2799,31.0,21.24,,18.37647819519043,0.35557007789611816,9,,,,,0.692418,,32.738861,0.500407
134,2819,20.0,21.23,,18.37647819519043,0.35557007789611816,9,,,,,0.692418,,32.738861,0.500407
135,2830,11.0,21.22,,18.37647819519043,0.35557007789611816,9,,,,,0.692418,,32.738861,0.500407
136,2850,20.0,21.31,,18.37647819519043,0.35557007789611816,9,,,,,0.692418,,32.738861,0.500407
137,2889,39.0,21.46,,18.37647819519043,0.35557007789611816,9,,,,,0.692418,,32.738861,0.500407
138,2941,52.0,21.83,,18.37647819519043,0.35557007789611816,9,,,,,0.692418,,32.738861,0.500407
139,2967,26.0,21.94,,18.37647819519043,0.35557007789611816,9,,,,,0.692418,,32.738861,0.500407
140,2984,17.0,21.74,,18.37647819519043,0.35557007789611816,9,,,,,0.692418,,32.738861,0.500407
141,3006,22.0,21.73,,18.37647819519043,0.35557007789611816,9,,,,,0.692418,,32.738861,0.500407
142,3026,20.0,21.79,,18.37647819519043,0.35557007789611816,9,,,,,0.692418,,32.738861,0.500407
143,3054,28.0,21.93,,18.37647819519043,0.35557007789611816,9,,,,,0.692418,,32.738861,0.500407
144,3066,12.0,21.9,,18.28741588592529,0.39102625846862793,10,,,,,0.692830,,34.979134,0.572608
145,3099,33.0,22.04,,18.28741588592529,0.39102625846862793,10,,,,,0.692830,,34.979134,0.572608
146,3112,13.0,22.02,,18.28741588592529,0.39102625846862793,10,,,,,0.692830,,34.979134,0.572608
147,3123,11.0,21.92,,18.28741588592529,0.39102625846862793,10,,,,,0.692830,,34.979134,0.572608
148,3141,18.0,21.97,,18.28741588592529,0.39102625846862793,10,,,,,0.692830,,34.979134,0.572608
149,3165,24.0,22.1,,18.28741588592529,0.39102625846862793,10,,,9.2,0.7483314773547882,0.692830,,34.979134,0.572608
150,3183,18.0,22.11,,18.28741588592529,0.39102625846862793,10,,,,,0.692830,,34.979134,0.572608
151,3207,24.0,22.09,,18.28741588592529,0.39102625846862793,10,,,,,0.692830,,34.979134,0.572608
152,3239,32.0,22.18,,18.28741588592529,0.39102625846862793,10,,,,,0.692830,,34.979134,0.572608
153,3256,17.0,22.03,,18.28741588592529,0.39102625846862793,10,,,,,0.692830,,34.979134,0.572608
154,3283,27.0,22.01,,18.28741588592529,0.39202404022216797,10,,,,,0.692830,,34.979134,0.572608
155,3294,11.0,21.98,,18.28741588592529,0.39202404022216797,10,,,,,0.692830,,34.979134,0.572608
156,3309,15.0,21.93,,18.28741588592529,0.39202404022216797,10,,,,,0.692830,,34.979134,0.572608
157,3322,13.0,21.94,,18.28741588592529,0.39202404022216797,10,,,,,0.692830,,34.979134,0.572608
158,3343,21.0,21.97,,18.28741588592529,0.39202404022216797,10,,,,,0.692830,,34.979134,0.572608
159,3374,31.0,22.14,,18.28741588592529,0.39202404022216797,10,,,,,0.692830,,34.979134,0.572608
160,3406,32.0,22.28,,17.90839845483953,0.4389638900756836,11,,,,,0.692348,,28.241419,0.349812
161,3422,16.0,22.05,,17.90839845483953,0.4389638900756836,11,,,,,0.692348,,28.241419,0.349812
162,3438,16.0,21.99,,17.90839845483953,0.4389638900756836,11,,,,,0.692348,,28.241419,0.349812
163,3459,21.0,21.96,,17.90839845483953,0.4389638900756836,11,,,,,0.692348,,28.241419,0.349812
164,3480,21.0,21.68,,17.90839845483953,0.4389638900756836,11,,,,,0.692348,,28.241419,0.349812
165,3505,25.0,21.78,,17.90839845483953,0.4389638900756836,11,,,,,0.692348,,28.241419,0.349812
166,3524,19.0,21.78,,17.90839845483953,0.4389638900756836,11,,,,,0.692348,,28.241419,0.349812
167,3571,47.0,22.12,,17.90839845483953,0.4389638900756836,11,,,,,0.692348,,28.241419,0.349812
168,3590,19.0,22.18,,17.90839845483953,0.4389638900756836,11,,,,,0.692348,,28.241419,0.349812
169,3626,36.0,22.41,,17.90839845483953,0.4389638900756836,11,,,,,0.692348,,28.241419,0.349812
170,3675,49.0,22.74,,17.90839845483953,0.4389638900756836,11,,,,,0.692348,,28.241419,0.349812
171,3691,16.0,22.79,,17.90839845483953,0.4389638900756836,11,,,,,0.692348,,28.241419,0.349812
172,3707,16.0,22.68,,17.90839845483953,0.4389638900756836,11,,,,,0.692348,,28.241419,0.349812
173,3724,17.0,22.75,,17.90839845483953,0.4389638900756836,11,,,,,0.692348,,28.241419,0.349812
174,3792,68.0,23.27,,17.90839845483953,0.4389638900756836,11,,,,,0.692348,,28.241419,0.349812
175,3807,15.0,23.05,,17.90839845483953,0.4389638900756836,11,,,,,0.692348,,28.241419,0.349812
176,3821,14.0,23.1,,17.767359336217243,0.47828054428100586,12,,,,,0.692294,,32.445892,0.522855
177,3844,23.0,23.13,,17.767359336217243,0.47828054428100586,12,,,,,0.692294,,32.445892,0.522855
178,3869,25.0,23.02,,17.767359336217243,0.47828054428100586,12,,,,,0.692294,,32.445892,0.522855
179,3886,17.0,22.88,,17.767359336217243,0.47828054428100586,12,,,,,0.692294,,32.445892,0.522855
180,3904,18.0,22.93,,17.767359336217243,0.47828054428100586,12,,,,,0.692294,,32.445892,0.522855
181,3933,29.0,22.86,,17.767359336217243,0.47828054428100586,12,,,,,0.692294,,32.445892,0.522855
182,3969,36.0,23.13,,17.767359336217243,0.47828054428100586,12,,,,,0.692294,,32.445892,0.522855
183,3980,11.0,23.12,,17.767359336217243,0.47828054428100586,12,,,,,0.692294,,32.445892,0.522855
184,4015,35.0,23.33,,17.767359336217243,0.47828054428100586,12,,,,,0.692294,,32.445892,0.522855
185,4045,30.0,23.44,,17.767359336217243,0.47828054428100586,12,,,,,0.692294,,32.445892,0.522855
186,4075,30.0,23.62,,17.767359336217243,0.47828054428100586,12,,,,,0.692294,,32.445892,0.522855
187,4094,19.0,23.65,,17.767359336217243,0.47828054428100586,12,,,,,0.692294,,32.445892,0.522855
188,4105,11.0,23.36,,17.767359336217243,0.47828054428100586,12,,,,,0.692294,,32.445892,0.522855
189,4126,21.0,23.47,,17.767359336217243,0.47828054428100586,12,,,,,0.692294,,32.445892,0.522855
190,4140,14.0,23.44,,17.767359336217243,0.47828054428100586,12,,,,,0.692294,,32.445892,0.522855
191,4161,21.0,23.4,,17.767359336217243,0.4793877601623535,12,,,,,0.692294,,32.445892,0.522855
192,4172,11.0,23.36,,17.398705629202034,0.5311965942382812,13,,,,,0.691777,,25.968464,0.244048
193,4186,14.0,23.36,,17.398705629202034,0.5311965942382812,13,,,,,0.691777,,25.968464,0.244048
194,4202,16.0,23.33,,17.398705629202034,0.5311965942382812,13,,,,,0.691777,,25.968464,0.244048
195,4226,24.0,23.35,,17.398705629202034,0.5311965942382812,13,,,,,0.691777,,25.968464,0.244048
196,4244,18.0,23.34,,17.398705629202034,0.5311965942382812,13,,,,,0.691777,,25.968464,0.244048
197,4288,44.0,23.39,,17.398705629202034,0.5311965942382812,13,,,,,0.691777,,25.968464,0.244048
198,4354,66.0,23.85,,17.398705629202034,0.5311965942382812,13,,,,,0.691777,,25.968464,0.244048
199,4372,18.0,23.83,,17.398705629202034,0.5311965942382812,13,,,288.4,9.604165762834375,0.691777,,25.968464,0.244048
200,4398,26.0,23.91,,17.398705629202034,0.5311965942382812,13,,,,,0.691777,,25.968464,0.244048
201,4414,16.0,23.65,,17.398705629202034,0.5311965942382812,13,,,,,0.691777,,25.968464,0.244048
202,4487,73.0,24.26,,17.398705629202034,0.5311965942382812,13,,,,,0.691777,,25.968464,0.244048
203,4498,11.0,24.02,,17.398705629202034,0.5311965942382812,13,,,,,0.691777,,25.968464,0.244048
204,4509,11.0,24.0,,17.398705629202034,0.5311965942382812,13,,,,,0.691777,,25.968464,0.244048
205,4529,20.0,24.05,,17.398705629202034,0.5311965942382812,13,,,,,0.691777,,25.968464,0.244048
206,4541,12.0,24.05,,17.398705629202034,0.5311965942382812,13,,,,,0.691777,,25.968464,0.244048
207,4557,16.0,23.89,,17.398705629202034,0.5311965942382812,13,,,,,0.691777,,25.968464,0.244048
208,4592,35.0,23.9,,17.174725600651332,0.5769116878509521,14,,,,,0.691376,,28.551888,0.253261
209,4605,13.0,23.42,,17.174725600651332,0.5769116878509521,14,,,,,0.691376,,28.551888,0.253261
210,4637,32.0,23.41,,17.174725600651332,0.5769116878509521,14,,,,,0.691376,,28.551888,0.253261
211,4664,27.0,23.42,,17.174725600651332,0.5769116878509521,14,,,,,0.691376,,28.551888,0.253261
212,4696,32.0,23.34,,17.174725600651332,0.5769116878509521,14,,,,,0.691376,,28.551888,0.253261
213,4772,76.0,23.93,,17.174725600651332,0.5769116878509521,14,,,,,0.691376,,28.551888,0.253261
214,4793,21.0,23.93,,17.174725600651332,0.5769116878509521,14,,,,,0.691376,,28.551888,0.253261
215,4804,11.0,23.71,,17.174725600651332,0.5769116878509521,14,,,,,0.691376,,28.551888,0.253261
216,4822,18.0,23.62,,17.174725600651332,0.5769116878509521,14,,,,,0.691376,,28.551888,0.253261
217,4836,14.0,23.6,,17.174725600651332,0.5769116878509521,14,,,,,0.691376,,28.551888,0.253261
218,4855,19.0,23.51,,17.174725600651332,0.5769116878509521,14,,,,,0.691376,,28.551888,0.253261
219,4867,12.0,23.54,,17.174725600651332,0.5769116878509521,14,,,,,0.691376,,28.551888,0.253261
220,4885,18.0,23.55,,17.174725600651332,0.5769116878509521,14,,,,,0.691376,,28.551888,0.253261
221,4896,11.0,23.15,,17.174725600651332,0.5769116878509521,14,,,,,0.691376,,28.551888,0.253261
222,4912,16.0,23.22,,17.174725600651332,0.5769116878509521,14,,,,,0.691376,,28.551888,0.253261
223,4927,15.0,23.25,,17.174725600651332,0.5769116878509521,14,,,,,0.691376,,28.551888,0.253261
224,4944,17.0,23.24,,16.93204148610433,0.6226551532745361,15,,,,,0.690503,,27.099657,0.300004
225,4999,55.0,23.69,,16.93204148610433,0.6226551532745361,15,,,,,0.690503,,27.099657,0.300004
226,5017,18.0,23.69,,16.93204148610433,0.6226551532745361,15,,,,,0.690503,,27.099657,0.300004
227,5039,22.0,23.77,,16.93204148610433,0.6226551532745361,15,,,,,0.690503,,27.099657,0.300004
228,5069,30.0,23.84,,16.93204148610433,0.6226551532745361,15,,,,,0.690503,,27.099657,0.300004
229,5084,15.0,23.66,,16.93204148610433,0.6226551532745361,15,,,,,0.690503,,27.099657,0.300004
230,5103,19.0,23.65,,16.93204148610433,0.6226551532745361,15,,,,,0.690503,,27.099657,0.300004
231,5127,24.0,23.74,,16.93204148610433,0.6226551532745361,15,,,,,0.690503,,27.099657,0.300004
232,5146,19.0,23.78,,16.93204148610433,0.6226551532745361,15,,,,,0.690503,,27.099657,0.300004
233,5163,17.0,23.64,,16.93204148610433,0.6226551532745361,15,,,,,0.690503,,27.099657,0.300004
234,5186,23.0,23.67,,16.93204148610433,0.6226551532745361,15,,,,,0.690503,,27.099657,0.300004
235,5195,9.0,23.65,,16.93204148610433,0.6226551532745361,15,,,,,0.690503,,27.099657,0.300004
236,5245,50.0,23.95,,16.93204148610433,0.6226551532745361,15,,,,,0.690503,,27.099657,0.300004
237,5299,54.0,24.1,,16.93204148610433,0.6226551532745361,15,,,,,0.690503,,27.099657,0.300004
238,5334,35.0,23.93,,16.93204148610433,0.6226551532745361,15,,,,,0.690503,,27.099657,0.300004
239,5351,17.0,23.84,,16.93204148610433,0.6226551532745361,15,,,,,0.690503,,27.099657,0.300004
240,5380,29.0,23.96,,16.623702347278595,0.6825642585754395,16,,,,,0.689495,,24.040699,-0.058899
241,5394,14.0,23.88,,16.623702347278595,0.6825642585754395,16,,,,,0.689495,,24.040699,-0.058899
242,5413,19.0,23.87,,16.623702347278595,0.6825642585754395,16,,,,,0.689495,,24.040699,-0.058899
243,5427,14.0,23.73,,16.623702347278595,0.6825642585754395,16,,,,,0.689495,,24.040699,-0.058899
244,5445,18.0,23.79,,16.623702347278595,0.6825642585754395,16,,,,,0.689495,,24.040699,-0.058899
245,5467,22.0,23.68,,16.623702347278595,0.6825642585754395,16,,,,,0.689495,,24.040699,-0.058899
246,5496,29.0,23.84,,16.623702347278595,0.6825642585754395,16,,,,,0.689495,,24.040699,-0.058899
247,5508,12.0,23.85,,16.623702347278595,0.6825642585754395,16,,,,,0.689495,,24.040699,-0.058899
248,5534,26.0,23.93,,16.623702347278595,0.6825642585754395,16,,,,,0.689495,,24.040699,-0.058899
249,5554,20.0,23.89,,16.623702347278595,0.6825642585754395,16,,,285.8,12.416118556135006,0.689495,,24.040699,-0.058899
250,5685,131.0,25.02,,16.623702347278595,0.6825642585754395,16,,,,,0.689495,,24.040699,-0.058899
251,5694,9.0,24.87,,16.623702347278595,0.6825642585754395,16,,,,,0.689495,,24.040699,-0.058899
252,5712,18.0,24.73,,16.623702347278595,0.6825642585754395,16,,,,,0.689495,,24.040699,-0.058899
253,5736,24.0,24.8,,16.623702347278595,0.6825642585754395,16,,,,,0.689495,,24.040699,-0.058899
254,5768,32.0,24.85,,16.623702347278595,0.6825642585754395,16,,,,,0.689495,,24.040699,-0.058899
255,5780,12.0,24.86,,16.623702347278595,0.6825642585754395,16,,,,,0.689495,,24.040699,-0.058899
256,5812,32.0,25.03,,16.303008416119745,0.7379908561706543,17,,,,,0.687849,,22.381775,0.272115
257,5827,15.0,25.05,,16.303008416119745,0.7379908561706543,17,,,,,0.687849,,22.381775,0.272115
258,5838,11.0,24.95,,16.303008416119745,0.7379908561706543,17,,,,,0.687849,,22.381775,0.272115
259,5863,25.0,24.89,,16.303008416119745,0.7379908561706543,17,,,,,0.687849,,22.381775,0.272115
260,5901,38.0,24.95,,16.303008416119745,0.7379908561706543,17,,,,,0.687849,,22.381775,0.272115
261,5927,26.0,25.05,,16.303008416119745,0.7379908561706543,17,,,,,0.687849,,22.381775,0.272115
262,5972,45.0,25.34,,16.303008416119745,0.7379908561706543,17,,,,,0.687849,,22.381775,0.272115
263,5991,19.0,25.32,,16.303008416119745,0.7379908561706543,17,,,,,0.687849,,22.381775,0.272115
264,6030,39.0,25.5,,16.303008416119745,0.7379908561706543,17,,,,,0.687849,,22.381775,0.272115
265,6073,43.0,25.68,,16.303008416119745,0.7379908561706543,17,,,,,0.687849,,22.381775,0.272115
266,6109,36.0,25.85,,16.303008416119745,0.7379908561706543,17,,,,,0.687849,,22.381775,0.272115
267,6136,27.0,25.65,,16.303008416119745,0.7379908561706543,17,,,,,0.687849,,22.381775,0.272115
268,6203,67.0,26.13,,16.303008416119745,0.7379908561706543,17,,,,,0.687849,,22.381775,0.272115
269,6249,46.0,26.23,,16.303008416119745,0.7379908561706543,17,,,,,0.687849,,22.381775,0.272115
270,6291,42.0,26.16,,16.303008416119745,0.7379908561706543,17,,,,,0.687849,,22.381775,0.272115
271,6319,28.0,26.28,,16.303008416119745,0.7379908561706543,17,,,,,0.687849,,22.381775,0.272115
272,6330,11.0,26.23,,16.07852602005005,0.7821042537689209,18,,,,,0.686362,,24.557640,0.255788
273,6340,10.0,26.16,,16.07852602005005,0.7821042537689209,18,,,,,0.686362,,24.557640,0.255788
274,6386,46.0,25.94,,16.07852602005005,0.7821042537689209,18,,,,,0.686362,,24.557640,0.255788
275,6408,22.0,26.01,,16.07852602005005,0.7821042537689209,18,,,,,0.686362,,24.557640,0.255788
276,6424,16.0,26.03,,16.07852602005005,0.7821042537689209,18,,,,,0.686362,,24.557640,0.255788
277,6438,14.0,25.94,,16.07852602005005,0.7821042537689209,18,,,,,0.686362,,24.557640,0.255788
278,6489,51.0,26.2,,16.07852602005005,0.7831056118011475,18,,,,,0.686362,,24.557640,0.255788
279,6525,36.0,26.39,,16.07852602005005,0.7831056118011475,18,,,,,0.686362,,24.557640,0.255788
280,6547,22.0,26.43,,16.07852602005005,0.7831056118011475,18,,,,,0.686362,,24.557640,0.255788
281,6561,14.0,26.28,,16.07852602005005,0.7831056118011475,18,,,,,0.686362,,24.557640,0.255788
282,6609,48.0,26.4,,16.07852602005005,0.7831056118011475,18,,,,,0.686362,,24.557640,0.255788
283,6632,23.0,26.52,,16.07852602005005,0.7831056118011475,18,,,,,0.686362,,24.557640,0.255788
284,6646,14.0,26.31,,16.07852602005005,0.7831056118011475,18,,,,,0.686362,,24.557640,0.255788
285,6668,22.0,26.23,,16.07852602005005,0.7831056118011475,18,,,,,0.686362,,24.557640,0.255788
286,6684,16.0,26.09,,16.07852602005005,0.7831056118011475,18,,,,,0.686362,,24.557640,0.255788
287,6696,12.0,26.02,,16.07852602005005,0.7831056118011475,18,,,,,0.686362,,24.557640,0.255788
288,6729,33.0,26.24,,15.83950118014687,0.8330860137939453,19,,,,,0.684534,,23.135754,0.416866
289,6741,12.0,26.15,,15.83950118014687,0.8330860137939453,19,,,,,0.684534,,23.135754,0.416866
290,6762,21.0,26.22,,15.83950118014687,0.8330860137939453,19,,,,,0.684534,,23.135754,0.416866
291,6773,11.0,26.12,,15.83950118014687,0.8330860137939453,19,,,,,0.684534,,23.135754,0.416866
292,6821,48.0,26.49,,15.83950118014687,0.8330860137939453,19,,,,,0.684534,,23.135754,0.416866
293,6849,28.0,26.63,,15.83950118014687,0.8330860137939453,19,,,,,0.684534,,23.135754,0.416866
294,6901,52.0,26.99,,15.83950118014687,0.8330860137939453,19,,,,,0.684534,,23.135754,0.416866
295,6926,25.0,27.0,,15.83950118014687,0.8330860137939453,19,,,,,0.684534,,23.135754,0.416866
296,6944,18.0,27.0,,15.83950118014687,0.8330860137939453,19,,,,,0.684534,,23.135754,0.416866
297,6958,14.0,26.7,,15.83950118014687,0.8330860137939453,19,,,,,0.684534,,23.135754,0.416866
298,6972,14.0,26.18,,15.83950118014687,0.8330860137939453,19,,,,,0.684534,,23.135754,0.416866
299,7012,40.0,26.4,,15.83950118014687,0.8330860137939453,19,,,243.2,10.127191120937729,0.684534,,23.135754,0.416866
300,7045,33.0,26.47,,15.83950118014687,0.8330860137939453,19,,,,,0.684534,,23.135754,0.416866
301,7076,31.0,26.62,,15.83950118014687,0.8330860137939453,19,,,,,0.684534,,23.135754,0.416866
302,7109,33.0,26.22,,15.83950118014687,0.8330860137939453,19,,,,,0.684534,,23.135754,0.416866
303,7134,25.0,26.36,,15.83950118014687,0.8330860137939453,19,,,,,0.684534,,23.135754,0.416866
304,7147,13.0,26.38,,15.494740295410157,0.8961770534515381,20,,,,,0.683927,,17.944401,0.258336
305,7200,53.0,26.71,,15.494740295410157,0.8961770534515381,20,,,,,0.683927,,17.944401,0.258336
306,7213,13.0,26.72,,15.494740295410157,0.8961770534515381,20,,,,,0.683927,,17.944401,0.258336
307,7235,22.0,26.78,,15.494740295410157,0.8961770534515381,20,,,,,0.683927,,17.944401,0.258336
308,7247,12.0,26.55,,15.494740295410157,0.8961770534515381,20,,,,,0.683927,,17.944401,0.258336
309,7320,73.0,27.15,,15.494740295410157,0.8961770534515381,20,,,,,0.683927,,17.944401,0.258336
310,7380,60.0,27.43,,15.494740295410157,0.8961770534515381,20,,,,,0.683927,,17.944401,0.258336
311,7400,20.0,27.36,,15.494740295410157,0.8961770534515381,20,,,,,0.683927,,17.944401,0.258336
312,7434,34.0,27.38,,15.494740295410157,0.8961770534515381,20,,,,,0.683927,,17.944401,0.258336
313,7512,78.0,27.4,,15.494740295410157,0.8961770534515381,20,,,,,0.683927,,17.944401,0.258336
314,7530,18.0,27.37,,15.494740295410157,0.8961770534515381,20,,,,,0.683927,,17.944401,0.258336
315,7561,31.0,27.57,,15.494740295410157,0.8961770534515381,20,,,,,0.683927,,17.944401,0.258336
316,7613,52.0,27.91,,15.494740295410157,0.8961770534515381,20,,,,,0.683927,,17.944401,0.258336
317,7639,26.0,28.03,,15.494740295410157,0.8961770534515381,20,,,,,0.683927,,17.944401,0.258336
318,7698,59.0,28.43,,15.494740295410157,0.8961770534515381,20,,,,,0.683927,,17.944401,0.258336
319,7765,67.0,28.98,,15.494740295410157,0.8961770534515381,20,,,,,0.683927,,17.944401,0.258336
320,7774,9.0,28.89,,15.136998789651054,0.977379322052002,21,,,,,0.681415,,16.019964,-0.002660
321,7808,34.0,29.12,,15.136998789651054,0.977379322052002,21,,,,,0.681415,,16.019964,-0.002660
322,7831,23.0,29.19,,15.136998789651054,0.977379322052002,21,,,,,0.681415,,16.019964,-0.002660
323,7858,27.0,29.31,,15.136998789651054,0.977379322052002,21,,,,,0.681415,,16.019964,-0.002660
324,7929,71.0,29.85,,15.136998789651054,0.977379322052002,21,,,,,0.681415,,16.019964,-0.002660
325,8019,90.0,30.2,,15.136998789651054,0.977379322052002,21,,,,,0.681415,,16.019964,-0.002660
326,8056,37.0,30.39,,15.136998789651054,0.977379322052002,21,,,,,0.681415,,16.019964,-0.002660
327,8149,93.0,31.1,,15.136998789651054,0.977379322052002,21,,,,,0.681415,,16.019964,-0.002660
328,8184,35.0,31.15,,15.136998789651054,0.977379322052002,21,,,,,0.681415,,16.019964,-0.002660
329,8211,27.0,31.27,,15.136998789651054,0.977379322052002,21,,,,,0.681415,,16.019964,-0.002660
330,8222,11.0,31.19,,15.136998789651054,0.977379322052002,21,,,,,0.681415,,16.019964,-0.002660
331,8257,35.0,31.3,,15.136998789651054,0.977379322052002,21,,,,,0.681415,,16.019964,-0.002660
332,8317,60.0,31.71,,15.136998789651054,0.977379322052002,21,,,,,0.681415,,16.019964,-0.002660
333,8431,114.0,32.68,,15.136998789651054,0.977379322052002,21,,,,,0.681415,,16.019964,-0.002660
334,8489,58.0,33.03,,15.136998789651054,0.977379322052002,21,,,,,0.681415,,16.019964,-0.002660
335,8558,69.0,33.63,,15.136998789651054,0.977379322052002,21,,,,,0.681415,,16.019964,-0.002660
336,8581,23.0,33.36,,14.92610950903459,1.017362356185913,22,,,,,0.676166,,21.061926,0.190004
337,8615,34.0,33.16,,14.92610950903459,1.017362356185913,22,,,,,0.676166,,21.061926,0.190004
338,8667,52.0,33.33,,14.92610950903459,1.017362356185913,22,,,,,0.676166,,21.061926,0.190004
339,8677,10.0,33.26,,14.92610950903459,1.017362356185913,22,,,,,0.676166,,21.061926,0.190004
340,8723,46.0,33.43,,14.92610950903459,1.017362356185913,22,,,,,0.676166,,21.061926,0.190004
341,8772,49.0,33.78,,14.92610950903459,1.017362356185913,22,,,,,0.676166,,21.061926,0.190004
342,8821,49.0,34.08,,14.92610950903459,1.017362356185913,22,,,,,0.676166,,21.061926,0.190004
343,8841,20.0,34.14,,14.92610950903459,1.017362356185913,22,,,,,0.676166,,21.061926,0.190004
344,8866,25.0,34.21,,14.92610950903459,1.017362356185913,22,,,,,0.676166,,21.061926,0.190004
345,8877,11.0,34.1,,14.92610950903459,1.017362356185913,22,,,,,0.676166,,21.061926,0.190004
346,8911,34.0,34.15,,14.92610950903459,1.017362356185913,22,,,,,0.676166,,21.061926,0.190004
347,8932,21.0,34.24,,14.92610950903459,1.017362356185913,22,,,,,0.676166,,21.061926,0.190004
348,8946,14.0,34.12,,14.92610950903459,1.017362356185913,22,,,,,0.676166,,21.061926,0.190004
349,8969,23.0,34.15,,14.92610950903459,1.017362356185913,22,,,203.6,10.537551897855593,0.676166,,21.061926,0.190004
350,8990,21.0,33.05,,14.92610950903459,1.017362356185913,22,,,,,0.676166,,21.061926,0.190004
351,9010,20.0,33.16,,14.92610950903459,1.017362356185913,22,,,,,0.676166,,21.061926,0.190004
352,9080,70.0,33.68,,14.65185897246651,1.0870659351348877,23,,,,,0.676340,,17.278040,-0.030724
353,9133,53.0,33.97,,14.65185897246651,1.0870659351348877,23,,,,,0.676340,,17.278040,-0.030724
354,9144,11.0,33.76,,14.65185897246651,1.0870659351348877,23,,,,,0.676340,,17.278040,-0.030724
355,9199,55.0,34.19,,14.65185897246651,1.0870659351348877,23,,,,,0.676340,,17.278040,-0.030724
356,9218,19.0,34.06,,14.65185897246651,1.0870659351348877,23,,,,,0.676340,,17.278040,-0.030724
357,9229,11.0,34.02,,14.65185897246651,1.0870659351348877,23,,,,,0.676340,,17.278040,-0.030724
358,9245,16.0,34.07,,14.65185897246651,1.0870659351348877,23,,,,,0.676340,,17.278040,-0.030724
359,9293,48.0,34.3,,14.65185897246651,1.0870659351348877,23,,,,,0.676340,,17.278040,-0.030724
360,9343,50.0,34.42,,14.65185897246651,1.0870659351348877,23,,,,,0.676340,,17.278040,-0.030724
361,9355,12.0,34.28,,14.65185897246651,1.0870659351348877,23,,,,,0.676340,,17.278040,-0.030724
362,9368,13.0,33.96,,14.65185897246651,1.0870659351348877,23,,,,,0.676340,,17.278040,-0.030724
363,9379,11.0,33.88,,14.65185897246651,1.0870659351348877,23,,,,,0.676340,,17.278040,-0.030724
364,9452,73.0,34.22,,14.65185897246651,1.0870659351348877,23,,,,,0.676340,,17.278040,-0.030724
365,9464,12.0,33.91,,14.65185897246651,1.0870659351348877,23,,,,,0.676340,,17.278040,-0.030724
366,9475,11.0,33.66,,14.65185897246651,1.0870659351348877,23,,,,,0.676340,,17.278040,-0.030724
367,9597,122.0,34.61,,14.65185897246651,1.0870659351348877,23,,,,,0.676340,,17.278040,-0.030724
368,9612,15.0,34.09,,14.424491027990976,1.1504809856414795,24,,,,,0.669517,,18.487602,0.102251
369,9637,25.0,33.88,,14.424491027990976,1.1504809856414795,24,,,,,0.669517,,18.487602,0.102251
370,9671,34.0,33.8,,14.424491027990976,1.1504809856414795,24,,,,,0.669517,,18.487602,0.102251
371,9715,44.0,33.96,,14.424491027990976,1.1504809856414795,24,,,,,0.669517,,18.487602,0.102251
372,9749,34.0,34.19,,14.424491027990976,1.1504809856414795,24,,,,,0.669517,,18.487602,0.102251
373,9779,30.0,34.39,,14.424491027990976,1.1504809856414795,24,,,,,0.669517,,18.487602,0.102251
374,9796,17.0,34.1,,14.424491027990976,1.1504809856414795,24,,,,,0.669517,,18.487602,0.102251
375,9883,87.0,34.75,,14.424491027990976,1.1504809856414795,24,,,,,0.669517,,18.487602,0.102251
376,9902,19.0,34.78,,14.424491027990976,1.1504809856414795,24,,,,,0.669517,,18.487602,0.102251
377,9915,13.0,34.77,,14.424491027990976,1.1504809856414795,24,,,,,0.669517,,18.487602,0.102251
378,9929,14.0,34.4,,14.424491027990976,1.1504809856414795,24,,,,,0.669517,,18.487602,0.102251
379,9958,29.0,34.33,,14.424491027990976,1.1504809856414795,24,,,,,0.669517,,18.487602,0.102251
380,9978,20.0,34.31,,14.424491027990976,1.1504809856414795,24,,,,,0.669517,,18.487602,0.102251
381,10068,90.0,35.07,,14.424491027990976,1.1504809856414795,24,,,,,0.669517,,18.487602,0.102251
382,10093,25.0,34.84,,14.424491027990976,1.1504809856414795,24,,,,,0.669517,,18.487602,0.102251
383,10105,12.0,34.73,,14.424491027990976,1.1504809856414795,24,,,,,0.669517,,18.487602,0.102251
384,10154,49.0,35.08,,14.14715950012207,1.2368059158325195,25,,,,,0.672248,,15.078703,0.108769
385,10218,64.0,35.5,,14.14715950012207,1.2368059158325195,25,,,,,0.672248,,15.078703,0.108769
386,10255,37.0,35.71,,14.14715950012207,1.2368059158325195,25,,,,,0.672248,,15.078703,0.108769
387,10335,80.0,36.39,,14.14715950012207,1.2368059158325195,25,,,,,0.672248,,15.078703,0.108769
388,10442,107.0,37.13,,14.14715950012207,1.2368059158325195,25,,,,,0.672248,,15.078703,0.108769
389,10486,44.0,37.45,,14.14715950012207,1.2368059158325195,25,,,,,0.672248,,15.078703,0.108769
390,10506,20.0,37.44,,14.14715950012207,1.2368059158325195,25,,,,,0.672248,,15.078703,0.108769
391,10546,40.0,37.73,,14.14715950012207,1.2368059158325195,25,,,,,0.672248,,15.078703,0.108769
392,10595,49.0,37.74,,14.14715950012207,1.2368059158325195,25,,,,,0.672248,,15.078703,0.108769
393,10625,30.0,37.76,,14.14715950012207,1.2368059158325195,25,,,,,0.672248,,15.078703,0.108769
394,10662,37.0,37.61,,14.14715950012207,1.2368059158325195,25,,,,,0.672248,,15.078703,0.108769
395,10788,126.0,38.62,,14.14715950012207,1.2368059158325195,25,,,,,0.672248,,15.078703,0.108769
396,10822,34.0,38.78,,14.14715950012207,1.2368059158325195,25,,,,,0.672248,,15.078703,0.108769
397,10847,25.0,38.89,,14.14715950012207,1.2368059158325195,25,,,,,0.672248,,15.078703,0.108769
398,10924,77.0,39.52,,14.14715950012207,1.2368059158325195,25,,,,,0.672248,,15.078703,0.108769
399,10953,29.0,39.41,,14.14715950012207,1.2368059158325195,25,,,214.8,12.221292893961751,0.672248,,15.078703,0.108769
400,10982,29.0,39.37,,13.895051717758179,1.3033556938171387,26,,,,,0.668051,,15.264118,0.158282
401,11007,25.0,39.31,,13.895051717758179,1.3033556938171387,26,,,,,0.668051,,15.264118,0.158282
402,11115,108.0,40.06,,13.895051717758179,1.3033556938171387,26,,,,,0.668051,,15.264118,0.158282
403,11177,62.0,40.43,,13.895051717758179,1.3033556938171387,26,,,,,0.668051,,15.264118,0.158282
404,11228,51.0,40.81,,13.895051717758179,1.3033556938171387,26,,,,,0.668051,,15.264118,0.158282
405,11305,77.0,41.05,,13.895051717758179,1.3033556938171387,26,,,,,0.668051,,15.264118,0.158282
406,11348,43.0,41.35,,13.895051717758179,1.3033556938171387,26,,,,,0.668051,,15.264118,0.158282
407,11385,37.0,41.5,,13.895051717758179,1.3033556938171387,26,,,,,0.668051,,15.264118,0.158282
408,11439,54.0,41.92,,13.895051717758179,1.3033556938171387,26,,,,,0.668051,,15.264118,0.158282
409,11461,22.0,41.41,,13.895051717758179,1.3033556938171387,26,,,,,0.668051,,15.264118,0.158282
410,11480,19.0,41.0,,13.895051717758179,1.3043575286865234,26,,,,,0.668051,,15.264118,0.158282
411,11518,38.0,41.18,,13.895051717758179,1.3043575286865234,26,,,,,0.668051,,15.264118,0.158282
412,11535,17.0,41.01,,13.895051717758179,1.3043575286865234,26,,,,,0.668051,,15.264118,0.158282
413,11566,31.0,40.54,,13.895051717758179,1.3043575286865234,26,,,,,0.668051,,15.264118,0.158282
414,11578,12.0,40.48,,13.895051717758179,1.3043575286865234,26,,,,,0.668051,,15.264118,0.158282
415,11620,42.0,40.59,,13.895051717758179,1.3043575286865234,26,,,,,0.668051,,15.264118,0.158282
416,11759,139.0,41.46,,13.62979166596024,1.3850958347320557,27,,,,,0.663293,,13.554156,-0.058691
417,11798,39.0,41.59,,13.62979166596024,1.3850958347320557,27,,,,,0.663293,,13.554156,-0.058691
418,11923,125.0,42.25,,13.62979166596024,1.3850958347320557,27,,,,,0.663293,,13.554156,-0.058691
419,12054,131.0,42.89,,13.62979166596024,1.3850958347320557,27,,,,,0.663293,,13.554156,-0.058691
420,12181,127.0,44.07,,13.62979166596024,1.3850958347320557,27,,,,,0.663293,,13.554156,-0.058691
421,12210,29.0,44.02,,13.62979166596024,1.3850958347320557,27,,,,,0.663293,,13.554156,-0.058691
422,12261,51.0,44.3,,13.62979166596024,1.3850958347320557,27,,,,,0.663293,,13.554156,-0.058691
423,12281,20.0,44.23,,13.62979166596024,1.3850958347320557,27,,,,,0.663293,,13.554156,-0.058691
424,12312,31.0,43.83,,13.62979166596024,1.3850958347320557,27,,,,,0.663293,,13.554156,-0.058691
425,12367,55.0,43.48,,13.62979166596024,1.3850958347320557,27,,,,,0.663293,,13.554156,-0.058691
426,12395,28.0,43.39,,13.62979166596024,1.3850958347320557,27,,,,,0.663293,,13.554156,-0.058691
427,12457,62.0,43.08,,13.62979166596024,1.3850958347320557,27,,,,,0.663293,,13.554156,-0.058691
428,12497,40.0,43.13,,13.62979166596024,1.3850958347320557,27,,,,,0.663293,,13.554156,-0.058691
429,12548,51.0,43.37,,13.62979166596024,1.3850958347320557,27,,,,,0.663293,,13.554156,-0.058691
430,12603,55.0,43.81,,13.62979166596024,1.3850958347320557,27,,,,,0.663293,,13.554156,-0.058691
431,12628,25.0,43.71,,13.62979166596024,1.3850958347320557,27,,,,,0.663293,,13.554156,-0.058691
432,12689,61.0,43.72,,13.379318748201642,1.4661598205566406,28,,,,,0.658321,,13.325517,-0.112897
433,12757,68.0,43.26,,13.379318748201642,1.4661598205566406,28,,,,,0.658321,,13.325517,-0.112897
434,12862,105.0,43.73,,13.379318748201642,1.4661598205566406,28,,,,,0.658321,,13.325517,-0.112897
435,12945,83.0,43.87,,13.379318748201642,1.4661598205566406,28,,,,,0.658321,,13.325517,-0.112897
436,12961,16.0,43.8,,13.379318748201642,1.4661598205566406,28,,,,,0.658321,,13.325517,-0.112897
437,12978,17.0,43.63,,13.379318748201642,1.4661598205566406,28,,,,,0.658321,,13.325517,-0.112897
438,13025,47.0,43.58,,13.379318748201642,1.4661598205566406,28,,,,,0.658321,,13.325517,-0.112897
439,13056,31.0,43.79,,13.379318748201642,1.4661598205566406,28,,,,,0.658321,,13.325517,-0.112897
440,13077,21.0,43.54,,13.379318748201642,1.4661598205566406,28,,,,,0.658321,,13.325517,-0.112897
441,13170,93.0,43.98,,13.379318748201642,1.4667770862579346,28,,,,,0.658321,,13.325517,-0.112897
442,13227,57.0,44.06,,13.379318748201642,1.4667770862579346,28,,,,,0.658321,,13.325517,-0.112897
443,13290,63.0,44.49,,13.379318748201642,1.4667770862579346,28,,,,,0.658321,,13.325517,-0.112897
444,13341,51.0,44.75,,13.379318748201642,1.4667770862579346,28,,,,,0.658321,,13.325517,-0.112897
445,13449,108.0,45.72,,13.379318748201642,1.4667770862579346,28,,,,,0.658321,,13.325517,-0.112897
446,13510,61.0,45.99,,13.379318748201642,1.4667770862579346,28,,,,,0.658321,,13.325517,-0.112897
447,13557,47.0,46.25,,13.379318748201642,1.4667770862579346,28,,,,,0.658321,,13.325517,-0.112897
448,13678,121.0,47.32,,13.137545043024524,1.5492961406707764,29,,,,,0.652956,,12.849365,0.045116
449,13798,120.0,48.29,,13.137545043024524,1.5492961406707764,29,,,260.6,35.606740934828615,0.652956,,12.849365,0.045116
450,13844,46.0,48.54,,13.137545043024524,1.5492961406707764,29,,,,,0.652956,,12.849365,0.045116
451,13868,24.0,48.58,,13.137545043024524,1.5492961406707764,29,,,,,0.652956,,12.849365,0.045116
452,13916,48.0,48.36,,13.137545043024524,1.5492961406707764,29,,,,,0.652956,,12.849365,0.045116
453,13953,37.0,48.2,,13.137545043024524,1.5492961406707764,29,,,,,0.652956,,12.849365,0.045116
454,14031,78.0,48.87,,13.137545043024524,1.5492961406707764,29,,,,,0.652956,,12.849365,0.045116
455,14119,88.0,49.2,,13.137545043024524,1.5492961406707764,29,,,,,0.652956,,12.849365,0.045116
456,14141,22.0,49.23,,13.137545043024524,1.5492961406707764,29,,,,,0.652956,,12.849365,0.045116
457,14177,36.0,49.48,,13.137545043024524,1.5492961406707764,29,,,,,0.652956,,12.849365,0.045116
458,14277,100.0,50.32,,13.137545043024524,1.5492961406707764,29,,,,,0.652956,,12.849365,0.045116
459,14301,24.0,50.08,,13.137545043024524,1.5492961406707764,29,,,,,0.652956,,12.849365,0.045116
460,14316,15.0,49.73,,13.137545043024524,1.5492961406707764,29,,,,,0.652956,,12.849365,0.045116
461,14424,108.0,50.69,,13.137545043024524,1.5492961406707764,29,,,,,0.652956,,12.849365,0.045116
462,14488,64.0,51.2,,13.137545043024524,1.5492961406707764,29,,,,,0.652956,,12.849365,0.045116
463,14517,29.0,51.38,,13.137545043024524,1.5492961406707764,29,,,,,0.652956,,12.849365,0.045116
464,14561,44.0,51.09,,12.908194287618,1.638199806213379,30,,,,,0.653495,,12.645352,-0.186401
465,14635,74.0,51.71,,12.908194287618,1.638199806213379,30,,,,,0.653495,,12.645352,-0.186401
466,14654,19.0,51.79,,12.908194287618,1.638199806213379,30,,,,,0.653495,,12.645352,-0.186401
467,14715,61.0,51.18,,12.908194287618,1.638199806213379,30,,,,,0.653495,,12.645352,-0.186401
468,14743,28.0,51.31,,12.908194287618,1.638199806213379,30,,,,,0.653495,,12.645352,-0.186401
469,14757,14.0,51.2,,12.908194287618,1.638199806213379,30,,,,,0.653495,,12.645352,-0.186401
470,14812,55.0,51.41,,12.908194287618,1.638199806213379,30,,,,,0.653495,,12.645352,-0.186401
471,14839,27.0,51.24,,12.908194287618,1.638199806213379,30,,,,,0.653495,,12.645352,-0.186401
472,14938,99.0,51.89,,12.908194287618,1.638199806213379,30,,,,,0.653495,,12.645352,-0.186401
473,14976,38.0,51.97,,12.908194287618,1.638199806213379,30,,,,,0.653495,,12.645352,-0.186401
474,15101,125.0,53.05,,12.908194287618,1.638199806213379,30,,,,,0.653495,,12.645352,-0.186401
475,15186,85.0,53.03,,12.908194287618,1.638199806213379,30,,,,,0.653495,,12.645352,-0.186401
476,15222,36.0,53.2,,12.908194287618,1.638199806213379,30,,,,,0.653495,,12.645352,-0.186401
477,15280,58.0,53.65,,12.908194287618,1.638199806213379,30,,,,,0.653495,,12.645352,-0.186401
478,15403,123.0,54.74,,12.908194287618,1.638199806213379,30,,,,,0.653495,,12.645352,-0.186401
479,15539,136.0,55.81,,12.908194287618,1.638199806213379,30,,,,,0.653495,,12.645352,-0.186401
480,15709,170.0,57.31,,12.685194107793993,1.7773706912994385,31,,,,,0.649130,,12.102146,-0.224441
481,15789,80.0,57.21,,12.685194107793993,1.7773706912994385,31,,,,,0.649130,,12.102146,-0.224441
482,15811,22.0,57.18,,12.685194107793993,1.7773706912994385,31,,,,,0.649130,,12.102146,-0.224441
483,15840,29.0,57.35,,12.685194107793993,1.7773706912994385,31,,,,,0.649130,,12.102146,-0.224441
484,15890,50.0,57.36,,12.685194107793993,1.7773706912994385,31,,,,,0.649130,,12.102146,-0.224441
485,15968,78.0,57.5,,12.685194107793993,1.7773706912994385,31,,,,,0.649130,,12.102146,-0.224441
486,16039,71.0,57.84,,12.685194107793993,1.7773706912994385,31,,,,,0.649130,,12.102146,-0.224441
487,16093,54.0,57.58,,12.685194107793993,1.7773706912994385,31,,,,,0.649130,,12.102146,-0.224441
488,16216,123.0,57.74,,12.685194107793993,1.7773706912994385,31,,,,,0.649130,,12.102146,-0.224441
489,16239,23.0,57.53,,12.685194107793993,1.7773706912994385,31,,,,,0.649130,,12.102146,-0.224441
490,16467,228.0,59.61,,12.685194107793993,1.7773706912994385,31,,,,,0.649130,,12.102146,-0.224441
491,16570,103.0,60.24,,12.685194107793993,1.7773706912994385,31,,,,,0.649130,,12.102146,-0.224441
492,16662,92.0,60.67,,12.685194107793993,1.7773706912994385,31,,,,,0.649130,,12.102146,-0.224441
493,16682,20.0,60.57,,12.685194107793993,1.7773706912994385,31,,,,,0.649130,,12.102146,-0.224441
494,16738,56.0,60.76,,12.685194107793993,1.7773706912994385,31,,,,,0.649130,,12.102146,-0.224441
495,16803,65.0,60.15,,12.685194107793993,1.7773706912994385,31,,,,,0.649130,,12.102146,-0.224441
496,16824,21.0,60.02,,12.500762462615967,1.8602838516235352,32,,,,,0.636406,,13.705286,-0.073890
497,16853,29.0,60.06,,12.500762462615967,1.8602838516235352,32,,,,,0.636406,,13.705286,-0.073890
498,16980,127.0,60.56,,12.500762462615967,1.8602838516235352,32,,,,,0.636406,,13.705286,-0.073890
499,17085,105.0,61.32,,12.500762462615967,1.8602838516235352,32,,,422.2,114.19001707680054,0.636406,,13.705286,-0.073890
500,17107,22.0,61.25,,12.500762462615967,1.8602838516235352,32,,,,,0.636406,,13.705286,-0.073890
501,17126,19.0,61.19,,12.500762462615967,1.8602838516235352,32,,,,,0.636406,,13.705286,-0.073890
502,17191,65.0,60.76,,12.500762462615967,1.8602838516235352,32,,,,,0.636406,,13.705286,-0.073890
503,17271,80.0,60.94,,12.500762462615967,1.8602838516235352,32,,,,,0.636406,,13.705286,-0.073890
504,17288,17.0,60.6,,12.500762462615967,1.8602838516235352,32,,,,,0.636406,,13.705286,-0.073890
505,17314,26.0,60.09,,12.500762462615967,1.8602838516235352,32,,,,,0.636406,,13.705286,-0.073890
506,17356,42.0,60.08,,12.500762462615967,1.8602838516235352,32,,,,,0.636406,,13.705286,-0.073890
507,17446,90.0,60.61,,12.500762462615967,1.8602838516235352,32,,,,,0.636406,,13.705286,-0.073890
508,17531,85.0,60.92,,12.500762462615967,1.8602838516235352,32,,,,,0.636406,,13.705286,-0.073890
509,17573,42.0,61.12,,12.500762462615967,1.8602838516235352,32,,,,,0.636406,,13.705286,-0.073890
510,17595,22.0,61.15,,12.500762462615967,1.8602838516235352,32,,,,,0.636406,,13.705286,-0.073890
511,17621,26.0,61.03,,12.500762462615967,1.8602838516235352,32,,,,,0.636406,,13.705286,-0.073890
512,17641,20.0,61.06,,12.299789919997707,1.974726915359497,33,,,,,0.634003,,11.851057,-0.207762
513,17688,47.0,61.22,,12.299789919997707,1.974726915359497,33,,,,,0.634003,,11.851057,-0.207762
514,17800,112.0,62.22,,12.299789919997707,1.974726915359497,33,,,,,0.634003,,11.851057,-0.207762
515,17838,38.0,62.18,,12.299789919997707,1.974726915359497,33,,,,,0.634003,,11.851057,-0.207762
516,17904,66.0,61.45,,12.299789919997707,1.974726915359497,33,,,,,0.634003,,11.851057,-0.207762
517,18094,190.0,62.96,,12.299789919997707,1.974726915359497,33,,,,,0.634003,,11.851057,-0.207762
518,18158,64.0,62.35,,12.299789919997707,1.974726915359497,33,,,,,0.634003,,11.851057,-0.207762
519,18234,76.0,61.8,,12.299789919997707,1.974726915359497,33,,,,,0.634003,,11.851057,-0.207762
520,18250,16.0,60.69,,12.299789919997707,1.974726915359497,33,,,,,0.634003,,11.851057,-0.207762
521,18303,53.0,60.93,,12.299789919997707,1.974726915359497,33,,,,,0.634003,,11.851057,-0.207762
522,18385,82.0,61.24,,12.299789919997707,1.974726915359497,33,,,,,0.634003,,11.851057,-0.207762
523,18407,22.0,61.26,,12.299789919997707,1.9757311344146729,33,,,,,0.634003,,11.851057,-0.207762
524,18449,42.0,61.37,,12.299789919997707,1.9757311344146729,33,,,,,0.634003,,11.851057,-0.207762
525,18565,116.0,61.98,,12.299789919997707,1.9757311344146729,33,,,,,0.634003,,11.851057,-0.207762
526,18642,77.0,62.47,,12.299789919997707,1.9757311344146729,33,,,,,0.634003,,11.851057,-0.207762
527,18667,25.0,62.1,,12.299789919997707,1.9757311344146729,33,,,,,0.634003,,11.851057,-0.207762
528,18703,36.0,62.06,,12.100785718244666,2.123448133468628,34,,,,,0.637248,,11.178994,-0.117767
529,18746,43.0,61.98,,12.100785718244666,2.123448133468628,34,,,,,0.637248,,11.178994,-0.117767
530,18868,122.0,62.65,,12.100785718244666,2.123448133468628,34,,,,,0.637248,,11.178994,-0.117767
531,18949,81.0,63.21,,12.100785718244666,2.123448133468628,34,,,,,0.637248,,11.178994,-0.117767
532,19031,82.0,63.42,,12.100785718244666,2.123448133468628,34,,,,,0.637248,,11.178994,-0.117767
533,19233,202.0,64.76,,12.100785718244666,2.123448133468628,34,,,,,0.637248,,11.178994,-0.117767
534,19316,83.0,64.54,,12.100785718244666,2.123448133468628,34,,,,,0.637248,,11.178994,-0.117767
535,19342,26.0,63.97,,12.100785718244666,2.123448133468628,34,,,,,0.637248,,11.178994,-0.117767
536,19362,20.0,64.01,,12.100785718244666,2.123448133468628,34,,,,,0.637248,,11.178994,-0.117767
537,19375,13.0,63.97,,12.100785718244666,2.123448133468628,34,,,,,0.637248,,11.178994,-0.117767
538,19521,146.0,64.96,,12.100785718244666,2.123448133468628,34,,,,,0.637248,,11.178994,-0.117767
539,19659,138.0,66.03,,12.100785718244666,2.123448133468628,34,,,,,0.637248,,11.178994,-0.117767
540,19788,129.0,67.11,,12.100785718244666,2.123448133468628,34,,,,,0.637248,,11.178994,-0.117767
541,20002,214.0,68.32,,12.100785718244666,2.123448133468628,34,,,,,0.637248,,11.178994,-0.117767
542,20169,167.0,69.42,,12.100785718244666,2.123448133468628,34,,,,,0.637248,,11.178994,-0.117767
543,20255,86.0,69.65,,12.100785718244666,2.123448133468628,34,,,,,0.637248,,11.178994,-0.117767
544,20398,143.0,70.57,,11.91020894731794,2.297576904296875,35,,,,,0.632025,,10.981893,-0.191836
545,20577,179.0,71.28,,11.91020894731794,2.297576904296875,35,,,,,0.632025,,10.981893,-0.191836
546,20671,94.0,71.61,,11.91020894731794,2.297576904296875,35,,,,,0.632025,,10.981893,-0.191836
547,20945,274.0,73.88,,11.91020894731794,2.297576904296875,35,,,,,0.632025,,10.981893,-0.191836
548,21096,151.0,74.18,,11.91020894731794,2.297576904296875,35,,,,,0.632025,,10.981893,-0.191836
549,21216,120.0,74.18,,11.91020894731794,2.297576904296875,35,,,452.0,96.0,0.632025,,10.981893,-0.191836
550,21315,99.0,74.71,,11.91020894731794,2.297576904296875,35,,,,,0.632025,,10.981893,-0.191836
551,21363,48.0,74.95,,11.91020894731794,2.297576904296875,35,,,,,0.632025,,10.981893,-0.191836
552,21444,81.0,75.28,,11.91020894731794,2.297576904296875,35,,,,,0.632025,,10.981893,-0.191836
553,21527,83.0,75.74,,11.91020894731794,2.297576904296875,35,,,,,0.632025,,10.981893,-0.191836
554,21565,38.0,75.34,,11.91020894731794,2.297576904296875,35,,,,,0.632025,,10.981893,-0.191836
555,21710,145.0,75.91,,11.91020894731794,2.297576904296875,35,,,,,0.632025,,10.981893,-0.191836
556,21724,14.0,75.83,,11.91020894731794,2.297576904296875,35,,,,,0.632025,,10.981893,-0.191836
557,21742,18.0,75.65,,11.91020894731794,2.297576904296875,35,,,,,0.632025,,10.981893,-0.191836
558,21872,130.0,75.95,,11.91020894731794,2.297576904296875,35,,,,,0.632025,,10.981893,-0.191836
559,22097,225.0,77.96,,11.91020894731794,2.297576904296875,35,,,,,0.632025,,10.981893,-0.191836
560,22331,234.0,80.15,,11.731816344790989,2.4439759254455566,36,,,,,0.631408,,11.098593,-0.205448
561,22394,63.0,79.7,,11.731816344790989,2.4439759254455566,36,,,,,0.631408,,11.098593,-0.205448
562,22508,114.0,80.2,,11.731816344790989,2.4439759254455566,36,,,,,0.631408,,11.098593,-0.205448
563,22560,52.0,80.43,,11.731816344790989,2.4439759254455566,36,,,,,0.631408,,11.098593,-0.205448
564,22696,136.0,81.35,,11.731816344790989,2.4439759254455566,36,,,,,0.631408,,11.098593,-0.205448
565,22745,49.0,81.1,,11.731816344790989,2.4439759254455566,36,,,,,0.631408,,11.098593,-0.205448
566,22830,85.0,81.76,,11.731816344790989,2.4439759254455566,36,,,,,0.631408,,11.098593,-0.205448
567,23022,192.0,83.07,,11.731816344790989,2.4439759254455566,36,,,,,0.631408,,11.098593,-0.205448
568,23196,174.0,84.53,,11.731816344790989,2.4439759254455566,36,,,,,0.631408,,11.098593,-0.205448
569,23235,39.0,84.78,,11.731816344790989,2.4439759254455566,36,,,,,0.631408,,11.098593,-0.205448
570,23384,149.0,85.72,,11.731816344790989,2.4439759254455566,36,,,,,0.631408,,11.098593,-0.205448
571,23473,89.0,86.34,,11.731816344790989,2.4439759254455566,36,,,,,0.631408,,11.098593,-0.205448
572,23613,140.0,86.75,,11.731816344790989,2.4439759254455566,36,,,,,0.631408,,11.098593,-0.205448
573,23765,152.0,87.89,,11.731816344790989,2.4439759254455566,36,,,,,0.631408,,11.098593,-0.205448
574,23785,20.0,86.84,,11.731816344790989,2.4439759254455566,36,,,,,0.631408,,11.098593,-0.205448
575,23826,41.0,86.4,,11.731816344790989,2.4439759254455566,36,,,,,0.631408,,11.098593,-0.205448
576,24003,177.0,87.81,,11.559895824741673,2.6281254291534424,37,,,,,0.623423,,10.848494,-0.277579
577,24185,182.0,89.05,,11.559895824741673,2.6281254291534424,37,,,,,0.623423,,10.848494,-0.277579
578,24344,159.0,89.41,,11.559895824741673,2.6281254291534424,37,,,,,0.623423,,10.848494,-0.277579
579,24454,110.0,89.15,,11.559895824741673,2.6281254291534424,37,,,,,0.623423,,10.848494,-0.277579
580,24642,188.0,89.33,,11.559895824741673,2.6281254291534424,37,,,,,0.623423,,10.848494,-0.277579
581,24689,47.0,89.0,,11.559895824741673,2.6281254291534424,37,,,,,0.623423,,10.848494,-0.277579
582,24747,58.0,89.36,,11.559895824741673,2.6281254291534424,37,,,,,0.623423,,10.848494,-0.277579
583,24764,17.0,89.24,,11.559895824741673,2.6281254291534424,37,,,,,0.623423,,10.848494,-0.277579
584,25091,327.0,92.01,,11.559895824741673,2.6281254291534424,37,,,,,0.623423,,10.848494,-0.277579
585,25339,248.0,93.71,,11.559895824741673,2.6281254291534424,37,,,,,0.623423,,10.848494,-0.277579
586,25490,151.0,94.51,,11.559895824741673,2.6281254291534424,37,,,,,0.623423,,10.848494,-0.277579
587,25637,147.0,95.44,,11.559895824741673,2.6281254291534424,37,,,,,0.623423,,10.848494,-0.277579
588,25690,53.0,94.74,,11.559895824741673,2.6281254291534424,37,,,,,0.623423,,10.848494,-0.277579
589,25772,82.0,95.33,,11.559895824741673,2.6281254291534424,37,,,,,0.623423,,10.848494,-0.277579
590,25875,103.0,94.08,,11.559895824741673,2.6281254291534424,37,,,,,0.623423,,10.848494,-0.277579
591,26026,151.0,94.56,,11.559895824741673,2.6281254291534424,37,,,,,0.623423,,10.848494,-0.277579
592,26188,162.0,95.26,,11.3954336643219,2.8193092346191406,38,,,,,0.619991,,10.716089,-0.197582
593,26289,101.0,96.07,,11.3954336643219,2.8193092346191406,38,,,,,0.619991,,10.716089,-0.197582
594,26352,63.0,96.14,,11.3954336643219,2.8193092346191406,38,,,,,0.619991,,10.716089,-0.197582
595,26542,190.0,97.39,,11.3954336643219,2.8193092346191406,38,,,,,0.619991,,10.716089,-0.197582
596,26634,92.0,98.1,,11.3954336643219,2.8193092346191406,38,,,,,0.619991,,10.716089,-0.197582
597,26851,217.0,99.98,,11.3954336643219,2.8193092346191406,38,,,,,0.619991,,10.716089,-0.197582
598,27198,347.0,102.18,,11.3954336643219,2.8193092346191406,38,,,,,0.619991,,10.716089,-0.197582
599,27216,18.0,101.31,,11.3954336643219,2.8193092346191406,38,,,409.4,63.15884736123673,0.619991,,10.716089,-0.197582
600,27359,143.0,102.52,,11.3954336643219,2.8193092346191406,38,,,,,0.619991,,10.716089,-0.197582
601,27385,26.0,102.59,,11.3954336643219,2.8193092346191406,38,,,,,0.619991,,10.716089,-0.197582
602,27512,127.0,103.21,,11.3954336643219,2.8193092346191406,38,,,,,0.619991,,10.716089,-0.197582
603,27602,90.0,103.31,,11.3954336643219,2.8193092346191406,38,,,,,0.619991,,10.716089,-0.197582
604,27739,137.0,104.51,,11.3954336643219,2.8193092346191406,38,,,,,0.619991,,10.716089,-0.197582
605,27764,25.0,104.5,,11.3954336643219,2.8193092346191406,38,,,,,0.619991,,10.716089,-0.197582
606,27905,141.0,105.49,,11.3954336643219,2.8193092346191406,38,,,,,0.619991,,10.716089,-0.197582
607,28140,235.0,106.94,,11.3954336643219,2.8193092346191406,38,,,,,0.619991,,10.716089,-0.197582
608,28306,166.0,107.75,,11.238469356145615,3.032271146774292,39,,,,,0.620794,,10.681645,-0.316784
609,28542,236.0,109.69,,11.238469356145615,3.032271146774292,39,,,,,0.620794,,10.681645,-0.316784
610,28696,154.0,111.01,,11.238469356145615,3.032271146774292,39,,,,,0.620794,,10.681645,-0.316784
611,28847,151.0,112.26,,11.238469356145615,3.032271146774292,39,,,,,0.620794,,10.681645,-0.316784
612,28999,152.0,113.58,,11.238469356145615,3.032271146774292,39,,,,,0.620794,,10.681645,-0.316784
613,29047,48.0,113.59,,11.238469356145615,3.032271146774292,39,,,,,0.620794,,10.681645,-0.316784
614,29149,102.0,113.49,,11.238469356145615,3.032271146774292,39,,,,,0.620794,,10.681645,-0.316784
615,29200,51.0,113.62,,11.238469356145615,3.032271146774292,39,,,,,0.620794,,10.681645,-0.316784
616,29587,387.0,116.83,,11.238469356145615,3.032271146774292,39,,,,,0.620794,,10.681645,-0.316784
617,29879,292.0,117.85,,11.238469356145615,3.032271146774292,39,,,,,0.620794,,10.681645,-0.316784
618,29946,67.0,117.88,,11.238469356145615,3.032271146774292,39,,,,,0.620794,,10.681645,-0.316784
619,30112,166.0,118.78,,11.238469356145615,3.032271146774292,39,,,,,0.620794,,10.681645,-0.316784
620,30278,166.0,120.28,,11.238469356145615,3.032271146774292,39,,,,,0.620794,,10.681645,-0.316784
621,30447,169.0,121.44,,11.238469356145615,3.032271146774292,39,,,,,0.620794,,10.681645,-0.316784
622,30606,159.0,122.21,,11.238469356145615,3.032271146774292,39,,,,,0.620794,,10.681645,-0.316784
623,30747,141.0,123.4,,11.238469356145615,3.032271146774292,39,,,,,0.620794,,10.681645,-0.316784
624,31030,283.0,125.81,,11.090454745292664,3.221829652786255,40,,,,,0.615991,,10.795336,-0.398104
625,31140,110.0,125.75,,11.090454745292664,3.221829652786255,40,,,,,0.615991,,10.795336,-0.398104
626,31280,140.0,126.38,,11.090454745292664,3.221829652786255,40,,,,,0.615991,,10.795336,-0.398104
627,31366,86.0,126.99,,11.090454745292664,3.221829652786255,40,,,,,0.615991,,10.795336,-0.398104
628,31504,138.0,128.01,,11.090454745292664,3.221829652786255,40,,,,,0.615991,,10.795336,-0.398104
629,31630,126.0,128.84,,11.090454745292664,3.221829652786255,40,,,,,0.615991,,10.795336,-0.398104
630,31722,92.0,128.54,,11.090454745292664,3.221829652786255,40,,,,,0.615991,,10.795336,-0.398104
631,31857,135.0,129.08,,11.090454745292664,3.221829652786255,40,,,,,0.615991,,10.795336,-0.398104
632,32006,149.0,129.75,,11.090454745292664,3.221829652786255,40,,,,,0.615991,,10.795336,-0.398104
633,32123,117.0,128.9,,11.090454745292664,3.221829652786255,40,,,,,0.615991,,10.795336,-0.398104
634,32267,144.0,129.51,,11.090454745292664,3.221829652786255,40,,,,,0.615991,,10.795336,-0.398104
635,32449,182.0,131.07,,11.090454745292664,3.221829652786255,40,,,,,0.615991,,10.795336,-0.398104
636,32483,34.0,131.21,,11.090454745292664,3.221829652786255,40,,,,,0.615991,,10.795336,-0.398104
637,32630,147.0,132.55,,11.090454745292664,3.221829652786255,40,,,,,0.615991,,10.795336,-0.398104
638,32860,230.0,133.39,,11.090454745292664,3.221829652786255,40,,,,,0.615991,,10.795336,-0.398104
639,33123,263.0,134.64,,11.090454745292664,3.221829652786255,40,,,,,0.615991,,10.795336,-0.398104
640,33438,315.0,136.5,,10.946240646083181,3.4318361282348633,41,,,,,0.613252,,10.486126,-0.241376
641,33609,171.0,136.07,,10.946240646083181,3.4318361282348633,41,,,,,0.613252,,10.486126,-0.241376
642,33810,201.0,136.41,,10.946240646083181,3.4318361282348633,41,,,,,0.613252,,10.486126,-0.241376
643,34012,202.0,137.57,,10.946240646083181,3.4318361282348633,41,,,,,0.613252,,10.486126,-0.241376
644,34157,145.0,137.59,,10.946240646083181,3.4318361282348633,41,,,,,0.613252,,10.486126,-0.241376
645,34289,132.0,137.12,,10.946240646083181,3.432835817337036,41,,,,,0.613252,,10.486126,-0.241376
646,34348,59.0,136.77,,10.946240646083181,3.432835817337036,41,,,,,0.613252,,10.486126,-0.241376
647,34448,100.0,135.03,,10.946240646083181,3.432835817337036,41,,,,,0.613252,,10.486126,-0.241376
648,34554,106.0,134.58,,10.946240646083181,3.432835817337036,41,,,,,0.613252,,10.486126,-0.241376
649,34687,133.0,134.71,,10.946240646083181,3.432835817337036,41,,,444.2,55.40902453571981,0.613252,,10.486126,-0.241376
650,34824,137.0,135.09,,10.946240646083181,3.432835817337036,41,,,,,0.613252,,10.486126,-0.241376
651,34930,106.0,135.67,,10.946240646083181,3.432835817337036,41,,,,,0.613252,,10.486126,-0.241376
652,35150,220.0,137.06,,10.946240646083181,3.432835817337036,41,,,,,0.613252,,10.486126,-0.241376
653,35303,153.0,137.76,,10.946240646083181,3.432835817337036,41,,,,,0.613252,,10.486126,-0.241376
654,35445,142.0,138.8,,10.946240646083181,3.432835817337036,41,,,,,0.613252,,10.486126,-0.241376
655,35509,64.0,137.99,,10.946240646083181,3.432835817337036,41,,,,,0.613252,,10.486126,-0.241376
656,35703,194.0,139.79,,10.799142565046038,3.594635248184204,42,,,,,0.605145,,9.662330,-0.046736
657,35828,125.0,140.86,,10.799142565046038,3.594635248184204,42,,,,,0.605145,,9.662330,-0.046736
658,35939,111.0,140.67,,10.799142565046038,3.594635248184204,42,,,,,0.605145,,9.662330,-0.046736
659,36101,162.0,140.04,,10.799142565046038,3.594635248184204,42,,,,,0.605145,,9.662330,-0.046736
660,36148,47.0,138.17,,10.799142565046038,3.594635248184204,42,,,,,0.605145,,9.662330,-0.046736
661,36312,164.0,139.18,,10.799142565046038,3.594635248184204,42,,,,,0.605145,,9.662330,-0.046736
662,36471,159.0,139.63,,10.799142565046038,3.594635248184204,42,,,,,0.605145,,9.662330,-0.046736
663,36568,97.0,140.08,,10.799142565046038,3.594635248184204,42,,,,,0.605145,,9.662330,-0.046736
664,36812,244.0,141.16,,10.799142565046038,3.594635248184204,42,,,,,0.605145,,9.662330,-0.046736
665,36922,110.0,141.77,,10.799142565046038,3.594635248184204,42,,,,,0.605145,,9.662330,-0.046736
666,37032,110.0,142.02,,10.799142565046038,3.594635248184204,42,,,,,0.605145,,9.662330,-0.046736
667,37252,220.0,142.3,,10.799142565046038,3.594635248184204,42,,,,,0.605145,,9.662330,-0.046736
668,37399,147.0,142.03,,10.799142565046038,3.594635248184204,42,,,,,0.605145,,9.662330,-0.046736
669,37556,157.0,143.21,,10.799142565046038,3.594635248184204,42,,,,,0.605145,,9.662330,-0.046736
670,37695,139.0,143.11,,10.799142565046038,3.594635248184204,42,,,,,0.605145,,9.662330,-0.046736
671,37836,141.0,143.63,,10.799142565046038,3.594635248184204,42,,,,,0.605145,,9.662330,-0.046736
672,37946,110.0,143.33,,10.65686801422474,3.8297648429870605,43,,,,,0.611524,,9.520940,-0.248123
673,38102,156.0,143.37,,10.65686801422474,3.830766201019287,43,,,,,0.611524,,9.520940,-0.248123
674,38495,393.0,147.1,,10.65686801422474,3.830766201019287,43,,,,,0.611524,,9.520940,-0.248123
675,38708,213.0,148.82,,10.65686801422474,3.830766201019287,43,,,,,0.611524,,9.520940,-0.248123
676,38930,222.0,149.27,,10.65686801422474,3.830766201019287,43,,,,,0.611524,,9.520940,-0.248123
677,39166,236.0,149.81,,10.65686801422474,3.830766201019287,43,,,,,0.611524,,9.520940,-0.248123
678,39333,167.0,149.89,,10.65686801422474,3.830766201019287,43,,,,,0.611524,,9.520940,-0.248123
679,39456,123.0,150.02,,10.65686801422474,3.830766201019287,43,,,,,0.611524,,9.520940,-0.248123
680,39695,239.0,150.53,,10.65686801422474,3.830766201019287,43,,,,,0.611524,,9.520940,-0.248123
681,39936,241.0,152.47,,10.65686801422474,3.830766201019287,43,,,,,0.611524,,9.520940,-0.248123
682,40206,270.0,154.59,,10.65686801422474,3.830766201019287,43,,,,,0.611524,,9.520940,-0.248123
683,40365,159.0,156.01,,10.65686801422474,3.830766201019287,43,,,,,0.611524,,9.520940,-0.248123
684,40609,244.0,155.18,,10.65686801422474,3.830766201019287,43,,,,,0.611524,,9.520940,-0.248123
685,40783,174.0,154.44,,10.65686801422474,3.830766201019287,43,,,,,0.611524,,9.520940,-0.248123
686,40895,112.0,154.05,,10.65686801422474,3.830766201019287,43,,,,,0.611524,,9.520940,-0.248123
687,41041,146.0,154.04,,10.65686801422474,3.830766201019287,43,,,,,0.611524,,9.520940,-0.248123
688,41215,174.0,155.25,,10.524091763929887,4.053648233413696,44,,,,,0.600370,,9.761481,-0.186649
689,41620,405.0,158.48,,10.524091763929887,4.053648233413696,44,,,,,0.600370,,9.761481,-0.186649
690,41765,145.0,158.9,,10.524091763929887,4.053648233413696,44,,,,,0.600370,,9.761481,-0.186649
691,41882,117.0,158.56,,10.524091763929887,4.053648233413696,44,,,,,0.600370,,9.761481,-0.186649
692,42143,261.0,159.55,,10.524091763929887,4.053648233413696,44,,,,,0.600370,,9.761481,-0.186649
693,42203,60.0,159.14,,10.524091763929887,4.053648233413696,44,,,,,0.600370,,9.761481,-0.186649
694,42394,191.0,160.42,,10.524091763929887,4.053648233413696,44,,,,,0.600370,,9.761481,-0.186649
695,42579,185.0,160.37,,10.524091763929887,4.053648233413696,44,,,,,0.600370,,9.761481,-0.186649
696,42816,237.0,161.82,,10.524091763929887,4.053648233413696,44,,,,,0.600370,,9.761481,-0.186649
697,42982,166.0,161.31,,10.524091763929887,4.053648233413696,44,,,,,0.600370,,9.761481,-0.186649
698,43045,63.0,158.47,,10.524091763929887,4.053648233413696,44,,,,,0.600370,,9.761481,-0.186649
699,43294,249.0,160.78,,10.524091763929887,4.053648233413696,44,,,477.0,46.0,0.600370,,9.761481,-0.186649
700,43448,154.0,160.89,,10.524091763929887,4.053648233413696,44,,,,,0.600370,,9.761481,-0.186649
701,43557,109.0,161.72,,10.524091763929887,4.053648233413696,44,,,,,0.600370,,9.761481,-0.186649
702,43713,156.0,162.01,,10.524091763929887,4.053648233413696,44,,,,,0.600370,,9.761481,-0.186649
703,43867,154.0,162.65,,10.524091763929887,4.053648233413696,44,,,,,0.600370,,9.761481,-0.186649
704,44033,166.0,162.94,,10.387841860453287,4.286250352859497,45,,,,,0.608612,,8.926782,-0.045848
705,44178,145.0,164.14,,10.387841860453287,4.286250352859497,45,,,,,0.608612,,8.926782,-0.045848
706,44330,152.0,164.25,,10.387841860453287,4.286250352859497,45,,,,,0.608612,,8.926782,-0.045848
707,44515,185.0,163.75,,10.387841860453287,4.286250352859497,45,,,,,0.608612,,8.926782,-0.045848
708,44723,208.0,164.17,,10.387841860453287,4.286250352859497,45,,,,,0.608612,,8.926782,-0.045848
709,44756,33.0,162.14,,10.387841860453287,4.286250352859497,45,,,,,0.608612,,8.926782,-0.045848
710,45093,337.0,163.97,,10.387841860453287,4.286250352859497,45,,,,,0.608612,,8.926782,-0.045848
711,45285,192.0,164.38,,10.387841860453287,4.286250352859497,45,,,,,0.608612,,8.926782,-0.045848
712,45461,176.0,164.62,,10.387841860453287,4.286250352859497,45,,,,,0.608612,,8.926782,-0.045848
713,45623,162.0,165.76,,10.387841860453287,4.286250352859497,45,,,,,0.608612,,8.926782,-0.045848
714,45954,331.0,168.05,,10.387841860453287,4.286250352859497,45,,,,,0.608612,,8.926782,-0.045848
715,46276,322.0,170.76,,10.387841860453287,4.286250352859497,45,,,,,0.608612,,8.926782,-0.045848
716,46489,213.0,169.02,,10.387841860453287,4.286250352859497,45,,,,,0.608612,,8.926782,-0.045848
717,46718,229.0,168.39,,10.387841860453287,4.286250352859497,45,,,,,0.608612,,8.926782,-0.045848
718,47009,291.0,170.63,,10.387841860453287,4.286250352859497,45,,,,,0.608612,,8.926782,-0.045848
719,47198,189.0,170.86,,10.387841860453287,4.286250352859497,45,,,,,0.608612,,8.926782,-0.045848
720,47440,242.0,171.62,,10.261335227800453,4.463251113891602,46,,,,,0.603405,,9.255135,-0.170473
721,47692,252.0,172.45,,10.261335227800453,4.463251113891602,46,,,,,0.603405,,9.255135,-0.170473
722,47938,246.0,173.32,,10.261335227800453,4.463251113891602,46,,,,,0.603405,,9.255135,-0.170473
723,48094,156.0,173.47,,10.261335227800453,4.463251113891602,46,,,,,0.603405,,9.255135,-0.170473
724,48360,266.0,173.3,,10.261335227800453,4.463251113891602,46,,,,,0.603405,,9.255135,-0.170473
725,48483,123.0,173.43,,10.261335227800453,4.463251113891602,46,,,,,0.603405,,9.255135,-0.170473
726,48689,206.0,174.09,,10.261335227800453,4.464253187179565,46,,,,,0.603405,,9.255135,-0.170473
727,48818,129.0,174.52,,10.261335227800453,4.464253187179565,46,,,,,0.603405,,9.255135,-0.170473
728,48956,138.0,174.52,,10.261335227800453,4.464253187179565,46,,,,,0.603405,,9.255135,-0.170473
729,49104,148.0,174.74,,10.261335227800453,4.464253187179565,46,,,,,0.603405,,9.255135,-0.170473
730,49271,167.0,175.49,,10.261335227800453,4.464253187179565,46,,,,,0.603405,,9.255135,-0.170473
731,49457,186.0,176.0,,10.261335227800453,4.464253187179565,46,,,,,0.603405,,9.255135,-0.170473
732,49593,136.0,175.87,,10.261335227800453,4.464253187179565,46,,,,,0.603405,,9.255135,-0.170473
733,49718,125.0,175.95,,10.261335227800453,4.464253187179565,46,,,,,0.603405,,9.255135,-0.170473
734,49914,196.0,176.47,,10.261335227800453,4.464253187179565,46,,,,,0.603405,,9.255135,-0.170473
735,50115,201.0,176.66,,10.261335227800453,4.464253187179565,46,,,,,0.603405,,9.255135,-0.170473
736,50254,139.0,177.71,,10.135073854568157,4.697159051895142,47,,,,,0.605141,,8.784800,-0.095618
737,50530,276.0,179.0,,10.135073854568157,4.697159051895142,47,,,,,0.605141,,8.784800,-0.095618
738,50648,118.0,177.88,,10.135073854568157,4.697159051895142,47,,,,,0.605141,,8.784800,-0.095618
739,51008,360.0,178.85,,10.135073854568157,4.697159051895142,47,,,,,0.605141,,8.784800,-0.095618
740,51244,236.0,178.06,,10.135073854568157,4.697159051895142,47,,,,,0.605141,,8.784800,-0.095618
741,51481,237.0,178.72,,10.135073854568157,4.697159051895142,47,,,,,0.605141,,8.784800,-0.095618
742,51829,348.0,180.19,,10.135073854568157,4.697159051895142,47,,,,,0.605141,,8.784800,-0.095618
743,52065,236.0,180.53,,10.135073854568157,4.697159051895142,47,,,,,0.605141,,8.784800,-0.095618
744,52265,200.0,181.08,,10.135073854568157,4.697159051895142,47,,,,,0.605141,,8.784800,-0.095618
745,52524,259.0,182.35,,10.135073854568157,4.697159051895142,47,,,,,0.605141,,8.784800,-0.095618
746,52722,198.0,183.74,,10.135073854568157,4.697159051895142,47,,,,,0.605141,,8.784800,-0.095618
747,53002,280.0,185.54,,10.135073854568157,4.697159051895142,47,,,,,0.605141,,8.784800,-0.095618
748,53154,152.0,186.0,,10.135073854568157,4.697159051895142,47,,,,,0.605141,,8.784800,-0.095618
749,53364,210.0,186.77,,10.135073854568157,4.697159051895142,47,,,482.6,34.800000000000004,0.605141,,8.784800,-0.095618
750,53591,227.0,187.67,,10.135073854568157,4.697159051895142,47,,,,,0.605141,,8.784800,-0.095618
751,53803,212.0,188.73,,10.135073854568157,4.697159051895142,47,,,,,0.605141,,8.784800,-0.095618
752,54040,237.0,188.9,,10.012217919031778,4.9583375453948975,48,,,,,0.598862,,8.641048,0.029070
753,54268,228.0,189.65,,10.012217919031778,4.9583375453948975,48,,,,,0.598862,,8.641048,0.029070
754,54456,188.0,190.11,,10.012217919031778,4.9583375453948975,48,,,,,0.598862,,8.641048,0.029070
755,54678,222.0,191.69,,10.012217919031778,4.9583375453948975,48,,,,,0.598862,,8.641048,0.029070
756,54958,280.0,192.55,,10.012217919031778,4.9583375453948975,48,,,,,0.598862,,8.641048,0.029070
757,55144,186.0,193.16,,10.012217919031778,4.9583375453948975,48,,,,,0.598862,,8.641048,0.029070
758,55359,215.0,194.2,,10.012217919031778,4.9583375453948975,48,,,,,0.598862,,8.641048,0.029070
759,55499,140.0,193.98,,10.012217919031778,4.9583375453948975,48,,,,,0.598862,,8.641048,0.029070
760,55846,347.0,196.98,,10.012217919031778,4.95933985710144,48,,,,,0.598862,,8.641048,0.029070
761,56061,215.0,197.49,,10.012217919031778,4.95933985710144,48,,,,,0.598862,,8.641048,0.029070
762,56266,205.0,197.95,,10.012217919031778,4.95933985710144,48,,,,,0.598862,,8.641048,0.029070
763,56566,300.0,199.98,,10.012217919031778,4.95933985710144,48,,,,,0.598862,,8.641048,0.029070
764,57040,474.0,202.28,,10.012217919031778,4.95933985710144,48,,,,,0.598862,,8.641048,0.029070
765,57248,208.0,203.26,,10.012217919031778,4.95933985710144,48,,,,,0.598862,,8.641048,0.029070
766,57398,150.0,203.66,,10.012217919031778,4.95933985710144,48,,,,,0.598862,,8.641048,0.029070
767,57568,170.0,203.16,,10.012217919031778,4.95933985710144,48,,,,,0.598862,,8.641048,0.029070
768,57602,34.0,202.03,,9.891715740670962,5.210540056228638,49,,,,,0.598398,,8.371119,0.066742
769,58102,500.0,205.46,,9.891715740670962,5.211542367935181,49,,,,,0.598398,,8.371119,0.066742
770,58536,434.0,208.41,,9.891715740670962,5.211542367935181,49,,,,,0.598398,,8.371119,0.066742
771,58770,234.0,209.34,,9.891715740670962,5.211542367935181,49,,,,,0.598398,,8.371119,0.066742
772,59069,299.0,211.23,,9.891715740670962,5.211542367935181,49,,,,,0.598398,,8.371119,0.066742
773,59261,192.0,211.59,,9.891715740670962,5.211542367935181,49,,,,,0.598398,,8.371119,0.066742
774,59587,326.0,210.92,,9.891715740670962,5.211542367935181,49,,,,,0.598398,,8.371119,0.066742
775,59839,252.0,211.31,,9.891715740670962,5.211542367935181,49,,,,,0.598398,,8.371119,0.066742
776,60070,231.0,211.4,,9.891715740670962,5.211542367935181,49,,,,,0.598398,,8.371119,0.066742
777,60276,206.0,211.1,,9.891715740670962,5.211542367935181,49,,,,,0.598398,,8.371119,0.066742
778,60431,155.0,210.98,,9.891715740670962,5.211542367935181,49,,,,,0.598398,,8.371119,0.066742
779,60647,216.0,211.91,,9.891715740670962,5.211542367935181,49,,,,,0.598398,,8.371119,0.066742
780,60804,157.0,211.09,,9.891715740670962,5.211542367935181,49,,,,,0.598398,,8.371119,0.066742
781,60967,163.0,210.31,,9.891715740670962,5.211542367935181,49,,,,,0.598398,,8.371119,0.066742
782,61081,114.0,208.75,,9.891715740670962,5.211542367935181,49,,,,,0.598398,,8.371119,0.066742
783,61337,256.0,209.72,,9.891715740670962,5.211542367935181,49,,,,,0.598398,,8.371119,0.066742
784,61531,194.0,209.22,,9.774057121276856,5.508763551712036,50,,,,,0.594914,,8.177083,0.121618
785,61799,268.0,210.16,,9.774057121276856,5.508763551712036,50,,,,,0.594914,,8.177083,0.121618
786,62085,286.0,211.9,,9.774057121276856,5.508763551712036,50,,,,,0.594914,,8.177083,0.121618
787,62528,443.0,214.87,,9.774057121276856,5.508763551712036,50,,,,,0.594914,,8.177083,0.121618
788,62921,393.0,217.06,,9.774057121276856,5.508763551712036,50,,,,,0.594914,,8.177083,0.121618
789,63165,244.0,215.45,,9.774057121276856,5.508763551712036,50,,,,,0.594914,,8.177083,0.121618
790,63645,480.0,218.8,,9.774057121276856,5.508763551712036,50,,,,,0.594914,,8.177083,0.121618
791,63848,203.0,219.66,,9.774057121276856,5.508763551712036,50,,,,,0.594914,,8.177083,0.121618
792,64213,365.0,220.7,,9.774057121276856,5.508763551712036,50,,,,,0.594914,,8.177083,0.121618
793,64366,153.0,221.63,,9.774057121276856,5.508763551712036,50,,,,,0.594914,,8.177083,0.121618
794,64605,239.0,222.11,,9.774057121276856,5.508763551712036,50,,,,,0.594914,,8.177083,0.121618
795,64765,160.0,221.86,,9.774057121276856,5.508763551712036,50,,,,,0.594914,,8.177083,0.121618
796,65056,291.0,222.4,,9.774057121276856,5.508763551712036,50,,,,,0.594914,,8.177083,0.121618
797,65136,80.0,221.54,,9.774057121276856,5.508763551712036,50,,,,,0.594914,,8.177083,0.121618
798,65569,433.0,225.24,,9.774057121276856,5.508763551712036,50,,,,,0.594914,,8.177083,0.121618
799,65888,319.0,225.94,,9.774057121276856,5.508763551712036,50,,,488.2,23.599999999999998,0.594914,,8.177083,0.121618
800,66022,134.0,225.74,,9.441496138572694,5.825739622116089,51,,,,,0.595383,,8.141102,0.042667
801,66321,299.0,227.64,,9.441496138572694,5.825739622116089,51,,,,,0.595383,,8.141102,0.042667
802,66525,204.0,228.12,,9.441496138572694,5.825739622116089,51,,,,,0.595383,,8.141102,0.042667
803,66548,23.0,226.81,,9.441496138572694,5.825739622116089,51,,,,,0.595383,,8.141102,0.042667
804,66804,256.0,227.71,,9.441496138572694,5.825739622116089,51,,,,,0.595383,,8.141102,0.042667
805,67304,500.0,231.26,,9.441496138572694,5.825739622116089,51,,,,,0.595383,,8.141102,0.042667
806,67476,172.0,231.46,,9.441496138572694,5.825739622116089,51,,,,,0.595383,,8.141102,0.042667
807,67693,217.0,231.78,,9.441496138572694,5.825739622116089,51,,,,,0.595383,,8.141102,0.042667
808,68106,413.0,233.83,,9.441496138572694,5.825739622116089,51,,,,,0.595383,,8.141102,0.042667
809,68347,241.0,235.91,,9.441496138572694,5.825739622116089,51,,,,,0.595383,,8.141102,0.042667
810,68618,271.0,235.25,,9.441496138572694,5.825739622116089,51,,,,,0.595383,,8.141102,0.042667
811,68767,149.0,234.82,,9.441496138572694,5.825739622116089,51,,,,,0.595383,,8.141102,0.042667
812,69063,296.0,236.02,,9.441496138572694,5.825739622116089,51,,,,,0.595383,,8.141102,0.042667
813,69355,292.0,237.32,,9.441496138572694,5.825739622116089,51,,,,,0.595383,,8.141102,0.042667
814,69855,500.0,239.01,,9.441496138572694,5.825739622116089,51,,,,,0.595383,,8.141102,0.042667
815,70182,327.0,239.06,,9.441496138572694,5.825739622116089,51,,,,,0.595383,,8.141102,0.042667
816,70593,411.0,241.04,,9.101469926834106,6.15690803527832,52,,,,,0.596915,,7.724316,0.063680
817,70785,192.0,240.67,,9.101469926834106,6.15690803527832,52,,,,,0.596915,,7.724316,0.063680
818,71076,291.0,240.67,,9.101469926834106,6.15690803527832,52,,,,,0.596915,,7.724316,0.063680
819,71432,356.0,242.34,,9.101469926834106,6.15690803527832,52,,,,,0.596915,,7.724316,0.063680
820,71617,185.0,241.77,,9.101469926834106,6.15690803527832,52,,,,,0.596915,,7.724316,0.063680
821,72117,500.0,244.25,,9.101469926834106,6.15690803527832,52,,,,,0.596915,,7.724316,0.063680
822,72380,263.0,244.42,,9.101469926834106,6.15690803527832,52,,,,,0.596915,,7.724316,0.063680
823,72823,443.0,247.29,,9.101469926834106,6.15690803527832,52,,,,,0.596915,,7.724316,0.063680
824,73023,200.0,246.63,,9.101469926834106,6.15690803527832,52,,,,,0.596915,,7.724316,0.063680
825,73122,99.0,246.39,,9.101469926834106,6.15690803527832,52,,,,,0.596915,,7.724316,0.063680
826,73622,500.0,249.33,,9.101469926834106,6.15690803527832,52,,,,,0.596915,,7.724316,0.063680
827,73853,231.0,250.35,,9.101469926834106,6.15690803527832,52,,,,,0.596915,,7.724316,0.063680
828,74322,469.0,253.66,,9.101469926834106,6.15690803527832,52,,,,,0.596915,,7.724316,0.063680
829,74698,376.0,255.94,,9.101469926834106,6.15690803527832,52,,,,,0.596915,,7.724316,0.063680
830,75064,366.0,257.93,,9.101469926834106,6.15690803527832,52,,,,,0.596915,,7.724316,0.063680
831,75318,254.0,258.61,,9.101469926834106,6.15690803527832,52,,,,,0.596915,,7.724316,0.063680
832,75682,364.0,260.89,,8.781639275550843,6.529305696487427,53,,,,,0.592533,,7.632076,0.075534
833,75984,302.0,262.66,,8.781639275550843,6.529305696487427,53,,,,,0.592533,,7.632076,0.075534
834,76130,146.0,262.16,,8.781639275550843,6.529305696487427,53,,,,,0.592533,,7.632076,0.075534
835,76456,326.0,263.41,,8.781639275550843,6.529305696487427,53,,,,,0.592533,,7.632076,0.075534
836,76956,500.0,267.02,,8.781639275550843,6.529305696487427,53,,,,,0.592533,,7.632076,0.075534
837,77456,500.0,269.26,,8.781639275550843,6.529305696487427,53,,,,,0.592533,,7.632076,0.075534
838,77686,230.0,270.38,,8.781639275550843,6.529305696487427,53,,,,,0.592533,,7.632076,0.075534
839,77923,237.0,269.15,,8.781639275550843,6.529305696487427,53,,,,,0.592533,,7.632076,0.075534
840,78140,217.0,268.96,,8.781639275550843,6.529305696487427,53,,,,,0.592533,,7.632076,0.075534
841,78401,261.0,269.2,,8.781639275550843,6.529305696487427,53,,,,,0.592533,,7.632076,0.075534
842,78770,369.0,269.41,,8.781639275550843,6.529305696487427,53,,,,,0.592533,,7.632076,0.075534
843,79270,500.0,272.05,,8.781639275550843,6.529305696487427,53,,,,,0.592533,,7.632076,0.075534
844,79489,219.0,272.24,,8.781639275550843,6.529305696487427,53,,,,,0.592533,,7.632076,0.075534
845,79659,170.0,271.35,,8.781639275550843,6.529305696487427,53,,,,,0.592533,,7.632076,0.075534
846,80159,500.0,274.37,,8.781639275550843,6.529305696487427,53,,,,,0.592533,,7.632076,0.075534
847,80440,281.0,274.38,,8.781639275550843,6.529305696487427,53,,,,,0.592533,,7.632076,0.075534
848,80593,153.0,274.39,,8.472787861824036,6.8229594230651855,54,,,,,0.587265,,7.860663,0.147249
849,80886,293.0,275.22,,8.472787861824036,6.8229594230651855,54,,,495.4,9.2,0.587265,,7.860663,0.147249
850,81104,218.0,275.13,,8.472787861824036,6.8229594230651855,54,,,,,0.587265,,7.860663,0.147249
851,81406,302.0,276.03,,8.472787861824036,6.8229594230651855,54,,,,,0.587265,,7.860663,0.147249
852,81754,348.0,277.14,,8.472787861824036,6.8229594230651855,54,,,,,0.587265,,7.860663,0.147249
853,81959,205.0,276.91,,8.472787861824036,6.8229594230651855,54,,,,,0.587265,,7.860663,0.147249
854,82190,231.0,277.34,,8.472787861824036,6.8229594230651855,54,,,,,0.587265,,7.860663,0.147249
855,82432,242.0,277.54,,8.472787861824036,6.8229594230651855,54,,,,,0.587265,,7.860663,0.147249
856,82707,275.0,277.49,,8.472787861824036,6.8229594230651855,54,,,,,0.587265,,7.860663,0.147249
857,83207,500.0,280.63,,8.472787861824036,6.8229594230651855,54,,,,,0.587265,,7.860663,0.147249
858,83460,253.0,281.01,,8.472787861824036,6.8229594230651855,54,,,,,0.587265,,7.860663,0.147249
859,83713,253.0,282.14,,8.472787861824036,6.8229594230651855,54,,,,,0.587265,,7.860663,0.147249
860,84019,306.0,281.73,,8.472787861824036,6.8229594230651855,54,,,,,0.587265,,7.860663,0.147249
861,84235,216.0,281.74,,8.472787861824036,6.8229594230651855,54,,,,,0.587265,,7.860663,0.147249
862,84469,234.0,282.03,,8.472787861824036,6.8229594230651855,54,,,,,0.587265,,7.860663,0.147249
863,84747,278.0,281.81,,8.472787861824036,6.8229594230651855,54,,,,,0.587265,,7.860663,0.147249
864,84993,246.0,279.53,,8.198366680145263,7.0947325229644775,55,,,,,0.590289,,7.851022,0.099173
865,85284,291.0,280.36,,8.198366680145263,7.095736026763916,55,,,,,0.590289,,7.851022,0.099173
866,85591,307.0,281.93,,8.198366680145263,7.095736026763916,55,,,,,0.590289,,7.851022,0.099173
867,85908,317.0,283.4,,8.198366680145263,7.095736026763916,55,,,,,0.590289,,7.851022,0.099173
868,86113,205.0,285.11,,8.198366680145263,7.095736026763916,55,,,,,0.590289,,7.851022,0.099173
869,86308,195.0,282.06,,8.198366680145263,7.095736026763916,55,,,,,0.590289,,7.851022,0.099173
870,86711,403.0,281.75,,8.198366680145263,7.095736026763916,55,,,,,0.590289,,7.851022,0.099173
871,86984,273.0,282.14,,8.198366680145263,7.095736026763916,55,,,,,0.590289,,7.851022,0.099173
872,87144,160.0,280.75,,8.198366680145263,7.095736026763916,55,,,,,0.590289,,7.851022,0.099173
873,87343,199.0,280.82,,8.198366680145263,7.095736026763916,55,,,,,0.590289,,7.851022,0.099173
874,87496,153.0,279.09,,8.198366680145263,7.095736026763916,55,,,,,0.590289,,7.851022,0.099173
875,87886,390.0,280.47,,8.198366680145263,7.095736026763916,55,,,,,0.590289,,7.851022,0.099173
876,88191,305.0,281.21,,8.198366680145263,7.095736026763916,55,,,,,0.590289,,7.851022,0.099173
877,88395,204.0,281.19,,8.198366680145263,7.095736026763916,55,,,,,0.590289,,7.851022,0.099173
878,88821,426.0,283.9,,8.198366680145263,7.095736026763916,55,,,,,0.590289,,7.851022,0.099173
879,89112,291.0,284.65,,8.198366680145263,7.095736026763916,55,,,,,0.590289,,7.851022,0.099173
880,89309,197.0,285.05,,7.88606794834137,7.420517444610596,56,,,,,0.587322,,7.487956,0.202543
881,89809,500.0,288.42,,7.88606794834137,7.420517444610596,56,,,,,0.587322,,7.487956,0.202543
882,89988,179.0,289.07,,7.88606794834137,7.420517444610596,56,,,,,0.587322,,7.487956,0.202543
883,90192,204.0,288.55,,7.88606794834137,7.420517444610596,56,,,,,0.587322,,7.487956,0.202543
884,90375,183.0,288.44,,7.88606794834137,7.420517444610596,56,,,,,0.587322,,7.487956,0.202543
885,90596,221.0,287.97,,7.88606794834137,7.420517444610596,56,,,,,0.587322,,7.487956,0.202543
886,90874,278.0,287.89,,7.88606794834137,7.420517444610596,56,,,,,0.587322,,7.487956,0.202543
887,91111,237.0,285.83,,7.88606794834137,7.420517444610596,56,,,,,0.587322,,7.487956,0.202543
888,91353,242.0,284.32,,7.88606794834137,7.420517444610596,56,,,,,0.587322,,7.487956,0.202543
889,91740,387.0,285.75,,7.88606794834137,7.420517444610596,56,,,,,0.587322,,7.487956,0.202543
890,92085,345.0,284.4,,7.88606794834137,7.420517444610596,56,,,,,0.587322,,7.487956,0.202543
891,92474,389.0,286.26,,7.88606794834137,7.420517444610596,56,,,,,0.587322,,7.487956,0.202543
892,92684,210.0,284.71,,7.88606794834137,7.420517444610596,56,,,,,0.587322,,7.487956,0.202543
893,93184,500.0,288.18,,7.88606794834137,7.420517444610596,56,,,,,0.587322,,7.487956,0.202543
894,93419,235.0,288.14,,7.88606794834137,7.420517444610596,56,,,,,0.587322,,7.487956,0.202543
895,93660,241.0,288.95,,7.88606794834137,7.420517444610596,56,,,,,0.587322,,7.487956,0.202543
896,93979,319.0,289.23,,7.645806007385254,7.746490001678467,57,,,,,0.589418,,7.195306,0.069792
897,94398,419.0,292.62,,7.645806007385254,7.746490001678467,57,,,,,0.589418,,7.195306,0.069792
898,94898,500.0,293.29,,7.645806007385254,7.746490001678467,57,,,,,0.589418,,7.195306,0.069792
899,95063,165.0,291.75,,7.645806007385254,7.746490001678467,57,,,494.2,11.6,0.589418,,7.195306,0.069792
900,95345,282.0,293.23,,7.645806007385254,7.746490001678467,57,,,,,0.589418,,7.195306,0.069792
901,95651,306.0,293.3,,7.645806007385254,7.746490001678467,57,,,,,0.589418,,7.195306,0.069792
902,95907,256.0,293.82,,7.645806007385254,7.746490001678467,57,,,,,0.589418,,7.195306,0.069792
903,96092,185.0,295.44,,7.645806007385254,7.746490001678467,57,,,,,0.589418,,7.195306,0.069792
904,96454,362.0,296.5,,7.645806007385254,7.746490001678467,57,,,,,0.589418,,7.195306,0.069792
905,96954,500.0,296.5,,7.645806007385254,7.746490001678467,57,,,,,0.589418,,7.195306,0.069792
906,97428,474.0,299.52,,7.645806007385254,7.746490001678467,57,,,,,0.589418,,7.195306,0.069792
907,97700,272.0,300.07,,7.645806007385254,7.746490001678467,57,,,,,0.589418,,7.195306,0.069792
908,98200,500.0,300.94,,7.645806007385254,7.746490001678467,57,,,,,0.589418,,7.195306,0.069792
909,98700,500.0,303.53,,7.645806007385254,7.746490001678467,57,,,,,0.589418,,7.195306,0.069792
910,99200,500.0,305.82,,7.645806007385254,7.746490001678467,57,,,,,0.589418,,7.195306,0.069792
911,99500,300.0,307.33,,7.645806007385254,7.746490001678467,57,,,,,0.589418,,7.195306,0.069792
912,99797,297.0,307.34,,7.392320828437805,8.043793201446533,58,,,,,0.585243,,7.278709,0.322310
913,100086,289.0,307.31,,7.392320828437805,8.043793201446533,58,,,,,0.585243,,7.278709,0.322310
914,100461,375.0,306.06,,7.392320828437805,8.043793201446533,58,,,,,0.585243,,7.278709,0.322310
915,100836,375.0,306.54,,7.392320828437805,8.043793201446533,58,,,,,0.585243,,7.278709,0.322310
916,101071,235.0,304.78,,7.392320828437805,8.043793201446533,58,,,,,0.585243,,7.278709,0.322310
917,101297,226.0,305.12,,7.392320828437805,8.043793201446533,58,,,,,0.585243,,7.278709,0.322310
918,101509,212.0,304.33,,7.392320828437805,8.043793201446533,58,,,,,0.585243,,7.278709,0.322310
919,101752,243.0,303.2,,7.392320828437805,8.043793201446533,58,,,,,0.585243,,7.278709,0.322310
920,102069,317.0,304.52,,7.392320828437805,8.043793201446533,58,,,,,0.585243,,7.278709,0.322310
921,102551,482.0,304.34,,7.392320828437805,8.043793201446533,58,,,,,0.585243,,7.278709,0.322310
922,102961,410.0,305.81,,7.392320828437805,8.043793201446533,58,,,,,0.585243,,7.278709,0.322310
923,103296,335.0,304.73,,7.392320828437805,8.043793201446533,58,,,,,0.585243,,7.278709,0.322310
924,103428,132.0,304.05,,7.392320828437805,8.043793201446533,58,,,,,0.585243,,7.278709,0.322310
925,103593,165.0,304.71,,7.392320828437805,8.043793201446533,58,,,,,0.585243,,7.278709,0.322310
926,103936,343.0,303.14,,7.392320828437805,8.043793201446533,58,,,,,0.585243,,7.278709,0.322310
927,104179,243.0,303.26,,7.392320828437805,8.043793201446533,58,,,,,0.585243,,7.278709,0.322310
928,104326,147.0,300.04,,7.130917434692383,8.321563005447388,59,,,,,0.584845,,6.752070,0.461090
929,104700,374.0,300.02,,7.130917434692383,8.321563005447388,59,,,,,0.584845,,6.752070,0.461090
930,104913,213.0,298.49,,7.130917434692383,8.321563005447388,59,,,,,0.584845,,6.752070,0.461090
931,105161,248.0,298.43,,7.130917434692383,8.321563005447388,59,,,,,0.584845,,6.752070,0.461090
932,105315,154.0,296.33,,7.130917434692383,8.322583198547363,59,,,,,0.584845,,6.752070,0.461090
933,105815,500.0,298.31,,7.130917434692383,8.322583198547363,59,,,,,0.584845,,6.752070,0.461090
934,106188,373.0,300.58,,7.130917434692383,8.322583198547363,59,,,,,0.584845,,6.752070,0.461090
935,106395,207.0,299.39,,7.130917434692383,8.322583198547363,59,,,,,0.584845,,6.752070,0.461090
936,106574,179.0,296.18,,7.130917434692383,8.322583198547363,59,,,,,0.584845,,6.752070,0.461090
937,106779,205.0,293.23,,7.130917434692383,8.322583198547363,59,,,,,0.584845,,6.752070,0.461090
938,107000,221.0,293.14,,7.130917434692383,8.322583198547363,59,,,,,0.584845,,6.752070,0.461090
939,107356,356.0,294.33,,7.130917434692383,8.322583198547363,59,,,,,0.584845,,6.752070,0.461090
940,107599,243.0,294.59,,7.130917434692383,8.322583198547363,59,,,,,0.584845,,6.752070,0.461090
941,107890,291.0,294.89,,7.130917434692383,8.322583198547363,59,,,,,0.584845,,6.752070,0.461090
942,108112,222.0,293.42,,7.130917434692383,8.322583198547363,59,,,,,0.584845,,6.752070,0.461090
943,108320,208.0,290.5,,7.130917434692383,8.322583198547363,59,,,,,0.584845,,6.752070,0.461090
944,108602,282.0,291.13,,6.847420883178711,8.648501873016357,60,,,,,0.583692,,6.783402,0.398372
945,108912,310.0,292.53,,6.847420883178711,8.648501873016357,60,,,,,0.583692,,6.783402,0.398372
946,109399,487.0,292.4,,6.847420883178711,8.648501873016357,60,,,,,0.583692,,6.783402,0.398372
947,109783,384.0,293.43,,6.847420883178711,8.648501873016357,60,,,,,0.583692,,6.783402,0.398372
948,110100,317.0,295.07,,6.847420883178711,8.648501873016357,60,,,,,0.583692,,6.783402,0.398372
949,110518,418.0,296.32,,6.847420883178711,8.648501873016357,60,,,493.6,12.799999999999999,0.583692,,6.783402,0.398372
950,110917,399.0,298.13,,6.847420883178711,8.648501873016357,60,,,,,0.583692,,6.783402,0.398372
951,111171,254.0,297.65,,6.847420883178711,8.648501873016357,60,,,,,0.583692,,6.783402,0.398372
952,111592,421.0,298.38,,6.847420883178711,8.648501873016357,60,,,,,0.583692,,6.783402,0.398372
953,112041,449.0,300.82,,6.847420883178711,8.648501873016357,60,,,,,0.583692,,6.783402,0.398372
954,112474,433.0,302.84,,6.847420883178711,8.648501873016357,60,,,,,0.583692,,6.783402,0.398372
955,112646,172.0,302.14,,6.847420883178711,8.648501873016357,60,,,,,0.583692,,6.783402,0.398372
956,112922,276.0,302.15,,6.847420883178711,8.648501873016357,60,,,,,0.583692,,6.783402,0.398372
957,113241,319.0,300.34,,6.847420883178711,8.648501873016357,60,,,,,0.583692,,6.783402,0.398372
958,113274,33.0,298.14,,6.847420883178711,8.648501873016357,60,,,,,0.583692,,6.783402,0.398372
959,113625,351.0,299.12,,6.847420883178711,8.648501873016357,60,,,,,0.583692,,6.783402,0.398372
960,114125,500.0,301.06,,6.628228778839111,9.009486198425293,61,,,,,0.580445,,6.489429,0.394570
961,114274,149.0,300.39,,6.628228778839111,9.009486198425293,61,,,,,0.580445,,6.489429,0.394570
962,114572,298.0,301.03,,6.628228778839111,9.009486198425293,61,,,,,0.580445,,6.489429,0.394570
963,114888,316.0,301.41,,6.628228778839111,9.009486198425293,61,,,,,0.580445,,6.489429,0.394570
964,115388,500.0,303.95,,6.628228778839111,9.009486198425293,61,,,,,0.580445,,6.489429,0.394570
965,115624,236.0,303.4,,6.628228778839111,9.009486198425293,61,,,,,0.580445,,6.489429,0.394570
966,115829,205.0,302.38,,6.628228778839111,9.009486198425293,61,,,,,0.580445,,6.489429,0.394570
967,116031,202.0,301.23,,6.628228778839111,9.009486198425293,61,,,,,0.580445,,6.489429,0.394570
968,116218,187.0,301.05,,6.628228778839111,9.009486198425293,61,,,,,0.580445,,6.489429,0.394570
969,116561,343.0,302.53,,6.628228778839111,9.009486198425293,61,,,,,0.580445,,6.489429,0.394570
970,117013,452.0,303.02,,6.628228778839111,9.009486198425293,61,,,,,0.580445,,6.489429,0.394570
971,117281,268.0,302.97,,6.628228778839111,9.009486198425293,61,,,,,0.580445,,6.489429,0.394570
972,117653,372.0,305.09,,6.628228778839111,9.009486198425293,61,,,,,0.580445,,6.489429,0.394570
973,118153,500.0,308.1,,6.628228778839111,9.009486198425293,61,,,,,0.580445,,6.489429,0.394570
974,118653,500.0,311.57,,6.628228778839111,9.009486198425293,61,,,,,0.580445,,6.489429,0.394570
975,118901,248.0,310.15,,6.628228778839111,9.009486198425293,61,,,,,0.580445,,6.489429,0.394570
976,119153,252.0,309.62,,6.367078957557678,9.329496145248413,62,,,,,0.581014,,6.464134,0.440707
977,119466,313.0,310.71,,6.367078957557678,9.329496145248413,62,,,,,0.581014,,6.464134,0.440707
978,119902,436.0,310.81,,6.367078957557678,9.329496145248413,62,,,,,0.581014,,6.464134,0.440707
979,120067,165.0,309.55,,6.367078957557678,9.329496145248413,62,,,,,0.581014,,6.464134,0.440707
980,120311,244.0,310.02,,6.367078957557678,9.329496145248413,62,,,,,0.581014,,6.464134,0.440707
981,120551,240.0,307.42,,6.367078957557678,9.329496145248413,62,,,,,0.581014,,6.464134,0.440707
982,121014,463.0,310.26,,6.367078957557678,9.329496145248413,62,,,,,0.581014,,6.464134,0.440707
983,121155,141.0,309.63,,6.367078957557678,9.329496145248413,62,,,,,0.581014,,6.464134,0.440707
984,121385,230.0,310.1,,6.367078957557678,9.329496145248413,62,,,,,0.581014,,6.464134,0.440707
985,121663,278.0,310.67,,6.367078957557678,9.329496145248413,62,,,,,0.581014,,6.464134,0.440707
986,121888,225.0,310.14,,6.367078957557678,9.329496145248413,62,,,,,0.581014,,6.464134,0.440707
987,122388,500.0,312.77,,6.367078957557678,9.329496145248413,62,,,,,0.581014,,6.464134,0.440707
988,122815,427.0,314.62,,6.367078957557678,9.329496145248413,62,,,,,0.581014,,6.464134,0.440707
989,123172,357.0,314.32,,6.367078957557678,9.329496145248413,62,,,,,0.581014,,6.464134,0.440707
990,123535,363.0,314.5,,6.367078957557678,9.329496145248413,62,,,,,0.581014,,6.464134,0.440707
991,123988,453.0,315.14,,6.367078957557678,9.329496145248413,62,,,,,0.581014,,6.464134,0.440707
992,124152,164.0,314.68,,6.169385185241699,9.642688512802124,63,,,,,0.582596,,6.308073,0.483515
993,124350,198.0,311.66,,6.169385185241699,9.642688512802124,63,,,,,0.582596,,6.308073,0.483515
994,124850,500.0,314.31,,6.169385185241699,9.642688512802124,63,,,,,0.582596,,6.308073,0.483515
995,125049,199.0,313.89,,6.169385185241699,9.642688512802124,63,,,,,0.582596,,6.308073,0.483515
996,125204,155.0,312.25,,6.169385185241699,9.642688512802124,63,,,,,0.582596,,6.308073,0.483515
997,125442,238.0,310.44,,6.169385185241699,9.642688512802124,63,,,,,0.582596,,6.308073,0.483515
998,125780,338.0,308.82,,6.169385185241699,9.642688512802124,63,,,,,0.582596,,6.308073,0.483515
999,126009,229.0,309.46,,6.169385185241699,9.642688512802124,63,,,493.8,12.4,0.582596,,6.308073,0.483515
1000,126372,363.0,310.27,,6.169385185241699,9.642688512802124,63,,,,,0.582596,,6.308073,0.483515
1001,126607,235.0,309.56,,6.169385185241699,9.642688512802124,63,,,,,0.582596,,6.308073,0.483515
1002,126965,358.0,310.58,,6.169385185241699,9.642688512802124,63,,,,,0.582596,,6.308073,0.483515
1003,127300,335.0,312.08,,6.169385185241699,9.642688512802124,63,,,,,0.582596,,6.308073,0.483515
1004,127566,266.0,311.12,,6.169385185241699,9.642688512802124,63,,,,,0.582596,,6.308073,0.483515
1005,128040,474.0,310.86,,6.169385185241699,9.642688512802124,63,,,,,0.582596,,6.308073,0.483515
1006,128289,249.0,308.61,,6.169385185241699,9.642688512802124,63,,,,,0.582596,,6.308073,0.483515
1007,128622,333.0,309.22,,6.169385185241699,9.642688512802124,63,,,,,0.582596,,6.308073,0.483515
1008,128975,353.0,307.75,,5.94545325756073,9.930761814117432,64,,,,,0.578451,,6.238723,0.545474
1009,129157,182.0,304.57,,5.94545325756073,9.930761814117432,64,,,,,0.578451,,6.238723,0.545474
1010,129409,252.0,302.09,,5.94545325756073,9.930761814117432,64,,,,,0.578451,,6.238723,0.545474
1011,129635,226.0,301.35,,5.94545325756073,9.930761814117432,64,,,,,0.578451,,6.238723,0.545474
1012,129891,256.0,300.94,,5.94545325756073,9.930761814117432,64,,,,,0.578451,,6.238723,0.545474
1013,130137,246.0,300.51,,5.94545325756073,9.930761814117432,64,,,,,0.578451,,6.238723,0.545474
1014,130314,177.0,298.53,,5.94545325756073,9.930761814117432,64,,,,,0.578451,,6.238723,0.545474
1015,130617,303.0,297.81,,5.94545325756073,9.930761814117432,64,,,,,0.578451,,6.238723,0.545474
1016,130900,283.0,298.29,,5.94545325756073,9.930761814117432,64,,,,,0.578451,,6.238723,0.545474
1017,131045,145.0,297.48,,5.94545325756073,9.930761814117432,64,,,,,0.578451,,6.238723,0.545474
1018,131236,191.0,297.27,,5.94545325756073,9.930761814117432,64,,,,,0.578451,,6.238723,0.545474
1019,131383,147.0,296.31,,5.94545325756073,9.930761814117432,64,,,,,0.578451,,6.238723,0.545474
1020,131673,290.0,296.04,,5.94545325756073,9.930761814117432,64,,,,,0.578451,,6.238723,0.545474
1021,131884,211.0,293.33,,5.94545325756073,9.930761814117432,64,,,,,0.578451,,6.238723,0.545474
1022,132384,500.0,294.23,,5.94545325756073,9.930761814117432,64,,,,,0.578451,,6.238723,0.545474
1023,132552,168.0,292.56,,5.94545325756073,9.930761814117432,64,,,,,0.578451,,6.238723,0.545474
1024,132842,290.0,294.14,,5.734946312904358,10.240441799163818,65,,,,,0.572921,,6.149455,0.464658
1025,133102,260.0,295.09,,5.734946312904358,10.240441799163818,65,,,,,0.572921,,6.149455,0.464658
1026,133378,276.0,294.42,,5.734946312904358,10.240441799163818,65,,,,,0.572921,,6.149455,0.464658
1027,133581,203.0,294.02,,5.734946312904358,10.240441799163818,65,,,,,0.572921,,6.149455,0.464658
1028,133860,279.0,295.34,,5.734946312904358,10.240441799163818,65,,,,,0.572921,,6.149455,0.464658
1029,134285,425.0,295.85,,5.734946312904358,10.240441799163818,65,,,,,0.572921,,6.149455,0.464658
1030,134530,245.0,296.17,,5.734946312904358,10.240441799163818,65,,,,,0.572921,,6.149455,0.464658
1031,134936,406.0,297.75,,5.734946312904358,10.240441799163818,65,,,,,0.572921,,6.149455,0.464658
1032,135126,190.0,298.11,,5.734946312904358,10.240441799163818,65,,,,,0.572921,,6.149455,0.464658
1033,135319,193.0,295.04,,5.734946312904358,10.240441799163818,65,,,,,0.572921,,6.149455,0.464658
1034,135819,500.0,296.31,,5.734946312904358,10.240441799163818,65,,,,,0.572921,,6.149455,0.464658
1035,136044,225.0,296.49,,5.734946312904358,10.240441799163818,65,,,,,0.572921,,6.149455,0.464658
1036,136225,181.0,296.51,,5.734946312904358,10.240441799163818,65,,,,,0.572921,,6.149455,0.464658
1037,136473,248.0,296.94,,5.734946312904358,10.240441799163818,65,,,,,0.572921,,6.149455,0.464658
1038,136709,236.0,297.09,,5.734946312904358,10.240441799163818,65,,,,,0.572921,,6.149455,0.464658
1039,136957,248.0,296.01,,5.734946312904358,10.240441799163818,65,,,,,0.572921,,6.149455,0.464658
1040,137233,276.0,296.34,,5.555603728294373,10.570087432861328,66,,,,,0.567524,,6.209765,0.429121
1041,137613,380.0,297.23,,5.555603728294373,10.570087432861328,66,,,,,0.567524,,6.209765,0.429121
1042,137950,337.0,298.38,,5.555603728294373,10.570087432861328,66,,,,,0.567524,,6.209765,0.429121
1043,138265,315.0,299.45,,5.555603728294373,10.570087432861328,66,,,,,0.567524,,6.209765,0.429121
1044,138594,329.0,299.92,,5.555603728294373,10.570087432861328,66,,,,,0.567524,,6.209765,0.429121
1045,139001,407.0,300.89,,5.555603728294373,10.570087432861328,66,,,,,0.567524,,6.209765,0.429121
1046,139291,290.0,298.92,,5.555603728294373,10.570087432861328,66,,,,,0.567524,,6.209765,0.429121
1047,139791,500.0,300.08,,5.555603728294373,10.570087432861328,66,,,,,0.567524,,6.209765,0.429121
1048,140196,405.0,300.96,,5.555603728294373,10.570087432861328,66,,,,,0.567524,,6.209765,0.429121
1049,140508,312.0,299.9,,5.555603728294373,10.570087432861328,66,,,499.0,2.0,0.567524,,6.209765,0.429121
1050,140731,223.0,298.14,,5.555603728294373,10.571088552474976,66,,,,,0.567524,,6.209765,0.429121
1051,140978,247.0,298.07,,5.555603728294373,10.571088552474976,66,,,,,0.567524,,6.209765,0.429121
1052,141317,339.0,297.25,,5.555603728294373,10.571088552474976,66,,,,,0.567524,,6.209765,0.429121
1053,141708,391.0,296.67,,5.555603728294373,10.571088552474976,66,,,,,0.567524,,6.209765,0.429121
1054,142201,493.0,297.27,,5.555603728294373,10.571088552474976,66,,,,,0.567524,,6.209765,0.429121
1055,142626,425.0,299.8,,5.555603728294373,10.571088552474976,66,,,,,0.567524,,6.209765,0.429121
1056,142921,295.0,299.99,,5.389108467102051,10.889334917068481,67,,,,,0.575270,,5.805746,0.526373
1057,143101,180.0,298.6,,5.389108467102051,10.889334917068481,67,,,,,0.575270,,5.805746,0.526373
1058,143577,476.0,303.03,,5.389108467102051,10.889334917068481,67,,,,,0.575270,,5.805746,0.526373
1059,143822,245.0,301.97,,5.389108467102051,10.889334917068481,67,,,,,0.575270,,5.805746,0.526373
1060,144111,289.0,299.86,,5.389108467102051,10.889334917068481,67,,,,,0.575270,,5.805746,0.526373
1061,144312,201.0,300.38,,5.389108467102051,10.889334917068481,67,,,,,0.575270,,5.805746,0.526373
1062,144551,239.0,299.79,,5.389108467102051,10.889334917068481,67,,,,,0.575270,,5.805746,0.526373
1063,144950,399.0,300.62,,5.389108467102051,10.889334917068481,67,,,,,0.575270,,5.805746,0.526373
1064,145263,313.0,298.75,,5.389108467102051,10.889334917068481,67,,,,,0.575270,,5.805746,0.526373
1065,145450,187.0,298.26,,5.389108467102051,10.889334917068481,67,,,,,0.575270,,5.805746,0.526373
1066,145950,500.0,301.21,,5.389108467102051,10.889334917068481,67,,,,,0.575270,,5.805746,0.526373
1067,146225,275.0,301.94,,5.389108467102051,10.889334917068481,67,,,,,0.575270,,5.805746,0.526373
1068,146423,198.0,302.05,,5.389108467102051,10.889334917068481,67,,,,,0.575270,,5.805746,0.526373
1069,146632,209.0,300.71,,5.389108467102051,10.889334917068481,67,,,,,0.575270,,5.805746,0.526373
1070,146791,159.0,297.78,,5.389108467102051,10.889334917068481,67,,,,,0.575270,,5.805746,0.526373
1071,146971,180.0,296.9,,5.389108467102051,10.889334917068481,67,,,,,0.575270,,5.805746,0.526373
1072,147274,303.0,296.21,,5.201420631408691,11.18390965461731,68,,,,,0.574493,,5.882214,0.489599
1073,147496,222.0,293.43,,5.201420631408691,11.18390965461731,68,,,,,0.574493,,5.882214,0.489599
1074,147776,280.0,291.23,,5.201420631408691,11.18390965461731,68,,,,,0.574493,,5.882214,0.489599
1075,148187,411.0,292.86,,5.201420631408691,11.18390965461731,68,,,,,0.574493,,5.882214,0.489599
1076,148468,281.0,293.15,,5.201420631408691,11.18390965461731,68,,,,,0.574493,,5.882214,0.489599
1077,148679,211.0,292.13,,5.201420631408691,11.18390965461731,68,,,,,0.574493,,5.882214,0.489599
1078,148904,225.0,290.02,,5.201420631408691,11.18390965461731,68,,,,,0.574493,,5.882214,0.489599
1079,149308,404.0,292.41,,5.201420631408691,11.18390965461731,68,,,,,0.574493,,5.882214,0.489599
1080,149516,208.0,292.05,,5.201420631408691,11.18390965461731,68,,,,,0.574493,,5.882214,0.489599
1081,149735,219.0,291.84,,5.201420631408691,11.18390965461731,68,,,,,0.574493,,5.882214,0.489599
1082,150197,462.0,291.83,,5.201420631408691,11.18390965461731,68,,,,,0.574493,,5.882214,0.489599
1083,150488,291.0,293.33,,5.201420631408691,11.18390965461731,68,,,,,0.574493,,5.882214,0.489599
1084,150688,200.0,293.03,,5.201420631408691,11.18390965461731,68,,,,,0.574493,,5.882214,0.489599
1085,150853,165.0,291.9,,5.201420631408691,11.184595346450806,68,,,,,0.574493,,5.882214,0.489599
1086,151095,242.0,292.07,,5.201420631408691,11.184595346450806,68,,,,,0.574493,,5.882214,0.489599
1087,151595,500.0,292.07,,5.201420631408691,11.184595346450806,68,,,,,0.574493,,5.882214,0.489599
1088,151748,153.0,289.33,,5.025292620658875,11.505997657775879,69,,,,,0.570755,,5.604332,0.510866
1089,151935,187.0,287.63,,5.025292620658875,11.505997657775879,69,,,,,0.570755,,5.604332,0.510866
1090,152175,240.0,286.4,,5.025292620658875,11.505997657775879,69,,,,,0.570755,,5.604332,0.510866
1091,152675,500.0,286.87,,5.025292620658875,11.505997657775879,69,,,,,0.570755,,5.604332,0.510866
1092,152891,216.0,287.39,,5.025292620658875,11.505997657775879,69,,,,,0.570755,,5.604332,0.510866
1093,153111,220.0,287.61,,5.025292620658875,11.505997657775879,69,,,,,0.570755,,5.604332,0.510866
1094,153551,440.0,287.01,,5.025292620658875,11.505997657775879,69,,,,,0.570755,,5.604332,0.510866
1095,153812,261.0,287.63,,5.025292620658875,11.505997657775879,69,,,,,0.570755,,5.604332,0.510866
1096,154054,242.0,288.5,,5.025292620658875,11.505997657775879,69,,,,,0.570755,,5.604332,0.510866
1097,154554,500.0,291.12,,5.025292620658875,11.505997657775879,69,,,,,0.570755,,5.604332,0.510866
1098,154760,206.0,289.8,,5.025292620658875,11.505997657775879,69,,,,,0.570755,,5.604332,0.510866
1099,154976,216.0,289.67,,5.025292620658875,11.505997657775879,69,,,500.0,0.0,0.570755,,5.604332,0.510866
1100,155476,500.0,291.04,,5.025292620658875,11.505997657775879,69,,,,,0.570755,,5.604332,0.510866
1101,155695,219.0,290.88,,5.025292620658875,11.505997657775879,69,,,,,0.570755,,5.604332,0.510866
1102,155902,207.0,289.37,,5.025292620658875,11.505997657775879,69,,,,,0.570755,,5.604332,0.510866
1103,156247,345.0,289.47,,5.025292620658875,11.505997657775879,69,,,,,0.570755,,5.604332,0.510866
1104,156648,401.0,290.82,,4.903844270706177,11.791663646697998,70,,,,,0.570576,,5.853722,0.454237
1105,156880,232.0,288.4,,4.903844270706177,11.791663646697998,70,,,,,0.570576,,5.853722,0.454237
1106,157238,358.0,289.49,,4.903844270706177,11.791663646697998,70,,,,,0.570576,,5.853722,0.454237
1107,157549,311.0,289.27,,4.903844270706177,11.791663646697998,70,,,,,0.570576,,5.853722,0.454237
1108,157777,228.0,288.02,,4.903844270706177,11.791663646697998,70,,,,,0.570576,,5.853722,0.454237
1109,157967,190.0,288.1,,4.903844270706177,11.791663646697998,70,,,,,0.570576,,5.853722,0.454237
1110,158201,234.0,287.92,,4.903844270706177,11.791663646697998,70,,,,,0.570576,,5.853722,0.454237
1111,158521,320.0,288.86,,4.903844270706177,11.791663646697998,70,,,,,0.570576,,5.853722,0.454237
1112,158961,440.0,290.7,,4.903844270706177,11.791663646697998,70,,,,,0.570576,,5.853722,0.454237
1113,159210,249.0,290.73,,4.903844270706177,11.791663646697998,70,,,,,0.570576,,5.853722,0.454237
1114,159510,300.0,291.96,,4.903844270706177,11.791663646697998,70,,,,,0.570576,,5.853722,0.454237
1115,159716,206.0,290.99,,4.903844270706177,11.791663646697998,70,,,,,0.570576,,5.853722,0.454237
1116,159984,268.0,290.84,,4.903844270706177,11.791663646697998,70,,,,,0.570576,,5.853722,0.454237
1117,160316,332.0,292.71,,4.903844270706177,11.791663646697998,70,,,,,0.570576,,5.853722,0.454237
1118,160545,229.0,293.09,,4.903844270706177,11.791663646697998,70,,,,,0.570576,,5.853722,0.454237
1119,160880,335.0,294.97,,4.903844270706177,11.791663646697998,70,,,,,0.570576,,5.853722,0.454237
1120,161143,263.0,294.7,,4.80059389591217,12.089018821716309,71,,,,,0.567286,,5.747919,0.440266
1121,161339,196.0,294.55,,4.80059389591217,12.089018821716309,71,,,,,0.567286,,5.747919,0.440266
1122,161528,189.0,291.44,,4.80059389591217,12.089018821716309,71,,,,,0.567286,,5.747919,0.440266
1123,161975,447.0,294.23,,4.80059389591217,12.089018821716309,71,,,,,0.567286,,5.747919,0.440266
1124,162199,224.0,293.57,,4.80059389591217,12.089018821716309,71,,,,,0.567286,,5.747919,0.440266
1125,162401,202.0,292.99,,4.80059389591217,12.089018821716309,71,,,,,0.567286,,5.747919,0.440266
1126,162773,372.0,293.95,,4.80059389591217,12.089018821716309,71,,,,,0.567286,,5.747919,0.440266
1127,163273,500.0,296.92,,4.80059389591217,12.089018821716309,71,,,,,0.567286,,5.747919,0.440266
1128,163494,221.0,296.34,,4.80059389591217,12.089018821716309,71,,,,,0.567286,,5.747919,0.440266
1129,163770,276.0,294.85,,4.80059389591217,12.089018821716309,71,,,,,0.567286,,5.747919,0.440266
1130,163988,218.0,294.58,,4.80059389591217,12.089018821716309,71,,,,,0.567286,,5.747919,0.440266
1131,164333,345.0,293.97,,4.80059389591217,12.089018821716309,71,,,,,0.567286,,5.747919,0.440266
1132,164604,271.0,294.78,,4.80059389591217,12.089018821716309,71,,,,,0.567286,,5.747919,0.440266
1133,164902,298.0,295.83,,4.80059389591217,12.089018821716309,71,,,,,0.567286,,5.747919,0.440266
1134,165226,324.0,294.07,,4.80059389591217,12.089018821716309,71,,,,,0.567286,,5.747919,0.440266
1135,165466,240.0,294.22,,4.80059389591217,12.089018821716309,71,,,,,0.567286,,5.747919,0.440266
1136,165721,255.0,294.96,,4.645828776359558,12.41906452178955,72,,,,,0.565557,,5.638640,0.405445
1137,165937,216.0,294.64,,4.645828776359558,12.41906452178955,72,,,,,0.565557,,5.638640,0.405445
1138,166309,372.0,296.0,,4.645828776359558,12.41906452178955,72,,,,,0.565557,,5.638640,0.405445
1139,166524,215.0,295.67,,4.645828776359558,12.41906452178955,72,,,,,0.565557,,5.638640,0.405445
1140,166735,211.0,295.02,,4.645828776359558,12.41906452178955,72,,,,,0.565557,,5.638640,0.405445
1141,167098,363.0,294.85,,4.645828776359558,12.41906452178955,72,,,,,0.565557,,5.638640,0.405445
1142,167364,266.0,294.14,,4.645828776359558,12.41906452178955,72,,,,,0.565557,,5.638640,0.405445
1143,167864,500.0,295.99,,4.645828776359558,12.41906452178955,72,,,,,0.565557,,5.638640,0.405445
1144,168107,243.0,295.13,,4.645828776359558,12.420064926147461,72,,,,,0.565557,,5.638640,0.405445
1145,168422,315.0,294.21,,4.645828776359558,12.420064926147461,72,,,,,0.565557,,5.638640,0.405445
1146,168611,189.0,293.2,,4.645828776359558,12.420064926147461,72,,,,,0.565557,,5.638640,0.405445
1147,169090,479.0,292.99,,4.645828776359558,12.420064926147461,72,,,,,0.565557,,5.638640,0.405445
1148,169396,306.0,292.0,,4.645828776359558,12.420064926147461,72,,,,,0.565557,,5.638640,0.405445
1149,169793,397.0,292.85,,4.645828776359558,12.420064926147461,72,,,500.0,0.0,0.565557,,5.638640,0.405445
1150,170137,344.0,294.06,,4.645828776359558,12.420064926147461,72,,,,,0.565557,,5.638640,0.405445
1151,170337,200.0,293.59,,4.645828776359558,12.420064926147461,72,,,,,0.565557,,5.638640,0.405445
1152,170837,500.0,295.2,,4.518593707084656,12.757643699645996,73,,,,,0.569805,,4.655685,0.341512
1153,171188,351.0,294.8,,4.518593707084656,12.757643699645996,73,,,,,0.569805,,4.655685,0.341512
1154,171688,500.0,294.87,,4.518593707084656,12.757643699645996,73,,,,,0.569805,,4.655685,0.341512
1155,172008,320.0,293.82,,4.518593707084656,12.757643699645996,73,,,,,0.569805,,4.655685,0.341512
1156,172508,500.0,295.87,,4.518593707084656,12.758662939071655,73,,,,,0.569805,,4.655685,0.341512
1157,172817,309.0,297.16,,4.518593707084656,12.758662939071655,73,,,,,0.569805,,4.655685,0.341512
1158,173150,333.0,295.73,,4.518593707084656,12.758662939071655,73,,,,,0.569805,,4.655685,0.341512
1159,173650,500.0,298.28,,4.518593707084656,12.758662939071655,73,,,,,0.569805,,4.655685,0.341512
1160,173902,252.0,297.91,,4.518593707084656,12.758662939071655,73,,,,,0.569805,,4.655685,0.341512
1161,174140,238.0,298.28,,4.518593707084656,12.758662939071655,73,,,,,0.569805,,4.655685,0.341512
1162,174412,272.0,298.61,,4.518593707084656,12.758662939071655,73,,,,,0.569805,,4.655685,0.341512
1163,174912,500.0,299.62,,4.518593707084656,12.758662939071655,73,,,,,0.569805,,4.655685,0.341512
1164,175321,409.0,300.58,,4.518593707084656,12.758662939071655,73,,,,,0.569805,,4.655685,0.341512
1165,175821,500.0,303.71,,4.518593707084656,12.758662939071655,73,,,,,0.569805,,4.655685,0.341512
1166,176004,183.0,300.54,,4.518593707084656,12.758662939071655,73,,,,,0.569805,,4.655685,0.341512
1167,176427,423.0,302.02,,4.518593707084656,12.758662939071655,73,,,,,0.569805,,4.655685,0.341512
1168,176895,468.0,304.72,,4.3873552942276,13.143478393554688,74,,,,,0.559718,,5.396769,0.277478
1169,177138,243.0,305.06,,4.3873552942276,13.143478393554688,74,,,,,0.559718,,5.396769,0.277478
1170,177300,162.0,305.09,,4.3873552942276,13.143478393554688,74,,,,,0.559718,,5.396769,0.277478
1171,177556,256.0,305.85,,4.3873552942276,13.143478393554688,74,,,,,0.559718,,5.396769,0.277478
1172,177875,319.0,306.01,,4.3873552942276,13.143478393554688,74,,,,,0.559718,,5.396769,0.277478
1173,178134,259.0,306.38,,4.3873552942276,13.143478393554688,74,,,,,0.559718,,5.396769,0.277478
1174,178634,500.0,308.58,,4.3873552942276,13.143478393554688,74,,,,,0.559718,,5.396769,0.277478
1175,179134,500.0,309.47,,4.3873552942276,13.143478393554688,74,,,,,0.559718,,5.396769,0.277478
1176,179442,308.0,309.74,,4.3873552942276,13.143478393554688,74,,,,,0.559718,,5.396769,0.277478
1177,179942,500.0,312.63,,4.3873552942276,13.143478393554688,74,,,,,0.559718,,5.396769,0.277478
1178,180377,435.0,314.73,,4.3873552942276,13.143478393554688,74,,,,,0.559718,,5.396769,0.277478
1179,180662,285.0,313.54,,4.3873552942276,13.143478393554688,74,,,,,0.559718,,5.396769,0.277478
1180,180891,229.0,313.75,,4.3873552942276,13.143478393554688,74,,,,,0.559718,,5.396769,0.277478
1181,181091,200.0,313.56,,4.3873552942276,13.143478393554688,74,,,,,0.559718,,5.396769,0.277478
1182,181591,500.0,313.94,,4.3873552942276,13.143478393554688,74,,,,,0.559718,,5.396769,0.277478
1183,181834,243.0,313.46,,4.3873552942276,13.143478393554688,74,,,,,0.559718,,5.396769,0.277478
1184,182254,420.0,315.66,,4.276432070732117,13.488716840744019,75,,,,,0.561735,,4.049165,0.351153
1185,182754,500.0,319.01,,4.276432070732117,13.488716840744019,75,,,,,0.561735,,4.049165,0.351153
1186,183254,500.0,321.59,,4.276432070732117,13.488716840744019,75,,,,,0.561735,,4.049165,0.351153
1187,183498,244.0,319.03,,4.276432070732117,13.488716840744019,75,,,,,0.561735,,4.049165,0.351153
1188,183998,500.0,322.5,,4.276432070732117,13.488716840744019,75,,,,,0.561735,,4.049165,0.351153
1189,184235,237.0,323.0,,4.276432070732117,13.488716840744019,75,,,,,0.561735,,4.049165,0.351153
1190,184600,365.0,324.25,,4.276432070732117,13.488716840744019,75,,,,,0.561735,,4.049165,0.351153
1191,185100,500.0,324.25,,4.276432070732117,13.488716840744019,75,,,,,0.561735,,4.049165,0.351153
1192,185562,462.0,326.71,,4.276432070732117,13.488716840744019,75,,,,,0.561735,,4.049165,0.351153
1193,186062,500.0,329.51,,4.276432070732117,13.488716840744019,75,,,,,0.561735,,4.049165,0.351153
1194,186350,288.0,327.99,,4.276432070732117,13.488716840744019,75,,,,,0.561735,,4.049165,0.351153
1195,186850,500.0,330.38,,4.276432070732117,13.490223407745361,75,,,,,0.561735,,4.049165,0.351153
1196,187159,309.0,331.05,,4.276432070732117,13.490223407745361,75,,,,,0.561735,,4.049165,0.351153
1197,187659,500.0,331.05,,4.276432070732117,13.490223407745361,75,,,,,0.561735,,4.049165,0.351153
1198,187945,286.0,331.85,,4.276432070732117,13.490223407745361,75,,,,,0.561735,,4.049165,0.351153
1199,188445,500.0,334.69,,4.276432070732117,13.490223407745361,75,,,500.0,0.0,0.561735,,4.049165,0.351153
1200,188945,500.0,334.69,,4.161077821254731,13.85210371017456,76,,,,,0.559169,,3.845841,0.153630
1201,189445,500.0,337.5,,4.161077821254731,13.85210371017456,76,,,,,0.559169,,3.845841,0.153630
1202,189945,500.0,340.43,,4.161077821254731,13.85210371017456,76,,,,,0.559169,,3.845841,0.153630
1203,190151,206.0,339.04,,4.161077821254731,13.85210371017456,76,,,,,0.559169,,3.845841,0.153630
1204,190651,500.0,340.03,,4.161077821254731,13.85210371017456,76,,,,,0.559169,,3.845841,0.153630
1205,191151,500.0,342.71,,4.161077821254731,13.85210371017456,76,,,,,0.559169,,3.845841,0.153630
1206,191651,500.0,344.13,,4.161077821254731,13.85210371017456,76,,,,,0.559169,,3.845841,0.153630
1207,192151,500.0,346.02,,4.161077821254731,13.85210371017456,76,,,,,0.559169,,3.845841,0.153630
1208,192412,261.0,346.35,,4.161077821254731,13.85210371017456,76,,,,,0.559169,,3.845841,0.153630
1209,192774,362.0,348.07,,4.161077821254731,13.85210371017456,76,,,,,0.559169,,3.845841,0.153630
1210,193274,500.0,350.73,,4.161077821254731,13.85210371017456,76,,,,,0.559169,,3.845841,0.153630
1211,193486,212.0,349.65,,4.161077821254731,13.85210371017456,76,,,,,0.559169,,3.845841,0.153630
1212,193986,500.0,350.25,,4.161077821254731,13.85210371017456,76,,,,,0.559169,,3.845841,0.153630
1213,194486,500.0,352.76,,4.161077821254731,13.85210371017456,76,,,,,0.559169,,3.845841,0.153630
1214,194980,494.0,354.7,,4.161077821254731,13.85210371017456,76,,,,,0.559169,,3.845841,0.153630
1215,195480,500.0,357.64,,4.161077821254731,13.85210371017456,76,,,,,0.559169,,3.845841,0.153630
1216,195980,500.0,359.96,,4.065678062438965,14.196808099746704,77,,,,,0.556978,,4.094850,0.211869
1217,196480,500.0,361.64,,4.065678062438965,14.196808099746704,77,,,,,0.556978,,4.094850,0.211869
1218,196980,500.0,364.35,,4.065678062438965,14.196808099746704,77,,,,,0.556978,,4.094850,0.211869
1219,197359,379.0,364.79,,4.065678062438965,14.196808099746704,77,,,,,0.556978,,4.094850,0.211869
1220,197782,423.0,366.39,,4.065678062438965,14.196808099746704,77,,,,,0.556978,,4.094850,0.211869
1221,198260,478.0,369.21,,4.065678062438965,14.196808099746704,77,,,,,0.556978,,4.094850,0.211869
1222,198698,438.0,371.7,,4.065678062438965,14.196808099746704,77,,,,,0.556978,,4.094850,0.211869
1223,199084,386.0,371.09,,4.065678062438965,14.196808099746704,77,,,,,0.556978,,4.094850,0.211869
1224,199584,500.0,373.85,,4.065678062438965,14.196808099746704,77,,,,,0.556978,,4.094850,0.211869
1225,200084,500.0,376.83,,4.065678062438965,14.196808099746704,77,,,,,0.556978,,4.094850,0.211869
1226,200584,500.0,378.11,,4.065678062438965,14.196808099746704,77,,,,,0.556978,,4.094850,0.211869
1227,201084,500.0,378.11,,4.065678062438965,14.196808099746704,77,,,,,0.556978,,4.094850,0.211869
1228,201584,500.0,380.9,,4.065678062438965,14.196808099746704,77,,,,,0.556978,,4.094850,0.211869
1229,201901,317.0,381.31,,4.065678062438965,14.196808099746704,77,,,,,0.556978,,4.094850,0.211869
1230,202168,267.0,381.8,,4.065678062438965,14.196808099746704,77,,,,,0.556978,,4.094850,0.211869
1231,202668,500.0,383.35,,4.065678062438965,14.196808099746704,77,,,,,0.556978,,4.094850,0.211869
1232,202991,323.0,383.87,,3.973265833854675,14.544796228408813,78,,,,,0.552335,,4.156130,0.234369
1233,203491,500.0,385.89,,3.973265833854675,14.544796228408813,78,,,,,0.552335,,4.156130,0.234369
1234,203991,500.0,387.65,,3.973265833854675,14.544796228408813,78,,,,,0.552335,,4.156130,0.234369
1235,204491,500.0,390.25,,3.973265833854675,14.544796228408813,78,,,,,0.552335,,4.156130,0.234369
1236,204773,282.0,390.52,,3.973265833854675,14.544796228408813,78,,,,,0.552335,,4.156130,0.234369
1237,205272,499.0,393.35,,3.973265833854675,14.544796228408813,78,,,,,0.552335,,4.156130,0.234369
1238,205650,378.0,393.41,,3.973265833854675,14.544796228408813,78,,,,,0.552335,,4.156130,0.234369
1239,206150,500.0,396.26,,3.973265833854675,14.544796228408813,78,,,,,0.552335,,4.156130,0.234369
1240,206406,256.0,396.71,,3.973265833854675,14.544796228408813,78,,,,,0.552335,,4.156130,0.234369
1241,206906,500.0,398.08,,3.973265833854675,14.544796228408813,78,,,,,0.552335,,4.156130,0.234369
1242,207406,500.0,400.42,,3.973265833854675,14.544796228408813,78,,,,,0.552335,,4.156130,0.234369
1243,207906,500.0,400.42,,3.973265833854675,14.544796228408813,78,,,,,0.552335,,4.156130,0.234369
1244,208221,315.0,401.14,,3.973265833854675,14.544796228408813,78,,,,,0.552335,,4.156130,0.234369
1245,208721,500.0,402.99,,3.973265833854675,14.544796228408813,78,,,,,0.552335,,4.156130,0.234369
1246,209181,460.0,405.7,,3.973265833854675,14.544796228408813,78,,,,,0.552335,,4.156130,0.234369
1247,209655,474.0,405.65,,3.973265833854675,14.544796228408813,78,,,,,0.552335,,4.156130,0.234369
1248,210103,448.0,407.07,,3.8792663693428038,14.916919946670532,79,,,,,0.555984,,3.511957,0.334834
1249,210603,500.0,408.1,,3.8792663693428038,14.916919946670532,79,,,500.0,0.0,0.555984,,3.511957,0.334834
1250,211103,500.0,409.66,,3.8792663693428038,14.916919946670532,79,,,,,0.555984,,3.511957,0.334834
1251,211603,500.0,412.66,,3.8792663693428038,14.916919946670532,79,,,,,0.555984,,3.511957,0.334834
1252,212103,500.0,412.66,,3.8792663693428038,14.916919946670532,79,,,,,0.555984,,3.511957,0.334834
1253,212603,500.0,414.15,,3.8792663693428038,14.916919946670532,79,,,,,0.555984,,3.511957,0.334834
1254,213103,500.0,414.15,,3.8792663693428038,14.917925834655762,79,,,,,0.555984,,3.511957,0.334834
1255,213603,500.0,415.95,,3.8792663693428038,14.917925834655762,79,,,,,0.555984,,3.511957,0.334834
1256,214103,500.0,415.95,,3.8792663693428038,14.917925834655762,79,,,,,0.555984,,3.511957,0.334834
1257,214347,244.0,415.3,,3.8792663693428038,14.917925834655762,79,,,,,0.555984,,3.511957,0.334834
1258,214720,373.0,415.7,,3.8792663693428038,14.917925834655762,79,,,,,0.555984,,3.511957,0.334834
1259,215220,500.0,415.7,,3.8792663693428038,14.917925834655762,79,,,,,0.555984,,3.511957,0.334834
1260,215681,461.0,417.79,,3.8792663693428038,14.917925834655762,79,,,,,0.555984,,3.511957,0.334834
1261,216109,428.0,419.69,,3.8792663693428038,14.917925834655762,79,,,,,0.555984,,3.511957,0.334834
1262,216609,500.0,421.97,,3.8792663693428038,14.917925834655762,79,,,,,0.555984,,3.511957,0.334834
1263,217056,447.0,421.44,,3.8792663693428038,14.917925834655762,79,,,,,0.555984,,3.511957,0.334834
1264,217556,500.0,422.35,,3.7857558727264404,15.269551515579224,80,,,,,0.556593,,3.342723,0.003071
1265,218056,500.0,422.35,,3.7857558727264404,15.2705659866333,80,,,,,0.556593,,3.342723,0.003071
1266,218556,500.0,425.52,,3.7857558727264404,15.2705659866333,80,,,,,0.556593,,3.342723,0.003071
1267,219056,500.0,426.29,,3.7857558727264404,15.2705659866333,80,,,,,0.556593,,3.342723,0.003071
1268,219556,500.0,426.61,,3.7857558727264404,15.2705659866333,80,,,,,0.556593,,3.342723,0.003071
1269,219853,297.0,427.15,,3.7857558727264404,15.2705659866333,80,,,,,0.556593,,3.342723,0.003071
1270,220193,340.0,428.93,,3.7857558727264404,15.2705659866333,80,,,,,0.556593,,3.342723,0.003071
1271,220693,500.0,431.37,,3.7857558727264404,15.2705659866333,80,,,,,0.556593,,3.342723,0.003071
1272,221193,500.0,433.18,,3.7857558727264404,15.2705659866333,80,,,,,0.556593,,3.342723,0.003071
1273,221693,500.0,435.59,,3.7857558727264404,15.2705659866333,80,,,,,0.556593,,3.342723,0.003071
1274,222193,500.0,435.59,,3.7857558727264404,15.2705659866333,80,,,,,0.556593,,3.342723,0.003071
1275,222693,500.0,435.59,,3.7857558727264404,15.2705659866333,80,,,,,0.556593,,3.342723,0.003071
1276,223081,388.0,436.39,,3.7857558727264404,15.2705659866333,80,,,,,0.556593,,3.342723,0.003071
1277,223581,500.0,436.39,,3.7857558727264404,15.2705659866333,80,,,,,0.556593,,3.342723,0.003071
1278,223895,314.0,435.18,,3.7857558727264404,15.2705659866333,80,,,,,0.556593,,3.342723,0.003071
1279,224395,500.0,437.33,,3.7857558727264404,15.2705659866333,80,,,,,0.556593,,3.342723,0.003071
1280,224895,500.0,440.04,,3.703026614189148,15.62365460395813,81,,,,,0.551564,,3.861296,0.104185
1281,225395,500.0,443.04,,3.703026614189148,15.62365460395813,81,,,,,0.551564,,3.861296,0.104185
1282,225621,226.0,440.3,,3.703026614189148,15.62365460395813,81,,,,,0.551564,,3.861296,0.104185
1283,225916,295.0,440.82,,3.703026614189148,15.62365460395813,81,,,,,0.551564,,3.861296,0.104185
1284,226416,500.0,441.62,,3.703026614189148,15.62365460395813,81,,,,,0.551564,,3.861296,0.104185
1285,226767,351.0,440.13,,3.703026614189148,15.62365460395813,81,,,,,0.551564,,3.861296,0.104185
1286,227267,500.0,440.13,,3.703026614189148,15.62365460395813,81,,,,,0.551564,,3.861296,0.104185
1287,227767,500.0,442.69,,3.703026614189148,15.62365460395813,81,,,,,0.551564,,3.861296,0.104185
1288,228021,254.0,440.23,,3.703026614189148,15.62365460395813,81,,,,,0.551564,,3.861296,0.104185
1289,228521,500.0,442.86,,3.703026614189148,15.62365460395813,81,,,,,0.551564,,3.861296,0.104185
1290,229021,500.0,444.21,,3.703026614189148,15.62365460395813,81,,,,,0.551564,,3.861296,0.104185
1291,229521,500.0,444.21,,3.703026614189148,15.62365460395813,81,,,,,0.551564,,3.861296,0.104185
1292,229804,283.0,442.42,,3.703026614189148,15.62365460395813,81,,,,,0.551564,,3.861296,0.104185
1293,230304,500.0,442.42,,3.703026614189148,15.62365460395813,81,,,,,0.551564,,3.861296,0.104185
1294,230643,339.0,442.93,,3.703026614189148,15.62365460395813,81,,,,,0.551564,,3.861296,0.104185
1295,230863,220.0,440.13,,3.703026614189148,15.62365460395813,81,,,,,0.551564,,3.861296,0.104185
1296,231363,500.0,442.04,,3.60109561920166,15.999429702758789,82,,,,,0.548391,,3.540345,0.206849
1297,231863,500.0,442.04,,3.60109561920166,15.999429702758789,82,,,,,0.548391,,3.540345,0.206849
1298,232363,500.0,444.18,,3.60109561920166,15.999429702758789,82,,,,,0.548391,,3.540345,0.206849
1299,232863,500.0,444.18,,3.60109561920166,15.999429702758789,82,,,500.0,0.0,0.548391,,3.540345,0.206849
1300,233363,500.0,444.18,,3.60109561920166,15.999429702758789,82,,,,,0.548391,,3.540345,0.206849
1301,233651,288.0,442.06,,3.60109561920166,15.999429702758789,82,,,,,0.548391,,3.540345,0.206849
1302,233996,345.0,440.51,,3.60109561920166,15.999429702758789,82,,,,,0.548391,,3.540345,0.206849
1303,234224,228.0,440.73,,3.60109561920166,15.999429702758789,82,,,,,0.548391,,3.540345,0.206849
1304,234724,500.0,440.73,,3.60109561920166,15.999429702758789,82,,,,,0.548391,,3.540345,0.206849
1305,235224,500.0,440.73,,3.60109561920166,15.999429702758789,82,,,,,0.548391,,3.540345,0.206849
1306,235452,228.0,438.01,,3.60109561920166,15.999429702758789,82,,,,,0.548391,,3.540345,0.206849
1307,235777,325.0,436.26,,3.60109561920166,15.999429702758789,82,,,,,0.548391,,3.540345,0.206849
1308,235984,207.0,435.72,,3.60109561920166,15.999429702758789,82,,,,,0.548391,,3.540345,0.206849
1309,236484,500.0,437.1,,3.60109561920166,15.999429702758789,82,,,,,0.548391,,3.540345,0.206849
1310,236984,500.0,437.1,,3.60109561920166,15.999429702758789,82,,,,,0.548391,,3.540345,0.206849
1311,237484,500.0,439.98,,3.60109561920166,15.999429702758789,82,,,,,0.548391,,3.540345,0.206849
1312,237984,500.0,439.98,,3.5192798876762392,16.352658987045288,83,,,,,0.546897,,3.695831,0.169038
1313,238422,438.0,439.36,,3.5192798876762392,16.352658987045288,83,,,,,0.546897,,3.695831,0.169038
1314,238897,475.0,439.17,,3.5192798876762392,16.352658987045288,83,,,,,0.546897,,3.695831,0.169038
1315,239275,378.0,437.95,,3.5192798876762392,16.352658987045288,83,,,,,0.546897,,3.695831,0.169038
1316,239591,316.0,436.11,,3.5192798876762392,16.352658987045288,83,,,,,0.546897,,3.695831,0.169038
1317,240091,500.0,436.11,,3.5192798876762392,16.352658987045288,83,,,,,0.546897,,3.695831,0.169038
1318,240591,500.0,436.11,,3.5192798876762392,16.352658987045288,83,,,,,0.546897,,3.695831,0.169038
1319,241091,500.0,437.32,,3.5192798876762392,16.352658987045288,83,,,,,0.546897,,3.695831,0.169038
1320,241348,257.0,435.66,,3.5192798876762392,16.352658987045288,83,,,,,0.546897,,3.695831,0.169038
1321,241848,500.0,435.88,,3.5192798876762392,16.352658987045288,83,,,,,0.546897,,3.695831,0.169038
1322,242348,500.0,436.5,,3.5192798876762392,16.352658987045288,83,,,,,0.546897,,3.695831,0.169038
1323,242848,500.0,437.64,,3.5192798876762392,16.352658987045288,83,,,,,0.546897,,3.695831,0.169038
1324,243210,362.0,436.26,,3.5192798876762392,16.352658987045288,83,,,,,0.546897,,3.695831,0.169038
1325,243541,331.0,434.57,,3.5192798876762392,16.352658987045288,83,,,,,0.546897,,3.695831,0.169038
1326,244041,500.0,434.57,,3.5192798876762392,16.352658987045288,83,,,,,0.546897,,3.695831,0.169038
1327,244247,206.0,431.63,,3.5192798876762392,16.352658987045288,83,,,,,0.546897,,3.695831,0.169038
1328,244747,500.0,431.63,,3.4478599572181703,16.711565732955933,84,,,,,0.547399,,4.035147,0.240930
1329,245247,500.0,433.46,,3.4478599572181703,16.711565732955933,84,,,,,0.547399,,4.035147,0.240930
1330,245696,449.0,435.28,,3.4478599572181703,16.711565732955933,84,,,,,0.547399,,4.035147,0.240930
1331,245969,273.0,433.01,,3.4478599572181703,16.711565732955933,84,,,,,0.547399,,4.035147,0.240930
1332,246223,254.0,432.32,,3.4478599572181703,16.711565732955933,84,,,,,0.547399,,4.035147,0.240930
1333,246466,243.0,429.75,,3.4478599572181703,16.711565732955933,84,,,,,0.547399,,4.035147,0.240930
1334,246755,289.0,427.64,,3.4478599572181703,16.711565732955933,84,,,,,0.547399,,4.035147,0.240930
1335,246899,144.0,424.08,,3.4478599572181703,16.711565732955933,84,,,,,0.547399,,4.035147,0.240930
1336,247229,330.0,424.56,,3.4478599572181703,16.711565732955933,84,,,,,0.547399,,4.035147,0.240930
1337,247729,500.0,424.57,,3.4478599572181703,16.711565732955933,84,,,,,0.547399,,4.035147,0.240930
1338,248229,500.0,425.79,,3.4478599572181703,16.711565732955933,84,,,,,0.547399,,4.035147,0.240930
1339,248486,257.0,423.36,,3.4478599572181703,16.711565732955933,84,,,,,0.547399,,4.035147,0.240930
1340,248679,193.0,422.73,,3.4478599572181703,16.711565732955933,84,,,,,0.547399,,4.035147,0.240930
1341,249179,500.0,422.73,,3.4478599572181703,16.711565732955933,84,,,,,0.547399,,4.035147,0.240930
1342,249679,500.0,422.73,,3.4478599572181703,16.711565732955933,84,,,,,0.547399,,4.035147,0.240930
1343,250074,395.0,421.68,,3.4478599572181703,16.711565732955933,84,,,,,0.547399,,4.035147,0.240930
1344,250342,268.0,421.21,,3.376985020637512,17.06338119506836,85,,,,,0.544434,,3.885857,0.260305
1345,250553,211.0,418.32,,3.376985020637512,17.06338119506836,85,,,,,0.544434,,3.885857,0.260305
1346,251053,500.0,418.72,,3.376985020637512,17.06338119506836,85,,,,,0.544434,,3.885857,0.260305
1347,251553,500.0,418.98,,3.376985020637512,17.06338119506836,85,,,,,0.544434,,3.885857,0.260305
1348,251900,347.0,417.97,,3.376985020637512,17.06338119506836,85,,,,,0.544434,,3.885857,0.260305
1349,252192,292.0,415.89,,3.376985020637512,17.06338119506836,85,,,500.0,0.0,0.544434,,3.885857,0.260305
1350,252382,190.0,412.79,,3.376985020637512,17.06338119506836,85,,,,,0.544434,,3.885857,0.260305
1351,252648,266.0,410.45,,3.376985020637512,17.06338119506836,85,,,,,0.544434,,3.885857,0.260305
1352,253018,370.0,409.15,,3.376985020637512,17.06338119506836,85,,,,,0.544434,,3.885857,0.260305
1353,253292,274.0,406.89,,3.376985020637512,17.06338119506836,85,,,,,0.544434,,3.885857,0.260305
1354,253594,302.0,404.91,,3.376985020637512,17.06338119506836,85,,,,,0.544434,,3.885857,0.260305
1355,253822,228.0,402.19,,3.376985020637512,17.06338119506836,85,,,,,0.544434,,3.885857,0.260305
1356,254322,500.0,402.19,,3.376985020637512,17.06338119506836,85,,,,,0.544434,,3.885857,0.260305
1357,254822,500.0,404.75,,3.376985020637512,17.06338119506836,85,,,,,0.544434,,3.885857,0.260305
1358,255322,500.0,406.02,,3.376985020637512,17.06338119506836,85,,,,,0.544434,,3.885857,0.260305
1359,255822,500.0,406.02,,3.376985020637512,17.06338119506836,85,,,,,0.544434,,3.885857,0.260305
1360,256160,338.0,404.79,,3.298436737060547,17.416730880737305,86,,,,,0.547670,,3.222291,0.153240
1361,256373,213.0,402.64,,3.298436737060547,17.416730880737305,86,,,,,0.547670,,3.222291,0.153240
1362,256873,500.0,402.64,,3.298436737060547,17.416730880737305,86,,,,,0.547670,,3.222291,0.153240
1363,257373,500.0,403.17,,3.298436737060547,17.416730880737305,86,,,,,0.547670,,3.222291,0.153240
1364,257873,500.0,403.17,,3.298436737060547,17.416730880737305,86,,,,,0.547670,,3.222291,0.153240
1365,258373,500.0,403.17,,3.298436737060547,17.416730880737305,86,,,,,0.547670,,3.222291,0.153240
1366,258780,407.0,402.24,,3.298436737060547,17.416730880737305,86,,,,,0.547670,,3.222291,0.153240
1367,259036,256.0,399.8,,3.298436737060547,17.416730880737305,86,,,,,0.547670,,3.222291,0.153240
1368,259536,500.0,399.8,,3.298436737060547,17.416730880737305,86,,,,,0.547670,,3.222291,0.153240
1369,260036,500.0,401.83,,3.298436737060547,17.416730880737305,86,,,,,0.547670,,3.222291,0.153240
1370,260382,346.0,401.89,,3.298436737060547,17.416730880737305,86,,,,,0.547670,,3.222291,0.153240
1371,260730,348.0,400.37,,3.298436737060547,17.416730880737305,86,,,,,0.547670,,3.222291,0.153240
1372,261126,396.0,399.33,,3.298436737060547,17.416730880737305,86,,,,,0.547670,,3.222291,0.153240
1373,261460,334.0,397.67,,3.298436737060547,17.416730880737305,86,,,,,0.547670,,3.222291,0.153240
1374,261960,500.0,397.67,,3.298436737060547,17.416730880737305,86,,,,,0.547670,,3.222291,0.153240
1375,262460,500.0,397.67,,3.298436737060547,17.416730880737305,86,,,,,0.547670,,3.222291,0.153240
1376,262880,420.0,397.99,,3.2334377574920654,17.75797128677368,87,,,,,0.537048,,4.334057,0.233213
1377,263120,240.0,395.39,,3.2334377574920654,17.75797128677368,87,,,,,0.537048,,4.334057,0.233213
1378,263385,265.0,394.9,,3.2334377574920654,17.75797128677368,87,,,,,0.537048,,4.334057,0.233213
1379,263617,232.0,392.22,,3.2334377574920654,17.75797128677368,87,,,,,0.537048,,4.334057,0.233213
1380,263871,254.0,389.76,,3.2334377574920654,17.758990049362183,87,,,,,0.537048,,4.334057,0.233213
1381,264371,500.0,389.76,,3.2334377574920654,17.758990049362183,87,,,,,0.537048,,4.334057,0.233213
1382,264729,358.0,391.08,,3.2334377574920654,17.758990049362183,87,,,,,0.537048,,4.334057,0.233213
1383,265115,386.0,391.99,,3.2334377574920654,17.758990049362183,87,,,,,0.537048,,4.334057,0.233213
1384,265282,167.0,388.66,,3.2334377574920654,17.758990049362183,87,,,,,0.537048,,4.334057,0.233213
1385,265782,500.0,390.15,,3.2334377574920654,17.758990049362183,87,,,,,0.537048,,4.334057,0.233213
1386,266097,315.0,388.3,,3.2334377574920654,17.758990049362183,87,,,,,0.537048,,4.334057,0.233213
1387,266597,500.0,388.3,,3.2334377574920654,17.758990049362183,87,,,,,0.537048,,4.334057,0.233213
1388,266846,249.0,388.25,,3.2334377574920654,17.758990049362183,87,,,,,0.537048,,4.334057,0.233213
1389,267346,500.0,388.25,,3.2334377574920654,17.758990049362183,87,,,,,0.537048,,4.334057,0.233213
1390,267521,175.0,385.0,,3.2334377574920654,17.758990049362183,87,,,,,0.537048,,4.334057,0.233213
1391,267870,349.0,383.49,,3.2334377574920654,17.758990049362183,87,,,,,0.537048,,4.334057,0.233213
1392,268205,335.0,384.01,,3.163364887237549,18.14681911468506,88,,,,,0.540590,,3.697621,0.295403
1393,268415,210.0,381.11,,3.163364887237549,18.14681911468506,88,,,,,0.540590,,3.697621,0.295403
1394,268689,274.0,380.46,,3.163364887237549,18.14681911468506,88,,,,,0.540590,,3.697621,0.295403
1395,269189,500.0,383.26,,3.163364887237549,18.14681911468506,88,,,,,0.540590,,3.697621,0.295403
1396,269689,500.0,383.26,,3.163364887237549,18.14681911468506,88,,,,,0.540590,,3.697621,0.295403
1397,270158,469.0,382.95,,3.163364887237549,18.14681911468506,88,,,,,0.540590,,3.697621,0.295403
1398,270658,500.0,382.95,,3.163364887237549,18.14681911468506,88,,,,,0.540590,,3.697621,0.295403
1399,270874,216.0,380.11,,3.163364887237549,18.14681911468506,88,,,500.0,0.0,0.540590,,3.697621,0.295403
1400,271326,452.0,379.63,,3.163364887237549,18.14681911468506,88,,,,,0.540590,,3.697621,0.295403
1401,271826,500.0,381.75,,3.163364887237549,18.14681911468506,88,,,,,0.540590,,3.697621,0.295403
1402,272066,240.0,380.7,,3.163364887237549,18.14681911468506,88,,,,,0.540590,,3.697621,0.295403
1403,272252,186.0,380.28,,3.163364887237549,18.14681911468506,88,,,,,0.540590,,3.697621,0.295403
1404,272584,332.0,378.6,,3.163364887237549,18.14681911468506,88,,,,,0.540590,,3.697621,0.295403
1405,272995,411.0,377.71,,3.163364887237549,18.14681911468506,88,,,,,0.540590,,3.697621,0.295403
1406,273176,181.0,377.24,,3.163364887237549,18.14681911468506,88,,,,,0.540590,,3.697621,0.295403
1407,273676,500.0,378.99,,3.163364887237549,18.14681911468506,88,,,,,0.540590,,3.697621,0.295403
1408,274037,361.0,380.53,,3.100585732460022,18.47338342666626,89,,,,,0.534292,,4.351223,0.186904
1409,274537,500.0,380.53,,3.100585732460022,18.47338342666626,89,,,,,0.534292,,4.351223,0.186904
1410,274691,154.0,377.07,,3.100585732460022,18.47338342666626,89,,,,,0.534292,,4.351223,0.186904
1411,275055,364.0,375.71,,3.100585732460022,18.47338342666626,89,,,,,0.534292,,4.351223,0.186904
1412,275337,282.0,373.53,,3.100585732460022,18.47338342666626,89,,,,,0.534292,,4.351223,0.186904
1413,275559,222.0,371.37,,3.100585732460022,18.47338342666626,89,,,,,0.534292,,4.351223,0.186904
1414,275876,317.0,369.79,,3.100585732460022,18.47338342666626,89,,,,,0.534292,,4.351223,0.186904
1415,276157,281.0,368.82,,3.100585732460022,18.47338342666626,89,,,,,0.534292,,4.351223,0.186904
1416,276332,175.0,367.41,,3.100585732460022,18.47338342666626,89,,,,,0.534292,,4.351223,0.186904
1417,276832,500.0,367.41,,3.100585732460022,18.47338342666626,89,,,,,0.534292,,4.351223,0.186904
1418,277048,216.0,364.57,,3.100585732460022,18.47338342666626,89,,,,,0.534292,,4.351223,0.186904
1419,277548,500.0,364.57,,3.100585732460022,18.47338342666626,89,,,,,0.534292,,4.351223,0.186904
1420,277850,302.0,365.02,,3.100585732460022,18.47338342666626,89,,,,,0.534292,,4.351223,0.186904
1421,278178,328.0,363.3,,3.100585732460022,18.47338342666626,89,,,,,0.534292,,4.351223,0.186904
1422,278678,500.0,363.3,,3.100585732460022,18.47338342666626,89,,,,,0.534292,,4.351223,0.186904
1423,278955,277.0,361.07,,3.100585732460022,18.47338342666626,89,,,,,0.534292,,4.351223,0.186904
1424,279455,500.0,362.45,,3.0278701615333556,18.818039894104004,90,,,,,0.536596,,3.447600,0.169372
1425,279764,309.0,362.23,,3.0278701615333556,18.818039894104004,90,,,,,0.536596,,3.447600,0.169372
1426,280110,346.0,360.69,,3.0278701615333556,18.818039894104004,90,,,,,0.536596,,3.447600,0.169372
1427,280610,500.0,363.63,,3.0278701615333556,18.818039894104004,90,,,,,0.536596,,3.447600,0.169372
1428,281110,500.0,363.63,,3.0278701615333556,18.818039894104004,90,,,,,0.536596,,3.447600,0.169372
1429,281610,500.0,363.63,,3.0278701615333556,18.818039894104004,90,,,,,0.536596,,3.447600,0.169372
1430,281966,356.0,362.7,,3.0278701615333556,18.818039894104004,90,,,,,0.536596,,3.447600,0.169372
1431,282208,242.0,362.39,,3.0278701615333556,18.818039894104004,90,,,,,0.536596,,3.447600,0.169372
1432,282708,500.0,364.85,,3.0278701615333556,18.818039894104004,90,,,,,0.536596,,3.447600,0.169372
1433,282978,270.0,365.12,,3.0278701615333556,18.818039894104004,90,,,,,0.536596,,3.447600,0.169372
1434,283176,198.0,364.21,,3.0278701615333556,18.818039894104004,90,,,,,0.536596,,3.447600,0.169372
1435,283530,354.0,366.31,,3.0278701615333556,18.818039894104004,90,,,,,0.536596,,3.447600,0.169372
1436,283855,325.0,366.26,,3.0278701615333556,18.818039894104004,90,,,,,0.536596,,3.447600,0.169372
1437,284076,221.0,363.47,,3.0278701615333556,18.818039894104004,90,,,,,0.536596,,3.447600,0.169372
1438,284394,318.0,361.65,,3.0278701615333556,18.818039894104004,90,,,,,0.536596,,3.447600,0.169372
1439,284894,500.0,364.08,,3.0278701615333556,18.818039894104004,90,,,,,0.536596,,3.447600,0.169372
1440,285394,500.0,367.15,,2.9583627724647523,19.1564359664917,91,,,,,0.530834,,3.498767,0.229679
1441,285760,366.0,365.81,,2.9583627724647523,19.1564359664917,91,,,,,0.530834,,3.498767,0.229679
1442,286054,294.0,363.75,,2.9583627724647523,19.1564359664917,91,,,,,0.530834,,3.498767,0.229679
1443,286343,289.0,362.69,,2.9583627724647523,19.1564359664917,91,,,,,0.530834,,3.498767,0.229679
1444,286659,316.0,363.17,,2.9583627724647523,19.1564359664917,91,,,,,0.530834,,3.498767,0.229679
1445,287159,500.0,366.06,,2.9583627724647523,19.1564359664917,91,,,,,0.530834,,3.498767,0.229679
1446,287491,332.0,364.38,,2.9583627724647523,19.1564359664917,91,,,,,0.530834,,3.498767,0.229679
1447,287991,500.0,364.38,,2.9583627724647523,19.1564359664917,91,,,,,0.530834,,3.498767,0.229679
1448,288431,440.0,365.31,,2.9583627724647523,19.1564359664917,91,,,,,0.530834,,3.498767,0.229679
1449,288931,500.0,367.39,,2.9583627724647523,19.1564359664917,91,,,500.0,0.0,0.530834,,3.498767,0.229679
1450,289257,326.0,368.75,,2.9583627724647523,19.1564359664917,91,,,,,0.530834,,3.498767,0.229679
1451,289636,379.0,369.88,,2.9583627724647523,19.1564359664917,91,,,,,0.530834,,3.498767,0.229679
1452,289837,201.0,368.19,,2.9583627724647523,19.1564359664917,91,,,,,0.530834,,3.498767,0.229679
1453,290206,369.0,369.14,,2.9583627724647523,19.1564359664917,91,,,,,0.530834,,3.498767,0.229679
1454,290434,228.0,368.4,,2.9583627724647523,19.1564359664917,91,,,,,0.530834,,3.498767,0.229679
1455,290934,500.0,371.12,,2.9583627724647523,19.1564359664917,91,,,,,0.530834,,3.498767,0.229679
1456,291238,304.0,369.16,,2.8962626242637635,19.49497103691101,92,,,,,0.530604,,3.412682,0.216007
1457,291738,500.0,369.16,,2.8962626242637635,19.49497103691101,92,,,,,0.530604,,3.412682,0.216007
1458,292001,263.0,366.79,,2.8962626242637635,19.49497103691101,92,,,,,0.530604,,3.412682,0.216007
1459,292498,497.0,366.76,,2.8962626242637635,19.49497103691101,92,,,,,0.530604,,3.412682,0.216007
1460,292877,379.0,367.17,,2.8962626242637635,19.49497103691101,92,,,,,0.530604,,3.412682,0.216007
1461,293377,500.0,370.04,,2.8962626242637635,19.49497103691101,92,,,,,0.530604,,3.412682,0.216007
1462,293681,304.0,368.08,,2.8962626242637635,19.49497103691101,92,,,,,0.530604,,3.412682,0.216007
1463,293924,243.0,365.51,,2.8962626242637635,19.49497103691101,92,,,,,0.530604,,3.412682,0.216007
1464,294180,256.0,363.07,,2.8962626242637635,19.49497103691101,92,,,,,0.530604,,3.412682,0.216007
1465,294514,334.0,361.41,,2.8962626242637635,19.49497103691101,92,,,,,0.530604,,3.412682,0.216007
1466,295014,500.0,362.34,,2.8962626242637635,19.49497103691101,92,,,,,0.530604,,3.412682,0.216007
1467,295514,500.0,364.78,,2.8962626242637635,19.49497103691101,92,,,,,0.530604,,3.412682,0.216007
1468,295839,325.0,363.03,,2.8962626242637635,19.49497103691101,92,,,,,0.530604,,3.412682,0.216007
1469,296104,265.0,360.68,,2.8962626242637635,19.49497103691101,92,,,,,0.530604,,3.412682,0.216007
1470,296591,487.0,362.09,,2.8962626242637635,19.49497103691101,92,,,,,0.530604,,3.412682,0.216007
1471,297091,500.0,363.61,,2.8962626242637635,19.49497103691101,92,,,,,0.530604,,3.412682,0.216007
1472,297591,500.0,364.65,,2.8176381897926333,19.8358473777771,93,,,,,0.528443,,1.636623,0.178572
1473,298091,500.0,366.31,,2.8176381897926333,19.836846828460693,93,,,,,0.528443,,1.636623,0.178572
1474,298591,500.0,366.31,,2.8176381897926333,19.836846828460693,93,,,,,0.528443,,1.636623,0.178572
1475,299091,500.0,366.31,,2.8176381897926333,19.836846828460693,93,,,,,0.528443,,1.636623,0.178572
1476,299591,500.0,367.11,,2.8176381897926333,19.836846828460693,93,,,,,0.528443,,1.636623,0.178572
1477,300091,500.0,369.71,,2.8176381897926333,19.836846828460693,93,,,,,0.528443,,1.636623,0.178572
1478,300497,406.0,371.12,,2.8176381897926333,19.836846828460693,93,,,,,0.528443,,1.636623,0.178572
1479,300997,500.0,373.8,,2.8176381897926333,19.836846828460693,93,,,,,0.528443,,1.636623,0.178572
1480,301497,500.0,376.26,,2.8176381897926333,19.836846828460693,93,,,,,0.528443,,1.636623,0.178572
1481,301997,500.0,376.26,,2.8176381897926333,19.836846828460693,93,,,,,0.528443,,1.636623,0.178572
1482,302497,500.0,377.68,,2.8176381897926333,19.836846828460693,93,,,,,0.528443,,1.636623,0.178572
1483,302997,500.0,378.82,,2.8176381897926333,19.836846828460693,93,,,,,0.528443,,1.636623,0.178572
1484,303497,500.0,382.15,,2.8176381897926333,19.836846828460693,93,,,,,0.528443,,1.636623,0.178572
1485,303833,336.0,380.51,,2.8176381897926333,19.836846828460693,93,,,,,0.528443,,1.636623,0.178572
1486,304212,379.0,381.15,,2.8176381897926333,19.836846828460693,93,,,,,0.528443,,1.636623,0.178572
1487,304712,500.0,381.15,,2.8176381897926333,19.836846828460693,93,,,,,0.528443,,1.636623,0.178572
1488,305212,500.0,383.66,,2.728898756504059,20.186769247055054,94,,,,,0.526001,,1.075620,-0.281470
1489,305712,500.0,383.66,,2.728898756504059,20.186769247055054,94,,,,,0.526001,,1.075620,-0.281470
1490,306212,500.0,386.91,,2.728898756504059,20.186769247055054,94,,,,,0.526001,,1.075620,-0.281470
1491,306712,500.0,388.42,,2.728898756504059,20.186769247055054,94,,,,,0.526001,,1.075620,-0.281470
1492,307212,500.0,390.07,,2.728898756504059,20.186769247055054,94,,,,,0.526001,,1.075620,-0.281470
1493,307712,500.0,392.97,,2.728898756504059,20.186769247055054,94,,,,,0.526001,,1.075620,-0.281470
1494,308212,500.0,395.23,,2.728898756504059,20.186769247055054,94,,,,,0.526001,,1.075620,-0.281470
1495,308712,500.0,395.23,,2.728898756504059,20.186769247055054,94,,,,,0.526001,,1.075620,-0.281470
1496,309212,500.0,395.23,,2.728898756504059,20.186769247055054,94,,,,,0.526001,,1.075620,-0.281470
1497,309712,500.0,395.54,,2.728898756504059,20.186769247055054,94,,,,,0.526001,,1.075620,-0.281470
1498,310212,500.0,395.54,,2.728898756504059,20.186769247055054,94,,,,,0.526001,,1.075620,-0.281470
1499,310712,500.0,398.38,,2.728898756504059,20.186769247055054,94,,,500.0,0.0,0.526001,,1.075620,-0.281470
1500,311212,500.0,398.86,,2.728898756504059,20.186769247055054,94,,,,,0.526001,,1.075620,-0.281470
1501,311712,500.0,398.86,,2.728898756504059,20.186769247055054,94,,,,,0.526001,,1.075620,-0.281470
1502,312212,500.0,401.46,,2.728898756504059,20.186769247055054,94,,,,,0.526001,,1.075620,-0.281470
1503,312712,500.0,404.6,,2.728898756504059,20.186769247055054,94,,,,,0.526001,,1.075620,-0.281470
1504,313212,500.0,406.28,,2.656363607645035,20.530958890914917,95,,,,,0.527571,,1.633616,0.204620
1505,313712,500.0,407.17,,2.656363607645035,20.530958890914917,95,,,,,0.527571,,1.633616,0.204620
1506,313901,189.0,407.25,,2.656363607645035,20.530958890914917,95,,,,,0.527571,,1.633616,0.204620
1507,314401,500.0,407.25,,2.656363607645035,20.530958890914917,95,,,,,0.527571,,1.633616,0.204620
1508,314901,500.0,408.64,,2.656363607645035,20.530958890914917,95,,,,,0.527571,,1.633616,0.204620
1509,315401,500.0,408.64,,2.656363607645035,20.530958890914917,95,,,,,0.527571,,1.633616,0.204620
1510,315816,415.0,411.25,,2.656363607645035,20.530958890914917,95,,,,,0.527571,,1.633616,0.204620
1511,316316,500.0,412.61,,2.656363607645035,20.530958890914917,95,,,,,0.527571,,1.633616,0.204620
1512,316816,500.0,414.79,,2.656363607645035,20.530958890914917,95,,,,,0.527571,,1.633616,0.204620
1513,317316,500.0,417.57,,2.656363607645035,20.530958890914917,95,,,,,0.527571,,1.633616,0.204620
1514,317816,500.0,419.4,,2.656363607645035,20.530958890914917,95,,,,,0.527571,,1.633616,0.204620
1515,318316,500.0,421.59,,2.656363607645035,20.530958890914917,95,,,,,0.527571,,1.633616,0.204620
1516,318816,500.0,424.84,,2.656363607645035,20.530958890914917,95,,,,,0.527571,,1.633616,0.204620
1517,319037,221.0,422.05,,2.656363607645035,20.530958890914917,95,,,,,0.527571,,1.633616,0.204620
1518,319537,500.0,424.89,,2.656363607645035,20.530958890914917,95,,,,,0.527571,,1.633616,0.204620
1519,319984,447.0,424.36,,2.656363607645035,20.530958890914917,95,,,,,0.527571,,1.633616,0.204620
1520,320484,500.0,426.34,,2.573412481546402,20.896382093429565,96,,,,,0.520758,,1.010408,0.174902
1521,320984,500.0,428.06,,2.573412481546402,20.896382093429565,96,,,,,0.520758,,1.010408,0.174902
1522,321484,500.0,428.06,,2.573412481546402,20.896382093429565,96,,,,,0.520758,,1.010408,0.174902
1523,321984,500.0,430.29,,2.573412481546402,20.896382093429565,96,,,,,0.520758,,1.010408,0.174902
1524,322484,500.0,430.29,,2.573412481546402,20.896382093429565,96,,,,,0.520758,,1.010408,0.174902
1525,322984,500.0,432.2,,2.573412481546402,20.896382093429565,96,,,,,0.520758,,1.010408,0.174902
1526,323484,500.0,433.74,,2.573412481546402,20.896382093429565,96,,,,,0.520758,,1.010408,0.174902
1527,323984,500.0,433.74,,2.573412481546402,20.896382093429565,96,,,,,0.520758,,1.010408,0.174902
1528,324484,500.0,433.74,,2.573412481546402,20.896382093429565,96,,,,,0.520758,,1.010408,0.174902
1529,324984,500.0,433.74,,2.573412481546402,20.896382093429565,96,,,,,0.520758,,1.010408,0.174902
1530,325484,500.0,435.18,,2.573412481546402,20.896382093429565,96,,,,,0.520758,,1.010408,0.174902
1531,325984,500.0,437.76,,2.573412481546402,20.896382093429565,96,,,,,0.520758,,1.010408,0.174902
1532,326484,500.0,437.76,,2.573412481546402,20.896382093429565,96,,,,,0.520758,,1.010408,0.174902
1533,326915,431.0,439.37,,2.573412481546402,20.896382093429565,96,,,,,0.520758,,1.010408,0.174902
1534,327415,500.0,442.39,,2.573412481546402,20.896382093429565,96,,,,,0.520758,,1.010408,0.174902
1535,327915,500.0,443.85,,2.573412481546402,20.896382093429565,96,,,,,0.520758,,1.010408,0.174902
1536,328415,500.0,445.6,,2.491209085583687,21.2458815574646,97,,,,,0.520785,,0.756815,-0.278800
1537,328915,500.0,448.39,,2.491209085583687,21.2458815574646,97,,,,,0.520785,,0.756815,-0.278800
1538,329415,500.0,450.21,,2.491209085583687,21.2458815574646,97,,,,,0.520785,,0.756815,-0.278800
1539,329915,500.0,450.21,,2.491209085583687,21.2458815574646,97,,,,,0.520785,,0.756815,-0.278800
1540,330415,500.0,450.21,,2.491209085583687,21.2458815574646,97,,,,,0.520785,,0.756815,-0.278800
1541,330915,500.0,451.55,,2.491209085583687,21.2458815574646,97,,,,,0.520785,,0.756815,-0.278800
1542,331415,500.0,453.61,,2.491209085583687,21.2458815574646,97,,,,,0.520785,,0.756815,-0.278800
1543,331915,500.0,455.72,,2.491209085583687,21.2458815574646,97,,,,,0.520785,,0.756815,-0.278800
1544,332415,500.0,457.56,,2.491209085583687,21.2458815574646,97,,,,,0.520785,,0.756815,-0.278800
1545,332915,500.0,457.56,,2.491209085583687,21.2458815574646,97,,,,,0.520785,,0.756815,-0.278800
1546,333415,500.0,459.24,,2.491209085583687,21.2458815574646,97,,,,,0.520785,,0.756815,-0.278800
1547,333915,500.0,459.24,,2.491209085583687,21.2458815574646,97,,,,,0.520785,,0.756815,-0.278800
1548,334415,500.0,459.84,,2.491209085583687,21.2458815574646,97,,,,,0.520785,,0.756815,-0.278800
1549,334915,500.0,459.84,,2.491209085583687,21.2458815574646,97,,,500.0,0.0,0.520785,,0.756815,-0.278800
1550,335415,500.0,461.58,,2.491209085583687,21.2458815574646,97,,,,,0.520785,,0.756815,-0.278800
1551,335915,500.0,462.79,,2.491209085583687,21.2458815574646,97,,,,,0.520785,,0.756815,-0.278800
1552,336415,500.0,465.78,,2.4135179007053376,21.609278440475464,98,,,,,0.518958,,0.854100,0.140890
1553,336915,500.0,467.09,,2.4135179007053376,21.609278440475464,98,,,,,0.518958,,0.854100,0.140890
1554,337415,500.0,469.81,,2.4135179007053376,21.609278440475464,98,,,,,0.518958,,0.854100,0.140890
1555,337915,500.0,469.81,,2.4135179007053376,21.610280990600586,98,,,,,0.518958,,0.854100,0.140890
1556,338415,500.0,471.77,,2.4135179007053376,21.610280990600586,98,,,,,0.518958,,0.854100,0.140890
1557,338915,500.0,471.77,,2.4135179007053376,21.610280990600586,98,,,,,0.518958,,0.854100,0.140890
1558,339415,500.0,474.14,,2.4135179007053376,21.610280990600586,98,,,,,0.518958,,0.854100,0.140890
1559,339915,500.0,474.17,,2.4135179007053376,21.610280990600586,98,,,,,0.518958,,0.854100,0.140890
1560,340415,500.0,475.38,,2.4135179007053376,21.610280990600586,98,,,,,0.518958,,0.854100,0.140890
