episode,total_env_steps,episode_reward,avg_reward_100,epsilon,mean_loss,wall_clock_s,grad_steps,w,lam,eval_mean_reward,eval_std_reward,entropy,beta,value_loss,explained_variance
0,13,13.0,13.0,,18.608226776123047,0.0476994514465332,1,,,,,0.654747,,37.079292,0.549625
1,33,20.0,16.5,,18.608226776123047,0.0476994514465332,1,,,,,0.654747,,37.079292,0.549625
2,74,41.0,24.666666666666668,,18.608226776123047,0.0476994514465332,1,,,,,0.654747,,37.079292,0.549625
3,91,17.0,22.75,,18.608226776123047,0.0476994514465332,1,,,,,0.654747,,37.079292,0.549625
4,119,28.0,23.8,,18.608226776123047,0.0476994514465332,1,,,,,0.654747,,37.079292,0.549625
5,150,31.0,25.0,,18.608226776123047,0.0476994514465332,1,,,,,0.654747,,37.079292,0.549625
6,172,22.0,24.571428571428573,,18.608226776123047,0.05061507225036621,1,,,,,0.654747,,37.079292,0.549625
7,189,17.0,23.625,,18.608226776123047,0.05061507225036621,1,,,,,0.654747,,37.079292,0.549625
8,200,11.0,22.22222222222222,,18.608226776123047,0.05061507225036621,1,,,,,0.654747,,37.079292,0.549625
9,245,45.0,24.5,,18.608226776123047,0.05061507225036621,1,,,,,0.654747,,37.079292,0.549625
10,272,27.0,24.727272727272727,,18.608226776123047,0.05061507225036621,1,,,,,0.654747,,37.079292,0.549625
11,293,21.0,24.416666666666668,,18.608226776123047,0.05061507225036621,1,,,,,0.654747,,37.079292,0.549625
12,308,15.0,23.692307692307693,,18.608226776123047,0.05061507225036621,1,,,,,0.654747,,37.079292,0.549625
13,356,48.0,25.428571428571427,,18.608226776123047,0.05061507225036621,1,,,,,0.654747,,37.079292,0.549625
14,373,17.0,24.866666666666667,,18.608226776123047,0.05061507225036621,1,,,,,0.654747,,37.079292,0.549625
15,382,9.0,23.875,,18.608226776123047,0.05061507225036621,1,,,,,0.654747,,37.079292,0.549625
16,395,13.0,23.235294117647058,,19.092638969421387,0.08815813064575195,2,,,,,0.664255,,39.092770,0.583032
17,431,36.0,23.944444444444443,,19.092638969421387,0.08815813064575195,2,,,,,0.664255,,39.092770,0.583032
18,446,15.0,23.473684210526315,,19.092638969421387,0.08815813064575195,2,,,,,0.664255,,39.092770,0.583032
19,475,29.0,23.75,,19.092638969421387,0.08815813064575195,2,,,,,0.664255,,39.092770,0.583032
20,492,17.0,23.428571428571427,,19.092638969421387,0.08815813064575195,2,,,,,0.664255,,39.092770,0.583032
21,501,9.0,22.772727272727273,,19.092638969421387,0.08815813064575195,2,,,,,0.664255,,39.092770,0.583032
22,520,19.0,22.608695652173914,,19.092638969421387,0.08815813064575195,2,,,,,0.664255,,39.092770,0.583032
23,540,20.0,22.5,,19.092638969421387,0.08815813064575195,2,,,,,0.664255,,39.092770,0.583032
24,562,22.0,22.48,,19.092638969421387,0.08815813064575195,2,,,,,0.664255,,39.092770,0.583032
25,609,47.0,23.423076923076923,,19.092638969421387,0.08815813064575195,2,,,,,0.664255,,39.092770,0.583032
26,627,18.0,23.22222222222222,,19.092638969421387,0.08815813064575195,2,,,,,0.664255,,39.092770,0.583032
27,649,22.0,23.178571428571427,,19.092638969421387,0.08815813064575195,2,,,,,0.664255,,39.092770,0.583032
28,670,21.0,23.103448275862068,,19.092638969421387,0.08815813064575195,2,,,,,0.664255,,39.092770,0.583032
29,691,21.0,23.033333333333335,,19.092638969421387,0.08815813064575195,2,,,,,0.664255,,39.092770,0.583032
30,708,17.0,22.838709677419356,,19.092638969421387,0.08815813064575195,2,,,,,0.664255,,39.092770,0.583032
31,720,12.0,22.5,,19.092638969421387,0.08815813064575195,2,,,,,0.664255,,39.092770,0.583032
32,736,16.0,22.303030303030305,,18.65579096476237,0.13036274909973145,3,,,,,0.671539,,35.537155,0.466167
33,748,12.0,22.0,,18.65579096476237,0.13036274909973145,3,,,,,0.671539,,35.537155,0.466167
34,783,35.0,22.37142857142857,,18.65579096476237,0.13036274909973145,3,,,,,0.671539,,35.537155,0.466167
35,828,45.0,23.0,,18.65579096476237,0.13036274909973145,3,,,,,0.671539,,35.537155,0.466167
36,840,12.0,22.7027027027027,,18.65579096476237,0.13036274909973145,3,,,,,0.671539,,35.537155,0.466167
37,859,19.0,22.605263157894736,,18.65579096476237,0.13036274909973145,3,,,,,0.671539,,35.537155,0.466167
38,878,19.0,22.512820512820515,,18.65579096476237,0.13036274909973145,3,,,,,0.671539,,35.537155,0.466167
39,903,25.0,22.575,,18.65579096476237,0.13036274909973145,3,,,,,0.671539,,35.537155,0.466167
40,913,10.0,22.26829268292683,,18.65579096476237,0.13036274909973145,3,,,,,0.671539,,35.537155,0.466167
41,926,13.0,22.047619047619047,,18.65579096476237,0.13036274909973145,3,,,,,0.671539,,35.537155,0.466167
42,965,39.0,22.441860465116278,,18.65579096476237,0.13036274909973145,3,,,,,0.671539,,35.537155,0.466167
43,1016,51.0,23.09090909090909,,18.65579096476237,0.13036274909973145,3,,,,,0.671539,,35.537155,0.466167
44,1042,26.0,23.155555555555555,,18.65579096476237,0.13036274909973145,3,,,,,0.671539,,35.537155,0.466167
45,1062,20.0,23.08695652173913,,18.65579096476237,0.13036274909973145,3,,,,,0.671539,,35.537155,0.466167
46,1079,17.0,22.95744680851064,,18.65579096476237,0.13036274909973145,3,,,,,0.671539,,35.537155,0.466167
47,1097,18.0,22.854166666666668,,18.65579096476237,0.13036274909973145,3,,,,,0.671539,,35.537155,0.466167
48,1117,20.0,22.79591836734694,,19.23374891281128,0.1601238250732422,4,,,,,0.675532,,41.845409,0.555371
49,1135,18.0,22.7,,19.23374891281128,0.1601238250732422,4,,,9.2,0.7483314773547882,0.675532,,41.845409,0.555371
50,1161,26.0,22.764705882352942,,19.23374891281128,0.1601238250732422,4,,,,,0.675532,,41.845409,0.555371
51,1176,15.0,22.615384615384617,,19.23374891281128,0.1601238250732422,4,,,,,0.675532,,41.845409,0.555371
52,1185,9.0,22.358490566037737,,19.23374891281128,0.1601238250732422,4,,,,,0.675532,,41.845409,0.555371
53,1196,11.0,22.14814814814815,,19.23374891281128,0.1601238250732422,4,,,,,0.675532,,41.845409,0.555371
54,1210,14.0,22.0,,19.23374891281128,0.1601238250732422,4,,,,,0.675532,,41.845409,0.555371
55,1237,27.0,22.089285714285715,,19.23374891281128,0.1601238250732422,4,,,,,0.675532,,41.845409,0.555371
56,1255,18.0,22.017543859649123,,19.23374891281128,0.1601238250732422,4,,,,,0.675532,,41.845409,0.555371
57,1279,24.0,22.051724137931036,,19.23374891281128,0.1601238250732422,4,,,,,0.675532,,41.845409,0.555371
58,1295,16.0,21.949152542372882,,19.23374891281128,0.1601238250732422,4,,,,,0.675532,,41.845409,0.555371
59,1322,27.0,22.033333333333335,,19.23374891281128,0.1601238250732422,4,,,,,0.675532,,41.845409,0.555371
60,1341,19.0,21.983606557377048,,19.23374891281128,0.1601238250732422,4,,,,,0.675532,,41.845409,0.555371
61,1354,13.0,21.838709677419356,,19.23374891281128,0.1601238250732422,4,,,,,0.675532,,41.845409,0.555371
62,1369,15.0,21.73015873015873,,19.23374891281128,0.1601238250732422,4,,,,,0.675532,,41.845409,0.555371
63,1381,12.0,21.578125,,19.23374891281128,0.1601238250732422,4,,,,,0.675532,,41.845409,0.555371
64,1430,49.0,22.0,,19.063213348388672,0.19861149787902832,5,,,,,0.680930,,36.717506,0.482908
65,1459,29.0,22.106060606060606,,19.063213348388672,0.19861149787902832,5,,,,,0.680930,,36.717506,0.482908
66,1482,23.0,22.119402985074625,,19.063213348388672,0.19861149787902832,5,,,,,0.680930,,36.717506,0.482908
67,1502,20.0,22.08823529411765,,19.063213348388672,0.19861149787902832,5,,,,,0.680930,,36.717506,0.482908
68,1524,22.0,22.08695652173913,,19.063213348388672,0.19861149787902832,5,,,,,0.680930,,36.717506,0.482908
69,1541,17.0,22.014285714285716,,19.063213348388672,0.19861149787902832,5,,,,,0.680930,,36.717506,0.482908
70,1566,25.0,22.056338028169016,,19.063213348388672,0.19861149787902832,5,,,,,0.680930,,36.717506,0.482908
71,1577,11.0,21.90277777777778,,19.063213348388672,0.19861149787902832,5,,,,,0.680930,,36.717506,0.482908
72,1599,22.0,21.904109589041095,,19.063213348388672,0.19861149787902832,5,,,,,0.680930,,36.717506,0.482908
73,1620,21.0,21.89189189189189,,19.063213348388672,0.19861149787902832,5,,,,,0.680930,,36.717506,0.482908
74,1651,31.0,22.013333333333332,,19.063213348388672,0.19861149787902832,5,,,,,0.680930,,36.717506,0.482908
75,1668,17.0,21.94736842105263,,19.063213348388672,0.19861149787902832,5,,,,,0.680930,,36.717506,0.482908
76,1685,17.0,21.883116883116884,,19.063213348388672,0.19861149787902832,5,,,,,0.680930,,36.717506,0.482908
77,1698,13.0,21.76923076923077,,19.063213348388672,0.19861149787902832,5,,,,,0.680930,,36.717506,0.482908
78,1713,15.0,21.68354430379747,,19.063213348388672,0.19861149787902832,5,,,,,0.680930,,36.717506,0.482908
79,1725,12.0,21.5625,,19.063213348388672,0.19861149787902832,5,,,,,0.680930,,36.717506,0.482908
80,1750,25.0,21.604938271604937,,19.042373657226562,0.23706388473510742,6,,,,,0.685535,,37.833519,0.609530
81,1781,31.0,21.71951219512195,,19.042373657226562,0.23706388473510742,6,,,,,0.685535,,37.833519,0.609530
82,1799,18.0,21.674698795180724,,19.042373657226562,0.23706388473510742,6,,,,,0.685535,,37.833519,0.609530
83,1820,21.0,21.666666666666668,,19.042373657226562,0.23706388473510742,6,,,,,0.685535,,37.833519,0.609530
84,1842,22.0,21.67058823529412,,19.042373657226562,0.23706388473510742,6,,,,,0.685535,,37.833519,0.609530
85,1855,13.0,21.569767441860463,,19.042373657226562,0.23706388473510742,6,,,,,0.685535,,37.833519,0.609530
86,1878,23.0,21.586206896551722,,19.042373657226562,0.23706388473510742,6,,,,,0.685535,,37.833519,0.609530
87,1896,18.0,21.545454545454547,,19.042373657226562,0.23706388473510742,6,,,,,0.685535,,37.833519,0.609530
88,1918,22.0,21.55056179775281,,19.042373657226562,0.23706388473510742,6,,,,,0.685535,,37.833519,0.609530
89,1938,20.0,21.533333333333335,,19.042373657226562,0.23706388473510742,6,,,,,0.685535,,37.833519,0.609530
90,1975,37.0,21.703296703296704,,19.042373657226562,0.23706388473510742,6,,,,,0.685535,,37.833519,0.609530
91,1985,10.0,21.57608695652174,,19.042373657226562,0.23706388473510742,6,,,,,0.685535,,37.833519,0.609530
92,2008,23.0,21.591397849462364,,19.042373657226562,0.23706388473510742,6,,,,,0.685535,,37.833519,0.609530
93,2026,18.0,21.5531914893617,,19.042373657226562,0.23706388473510742,6,,,,,0.685535,,37.833519,0.609530
94,2036,10.0,21.431578947368422,,19.042373657226562,0.23706388473510742,6,,,,,0.685535,,37.833519,0.609530
95,2052,16.0,21.375,,19.042373657226562,0.23706388473510742,6,,,,,0.685535,,37.833519,0.609530
96,2081,29.0,21.45360824742268,,18.78279141017369,0.27405476570129395,7,,,,,0.688259,,34.424374,0.453326
97,2113,32.0,21.56122448979592,,18.78279141017369,0.27405476570129395,7,,,,,0.688259,,34.424374,0.453326
98,2144,31.0,21.656565656565657,,18.78279141017369,0.27405476570129395,7,,,,,0.688259,,34.424374,0.453326
99,2157,13.0,21.57,,18.78279141017369,0.27405476570129395,7,,,11.4,1.2,0.688259,,34.424374,0.453326
100,2176,19.0,21.63,,18.78279141017369,0.27405476570129395,7,,,,,0.688259,,34.424374,0.453326
101,2195,19.0,21.62,,18.78279141017369,0.27405476570129395,7,,,,,0.688259,,34.424374,0.453326
102,2222,27.0,21.48,,18.78279141017369,0.27405476570129395,7,,,,,0.688259,,34.424374,0.453326
103,2267,45.0,21.76,,18.78279141017369,0.27405476570129395,7,,,,,0.688259,,34.424374,0.453326
104,2282,15.0,21.63,,18.78279141017369,0.27405476570129395,7,,,,,0.688259,,34.424374,0.453326
105,2307,25.0,21.57,,18.78279141017369,0.27405476570129395,7,,,,,0.688259,,34.424374,0.453326
106,2321,14.0,21.49,,18.78279141017369,0.27405476570129395,7,,,,,0.688259,,34.424374,0.453326
107,2338,17.0,21.49,,18.78279141017369,0.27405476570129395,7,,,,,0.688259,,34.424374,0.453326
108,2359,21.0,21.59,,18.78279141017369,0.27405476570129395,7,,,,,0.688259,,34.424374,0.453326
109,2380,21.0,21.35,,18.78279141017369,0.27405476570129395,7,,,,,0.688259,,34.424374,0.453326
110,2408,28.0,21.36,,18.78279141017369,0.27405476570129395,7,,,,,0.688259,,34.424374,0.453326
111,2427,19.0,21.34,,18.78279141017369,0.27405476570129395,7,,,,,0.688259,,34.424374,0.453326
112,2440,13.0,21.32,,18.82794713973999,0.3041200637817383,8,,,,,0.690259,,38.279224,0.543746
113,2460,20.0,21.04,,18.82794713973999,0.3041200637817383,8,,,,,0.690259,,38.279224,0.543746
114,2482,22.0,21.09,,18.82794713973999,0.3041200637817383,8,,,,,0.690259,,38.279224,0.543746
115,2513,31.0,21.31,,18.82794713973999,0.3041200637817383,8,,,,,0.690259,,38.279224,0.543746
116,2541,28.0,21.46,,18.82794713973999,0.3041200637817383,8,,,,,0.690259,,38.279224,0.543746
117,2557,16.0,21.26,,18.82794713973999,0.3041200637817383,8,,,,,0.690259,,38.279224,0.543746
118,2569,12.0,21.23,,18.82794713973999,0.3041200637817383,8,,,,,0.690259,,38.279224,0.543746
119,2595,26.0,21.2,,18.82794713973999,0.3041200637817383,8,,,,,0.690259,,38.279224,0.543746
120,2606,11.0,21.14,,18.82794713973999,0.3041200637817383,8,,,,,0.690259,,38.279224,0.543746
121,2617,11.0,21.16,,18.82794713973999,0.3041200637817383,8,,,,,0.690259,,38.279224,0.543746
122,2636,19.0,21.16,,18.82794713973999,0.3041200637817383,8,,,,,0.690259,,38.279224,0.543746
123,2658,22.0,21.18,,18.82794713973999,0.3041200637817383,8,,,,,0.690259,,38.279224,0.543746
124,2670,12.0,21.08,,18.82794713973999,0.3041200637817383,8,,,,,0.690259,,38.279224,0.543746
125,2694,24.0,20.85,,18.82794713973999,0.3041200637817383,8,,,,,0.690259,,38.279224,0.543746
126,2708,14.0,20.81,,18.82794713973999,0.3041200637817383,8,,,,,0.690259,,38.279224,0.543746
127,2729,21.0,20.8,,18.82794713973999,0.3041200637817383,8,,,,,0.690259,,38.279224,0.543746
128,2740,11.0,20.7,,18.583510292900932,0.354738712310791,9,,,,,0.689804,,33.284649,0.465585
129,2764,24.0,20.73,,18.583510292900932,0.354738712310791,9,,,,,0.689804,,33.284649,0.465585
130,2817,53.0,21.09,,18.583510292900932,0.354738712310791,9,,,,,0.689804,,33.284649,0.465585
131,2838,21.0,21.18,,18.583510292900932,0.354738712310791,9,,,,,0.689804,,33.284649,0.465585
132,2868,30.0,21.32,,18.583510292900932,0.354738712310791,9,,,,,0.689804,,33.284649,0.465585
133,2881,13.0,21.33,,18.583510292900932,0.354738712310791,9,,,,,0.689804,,33.284649,0.465585
134,2908,27.0,21.25,,18.583510292900932,0.354738712310791,9,,,,,0.689804,,33.284649,0.465585
135,2919,11.0,20.91,,18.583510292900932,0.354738712310791,9,,,,,0.689804,,33.284649,0.465585
136,2940,21.0,21.0,,18.583510292900932,0.354738712310791,9,,,,,0.689804,,33.284649,0.465585
137,2975,35.0,21.16,,18.583510292900932,0.354738712310791,9,,,,,0.689804,,33.284649,0.465585
138,2991,16.0,21.13,,18.583510292900932,0.354738712310791,9,,,,,0.689804,,33.284649,0.465585
139,3030,39.0,21.27,,18.583510292900932,0.354738712310791,9,,,,,0.689804,,33.284649,0.465585
140,3069,39.0,21.56,,18.583510292900932,0.354738712310791,9,,,,,0.689804,,33.284649,0.465585
141,3104,35.0,21.78,,18.583510292900932,0.354738712310791,9,,,,,0.689804,,33.284649,0.465585
142,3116,12.0,21.51,,18.583510292900932,0.354738712310791,9,,,,,0.689804,,33.284649,0.465585
143,3127,11.0,21.11,,18.583510292900932,0.354738712310791,9,,,,,0.689804,,33.284649,0.465585
144,3144,17.0,21.02,,18.452824592590332,0.38843417167663574,10,,,,,0.689530,,34.579788,0.479840
145,3181,37.0,21.19,,18.452824592590332,0.38843417167663574,10,,,,,0.689530,,34.579788,0.479840
146,3192,11.0,21.13,,18.452824592590332,0.38843417167663574,10,,,,,0.689530,,34.579788,0.479840
147,3205,13.0,21.08,,18.452824592590332,0.38843417167663574,10,,,,,0.689530,,34.579788,0.479840
148,3244,39.0,21.27,,18.452824592590332,0.38843417167663574,10,,,,,0.689530,,34.579788,0.479840
149,3285,41.0,21.5,,18.452824592590332,0.38843417167663574,10,,,388.2,160.5346068609507,0.689530,,34.579788,0.479840
150,3311,26.0,21.5,,18.452824592590332,0.38843417167663574,10,,,,,0.689530,,34.579788,0.479840
151,3326,15.0,21.5,,18.452824592590332,0.38843417167663574,10,,,,,0.689530,,34.579788,0.479840
152,3341,15.0,21.56,,18.452824592590332,0.38843417167663574,10,,,,,0.689530,,34.579788,0.479840
153,3360,19.0,21.64,,18.452824592590332,0.38843417167663574,10,,,,,0.689530,,34.579788,0.479840
154,3373,13.0,21.63,,18.452824592590332,0.38843417167663574,10,,,,,0.689530,,34.579788,0.479840
155,3390,17.0,21.53,,18.452824592590332,0.38843417167663574,10,,,,,0.689530,,34.579788,0.479840
156,3413,23.0,21.58,,18.452824592590332,0.38843417167663574,10,,,,,0.689530,,34.579788,0.479840
157,3427,14.0,21.48,,18.452824592590332,0.38843417167663574,10,,,,,0.689530,,34.579788,0.479840
158,3444,17.0,21.49,,18.452824592590332,0.38843417167663574,10,,,,,0.689530,,34.579788,0.479840
159,3468,24.0,21.46,,18.452824592590332,0.38843417167663574,10,,,,,0.689530,,34.579788,0.479840
160,3488,20.0,21.47,,18.294750213623047,0.42295193672180176,11,,,,,0.688982,,33.457603,0.511591
161,3508,20.0,21.54,,18.294750213623047,0.42295193672180176,11,,,,,0.688982,,33.457603,0.511591
162,3537,29.0,21.68,,18.294750213623047,0.42295193672180176,11,,,,,0.688982,,33.457603,0.511591
163,3557,20.0,21.76,,18.294750213623047,0.42295193672180176,11,,,,,0.688982,,33.457603,0.511591
164,3577,20.0,21.47,,18.294750213623047,0.42295193672180176,11,,,,,0.688982,,33.457603,0.511591
165,3587,10.0,21.28,,18.294750213623047,0.42295193672180176,11,,,,,0.688982,,33.457603,0.511591
166,3607,20.0,21.25,,18.294750213623047,0.42295193672180176,11,,,,,0.688982,,33.457603,0.511591
167,3620,13.0,21.18,,18.294750213623047,0.42295193672180176,11,,,,,0.688982,,33.457603,0.511591
168,3652,32.0,21.28,,18.294750213623047,0.42295193672180176,11,,,,,0.688982,,33.457603,0.511591
169,3666,14.0,21.25,,18.294750213623047,0.42295193672180176,11,,,,,0.688982,,33.457603,0.511591
170,3698,32.0,21.32,,18.294750213623047,0.42295193672180176,11,,,,,0.688982,,33.457603,0.511591
171,3732,34.0,21.55,,18.294750213623047,0.42295193672180176,11,,,,,0.688982,,33.457603,0.511591
172,3742,10.0,21.43,,18.294750213623047,0.42295193672180176,11,,,,,0.688982,,33.457603,0.511591
173,3782,40.0,21.62,,18.294750213623047,0.42295193672180176,11,,,,,0.688982,,33.457603,0.511591
174,3817,35.0,21.66,,18.294750213623047,0.42295193672180176,11,,,,,0.688982,,33.457603,0.511591
175,3834,17.0,21.66,,18.294750213623047,0.42295193672180176,11,,,,,0.688982,,33.457603,0.511591
176,3876,42.0,21.91,,17.89041217168172,0.47434234619140625,12,,,,,0.687526,,26.936279,0.363715
177,3891,15.0,21.93,,17.89041217168172,0.47434234619140625,12,,,,,0.687526,,26.936279,0.363715
178,3918,27.0,22.05,,17.89041217168172,0.47434234619140625,12,,,,,0.687526,,26.936279,0.363715
179,3935,17.0,22.1,,17.89041217168172,0.47434234619140625,12,,,,,0.687526,,26.936279,0.363715
180,3961,26.0,22.11,,17.89041217168172,0.47434234619140625,12,,,,,0.687526,,26.936279,0.363715
181,3992,31.0,22.11,,17.89041217168172,0.47434234619140625,12,,,,,0.687526,,26.936279,0.363715
182,4008,16.0,22.09,,17.89041217168172,0.47434234619140625,12,,,,,0.687526,,26.936279,0.363715
183,4024,16.0,22.04,,17.89041217168172,0.47434234619140625,12,,,,,0.687526,,26.936279,0.363715
184,4110,86.0,22.68,,17.89041217168172,0.47434234619140625,12,,,,,0.687526,,26.936279,0.363715
185,4137,27.0,22.82,,17.89041217168172,0.47434234619140625,12,,,,,0.687526,,26.936279,0.363715
186,4181,44.0,23.03,,17.89041217168172,0.47434234619140625,12,,,,,0.687526,,26.936279,0.363715
187,4208,27.0,23.12,,17.89041217168172,0.47434234619140625,12,,,,,0.687526,,26.936279,0.363715
188,4219,11.0,23.01,,17.89041217168172,0.47434234619140625,12,,,,,0.687526,,26.936279,0.363715
189,4250,31.0,23.12,,17.89041217168172,0.47434234619140625,12,,,,,0.687526,,26.936279,0.363715
190,4311,61.0,23.36,,17.89041217168172,0.47434234619140625,12,,,,,0.687526,,26.936279,0.363715
191,4322,11.0,23.37,,17.89041217168172,0.47434234619140625,12,,,,,0.687526,,26.936279,0.363715
192,4352,30.0,23.44,,17.470152414762058,0.5475273132324219,13,,,,,0.686863,,24.898283,0.109828
193,4378,26.0,23.52,,17.470152414762058,0.5475273132324219,13,,,,,0.686863,,24.898283,0.109828
194,4455,77.0,24.19,,17.470152414762058,0.5475273132324219,13,,,,,0.686863,,24.898283,0.109828
195,4473,18.0,24.21,,17.470152414762058,0.5475273132324219,13,,,,,0.686863,,24.898283,0.109828
196,4492,19.0,24.11,,17.470152414762058,0.5475273132324219,13,,,,,0.686863,,24.898283,0.109828
197,4509,17.0,23.96,,17.470152414762058,0.5475273132324219,13,,,,,0.686863,,24.898283,0.109828
198,4551,42.0,24.07,,17.470152414762058,0.5475273132324219,13,,,,,0.686863,,24.898283,0.109828
199,4602,51.0,24.45,,17.470152414762058,0.5475273132324219,13,,,61.8,13.13620949893842,0.686863,,24.898283,0.109828
200,4625,23.0,24.49,,17.470152414762058,0.5475273132324219,13,,,,,0.686863,,24.898283,0.109828
201,4755,130.0,25.6,,17.470152414762058,0.5475273132324219,13,,,,,0.686863,,24.898283,0.109828
202,4776,21.0,25.54,,17.470152414762058,0.5475273132324219,13,,,,,0.686863,,24.898283,0.109828
203,4812,36.0,25.45,,17.470152414762058,0.5475273132324219,13,,,,,0.686863,,24.898283,0.109828
204,4833,21.0,25.51,,17.470152414762058,0.5475273132324219,13,,,,,0.686863,,24.898283,0.109828
205,4852,19.0,25.45,,17.470152414762058,0.5475273132324219,13,,,,,0.686863,,24.898283,0.109828
206,4876,24.0,25.55,,17.470152414762058,0.5475273132324219,13,,,,,0.686863,,24.898283,0.109828
207,4895,19.0,25.57,,17.470152414762058,0.5475273132324219,13,,,,,0.686863,,24.898283,0.109828
208,4945,50.0,25.86,,17.047671249934606,0.6210722923278809,14,,,,,0.684249,,23.168461,0.236538
209,4966,21.0,25.86,,17.047671249934606,0.6210722923278809,14,,,,,0.684249,,23.168461,0.236538
210,4986,20.0,25.78,,17.047671249934606,0.6210722923278809,14,,,,,0.684249,,23.168461,0.236538
211,5018,32.0,25.91,,17.047671249934606,0.6210722923278809,14,,,,,0.684249,,23.168461,0.236538
212,5083,65.0,26.43,,17.047671249934606,0.6210722923278809,14,,,,,0.684249,,23.168461,0.236538
213,5116,33.0,26.56,,17.047671249934606,0.6210722923278809,14,,,,,0.684249,,23.168461,0.236538
214,5132,16.0,26.5,,17.047671249934606,0.6210722923278809,14,,,,,0.684249,,23.168461,0.236538
215,5155,23.0,26.42,,17.047671249934606,0.6210722923278809,14,,,,,0.684249,,23.168461,0.236538
216,5283,128.0,27.42,,17.047671249934606,0.6210722923278809,14,,,,,0.684249,,23.168461,0.236538
217,5303,20.0,27.46,,17.047671249934606,0.6210722923278809,14,,,,,0.684249,,23.168461,0.236538
218,5349,46.0,27.8,,17.047671249934606,0.6210722923278809,14,,,,,0.684249,,23.168461,0.236538
219,5424,75.0,28.29,,17.047671249934606,0.6210722923278809,14,,,,,0.684249,,23.168461,0.236538
220,5468,44.0,28.62,,17.047671249934606,0.6210722923278809,14,,,,,0.684249,,23.168461,0.236538
221,5478,10.0,28.61,,17.047671249934606,0.6210722923278809,14,,,,,0.684249,,23.168461,0.236538
222,5496,18.0,28.6,,17.047671249934606,0.6210722923278809,14,,,,,0.684249,,23.168461,0.236538
223,5536,40.0,28.78,,17.047671249934606,0.6210722923278809,14,,,,,0.684249,,23.168461,0.236538
224,5560,24.0,28.9,,16.913496081034342,0.6630277633666992,15,,,,,0.681991,,30.143908,0.395807
225,5591,31.0,28.97,,16.913496081034342,0.6630277633666992,15,,,,,0.681991,,30.143908,0.395807
226,5611,20.0,29.03,,16.913496081034342,0.6630277633666992,15,,,,,0.681991,,30.143908,0.395807
227,5622,11.0,28.93,,16.913496081034342,0.6630277633666992,15,,,,,0.681991,,30.143908,0.395807
228,5638,16.0,28.98,,16.913496081034342,0.6630277633666992,15,,,,,0.681991,,30.143908,0.395807
229,5658,20.0,28.94,,16.913496081034342,0.6630277633666992,15,,,,,0.681991,,30.143908,0.395807
230,5701,43.0,28.84,,16.913496081034342,0.6630277633666992,15,,,,,0.681991,,30.143908,0.395807
231,5718,17.0,28.8,,16.913496081034342,0.6630277633666992,15,,,,,0.681991,,30.143908,0.395807
232,5746,28.0,28.78,,16.913496081034342,0.6630277633666992,15,,,,,0.681991,,30.143908,0.395807
233,5799,53.0,29.18,,16.913496081034342,0.6630277633666992,15,,,,,0.681991,,30.143908,0.395807
234,5835,36.0,29.27,,16.913496081034342,0.6630277633666992,15,,,,,0.681991,,30.143908,0.395807
235,5859,24.0,29.4,,16.913496081034342,0.6630277633666992,15,,,,,0.681991,,30.143908,0.395807
236,5874,15.0,29.34,,16.913496081034342,0.6630277633666992,15,,,,,0.681991,,30.143908,0.395807
237,5885,11.0,29.1,,16.913496081034342,0.6630277633666992,15,,,,,0.681991,,30.143908,0.395807
238,5923,38.0,29.32,,16.913496081034342,0.6630277633666992,15,,,,,0.681991,,30.143908,0.395807
239,5945,22.0,29.15,,16.913496081034342,0.6630277633666992,15,,,,,0.681991,,30.143908,0.395807
240,5967,22.0,28.98,,16.69947385787964,0.7086169719696045,16,,,,,0.676223,,27.057079,0.300979
241,6028,61.0,29.24,,16.69947385787964,0.7086169719696045,16,,,,,0.676223,,27.057079,0.300979
242,6039,11.0,29.23,,16.69947385787964,0.709618091583252,16,,,,,0.676223,,27.057079,0.300979
243,6050,11.0,29.23,,16.69947385787964,0.709618091583252,16,,,,,0.676223,,27.057079,0.300979
244,6059,9.0,29.15,,16.69947385787964,0.709618091583252,16,,,,,0.676223,,27.057079,0.300979
245,6115,56.0,29.34,,16.69947385787964,0.709618091583252,16,,,,,0.676223,,27.057079,0.300979
246,6130,15.0,29.38,,16.69947385787964,0.709618091583252,16,,,,,0.676223,,27.057079,0.300979
247,6183,53.0,29.78,,16.69947385787964,0.709618091583252,16,,,,,0.676223,,27.057079,0.300979
248,6205,22.0,29.61,,16.69947385787964,0.709618091583252,16,,,,,0.676223,,27.057079,0.300979
249,6223,18.0,29.38,,16.69947385787964,0.709618091583252,16,,,57.8,5.706137047074843,0.676223,,27.057079,0.300979
250,6243,20.0,29.32,,16.69947385787964,0.709618091583252,16,,,,,0.676223,,27.057079,0.300979
251,6257,14.0,29.31,,16.69947385787964,0.709618091583252,16,,,,,0.676223,,27.057079,0.300979
252,6270,13.0,29.29,,16.69947385787964,0.709618091583252,16,,,,,0.676223,,27.057079,0.300979
253,6290,20.0,29.3,,16.69947385787964,0.709618091583252,16,,,,,0.676223,,27.057079,0.300979
254,6314,24.0,29.41,,16.69947385787964,0.709618091583252,16,,,,,0.676223,,27.057079,0.300979
255,6350,36.0,29.6,,16.69947385787964,0.709618091583252,16,,,,,0.676223,,27.057079,0.300979
256,6375,25.0,29.62,,16.4190533581902,0.7641139030456543,17,,,,,0.677778,,23.937128,0.280866
257,6395,20.0,29.68,,16.4190533581902,0.7641139030456543,17,,,,,0.677778,,23.937128,0.280866
258,6492,97.0,30.48,,16.4190533581902,0.7641139030456543,17,,,,,0.677778,,23.937128,0.280866
259,6580,88.0,31.12,,16.4190533581902,0.7641139030456543,17,,,,,0.677778,,23.937128,0.280866
260,6611,31.0,31.23,,16.4190533581902,0.7641139030456543,17,,,,,0.677778,,23.937128,0.280866
261,6652,41.0,31.44,,16.4190533581902,0.7641139030456543,17,,,,,0.677778,,23.937128,0.280866
262,6701,49.0,31.64,,16.4190533581902,0.7641139030456543,17,,,,,0.677778,,23.937128,0.280866
263,6725,24.0,31.68,,16.4190533581902,0.7641139030456543,17,,,,,0.677778,,23.937128,0.280866
264,6740,15.0,31.63,,16.4190533581902,0.7641139030456543,17,,,,,0.677778,,23.937128,0.280866
265,6759,19.0,31.72,,16.4190533581902,0.7641139030456543,17,,,,,0.677778,,23.937128,0.280866
266,6777,18.0,31.7,,16.4190533581902,0.7641139030456543,17,,,,,0.677778,,23.937128,0.280866
267,6800,23.0,31.8,,16.4190533581902,0.7641139030456543,17,,,,,0.677778,,23.937128,0.280866
268,6829,29.0,31.77,,16.4190533581902,0.7641139030456543,17,,,,,0.677778,,23.937128,0.280866
269,6846,17.0,31.8,,16.4190533581902,0.7641139030456543,17,,,,,0.677778,,23.937128,0.280866
270,6863,17.0,31.65,,16.4190533581902,0.7641139030456543,17,,,,,0.677778,,23.937128,0.280866
271,6871,8.0,31.39,,16.4190533581902,0.7641139030456543,17,,,,,0.677778,,23.937128,0.280866
272,6893,22.0,31.51,,16.29402992460463,0.8103995323181152,18,,,,,0.676300,,28.409819,0.424512
273,6910,17.0,31.28,,16.29402992460463,0.8103995323181152,18,,,,,0.676300,,28.409819,0.424512
274,6926,16.0,31.09,,16.29402992460463,0.8103995323181152,18,,,,,0.676300,,28.409819,0.424512
275,6947,21.0,31.13,,16.29402992460463,0.8103995323181152,18,,,,,0.676300,,28.409819,0.424512
276,6988,41.0,31.12,,16.29402992460463,0.8103995323181152,18,,,,,0.676300,,28.409819,0.424512
277,7021,33.0,31.3,,16.29402992460463,0.8103995323181152,18,,,,,0.676300,,28.409819,0.424512
278,7045,24.0,31.27,,16.29402992460463,0.8103995323181152,18,,,,,0.676300,,28.409819,0.424512
279,7072,27.0,31.37,,16.29402992460463,0.8103995323181152,18,,,,,0.676300,,28.409819,0.424512
280,7109,37.0,31.48,,16.29402992460463,0.8103995323181152,18,,,,,0.676300,,28.409819,0.424512
281,7141,32.0,31.49,,16.29402992460463,0.8103995323181152,18,,,,,0.676300,,28.409819,0.424512
282,7188,47.0,31.8,,16.29402992460463,0.8103995323181152,18,,,,,0.676300,,28.409819,0.424512
283,7219,31.0,31.95,,16.29402992460463,0.8103995323181152,18,,,,,0.676300,,28.409819,0.424512
284,7256,37.0,31.46,,16.29402992460463,0.8103995323181152,18,,,,,0.676300,,28.409819,0.424512
285,7268,12.0,31.31,,16.29402992460463,0.8103995323181152,18,,,,,0.676300,,28.409819,0.424512
286,7292,24.0,31.11,,16.29402992460463,0.8103995323181152,18,,,,,0.676300,,28.409819,0.424512
287,7321,29.0,31.13,,16.29402992460463,0.8103995323181152,18,,,,,0.676300,,28.409819,0.424512
288,7333,12.0,31.14,,15.990303892838327,0.8847384452819824,19,,,,,0.667278,,21.109102,0.047143
289,7370,37.0,31.2,,15.990303892838327,0.8847384452819824,19,,,,,0.667278,,21.109102,0.047143
290,7416,46.0,31.05,,15.990303892838327,0.8847384452819824,19,,,,,0.667278,,21.109102,0.047143
291,7545,129.0,32.23,,15.990303892838327,0.8847384452819824,19,,,,,0.667278,,21.109102,0.047143
292,7562,17.0,32.1,,15.990303892838327,0.8847384452819824,19,,,,,0.667278,,21.109102,0.047143
293,7578,16.0,32.0,,15.990303892838327,0.8847384452819824,19,,,,,0.667278,,21.109102,0.047143
294,7593,15.0,31.38,,15.990303892838327,0.8847384452819824,19,,,,,0.667278,,21.109102,0.047143
295,7617,24.0,31.44,,15.990303892838327,0.8847384452819824,19,,,,,0.667278,,21.109102,0.047143
296,7665,48.0,31.73,,15.990303892838327,0.8847384452819824,19,,,,,0.667278,,21.109102,0.047143
297,7689,24.0,31.8,,15.990303892838327,0.8847384452819824,19,,,,,0.667278,,21.109102,0.047143
298,7703,14.0,31.52,,15.990303892838327,0.8847384452819824,19,,,,,0.667278,,21.109102,0.047143
299,7732,29.0,31.3,,15.990303892838327,0.8847384452819824,19,,,79.0,25.019992006393608,0.667278,,21.109102,0.047143
300,7763,31.0,31.38,,15.990303892838327,0.8847384452819824,19,,,,,0.667278,,21.109102,0.047143
301,7851,88.0,30.96,,15.990303892838327,0.8847384452819824,19,,,,,0.667278,,21.109102,0.047143
302,7878,27.0,31.02,,15.990303892838327,0.8847384452819824,19,,,,,0.667278,,21.109102,0.047143
303,7893,15.0,30.81,,15.990303892838327,0.8847384452819824,19,,,,,0.667278,,21.109102,0.047143
304,7906,13.0,30.73,,15.740220022201537,0.9438135623931885,20,,,,,0.670682,,22.065794,0.034550
305,7944,38.0,30.92,,15.740220022201537,0.9438135623931885,20,,,,,0.670682,,22.065794,0.034550
306,7991,47.0,31.15,,15.740220022201537,0.9438135623931885,20,,,,,0.670682,,22.065794,0.034550
307,8007,16.0,31.12,,15.740220022201537,0.9438135623931885,20,,,,,0.670682,,22.065794,0.034550
308,8028,21.0,30.83,,15.740220022201537,0.9438135623931885,20,,,,,0.670682,,22.065794,0.034550
309,8063,35.0,30.97,,15.740220022201537,0.9438135623931885,20,,,,,0.670682,,22.065794,0.034550
310,8139,76.0,31.53,,15.740220022201537,0.9438135623931885,20,,,,,0.670682,,22.065794,0.034550
311,8168,29.0,31.5,,15.740220022201537,0.9438135623931885,20,,,,,0.670682,,22.065794,0.034550
312,8238,70.0,31.55,,15.740220022201537,0.9438135623931885,20,,,,,0.670682,,22.065794,0.034550
313,8289,51.0,31.73,,15.740220022201537,0.9438135623931885,20,,,,,0.670682,,22.065794,0.034550
314,8312,23.0,31.8,,15.740220022201537,0.9438135623931885,20,,,,,0.670682,,22.065794,0.034550
315,8345,33.0,31.9,,15.740220022201537,0.9438135623931885,20,,,,,0.670682,,22.065794,0.034550
316,8361,16.0,30.78,,15.740220022201537,0.9438135623931885,20,,,,,0.670682,,22.065794,0.034550
317,8380,19.0,30.77,,15.740220022201537,0.9438135623931885,20,,,,,0.670682,,22.065794,0.034550
318,8399,19.0,30.5,,15.740220022201537,0.9438135623931885,20,,,,,0.670682,,22.065794,0.034550
319,8458,59.0,30.34,,15.740220022201537,0.9438135623931885,20,,,,,0.670682,,22.065794,0.034550
320,8481,23.0,30.13,,15.4668212164016,1.008974313735962,21,,,,,0.666986,,20.101685,0.258320
321,8522,41.0,30.44,,15.4668212164016,1.008974313735962,21,,,,,0.666986,,20.101685,0.258320
322,8550,28.0,30.54,,15.4668212164016,1.008974313735962,21,,,,,0.666986,,20.101685,0.258320
323,8580,30.0,30.44,,15.4668212164016,1.008974313735962,21,,,,,0.666986,,20.101685,0.258320
324,8610,30.0,30.5,,15.4668212164016,1.008974313735962,21,,,,,0.666986,,20.101685,0.258320
325,8675,65.0,30.84,,15.4668212164016,1.008974313735962,21,,,,,0.666986,,20.101685,0.258320
326,8693,18.0,30.82,,15.4668212164016,1.008974313735962,21,,,,,0.666986,,20.101685,0.258320
327,8791,98.0,31.69,,15.4668212164016,1.008974313735962,21,,,,,0.666986,,20.101685,0.258320
328,8870,79.0,32.32,,15.4668212164016,1.008974313735962,21,,,,,0.666986,,20.101685,0.258320
329,8901,31.0,32.43,,15.4668212164016,1.008974313735962,21,,,,,0.666986,,20.101685,0.258320
330,8962,61.0,32.61,,15.4668212164016,1.008974313735962,21,,,,,0.666986,,20.101685,0.258320
331,9020,58.0,33.02,,15.4668212164016,1.008974313735962,21,,,,,0.666986,,20.101685,0.258320
332,9042,22.0,32.96,,15.4668212164016,1.008974313735962,21,,,,,0.666986,,20.101685,0.258320
333,9079,37.0,32.8,,15.4668212164016,1.008974313735962,21,,,,,0.666986,,20.101685,0.258320
334,9096,17.0,32.61,,15.4668212164016,1.008974313735962,21,,,,,0.666986,,20.101685,0.258320
335,9127,31.0,32.68,,15.4668212164016,1.008974313735962,21,,,,,0.666986,,20.101685,0.258320
336,9150,23.0,32.76,,15.194321328943426,1.0635547637939453,22,,,,,0.661090,,19.062071,0.197297
337,9188,38.0,33.03,,15.194321328943426,1.0635547637939453,22,,,,,0.661090,,19.062071,0.197297
338,9198,10.0,32.75,,15.194321328943426,1.0635547637939453,22,,,,,0.661090,,19.062071,0.197297
339,9231,33.0,32.86,,15.194321328943426,1.0635547637939453,22,,,,,0.661090,,19.062071,0.197297
340,9262,31.0,32.95,,15.194321328943426,1.0635547637939453,22,,,,,0.661090,,19.062071,0.197297
341,9294,32.0,32.66,,15.194321328943426,1.0635547637939453,22,,,,,0.661090,,19.062071,0.197297
342,9342,48.0,33.03,,15.194321328943426,1.0635547637939453,22,,,,,0.661090,,19.062071,0.197297
343,9386,44.0,33.36,,15.194321328943426,1.0635547637939453,22,,,,,0.661090,,19.062071,0.197297
344,9420,34.0,33.61,,15.194321328943426,1.0635547637939453,22,,,,,0.661090,,19.062071,0.197297
345,9460,40.0,33.45,,15.194321328943426,1.0635547637939453,22,,,,,0.661090,,19.062071,0.197297
346,9517,57.0,33.87,,15.194321328943426,1.0635547637939453,22,,,,,0.661090,,19.062071,0.197297
347,9597,80.0,34.14,,15.194321328943426,1.0635547637939453,22,,,,,0.661090,,19.062071,0.197297
348,9664,67.0,34.59,,15.194321328943426,1.0635547637939453,22,,,,,0.661090,,19.062071,0.197297
349,9718,54.0,34.95,,15.194321328943426,1.0635547637939453,22,,,129.4,59.915273511851716,0.661090,,19.062071,0.197297
350,9794,76.0,35.51,,15.194321328943426,1.0635547637939453,22,,,,,0.661090,,19.062071,0.197297
351,9806,12.0,35.49,,15.194321328943426,1.0635547637939453,22,,,,,0.661090,,19.062071,0.197297
352,9824,18.0,35.54,,14.925376601841139,1.1392958164215088,23,,,,,0.659601,,18.101233,0.254197
353,9964,140.0,36.74,,14.925376601841139,1.1392958164215088,23,,,,,0.659601,,18.101233,0.254197
354,9976,12.0,36.62,,14.925376601841139,1.1392958164215088,23,,,,,0.659601,,18.101233,0.254197
355,10000,24.0,36.5,,14.925376601841139,1.1392958164215088,23,,,,,0.659601,,18.101233,0.254197
356,10039,39.0,36.64,,14.925376601841139,1.1392958164215088,23,,,,,0.659601,,18.101233,0.254197
357,10130,91.0,37.35,,14.925376601841139,1.1392958164215088,23,,,,,0.659601,,18.101233,0.254197
358,10143,13.0,36.51,,14.925376601841139,1.1392958164215088,23,,,,,0.659601,,18.101233,0.254197
359,10182,39.0,36.02,,14.925376601841139,1.1392958164215088,23,,,,,0.659601,,18.101233,0.254197
360,10204,22.0,35.93,,14.925376601841139,1.1392958164215088,23,,,,,0.659601,,18.101233,0.254197
361,10250,46.0,35.98,,14.925376601841139,1.1392958164215088,23,,,,,0.659601,,18.101233,0.254197
362,10270,20.0,35.69,,14.925376601841139,1.1392958164215088,23,,,,,0.659601,,18.101233,0.254197
363,10318,48.0,35.93,,14.925376601841139,1.1392958164215088,23,,,,,0.659601,,18.101233,0.254197
364,10395,77.0,36.55,,14.925376601841139,1.1392958164215088,23,,,,,0.659601,,18.101233,0.254197
365,10414,19.0,36.55,,14.925376601841139,1.1392958164215088,23,,,,,0.659601,,18.101233,0.254197
366,10432,18.0,36.55,,14.925376601841139,1.1392958164215088,23,,,,,0.659601,,18.101233,0.254197
367,10501,69.0,37.01,,14.925376601841139,1.1392958164215088,23,,,,,0.659601,,18.101233,0.254197
368,10559,58.0,37.3,,14.664807081222534,1.2023086547851562,24,,,,,0.653890,,17.453417,0.183914
369,10629,70.0,37.83,,14.664807081222534,1.2023086547851562,24,,,,,0.653890,,17.453417,0.183914
370,10659,30.0,37.96,,14.664807081222534,1.2023086547851562,24,,,,,0.653890,,17.453417,0.183914
371,10695,36.0,38.24,,14.664807081222534,1.2023086547851562,24,,,,,0.653890,,17.453417,0.183914
372,10713,18.0,38.2,,14.664807081222534,1.2023086547851562,24,,,,,0.653890,,17.453417,0.183914
373,10801,88.0,38.91,,14.664807081222534,1.2023086547851562,24,,,,,0.653890,,17.453417,0.183914
374,10819,18.0,38.93,,14.664807081222534,1.2023086547851562,24,,,,,0.653890,,17.453417,0.183914
375,10886,67.0,39.39,,14.664807081222534,1.2023086547851562,24,,,,,0.653890,,17.453417,0.183914
376,10920,34.0,39.32,,14.664807081222534,1.2023086547851562,24,,,,,0.653890,,17.453417,0.183914
377,10956,36.0,39.35,,14.664807081222534,1.2023086547851562,24,,,,,0.653890,,17.453417,0.183914
378,11019,63.0,39.74,,14.664807081222534,1.2023086547851562,24,,,,,0.653890,,17.453417,0.183914
379,11078,59.0,40.06,,14.664807081222534,1.2023086547851562,24,,,,,0.653890,,17.453417,0.183914
380,11096,18.0,39.87,,14.664807081222534,1.2023086547851562,24,,,,,0.653890,,17.453417,0.183914
381,11155,59.0,40.14,,14.664807081222534,1.2023086547851562,24,,,,,0.653890,,17.453417,0.183914
382,11211,56.0,40.23,,14.664807081222534,1.2023086547851562,24,,,,,0.653890,,17.453417,0.183914
383,11266,55.0,40.47,,14.664807081222534,1.2023086547851562,24,,,,,0.653890,,17.453417,0.183914
384,11343,77.0,40.87,,14.395162792205811,1.2716460227966309,25,,,,,0.646666,,15.944898,0.075030
385,11400,57.0,41.32,,14.395162792205811,1.2716460227966309,25,,,,,0.646666,,15.944898,0.075030
386,11458,58.0,41.66,,14.395162792205811,1.2716460227966309,25,,,,,0.646666,,15.944898,0.075030
387,11490,32.0,41.69,,14.395162792205811,1.2716460227966309,25,,,,,0.646666,,15.944898,0.075030
388,11525,35.0,41.92,,14.395162792205811,1.2716460227966309,25,,,,,0.646666,,15.944898,0.075030
389,11597,72.0,42.27,,14.395162792205811,1.2716460227966309,25,,,,,0.646666,,15.944898,0.075030
390,11633,36.0,42.17,,14.395162792205811,1.2716460227966309,25,,,,,0.646666,,15.944898,0.075030
391,11701,68.0,41.56,,14.395162792205811,1.2716460227966309,25,,,,,0.646666,,15.944898,0.075030
392,11711,10.0,41.49,,14.395162792205811,1.2716460227966309,25,,,,,0.646666,,15.944898,0.075030
393,11751,40.0,41.73,,14.395162792205811,1.2716460227966309,25,,,,,0.646666,,15.944898,0.075030
394,11766,15.0,41.73,,14.395162792205811,1.2716460227966309,25,,,,,0.646666,,15.944898,0.075030
395,11871,105.0,42.54,,14.395162792205811,1.2716460227966309,25,,,,,0.646666,,15.944898,0.075030
396,11889,18.0,42.24,,14.395162792205811,1.2716460227966309,25,,,,,0.646666,,15.944898,0.075030
397,11946,57.0,42.57,,14.395162792205811,1.2716460227966309,25,,,,,0.646666,,15.944898,0.075030
398,12007,61.0,43.04,,14.395162792205811,1.2716460227966309,25,,,,,0.646666,,15.944898,0.075030
399,12043,36.0,43.11,,14.395162792205811,1.2716460227966309,25,,,388.6,134.3392719944544,0.646666,,15.944898,0.075030
400,12078,35.0,43.15,,14.137385313327496,1.3561251163482666,26,,,,,0.646202,,15.519981,0.185009
401,12146,68.0,42.95,,14.137385313327496,1.3561251163482666,26,,,,,0.646202,,15.519981,0.185009
402,12171,25.0,42.93,,14.137385313327496,1.3561251163482666,26,,,,,0.646202,,15.519981,0.185009
403,12226,55.0,43.33,,14.137385313327496,1.3561251163482666,26,,,,,0.646202,,15.519981,0.185009
404,12249,23.0,43.43,,14.137385313327496,1.3561251163482666,26,,,,,0.646202,,15.519981,0.185009
405,12359,110.0,44.15,,14.137385313327496,1.3561251163482666,26,,,,,0.646202,,15.519981,0.185009
406,12399,40.0,44.08,,14.137385313327496,1.3561251163482666,26,,,,,0.646202,,15.519981,0.185009
407,12430,31.0,44.23,,14.137385313327496,1.3561251163482666,26,,,,,0.646202,,15.519981,0.185009
408,12535,105.0,45.07,,14.137385313327496,1.3561251163482666,26,,,,,0.646202,,15.519981,0.185009
409,12608,73.0,45.45,,14.137385313327496,1.3561251163482666,26,,,,,0.646202,,15.519981,0.185009
410,12639,31.0,45.0,,14.137385313327496,1.3561251163482666,26,,,,,0.646202,,15.519981,0.185009
411,12689,50.0,45.21,,14.137385313327496,1.3561251163482666,26,,,,,0.646202,,15.519981,0.185009
412,12763,74.0,45.25,,14.137385313327496,1.3561251163482666,26,,,,,0.646202,,15.519981,0.185009
413,12784,21.0,44.95,,14.137385313327496,1.3561251163482666,26,,,,,0.646202,,15.519981,0.185009
414,12883,99.0,45.71,,14.137385313327496,1.3561251163482666,26,,,,,0.646202,,15.519981,0.185009
415,12959,76.0,46.14,,14.137385313327496,1.3561251163482666,26,,,,,0.646202,,15.519981,0.185009
416,13016,57.0,46.55,,13.882240507337782,1.466782808303833,27,,,,,0.645824,,14.637042,0.081389
417,13120,104.0,47.4,,13.882240507337782,1.466782808303833,27,,,,,0.645824,,14.637042,0.081389
418,13176,56.0,47.77,,13.882240507337782,1.466782808303833,27,,,,,0.645824,,14.637042,0.081389
419,13194,18.0,47.36,,13.882240507337782,1.466782808303833,27,,,,,0.645824,,14.637042,0.081389
420,13249,55.0,47.68,,13.882240507337782,1.466782808303833,27,,,,,0.645824,,14.637042,0.081389
421,13283,34.0,47.61,,13.882240507337782,1.466782808303833,27,,,,,0.645824,,14.637042,0.081389
422,13338,55.0,47.88,,13.882240507337782,1.466782808303833,27,,,,,0.645824,,14.637042,0.081389
423,13391,53.0,48.11,,13.882240507337782,1.466782808303833,27,,,,,0.645824,,14.637042,0.081389
424,13447,56.0,48.37,,13.882240507337782,1.466782808303833,27,,,,,0.645824,,14.637042,0.081389
425,13618,171.0,49.43,,13.882240507337782,1.466782808303833,27,,,,,0.645824,,14.637042,0.081389
426,13757,139.0,50.64,,13.882240507337782,1.466782808303833,27,,,,,0.645824,,14.637042,0.081389
427,13816,59.0,50.25,,13.882240507337782,1.466782808303833,27,,,,,0.645824,,14.637042,0.081389
428,13846,30.0,49.76,,13.882240507337782,1.466782808303833,27,,,,,0.645824,,14.637042,0.081389
429,13905,59.0,50.04,,13.882240507337782,1.466782808303833,27,,,,,0.645824,,14.637042,0.081389
430,13930,25.0,49.68,,13.882240507337782,1.466782808303833,27,,,,,0.645824,,14.637042,0.081389
431,13973,43.0,49.53,,13.882240507337782,1.466782808303833,27,,,,,0.645824,,14.637042,0.081389
432,14275,302.0,52.33,,13.62345005784716,1.6115801334381104,28,,,,,0.644091,,13.365567,0.064046
433,14351,76.0,52.72,,13.62345005784716,1.6115801334381104,28,,,,,0.644091,,13.365567,0.064046
434,14454,103.0,53.58,,13.62345005784716,1.6115801334381104,28,,,,,0.644091,,13.365567,0.064046
435,14582,128.0,54.55,,13.62345005784716,1.6115801334381104,28,,,,,0.644091,,13.365567,0.064046
436,14634,52.0,54.84,,13.62345005784716,1.6115801334381104,28,,,,,0.644091,,13.365567,0.064046
437,14714,80.0,55.26,,13.62345005784716,1.6115801334381104,28,,,,,0.644091,,13.365567,0.064046
438,14740,26.0,55.42,,13.62345005784716,1.6115801334381104,28,,,,,0.644091,,13.365567,0.064046
439,14777,37.0,55.46,,13.62345005784716,1.6115801334381104,28,,,,,0.644091,,13.365567,0.064046
440,14823,46.0,55.61,,13.62345005784716,1.6115801334381104,28,,,,,0.644091,,13.365567,0.064046
441,14934,111.0,56.4,,13.62345005784716,1.6115801334381104,28,,,,,0.644091,,13.365567,0.064046
442,14961,27.0,56.19,,13.62345005784716,1.6115801334381104,28,,,,,0.644091,,13.365567,0.064046
443,14973,12.0,55.87,,13.62345005784716,1.6115801334381104,28,,,,,0.644091,,13.365567,0.064046
444,15005,32.0,55.85,,13.62345005784716,1.6115801334381104,28,,,,,0.644091,,13.365567,0.064046
445,15130,125.0,56.7,,13.62345005784716,1.6115801334381104,28,,,,,0.644091,,13.365567,0.064046
446,15219,89.0,57.02,,13.62345005784716,1.6115801334381104,28,,,,,0.644091,,13.365567,0.064046
447,15257,38.0,56.6,,13.62345005784716,1.6115801334381104,28,,,,,0.644091,,13.365567,0.064046
448,15352,95.0,56.88,,13.377043954257307,1.7051050662994385,29,,,,,0.639853,,13.088829,0.195951
449,15467,115.0,57.49,,13.377043954257307,1.7051050662994385,29,,,425.4,149.2,0.639853,,13.088829,0.195951
450,15503,36.0,57.09,,13.377043954257307,1.7051050662994385,29,,,,,0.639853,,13.088829,0.195951
451,15565,62.0,57.59,,13.377043954257307,1.7051050662994385,29,,,,,0.639853,,13.088829,0.195951
452,15621,56.0,57.97,,13.377043954257307,1.7051050662994385,29,,,,,0.639853,,13.088829,0.195951
453,15713,92.0,57.49,,13.377043954257307,1.7051050662994385,29,,,,,0.639853,,13.088829,0.195951
454,15750,37.0,57.74,,13.377043954257307,1.7051050662994385,29,,,,,0.639853,,13.088829,0.195951
455,15832,82.0,58.32,,13.377043954257307,1.7051050662994385,29,,,,,0.639853,,13.088829,0.195951
456,15914,82.0,58.75,,13.377043954257307,1.7051050662994385,29,,,,,0.639853,,13.088829,0.195951
457,15972,58.0,58.42,,13.377043954257307,1.7051050662994385,29,,,,,0.639853,,13.088829,0.195951
458,15992,20.0,58.49,,13.377043954257307,1.7051050662994385,29,,,,,0.639853,,13.088829,0.195951
459,16013,21.0,58.31,,13.377043954257307,1.7051050662994385,29,,,,,0.639853,,13.088829,0.195951
460,16039,26.0,58.35,,13.377043954257307,1.7051050662994385,29,,,,,0.639853,,13.088829,0.195951
461,16095,56.0,58.45,,13.377043954257307,1.7051050662994385,29,,,,,0.639853,,13.088829,0.195951
462,16207,112.0,59.37,,13.377043954257307,1.7051050662994385,29,,,,,0.639853,,13.088829,0.195951
463,16254,47.0,59.36,,13.377043954257307,1.7051050662994385,29,,,,,0.639853,,13.088829,0.195951
464,16306,52.0,59.11,,13.14621761639913,1.8468315601348877,30,,,,,0.630630,,13.030968,0.042621
465,16325,19.0,59.11,,13.14621761639913,1.8478307723999023,30,,,,,0.630630,,13.030968,0.042621
466,16390,65.0,59.58,,13.14621761639913,1.8478307723999023,30,,,,,0.630630,,13.030968,0.042621
467,16513,123.0,60.12,,13.14621761639913,1.8478307723999023,30,,,,,0.630630,,13.030968,0.042621
468,16564,51.0,60.05,,13.14621761639913,1.8478307723999023,30,,,,,0.630630,,13.030968,0.042621
469,16603,39.0,59.74,,13.14621761639913,1.8478307723999023,30,,,,,0.630630,,13.030968,0.042621
470,16724,121.0,60.65,,13.14621761639913,1.8478307723999023,30,,,,,0.630630,,13.030968,0.042621
471,16753,29.0,60.58,,13.14621761639913,1.8478307723999023,30,,,,,0.630630,,13.030968,0.042621
472,16784,31.0,60.71,,13.14621761639913,1.8478307723999023,30,,,,,0.630630,,13.030968,0.042621
473,16840,56.0,60.39,,13.14621761639913,1.8478307723999023,30,,,,,0.630630,,13.030968,0.042621
474,16873,33.0,60.54,,13.14621761639913,1.8478307723999023,30,,,,,0.630630,,13.030968,0.042621
475,16944,71.0,60.58,,13.14621761639913,1.8478307723999023,30,,,,,0.630630,,13.030968,0.042621
476,16997,53.0,60.77,,13.14621761639913,1.8478307723999023,30,,,,,0.630630,,13.030968,0.042621
477,17221,224.0,62.65,,13.14621761639913,1.8478307723999023,30,,,,,0.630630,,13.030968,0.042621
478,17301,80.0,62.82,,13.14621761639913,1.8478307723999023,30,,,,,0.630630,,13.030968,0.042621
479,17351,50.0,62.73,,13.14621761639913,1.8478307723999023,30,,,,,0.630630,,13.030968,0.042621
480,17447,96.0,63.51,,12.904604204239384,1.9766581058502197,31,,,,,0.629361,,11.415765,0.183809
481,17528,81.0,63.73,,12.904604204239384,1.9766581058502197,31,,,,,0.629361,,11.415765,0.183809
482,17594,66.0,63.83,,12.904604204239384,1.9766581058502197,31,,,,,0.629361,,11.415765,0.183809
483,17644,50.0,63.78,,12.904604204239384,1.9766581058502197,31,,,,,0.629361,,11.415765,0.183809
484,17757,113.0,64.14,,12.904604204239384,1.9766581058502197,31,,,,,0.629361,,11.415765,0.183809
485,17904,147.0,65.04,,12.904604204239384,1.9766581058502197,31,,,,,0.629361,,11.415765,0.183809
486,17967,63.0,65.09,,12.904604204239384,1.9766581058502197,31,,,,,0.629361,,11.415765,0.183809
487,18080,113.0,65.9,,12.904604204239384,1.9766581058502197,31,,,,,0.629361,,11.415765,0.183809
488,18096,16.0,65.71,,12.904604204239384,1.9772815704345703,31,,,,,0.629361,,11.415765,0.183809
489,18189,93.0,65.92,,12.904604204239384,1.9772815704345703,31,,,,,0.629361,,11.415765,0.183809
490,18264,75.0,66.31,,12.904604204239384,1.9772815704345703,31,,,,,0.629361,,11.415765,0.183809
491,18303,39.0,66.02,,12.904604204239384,1.9772815704345703,31,,,,,0.629361,,11.415765,0.183809
492,18474,171.0,67.63,,12.904604204239384,1.9772815704345703,31,,,,,0.629361,,11.415765,0.183809
493,18500,26.0,67.49,,12.904604204239384,1.9772815704345703,31,,,,,0.629361,,11.415765,0.183809
494,18610,110.0,68.44,,12.904604204239384,1.9772815704345703,31,,,,,0.629361,,11.415765,0.183809
495,18634,24.0,67.63,,12.904604204239384,1.9772815704345703,31,,,,,0.629361,,11.415765,0.183809
496,18659,25.0,67.7,,12.670639857649803,2.1136584281921387,32,,,,,0.632865,,10.951450,0.185411
497,18687,28.0,67.41,,12.670639857649803,2.1136584281921387,32,,,,,0.632865,,10.951450,0.185411
498,18753,66.0,67.46,,12.670639857649803,2.1136584281921387,32,,,,,0.632865,,10.951450,0.185411
499,18813,60.0,67.7,,12.670639857649803,2.1136584281921387,32,,,436.4,113.71824831573866,0.632865,,10.951450,0.185411
500,18954,141.0,68.76,,12.670639857649803,2.1136584281921387,32,,,,,0.632865,,10.951450,0.185411
501,18977,23.0,68.31,,12.670639857649803,2.1136584281921387,32,,,,,0.632865,,10.951450,0.185411
502,19147,170.0,69.76,,12.670639857649803,2.1136584281921387,32,,,,,0.632865,,10.951450,0.185411
503,19190,43.0,69.64,,12.670639857649803,2.1136584281921387,32,,,,,0.632865,,10.951450,0.185411
504,19304,114.0,70.55,,12.670639857649803,2.1136584281921387,32,,,,,0.632865,,10.951450,0.185411
505,19427,123.0,70.68,,12.670639857649803,2.1136584281921387,32,,,,,0.632865,,10.951450,0.185411
506,19560,133.0,71.61,,12.670639857649803,2.1136584281921387,32,,,,,0.632865,,10.951450,0.185411
507,19752,192.0,73.22,,12.670639857649803,2.1136584281921387,32,,,,,0.632865,,10.951450,0.185411
508,19847,95.0,73.12,,12.670639857649803,2.1136584281921387,32,,,,,0.632865,,10.951450,0.185411
509,19879,32.0,72.71,,12.670639857649803,2.1136584281921387,32,,,,,0.632865,,10.951450,0.185411
510,19987,108.0,73.48,,12.670639857649803,2.1136584281921387,32,,,,,0.632865,,10.951450,0.185411
511,20177,190.0,74.88,,12.670639857649803,2.1136584281921387,32,,,,,0.632865,,10.951450,0.185411
512,20287,110.0,75.24,,12.452790058020389,2.2459194660186768,33,,,,,0.619094,,11.099018,0.157665
513,20354,67.0,75.7,,12.452790058020389,2.2459194660186768,33,,,,,0.619094,,11.099018,0.157665
514,20435,81.0,75.52,,12.452790058020389,2.2459194660186768,33,,,,,0.619094,,11.099018,0.157665
515,20572,137.0,76.13,,12.452790058020389,2.2459194660186768,33,,,,,0.619094,,11.099018,0.157665
516,20607,35.0,75.91,,12.452790058020389,2.2459194660186768,33,,,,,0.619094,,11.099018,0.157665
517,20668,61.0,75.48,,12.452790058020389,2.2459194660186768,33,,,,,0.619094,,11.099018,0.157665
518,20756,88.0,75.8,,12.452790058020389,2.2459194660186768,33,,,,,0.619094,,11.099018,0.157665
519,20783,27.0,75.89,,12.452790058020389,2.2459194660186768,33,,,,,0.619094,,11.099018,0.157665
520,20875,92.0,76.26,,12.452790058020389,2.2459194660186768,33,,,,,0.619094,,11.099018,0.157665
521,20969,94.0,76.86,,12.452790058020389,2.2459194660186768,33,,,,,0.619094,,11.099018,0.157665
522,21015,46.0,76.77,,12.452790058020389,2.2459194660186768,33,,,,,0.619094,,11.099018,0.157665
523,21072,57.0,76.81,,12.452790058020389,2.2459194660186768,33,,,,,0.619094,,11.099018,0.157665
524,21189,117.0,77.42,,12.452790058020389,2.2459194660186768,33,,,,,0.619094,,11.099018,0.157665
525,21408,219.0,77.9,,12.452790058020389,2.2459194660186768,33,,,,,0.619094,,11.099018,0.157665
526,21473,65.0,77.16,,12.452790058020389,2.2459194660186768,33,,,,,0.619094,,11.099018,0.157665
527,21501,28.0,76.85,,12.452790058020389,2.2459194660186768,33,,,,,0.619094,,11.099018,0.157665
528,21566,65.0,77.2,,12.240234950009514,2.377084970474243,34,,,,,0.620093,,10.570120,0.185932
529,21641,75.0,77.36,,12.240234950009514,2.377084970474243,34,,,,,0.620093,,10.570120,0.185932
530,21715,74.0,77.85,,12.240234950009514,2.377084970474243,34,,,,,0.620093,,10.570120,0.185932
531,21803,88.0,78.3,,12.240234950009514,2.377084970474243,34,,,,,0.620093,,10.570120,0.185932
532,21846,43.0,75.71,,12.240234950009514,2.377084970474243,34,,,,,0.620093,,10.570120,0.185932
533,21932,86.0,75.81,,12.240234950009514,2.377084970474243,34,,,,,0.620093,,10.570120,0.185932
534,21995,63.0,75.41,,12.240234950009514,2.377084970474243,34,,,,,0.620093,,10.570120,0.185932
535,22147,152.0,75.65,,12.240234950009514,2.377084970474243,34,,,,,0.620093,,10.570120,0.185932
536,22286,139.0,76.52,,12.240234950009514,2.377084970474243,34,,,,,0.620093,,10.570120,0.185932
537,22358,72.0,76.44,,12.240234950009514,2.377084970474243,34,,,,,0.620093,,10.570120,0.185932
538,22473,115.0,77.33,,12.240234950009514,2.377084970474243,34,,,,,0.620093,,10.570120,0.185932
539,22558,85.0,77.81,,12.240234950009514,2.377084970474243,34,,,,,0.620093,,10.570120,0.185932
540,22590,32.0,77.67,,12.240234950009514,2.377084970474243,34,,,,,0.620093,,10.570120,0.185932
541,22800,210.0,78.66,,12.240234950009514,2.377084970474243,34,,,,,0.620093,,10.570120,0.185932
542,22836,36.0,78.75,,12.240234950009514,2.377084970474243,34,,,,,0.620093,,10.570120,0.185932
543,22939,103.0,79.66,,12.240234950009514,2.377084970474243,34,,,,,0.620093,,10.570120,0.185932
544,23064,125.0,80.59,,12.028680433545794,2.5264575481414795,35,,,,,0.622512,,9.796842,0.162996
545,23225,161.0,80.95,,12.028680433545794,2.5264575481414795,35,,,,,0.622512,,9.796842,0.162996
546,23310,85.0,80.91,,12.028680433545794,2.5264575481414795,35,,,,,0.622512,,9.796842,0.162996
547,23401,91.0,81.44,,12.028680433545794,2.5264575481414795,35,,,,,0.622512,,9.796842,0.162996
548,23483,82.0,81.31,,12.028680433545794,2.5264575481414795,35,,,,,0.622512,,9.796842,0.162996
549,23593,110.0,81.26,,12.028680433545794,2.5264575481414795,35,,,357.0,57.7408001330082,0.622512,,9.796842,0.162996
550,23710,117.0,82.07,,12.028680433545794,2.5269596576690674,35,,,,,0.622512,,9.796842,0.162996
551,23783,73.0,82.18,,12.028680433545794,2.5269596576690674,35,,,,,0.622512,,9.796842,0.162996
552,23895,112.0,82.74,,12.028680433545794,2.5269596576690674,35,,,,,0.622512,,9.796842,0.162996
553,23918,23.0,82.05,,12.028680433545794,2.5269596576690674,35,,,,,0.622512,,9.796842,0.162996
554,24030,112.0,82.8,,12.028680433545794,2.5269596576690674,35,,,,,0.622512,,9.796842,0.162996
555,24226,196.0,83.94,,12.028680433545794,2.5269596576690674,35,,,,,0.622512,,9.796842,0.162996
556,24366,140.0,84.52,,12.028680433545794,2.5269596576690674,35,,,,,0.622512,,9.796842,0.162996
557,24445,79.0,84.73,,12.028680433545794,2.5269596576690674,35,,,,,0.622512,,9.796842,0.162996
558,24494,49.0,85.02,,12.028680433545794,2.5269596576690674,35,,,,,0.622512,,9.796842,0.162996
559,24713,219.0,87.0,,12.028680433545794,2.5269596576690674,35,,,,,0.622512,,9.796842,0.162996
560,24930,217.0,88.91,,11.828362570868599,2.6812243461608887,36,,,,,0.615647,,9.792149,0.215950
561,25101,171.0,90.06,,11.828362570868599,2.6812243461608887,36,,,,,0.615647,,9.792149,0.215950
562,25189,88.0,89.82,,11.828362570868599,2.6812243461608887,36,,,,,0.615647,,9.792149,0.215950
563,25252,63.0,89.98,,11.828362570868599,2.6812243461608887,36,,,,,0.615647,,9.792149,0.215950
564,25305,53.0,89.99,,11.828362570868599,2.6812243461608887,36,,,,,0.615647,,9.792149,0.215950
565,25396,91.0,90.71,,11.828362570868599,2.6812243461608887,36,,,,,0.615647,,9.792149,0.215950
566,25508,112.0,91.18,,11.828362570868599,2.6812243461608887,36,,,,,0.615647,,9.792149,0.215950
567,25629,121.0,91.16,,11.828362570868599,2.6812243461608887,36,,,,,0.615647,,9.792149,0.215950
568,25809,180.0,92.45,,11.828362570868599,2.6812243461608887,36,,,,,0.615647,,9.792149,0.215950
569,25840,31.0,92.37,,11.828362570868599,2.6812243461608887,36,,,,,0.615647,,9.792149,0.215950
570,25948,108.0,92.24,,11.828362570868599,2.6812243461608887,36,,,,,0.615647,,9.792149,0.215950
571,26001,53.0,92.48,,11.828362570868599,2.6812243461608887,36,,,,,0.615647,,9.792149,0.215950
572,26162,161.0,93.78,,11.828362570868599,2.6812243461608887,36,,,,,0.615647,,9.792149,0.215950
573,26257,95.0,94.17,,11.828362570868599,2.6812243461608887,36,,,,,0.615647,,9.792149,0.215950
574,26349,92.0,94.76,,11.828362570868599,2.6812243461608887,36,,,,,0.615647,,9.792149,0.215950
575,26479,130.0,95.35,,11.828362570868599,2.6812243461608887,36,,,,,0.615647,,9.792149,0.215950
576,26589,110.0,95.92,,11.634827265868315,2.843841314315796,37,,,,,0.616789,,9.446871,0.262408
577,26773,184.0,95.52,,11.634827265868315,2.843841314315796,37,,,,,0.616789,,9.446871,0.262408
578,26853,80.0,95.52,,11.634827265868315,2.843841314315796,37,,,,,0.616789,,9.446871,0.262408
579,27045,192.0,96.94,,11.634827265868315,2.843841314315796,37,,,,,0.616789,,9.446871,0.262408
580,27214,169.0,97.67,,11.634827265868315,2.843841314315796,37,,,,,0.616789,,9.446871,0.262408
581,27330,116.0,98.02,,11.634827265868315,2.843841314315796,37,,,,,0.616789,,9.446871,0.262408
582,27468,138.0,98.74,,11.634827265868315,2.843841314315796,37,,,,,0.616789,,9.446871,0.262408
583,27590,122.0,99.46,,11.634827265868315,2.843841314315796,37,,,,,0.616789,,9.446871,0.262408
584,27756,166.0,99.99,,11.634827265868315,2.843841314315796,37,,,,,0.616789,,9.446871,0.262408
585,27879,123.0,99.75,,11.634827265868315,2.843841314315796,37,,,,,0.616789,,9.446871,0.262408
586,28010,131.0,100.43,,11.634827265868315,2.843841314315796,37,,,,,0.616789,,9.446871,0.262408
587,28101,91.0,100.21,,11.634827265868315,2.843841314315796,37,,,,,0.616789,,9.446871,0.262408
588,28142,41.0,100.46,,11.634827265868315,2.843841314315796,37,,,,,0.616789,,9.446871,0.262408
589,28210,68.0,100.21,,11.634827265868315,2.843841314315796,37,,,,,0.616789,,9.446871,0.262408
590,28455,245.0,101.91,,11.634827265868315,2.843841314315796,37,,,,,0.616789,,9.446871,0.262408
591,28507,52.0,102.04,,11.634827265868315,2.843841314315796,37,,,,,0.616789,,9.446871,0.262408
592,28556,49.0,100.82,,11.450304244693957,3.0271594524383545,38,,,,,0.609661,,9.389972,0.121651
593,28736,180.0,102.36,,11.450304244693957,3.0271594524383545,38,,,,,0.609661,,9.389972,0.121651
594,29036,300.0,104.26,,11.450304244693957,3.0271594524383545,38,,,,,0.609661,,9.389972,0.121651
595,29151,115.0,105.17,,11.450304244693957,3.0271594524383545,38,,,,,0.609661,,9.389972,0.121651
596,29438,287.0,107.79,,11.450304244693957,3.0271594524383545,38,,,,,0.609661,,9.389972,0.121651
597,29553,115.0,108.66,,11.450304244693957,3.0271594524383545,38,,,,,0.609661,,9.389972,0.121651
598,29656,103.0,109.03,,11.450304244693957,3.0271594524383545,38,,,,,0.609661,,9.389972,0.121651
599,29882,226.0,110.69,,11.450304244693957,3.0271594524383545,38,,,278.8,114.54675901133126,0.609661,,9.389972,0.121651
600,30059,177.0,111.05,,11.450304244693957,3.0271594524383545,38,,,,,0.609661,,9.389972,0.121651
601,30166,107.0,111.89,,11.450304244693957,3.0271594524383545,38,,,,,0.609661,,9.389972,0.121651
602,30209,43.0,110.62,,11.450304244693957,3.0271594524383545,38,,,,,0.609661,,9.389972,0.121651
603,30313,104.0,111.23,,11.450304244693957,3.0271594524383545,38,,,,,0.609661,,9.389972,0.121651
604,30447,134.0,111.43,,11.450304244693957,3.0271594524383545,38,,,,,0.609661,,9.389972,0.121651
605,30633,186.0,112.06,,11.450304244693957,3.0271594524383545,38,,,,,0.609661,,9.389972,0.121651
606,30695,62.0,111.35,,11.450304244693957,3.0271594524383545,38,,,,,0.609661,,9.389972,0.121651
607,30837,142.0,110.85,,11.450304244693957,3.0271594524383545,38,,,,,0.609661,,9.389972,0.121651
608,30941,104.0,110.94,,11.270483261499649,3.18839693069458,39,,,,,0.611507,,9.009795,0.252539
609,31063,122.0,111.84,,11.270483261499649,3.18839693069458,39,,,,,0.611507,,9.009795,0.252539
610,31329,266.0,113.42,,11.270483261499649,3.18839693069458,39,,,,,0.611507,,9.009795,0.252539
611,31466,137.0,112.89,,11.270483261499649,3.18839693069458,39,,,,,0.611507,,9.009795,0.252539
612,31531,65.0,112.44,,11.270483261499649,3.18839693069458,39,,,,,0.611507,,9.009795,0.252539
613,31707,176.0,113.53,,11.270483261499649,3.18839693069458,39,,,,,0.611507,,9.009795,0.252539
614,31913,206.0,114.78,,11.270483261499649,3.18839693069458,39,,,,,0.611507,,9.009795,0.252539
615,32172,259.0,116.0,,11.270483261499649,3.18839693069458,39,,,,,0.611507,,9.009795,0.252539
616,32306,134.0,116.99,,11.270483261499649,3.18839693069458,39,,,,,0.611507,,9.009795,0.252539
617,32436,130.0,117.68,,11.270483261499649,3.18839693069458,39,,,,,0.611507,,9.009795,0.252539
618,32567,131.0,118.11,,11.270483261499649,3.18839693069458,39,,,,,0.611507,,9.009795,0.252539
619,32663,96.0,118.8,,11.270483261499649,3.18839693069458,39,,,,,0.611507,,9.009795,0.252539
620,32801,138.0,119.26,,11.270483261499649,3.18839693069458,39,,,,,0.611507,,9.009795,0.252539
621,32836,35.0,118.67,,11.270483261499649,3.18839693069458,39,,,,,0.611507,,9.009795,0.252539
622,32902,66.0,118.87,,11.270483261499649,3.18839693069458,39,,,,,0.611507,,9.009795,0.252539
623,33055,153.0,119.83,,11.270483261499649,3.18839693069458,39,,,,,0.611507,,9.009795,0.252539
624,33155,100.0,119.66,,11.103135335445405,3.3488762378692627,40,,,,,0.600272,,9.269678,0.217930
625,33205,50.0,117.97,,11.103135335445405,3.3488762378692627,40,,,,,0.600272,,9.269678,0.217930
626,33372,167.0,118.99,,11.103135335445405,3.3488762378692627,40,,,,,0.600272,,9.269678,0.217930
627,33501,129.0,120.0,,11.103135335445405,3.3488762378692627,40,,,,,0.600272,,9.269678,0.217930
628,33648,147.0,120.82,,11.103135335445405,3.3488762378692627,40,,,,,0.600272,,9.269678,0.217930
629,33782,134.0,121.41,,11.103135335445405,3.3488762378692627,40,,,,,0.600272,,9.269678,0.217930
630,33918,136.0,122.03,,11.103135335445405,3.3488762378692627,40,,,,,0.600272,,9.269678,0.217930
631,34079,161.0,122.76,,11.103135335445405,3.3488762378692627,40,,,,,0.600272,,9.269678,0.217930
632,34213,134.0,123.67,,11.103135335445405,3.3488762378692627,40,,,,,0.600272,,9.269678,0.217930
633,34263,50.0,123.31,,11.103135335445405,3.3488762378692627,40,,,,,0.600272,,9.269678,0.217930
634,34428,165.0,124.33,,11.103135335445405,3.3488762378692627,40,,,,,0.600272,,9.269678,0.217930
635,34577,149.0,124.3,,11.103135335445405,3.3488762378692627,40,,,,,0.600272,,9.269678,0.217930
636,34598,21.0,123.12,,11.103135335445405,3.3488762378692627,40,,,,,0.600272,,9.269678,0.217930
637,34658,60.0,123.0,,11.103135335445405,3.3488762378692627,40,,,,,0.600272,,9.269678,0.217930
638,34829,171.0,123.56,,11.103135335445405,3.3488762378692627,40,,,,,0.600272,,9.269678,0.217930
639,35082,253.0,125.24,,11.103135335445405,3.3488762378692627,40,,,,,0.600272,,9.269678,0.217930
640,35269,187.0,126.79,,10.940420174017184,3.543759346008301,41,,,,,0.594915,,8.990803,0.320739
641,35375,106.0,125.75,,10.940420174017184,3.543759346008301,41,,,,,0.594915,,8.990803,0.320739
642,35583,208.0,127.47,,10.940420174017184,3.543759346008301,41,,,,,0.594915,,8.990803,0.320739
643,35723,140.0,127.84,,10.940420174017184,3.543759346008301,41,,,,,0.594915,,8.990803,0.320739
644,35807,84.0,127.43,,10.940420174017184,3.543759346008301,41,,,,,0.594915,,8.990803,0.320739
645,35847,40.0,126.22,,10.940420174017184,3.543759346008301,41,,,,,0.594915,,8.990803,0.320739
646,35981,134.0,126.71,,10.940420174017184,3.543759346008301,41,,,,,0.594915,,8.990803,0.320739
647,36096,115.0,126.95,,10.940420174017184,3.543759346008301,41,,,,,0.594915,,8.990803,0.320739
648,36262,166.0,127.79,,10.940420174017184,3.543759346008301,41,,,,,0.594915,,8.990803,0.320739
649,36335,73.0,127.42,,10.940420174017184,3.543759346008301,41,,,468.6,40.38613623509929,0.594915,,8.990803,0.320739
650,36486,151.0,127.76,,10.940420174017184,3.543759346008301,41,,,,,0.594915,,8.990803,0.320739
651,36629,143.0,128.46,,10.940420174017184,3.543759346008301,41,,,,,0.594915,,8.990803,0.320739
652,36738,109.0,128.43,,10.940420174017184,3.543759346008301,41,,,,,0.594915,,8.990803,0.320739
653,36965,227.0,130.47,,10.940420174017184,3.543759346008301,41,,,,,0.594915,,8.990803,0.320739
654,37319,354.0,132.89,,10.940420174017184,3.543759346008301,41,,,,,0.594915,,8.990803,0.320739
655,37460,141.0,132.34,,10.940420174017184,3.543759346008301,41,,,,,0.594915,,8.990803,0.320739
656,37648,188.0,132.82,,10.78423626082284,3.8071537017822266,42,,,,,0.596586,,8.868929,0.262137
657,37748,100.0,133.03,,10.78423626082284,3.8071537017822266,42,,,,,0.596586,,8.868929,0.262137
658,37890,142.0,133.96,,10.78423626082284,3.8071537017822266,42,,,,,0.596586,,8.868929,0.262137
659,38100,210.0,133.87,,10.78423626082284,3.8071537017822266,42,,,,,0.596586,,8.868929,0.262137
660,38397,297.0,134.67,,10.78423626082284,3.8071537017822266,42,,,,,0.596586,,8.868929,0.262137
661,38510,113.0,134.09,,10.78423626082284,3.8071537017822266,42,,,,,0.596586,,8.868929,0.262137
662,38617,107.0,134.28,,10.78423626082284,3.8071537017822266,42,,,,,0.596586,,8.868929,0.262137
663,38689,72.0,134.37,,10.78423626082284,3.8071537017822266,42,,,,,0.596586,,8.868929,0.262137
664,38802,113.0,134.97,,10.78423626082284,3.8071537017822266,42,,,,,0.596586,,8.868929,0.262137
665,39204,402.0,138.08,,10.78423626082284,3.8071537017822266,42,,,,,0.596586,,8.868929,0.262137
666,39368,164.0,138.6,,10.78423626082284,3.8071537017822266,42,,,,,0.596586,,8.868929,0.262137
667,39833,465.0,142.04,,10.78423626082284,3.8071537017822266,42,,,,,0.596586,,8.868929,0.262137
668,39967,134.0,141.58,,10.78423626082284,3.8071537017822266,42,,,,,0.596586,,8.868929,0.262137
669,40099,132.0,142.59,,10.78423626082284,3.8071537017822266,42,,,,,0.596586,,8.868929,0.262137
670,40279,180.0,143.31,,10.78423626082284,3.8071537017822266,42,,,,,0.596586,,8.868929,0.262137
671,40380,101.0,143.79,,10.78423626082284,3.8071537017822266,42,,,,,0.596586,,8.868929,0.262137
672,40740,360.0,145.78,,10.634706397389257,4.113935708999634,43,,,,,0.598248,,8.832108,0.194143
673,41162,422.0,149.05,,10.634706397389257,4.113935708999634,43,,,,,0.598248,,8.832108,0.194143
674,41323,161.0,149.74,,10.634706397389257,4.113935708999634,43,,,,,0.598248,,8.832108,0.194143
675,41534,211.0,150.55,,10.634706397389257,4.113935708999634,43,,,,,0.598248,,8.832108,0.194143
676,41755,221.0,151.66,,10.634706397389257,4.113935708999634,43,,,,,0.598248,,8.832108,0.194143
677,41977,222.0,152.04,,10.634706397389257,4.113935708999634,43,,,,,0.598248,,8.832108,0.194143
678,42424,447.0,155.71,,10.634706397389257,4.113935708999634,43,,,,,0.598248,,8.832108,0.194143
679,42567,143.0,155.22,,10.634706397389257,4.114938735961914,43,,,,,0.598248,,8.832108,0.194143
680,42808,241.0,155.94,,10.634706397389257,4.114938735961914,43,,,,,0.598248,,8.832108,0.194143
681,43269,461.0,159.39,,10.634706397389257,4.114938735961914,43,,,,,0.598248,,8.832108,0.194143
682,43400,131.0,159.32,,10.634706397389257,4.114938735961914,43,,,,,0.598248,,8.832108,0.194143
683,43464,64.0,158.74,,10.634706397389257,4.114938735961914,43,,,,,0.598248,,8.832108,0.194143
684,43584,120.0,158.28,,10.634706397389257,4.114938735961914,43,,,,,0.598248,,8.832108,0.194143
685,43756,172.0,158.77,,10.634706397389257,4.114938735961914,43,,,,,0.598248,,8.832108,0.194143
686,43976,220.0,159.66,,10.634706397389257,4.114938735961914,43,,,,,0.598248,,8.832108,0.194143
687,44200,224.0,160.99,,10.634706397389257,4.114938735961914,43,,,,,0.598248,,8.832108,0.194143
688,44368,168.0,162.26,,10.492216901345687,4.409377813339233,44,,,,,0.590818,,8.861835,0.249412
689,44542,174.0,163.32,,10.492216901345687,4.409377813339233,44,,,,,0.590818,,8.861835,0.249412
690,44785,243.0,163.3,,10.492216901345687,4.409377813339233,44,,,,,0.590818,,8.861835,0.249412
691,44963,178.0,164.56,,10.492216901345687,4.409377813339233,44,,,,,0.590818,,8.861835,0.249412
692,45094,131.0,165.38,,10.492216901345687,4.409377813339233,44,,,,,0.590818,,8.861835,0.249412
693,45310,216.0,165.74,,10.492216901345687,4.409377813339233,44,,,,,0.590818,,8.861835,0.249412
694,45810,500.0,167.74,,10.492216901345687,4.409377813339233,44,,,,,0.590818,,8.861835,0.249412
695,45864,54.0,167.13,,10.492216901345687,4.409377813339233,44,,,,,0.590818,,8.861835,0.249412
696,46143,279.0,167.05,,10.492216901345687,4.409377813339233,44,,,,,0.590818,,8.861835,0.249412
697,46415,272.0,168.62,,10.492216901345687,4.409377813339233,44,,,,,0.590818,,8.861835,0.249412
698,46558,143.0,169.02,,10.492216901345687,4.409377813339233,44,,,,,0.590818,,8.861835,0.249412
699,46733,175.0,168.51,,10.492216901345687,4.409377813339233,44,,,500.0,0.0,0.590818,,8.861835,0.249412
700,46901,168.0,168.42,,10.492216901345687,4.409377813339233,44,,,,,0.590818,,8.861835,0.249412
701,47048,147.0,168.82,,10.492216901345687,4.409377813339233,44,,,,,0.590818,,8.861835,0.249412
702,47424,376.0,172.15,,10.492216901345687,4.409377813339233,44,,,,,0.590818,,8.861835,0.249412
703,47563,139.0,172.5,,10.492216901345687,4.409377813339233,44,,,,,0.590818,,8.861835,0.249412
704,47971,408.0,175.24,,10.355913713243272,4.67940092086792,45,,,,,0.592431,,8.841908,0.169916
705,48165,194.0,175.32,,10.355913713243272,4.67940092086792,45,,,,,0.592431,,8.841908,0.169916
706,48325,160.0,176.3,,10.355913713243272,4.67940092086792,45,,,,,0.592431,,8.841908,0.169916
707,48612,287.0,177.75,,10.355913713243272,4.67940092086792,45,,,,,0.592431,,8.841908,0.169916
708,49112,500.0,181.71,,10.355913713243272,4.67940092086792,45,,,,,0.592431,,8.841908,0.169916
709,49395,283.0,183.32,,10.355913713243272,4.67940092086792,45,,,,,0.592431,,8.841908,0.169916
710,49574,179.0,182.45,,10.355913713243272,4.67940092086792,45,,,,,0.592431,,8.841908,0.169916
711,49820,246.0,183.54,,10.355913713243272,4.680495738983154,45,,,,,0.592431,,8.841908,0.169916
712,50054,234.0,185.23,,10.355913713243272,4.680495738983154,45,,,,,0.592431,,8.841908,0.169916
713,50073,19.0,183.66,,10.355913713243272,4.680495738983154,45,,,,,0.592431,,8.841908,0.169916
714,50201,128.0,182.88,,10.355913713243272,4.680495738983154,45,,,,,0.592431,,8.841908,0.169916
715,50329,128.0,181.57,,10.355913713243272,4.680495738983154,45,,,,,0.592431,,8.841908,0.169916
716,50517,188.0,182.11,,10.355913713243272,4.680495738983154,45,,,,,0.592431,,8.841908,0.169916
717,50705,188.0,182.69,,10.355913713243272,4.680495738983154,45,,,,,0.592431,,8.841908,0.169916
718,50920,215.0,183.53,,10.355913713243272,4.680495738983154,45,,,,,0.592431,,8.841908,0.169916
719,51058,138.0,183.95,,10.355913713243272,4.680495738983154,45,,,,,0.592431,,8.841908,0.169916
720,51251,193.0,184.5,,10.221268384352975,4.977431058883667,46,,,,,0.594314,,8.455669,0.261519
721,51469,218.0,186.33,,10.221268384352975,4.977431058883667,46,,,,,0.594314,,8.455669,0.261519
722,51680,211.0,187.78,,10.221268384352975,4.977431058883667,46,,,,,0.594314,,8.455669,0.261519
723,51900,220.0,188.45,,10.221268384352975,4.977431058883667,46,,,,,0.594314,,8.455669,0.261519
724,52400,500.0,192.45,,10.221268384352975,4.977431058883667,46,,,,,0.594314,,8.455669,0.261519
725,52596,196.0,193.91,,10.221268384352975,4.977431058883667,46,,,,,0.594314,,8.455669,0.261519
726,52899,303.0,195.27,,10.221268384352975,4.977431058883667,46,,,,,0.594314,,8.455669,0.261519
727,53080,181.0,195.79,,10.221268384352975,4.977431058883667,46,,,,,0.594314,,8.455669,0.261519
728,53372,292.0,197.24,,10.221268384352975,4.977431058883667,46,,,,,0.594314,,8.455669,0.261519
729,53783,411.0,200.01,,10.221268384352975,4.977431058883667,46,,,,,0.594314,,8.455669,0.261519
730,54050,267.0,201.32,,10.221268384352975,4.977431058883667,46,,,,,0.594314,,8.455669,0.261519
731,54430,380.0,203.51,,10.221268384352975,4.977431058883667,46,,,,,0.594314,,8.455669,0.261519
732,54667,237.0,204.54,,10.221268384352975,4.977431058883667,46,,,,,0.594314,,8.455669,0.261519
733,54833,166.0,205.7,,10.221268384352975,4.977431058883667,46,,,,,0.594314,,8.455669,0.261519
734,55017,184.0,205.89,,10.221268384352975,4.977431058883667,46,,,,,0.594314,,8.455669,0.261519
735,55207,190.0,206.3,,10.221268384352975,4.977431058883667,46,,,,,0.594314,,8.455669,0.261519
736,55638,431.0,210.4,,10.098436325154406,5.304922580718994,47,,,,,0.587029,,9.019427,-0.056096
737,55791,153.0,211.33,,10.098436325154406,5.304922580718994,47,,,,,0.587029,,9.019427,-0.056096
738,56267,476.0,214.38,,10.098436325154406,5.304922580718994,47,,,,,0.587029,,9.019427,-0.056096
739,56428,161.0,213.46,,10.098436325154406,5.304922580718994,47,,,,,0.587029,,9.019427,-0.056096
740,56768,340.0,214.99,,10.098436325154406,5.304922580718994,47,,,,,0.587029,,9.019427,-0.056096
741,56918,150.0,215.43,,10.098436325154406,5.304922580718994,47,,,,,0.587029,,9.019427,-0.056096
742,57324,406.0,217.41,,10.098436325154406,5.304922580718994,47,,,,,0.587029,,9.019427,-0.056096
743,57481,157.0,217.58,,10.098436325154406,5.304922580718994,47,,,,,0.587029,,9.019427,-0.056096
744,57776,295.0,219.69,,10.098436325154406,5.304922580718994,47,,,,,0.587029,,9.019427,-0.056096
745,58068,292.0,222.21,,10.098436325154406,5.304922580718994,47,,,,,0.587029,,9.019427,-0.056096
746,58236,168.0,222.55,,10.098436325154406,5.304922580718994,47,,,,,0.587029,,9.019427,-0.056096
747,58363,127.0,222.67,,10.098436325154406,5.304922580718994,47,,,,,0.587029,,9.019427,-0.056096
748,58616,253.0,223.54,,10.098436325154406,5.304922580718994,47,,,,,0.587029,,9.019427,-0.056096
749,59092,476.0,227.57,,10.098436325154406,5.304922580718994,47,,,500.0,0.0,0.587029,,9.019427,-0.056096
750,59592,500.0,231.06,,10.098436325154406,5.304922580718994,47,,,,,0.587029,,9.019427,-0.056096
751,59847,255.0,232.18,,10.098436325154406,5.304922580718994,47,,,,,0.587029,,9.019427,-0.056096
752,60048,201.0,233.1,,9.971632440884909,5.636596441268921,48,,,,,0.587867,,8.156589,0.164569
753,60307,259.0,233.42,,9.971632440884909,5.636596441268921,48,,,,,0.587867,,8.156589,0.164569
754,60807,500.0,234.88,,9.971632440884909,5.636596441268921,48,,,,,0.587867,,8.156589,0.164569
755,61081,274.0,236.21,,9.971632440884909,5.636596441268921,48,,,,,0.587867,,8.156589,0.164569
756,61330,249.0,236.82,,9.971632440884909,5.636596441268921,48,,,,,0.587867,,8.156589,0.164569
757,61649,319.0,239.01,,9.971632440884909,5.636596441268921,48,,,,,0.587867,,8.156589,0.164569
758,62149,500.0,242.59,,9.971632440884909,5.636596441268921,48,,,,,0.587867,,8.156589,0.164569
759,62649,500.0,245.49,,9.971632440884909,5.637603044509888,48,,,,,0.587867,,8.156589,0.164569
760,62852,203.0,244.55,,9.971632440884909,5.637603044509888,48,,,,,0.587867,,8.156589,0.164569
761,63042,190.0,245.32,,9.971632440884909,5.637603044509888,48,,,,,0.587867,,8.156589,0.164569
762,63542,500.0,249.25,,9.971632440884909,5.637603044509888,48,,,,,0.587867,,8.156589,0.164569
763,63787,245.0,250.98,,9.971632440884909,5.637603044509888,48,,,,,0.587867,,8.156589,0.164569
764,64080,293.0,252.78,,9.971632440884909,5.637603044509888,48,,,,,0.587867,,8.156589,0.164569
765,64245,165.0,250.41,,9.971632440884909,5.637603044509888,48,,,,,0.587867,,8.156589,0.164569
766,64490,245.0,251.22,,9.971632440884909,5.637603044509888,48,,,,,0.587867,,8.156589,0.164569
767,64671,181.0,248.38,,9.971632440884909,5.637603044509888,48,,,,,0.587867,,8.156589,0.164569
768,64868,197.0,249.01,,9.850953082649076,5.9618918895721436,49,,,,,0.591604,,8.244601,-0.080565
769,65334,466.0,252.35,,9.850953082649076,5.9618918895721436,49,,,,,0.591604,,8.244601,-0.080565
770,65554,220.0,252.75,,9.850953082649076,5.9618918895721436,49,,,,,0.591604,,8.244601,-0.080565
771,65802,248.0,254.22,,9.850953082649076,5.9618918895721436,49,,,,,0.591604,,8.244601,-0.080565
772,66281,479.0,255.41,,9.850953082649076,5.9618918895721436,49,,,,,0.591604,,8.244601,-0.080565
773,66781,500.0,256.19,,9.850953082649076,5.9618918895721436,49,,,,,0.591604,,8.244601,-0.080565
774,67068,287.0,257.45,,9.850953082649076,5.9618918895721436,49,,,,,0.591604,,8.244601,-0.080565
775,67287,219.0,257.53,,9.850953082649076,5.9618918895721436,49,,,,,0.591604,,8.244601,-0.080565
776,67520,233.0,257.65,,9.850953082649076,5.9618918895721436,49,,,,,0.591604,,8.244601,-0.080565
777,67762,242.0,257.85,,9.850953082649076,5.9618918895721436,49,,,,,0.591604,,8.244601,-0.080565
778,68213,451.0,257.89,,9.850953082649076,5.9618918895721436,49,,,,,0.591604,,8.244601,-0.080565
779,68713,500.0,261.46,,9.850953082649076,5.9618918895721436,49,,,,,0.591604,,8.244601,-0.080565
780,69213,500.0,264.05,,9.850953082649076,5.9618918895721436,49,,,,,0.591604,,8.244601,-0.080565
781,69713,500.0,264.44,,9.850953082649076,5.9618918895721436,49,,,,,0.591604,,8.244601,-0.080565
782,69821,108.0,264.21,,9.850953082649076,5.9618918895721436,49,,,,,0.591604,,8.244601,-0.080565
783,70003,182.0,265.39,,9.850953082649076,5.9618918895721436,49,,,,,0.591604,,8.244601,-0.080565
784,70145,142.0,265.61,,9.732859654426575,6.282331943511963,50,,,,,0.591005,,8.029127,0.041058
785,70317,172.0,265.61,,9.732859654426575,6.282331943511963,50,,,,,0.591005,,8.029127,0.041058
786,70595,278.0,266.19,,9.732859654426575,6.282331943511963,50,,,,,0.591005,,8.029127,0.041058
787,70854,259.0,266.54,,9.732859654426575,6.282331943511963,50,,,,,0.591005,,8.029127,0.041058
788,71050,196.0,266.82,,9.732859654426575,6.282331943511963,50,,,,,0.591005,,8.029127,0.041058
789,71550,500.0,270.08,,9.732859654426575,6.282331943511963,50,,,,,0.591005,,8.029127,0.041058
790,71901,351.0,271.16,,9.732859654426575,6.282331943511963,50,,,,,0.591005,,8.029127,0.041058
791,72248,347.0,272.85,,9.732859654426575,6.282331943511963,50,,,,,0.591005,,8.029127,0.041058
792,72748,500.0,276.54,,9.732859654426575,6.282331943511963,50,,,,,0.591005,,8.029127,0.041058
793,73124,376.0,278.14,,9.732859654426575,6.282331943511963,50,,,,,0.591005,,8.029127,0.041058
794,73624,500.0,278.14,,9.732859654426575,6.282331943511963,50,,,,,0.591005,,8.029127,0.041058
795,73765,141.0,279.01,,9.732859654426575,6.282331943511963,50,,,,,0.591005,,8.029127,0.041058
796,73995,230.0,278.52,,9.732859654426575,6.282331943511963,50,,,,,0.591005,,8.029127,0.041058
797,74282,287.0,278.67,,9.732859654426575,6.282331943511963,50,,,,,0.591005,,8.029127,0.041058
798,74588,306.0,280.3,,9.732859654426575,6.282331943511963,50,,,,,0.591005,,8.029127,0.041058
799,75088,500.0,283.55,,9.732859654426575,6.282331943511963,50,,,500.0,0.0,0.591005,,8.029127,0.041058
800,75278,190.0,283.77,,9.438847723007202,6.615839004516602,51,,,,,0.584017,,7.954072,0.085046
801,75562,284.0,285.14,,9.438847723007202,6.615839004516602,51,,,,,0.584017,,7.954072,0.085046
802,75801,239.0,283.77,,9.438847723007202,6.615839004516602,51,,,,,0.584017,,7.954072,0.085046
803,76122,321.0,285.59,,9.438847723007202,6.615839004516602,51,,,,,0.584017,,7.954072,0.085046
804,76412,290.0,284.41,,9.438847723007202,6.615839004516602,51,,,,,0.584017,,7.954072,0.085046
805,76912,500.0,287.47,,9.438847723007202,6.615839004516602,51,,,,,0.584017,,7.954072,0.085046
806,77191,279.0,288.66,,9.438847723007202,6.615839004516602,51,,,,,0.584017,,7.954072,0.085046
807,77399,208.0,287.87,,9.438847723007202,6.615839004516602,51,,,,,0.584017,,7.954072,0.085046
808,77828,429.0,287.16,,9.438847723007202,6.615839004516602,51,,,,,0.584017,,7.954072,0.085046
809,78063,235.0,286.68,,9.438847723007202,6.615839004516602,51,,,,,0.584017,,7.954072,0.085046
810,78563,500.0,289.89,,9.438847723007202,6.615839004516602,51,,,,,0.584017,,7.954072,0.085046
811,78858,295.0,290.38,,9.438847723007202,6.615839004516602,51,,,,,0.584017,,7.954072,0.085046
812,79358,500.0,293.04,,9.438847723007202,6.615839004516602,51,,,,,0.584017,,7.954072,0.085046
813,79858,500.0,297.85,,9.438847723007202,6.615839004516602,51,,,,,0.584017,,7.954072,0.085046
814,80129,271.0,299.28,,9.438847723007202,6.615839004516602,51,,,,,0.584017,,7.954072,0.085046
815,80512,383.0,301.83,,9.438847723007202,6.615839004516602,51,,,,,0.584017,,7.954072,0.085046
816,81012,500.0,304.95,,9.122185344696044,6.982971906661987,52,,,,,0.583924,,7.644297,-0.375271
817,81325,313.0,306.2,,9.122185344696044,6.982971906661987,52,,,,,0.583924,,7.644297,-0.375271
818,81595,270.0,306.75,,9.122185344696044,6.982971906661987,52,,,,,0.583924,,7.644297,-0.375271
819,81828,233.0,307.7,,9.122185344696044,6.982971906661987,52,,,,,0.583924,,7.644297,-0.375271
820,82288,460.0,310.37,,9.122185344696044,6.983974456787109,52,,,,,0.583924,,7.644297,-0.375271
821,82788,500.0,313.19,,9.122185344696044,6.983974456787109,52,,,,,0.583924,,7.644297,-0.375271
822,83084,296.0,314.04,,9.122185344696044,6.983974456787109,52,,,,,0.583924,,7.644297,-0.375271
823,83584,500.0,316.84,,9.122185344696044,6.983974456787109,52,,,,,0.583924,,7.644297,-0.375271
824,84084,500.0,316.84,,9.122185344696044,6.983974456787109,52,,,,,0.583924,,7.644297,-0.375271
825,84442,358.0,318.46,,9.122185344696044,6.983974456787109,52,,,,,0.583924,,7.644297,-0.375271
826,84942,500.0,320.43,,9.122185344696044,6.983974456787109,52,,,,,0.583924,,7.644297,-0.375271
827,85269,327.0,321.89,,9.122185344696044,6.983974456787109,52,,,,,0.583924,,7.644297,-0.375271
828,85769,500.0,323.97,,9.122185344696044,6.983974456787109,52,,,,,0.583924,,7.644297,-0.375271
829,86269,500.0,324.86,,9.122185344696044,6.983974456787109,52,,,,,0.583924,,7.644297,-0.375271
830,86769,500.0,327.19,,9.122185344696044,6.983974456787109,52,,,,,0.583924,,7.644297,-0.375271
831,87269,500.0,328.39,,9.122185344696044,6.983974456787109,52,,,,,0.583924,,7.644297,-0.375271
832,87734,465.0,330.67,,8.837113637924194,7.321677207946777,53,,,,,0.582391,,7.227408,-0.006070
833,88234,500.0,334.01,,8.837113637924194,7.322697877883911,53,,,,,0.582391,,7.227408,-0.006070
834,88734,500.0,337.17,,8.837113637924194,7.322697877883911,53,,,,,0.582391,,7.227408,-0.006070
835,88942,208.0,337.35,,8.837113637924194,7.322697877883911,53,,,,,0.582391,,7.227408,-0.006070
836,89442,500.0,338.04,,8.837113637924194,7.322697877883911,53,,,,,0.582391,,7.227408,-0.006070
837,89942,500.0,341.51,,8.837113637924194,7.322697877883911,53,,,,,0.582391,,7.227408,-0.006070
838,90124,182.0,338.57,,8.837113637924194,7.322697877883911,53,,,,,0.582391,,7.227408,-0.006070
839,90335,211.0,339.07,,8.837113637924194,7.322697877883911,53,,,,,0.582391,,7.227408,-0.006070
840,90835,500.0,340.67,,8.837113637924194,7.322697877883911,53,,,,,0.582391,,7.227408,-0.006070
841,91335,500.0,344.17,,8.837113637924194,7.322697877883911,53,,,,,0.582391,,7.227408,-0.006070
842,91786,451.0,344.62,,8.837113637924194,7.322697877883911,53,,,,,0.582391,,7.227408,-0.006070
843,92134,348.0,346.53,,8.837113637924194,7.322697877883911,53,,,,,0.582391,,7.227408,-0.006070
844,92487,353.0,347.11,,8.837113637924194,7.322697877883911,53,,,,,0.582391,,7.227408,-0.006070
845,92987,500.0,349.19,,8.837113637924194,7.322697877883911,53,,,,,0.582391,,7.227408,-0.006070
846,93487,500.0,352.51,,8.837113637924194,7.322697877883911,53,,,,,0.582391,,7.227408,-0.006070
847,93987,500.0,356.24,,8.837113637924194,7.322697877883911,53,,,,,0.582391,,7.227408,-0.006070
848,94487,500.0,358.71,,8.487871117591858,7.672827482223511,54,,,,,0.580267,,7.196841,-0.252068
849,94987,500.0,358.95,,8.487871117591858,7.672827482223511,54,,,500.0,0.0,0.580267,,7.196841,-0.252068
850,95288,301.0,356.96,,8.487871117591858,7.672827482223511,54,,,,,0.580267,,7.196841,-0.252068
851,95704,416.0,358.57,,8.487871117591858,7.672827482223511,54,,,,,0.580267,,7.196841,-0.252068
852,95939,235.0,358.91,,8.487871117591858,7.672827482223511,54,,,,,0.580267,,7.196841,-0.252068
853,96439,500.0,361.32,,8.487871117591858,7.672827482223511,54,,,,,0.580267,,7.196841,-0.252068
854,96939,500.0,361.32,,8.487871117591858,7.672827482223511,54,,,,,0.580267,,7.196841,-0.252068
855,97439,500.0,363.58,,8.487871117591858,7.672827482223511,54,,,,,0.580267,,7.196841,-0.252068
856,97939,500.0,366.09,,8.487871117591858,7.672827482223511,54,,,,,0.580267,,7.196841,-0.252068
857,98439,500.0,367.9,,8.487871117591858,7.673830032348633,54,,,,,0.580267,,7.196841,-0.252068
858,98939,500.0,367.9,,8.487871117591858,7.673830032348633,54,,,,,0.580267,,7.196841,-0.252068
859,99215,276.0,365.66,,8.487871117591858,7.673830032348633,54,,,,,0.580267,,7.196841,-0.252068
860,99715,500.0,368.63,,8.487871117591858,7.673830032348633,54,,,,,0.580267,,7.196841,-0.252068
861,100215,500.0,371.73,,8.487871117591858,7.673830032348633,54,,,,,0.580267,,7.196841,-0.252068
862,100700,485.0,371.58,,8.487871117591858,7.673830032348633,54,,,,,0.580267,,7.196841,-0.252068
863,101012,312.0,372.25,,8.487871117591858,7.673830032348633,54,,,,,0.580267,,7.196841,-0.252068
864,101455,443.0,373.75,,8.184299702644347,8.021851778030396,55,,,,,0.584698,,6.585141,0.130588
865,101955,500.0,377.1,,8.184299702644347,8.021851778030396,55,,,,,0.584698,,6.585141,0.130588
866,102260,305.0,377.7,,8.184299702644347,8.021851778030396,55,,,,,0.584698,,6.585141,0.130588
867,102536,276.0,378.65,,8.184299702644347,8.021851778030396,55,,,,,0.584698,,6.585141,0.130588
868,103036,500.0,381.68,,8.184299702644347,8.021851778030396,55,,,,,0.584698,,6.585141,0.130588
869,103536,500.0,382.02,,8.184299702644347,8.021851778030396,55,,,,,0.584698,,6.585141,0.130588
870,104036,500.0,384.82,,8.184299702644347,8.021851778030396,55,,,,,0.584698,,6.585141,0.130588
871,104536,500.0,387.34,,8.184299702644347,8.021851778030396,55,,,,,0.584698,,6.585141,0.130588
872,105036,500.0,387.55,,8.184299702644347,8.021851778030396,55,,,,,0.584698,,6.585141,0.130588
873,105349,313.0,385.68,,8.184299702644347,8.021851778030396,55,,,,,0.584698,,6.585141,0.130588
874,105849,500.0,387.81,,8.184299702644347,8.021851778030396,55,,,,,0.584698,,6.585141,0.130588
875,106157,308.0,388.7,,8.184299702644347,8.021851778030396,55,,,,,0.584698,,6.585141,0.130588
876,106606,449.0,390.86,,8.184299702644347,8.021851778030396,55,,,,,0.584698,,6.585141,0.130588
877,107106,500.0,393.44,,8.184299702644347,8.021851778030396,55,,,,,0.584698,,6.585141,0.130588
878,107508,402.0,392.95,,8.184299702644347,8.021851778030396,55,,,,,0.584698,,6.585141,0.130588
879,108008,500.0,392.95,,8.184299702644347,8.021851778030396,55,,,,,0.584698,,6.585141,0.130588
880,108314,306.0,391.01,,7.870778441429138,8.366976499557495,56,,,,,0.578103,,6.700319,-0.147447
881,108731,417.0,390.18,,7.870778441429138,8.366976499557495,56,,,,,0.578103,,6.700319,-0.147447
882,109046,315.0,392.25,,7.870778441429138,8.366976499557495,56,,,,,0.578103,,6.700319,-0.147447
883,109546,500.0,395.43,,7.870778441429138,8.366976499557495,56,,,,,0.578103,,6.700319,-0.147447
884,110046,500.0,399.01,,7.870778441429138,8.366976499557495,56,,,,,0.578103,,6.700319,-0.147447
885,110546,500.0,402.29,,7.870778441429138,8.366976499557495,56,,,,,0.578103,,6.700319,-0.147447
886,111046,500.0,404.51,,7.870778441429138,8.366976499557495,56,,,,,0.578103,,6.700319,-0.147447
887,111546,500.0,406.92,,7.870778441429138,8.366976499557495,56,,,,,0.578103,,6.700319,-0.147447
888,111912,366.0,408.62,,7.870778441429138,8.366976499557495,56,,,,,0.578103,,6.700319,-0.147447
889,112412,500.0,408.62,,7.870778441429138,8.367976903915405,56,,,,,0.578103,,6.700319,-0.147447
890,112912,500.0,410.11,,7.870778441429138,8.367976903915405,56,,,,,0.578103,,6.700319,-0.147447
891,113233,321.0,409.85,,7.870778441429138,8.367976903915405,56,,,,,0.578103,,6.700319,-0.147447
892,113487,254.0,407.39,,7.870778441429138,8.367976903915405,56,,,,,0.578103,,6.700319,-0.147447
893,113780,293.0,406.56,,7.870778441429138,8.367976903915405,56,,,,,0.578103,,6.700319,-0.147447
894,114280,500.0,406.56,,7.870778441429138,8.367976903915405,56,,,,,0.578103,,6.700319,-0.147447
895,114780,500.0,410.15,,7.870778441429138,8.367976903915405,56,,,,,0.578103,,6.700319,-0.147447
896,115280,500.0,412.85,,7.588408498764038,8.723788022994995,57,,,,,0.577869,,6.397869,-0.012978
897,115780,500.0,414.98,,7.588408498764038,8.723788022994995,57,,,,,0.577869,,6.397869,-0.012978
898,116019,239.0,414.31,,7.588408498764038,8.723788022994995,57,,,,,0.577869,,6.397869,-0.012978
899,116519,500.0,414.31,,7.588408498764038,8.723788022994995,57,,,500.0,0.0,0.577869,,6.397869,-0.012978
900,117019,500.0,417.41,,7.588408498764038,8.723788022994995,57,,,,,0.577869,,6.397869,-0.012978
901,117384,365.0,418.22,,7.588408498764038,8.723788022994995,57,,,,,0.577869,,6.397869,-0.012978
902,117884,500.0,420.83,,7.588408498764038,8.723788022994995,57,,,,,0.577869,,6.397869,-0.012978
903,118384,500.0,422.62,,7.588408498764038,8.723788022994995,57,,,,,0.577869,,6.397869,-0.012978
904,118704,320.0,422.92,,7.588408498764038,8.723788022994995,57,,,,,0.577869,,6.397869,-0.012978
905,118916,212.0,420.04,,7.588408498764038,8.723788022994995,57,,,,,0.577869,,6.397869,-0.012978
906,119227,311.0,420.36,,7.588408498764038,8.723788022994995,57,,,,,0.577869,,6.397869,-0.012978
907,119727,500.0,423.28,,7.588408498764038,8.723788022994995,57,,,,,0.577869,,6.397869,-0.012978
908,120227,500.0,423.99,,7.588408498764038,8.723788022994995,57,,,,,0.577869,,6.397869,-0.012978
909,120727,500.0,426.64,,7.588408498764038,8.723788022994995,57,,,,,0.577869,,6.397869,-0.012978
910,121060,333.0,424.97,,7.588408498764038,8.723788022994995,57,,,,,0.577869,,6.397869,-0.012978
911,121481,421.0,426.23,,7.588408498764038,8.723788022994995,57,,,,,0.577869,,6.397869,-0.012978
912,121848,367.0,424.9,,7.265735368728638,9.084380865097046,58,,,,,0.572375,,6.210342,-0.026181
913,122205,357.0,423.47,,7.265735368728638,9.084380865097046,58,,,,,0.572375,,6.210342,-0.026181
914,122450,245.0,423.21,,7.265735368728638,9.084380865097046,58,,,,,0.572375,,6.210342,-0.026181
915,122950,500.0,424.38,,7.265735368728638,9.084380865097046,58,,,,,0.572375,,6.210342,-0.026181
916,123450,500.0,424.38,,7.265735368728638,9.084380865097046,58,,,,,0.572375,,6.210342,-0.026181
917,123950,500.0,426.25,,7.265735368728638,9.084380865097046,58,,,,,0.572375,,6.210342,-0.026181
918,124450,500.0,428.55,,7.265735368728638,9.084380865097046,58,,,,,0.572375,,6.210342,-0.026181
919,124646,196.0,428.18,,7.265735368728638,9.084380865097046,58,,,,,0.572375,,6.210342,-0.026181
920,125146,500.0,428.58,,7.265735368728638,9.084380865097046,58,,,,,0.572375,,6.210342,-0.026181
921,125646,500.0,428.58,,7.265735368728638,9.084380865097046,58,,,,,0.572375,,6.210342,-0.026181
922,125950,304.0,428.66,,7.265735368728638,9.084380865097046,58,,,,,0.572375,,6.210342,-0.026181
923,126418,468.0,428.34,,7.265735368728638,9.084380865097046,58,,,,,0.572375,,6.210342,-0.026181
924,126918,500.0,428.34,,7.265735368728638,9.084380865097046,58,,,,,0.572375,,6.210342,-0.026181
925,127418,500.0,429.76,,7.265735368728638,9.084380865097046,58,,,,,0.572375,,6.210342,-0.026181
926,127748,330.0,428.06,,7.265735368728638,9.084380865097046,58,,,,,0.572375,,6.210342,-0.026181
927,128248,500.0,429.79,,7.265735368728638,9.084380865097046,58,,,,,0.572375,,6.210342,-0.026181
928,128455,207.0,426.86,,6.990569543838501,9.434673547744751,59,,,,,0.573402,,5.920987,0.087750
929,128955,500.0,426.86,,6.990569543838501,9.434673547744751,59,,,,,0.573402,,5.920987,0.087750
930,129455,500.0,426.86,,6.990569543838501,9.434673547744751,59,,,,,0.573402,,5.920987,0.087750
931,129955,500.0,426.86,,6.990569543838501,9.434673547744751,59,,,,,0.573402,,5.920987,0.087750
932,130350,395.0,426.16,,6.990569543838501,9.434673547744751,59,,,,,0.573402,,5.920987,0.087750
933,130850,500.0,426.16,,6.990569543838501,9.434673547744751,59,,,,,0.573402,,5.920987,0.087750
934,131227,377.0,424.93,,6.990569543838501,9.434673547744751,59,,,,,0.573402,,5.920987,0.087750
935,131467,240.0,425.25,,6.990569543838501,9.434673547744751,59,,,,,0.573402,,5.920987,0.087750
936,131967,500.0,425.25,,6.990569543838501,9.434673547744751,59,,,,,0.573402,,5.920987,0.087750
937,132291,324.0,423.49,,6.990569543838501,9.434673547744751,59,,,,,0.573402,,5.920987,0.087750
938,132791,500.0,426.67,,6.990569543838501,9.434673547744751,59,,,,,0.573402,,5.920987,0.087750
939,133291,500.0,429.56,,6.990569543838501,9.434673547744751,59,,,,,0.573402,,5.920987,0.087750
940,133564,273.0,427.29,,6.990569543838501,9.434673547744751,59,,,,,0.573402,,5.920987,0.087750
941,134064,500.0,427.29,,6.990569543838501,9.434673547744751,59,,,,,0.573402,,5.920987,0.087750
942,134563,499.0,427.77,,6.990569543838501,9.434673547744751,59,,,,,0.573402,,5.920987,0.087750
943,135063,500.0,429.29,,6.990569543838501,9.434673547744751,59,,,,,0.573402,,5.920987,0.087750
944,135256,193.0,427.69,,6.702048292160034,9.768418073654175,60,,,,,0.571734,,5.868147,0.172802
945,135676,420.0,426.89,,6.702048292160034,9.768418073654175,60,,,,,0.571734,,5.868147,0.172802
946,135968,292.0,424.81,,6.702048292160034,9.768418073654175,60,,,,,0.571734,,5.868147,0.172802
947,136468,500.0,424.81,,6.702048292160034,9.768418073654175,60,,,,,0.571734,,5.868147,0.172802
948,136968,500.0,424.81,,6.702048292160034,9.768418073654175,60,,,,,0.571734,,5.868147,0.172802
949,137208,240.0,422.21,,6.702048292160034,9.768418073654175,60,,,500.0,0.0,0.571734,,5.868147,0.172802
950,137708,500.0,424.2,,6.702048292160034,9.768418073654175,60,,,,,0.571734,,5.868147,0.172802
951,138208,500.0,425.04,,6.702048292160034,9.768418073654175,60,,,,,0.571734,,5.868147,0.172802
952,138571,363.0,426.32,,6.702048292160034,9.768418073654175,60,,,,,0.571734,,5.868147,0.172802
953,139071,500.0,426.32,,6.702048292160034,9.768418073654175,60,,,,,0.571734,,5.868147,0.172802
954,139462,391.0,425.23,,6.702048292160034,9.768418073654175,60,,,,,0.571734,,5.868147,0.172802
955,139962,500.0,425.23,,6.702048292160034,9.768418073654175,60,,,,,0.571734,,5.868147,0.172802
956,140462,500.0,425.23,,6.702048292160034,9.768418073654175,60,,,,,0.571734,,5.868147,0.172802
957,140962,500.0,425.23,,6.702048292160034,9.768418073654175,60,,,,,0.571734,,5.868147,0.172802
958,141205,243.0,422.66,,6.702048292160034,9.768418073654175,60,,,,,0.571734,,5.868147,0.172802
959,141494,289.0,422.79,,6.702048292160034,9.768418073654175,60,,,,,0.571734,,5.868147,0.172802
960,141824,330.0,421.09,,6.419580969810486,10.109039545059204,61,,,,,0.576896,,5.355960,0.110174
961,142231,407.0,420.16,,6.419580969810486,10.110065698623657,61,,,,,0.576896,,5.355960,0.110174
962,142534,303.0,418.34,,6.419580969810486,10.110065698623657,61,,,,,0.576896,,5.355960,0.110174
963,143034,500.0,420.22,,6.419580969810486,10.110065698623657,61,,,,,0.576896,,5.355960,0.110174
964,143534,500.0,420.79,,6.419580969810486,10.110065698623657,61,,,,,0.576896,,5.355960,0.110174
965,143933,399.0,419.78,,6.419580969810486,10.110065698623657,61,,,,,0.576896,,5.355960,0.110174
966,144433,500.0,421.73,,6.419580969810486,10.110065698623657,61,,,,,0.576896,,5.355960,0.110174
967,144933,500.0,423.97,,6.419580969810486,10.110065698623657,61,,,,,0.576896,,5.355960,0.110174
968,145153,220.0,421.17,,6.419580969810486,10.110065698623657,61,,,,,0.576896,,5.355960,0.110174
969,145520,367.0,419.84,,6.419580969810486,10.110065698623657,61,,,,,0.576896,,5.355960,0.110174
970,146020,500.0,419.84,,6.419580969810486,10.110065698623657,61,,,,,0.576896,,5.355960,0.110174
971,146520,500.0,419.84,,6.419580969810486,10.110065698623657,61,,,,,0.576896,,5.355960,0.110174
972,147020,500.0,419.84,,6.419580969810486,10.110065698623657,61,,,,,0.576896,,5.355960,0.110174
973,147520,500.0,421.71,,6.419580969810486,10.110065698623657,61,,,,,0.576896,,5.355960,0.110174
974,148020,500.0,421.71,,6.419580969810486,10.110065698623657,61,,,,,0.576896,,5.355960,0.110174
975,148520,500.0,423.63,,6.419580969810486,10.110065698623657,61,,,,,0.576896,,5.355960,0.110174
976,148923,403.0,423.17,,6.202804880142212,10.44571566581726,62,,,,,0.570593,,5.376832,0.237909
977,149423,500.0,423.17,,6.202804880142212,10.44571566581726,62,,,,,0.570593,,5.376832,0.237909
978,149655,232.0,421.47,,6.202804880142212,10.44671893119812,62,,,,,0.570593,,5.376832,0.237909
979,150155,500.0,421.47,,6.202804880142212,10.44671893119812,62,,,,,0.570593,,5.376832,0.237909
980,150655,500.0,423.41,,6.202804880142212,10.44671893119812,62,,,,,0.570593,,5.376832,0.237909
981,151155,500.0,424.24,,6.202804880142212,10.44671893119812,62,,,,,0.570593,,5.376832,0.237909
982,151655,500.0,426.09,,6.202804880142212,10.44671893119812,62,,,,,0.570593,,5.376832,0.237909
983,151855,200.0,423.09,,6.202804880142212,10.44671893119812,62,,,,,0.570593,,5.376832,0.237909
984,152163,308.0,421.17,,6.202804880142212,10.44671893119812,62,,,,,0.570593,,5.376832,0.237909
985,152663,500.0,421.17,,6.202804880142212,10.44671893119812,62,,,,,0.570593,,5.376832,0.237909
986,153030,367.0,419.84,,6.202804880142212,10.44671893119812,62,,,,,0.570593,,5.376832,0.237909
987,153477,447.0,419.31,,6.202804880142212,10.44671893119812,62,,,,,0.570593,,5.376832,0.237909
988,153977,500.0,420.65,,6.202804880142212,10.44671893119812,62,,,,,0.570593,,5.376832,0.237909
989,154477,500.0,420.65,,6.202804880142212,10.44671893119812,62,,,,,0.570593,,5.376832,0.237909
990,154977,500.0,420.65,,6.202804880142212,10.44671893119812,62,,,,,0.570593,,5.376832,0.237909
991,155477,500.0,422.44,,6.202804880142212,10.44671893119812,62,,,,,0.570593,,5.376832,0.237909
992,155977,500.0,424.9,,6.005563101768494,10.805094480514526,63,,,,,0.568179,,5.310693,0.253779
993,156477,500.0,426.97,,6.005563101768494,10.805094480514526,63,,,,,0.568179,,5.310693,0.253779
994,156931,454.0,426.51,,6.005563101768494,10.805094480514526,63,,,,,0.568179,,5.310693,0.253779
995,157431,500.0,426.51,,6.005563101768494,10.805094480514526,63,,,,,0.568179,,5.310693,0.253779
996,157587,156.0,423.07,,6.005563101768494,10.805094480514526,63,,,,,0.568179,,5.310693,0.253779
997,158042,455.0,422.62,,6.005563101768494,10.805094480514526,63,,,,,0.568179,,5.310693,0.253779
998,158542,500.0,425.23,,6.005563101768494,10.805094480514526,63,,,,,0.568179,,5.310693,0.253779
999,159000,458.0,424.81,,6.005563101768494,10.805094480514526,63,,,500.0,0.0,0.568179,,5.310693,0.253779
1000,159378,378.0,423.59,,6.005563101768494,10.805094480514526,63,,,,,0.568179,,5.310693,0.253779
1001,159878,500.0,424.94,,6.005563101768494,10.805094480514526,63,,,,,0.568179,,5.310693,0.253779
1002,160337,459.0,424.53,,6.005563101768494,10.805094480514526,63,,,,,0.568179,,5.310693,0.253779
1003,160837,500.0,424.53,,6.005563101768494,10.805094480514526,63,,,,,0.568179,,5.310693,0.253779
1004,161337,500.0,426.33,,6.005563101768494,10.805094480514526,63,,,,,0.568179,,5.310693,0.253779
1005,161837,500.0,429.21,,6.005563101768494,10.805094480514526,63,,,,,0.568179,,5.310693,0.253779
1006,162337,500.0,431.1,,6.005563101768494,10.805094480514526,63,,,,,0.568179,,5.310693,0.253779
1007,162837,500.0,431.1,,6.005563101768494,10.805094480514526,63,,,,,0.568179,,5.310693,0.253779
1008,163207,370.0,429.8,,5.826908593177795,11.156764030456543,64,,,,,0.565916,,5.405065,0.406485
1009,163368,161.0,426.41,,5.826908593177795,11.156764030456543,64,,,,,0.565916,,5.405065,0.406485
1010,163764,396.0,427.04,,5.826908593177795,11.156764030456543,64,,,,,0.565916,,5.405065,0.406485
1011,164264,500.0,427.83,,5.826908593177795,11.156764030456543,64,,,,,0.565916,,5.405065,0.406485
1012,164594,330.0,427.46,,5.826908593177795,11.156764030456543,64,,,,,0.565916,,5.405065,0.406485
1013,164869,275.0,426.64,,5.826908593177795,11.156764030456543,64,,,,,0.565916,,5.405065,0.406485
1014,165274,405.0,428.24,,5.826908593177795,11.156764030456543,64,,,,,0.565916,,5.405065,0.406485
1015,165475,201.0,425.25,,5.826908593177795,11.156764030456543,64,,,,,0.565916,,5.405065,0.406485
1016,165975,500.0,425.25,,5.826908593177795,11.156764030456543,64,,,,,0.565916,,5.405065,0.406485
1017,166475,500.0,425.25,,5.826908593177795,11.156764030456543,64,,,,,0.565916,,5.405065,0.406485
1018,166868,393.0,424.18,,5.826908593177795,11.156764030456543,64,,,,,0.565916,,5.405065,0.406485
1019,167368,500.0,427.22,,5.826908593177795,11.156764030456543,64,,,,,0.565916,,5.405065,0.406485
1020,167868,500.0,427.22,,5.826908593177795,11.156764030456543,64,,,,,0.565916,,5.405065,0.406485
1021,168368,500.0,427.22,,5.826908593177795,11.156764030456543,64,,,,,0.565916,,5.405065,0.406485
1022,168868,500.0,429.18,,5.826908593177795,11.156764030456543,64,,,,,0.565916,,5.405065,0.406485
1023,169355,487.0,429.37,,5.826908593177795,11.156764030456543,64,,,,,0.565916,,5.405065,0.406485
1024,169855,500.0,429.37,,5.580053582191467,11.494837760925293,65,,,,,0.564824,,5.512619,0.370761
1025,170103,248.0,426.85,,5.580053582191467,11.494837760925293,65,,,,,0.564824,,5.512619,0.370761
1026,170375,272.0,426.27,,5.580053582191467,11.494837760925293,65,,,,,0.564824,,5.512619,0.370761
1027,170633,258.0,423.85,,5.580053582191467,11.494837760925293,65,,,,,0.564824,,5.512619,0.370761
1028,170970,337.0,425.15,,5.580053582191467,11.494837760925293,65,,,,,0.564824,,5.512619,0.370761
1029,171169,199.0,422.14,,5.580053582191467,11.494837760925293,65,,,,,0.564824,,5.512619,0.370761
1030,171373,204.0,419.18,,5.580053582191467,11.494837760925293,65,,,,,0.564824,,5.512619,0.370761
1031,171873,500.0,419.18,,5.580053582191467,11.494837760925293,65,,,,,0.564824,,5.512619,0.370761
1032,172203,330.0,418.53,,5.580053582191467,11.494837760925293,65,,,,,0.564824,,5.512619,0.370761
1033,172556,353.0,417.06,,5.580053582191467,11.495840311050415,65,,,,,0.564824,,5.512619,0.370761
1034,173056,500.0,418.29,,5.580053582191467,11.495840311050415,65,,,,,0.564824,,5.512619,0.370761
1035,173322,266.0,418.55,,5.580053582191467,11.495840311050415,65,,,,,0.564824,,5.512619,0.370761
1036,173550,228.0,415.83,,5.580053582191467,11.495840311050415,65,,,,,0.564824,,5.512619,0.370761
1037,173932,382.0,416.41,,5.580053582191467,11.495840311050415,65,,,,,0.564824,,5.512619,0.370761
1038,174432,500.0,416.41,,5.580053582191467,11.495840311050415,65,,,,,0.564824,,5.512619,0.370761
1039,174814,382.0,415.23,,5.580053582191467,11.495840311050415,65,,,,,0.564824,,5.512619,0.370761
1040,175197,383.0,416.33,,5.361304244995117,11.853366374969482,66,,,,,0.566801,,5.233232,0.352791
1041,175568,371.0,415.04,,5.361304244995117,11.853366374969482,66,,,,,0.566801,,5.233232,0.352791
1042,175873,305.0,413.1,,5.361304244995117,11.853366374969482,66,,,,,0.566801,,5.233232,0.352791
1043,176114,241.0,410.51,,5.361304244995117,11.853366374969482,66,,,,,0.566801,,5.233232,0.352791
1044,176512,398.0,412.56,,5.361304244995117,11.853366374969482,66,,,,,0.566801,,5.233232,0.352791
1045,176984,472.0,413.08,,5.361304244995117,11.853366374969482,66,,,,,0.566801,,5.233232,0.352791
1046,177181,197.0,412.13,,5.361304244995117,11.853366374969482,66,,,,,0.566801,,5.233232,0.352791
1047,177617,436.0,411.49,,5.361304244995117,11.853366374969482,66,,,,,0.566801,,5.233232,0.352791
1048,177997,380.0,410.29,,5.361304244995117,11.853366374969482,66,,,,,0.566801,,5.233232,0.352791
1049,178497,500.0,412.89,,5.361304244995117,11.853366374969482,66,,,500.0,0.0,0.566801,,5.233232,0.352791
1050,178997,500.0,412.89,,5.361304244995117,11.853366374969482,66,,,,,0.566801,,5.233232,0.352791
1051,179233,236.0,410.25,,5.361304244995117,11.853366374969482,66,,,,,0.566801,,5.233232,0.352791
1052,179431,198.0,408.6,,5.361304244995117,11.853366374969482,66,,,,,0.566801,,5.233232,0.352791
1053,179931,500.0,408.6,,5.361304244995117,11.853366374969482,66,,,,,0.566801,,5.233232,0.352791
1054,180431,500.0,409.69,,5.361304244995117,11.853366374969482,66,,,,,0.566801,,5.233232,0.352791
1055,180931,500.0,409.69,,5.361304244995117,11.853366374969482,66,,,,,0.566801,,5.233232,0.352791
1056,181388,457.0,409.26,,5.178713088035583,12.219387769699097,67,,,,,0.561350,,5.730427,0.353819
1057,181696,308.0,407.34,,5.178713088035583,12.219387769699097,67,,,,,0.561350,,5.730427,0.353819
1058,181891,195.0,406.86,,5.178713088035583,12.219387769699097,67,,,,,0.561350,,5.730427,0.353819
1059,181902,11.0,404.08,,5.178713088035583,12.219387769699097,67,,,,,0.561350,,5.730427,0.353819
1060,182078,176.0,402.54,,5.178713088035583,12.219387769699097,67,,,,,0.561350,,5.730427,0.353819
1061,182578,500.0,403.47,,5.178713088035583,12.219387769699097,67,,,,,0.561350,,5.730427,0.353819
1062,183045,467.0,405.11,,5.178713088035583,12.219387769699097,67,,,,,0.561350,,5.730427,0.353819
1063,183371,326.0,403.37,,5.178713088035583,12.219387769699097,67,,,,,0.561350,,5.730427,0.353819
1064,183752,381.0,402.18,,5.178713088035583,12.219387769699097,67,,,,,0.561350,,5.730427,0.353819
1065,184085,333.0,401.52,,5.178713088035583,12.219387769699097,67,,,,,0.561350,,5.730427,0.353819
1066,184337,252.0,399.04,,5.178713088035583,12.219387769699097,67,,,,,0.561350,,5.730427,0.353819
1067,184508,171.0,395.75,,5.178713088035583,12.219387769699097,67,,,,,0.561350,,5.730427,0.353819
1068,185008,500.0,398.55,,5.178713088035583,12.219387769699097,67,,,,,0.561350,,5.730427,0.353819
1069,185220,212.0,397.0,,5.178713088035583,12.219387769699097,67,,,,,0.561350,,5.730427,0.353819
1070,185463,243.0,394.43,,5.178713088035583,12.219387769699097,67,,,,,0.561350,,5.730427,0.353819
1071,185807,344.0,392.87,,5.178713088035583,12.219387769699097,67,,,,,0.561350,,5.730427,0.353819
1072,186072,265.0,390.52,,4.955331912040711,12.486112833023071,68,,,,,0.563601,,6.094147,0.394472
1073,186275,203.0,387.55,,4.955331912040711,12.486112833023071,68,,,,,0.563601,,6.094147,0.394472
1074,186551,276.0,385.31,,4.955331912040711,12.486112833023071,68,,,,,0.563601,,6.094147,0.394472
1075,186735,184.0,382.15,,4.955331912040711,12.486112833023071,68,,,,,0.563601,,6.094147,0.394472
1076,186955,220.0,380.32,,4.955331912040711,12.486112833023071,68,,,,,0.563601,,6.094147,0.394472
1077,187259,304.0,378.36,,4.955331912040711,12.486112833023071,68,,,,,0.563601,,6.094147,0.394472
1078,187414,155.0,377.59,,4.955331912040711,12.486112833023071,68,,,,,0.563601,,6.094147,0.394472
1079,187637,223.0,374.82,,4.955331912040711,12.486112833023071,68,,,,,0.563601,,6.094147,0.394472
1080,187858,221.0,372.03,,4.955331912040711,12.486112833023071,68,,,,,0.563601,,6.094147,0.394472
1081,188207,349.0,370.52,,4.955331912040711,12.486112833023071,68,,,,,0.563601,,6.094147,0.394472
1082,188491,284.0,368.36,,4.955331912040711,12.486112833023071,68,,,,,0.563601,,6.094147,0.394472
1083,188802,311.0,369.47,,4.955331912040711,12.486112833023071,68,,,,,0.563601,,6.094147,0.394472
1084,189218,416.0,370.55,,4.955331912040711,12.486112833023071,68,,,,,0.563601,,6.094147,0.394472
1085,189424,206.0,367.61,,4.955331912040711,12.486112833023071,68,,,,,0.563601,,6.094147,0.394472
1086,189607,183.0,365.77,,4.955331912040711,12.486112833023071,68,,,,,0.563601,,6.094147,0.394472
1087,189978,371.0,365.01,,4.955331912040711,12.487112760543823,68,,,,,0.563601,,6.094147,0.394472
1088,190147,169.0,361.7,,4.806663060188294,12.76110029220581,69,,,,,0.556324,,6.276947,0.372151
1089,190375,228.0,358.98,,4.806663060188294,12.76110029220581,69,,,,,0.556324,,6.276947,0.372151
1090,190655,280.0,356.78,,4.806663060188294,12.76110029220581,69,,,,,0.556324,,6.276947,0.372151
1091,190997,342.0,355.2,,4.806663060188294,12.76110029220581,69,,,,,0.556324,,6.276947,0.372151
1092,191179,182.0,352.02,,4.806663060188294,12.76110029220581,69,,,,,0.556324,,6.276947,0.372151
1093,191352,173.0,348.75,,4.806663060188294,12.76110029220581,69,,,,,0.556324,,6.276947,0.372151
1094,191542,190.0,346.11,,4.806663060188294,12.76110029220581,69,,,,,0.556324,,6.276947,0.372151
1095,191922,380.0,344.91,,4.806663060188294,12.76110029220581,69,,,,,0.556324,,6.276947,0.372151
1096,192182,260.0,345.95,,4.806663060188294,12.76110029220581,69,,,,,0.556324,,6.276947,0.372151
1097,192554,372.0,345.12,,4.806663060188294,12.76110029220581,69,,,,,0.556324,,6.276947,0.372151
1098,192737,183.0,341.95,,4.806663060188294,12.76110029220581,69,,,,,0.556324,,6.276947,0.372151
1099,192962,225.0,339.62,,4.806663060188294,12.76110029220581,69,,,500.0,0.0,0.556324,,6.276947,0.372151
1100,193325,363.0,339.47,,4.806663060188294,12.76110029220581,69,,,,,0.556324,,6.276947,0.372151
1101,193500,175.0,336.22,,4.806663060188294,12.76110029220581,69,,,,,0.556324,,6.276947,0.372151
1102,193854,354.0,335.17,,4.806663060188294,12.76110029220581,69,,,,,0.556324,,6.276947,0.372151
1103,194066,212.0,332.29,,4.806663060188294,12.76110029220581,69,,,,,0.556324,,6.276947,0.372151
1104,194390,324.0,330.53,,4.6418332719802855,13.110980033874512,70,,,,,0.557713,,5.605972,0.405916
1105,194890,500.0,330.53,,4.6418332719802855,13.110980033874512,70,,,,,0.557713,,5.605972,0.405916
1106,195291,401.0,329.54,,4.6418332719802855,13.110980033874512,70,,,,,0.557713,,5.605972,0.405916
1107,195498,207.0,326.61,,4.6418332719802855,13.110980033874512,70,,,,,0.557713,,5.605972,0.405916
1108,195867,369.0,326.6,,4.6418332719802855,13.110980033874512,70,,,,,0.557713,,5.605972,0.405916
1109,196128,261.0,327.6,,4.6418332719802855,13.110980033874512,70,,,,,0.557713,,5.605972,0.405916
1110,196332,204.0,325.68,,4.6418332719802855,13.110980033874512,70,,,,,0.557713,,5.605972,0.405916
1111,196690,358.0,324.26,,4.6418332719802855,13.110980033874512,70,,,,,0.557713,,5.605972,0.405916
1112,196941,251.0,323.47,,4.6418332719802855,13.110980033874512,70,,,,,0.557713,,5.605972,0.405916
1113,197110,169.0,322.41,,4.6418332719802855,13.110980033874512,70,,,,,0.557713,,5.605972,0.405916
1114,197470,360.0,321.96,,4.6418332719802855,13.112007856369019,70,,,,,0.557713,,5.605972,0.405916
1115,197758,288.0,322.83,,4.6418332719802855,13.112007856369019,70,,,,,0.557713,,5.605972,0.405916
1116,197928,170.0,319.53,,4.6418332719802855,13.112007856369019,70,,,,,0.557713,,5.605972,0.405916
1117,198238,310.0,317.63,,4.6418332719802855,13.112007856369019,70,,,,,0.557713,,5.605972,0.405916
1118,198662,424.0,317.94,,4.6418332719802855,13.112007856369019,70,,,,,0.557713,,5.605972,0.405916
1119,199013,351.0,316.45,,4.6418332719802855,13.112007856369019,70,,,,,0.557713,,5.605972,0.405916
1120,199288,275.0,314.2,,4.49504852771759,13.469974994659424,71,,,,,0.559016,,5.415990,0.393691
1121,199506,218.0,311.38,,4.49504852771759,13.469974994659424,71,,,,,0.559016,,5.415990,0.393691
1122,199726,220.0,308.58,,4.49504852771759,13.469974994659424,71,,,,,0.559016,,5.415990,0.393691
1123,199933,207.0,305.78,,4.49504852771759,13.469974994659424,71,,,,,0.559016,,5.415990,0.393691
1124,200164,231.0,303.09,,4.49504852771759,13.469974994659424,71,,,,,0.559016,,5.415990,0.393691
1125,200664,500.0,305.61,,4.49504852771759,13.469974994659424,71,,,,,0.559016,,5.415990,0.393691
1126,200851,187.0,304.76,,4.49504852771759,13.469974994659424,71,,,,,0.559016,,5.415990,0.393691
1127,201106,255.0,304.73,,4.49504852771759,13.469974994659424,71,,,,,0.559016,,5.415990,0.393691
1128,201354,248.0,303.84,,4.49504852771759,13.469974994659424,71,,,,,0.559016,,5.415990,0.393691
1129,201854,500.0,306.85,,4.49504852771759,13.469974994659424,71,,,,,0.559016,,5.415990,0.393691
1130,202095,241.0,307.22,,4.49504852771759,13.469974994659424,71,,,,,0.559016,,5.415990,0.393691
1131,202510,415.0,306.37,,4.49504852771759,13.469974994659424,71,,,,,0.559016,,5.415990,0.393691
1132,202816,306.0,306.13,,4.49504852771759,13.469974994659424,71,,,,,0.559016,,5.415990,0.393691
1133,203092,276.0,305.36,,4.49504852771759,13.469974994659424,71,,,,,0.559016,,5.415990,0.393691
1134,203412,320.0,303.56,,4.49504852771759,13.469974994659424,71,,,,,0.559016,,5.415990,0.393691
1135,203858,446.0,305.36,,4.49504852771759,13.469974994659424,71,,,,,0.559016,,5.415990,0.393691
1136,204192,334.0,306.42,,4.358698039054871,13.781129837036133,72,,,,,0.554969,,5.408196,0.375647
1137,204419,227.0,304.87,,4.358698039054871,13.781129837036133,72,,,,,0.554969,,5.408196,0.375647
1138,204627,208.0,301.95,,4.358698039054871,13.781129837036133,72,,,,,0.554969,,5.408196,0.375647
1139,204804,177.0,299.9,,4.358698039054871,13.781129837036133,72,,,,,0.554969,,5.408196,0.375647
1140,205149,345.0,299.52,,4.358698039054871,13.781129837036133,72,,,,,0.554969,,5.408196,0.375647
1141,205480,331.0,299.12,,4.358698039054871,13.781129837036133,72,,,,,0.554969,,5.408196,0.375647
1142,205812,332.0,299.39,,4.358698039054871,13.781129837036133,72,,,,,0.554969,,5.408196,0.375647
1143,206006,194.0,298.92,,4.358698039054871,13.781129837036133,72,,,,,0.554969,,5.408196,0.375647
1144,206182,176.0,296.7,,4.358698039054871,13.781129837036133,72,,,,,0.554969,,5.408196,0.375647
1145,206356,174.0,293.72,,4.358698039054871,13.781129837036133,72,,,,,0.554969,,5.408196,0.375647
1146,206624,268.0,294.43,,4.358698039054871,13.781129837036133,72,,,,,0.554969,,5.408196,0.375647
1147,207027,403.0,294.1,,4.358698039054871,13.781129837036133,72,,,,,0.554969,,5.408196,0.375647
1148,207527,500.0,295.3,,4.358698039054871,13.781129837036133,72,,,,,0.554969,,5.408196,0.375647
1149,207958,431.0,294.61,,4.358698039054871,13.781129837036133,72,,,500.0,0.0,0.554969,,5.408196,0.375647
1150,208458,500.0,294.61,,4.358698039054871,13.781129837036133,72,,,,,0.554969,,5.408196,0.375647
1151,208871,413.0,296.38,,4.358698039054871,13.781129837036133,72,,,,,0.554969,,5.408196,0.375647
1152,209239,368.0,298.08,,4.231720523834229,14.102214574813843,73,,,,,0.557642,,5.414012,0.408289
1153,209739,500.0,298.08,,4.231720523834229,14.102214574813843,73,,,,,0.557642,,5.414012,0.408289
1154,209942,203.0,295.11,,4.231720523834229,14.102214574813843,73,,,,,0.557642,,5.414012,0.408289
1155,210229,287.0,292.98,,4.231720523834229,14.102214574813843,73,,,,,0.557642,,5.414012,0.408289
1156,210490,261.0,291.02,,4.231720523834229,14.102214574813843,73,,,,,0.557642,,5.414012,0.408289
1157,210739,249.0,290.43,,4.231720523834229,14.102214574813843,73,,,,,0.557642,,5.414012,0.408289
1158,211035,296.0,291.44,,4.231720523834229,14.102214574813843,73,,,,,0.557642,,5.414012,0.408289
1159,211385,350.0,294.83,,4.231720523834229,14.102214574813843,73,,,,,0.557642,,5.414012,0.408289
1160,211644,259.0,295.66,,4.231720523834229,14.102214574813843,73,,,,,0.557642,,5.414012,0.408289
1161,211907,263.0,293.29,,4.231720523834229,14.102214574813843,73,,,,,0.557642,,5.414012,0.408289
1162,212090,183.0,290.45,,4.231720523834229,14.102214574813843,73,,,,,0.557642,,5.414012,0.408289
1163,212409,319.0,290.38,,4.231720523834229,14.102214574813843,73,,,,,0.557642,,5.414012,0.408289
1164,212640,231.0,288.88,,4.231720523834229,14.102214574813843,73,,,,,0.557642,,5.414012,0.408289
1165,212863,223.0,287.78,,4.231720523834229,14.102214574813843,73,,,,,0.557642,,5.414012,0.408289
1166,213235,372.0,288.98,,4.231720523834229,14.102214574813843,73,,,,,0.557642,,5.414012,0.408289
1167,213562,327.0,290.54,,4.231720523834229,14.102214574813843,73,,,,,0.557642,,5.414012,0.408289
1168,214062,500.0,290.54,,4.105612902641297,14.479665517807007,74,,,,,0.555808,,4.839901,0.396581
1169,214284,222.0,290.64,,4.105612902641297,14.479665517807007,74,,,,,0.555808,,4.839901,0.396581
1170,214524,240.0,290.61,,4.105612902641297,14.479665517807007,74,,,,,0.555808,,4.839901,0.396581
1171,214738,214.0,289.31,,4.105612902641297,14.479665517807007,74,,,,,0.555808,,4.839901,0.396581
1172,214928,190.0,288.56,,4.105612902641297,14.479665517807007,74,,,,,0.555808,,4.839901,0.396581
1173,215189,261.0,289.14,,4.105612902641297,14.479665517807007,74,,,,,0.555808,,4.839901,0.396581
1174,215538,349.0,289.87,,4.105612902641297,14.479665517807007,74,,,,,0.555808,,4.839901,0.396581
1175,215791,253.0,290.56,,4.105612902641297,14.479665517807007,74,,,,,0.555808,,4.839901,0.396581
1176,215995,204.0,290.4,,4.105612902641297,14.479665517807007,74,,,,,0.555808,,4.839901,0.396581
1177,216495,500.0,292.36,,4.105612902641297,14.479665517807007,74,,,,,0.555808,,4.839901,0.396581
1178,216782,287.0,293.68,,4.105612902641297,14.479665517807007,74,,,,,0.555808,,4.839901,0.396581
1179,217087,305.0,294.5,,4.105612902641297,14.479665517807007,74,,,,,0.555808,,4.839901,0.396581
1180,217587,500.0,297.29,,4.105612902641297,14.479665517807007,74,,,,,0.555808,,4.839901,0.396581
1181,217965,378.0,297.58,,4.105612902641297,14.479665517807007,74,,,,,0.555808,,4.839901,0.396581
1182,218369,404.0,298.78,,4.105612902641297,14.479665517807007,74,,,,,0.555808,,4.839901,0.396581
1183,218869,500.0,300.67,,4.105612902641297,14.479665517807007,74,,,,,0.555808,,4.839901,0.396581
1184,219369,500.0,301.51,,3.988691682815552,14.84815764427185,75,,,,,0.555353,,4.295629,0.412671
1185,219624,255.0,302.0,,3.988691682815552,14.84815764427185,75,,,,,0.555353,,4.295629,0.412671
1186,219851,227.0,302.44,,3.988691682815552,14.84815764427185,75,,,,,0.555353,,4.295629,0.412671
1187,220190,339.0,302.12,,3.988691682815552,14.84815764427185,75,,,,,0.555353,,4.295629,0.412671
1188,220463,273.0,303.16,,3.988691682815552,14.849159002304077,75,,,,,0.555353,,4.295629,0.412671
1189,220963,500.0,305.88,,3.988691682815552,14.849159002304077,75,,,,,0.555353,,4.295629,0.412671
1190,221184,221.0,305.29,,3.988691682815552,14.849159002304077,75,,,,,0.555353,,4.295629,0.412671
1191,221684,500.0,306.87,,3.988691682815552,14.849159002304077,75,,,,,0.555353,,4.295629,0.412671
1192,221978,294.0,307.99,,3.988691682815552,14.849159002304077,75,,,,,0.555353,,4.295629,0.412671
1193,222285,307.0,309.33,,3.988691682815552,14.849159002304077,75,,,,,0.555353,,4.295629,0.412671
1194,222642,357.0,311.0,,3.988691682815552,14.849159002304077,75,,,,,0.555353,,4.295629,0.412671
1195,223142,500.0,312.2,,3.988691682815552,14.849159002304077,75,,,,,0.555353,,4.295629,0.412671
1196,223642,500.0,314.6,,3.988691682815552,14.849159002304077,75,,,,,0.555353,,4.295629,0.412671
1197,223906,264.0,313.52,,3.988691682815552,14.849159002304077,75,,,,,0.555353,,4.295629,0.412671
1198,224279,373.0,315.42,,3.988691682815552,14.849159002304077,75,,,,,0.555353,,4.295629,0.412671
1199,224779,500.0,318.17,,3.988691682815552,14.849159002304077,75,,,500.0,0.0,0.555353,,4.295629,0.412671
1200,225279,500.0,319.54,,3.8725425481796263,15.214986562728882,76,,,,,0.547167,,3.928850,0.386134
1201,225687,408.0,321.87,,3.8725425481796263,15.214986562728882,76,,,,,0.547167,,3.928850,0.386134
1202,226187,500.0,323.33,,3.8725425481796263,15.214986562728882,76,,,,,0.547167,,3.928850,0.386134
1203,226687,500.0,326.21,,3.8725425481796263,15.214986562728882,76,,,,,0.547167,,3.928850,0.386134
1204,227187,500.0,327.97,,3.8725425481796263,15.214986562728882,76,,,,,0.547167,,3.928850,0.386134
1205,227687,500.0,327.97,,3.8725425481796263,15.214986562728882,76,,,,,0.547167,,3.928850,0.386134
1206,227990,303.0,326.99,,3.8725425481796263,15.214986562728882,76,,,,,0.547167,,3.928850,0.386134
1207,228490,500.0,329.92,,3.8725425481796263,15.214986562728882,76,,,,,0.547167,,3.928850,0.386134
1208,228739,249.0,328.72,,3.8725425481796263,15.214986562728882,76,,,,,0.547167,,3.928850,0.386134
1209,229062,323.0,329.34,,3.8725425481796263,15.214986562728882,76,,,,,0.547167,,3.928850,0.386134
1210,229535,473.0,332.03,,3.8725425481796263,15.214986562728882,76,,,,,0.547167,,3.928850,0.386134
1211,230035,500.0,333.45,,3.8725425481796263,15.214986562728882,76,,,,,0.547167,,3.928850,0.386134
1212,230403,368.0,334.62,,3.8725425481796263,15.214986562728882,76,,,,,0.547167,,3.928850,0.386134
1213,230873,470.0,337.63,,3.8725425481796263,15.214986562728882,76,,,,,0.547167,,3.928850,0.386134
1214,231373,500.0,339.03,,3.8725425481796263,15.214986562728882,76,,,,,0.547167,,3.928850,0.386134
1215,231873,500.0,341.15,,3.8725425481796263,15.214986562728882,76,,,,,0.547167,,3.928850,0.386134
1216,232373,500.0,344.45,,3.7613389110565185,15.556911706924438,77,,,,,0.548158,,3.534601,0.391081
1217,232873,500.0,346.35,,3.7613389110565185,15.556911706924438,77,,,,,0.548158,,3.534601,0.391081
1218,233373,500.0,347.11,,3.7613389110565185,15.556911706924438,77,,,,,0.548158,,3.534601,0.391081
1219,233607,234.0,345.94,,3.7613389110565185,15.556911706924438,77,,,,,0.548158,,3.534601,0.391081
1220,234107,500.0,348.19,,3.7613389110565185,15.556911706924438,77,,,,,0.548158,,3.534601,0.391081
1221,234353,246.0,348.47,,3.7613389110565185,15.556911706924438,77,,,,,0.548158,,3.534601,0.391081
1222,234853,500.0,351.27,,3.7613389110565185,15.55794644355774,77,,,,,0.548158,,3.534601,0.391081
1223,235353,500.0,354.2,,3.7613389110565185,15.55794644355774,77,,,,,0.548158,,3.534601,0.391081
1224,235853,500.0,356.89,,3.7613389110565185,15.55794644355774,77,,,,,0.548158,,3.534601,0.391081
1225,236123,270.0,354.59,,3.7613389110565185,15.55794644355774,77,,,,,0.548158,,3.534601,0.391081
1226,236623,500.0,357.72,,3.7613389110565185,15.55794644355774,77,,,,,0.548158,,3.534601,0.391081
1227,237008,385.0,359.02,,3.7613389110565185,15.55794644355774,77,,,,,0.548158,,3.534601,0.391081
1228,237508,500.0,361.54,,3.7613389110565185,15.55794644355774,77,,,,,0.548158,,3.534601,0.391081
1229,238008,500.0,361.54,,3.7613389110565185,15.55794644355774,77,,,,,0.548158,,3.534601,0.391081
1230,238508,500.0,364.13,,3.7613389110565185,15.55794644355774,77,,,,,0.548158,,3.534601,0.391081
1231,238818,310.0,363.08,,3.7613389110565185,15.55794644355774,77,,,,,0.548158,,3.534601,0.391081
1232,239030,212.0,362.14,,3.6660222744941713,15.930659532546997,78,,,,,0.549612,,3.874796,0.494024
1233,239530,500.0,364.38,,3.6660222744941713,15.930659532546997,78,,,,,0.549612,,3.874796,0.494024
1234,240024,494.0,366.12,,3.6660222744941713,15.930659532546997,78,,,,,0.549612,,3.874796,0.494024
1235,240330,306.0,364.72,,3.6660222744941713,15.930659532546997,78,,,,,0.549612,,3.874796,0.494024
1236,240554,224.0,363.62,,3.6660222744941713,15.930659532546997,78,,,,,0.549612,,3.874796,0.494024
1237,240895,341.0,364.76,,3.6660222744941713,15.930659532546997,78,,,,,0.549612,,3.874796,0.494024
1238,241232,337.0,366.05,,3.6660222744941713,15.930659532546997,78,,,,,0.549612,,3.874796,0.494024
1239,241732,500.0,369.28,,3.6660222744941713,15.930659532546997,78,,,,,0.549612,,3.874796,0.494024
1240,242002,270.0,368.53,,3.6660222744941713,15.930659532546997,78,,,,,0.549612,,3.874796,0.494024
1241,242345,343.0,368.65,,3.6660222744941713,15.930659532546997,78,,,,,0.549612,,3.874796,0.494024
1242,242845,500.0,370.33,,3.6660222744941713,15.930659532546997,78,,,,,0.549612,,3.874796,0.494024
1243,243071,226.0,370.65,,3.6660222744941713,15.930659532546997,78,,,,,0.549612,,3.874796,0.494024
1244,243490,419.0,373.08,,3.6660222744941713,15.930659532546997,78,,,,,0.549612,,3.874796,0.494024
1245,243990,500.0,376.34,,3.6660222744941713,15.930659532546997,78,,,,,0.549612,,3.874796,0.494024
1246,244490,500.0,378.66,,3.6660222744941713,15.930659532546997,78,,,,,0.549612,,3.874796,0.494024
1247,244990,500.0,379.63,,3.6660222744941713,15.930659532546997,78,,,,,0.549612,,3.874796,0.494024
1248,245490,500.0,379.63,,3.566455502510071,16.31708836555481,79,,,,,0.548995,,3.153504,0.483610
1249,245971,481.0,380.13,,3.566455502510071,16.318092107772827,79,,,500.0,0.0,0.548995,,3.153504,0.483610
1250,246471,500.0,380.13,,3.566455502510071,16.318092107772827,79,,,,,0.548995,,3.153504,0.483610
1251,246762,291.0,378.91,,3.566455502510071,16.318092107772827,79,,,,,0.548995,,3.153504,0.483610
1252,247262,500.0,380.23,,3.566455502510071,16.318092107772827,79,,,,,0.548995,,3.153504,0.483610
1253,247762,500.0,380.23,,3.566455502510071,16.318092107772827,79,,,,,0.548995,,3.153504,0.483610
1254,248262,500.0,383.2,,3.566455502510071,16.318092107772827,79,,,,,0.548995,,3.153504,0.483610
1255,248545,283.0,383.16,,3.566455502510071,16.318092107772827,79,,,,,0.548995,,3.153504,0.483610
1256,248876,331.0,383.86,,3.566455502510071,16.318092107772827,79,,,,,0.548995,,3.153504,0.483610
1257,249306,430.0,385.67,,3.566455502510071,16.318092107772827,79,,,,,0.548995,,3.153504,0.483610
1258,249806,500.0,387.71,,3.566455502510071,16.318092107772827,79,,,,,0.548995,,3.153504,0.483610
1259,250022,216.0,386.37,,3.566455502510071,16.318092107772827,79,,,,,0.548995,,3.153504,0.483610
1260,250522,500.0,388.78,,3.566455502510071,16.318092107772827,79,,,,,0.548995,,3.153504,0.483610
1261,251022,500.0,391.15,,3.566455502510071,16.318092107772827,79,,,,,0.548995,,3.153504,0.483610
1262,251522,500.0,394.32,,3.566455502510071,16.318092107772827,79,,,,,0.548995,,3.153504,0.483610
1263,252022,500.0,396.13,,3.566455502510071,16.318092107772827,79,,,,,0.548995,,3.153504,0.483610
1264,252368,346.0,397.28,,3.466126916408539,16.665215492248535,80,,,,,0.549177,,3.024691,0.336973
1265,252868,500.0,400.05,,3.466126916408539,16.665215492248535,80,,,,,0.549177,,3.024691,0.336973
1266,253368,500.0,401.33,,3.466126916408539,16.665215492248535,80,,,,,0.549177,,3.024691,0.336973
1267,253868,500.0,403.06,,3.466126916408539,16.665215492248535,80,,,,,0.549177,,3.024691,0.336973
1268,254368,500.0,403.06,,3.466126916408539,16.665215492248535,80,,,,,0.549177,,3.024691,0.336973
1269,254868,500.0,405.84,,3.466126916408539,16.665215492248535,80,,,,,0.549177,,3.024691,0.336973
1270,255368,500.0,408.44,,3.466126916408539,16.665215492248535,80,,,,,0.549177,,3.024691,0.336973
1271,255868,500.0,411.3,,3.466126916408539,16.665215492248535,80,,,,,0.549177,,3.024691,0.336973
1272,256368,500.0,414.4,,3.466126916408539,16.665215492248535,80,,,,,0.549177,,3.024691,0.336973
1273,256647,279.0,414.58,,3.466126916408539,16.665215492248535,80,,,,,0.549177,,3.024691,0.336973
1274,257096,449.0,415.58,,3.466126916408539,16.665215492248535,80,,,,,0.549177,,3.024691,0.336973
1275,257495,399.0,417.04,,3.466126916408539,16.665215492248535,80,,,,,0.549177,,3.024691,0.336973
1276,257995,500.0,420.0,,3.466126916408539,16.665215492248535,80,,,,,0.549177,,3.024691,0.336973
1277,258495,500.0,420.0,,3.466126916408539,16.665215492248535,80,,,,,0.549177,,3.024691,0.336973
1278,258691,196.0,419.09,,3.466126916408539,16.665215492248535,80,,,,,0.549177,,3.024691,0.336973
1279,259191,500.0,421.04,,3.466126916408539,16.665215492248535,80,,,,,0.549177,,3.024691,0.336973
1280,259691,500.0,421.04,,3.380195837020874,17.02528166770935,81,,,,,0.542454,,2.886496,0.501766
1281,260002,311.0,420.37,,3.380195837020874,17.02528166770935,81,,,,,0.542454,,2.886496,0.501766
1282,260502,500.0,421.33,,3.380195837020874,17.02528166770935,81,,,,,0.542454,,2.886496,0.501766
1283,261002,500.0,421.33,,3.380195837020874,17.02528166770935,81,,,,,0.542454,,2.886496,0.501766
1284,261502,500.0,421.33,,3.380195837020874,17.02528166770935,81,,,,,0.542454,,2.886496,0.501766
1285,261731,229.0,421.07,,3.380195837020874,17.02528166770935,81,,,,,0.542454,,2.886496,0.501766
1286,262231,500.0,423.8,,3.380195837020874,17.02528166770935,81,,,,,0.542454,,2.886496,0.501766
1287,262731,500.0,425.41,,3.380195837020874,17.02528166770935,81,,,,,0.542454,,2.886496,0.501766
1288,263067,336.0,426.04,,3.380195837020874,17.02528166770935,81,,,,,0.542454,,2.886496,0.501766
1289,263505,438.0,425.42,,3.380195837020874,17.02528166770935,81,,,,,0.542454,,2.886496,0.501766
1290,264005,500.0,428.21,,3.380195837020874,17.02528166770935,81,,,,,0.542454,,2.886496,0.501766
1291,264505,500.0,428.21,,3.380195837020874,17.02528166770935,81,,,,,0.542454,,2.886496,0.501766
1292,265005,500.0,430.27,,3.380195837020874,17.02528166770935,81,,,,,0.542454,,2.886496,0.501766
1293,265505,500.0,432.2,,3.380195837020874,17.02528166770935,81,,,,,0.542454,,2.886496,0.501766
1294,266005,500.0,433.63,,3.380195837020874,17.02528166770935,81,,,,,0.542454,,2.886496,0.501766
1295,266264,259.0,431.22,,3.380195837020874,17.02528166770935,81,,,,,0.542454,,2.886496,0.501766
1296,266764,500.0,431.22,,3.2951120281219484,17.384539127349854,82,,,,,0.540563,,2.532931,0.248249
1297,267264,500.0,433.58,,3.2951120281219484,17.385046005249023,82,,,,,0.540563,,2.532931,0.248249
1298,267764,500.0,434.85,,3.2951120281219484,17.385046005249023,82,,,,,0.540563,,2.532931,0.248249
1299,268264,500.0,434.85,,3.2951120281219484,17.385046005249023,82,,,500.0,0.0,0.540563,,2.532931,0.248249
1300,268764,500.0,434.85,,3.2951120281219484,17.385046005249023,82,,,,,0.540563,,2.532931,0.248249
1301,269264,500.0,435.77,,3.2951120281219484,17.385046005249023,82,,,,,0.540563,,2.532931,0.248249
1302,269764,500.0,435.77,,3.2951120281219484,17.385046005249023,82,,,,,0.540563,,2.532931,0.248249
1303,270264,500.0,435.77,,3.2951120281219484,17.385046005249023,82,,,,,0.540563,,2.532931,0.248249
1304,270764,500.0,435.77,,3.2951120281219484,17.385046005249023,82,,,,,0.540563,,2.532931,0.248249
1305,271264,500.0,435.77,,3.2951120281219484,17.385046005249023,82,,,,,0.540563,,2.532931,0.248249
1306,271592,328.0,436.02,,3.2951120281219484,17.385046005249023,82,,,,,0.540563,,2.532931,0.248249
1307,272092,500.0,436.02,,3.2951120281219484,17.385046005249023,82,,,,,0.540563,,2.532931,0.248249
1308,272592,500.0,438.53,,3.2951120281219484,17.385046005249023,82,,,,,0.540563,,2.532931,0.248249
1309,273092,500.0,440.3,,3.2951120281219484,17.385046005249023,82,,,,,0.540563,,2.532931,0.248249
1310,273592,500.0,440.57,,3.2951120281219484,17.385046005249023,82,,,,,0.540563,,2.532931,0.248249
1311,274019,427.0,439.84,,3.2951120281219484,17.385046005249023,82,,,,,0.540563,,2.532931,0.248249
1312,274519,500.0,441.16,,3.203825376033783,17.74152970314026,83,,,,,0.542269,,2.111342,-0.265404
1313,275019,500.0,441.46,,3.203825376033783,17.74152970314026,83,,,,,0.542269,,2.111342,-0.265404
1314,275519,500.0,441.46,,3.203825376033783,17.74152970314026,83,,,,,0.542269,,2.111342,-0.265404
1315,276019,500.0,441.46,,3.203825376033783,17.74152970314026,83,,,,,0.542269,,2.111342,-0.265404
1316,276519,500.0,441.46,,3.203825376033783,17.74152970314026,83,,,,,0.542269,,2.111342,-0.265404
1317,277019,500.0,441.46,,3.203825376033783,17.74152970314026,83,,,,,0.542269,,2.111342,-0.265404
1318,277519,500.0,441.46,,3.203825376033783,17.74152970314026,83,,,,,0.542269,,2.111342,-0.265404
1319,278019,500.0,444.12,,3.203825376033783,17.74152970314026,83,,,,,0.542269,,2.111342,-0.265404
1320,278519,500.0,444.12,,3.203825376033783,17.74152970314026,83,,,,,0.542269,,2.111342,-0.265404
1321,279019,500.0,446.66,,3.203825376033783,17.74152970314026,83,,,,,0.542269,,2.111342,-0.265404
1322,279519,500.0,446.66,,3.203825376033783,17.74152970314026,83,,,,,0.542269,,2.111342,-0.265404
1323,280019,500.0,446.66,,3.203825376033783,17.74152970314026,83,,,,,0.542269,,2.111342,-0.265404
1324,280519,500.0,446.66,,3.203825376033783,17.74152970314026,83,,,,,0.542269,,2.111342,-0.265404
1325,281019,500.0,448.96,,3.203825376033783,17.74152970314026,83,,,,,0.542269,,2.111342,-0.265404
1326,281519,500.0,448.96,,3.203825376033783,17.74152970314026,83,,,,,0.542269,,2.111342,-0.265404
1327,282019,500.0,450.11,,3.203825376033783,17.74152970314026,83,,,,,0.542269,,2.111342,-0.265404
1328,282519,500.0,450.11,,3.119305715560913,18.144265174865723,84,,,,,0.540597,,2.200877,0.321501
1329,282999,480.0,449.91,,3.119305715560913,18.144265174865723,84,,,,,0.540597,,2.200877,0.321501
1330,283499,500.0,449.91,,3.119305715560913,18.144265174865723,84,,,,,0.540597,,2.200877,0.321501
1331,283999,500.0,451.81,,3.119305715560913,18.144265174865723,84,,,,,0.540597,,2.200877,0.321501
1332,284499,500.0,454.69,,3.119305715560913,18.144265174865723,84,,,,,0.540597,,2.200877,0.321501
1333,284999,500.0,454.69,,3.119305715560913,18.144265174865723,84,,,,,0.540597,,2.200877,0.321501
1334,285499,500.0,454.75,,3.119305715560913,18.144265174865723,84,,,,,0.540597,,2.200877,0.321501
1335,285999,500.0,456.69,,3.119305715560913,18.144265174865723,84,,,,,0.540597,,2.200877,0.321501
1336,286496,497.0,459.42,,3.119305715560913,18.144265174865723,84,,,,,0.540597,,2.200877,0.321501
1337,286996,500.0,461.01,,3.119305715560913,18.144265174865723,84,,,,,0.540597,,2.200877,0.321501
1338,287496,500.0,462.64,,3.119305715560913,18.144265174865723,84,,,,,0.540597,,2.200877,0.321501
1339,287996,500.0,462.64,,3.119305715560913,18.144265174865723,84,,,,,0.540597,,2.200877,0.321501
1340,288496,500.0,464.94,,3.119305715560913,18.144265174865723,84,,,,,0.540597,,2.200877,0.321501
1341,288996,500.0,466.51,,3.119305715560913,18.144265174865723,84,,,,,0.540597,,2.200877,0.321501
1342,289496,500.0,466.51,,3.119305715560913,18.144265174865723,84,,,,,0.540597,,2.200877,0.321501
1343,289996,500.0,469.25,,3.119305715560913,18.144265174865723,84,,,,,0.540597,,2.200877,0.321501
1344,290496,500.0,470.06,,3.041552001237869,18.563576221466064,85,,,,,0.534395,,2.108165,0.084324
1345,290996,500.0,470.06,,3.041552001237869,18.563576221466064,85,,,,,0.534395,,2.108165,0.084324
1346,291496,500.0,470.06,,3.041552001237869,18.563576221466064,85,,,,,0.534395,,2.108165,0.084324
1347,291996,500.0,470.06,,3.041552001237869,18.563576221466064,85,,,,,0.534395,,2.108165,0.084324
1348,292496,500.0,470.06,,3.041552001237869,18.563576221466064,85,,,,,0.534395,,2.108165,0.084324
1349,292910,414.0,469.39,,3.041552001237869,18.563576221466064,85,,,500.0,0.0,0.534395,,2.108165,0.084324
1350,293410,500.0,469.39,,3.041552001237869,18.563576221466064,85,,,,,0.534395,,2.108165,0.084324
1351,293910,500.0,471.48,,3.041552001237869,18.563576221466064,85,,,,,0.534395,,2.108165,0.084324
1352,294410,500.0,471.48,,3.041552001237869,18.563576221466064,85,,,,,0.534395,,2.108165,0.084324
1353,294910,500.0,471.48,,3.041552001237869,18.563576221466064,85,,,,,0.534395,,2.108165,0.084324
1354,295410,500.0,471.48,,3.041552001237869,18.563576221466064,85,,,,,0.534395,,2.108165,0.084324
1355,295910,500.0,473.65,,3.041552001237869,18.563576221466064,85,,,,,0.534395,,2.108165,0.084324
1356,296410,500.0,475.34,,3.041552001237869,18.563576221466064,85,,,,,0.534395,,2.108165,0.084324
