episode,total_env_steps,episode_reward,avg_reward_100,epsilon,mean_loss,wall_clock_s,grad_steps,w,lam,eval_mean_reward,eval_std_reward,entropy,beta,value_loss,explained_variance
0,17,17.0,17.0,,22.60615348815918,0.036302804946899414,1,,,,,0.597689,,44.965061,0.563333
1,27,10.0,13.5,,22.60615348815918,0.036302804946899414,1,,,,,0.597689,,44.965061,0.563333
2,40,13.0,13.333333333333334,,22.60615348815918,0.036302804946899414,1,,,,,0.597689,,44.965061,0.563333
3,51,11.0,12.75,,22.60615348815918,0.036302804946899414,1,,,,,0.597689,,44.965061,0.563333
4,83,32.0,16.6,,22.60615348815918,0.036302804946899414,1,,,,,0.597689,,44.965061,0.563333
5,99,16.0,16.5,,22.60615348815918,0.036302804946899414,1,,,,,0.597689,,44.965061,0.563333
6,114,15.0,16.285714285714285,,22.60615348815918,0.037950754165649414,1,,,,,0.597689,,44.965061,0.563333
7,125,11.0,15.625,,22.60615348815918,0.037950754165649414,1,,,,,0.597689,,44.965061,0.563333
8,137,12.0,15.222222222222221,,22.60615348815918,0.037950754165649414,1,,,,,0.597689,,44.965061,0.563333
9,151,14.0,15.1,,22.60615348815918,0.037950754165649414,1,,,,,0.597689,,44.965061,0.563333
10,170,19.0,15.454545454545455,,22.60615348815918,0.037950754165649414,1,,,,,0.597689,,44.965061,0.563333
11,181,11.0,15.083333333333334,,22.60615348815918,0.037950754165649414,1,,,,,0.597689,,44.965061,0.563333
12,190,9.0,14.615384615384615,,22.60615348815918,0.037950754165649414,1,,,,,0.597689,,44.965061,0.563333
13,202,12.0,14.428571428571429,,22.60615348815918,0.037950754165649414,1,,,,,0.597689,,44.965061,0.563333
14,220,18.0,14.666666666666666,,22.60615348815918,0.037950754165649414,1,,,,,0.597689,,44.965061,0.563333
15,247,27.0,15.4375,,22.60615348815918,0.037950754165649414,1,,,,,0.597689,,44.965061,0.563333
16,258,11.0,15.176470588235293,,22.141600608825684,0.07110834121704102,2,,,,,0.613058,,43.134895,0.576718
17,269,11.0,14.944444444444445,,22.141600608825684,0.07110834121704102,2,,,,,0.613058,,43.134895,0.576718
18,281,12.0,14.789473684210526,,22.141600608825684,0.07110834121704102,2,,,,,0.613058,,43.134895,0.576718
19,319,38.0,15.95,,22.141600608825684,0.07110834121704102,2,,,,,0.613058,,43.134895,0.576718
20,337,18.0,16.047619047619047,,22.141600608825684,0.07110834121704102,2,,,,,0.613058,,43.134895,0.576718
21,347,10.0,15.772727272727273,,22.141600608825684,0.07110834121704102,2,,,,,0.613058,,43.134895,0.576718
22,361,14.0,15.695652173913043,,22.141600608825684,0.07110834121704102,2,,,,,0.613058,,43.134895,0.576718
23,371,10.0,15.458333333333334,,22.141600608825684,0.07110834121704102,2,,,,,0.613058,,43.134895,0.576718
24,382,11.0,15.28,,22.141600608825684,0.07110834121704102,2,,,,,0.613058,,43.134895,0.576718
25,396,14.0,15.23076923076923,,22.141600608825684,0.07110834121704102,2,,,,,0.613058,,43.134895,0.576718
26,409,13.0,15.148148148148149,,22.141600608825684,0.07110834121704102,2,,,,,0.613058,,43.134895,0.576718
27,435,26.0,15.535714285714286,,22.141600608825684,0.07110834121704102,2,,,,,0.613058,,43.134895,0.576718
28,449,14.0,15.482758620689655,,22.141600608825684,0.07110834121704102,2,,,,,0.613058,,43.134895,0.576718
29,469,20.0,15.633333333333333,,22.141600608825684,0.07110834121704102,2,,,,,0.613058,,43.134895,0.576718
30,501,32.0,16.161290322580644,,22.141600608825684,0.07110834121704102,2,,,,,0.613058,,43.134895,0.576718
31,515,14.0,16.09375,,22.141600608825684,0.07110834121704102,2,,,,,0.613058,,43.134895,0.576718
32,525,10.0,15.909090909090908,,22.44197654724121,0.0973961353302002,3,,,,,0.628348,,45.881580,0.522942
33,539,14.0,15.852941176470589,,22.44197654724121,0.0973961353302002,3,,,,,0.628348,,45.881580,0.522942
34,548,9.0,15.657142857142857,,22.44197654724121,0.0973961353302002,3,,,,,0.628348,,45.881580,0.522942
35,557,9.0,15.472222222222221,,22.44197654724121,0.0973961353302002,3,,,,,0.628348,,45.881580,0.522942
36,572,15.0,15.45945945945946,,22.44197654724121,0.0973961353302002,3,,,,,0.628348,,45.881580,0.522942
37,582,10.0,15.31578947368421,,22.44197654724121,0.0973961353302002,3,,,,,0.628348,,45.881580,0.522942
38,602,20.0,15.435897435897436,,22.44197654724121,0.0973961353302002,3,,,,,0.628348,,45.881580,0.522942
39,618,16.0,15.45,,22.44197654724121,0.0973961353302002,3,,,,,0.628348,,45.881580,0.522942
40,641,23.0,15.634146341463415,,22.44197654724121,0.0973961353302002,3,,,,,0.628348,,45.881580,0.522942
41,652,11.0,15.523809523809524,,22.44197654724121,0.0973961353302002,3,,,,,0.628348,,45.881580,0.522942
42,664,12.0,15.44186046511628,,22.44197654724121,0.0973961353302002,3,,,,,0.628348,,45.881580,0.522942
43,674,10.0,15.318181818181818,,22.44197654724121,0.0973961353302002,3,,,,,0.628348,,45.881580,0.522942
44,689,15.0,15.311111111111112,,22.44197654724121,0.0973961353302002,3,,,,,0.628348,,45.881580,0.522942
45,703,14.0,15.282608695652174,,22.44197654724121,0.0973961353302002,3,,,,,0.628348,,45.881580,0.522942
46,723,20.0,15.382978723404255,,22.44197654724121,0.0973961353302002,3,,,,,0.628348,,45.881580,0.522942
47,736,13.0,15.333333333333334,,22.44197654724121,0.0973961353302002,3,,,,,0.628348,,45.881580,0.522942
48,748,12.0,15.26530612244898,,22.122251510620117,0.12926149368286133,4,,,,,0.639542,,42.106014,0.622912
49,759,11.0,15.18,,22.122251510620117,0.12926149368286133,4,,,9.2,0.7483314773547882,0.639542,,42.106014,0.622912
50,781,22.0,15.313725490196079,,22.122251510620117,0.12926149368286133,4,,,,,0.639542,,42.106014,0.622912
51,794,13.0,15.26923076923077,,22.122251510620117,0.12926149368286133,4,,,,,0.639542,,42.106014,0.622912
52,820,26.0,15.471698113207546,,22.122251510620117,0.12926149368286133,4,,,,,0.639542,,42.106014,0.622912
53,841,21.0,15.574074074074074,,22.122251510620117,0.12926149368286133,4,,,,,0.639542,,42.106014,0.622912
54,859,18.0,15.618181818181819,,22.122251510620117,0.12926149368286133,4,,,,,0.639542,,42.106014,0.622912
55,873,14.0,15.589285714285714,,22.122251510620117,0.12926149368286133,4,,,,,0.639542,,42.106014,0.622912
56,883,10.0,15.491228070175438,,22.122251510620117,0.12926149368286133,4,,,,,0.639542,,42.106014,0.622912
57,895,12.0,15.431034482758621,,22.122251510620117,0.12926149368286133,4,,,,,0.639542,,42.106014,0.622912
58,920,25.0,15.59322033898305,,22.122251510620117,0.12926149368286133,4,,,,,0.639542,,42.106014,0.622912
59,932,12.0,15.533333333333333,,22.122251510620117,0.12926149368286133,4,,,,,0.639542,,42.106014,0.622912
60,950,18.0,15.573770491803279,,22.122251510620117,0.12926149368286133,4,,,,,0.639542,,42.106014,0.622912
61,962,12.0,15.516129032258064,,22.122251510620117,0.12926149368286133,4,,,,,0.639542,,42.106014,0.622912
62,993,31.0,15.761904761904763,,22.122251510620117,0.12926149368286133,4,,,,,0.639542,,42.106014,0.622912
63,1009,16.0,15.765625,,22.122251510620117,0.12926149368286133,4,,,,,0.639542,,42.106014,0.622912
64,1039,30.0,15.984615384615385,,21.804485702514647,0.16223382949829102,5,,,,,0.645593,,40.865402,0.647934
65,1049,10.0,15.893939393939394,,21.804485702514647,0.16223382949829102,5,,,,,0.645593,,40.865402,0.647934
66,1070,21.0,15.970149253731343,,21.804485702514647,0.16223382949829102,5,,,,,0.645593,,40.865402,0.647934
67,1087,17.0,15.985294117647058,,21.804485702514647,0.16223382949829102,5,,,,,0.645593,,40.865402,0.647934
68,1111,24.0,16.10144927536232,,21.804485702514647,0.16223382949829102,5,,,,,0.645593,,40.865402,0.647934
69,1124,13.0,16.057142857142857,,21.804485702514647,0.16223382949829102,5,,,,,0.645593,,40.865402,0.647934
70,1147,23.0,16.154929577464788,,21.804485702514647,0.16223382949829102,5,,,,,0.645593,,40.865402,0.647934
71,1164,17.0,16.166666666666668,,21.804485702514647,0.16223382949829102,5,,,,,0.645593,,40.865402,0.647934
72,1188,24.0,16.273972602739725,,21.804485702514647,0.16223382949829102,5,,,,,0.645593,,40.865402,0.647934
73,1199,11.0,16.2027027027027,,21.804485702514647,0.16223382949829102,5,,,,,0.645593,,40.865402,0.647934
74,1214,15.0,16.186666666666667,,21.804485702514647,0.16223382949829102,5,,,,,0.645593,,40.865402,0.647934
75,1230,16.0,16.18421052631579,,21.804485702514647,0.16223382949829102,5,,,,,0.645593,,40.865402,0.647934
76,1258,28.0,16.337662337662337,,21.804485702514647,0.16223382949829102,5,,,,,0.645593,,40.865402,0.647934
77,1277,19.0,16.371794871794872,,21.804485702514647,0.16223382949829102,5,,,,,0.645593,,40.865402,0.647934
78,1292,15.0,16.354430379746834,,21.804485702514647,0.16223382949829102,5,,,,,0.645593,,40.865402,0.647934
79,1312,20.0,16.4,,21.804485702514647,0.16223382949829102,5,,,,,0.645593,,40.865402,0.647934
80,1329,17.0,16.40740740740741,,21.499898592631023,0.19020462036132812,6,,,,,0.658542,,39.791584,0.433153
81,1338,9.0,16.317073170731707,,21.499898592631023,0.19020462036132812,6,,,,,0.658542,,39.791584,0.433153
82,1354,16.0,16.313253012048193,,21.499898592631023,0.19020462036132812,6,,,,,0.658542,,39.791584,0.433153
83,1363,9.0,16.226190476190474,,21.499898592631023,0.19020462036132812,6,,,,,0.658542,,39.791584,0.433153
84,1375,12.0,16.176470588235293,,21.499898592631023,0.19020462036132812,6,,,,,0.658542,,39.791584,0.433153
85,1387,12.0,16.127906976744185,,21.499898592631023,0.19020462036132812,6,,,,,0.658542,,39.791584,0.433153
86,1402,15.0,16.114942528735632,,21.499898592631023,0.19020462036132812,6,,,,,0.658542,,39.791584,0.433153
87,1415,13.0,16.079545454545453,,21.499898592631023,0.19020462036132812,6,,,,,0.658542,,39.791584,0.433153
88,1429,14.0,16.0561797752809,,21.499898592631023,0.19020462036132812,6,,,,,0.658542,,39.791584,0.433153
89,1451,22.0,16.122222222222224,,21.499898592631023,0.19020462036132812,6,,,,,0.658542,,39.791584,0.433153
90,1474,23.0,16.197802197802197,,21.499898592631023,0.19020462036132812,6,,,,,0.658542,,39.791584,0.433153
91,1485,11.0,16.141304347826086,,21.499898592631023,0.19020462036132812,6,,,,,0.658542,,39.791584,0.433153
92,1517,32.0,16.311827956989248,,21.499898592631023,0.19020462036132812,6,,,,,0.658542,,39.791584,0.433153
93,1544,27.0,16.425531914893618,,21.499898592631023,0.19020462036132812,6,,,,,0.658542,,39.791584,0.433153
94,1560,16.0,16.42105263157895,,21.499898592631023,0.19020462036132812,6,,,,,0.658542,,39.791584,0.433153
95,1575,15.0,16.40625,,21.499898592631023,0.19020462036132812,6,,,,,0.658542,,39.791584,0.433153
96,1592,17.0,16.412371134020617,,21.042716435023717,0.22936725616455078,7,,,,,0.658120,,36.494236,0.448340
97,1611,19.0,16.43877551020408,,21.042716435023717,0.22936725616455078,7,,,,,0.658120,,36.494236,0.448340
98,1624,13.0,16.404040404040405,,21.042716435023717,0.22993111610412598,7,,,,,0.658120,,36.494236,0.448340
99,1650,26.0,16.5,,21.042716435023717,0.22993111610412598,7,,,9.2,0.7483314773547882,0.658120,,36.494236,0.448340
100,1691,41.0,16.74,,21.042716435023717,0.23046302795410156,7,,,,,0.658120,,36.494236,0.448340
101,1746,55.0,17.19,,21.042716435023717,0.23046302795410156,7,,,,,0.658120,,36.494236,0.448340
102,1761,15.0,17.21,,21.042716435023717,0.23046302795410156,7,,,,,0.658120,,36.494236,0.448340
103,1775,14.0,17.24,,21.042716435023717,0.23046302795410156,7,,,,,0.658120,,36.494236,0.448340
104,1792,17.0,17.09,,21.042716435023717,0.23046302795410156,7,,,,,0.658120,,36.494236,0.448340
105,1808,16.0,17.09,,21.042716435023717,0.23046302795410156,7,,,,,0.658120,,36.494236,0.448340
106,1829,21.0,17.15,,21.042716435023717,0.23046302795410156,7,,,,,0.658120,,36.494236,0.448340
107,1839,10.0,17.14,,21.042716435023717,0.23046302795410156,7,,,,,0.658120,,36.494236,0.448340
108,1851,12.0,17.14,,21.042716435023717,0.23046302795410156,7,,,,,0.658120,,36.494236,0.448340
109,1866,15.0,17.15,,21.042716435023717,0.23046302795410156,7,,,,,0.658120,,36.494236,0.448340
110,1883,17.0,17.13,,21.042716435023717,0.23046302795410156,7,,,,,0.658120,,36.494236,0.448340
111,1897,14.0,17.16,,21.042716435023717,0.23046302795410156,7,,,,,0.658120,,36.494236,0.448340
112,1916,19.0,17.26,,20.36543869972229,0.2814455032348633,8,,,,,0.663824,,31.200752,0.363660
113,1934,18.0,17.32,,20.36543869972229,0.28244709968566895,8,,,,,0.663824,,31.200752,0.363660
114,1949,15.0,17.29,,20.36543869972229,0.28244709968566895,8,,,,,0.663824,,31.200752,0.363660
115,1966,17.0,17.19,,20.36543869972229,0.28244709968566895,8,,,,,0.663824,,31.200752,0.363660
116,1995,29.0,17.37,,20.36543869972229,0.28244709968566895,8,,,,,0.663824,,31.200752,0.363660
117,2007,12.0,17.38,,20.36543869972229,0.28244709968566895,8,,,,,0.663824,,31.200752,0.363660
118,2023,16.0,17.42,,20.36543869972229,0.28244709968566895,8,,,,,0.663824,,31.200752,0.363660
119,2041,18.0,17.22,,20.36543869972229,0.28244709968566895,8,,,,,0.663824,,31.200752,0.363660
120,2054,13.0,17.17,,20.36543869972229,0.28244709968566895,8,,,,,0.663824,,31.200752,0.363660
121,2070,16.0,17.23,,20.36543869972229,0.28244709968566895,8,,,,,0.663824,,31.200752,0.363660
122,2086,16.0,17.25,,20.36543869972229,0.28244709968566895,8,,,,,0.663824,,31.200752,0.363660
123,2099,13.0,17.28,,20.36543869972229,0.28244709968566895,8,,,,,0.663824,,31.200752,0.363660
124,2108,9.0,17.26,,20.36543869972229,0.28244709968566895,8,,,,,0.663824,,31.200752,0.363660
125,2122,14.0,17.26,,20.36543869972229,0.28244709968566895,8,,,,,0.663824,,31.200752,0.363660
126,2150,28.0,17.41,,20.36543869972229,0.28244709968566895,8,,,,,0.663824,,31.200752,0.363660
127,2258,108.0,18.23,,20.36543869972229,0.28244709968566895,8,,,,,0.663824,,31.200752,0.363660
128,2270,12.0,18.21,,19.817064073350693,0.32656335830688477,9,,,,,0.667291,,30.788847,0.522235
129,2281,11.0,18.12,,19.817064073350693,0.32656335830688477,9,,,,,0.667291,,30.788847,0.522235
130,2296,15.0,17.95,,19.817064073350693,0.32656335830688477,9,,,,,0.667291,,30.788847,0.522235
131,2319,23.0,18.04,,19.817064073350693,0.32656335830688477,9,,,,,0.667291,,30.788847,0.522235
132,2358,39.0,18.33,,19.817064073350693,0.32656335830688477,9,,,,,0.667291,,30.788847,0.522235
133,2370,12.0,18.31,,19.817064073350693,0.32656335830688477,9,,,,,0.667291,,30.788847,0.522235
134,2394,24.0,18.46,,19.817064073350693,0.32656335830688477,9,,,,,0.667291,,30.788847,0.522235
135,2407,13.0,18.5,,19.817064073350693,0.32656335830688477,9,,,,,0.667291,,30.788847,0.522235
136,2478,71.0,19.06,,19.817064073350693,0.32656335830688477,9,,,,,0.667291,,30.788847,0.522235
137,2492,14.0,19.1,,19.817064073350693,0.32656335830688477,9,,,,,0.667291,,30.788847,0.522235
138,2505,13.0,19.03,,19.817064073350693,0.32656335830688477,9,,,,,0.667291,,30.788847,0.522235
139,2531,26.0,19.13,,19.817064073350693,0.32656335830688477,9,,,,,0.667291,,30.788847,0.522235
140,2542,11.0,19.01,,19.817064073350693,0.32656335830688477,9,,,,,0.667291,,30.788847,0.522235
141,2592,50.0,19.4,,19.817064073350693,0.32656335830688477,9,,,,,0.667291,,30.788847,0.522235
142,2620,28.0,19.56,,19.817064073350693,0.32656335830688477,9,,,,,0.667291,,30.788847,0.522235
143,2653,33.0,19.79,,19.817064073350693,0.32656335830688477,9,,,,,0.667291,,30.788847,0.522235
144,2689,36.0,20.0,,19.379952907562256,0.36663222312927246,10,,,,,0.673057,,30.821009,0.220500
145,2709,20.0,20.06,,19.379952907562256,0.36663222312927246,10,,,,,0.673057,,30.821009,0.220500
146,2750,41.0,20.27,,19.379952907562256,0.36663222312927246,10,,,,,0.673057,,30.821009,0.220500
147,2796,46.0,20.6,,19.379952907562256,0.36663222312927246,10,,,,,0.673057,,30.821009,0.220500
148,2859,63.0,21.11,,19.379952907562256,0.36663222312927246,10,,,,,0.673057,,30.821009,0.220500
149,2882,23.0,21.23,,19.379952907562256,0.36663222312927246,10,,,9.2,0.7483314773547882,0.673057,,30.821009,0.220500
150,2915,33.0,21.34,,19.379952907562256,0.36663222312927246,10,,,,,0.673057,,30.821009,0.220500
151,2929,14.0,21.35,,19.379952907562256,0.36663222312927246,10,,,,,0.673057,,30.821009,0.220500
152,2945,16.0,21.25,,19.379952907562256,0.36663222312927246,10,,,,,0.673057,,30.821009,0.220500
153,2959,14.0,21.18,,19.379952907562256,0.36663222312927246,10,,,,,0.673057,,30.821009,0.220500
154,2979,20.0,21.2,,19.379952907562256,0.36663222312927246,10,,,,,0.673057,,30.821009,0.220500
155,2994,15.0,21.21,,19.379952907562256,0.36663222312927246,10,,,,,0.673057,,30.821009,0.220500
156,3009,15.0,21.26,,19.379952907562256,0.36663222312927246,10,,,,,0.673057,,30.821009,0.220500
157,3029,20.0,21.34,,19.379952907562256,0.36663222312927246,10,,,,,0.673057,,30.821009,0.220500
158,3054,25.0,21.34,,19.379952907562256,0.36663222312927246,10,,,,,0.673057,,30.821009,0.220500
159,3068,14.0,21.36,,19.379952907562256,0.36663222312927246,10,,,,,0.673057,,30.821009,0.220500
160,3080,12.0,21.3,,19.013001268560235,0.40902256965637207,11,,,,,0.672047,,30.661024,0.415122
161,3139,59.0,21.77,,19.013001268560235,0.4100229740142822,11,,,,,0.672047,,30.661024,0.415122
162,3152,13.0,21.59,,19.013001268560235,0.4100229740142822,11,,,,,0.672047,,30.661024,0.415122
163,3166,14.0,21.57,,19.013001268560235,0.4100229740142822,11,,,,,0.672047,,30.661024,0.415122
164,3203,37.0,21.64,,19.013001268560235,0.4100229740142822,11,,,,,0.672047,,30.661024,0.415122
165,3218,15.0,21.69,,19.013001268560235,0.4100229740142822,11,,,,,0.672047,,30.661024,0.415122
166,3233,15.0,21.63,,19.013001268560235,0.4100229740142822,11,,,,,0.672047,,30.661024,0.415122
167,3269,36.0,21.82,,19.013001268560235,0.4100229740142822,11,,,,,0.672047,,30.661024,0.415122
168,3316,47.0,22.05,,19.013001268560235,0.4100229740142822,11,,,,,0.672047,,30.661024,0.415122
169,3339,23.0,22.15,,19.013001268560235,0.4100229740142822,11,,,,,0.672047,,30.661024,0.415122
170,3360,21.0,22.13,,19.013001268560235,0.4100229740142822,11,,,,,0.672047,,30.661024,0.415122
171,3398,38.0,22.34,,19.013001268560235,0.4100229740142822,11,,,,,0.672047,,30.661024,0.415122
172,3414,16.0,22.26,,19.013001268560235,0.4100229740142822,11,,,,,0.672047,,30.661024,0.415122
173,3429,15.0,22.3,,19.013001268560235,0.4100229740142822,11,,,,,0.672047,,30.661024,0.415122
174,3454,25.0,22.4,,19.013001268560235,0.4100229740142822,11,,,,,0.672047,,30.661024,0.415122
175,3469,15.0,22.39,,19.013001268560235,0.4100229740142822,11,,,,,0.672047,,30.661024,0.415122
176,3494,25.0,22.36,,18.546982367833454,0.46660900115966797,12,,,,,0.677877,,26.826977,0.278922
177,3514,20.0,22.37,,18.546982367833454,0.46660900115966797,12,,,,,0.677877,,26.826977,0.278922
178,3530,16.0,22.38,,18.546982367833454,0.46660900115966797,12,,,,,0.677877,,26.826977,0.278922
179,3550,20.0,22.38,,18.546982367833454,0.46660900115966797,12,,,,,0.677877,,26.826977,0.278922
180,3666,116.0,23.37,,18.546982367833454,0.46660900115966797,12,,,,,0.677877,,26.826977,0.278922
181,3686,20.0,23.48,,18.546982367833454,0.46660900115966797,12,,,,,0.677877,,26.826977,0.278922
182,3697,11.0,23.43,,18.546982367833454,0.46660900115966797,12,,,,,0.677877,,26.826977,0.278922
183,3718,21.0,23.55,,18.546982367833454,0.46660900115966797,12,,,,,0.677877,,26.826977,0.278922
184,3755,37.0,23.8,,18.546982367833454,0.46660900115966797,12,,,,,0.677877,,26.826977,0.278922
185,3766,11.0,23.79,,18.546982367833454,0.46660900115966797,12,,,,,0.677877,,26.826977,0.278922
186,3794,28.0,23.92,,18.546982367833454,0.46660900115966797,12,,,,,0.677877,,26.826977,0.278922
187,3839,45.0,24.24,,18.546982367833454,0.46660900115966797,12,,,,,0.677877,,26.826977,0.278922
188,3862,23.0,24.33,,18.546982367833454,0.46660900115966797,12,,,,,0.677877,,26.826977,0.278922
189,3876,14.0,24.25,,18.546982367833454,0.46660900115966797,12,,,,,0.677877,,26.826977,0.278922
190,3922,46.0,24.48,,18.546982367833454,0.46660900115966797,12,,,,,0.677877,,26.826977,0.278922
191,3952,30.0,24.67,,18.546982367833454,0.46660900115966797,12,,,,,0.677877,,26.826977,0.278922
192,3976,24.0,24.59,,18.35007564838116,0.5097553730010986,13,,,,,0.680866,,31.963367,0.109786
193,4002,26.0,24.58,,18.35007564838116,0.5097553730010986,13,,,,,0.680866,,31.963367,0.109786
194,4016,14.0,24.56,,18.35007564838116,0.5097553730010986,13,,,,,0.680866,,31.963367,0.109786
195,4034,18.0,24.59,,18.35007564838116,0.5097553730010986,13,,,,,0.680866,,31.963367,0.109786
196,4050,16.0,24.58,,18.35007564838116,0.5097553730010986,13,,,,,0.680866,,31.963367,0.109786
197,4070,20.0,24.59,,18.35007564838116,0.5097553730010986,13,,,,,0.680866,,31.963367,0.109786
198,4092,22.0,24.68,,18.35007564838116,0.5097553730010986,13,,,,,0.680866,,31.963367,0.109786
199,4104,12.0,24.54,,18.35007564838116,0.5097553730010986,13,,,32.4,1.8547236990991407,0.680866,,31.963367,0.109786
200,4120,16.0,24.29,,18.35007564838116,0.5097553730010986,13,,,,,0.680866,,31.963367,0.109786
201,4193,73.0,24.47,,18.35007564838116,0.5097553730010986,13,,,,,0.680866,,31.963367,0.109786
202,4214,21.0,24.53,,18.35007564838116,0.5097553730010986,13,,,,,0.680866,,31.963367,0.109786
203,4227,13.0,24.52,,18.35007564838116,0.5097553730010986,13,,,,,0.680866,,31.963367,0.109786
204,4256,29.0,24.64,,18.35007564838116,0.5097553730010986,13,,,,,0.680866,,31.963367,0.109786
205,4274,18.0,24.66,,18.35007564838116,0.5097553730010986,13,,,,,0.680866,,31.963367,0.109786
206,4295,21.0,24.66,,18.35007564838116,0.5097553730010986,13,,,,,0.680866,,31.963367,0.109786
207,4312,17.0,24.73,,18.35007564838116,0.5097553730010986,13,,,,,0.680866,,31.963367,0.109786
208,4337,25.0,24.86,,17.928132942744664,0.5957016944885254,14,,,,,0.677606,,24.906179,0.401499
209,4403,66.0,25.37,,17.928132942744664,0.5967018604278564,14,,,,,0.677606,,24.906179,0.401499
210,4448,45.0,25.65,,17.928132942744664,0.5967018604278564,14,,,,,0.677606,,24.906179,0.401499
211,4481,33.0,25.84,,17.928132942744664,0.5967018604278564,14,,,,,0.677606,,24.906179,0.401499
212,4590,109.0,26.74,,17.928132942744664,0.5967018604278564,14,,,,,0.677606,,24.906179,0.401499
213,4614,24.0,26.8,,17.928132942744664,0.5967018604278564,14,,,,,0.677606,,24.906179,0.401499
214,4624,10.0,26.75,,17.928132942744664,0.5967018604278564,14,,,,,0.677606,,24.906179,0.401499
215,4635,11.0,26.69,,17.928132942744664,0.5967018604278564,14,,,,,0.677606,,24.906179,0.401499
216,4655,20.0,26.6,,17.928132942744664,0.5967018604278564,14,,,,,0.677606,,24.906179,0.401499
217,4676,21.0,26.69,,17.928132942744664,0.5967018604278564,14,,,,,0.677606,,24.906179,0.401499
218,4689,13.0,26.66,,17.928132942744664,0.5967018604278564,14,,,,,0.677606,,24.906179,0.401499
219,4733,44.0,26.92,,17.928132942744664,0.5967018604278564,14,,,,,0.677606,,24.906179,0.401499
220,4756,23.0,27.02,,17.928132942744664,0.5967018604278564,14,,,,,0.677606,,24.906179,0.401499
221,4794,38.0,27.24,,17.928132942744664,0.5967018604278564,14,,,,,0.677606,,24.906179,0.401499
222,4811,17.0,27.25,,17.928132942744664,0.5967018604278564,14,,,,,0.677606,,24.906179,0.401499
223,4849,38.0,27.5,,17.928132942744664,0.5967018604278564,14,,,,,0.677606,,24.906179,0.401499
224,4873,24.0,27.65,,17.619954681396486,0.6548213958740234,15,,,,,0.682037,,26.631594,0.224172
225,4882,9.0,27.6,,17.619954681396486,0.6548213958740234,15,,,,,0.682037,,26.631594,0.224172
226,4931,49.0,27.81,,17.619954681396486,0.6548213958740234,15,,,,,0.682037,,26.631594,0.224172
227,4970,39.0,27.12,,17.619954681396486,0.6548213958740234,15,,,,,0.682037,,26.631594,0.224172
228,4983,13.0,27.13,,17.619954681396486,0.6548213958740234,15,,,,,0.682037,,26.631594,0.224172
229,5003,20.0,27.22,,17.619954681396486,0.6548213958740234,15,,,,,0.682037,,26.631594,0.224172
230,5070,67.0,27.74,,17.619954681396486,0.6548213958740234,15,,,,,0.682037,,26.631594,0.224172
231,5117,47.0,27.98,,17.619954681396486,0.6548213958740234,15,,,,,0.682037,,26.631594,0.224172
232,5130,13.0,27.72,,17.619954681396486,0.6548213958740234,15,,,,,0.682037,,26.631594,0.224172
233,5164,34.0,27.94,,17.619954681396486,0.6548213958740234,15,,,,,0.682037,,26.631594,0.224172
234,5186,22.0,27.92,,17.619954681396486,0.6548213958740234,15,,,,,0.682037,,26.631594,0.224172
235,5201,15.0,27.94,,17.619954681396486,0.6548213958740234,15,,,,,0.682037,,26.631594,0.224172
236,5217,16.0,27.39,,17.619954681396486,0.6548213958740234,15,,,,,0.682037,,26.631594,0.224172
237,5259,42.0,27.67,,17.619954681396486,0.6548213958740234,15,,,,,0.682037,,26.631594,0.224172
238,5272,13.0,27.67,,17.619954681396486,0.6548213958740234,15,,,,,0.682037,,26.631594,0.224172
239,5287,15.0,27.56,,17.619954681396486,0.6548213958740234,15,,,,,0.682037,,26.631594,0.224172
240,5305,18.0,27.63,,17.281461119651794,0.7179934978485107,16,,,,,0.682047,,24.444702,0.175942
241,5337,32.0,27.45,,17.281461119651794,0.7179934978485107,16,,,,,0.682047,,24.444702,0.175942
242,5408,71.0,27.88,,17.281461119651794,0.7179934978485107,16,,,,,0.682047,,24.444702,0.175942
243,5440,32.0,27.87,,17.281461119651794,0.7179934978485107,16,,,,,0.682047,,24.444702,0.175942
244,5455,15.0,27.66,,17.281461119651794,0.7179934978485107,16,,,,,0.682047,,24.444702,0.175942
245,5527,72.0,28.18,,17.281461119651794,0.7179934978485107,16,,,,,0.682047,,24.444702,0.175942
246,5552,25.0,28.02,,17.281461119651794,0.7179934978485107,16,,,,,0.682047,,24.444702,0.175942
247,5571,19.0,27.75,,17.281461119651794,0.7179934978485107,16,,,,,0.682047,,24.444702,0.175942
248,5583,12.0,27.24,,17.281461119651794,0.7179934978485107,16,,,,,0.682047,,24.444702,0.175942
249,5601,18.0,27.19,,17.281461119651794,0.7179934978485107,16,,,77.2,3.4871191548325386,0.682047,,24.444702,0.175942
250,5613,12.0,26.98,,17.281461119651794,0.7179934978485107,16,,,,,0.682047,,24.444702,0.175942
251,5638,25.0,27.09,,17.281461119651794,0.718998908996582,16,,,,,0.682047,,24.444702,0.175942
252,5686,48.0,27.41,,17.281461119651794,0.718998908996582,16,,,,,0.682047,,24.444702,0.175942
253,5749,63.0,27.9,,17.281461119651794,0.718998908996582,16,,,,,0.682047,,24.444702,0.175942
254,5815,66.0,28.36,,17.281461119651794,0.718998908996582,16,,,,,0.682047,,24.444702,0.175942
255,5838,23.0,28.44,,17.281461119651794,0.718998908996582,16,,,,,0.682047,,24.444702,0.175942
256,5859,21.0,28.5,,17.239017262178308,0.7536880970001221,17,,,,,0.670127,,33.145382,0.350256
257,5868,9.0,28.39,,17.239017262178308,0.7536880970001221,17,,,,,0.670127,,33.145382,0.350256
258,5886,18.0,28.32,,17.239017262178308,0.7536880970001221,17,,,,,0.670127,,33.145382,0.350256
259,5899,13.0,28.31,,17.239017262178308,0.7536880970001221,17,,,,,0.670127,,33.145382,0.350256
260,5922,23.0,28.42,,17.239017262178308,0.7536880970001221,17,,,,,0.670127,,33.145382,0.350256
261,5933,11.0,27.94,,17.239017262178308,0.7536880970001221,17,,,,,0.670127,,33.145382,0.350256
262,5962,29.0,28.1,,17.239017262178308,0.7536880970001221,17,,,,,0.670127,,33.145382,0.350256
263,5980,18.0,28.14,,17.239017262178308,0.7536880970001221,17,,,,,0.670127,,33.145382,0.350256
264,5998,18.0,27.95,,17.239017262178308,0.7536880970001221,17,,,,,0.670127,,33.145382,0.350256
265,6030,32.0,28.12,,17.239017262178308,0.7536880970001221,17,,,,,0.670127,,33.145382,0.350256
266,6058,28.0,28.25,,17.239017262178308,0.7536880970001221,17,,,,,0.670127,,33.145382,0.350256
267,6069,11.0,28.0,,17.239017262178308,0.7536880970001221,17,,,,,0.670127,,33.145382,0.350256
268,6094,25.0,27.78,,17.239017262178308,0.7536880970001221,17,,,,,0.670127,,33.145382,0.350256
269,6109,15.0,27.7,,17.239017262178308,0.7536880970001221,17,,,,,0.670127,,33.145382,0.350256
270,6124,15.0,27.64,,17.239017262178308,0.7536880970001221,17,,,,,0.670127,,33.145382,0.350256
271,6136,12.0,27.38,,17.239017262178308,0.7536880970001221,17,,,,,0.670127,,33.145382,0.350256
272,6151,15.0,27.37,,16.979859246148003,0.8059608936309814,18,,,,,0.675229,,25.216278,0.246323
273,6171,20.0,27.42,,16.979859246148003,0.8059608936309814,18,,,,,0.675229,,25.216278,0.246323
274,6191,20.0,27.37,,16.979859246148003,0.8059608936309814,18,,,,,0.675229,,25.216278,0.246323
275,6220,29.0,27.51,,16.979859246148003,0.8059608936309814,18,,,,,0.675229,,25.216278,0.246323
276,6235,15.0,27.41,,16.979859246148003,0.8059608936309814,18,,,,,0.675229,,25.216278,0.246323
277,6290,55.0,27.76,,16.979859246148003,0.8059608936309814,18,,,,,0.675229,,25.216278,0.246323
278,6314,24.0,27.84,,16.979859246148003,0.8059608936309814,18,,,,,0.675229,,25.216278,0.246323
279,6349,35.0,27.99,,16.979859246148003,0.8059608936309814,18,,,,,0.675229,,25.216278,0.246323
280,6398,49.0,27.32,,16.979859246148003,0.8059608936309814,18,,,,,0.675229,,25.216278,0.246323
281,6422,24.0,27.36,,16.979859246148003,0.8059608936309814,18,,,,,0.675229,,25.216278,0.246323
282,6458,36.0,27.61,,16.979859246148003,0.8059608936309814,18,,,,,0.675229,,25.216278,0.246323
283,6477,19.0,27.59,,16.979859246148003,0.8059608936309814,18,,,,,0.675229,,25.216278,0.246323
284,6508,31.0,27.53,,16.979859246148003,0.8059608936309814,18,,,,,0.675229,,25.216278,0.246323
285,6527,19.0,27.61,,16.979859246148003,0.8059608936309814,18,,,,,0.675229,,25.216278,0.246323
286,6597,70.0,28.03,,16.979859246148003,0.8059608936309814,18,,,,,0.675229,,25.216278,0.246323
287,6671,74.0,28.32,,16.979859246148003,0.8059608936309814,18,,,,,0.675229,,25.216278,0.246323
288,6775,104.0,29.13,,16.636479829487048,0.8667538166046143,19,,,,,0.675848,,20.983301,0.030064
289,6820,45.0,29.44,,16.636479829487048,0.8667538166046143,19,,,,,0.675848,,20.983301,0.030064
290,6893,73.0,29.71,,16.636479829487048,0.8667538166046143,19,,,,,0.675848,,20.983301,0.030064
291,6941,48.0,29.89,,16.636479829487048,0.8667538166046143,19,,,,,0.675848,,20.983301,0.030064
292,6973,32.0,29.97,,16.636479829487048,0.8667538166046143,19,,,,,0.675848,,20.983301,0.030064
293,7072,99.0,30.7,,16.636479829487048,0.8667538166046143,19,,,,,0.675848,,20.983301,0.030064
294,7096,24.0,30.8,,16.636479829487048,0.8667538166046143,19,,,,,0.675848,,20.983301,0.030064
295,7128,32.0,30.94,,16.636479829487048,0.8667538166046143,19,,,,,0.675848,,20.983301,0.030064
296,7161,33.0,31.11,,16.636479829487048,0.8667538166046143,19,,,,,0.675848,,20.983301,0.030064
297,7182,21.0,31.12,,16.636479829487048,0.8667538166046143,19,,,,,0.675848,,20.983301,0.030064
298,7204,22.0,31.12,,16.636479829487048,0.8667538166046143,19,,,,,0.675848,,20.983301,0.030064
299,7240,36.0,31.36,,16.636479829487048,0.8667538166046143,19,,,161.2,25.474693324945054,0.675848,,20.983301,0.030064
300,7283,43.0,31.63,,16.636479829487048,0.8667538166046143,19,,,,,0.675848,,20.983301,0.030064
301,7329,46.0,31.36,,16.636479829487048,0.8667538166046143,19,,,,,0.675848,,20.983301,0.030064
302,7345,16.0,31.31,,16.636479829487048,0.8667538166046143,19,,,,,0.675848,,20.983301,0.030064
303,7387,42.0,31.6,,16.636479829487048,0.8667538166046143,19,,,,,0.675848,,20.983301,0.030064
304,7429,42.0,31.73,,16.38086919784546,0.9299850463867188,20,,,,,0.669821,,23.137022,0.264522
305,7460,31.0,31.86,,16.38086919784546,0.9299850463867188,20,,,,,0.669821,,23.137022,0.264522
306,7494,34.0,31.99,,16.38086919784546,0.9299850463867188,20,,,,,0.669821,,23.137022,0.264522
307,7507,13.0,31.95,,16.38086919784546,0.9299850463867188,20,,,,,0.669821,,23.137022,0.264522
308,7532,25.0,31.95,,16.38086919784546,0.9299850463867188,20,,,,,0.669821,,23.137022,0.264522
309,7549,17.0,31.46,,16.38086919784546,0.9299850463867188,20,,,,,0.669821,,23.137022,0.264522
310,7570,21.0,31.22,,16.38086919784546,0.9299850463867188,20,,,,,0.669821,,23.137022,0.264522
311,7622,52.0,31.41,,16.38086919784546,0.9299850463867188,20,,,,,0.669821,,23.137022,0.264522
312,7634,12.0,30.44,,16.38086919784546,0.9299850463867188,20,,,,,0.669821,,23.137022,0.264522
313,7647,13.0,30.33,,16.38086919784546,0.9299850463867188,20,,,,,0.669821,,23.137022,0.264522
314,7664,17.0,30.4,,16.38086919784546,0.9299850463867188,20,,,,,0.669821,,23.137022,0.264522
315,7680,16.0,30.45,,16.38086919784546,0.9299850463867188,20,,,,,0.669821,,23.137022,0.264522
316,7812,132.0,31.57,,16.38086919784546,0.9299850463867188,20,,,,,0.669821,,23.137022,0.264522
317,7859,47.0,31.83,,16.38086919784546,0.9299850463867188,20,,,,,0.669821,,23.137022,0.264522
318,7885,26.0,31.96,,16.38086919784546,0.9299850463867188,20,,,,,0.669821,,23.137022,0.264522
319,7899,14.0,31.66,,16.38086919784546,0.9299850463867188,20,,,,,0.669821,,23.137022,0.264522
320,7942,43.0,31.86,,16.057757740929013,1.0175182819366455,21,,,,,0.668568,,19.273777,0.082199
321,7981,39.0,31.87,,16.057757740929013,1.0175182819366455,21,,,,,0.668568,,19.273777,0.082199
322,8055,74.0,32.44,,16.057757740929013,1.0175182819366455,21,,,,,0.668568,,19.273777,0.082199
323,8098,43.0,32.49,,16.057757740929013,1.0175182819366455,21,,,,,0.668568,,19.273777,0.082199
324,8134,36.0,32.61,,16.057757740929013,1.0175182819366455,21,,,,,0.668568,,19.273777,0.082199
325,8277,143.0,33.95,,16.057757740929013,1.0175182819366455,21,,,,,0.668568,,19.273777,0.082199
326,8329,52.0,33.98,,16.057757740929013,1.0175182819366455,21,,,,,0.668568,,19.273777,0.082199
327,8352,23.0,33.82,,16.057757740929013,1.0175182819366455,21,,,,,0.668568,,19.273777,0.082199
328,8374,22.0,33.91,,16.057757740929013,1.0175182819366455,21,,,,,0.668568,,19.273777,0.082199
329,8439,65.0,34.36,,16.057757740929013,1.0175182819366455,21,,,,,0.668568,,19.273777,0.082199
330,8495,56.0,34.25,,16.057757740929013,1.0175182819366455,21,,,,,0.668568,,19.273777,0.082199
331,8522,27.0,34.05,,16.057757740929013,1.0175182819366455,21,,,,,0.668568,,19.273777,0.082199
332,8537,15.0,34.07,,16.057757740929013,1.0175182819366455,21,,,,,0.668568,,19.273777,0.082199
333,8581,44.0,34.17,,16.057757740929013,1.0175182819366455,21,,,,,0.668568,,19.273777,0.082199
334,8597,16.0,34.11,,16.057757740929013,1.0175182819366455,21,,,,,0.668568,,19.273777,0.082199
335,8612,15.0,34.11,,16.057757740929013,1.0175182819366455,21,,,,,0.668568,,19.273777,0.082199
336,8645,33.0,34.28,,15.734086123379795,1.1075005531311035,22,,,,,0.664605,,17.952660,0.250641
337,8675,30.0,34.16,,15.734086123379795,1.1075005531311035,22,,,,,0.664605,,17.952660,0.250641
338,8690,15.0,34.18,,15.734086123379795,1.1075005531311035,22,,,,,0.664605,,17.952660,0.250641
339,8836,146.0,35.49,,15.734086123379795,1.1075005531311035,22,,,,,0.664605,,17.952660,0.250641
340,8883,47.0,35.78,,15.734086123379795,1.1075005531311035,22,,,,,0.664605,,17.952660,0.250641
341,8905,22.0,35.68,,15.734086123379795,1.1075005531311035,22,,,,,0.664605,,17.952660,0.250641
342,8959,54.0,35.51,,15.734086123379795,1.1075005531311035,22,,,,,0.664605,,17.952660,0.250641
343,9009,50.0,35.69,,15.734086123379795,1.1075005531311035,22,,,,,0.664605,,17.952660,0.250641
344,9032,23.0,35.77,,15.734086123379795,1.1075005531311035,22,,,,,0.664605,,17.952660,0.250641
345,9057,25.0,35.3,,15.734086123379795,1.1075005531311035,22,,,,,0.664605,,17.952660,0.250641
346,9112,55.0,35.6,,15.734086123379795,1.1075005531311035,22,,,,,0.664605,,17.952660,0.250641
347,9154,42.0,35.83,,15.734086123379795,1.1075005531311035,22,,,,,0.664605,,17.952660,0.250641
348,9263,109.0,36.8,,15.734086123379795,1.1075005531311035,22,,,,,0.664605,,17.952660,0.250641
349,9321,58.0,37.2,,15.734086123379795,1.1075005531311035,22,,,358.4,116.32643723590954,0.664605,,17.952660,0.250641
350,9344,23.0,37.31,,15.734086123379795,1.1075005531311035,22,,,,,0.664605,,17.952660,0.250641
351,9389,45.0,37.51,,15.734086123379795,1.1075005531311035,22,,,,,0.664605,,17.952660,0.250641
352,9404,15.0,37.18,,15.412012431932533,1.215376853942871,23,,,,,0.663539,,16.731514,-0.001778
353,9426,22.0,36.77,,15.412012431932533,1.215376853942871,23,,,,,0.663539,,16.731514,-0.001778
354,9479,53.0,36.64,,15.412012431932533,1.215376853942871,23,,,,,0.663539,,16.731514,-0.001778
355,9548,69.0,37.1,,15.412012431932533,1.215376853942871,23,,,,,0.663539,,16.731514,-0.001778
356,9666,118.0,38.07,,15.412012431932533,1.215376853942871,23,,,,,0.663539,,16.731514,-0.001778
357,9676,10.0,38.08,,15.412012431932533,1.215376853942871,23,,,,,0.663539,,16.731514,-0.001778
358,9719,43.0,38.33,,15.412012431932533,1.215376853942871,23,,,,,0.663539,,16.731514,-0.001778
359,9746,27.0,38.47,,15.412012431932533,1.215376853942871,23,,,,,0.663539,,16.731514,-0.001778
360,9763,17.0,38.41,,15.412012431932533,1.215376853942871,23,,,,,0.663539,,16.731514,-0.001778
361,9825,62.0,38.92,,15.412012431932533,1.215376853942871,23,,,,,0.663539,,16.731514,-0.001778
362,9866,41.0,39.04,,15.412012431932533,1.215376853942871,23,,,,,0.663539,,16.731514,-0.001778
363,10032,166.0,40.52,,15.412012431932533,1.215376853942871,23,,,,,0.663539,,16.731514,-0.001778
364,10175,143.0,41.77,,15.412012431932533,1.215376853942871,23,,,,,0.663539,,16.731514,-0.001778
365,10322,147.0,42.92,,15.412012431932533,1.215376853942871,23,,,,,0.663539,,16.731514,-0.001778
366,10338,16.0,42.8,,15.412012431932533,1.215376853942871,23,,,,,0.663539,,16.731514,-0.001778
367,10415,77.0,43.46,,15.412012431932533,1.215376853942871,23,,,,,0.663539,,16.731514,-0.001778
368,10431,16.0,43.37,,15.13357706864675,1.295074224472046,24,,,,,0.658119,,17.567514,0.095761
369,10523,92.0,44.14,,15.13357706864675,1.295074224472046,24,,,,,0.658119,,17.567514,0.095761
370,10597,74.0,44.73,,15.13357706864675,1.295074224472046,24,,,,,0.658119,,17.567514,0.095761
371,10641,44.0,45.05,,15.13357706864675,1.295074224472046,24,,,,,0.658119,,17.567514,0.095761
372,10665,24.0,45.14,,15.13357706864675,1.295074224472046,24,,,,,0.658119,,17.567514,0.095761
373,10737,72.0,45.66,,15.13357706864675,1.295074224472046,24,,,,,0.658119,,17.567514,0.095761
374,10835,98.0,46.44,,15.13357706864675,1.295074224472046,24,,,,,0.658119,,17.567514,0.095761
375,10894,59.0,46.74,,15.13357706864675,1.295074224472046,24,,,,,0.658119,,17.567514,0.095761
376,10943,49.0,47.08,,15.13357706864675,1.295074224472046,24,,,,,0.658119,,17.567514,0.095761
377,11000,57.0,47.1,,15.13357706864675,1.295074224472046,24,,,,,0.658119,,17.567514,0.095761
378,11023,23.0,47.09,,15.13357706864675,1.295074224472046,24,,,,,0.658119,,17.567514,0.095761
379,11104,81.0,47.55,,15.13357706864675,1.295074224472046,24,,,,,0.658119,,17.567514,0.095761
380,11137,33.0,47.39,,15.13357706864675,1.295074224472046,24,,,,,0.658119,,17.567514,0.095761
381,11168,31.0,47.46,,15.13357706864675,1.295074224472046,24,,,,,0.658119,,17.567514,0.095761
382,11280,112.0,48.22,,15.13357706864675,1.295074224472046,24,,,,,0.658119,,17.567514,0.095761
383,11346,66.0,48.69,,15.13357706864675,1.295074224472046,24,,,,,0.658119,,17.567514,0.095761
384,11376,30.0,48.68,,14.904279479980469,1.3819632530212402,25,,,,,0.650754,,18.941530,-0.027075
385,11410,34.0,48.83,,14.904279479980469,1.3819632530212402,25,,,,,0.650754,,18.941530,-0.027075
386,11429,19.0,48.32,,14.904279479980469,1.3819632530212402,25,,,,,0.650754,,18.941530,-0.027075
387,11462,33.0,47.91,,14.904279479980469,1.3819632530212402,25,,,,,0.650754,,18.941530,-0.027075
388,11503,41.0,47.28,,14.904279479980469,1.3819632530212402,25,,,,,0.650754,,18.941530,-0.027075
389,11546,43.0,47.26,,14.904279479980469,1.3819632530212402,25,,,,,0.650754,,18.941530,-0.027075
390,11625,79.0,47.32,,14.904279479980469,1.3819632530212402,25,,,,,0.650754,,18.941530,-0.027075
391,11705,80.0,47.64,,14.904279479980469,1.3819632530212402,25,,,,,0.650754,,18.941530,-0.027075
392,11748,43.0,47.75,,14.904279479980469,1.3819632530212402,25,,,,,0.650754,,18.941530,-0.027075
393,11767,19.0,46.95,,14.904279479980469,1.3819632530212402,25,,,,,0.650754,,18.941530,-0.027075
394,11797,30.0,47.01,,14.904279479980469,1.3819632530212402,25,,,,,0.650754,,18.941530,-0.027075
395,11881,84.0,47.53,,14.904279479980469,1.3819632530212402,25,,,,,0.650754,,18.941530,-0.027075
396,11938,57.0,47.77,,14.904279479980469,1.3819632530212402,25,,,,,0.650754,,18.941530,-0.027075
397,12084,146.0,49.02,,14.904279479980469,1.3819632530212402,25,,,,,0.650754,,18.941530,-0.027075
398,12115,31.0,49.11,,14.904279479980469,1.3819632530212402,25,,,,,0.650754,,18.941530,-0.027075
399,12175,60.0,49.35,,14.904279479980469,1.3819632530212402,25,,,164.0,51.41206084179081,0.650754,,18.941530,-0.027075
400,12296,121.0,50.13,,14.666453141432543,1.492506980895996,26,,,,,0.651204,,17.576736,-0.125647
401,12327,31.0,49.98,,14.666453141432543,1.492506980895996,26,,,,,0.651204,,17.576736,-0.125647
402,12363,36.0,50.18,,14.666453141432543,1.492506980895996,26,,,,,0.651204,,17.576736,-0.125647
403,12453,90.0,50.66,,14.666453141432543,1.492506980895996,26,,,,,0.651204,,17.576736,-0.125647
404,12476,23.0,50.47,,14.666453141432543,1.492506980895996,26,,,,,0.651204,,17.576736,-0.125647
405,12548,72.0,50.88,,14.666453141432543,1.492506980895996,26,,,,,0.651204,,17.576736,-0.125647
406,12610,62.0,51.16,,14.666453141432543,1.492506980895996,26,,,,,0.651204,,17.576736,-0.125647
407,12756,146.0,52.49,,14.666453141432543,1.492506980895996,26,,,,,0.651204,,17.576736,-0.125647
408,12784,28.0,52.52,,14.666453141432543,1.492506980895996,26,,,,,0.651204,,17.576736,-0.125647
409,12801,17.0,52.52,,14.666453141432543,1.492506980895996,26,,,,,0.651204,,17.576736,-0.125647
410,12957,156.0,53.87,,14.666453141432543,1.492506980895996,26,,,,,0.651204,,17.576736,-0.125647
411,13118,161.0,54.96,,14.666453141432543,1.492506980895996,26,,,,,0.651204,,17.576736,-0.125647
412,13145,27.0,55.11,,14.666453141432543,1.492506980895996,26,,,,,0.651204,,17.576736,-0.125647
413,13174,29.0,55.27,,14.666453141432543,1.492506980895996,26,,,,,0.651204,,17.576736,-0.125647
414,13232,58.0,55.68,,14.666453141432543,1.492506980895996,26,,,,,0.651204,,17.576736,-0.125647
415,13278,46.0,55.98,,14.666453141432543,1.492506980895996,26,,,,,0.651204,,17.576736,-0.125647
416,13323,45.0,55.11,,14.439169353908962,1.5811052322387695,27,,,,,0.648830,,17.184772,0.026485
417,13445,122.0,55.86,,14.439169353908962,1.5811052322387695,27,,,,,0.648830,,17.184772,0.026485
418,13518,73.0,56.33,,14.439169353908962,1.5811052322387695,27,,,,,0.648830,,17.184772,0.026485
419,13655,137.0,57.56,,14.439169353908962,1.5821197032928467,27,,,,,0.648830,,17.184772,0.026485
420,13704,49.0,57.62,,14.439169353908962,1.5821197032928467,27,,,,,0.648830,,17.184772,0.026485
421,13785,81.0,58.04,,14.439169353908962,1.5821197032928467,27,,,,,0.648830,,17.184772,0.026485
422,13826,41.0,57.71,,14.439169353908962,1.5821197032928467,27,,,,,0.648830,,17.184772,0.026485
423,13851,25.0,57.53,,14.439169353908962,1.5821197032928467,27,,,,,0.648830,,17.184772,0.026485
424,13900,49.0,57.66,,14.439169353908962,1.5821197032928467,27,,,,,0.648830,,17.184772,0.026485
425,13917,17.0,56.4,,14.439169353908962,1.5821197032928467,27,,,,,0.648830,,17.184772,0.026485
426,13962,45.0,56.33,,14.439169353908962,1.5821197032928467,27,,,,,0.648830,,17.184772,0.026485
427,14052,90.0,57.0,,14.439169353908962,1.5821197032928467,27,,,,,0.648830,,17.184772,0.026485
428,14111,59.0,57.37,,14.439169353908962,1.5821197032928467,27,,,,,0.648830,,17.184772,0.026485
429,14158,47.0,57.19,,14.439169353908962,1.5821197032928467,27,,,,,0.648830,,17.184772,0.026485
430,14228,70.0,57.33,,14.439169353908962,1.5821197032928467,27,,,,,0.648830,,17.184772,0.026485
431,14305,77.0,57.83,,14.439169353908962,1.5821197032928467,27,,,,,0.648830,,17.184772,0.026485
432,14339,34.0,58.02,,14.176762359482902,1.7072029113769531,28,,,,,0.637919,,14.309868,0.021818
433,14385,46.0,58.04,,14.176762359482902,1.7072029113769531,28,,,,,0.637919,,14.309868,0.021818
434,14431,46.0,58.34,,14.176762359482902,1.7072029113769531,28,,,,,0.637919,,14.309868,0.021818
435,14490,59.0,58.78,,14.176762359482902,1.7072029113769531,28,,,,,0.637919,,14.309868,0.021818
436,14687,197.0,60.42,,14.176762359482902,1.7072029113769531,28,,,,,0.637919,,14.309868,0.021818
437,14847,160.0,61.72,,14.176762359482902,1.7072029113769531,28,,,,,0.637919,,14.309868,0.021818
438,14922,75.0,62.32,,14.176762359482902,1.7072029113769531,28,,,,,0.637919,,14.309868,0.021818
439,14940,18.0,61.04,,14.176762359482902,1.7072029113769531,28,,,,,0.637919,,14.309868,0.021818
440,15025,85.0,61.42,,14.176762359482902,1.7072029113769531,28,,,,,0.637919,,14.309868,0.021818
441,15149,124.0,62.44,,14.176762359482902,1.7072029113769531,28,,,,,0.637919,,14.309868,0.021818
442,15221,72.0,62.62,,14.176762359482902,1.7072029113769531,28,,,,,0.637919,,14.309868,0.021818
443,15287,66.0,62.78,,14.176762359482902,1.7072029113769531,28,,,,,0.637919,,14.309868,0.021818
444,15380,93.0,63.48,,14.176762359482902,1.7082102298736572,28,,,,,0.637919,,14.309868,0.021818
445,15419,39.0,63.62,,14.176762359482902,1.7082102298736572,28,,,,,0.637919,,14.309868,0.021818
446,15512,93.0,64.0,,14.176762359482902,1.7082102298736572,28,,,,,0.637919,,14.309868,0.021818
447,15577,65.0,64.23,,14.176762359482902,1.7082102298736572,28,,,,,0.637919,,14.309868,0.021818
448,15612,35.0,63.49,,13.96087436018319,1.8351304531097412,29,,,,,0.649085,,15.949894,0.048356
449,15675,63.0,63.54,,13.96087436018319,1.8351304531097412,29,,,145.8,25.810075552001006,0.649085,,15.949894,0.048356
450,15871,196.0,65.27,,13.96087436018319,1.8351304531097412,29,,,,,0.649085,,15.949894,0.048356
451,15931,60.0,65.42,,13.96087436018319,1.8351304531097412,29,,,,,0.649085,,15.949894,0.048356
452,15978,47.0,65.74,,13.96087436018319,1.8351304531097412,29,,,,,0.649085,,15.949894,0.048356
453,16066,88.0,66.4,,13.96087436018319,1.8351304531097412,29,,,,,0.649085,,15.949894,0.048356
454,16079,13.0,66.0,,13.96087436018319,1.8351304531097412,29,,,,,0.649085,,15.949894,0.048356
455,16141,62.0,65.93,,13.96087436018319,1.8351304531097412,29,,,,,0.649085,,15.949894,0.048356
456,16233,92.0,65.67,,13.96087436018319,1.8351304531097412,29,,,,,0.649085,,15.949894,0.048356
457,16307,74.0,66.31,,13.96087436018319,1.8351304531097412,29,,,,,0.649085,,15.949894,0.048356
458,16328,21.0,66.09,,13.96087436018319,1.8351304531097412,29,,,,,0.649085,,15.949894,0.048356
459,16372,44.0,66.26,,13.96087436018319,1.8351304531097412,29,,,,,0.649085,,15.949894,0.048356
460,16440,68.0,66.77,,13.96087436018319,1.8351304531097412,29,,,,,0.649085,,15.949894,0.048356
461,16501,61.0,66.76,,13.96087436018319,1.8351304531097412,29,,,,,0.649085,,15.949894,0.048356
462,16564,63.0,66.98,,13.96087436018319,1.8351304531097412,29,,,,,0.649085,,15.949894,0.048356
463,16700,136.0,66.68,,13.96087436018319,1.8351304531097412,29,,,,,0.649085,,15.949894,0.048356
464,16741,41.0,65.66,,13.77319138844808,1.9316773414611816,30,,,,,0.632103,,16.774742,-0.094584
465,16841,100.0,65.19,,13.77319138844808,1.9316773414611816,30,,,,,0.632103,,16.774742,-0.094584
466,16872,31.0,65.34,,13.77319138844808,1.9316773414611816,30,,,,,0.632103,,16.774742,-0.094584
467,16892,20.0,64.77,,13.77319138844808,1.9316773414611816,30,,,,,0.632103,,16.774742,-0.094584
468,16993,101.0,65.62,,13.77319138844808,1.9316773414611816,30,,,,,0.632103,,16.774742,-0.094584
469,17047,54.0,65.24,,13.77319138844808,1.9316773414611816,30,,,,,0.632103,,16.774742,-0.094584
470,17093,46.0,64.96,,13.77319138844808,1.9316773414611816,30,,,,,0.632103,,16.774742,-0.094584
471,17161,68.0,65.2,,13.77319138844808,1.9316773414611816,30,,,,,0.632103,,16.774742,-0.094584
472,17188,27.0,65.23,,13.77319138844808,1.9316773414611816,30,,,,,0.632103,,16.774742,-0.094584
473,17242,54.0,65.05,,13.77319138844808,1.9316773414611816,30,,,,,0.632103,,16.774742,-0.094584
474,17321,79.0,64.86,,13.77319138844808,1.9316773414611816,30,,,,,0.632103,,16.774742,-0.094584
475,17476,155.0,65.82,,13.77319138844808,1.9316773414611816,30,,,,,0.632103,,16.774742,-0.094584
476,17594,118.0,66.51,,13.77319138844808,1.9316773414611816,30,,,,,0.632103,,16.774742,-0.094584
477,17652,58.0,66.52,,13.77319138844808,1.9316773414611816,30,,,,,0.632103,,16.774742,-0.094584
478,17739,87.0,67.16,,13.77319138844808,1.9316773414611816,30,,,,,0.632103,,16.774742,-0.094584
479,17793,54.0,66.89,,13.77319138844808,1.9316773414611816,30,,,,,0.632103,,16.774742,-0.094584
480,17820,27.0,66.83,,13.575179746074062,2.0273988246917725,31,,,,,0.627140,,15.406485,0.056569
481,17903,83.0,67.35,,13.575179746074062,2.0273988246917725,31,,,,,0.627140,,15.406485,0.056569
482,17957,54.0,66.77,,13.575179746074062,2.0273988246917725,31,,,,,0.627140,,15.406485,0.056569
483,17987,30.0,66.41,,13.575179746074062,2.0273988246917725,31,,,,,0.627140,,15.406485,0.056569
484,18090,103.0,67.14,,13.575179746074062,2.0273988246917725,31,,,,,0.627140,,15.406485,0.056569
485,18146,56.0,67.36,,13.575179746074062,2.0273988246917725,31,,,,,0.627140,,15.406485,0.056569
486,18299,153.0,68.7,,13.575179746074062,2.0273988246917725,31,,,,,0.627140,,15.406485,0.056569
487,18390,91.0,69.28,,13.575179746074062,2.0273988246917725,31,,,,,0.627140,,15.406485,0.056569
488,18476,86.0,69.73,,13.575179746074062,2.0273988246917725,31,,,,,0.627140,,15.406485,0.056569
489,18552,76.0,70.06,,13.575179746074062,2.0273988246917725,31,,,,,0.627140,,15.406485,0.056569
490,18615,63.0,69.9,,13.575179746074062,2.0273988246917725,31,,,,,0.627140,,15.406485,0.056569
491,18654,39.0,69.49,,13.575179746074062,2.0273988246917725,31,,,,,0.627140,,15.406485,0.056569
492,18693,39.0,69.45,,13.575179746074062,2.0273988246917725,31,,,,,0.627140,,15.406485,0.056569
493,18735,42.0,69.68,,13.575179746074062,2.0273988246917725,31,,,,,0.627140,,15.406485,0.056569
494,18823,88.0,70.26,,13.575179746074062,2.0273988246917725,31,,,,,0.627140,,15.406485,0.056569
495,18893,70.0,70.12,,13.575179746074062,2.0273988246917725,31,,,,,0.627140,,15.406485,0.056569
496,19047,154.0,71.09,,13.37082114815712,2.152557373046875,32,,,,,0.613613,,14.224754,-0.302601
497,19083,36.0,69.99,,13.37082114815712,2.152557373046875,32,,,,,0.613613,,14.224754,-0.302601
498,19176,93.0,70.61,,13.37082114815712,2.152557373046875,32,,,,,0.613613,,14.224754,-0.302601
499,19328,152.0,71.53,,13.37082114815712,2.152557373046875,32,,,201.6,90.42698712220816,0.613613,,14.224754,-0.302601
500,19352,24.0,70.56,,13.37082114815712,2.152557373046875,32,,,,,0.613613,,14.224754,-0.302601
501,19459,107.0,71.32,,13.37082114815712,2.152557373046875,32,,,,,0.613613,,14.224754,-0.302601
502,19515,56.0,71.52,,13.37082114815712,2.152557373046875,32,,,,,0.613613,,14.224754,-0.302601
503,19533,18.0,70.8,,13.37082114815712,2.152557373046875,32,,,,,0.613613,,14.224754,-0.302601
504,19596,63.0,71.2,,13.37082114815712,2.152557373046875,32,,,,,0.613613,,14.224754,-0.302601
505,19770,174.0,72.22,,13.37082114815712,2.152557373046875,32,,,,,0.613613,,14.224754,-0.302601
506,19941,171.0,73.31,,13.37082114815712,2.152557373046875,32,,,,,0.613613,,14.224754,-0.302601
507,19972,31.0,72.16,,13.37082114815712,2.152557373046875,32,,,,,0.613613,,14.224754,-0.302601
508,20094,122.0,73.1,,13.37082114815712,2.152557373046875,32,,,,,0.613613,,14.224754,-0.302601
509,20135,41.0,73.34,,13.37082114815712,2.152557373046875,32,,,,,0.613613,,14.224754,-0.302601
510,20326,191.0,73.69,,13.37082114815712,2.152557373046875,32,,,,,0.613613,,14.224754,-0.302601
511,20400,74.0,72.82,,13.37082114815712,2.152557373046875,32,,,,,0.613613,,14.224754,-0.302601
512,20479,79.0,73.34,,13.143976124850186,2.315019369125366,33,,,,,0.624868,,11.896799,0.131959
513,20554,75.0,73.8,,13.143976124850186,2.315019369125366,33,,,,,0.624868,,11.896799,0.131959
514,20698,144.0,74.66,,13.143976124850186,2.315019369125366,33,,,,,0.624868,,11.896799,0.131959
515,20842,144.0,75.64,,13.143976124850186,2.315019369125366,33,,,,,0.624868,,11.896799,0.131959
516,20902,60.0,75.79,,13.143976124850186,2.315019369125366,33,,,,,0.624868,,11.896799,0.131959
517,21039,137.0,75.94,,13.143976124850186,2.315019369125366,33,,,,,0.624868,,11.896799,0.131959
518,21128,89.0,76.1,,13.143976124850186,2.315019369125366,33,,,,,0.624868,,11.896799,0.131959
519,21326,198.0,76.71,,13.143976124850186,2.315019369125366,33,,,,,0.624868,,11.896799,0.131959
520,21409,83.0,77.05,,13.143976124850186,2.315019369125366,33,,,,,0.624868,,11.896799,0.131959
521,21420,11.0,76.35,,13.143976124850186,2.315019369125366,33,,,,,0.624868,,11.896799,0.131959
522,21479,59.0,76.53,,13.143976124850186,2.315019369125366,33,,,,,0.624868,,11.896799,0.131959
523,21730,251.0,78.79,,13.143976124850186,2.315019369125366,33,,,,,0.624868,,11.896799,0.131959
524,21891,161.0,79.91,,13.143976124850186,2.315019369125366,33,,,,,0.624868,,11.896799,0.131959
525,21972,81.0,80.55,,13.143976124850186,2.315019369125366,33,,,,,0.624868,,11.896799,0.131959
526,22197,225.0,82.35,,13.143976124850186,2.315019369125366,33,,,,,0.624868,,11.896799,0.131959
527,22293,96.0,82.41,,13.143976124850186,2.315019369125366,33,,,,,0.624868,,11.896799,0.131959
528,22415,122.0,83.04,,12.936381508322324,2.450317859649658,34,,,,,0.620607,,12.322733,0.215789
529,22535,120.0,83.77,,12.936381508322324,2.450317859649658,34,,,,,0.620607,,12.322733,0.215789
530,22623,88.0,83.95,,12.936381508322324,2.450317859649658,34,,,,,0.620607,,12.322733,0.215789
531,22728,105.0,84.23,,12.936381508322324,2.450317859649658,34,,,,,0.620607,,12.322733,0.215789
532,22802,74.0,84.63,,12.936381508322324,2.450317859649658,34,,,,,0.620607,,12.322733,0.215789
533,22838,36.0,84.53,,12.936381508322324,2.450317859649658,34,,,,,0.620607,,12.322733,0.215789
534,23030,192.0,85.99,,12.936381508322324,2.450317859649658,34,,,,,0.620607,,12.322733,0.215789
535,23070,40.0,85.8,,12.936381508322324,2.450317859649658,34,,,,,0.620607,,12.322733,0.215789
536,23111,41.0,84.24,,12.936381508322324,2.450317859649658,34,,,,,0.620607,,12.322733,0.215789
537,23186,75.0,83.39,,12.936381508322324,2.450317859649658,34,,,,,0.620607,,12.322733,0.215789
538,23269,83.0,83.47,,12.936381508322324,2.450317859649658,34,,,,,0.620607,,12.322733,0.215789
539,23365,96.0,84.25,,12.936381508322324,2.450317859649658,34,,,,,0.620607,,12.322733,0.215789
540,23486,121.0,84.61,,12.936381508322324,2.450317859649658,34,,,,,0.620607,,12.322733,0.215789
541,23544,58.0,83.95,,12.936381508322324,2.450317859649658,34,,,,,0.620607,,12.322733,0.215789
542,23597,53.0,83.76,,12.936381508322324,2.450317859649658,34,,,,,0.620607,,12.322733,0.215789
543,23734,137.0,84.47,,12.936381508322324,2.450317859649658,34,,,,,0.620607,,12.322733,0.215789
544,23858,124.0,84.78,,12.716393116542271,2.632758140563965,35,,,,,0.626077,,10.611689,0.291628
545,23996,138.0,85.77,,12.716393116542271,2.632758140563965,35,,,,,0.626077,,10.611689,0.291628
546,24150,154.0,86.38,,12.716393116542271,2.632758140563965,35,,,,,0.626077,,10.611689,0.291628
547,24250,100.0,86.73,,12.716393116542271,2.632758140563965,35,,,,,0.626077,,10.611689,0.291628
548,24346,96.0,87.34,,12.716393116542271,2.632758140563965,35,,,,,0.626077,,10.611689,0.291628
549,24564,218.0,88.89,,12.716393116542271,2.632758140563965,35,,,297.8,65.24231755540265,0.626077,,10.611689,0.291628
550,24615,51.0,87.44,,12.716393116542271,2.632758140563965,35,,,,,0.626077,,10.611689,0.291628
551,24665,50.0,87.34,,12.716393116542271,2.632758140563965,35,,,,,0.626077,,10.611689,0.291628
552,24821,156.0,88.43,,12.716393116542271,2.632758140563965,35,,,,,0.626077,,10.611689,0.291628
553,24910,89.0,88.44,,12.716393116542271,2.632758140563965,35,,,,,0.626077,,10.611689,0.291628
554,24985,75.0,89.06,,12.716393116542271,2.632758140563965,35,,,,,0.626077,,10.611689,0.291628
555,25273,288.0,91.32,,12.716393116542271,2.632758140563965,35,,,,,0.626077,,10.611689,0.291628
556,25342,69.0,91.09,,12.716393116542271,2.632758140563965,35,,,,,0.626077,,10.611689,0.291628
557,25471,129.0,91.64,,12.716393116542271,2.632758140563965,35,,,,,0.626077,,10.611689,0.291628
558,25562,91.0,92.34,,12.716393116542271,2.632758140563965,35,,,,,0.626077,,10.611689,0.291628
559,25676,114.0,93.04,,12.716393116542271,2.632758140563965,35,,,,,0.626077,,10.611689,0.291628
560,25822,146.0,93.82,,12.519689374499851,2.831894636154175,36,,,,,0.607955,,11.395958,0.094655
561,25953,131.0,94.52,,12.519689374499851,2.831894636154175,36,,,,,0.607955,,11.395958,0.094655
562,26039,86.0,94.75,,12.519689374499851,2.831894636154175,36,,,,,0.607955,,11.395958,0.094655
563,26101,62.0,94.01,,12.519689374499851,2.831894636154175,36,,,,,0.607955,,11.395958,0.094655
564,26201,100.0,94.6,,12.519689374499851,2.831894636154175,36,,,,,0.607955,,11.395958,0.094655
565,26284,83.0,94.43,,12.519689374499851,2.831894636154175,36,,,,,0.607955,,11.395958,0.094655
566,26499,215.0,96.27,,12.519689374499851,2.831894636154175,36,,,,,0.607955,,11.395958,0.094655
567,26617,118.0,97.25,,12.519689374499851,2.831894636154175,36,,,,,0.607955,,11.395958,0.094655
568,26726,109.0,97.33,,12.519689374499851,2.831894636154175,36,,,,,0.607955,,11.395958,0.094655
569,26977,251.0,99.3,,12.519689374499851,2.831894636154175,36,,,,,0.607955,,11.395958,0.094655
570,27166,189.0,100.73,,12.519689374499851,2.831894636154175,36,,,,,0.607955,,11.395958,0.094655
571,27246,80.0,100.85,,12.519689374499851,2.831894636154175,36,,,,,0.607955,,11.395958,0.094655
572,27447,201.0,102.59,,12.519689374499851,2.831894636154175,36,,,,,0.607955,,11.395958,0.094655
573,27519,72.0,102.77,,12.519689374499851,2.831894636154175,36,,,,,0.607955,,11.395958,0.094655
574,27605,86.0,102.84,,12.519689374499851,2.831894636154175,36,,,,,0.607955,,11.395958,0.094655
575,27900,295.0,104.24,,12.519689374499851,2.831894636154175,36,,,,,0.607955,,11.395958,0.094655
576,28042,142.0,104.48,,12.313125197951859,2.991509437561035,37,,,,,0.608431,,9.899401,0.335677
577,28222,180.0,105.7,,12.313125197951859,2.991509437561035,37,,,,,0.608431,,9.899401,0.335677
578,28382,160.0,106.43,,12.313125197951859,2.991509437561035,37,,,,,0.608431,,9.899401,0.335677
579,28507,125.0,107.14,,12.313125197951859,2.991509437561035,37,,,,,0.608431,,9.899401,0.335677
580,28667,160.0,108.47,,12.313125197951859,2.991509437561035,37,,,,,0.608431,,9.899401,0.335677
581,28803,136.0,109.0,,12.313125197951859,2.991509437561035,37,,,,,0.608431,,9.899401,0.335677
582,28917,114.0,109.6,,12.313125197951859,2.991509437561035,37,,,,,0.608431,,9.899401,0.335677
583,28978,61.0,109.91,,12.313125197951859,2.991509437561035,37,,,,,0.608431,,9.899401,0.335677
584,29237,259.0,111.47,,12.313125197951859,2.991509437561035,37,,,,,0.608431,,9.899401,0.335677
585,29336,99.0,111.9,,12.313125197951859,2.991509437561035,37,,,,,0.608431,,9.899401,0.335677
586,29451,115.0,111.52,,12.313125197951859,2.991509437561035,37,,,,,0.608431,,9.899401,0.335677
587,29467,16.0,110.77,,12.313125197951859,2.991509437561035,37,,,,,0.608431,,9.899401,0.335677
588,29575,108.0,110.99,,12.313125197951859,2.991509437561035,37,,,,,0.608431,,9.899401,0.335677
589,29701,126.0,111.49,,12.313125197951859,2.991509437561035,37,,,,,0.608431,,9.899401,0.335677
590,29842,141.0,112.27,,12.313125197951859,2.991509437561035,37,,,,,0.608431,,9.899401,0.335677
591,30001,159.0,113.47,,12.313125197951859,2.991509437561035,37,,,,,0.608431,,9.899401,0.335677
592,30275,274.0,115.82,,12.112155086115786,3.170664072036743,38,,,,,0.608907,,9.461474,0.355308
593,30351,76.0,116.16,,12.112155086115786,3.170664072036743,38,,,,,0.608907,,9.461474,0.355308
594,30554,203.0,117.31,,12.112155086115786,3.170664072036743,38,,,,,0.608907,,9.461474,0.355308
595,30814,260.0,119.21,,12.112155086115786,3.170664072036743,38,,,,,0.608907,,9.461474,0.355308
596,30830,16.0,117.83,,12.112155086115786,3.170664072036743,38,,,,,0.608907,,9.461474,0.355308
597,31017,187.0,119.34,,12.112155086115786,3.170664072036743,38,,,,,0.608907,,9.461474,0.355308
598,31166,149.0,119.9,,12.112155086115786,3.170664072036743,38,,,,,0.608907,,9.461474,0.355308
599,31300,134.0,119.72,,12.112155086115786,3.170664072036743,38,,,471.4,57.199999999999996,0.608907,,9.461474,0.355308
600,31489,189.0,121.37,,12.112155086115786,3.170664072036743,38,,,,,0.608907,,9.461474,0.355308
601,31604,115.0,121.45,,12.112155086115786,3.170664072036743,38,,,,,0.608907,,9.461474,0.355308
602,31765,161.0,122.5,,12.112155086115786,3.170664072036743,38,,,,,0.608907,,9.461474,0.355308
603,31906,141.0,123.73,,12.112155086115786,3.170664072036743,38,,,,,0.608907,,9.461474,0.355308
604,32032,126.0,124.36,,12.112155086115786,3.170664072036743,38,,,,,0.608907,,9.461474,0.355308
605,32136,104.0,123.66,,12.112155086115786,3.170664072036743,38,,,,,0.608907,,9.461474,0.355308
606,32333,197.0,123.92,,12.112155086115786,3.170664072036743,38,,,,,0.608907,,9.461474,0.355308
607,32480,147.0,125.08,,12.112155086115786,3.170664072036743,38,,,,,0.608907,,9.461474,0.355308
608,32565,85.0,124.71,,11.914728849362104,3.3800463676452637,39,,,,,0.602231,,8.975784,0.370115
609,32893,328.0,127.58,,11.914728849362104,3.3800463676452637,39,,,,,0.602231,,8.975784,0.370115
610,32990,97.0,126.64,,11.914728849362104,3.3800463676452637,39,,,,,0.602231,,8.975784,0.370115
611,33006,16.0,126.06,,11.914728849362104,3.3800463676452637,39,,,,,0.602231,,8.975784,0.370115
612,33287,281.0,128.08,,11.914728849362104,3.3800463676452637,39,,,,,0.602231,,8.975784,0.370115
613,33449,162.0,128.95,,11.914728849362104,3.3800463676452637,39,,,,,0.602231,,8.975784,0.370115
614,33643,194.0,129.45,,11.914728849362104,3.3800463676452637,39,,,,,0.602231,,8.975784,0.370115
615,33772,129.0,129.3,,11.914728849362104,3.3800463676452637,39,,,,,0.602231,,8.975784,0.370115
616,33952,180.0,130.5,,11.914728849362104,3.3800463676452637,39,,,,,0.602231,,8.975784,0.370115
617,34093,141.0,130.54,,11.914728849362104,3.3800463676452637,39,,,,,0.602231,,8.975784,0.370115
618,34386,293.0,132.58,,11.914728849362104,3.3800463676452637,39,,,,,0.602231,,8.975784,0.370115
619,34557,171.0,132.31,,11.914728849362104,3.3800463676452637,39,,,,,0.602231,,8.975784,0.370115
620,34733,176.0,133.24,,11.914728849362104,3.3800463676452637,39,,,,,0.602231,,8.975784,0.370115
621,34913,180.0,134.93,,11.914728849362104,3.3800463676452637,39,,,,,0.602231,,8.975784,0.370115
622,35100,187.0,136.21,,11.914728849362104,3.3800463676452637,39,,,,,0.602231,,8.975784,0.370115
623,35245,145.0,135.15,,11.914728849362104,3.3800463676452637,39,,,,,0.602231,,8.975784,0.370115
624,35443,198.0,135.52,,11.731846404075622,3.577955722808838,40,,,,,0.593891,,9.344767,0.358784
625,35666,223.0,136.94,,11.731846404075622,3.577955722808838,40,,,,,0.593891,,9.344767,0.358784
626,35863,197.0,136.66,,11.731846404075622,3.577955722808838,40,,,,,0.593891,,9.344767,0.358784
627,36033,170.0,137.4,,11.731846404075622,3.577955722808838,40,,,,,0.593891,,9.344767,0.358784
628,36192,159.0,137.77,,11.731846404075622,3.577955722808838,40,,,,,0.593891,,9.344767,0.358784
629,36369,177.0,138.34,,11.731846404075622,3.577955722808838,40,,,,,0.593891,,9.344767,0.358784
630,36674,305.0,140.51,,11.731846404075622,3.577955722808838,40,,,,,0.593891,,9.344767,0.358784
631,36872,198.0,141.44,,11.731846404075622,3.577955722808838,40,,,,,0.593891,,9.344767,0.358784
632,37079,207.0,142.77,,11.731846404075622,3.577955722808838,40,,,,,0.593891,,9.344767,0.358784
633,37257,178.0,144.19,,11.731846404075622,3.577955722808838,40,,,,,0.593891,,9.344767,0.358784
634,37387,130.0,143.57,,11.731846404075622,3.577955722808838,40,,,,,0.593891,,9.344767,0.358784
635,37532,145.0,144.62,,11.731846404075622,3.577955722808838,40,,,,,0.593891,,9.344767,0.358784
636,37669,137.0,145.58,,11.731846404075622,3.577955722808838,40,,,,,0.593891,,9.344767,0.358784
637,37937,268.0,147.51,,11.731846404075622,3.577955722808838,40,,,,,0.593891,,9.344767,0.358784
638,38094,157.0,148.25,,11.731846404075622,3.577955722808838,40,,,,,0.593891,,9.344767,0.358784
639,38247,153.0,148.82,,11.731846404075622,3.577955722808838,40,,,,,0.593891,,9.344767,0.358784
640,38410,163.0,149.24,,11.553480334398223,3.794517755508423,41,,,,,0.599954,,8.993540,0.385385
641,38541,131.0,149.97,,11.553480334398223,3.794517755508423,41,,,,,0.599954,,8.993540,0.385385
642,38737,196.0,151.4,,11.553480334398223,3.794517755508423,41,,,,,0.599954,,8.993540,0.385385
643,38963,226.0,152.29,,11.553480334398223,3.794517755508423,41,,,,,0.599954,,8.993540,0.385385
644,39294,331.0,154.36,,11.553480334398223,3.794517755508423,41,,,,,0.599954,,8.993540,0.385385
645,39446,152.0,154.5,,11.553480334398223,3.794517755508423,41,,,,,0.599954,,8.993540,0.385385
646,39758,312.0,156.08,,11.553480334398223,3.794517755508423,41,,,,,0.599954,,8.993540,0.385385
647,39941,183.0,156.91,,11.553480334398223,3.794517755508423,41,,,,,0.599954,,8.993540,0.385385
648,40174,233.0,158.28,,11.553480334398223,3.794517755508423,41,,,,,0.599954,,8.993540,0.385385
649,40329,155.0,157.65,,11.553480334398223,3.794517755508423,41,,,487.8,24.4,0.599954,,8.993540,0.385385
650,40606,277.0,159.91,,11.553480334398223,3.794517755508423,41,,,,,0.599954,,8.993540,0.385385
651,40769,163.0,161.04,,11.553480334398223,3.794517755508423,41,,,,,0.599954,,8.993540,0.385385
652,40991,222.0,161.7,,11.553480334398223,3.794517755508423,41,,,,,0.599954,,8.993540,0.385385
653,41009,18.0,160.99,,11.553480334398223,3.794517755508423,41,,,,,0.599954,,8.993540,0.385385
654,41172,163.0,161.87,,11.553480334398223,3.794517755508423,41,,,,,0.599954,,8.993540,0.385385
655,41301,129.0,160.28,,11.553480334398223,3.794517755508423,41,,,,,0.599954,,8.993540,0.385385
656,41613,312.0,162.71,,11.38371855872018,4.065537691116333,42,,,,,0.590156,,9.002063,0.250426
657,41821,208.0,163.5,,11.38371855872018,4.065537691116333,42,,,,,0.590156,,9.002063,0.250426
658,42024,203.0,164.62,,11.38371855872018,4.065537691116333,42,,,,,0.590156,,9.002063,0.250426
659,42144,120.0,164.68,,11.38371855872018,4.065537691116333,42,,,,,0.590156,,9.002063,0.250426
660,42403,259.0,165.81,,11.38371855872018,4.065537691116333,42,,,,,0.590156,,9.002063,0.250426
661,42738,335.0,167.85,,11.38371855872018,4.065537691116333,42,,,,,0.590156,,9.002063,0.250426
662,42898,160.0,168.59,,11.38371855872018,4.065537691116333,42,,,,,0.590156,,9.002063,0.250426
663,43146,248.0,170.45,,11.38371855872018,4.065537691116333,42,,,,,0.590156,,9.002063,0.250426
664,43346,200.0,171.45,,11.38371855872018,4.065537691116333,42,,,,,0.590156,,9.002063,0.250426
665,43645,299.0,173.61,,11.38371855872018,4.065537691116333,42,,,,,0.590156,,9.002063,0.250426
666,43981,336.0,174.82,,11.38371855872018,4.065537691116333,42,,,,,0.590156,,9.002063,0.250426
667,44355,374.0,177.38,,11.38371855872018,4.065537691116333,42,,,,,0.590156,,9.002063,0.250426
668,44631,276.0,179.05,,11.38371855872018,4.065537691116333,42,,,,,0.590156,,9.002063,0.250426
669,44843,212.0,178.66,,11.38371855872018,4.065537691116333,42,,,,,0.590156,,9.002063,0.250426
670,45060,217.0,178.94,,11.38371855872018,4.065537691116333,42,,,,,0.590156,,9.002063,0.250426
671,45273,213.0,180.27,,11.38371855872018,4.065537691116333,42,,,,,0.590156,,9.002063,0.250426
672,45436,163.0,179.89,,11.221034737520439,4.382115125656128,43,,,,,0.589288,,8.926294,0.233362
673,45642,206.0,181.23,,11.221034737520439,4.382115125656128,43,,,,,0.589288,,8.926294,0.233362
674,46142,500.0,185.37,,11.221034737520439,4.383117914199829,43,,,,,0.589288,,8.926294,0.233362
675,46386,244.0,184.86,,11.221034737520439,4.383117914199829,43,,,,,0.589288,,8.926294,0.233362
676,46487,101.0,184.45,,11.221034737520439,4.383117914199829,43,,,,,0.589288,,8.926294,0.233362
677,46703,216.0,184.81,,11.221034737520439,4.383117914199829,43,,,,,0.589288,,8.926294,0.233362
678,46854,151.0,184.72,,11.221034737520439,4.383117914199829,43,,,,,0.589288,,8.926294,0.233362
679,47243,389.0,187.36,,11.221034737520439,4.383117914199829,43,,,,,0.589288,,8.926294,0.233362
680,47513,270.0,188.46,,11.221034737520439,4.383117914199829,43,,,,,0.589288,,8.926294,0.233362
681,47882,369.0,190.79,,11.221034737520439,4.383117914199829,43,,,,,0.589288,,8.926294,0.233362
682,48091,209.0,191.74,,11.221034737520439,4.383117914199829,43,,,,,0.589288,,8.926294,0.233362
683,48322,231.0,193.44,,11.221034737520439,4.383117914199829,43,,,,,0.589288,,8.926294,0.233362
684,48456,134.0,192.19,,11.221034737520439,4.383117914199829,43,,,,,0.589288,,8.926294,0.233362
685,48665,209.0,193.29,,11.221034737520439,4.383117914199829,43,,,,,0.589288,,8.926294,0.233362
686,48876,211.0,194.25,,11.221034737520439,4.383117914199829,43,,,,,0.589288,,8.926294,0.233362
687,49040,164.0,195.73,,11.221034737520439,4.383117914199829,43,,,,,0.589288,,8.926294,0.233362
688,49424,384.0,198.49,,11.063003355806524,4.6729514598846436,44,,,,,0.588257,,8.673237,0.343621
689,49625,201.0,199.24,,11.063003355806524,4.6729514598846436,44,,,,,0.588257,,8.673237,0.343621
690,49772,147.0,199.3,,11.063003355806524,4.6729514598846436,44,,,,,0.588257,,8.673237,0.343621
691,50044,272.0,200.43,,11.063003355806524,4.6729514598846436,44,,,,,0.588257,,8.673237,0.343621
692,50198,154.0,199.23,,11.063003355806524,4.6729514598846436,44,,,,,0.588257,,8.673237,0.343621
693,50365,167.0,200.14,,11.063003355806524,4.6729514598846436,44,,,,,0.588257,,8.673237,0.343621
694,50579,214.0,200.25,,11.063003355806524,4.6729514598846436,44,,,,,0.588257,,8.673237,0.343621
695,51033,454.0,202.19,,11.063003355806524,4.6729514598846436,44,,,,,0.588257,,8.673237,0.343621
696,51239,206.0,204.09,,11.063003355806524,4.6729514598846436,44,,,,,0.588257,,8.673237,0.343621
697,51510,271.0,204.93,,11.063003355806524,4.6729514598846436,44,,,,,0.588257,,8.673237,0.343621
698,52010,500.0,208.44,,11.063003355806524,4.6729514598846436,44,,,,,0.588257,,8.673237,0.343621
699,52252,242.0,209.52,,11.063003355806524,4.6729514598846436,44,,,499.8,0.4,0.588257,,8.673237,0.343621
700,52467,215.0,209.78,,11.063003355806524,4.6729514598846436,44,,,,,0.588257,,8.673237,0.343621
701,52634,167.0,210.3,,11.063003355806524,4.6729514598846436,44,,,,,0.588257,,8.673237,0.343621
702,52798,164.0,210.33,,11.063003355806524,4.6729514598846436,44,,,,,0.588257,,8.673237,0.343621
703,53015,217.0,211.09,,11.063003355806524,4.6729514598846436,44,,,,,0.588257,,8.673237,0.343621
704,53144,129.0,211.12,,10.915669451819525,4.972754716873169,45,,,,,0.584684,,9.003878,0.271962
705,53358,214.0,212.22,,10.915669451819525,4.972754716873169,45,,,,,0.584684,,9.003878,0.271962
706,53574,216.0,212.41,,10.915669451819525,4.972754716873169,45,,,,,0.584684,,9.003878,0.271962
707,53837,263.0,213.57,,10.915669451819525,4.972754716873169,45,,,,,0.584684,,9.003878,0.271962
708,54040,203.0,214.75,,10.915669451819525,4.972754716873169,45,,,,,0.584684,,9.003878,0.271962
709,54204,164.0,213.11,,10.915669451819525,4.972754716873169,45,,,,,0.584684,,9.003878,0.271962
710,54684,480.0,216.94,,10.915669451819525,4.972754716873169,45,,,,,0.584684,,9.003878,0.271962
711,54948,264.0,219.42,,10.915669451819525,4.972754716873169,45,,,,,0.584684,,9.003878,0.271962
712,55144,196.0,218.57,,10.915669451819525,4.972754716873169,45,,,,,0.584684,,9.003878,0.271962
713,55399,255.0,219.5,,10.915669451819525,4.972754716873169,45,,,,,0.584684,,9.003878,0.271962
714,55566,167.0,219.23,,10.915669451819525,4.972754716873169,45,,,,,0.584684,,9.003878,0.271962
715,55714,148.0,219.42,,10.915669451819525,4.972754716873169,45,,,,,0.584684,,9.003878,0.271962
716,56029,315.0,220.77,,10.915669451819525,4.972754716873169,45,,,,,0.584684,,9.003878,0.271962
717,56529,500.0,224.36,,10.915669451819525,4.972754716873169,45,,,,,0.584684,,9.003878,0.271962
718,56705,176.0,223.19,,10.915669451819525,4.972754716873169,45,,,,,0.584684,,9.003878,0.271962
719,57021,316.0,224.64,,10.915669451819525,4.972754716873169,45,,,,,0.584684,,9.003878,0.271962
720,57228,207.0,224.95,,10.773095587025518,5.242472410202026,46,,,,,0.584862,,8.853148,0.280356
721,57703,475.0,227.9,,10.773095587025518,5.242472410202026,46,,,,,0.584862,,8.853148,0.280356
722,58060,357.0,229.6,,10.773095587025518,5.242472410202026,46,,,,,0.584862,,8.853148,0.280356
723,58458,398.0,232.13,,10.773095587025518,5.242472410202026,46,,,,,0.584862,,8.853148,0.280356
724,58706,248.0,232.63,,10.773095587025518,5.242472410202026,46,,,,,0.584862,,8.853148,0.280356
725,59060,354.0,233.94,,10.773095587025518,5.242472410202026,46,,,,,0.584862,,8.853148,0.280356
726,59302,242.0,234.39,,10.773095587025518,5.242472410202026,46,,,,,0.584862,,8.853148,0.280356
727,59537,235.0,235.04,,10.773095587025518,5.242472410202026,46,,,,,0.584862,,8.853148,0.280356
728,59727,190.0,235.35,,10.773095587025518,5.242472410202026,46,,,,,0.584862,,8.853148,0.280356
729,59856,129.0,234.87,,10.773095587025518,5.242472410202026,46,,,,,0.584862,,8.853148,0.280356
730,60178,322.0,235.04,,10.773095587025518,5.242472410202026,46,,,,,0.584862,,8.853148,0.280356
731,60389,211.0,235.17,,10.773095587025518,5.242472410202026,46,,,,,0.584862,,8.853148,0.280356
732,60654,265.0,235.75,,10.773095587025518,5.242472410202026,46,,,,,0.584862,,8.853148,0.280356
733,60855,201.0,235.98,,10.773095587025518,5.242472410202026,46,,,,,0.584862,,8.853148,0.280356
734,61225,370.0,238.38,,10.773095587025518,5.242472410202026,46,,,,,0.584862,,8.853148,0.280356
735,61384,159.0,238.52,,10.773095587025518,5.242472410202026,46,,,,,0.584862,,8.853148,0.280356
736,61666,282.0,239.97,,10.630000905787691,5.562570810317993,47,,,,,0.587907,,8.244789,0.216426
737,62151,485.0,242.14,,10.630000905787691,5.562570810317993,47,,,,,0.587907,,8.244789,0.216426
738,62643,492.0,245.49,,10.630000905787691,5.562570810317993,47,,,,,0.587907,,8.244789,0.216426
739,62929,286.0,246.82,,10.630000905787691,5.562570810317993,47,,,,,0.587907,,8.244789,0.216426
740,63208,279.0,247.98,,10.630000905787691,5.562570810317993,47,,,,,0.587907,,8.244789,0.216426
741,63400,192.0,248.59,,10.630000905787691,5.562570810317993,47,,,,,0.587907,,8.244789,0.216426
742,63900,500.0,251.63,,10.630000905787691,5.562570810317993,47,,,,,0.587907,,8.244789,0.216426
743,64112,212.0,251.49,,10.630000905787691,5.562570810317993,47,,,,,0.587907,,8.244789,0.216426
744,64269,157.0,249.75,,10.630000905787691,5.562570810317993,47,,,,,0.587907,,8.244789,0.216426
745,64769,500.0,253.23,,10.630000905787691,5.562570810317993,47,,,,,0.587907,,8.244789,0.216426
746,65013,244.0,252.55,,10.630000905787691,5.562570810317993,47,,,,,0.587907,,8.244789,0.216426
747,65366,353.0,254.25,,10.630000905787691,5.562570810317993,47,,,,,0.587907,,8.244789,0.216426
748,65577,211.0,254.03,,10.630000905787691,5.562570810317993,47,,,,,0.587907,,8.244789,0.216426
749,65770,193.0,254.41,,10.630000905787691,5.562570810317993,47,,,500.0,0.0,0.587907,,8.244789,0.216426
750,66270,500.0,256.64,,10.630000905787691,5.562570810317993,47,,,,,0.587907,,8.244789,0.216426
751,66542,272.0,257.73,,10.630000905787691,5.562570810317993,47,,,,,0.587907,,8.244789,0.216426
752,66737,195.0,257.46,,10.49436487754186,5.892561674118042,48,,,,,0.581156,,8.386845,0.264072
753,67077,340.0,260.68,,10.49436487754186,5.892561674118042,48,,,,,0.581156,,8.386845,0.264072
754,67574,497.0,264.02,,10.49436487754186,5.892561674118042,48,,,,,0.581156,,8.386845,0.264072
755,67799,225.0,264.98,,10.49436487754186,5.892561674118042,48,,,,,0.581156,,8.386845,0.264072
756,68023,224.0,264.1,,10.49436487754186,5.892561674118042,48,,,,,0.581156,,8.386845,0.264072
757,68510,487.0,266.89,,10.49436487754186,5.892561674118042,48,,,,,0.581156,,8.386845,0.264072
758,68765,255.0,267.41,,10.49436487754186,5.892561674118042,48,,,,,0.581156,,8.386845,0.264072
759,69265,500.0,271.21,,10.49436487754186,5.892561674118042,48,,,,,0.581156,,8.386845,0.264072
760,69564,299.0,271.61,,10.49436487754186,5.892561674118042,48,,,,,0.581156,,8.386845,0.264072
761,69743,179.0,270.05,,10.49436487754186,5.892561674118042,48,,,,,0.581156,,8.386845,0.264072
762,69931,188.0,270.33,,10.49436487754186,5.892561674118042,48,,,,,0.581156,,8.386845,0.264072
763,70120,189.0,269.74,,10.49436487754186,5.892561674118042,48,,,,,0.581156,,8.386845,0.264072
764,70620,500.0,272.74,,10.49436487754186,5.892561674118042,48,,,,,0.581156,,8.386845,0.264072
765,71120,500.0,274.75,,10.49436487754186,5.892561674118042,48,,,,,0.581156,,8.386845,0.264072
766,71423,303.0,274.42,,10.49436487754186,5.892561674118042,48,,,,,0.581156,,8.386845,0.264072
767,71849,426.0,274.94,,10.49436487754186,5.892561674118042,48,,,,,0.581156,,8.386845,0.264072
768,72076,227.0,274.45,,10.361237798418317,6.217400789260864,49,,,,,0.581688,,8.097585,0.265037
769,72576,500.0,277.33,,10.361237798418317,6.218430519104004,49,,,,,0.581688,,8.097585,0.265037
770,72798,222.0,277.38,,10.361237798418317,6.218430519104004,49,,,,,0.581688,,8.097585,0.265037
771,73019,221.0,277.46,,10.361237798418317,6.218430519104004,49,,,,,0.581688,,8.097585,0.265037
772,73519,500.0,280.83,,10.361237798418317,6.218430519104004,49,,,,,0.581688,,8.097585,0.265037
773,73732,213.0,280.9,,10.361237798418317,6.218430519104004,49,,,,,0.581688,,8.097585,0.265037
774,74232,500.0,280.9,,10.361237798418317,6.218430519104004,49,,,,,0.581688,,8.097585,0.265037
775,74457,225.0,280.71,,10.361237798418317,6.218430519104004,49,,,,,0.581688,,8.097585,0.265037
776,74928,471.0,284.41,,10.361237798418317,6.218430519104004,49,,,,,0.581688,,8.097585,0.265037
777,75071,143.0,283.68,,10.361237798418317,6.218430519104004,49,,,,,0.581688,,8.097585,0.265037
778,75358,287.0,285.04,,10.361237798418317,6.218430519104004,49,,,,,0.581688,,8.097585,0.265037
779,75714,356.0,284.71,,10.361237798418317,6.218430519104004,49,,,,,0.581688,,8.097585,0.265037
780,75910,196.0,283.97,,10.361237798418317,6.218430519104004,49,,,,,0.581688,,8.097585,0.265037
781,76410,500.0,285.28,,10.361237798418317,6.218430519104004,49,,,,,0.581688,,8.097585,0.265037
782,76707,297.0,286.16,,10.361237798418317,6.218430519104004,49,,,,,0.581688,,8.097585,0.265037
783,76995,288.0,286.73,,10.361237798418317,6.218430519104004,49,,,,,0.581688,,8.097585,0.265037
784,77165,170.0,287.09,,10.232039942741395,6.544399261474609,50,,,,,0.578120,,7.972759,0.173431
785,77420,255.0,287.55,,10.232039942741395,6.544399261474609,50,,,,,0.578120,,7.972759,0.173431
786,77615,195.0,287.39,,10.232039942741395,6.544399261474609,50,,,,,0.578120,,7.972759,0.173431
787,78115,500.0,290.75,,10.232039942741395,6.544399261474609,50,,,,,0.578120,,7.972759,0.173431
788,78436,321.0,290.12,,10.232039942741395,6.544399261474609,50,,,,,0.578120,,7.972759,0.173431
789,78936,500.0,293.11,,10.232039942741395,6.544399261474609,50,,,,,0.578120,,7.972759,0.173431
790,79436,500.0,296.64,,10.232039942741395,6.544399261474609,50,,,,,0.578120,,7.972759,0.173431
791,79776,340.0,297.32,,10.232039942741395,6.544399261474609,50,,,,,0.578120,,7.972759,0.173431
792,80276,500.0,300.78,,10.232039942741395,6.544399261474609,50,,,,,0.578120,,7.972759,0.173431
793,80404,128.0,300.39,,10.232039942741395,6.544399261474609,50,,,,,0.578120,,7.972759,0.173431
794,80603,199.0,300.24,,10.232039942741395,6.544399261474609,50,,,,,0.578120,,7.972759,0.173431
795,81083,480.0,300.5,,10.232039942741395,6.544399261474609,50,,,,,0.578120,,7.972759,0.173431
796,81476,393.0,302.37,,10.232039942741395,6.544399261474609,50,,,,,0.578120,,7.972759,0.173431
797,81768,292.0,302.58,,10.232039942741395,6.544399261474609,50,,,,,0.578120,,7.972759,0.173431
798,82063,295.0,300.53,,10.232039942741395,6.544399261474609,50,,,,,0.578120,,7.972759,0.173431
799,82563,500.0,303.11,,10.232039942741395,6.544399261474609,50,,,500.0,0.0,0.578120,,7.972759,0.173431
800,82822,259.0,303.55,,9.856467247009277,6.797581911087036,51,,,,,0.577515,,7.787557,0.237265
801,83097,275.0,304.63,,9.856467247009277,6.797581911087036,51,,,,,0.577515,,7.787557,0.237265
802,83597,500.0,307.99,,9.856467247009277,6.797581911087036,51,,,,,0.577515,,7.787557,0.237265
803,83879,282.0,308.64,,9.856467247009277,6.797581911087036,51,,,,,0.577515,,7.787557,0.237265
804,84180,301.0,310.36,,9.856467247009277,6.797581911087036,51,,,,,0.577515,,7.787557,0.237265
805,84376,196.0,310.18,,9.856467247009277,6.797581911087036,51,,,,,0.577515,,7.787557,0.237265
806,84608,232.0,310.34,,9.856467247009277,6.797581911087036,51,,,,,0.577515,,7.787557,0.237265
807,84844,236.0,310.07,,9.856467247009277,6.797581911087036,51,,,,,0.577515,,7.787557,0.237265
808,85075,231.0,310.35,,9.856467247009277,6.797581911087036,51,,,,,0.577515,,7.787557,0.237265
809,85302,227.0,310.98,,9.856467247009277,6.797581911087036,51,,,,,0.577515,,7.787557,0.237265
810,85497,195.0,308.13,,9.856467247009277,6.797581911087036,51,,,,,0.577515,,7.787557,0.237265
811,85633,136.0,306.85,,9.856467247009277,6.797581911087036,51,,,,,0.577515,,7.787557,0.237265
812,85854,221.0,307.1,,9.856467247009277,6.797581911087036,51,,,,,0.577515,,7.787557,0.237265
813,86036,182.0,306.37,,9.856467247009277,6.797581911087036,51,,,,,0.577515,,7.787557,0.237265
814,86253,217.0,306.87,,9.856467247009277,6.797581911087036,51,,,,,0.577515,,7.787557,0.237265
815,86464,211.0,307.5,,9.856467247009277,6.797581911087036,51,,,,,0.577515,,7.787557,0.237265
816,86805,341.0,307.76,,9.502723560333251,7.114866733551025,52,,,,,0.576140,,8.104300,-0.094027
817,87128,323.0,305.99,,9.502723560333251,7.114866733551025,52,,,,,0.576140,,8.104300,-0.094027
818,87407,279.0,307.02,,9.502723560333251,7.114866733551025,52,,,,,0.576140,,8.104300,-0.094027
819,87657,250.0,306.36,,9.502723560333251,7.114866733551025,52,,,,,0.576140,,8.104300,-0.094027
820,87860,203.0,306.32,,9.502723560333251,7.114866733551025,52,,,,,0.576140,,8.104300,-0.094027
821,88137,277.0,304.34,,9.502723560333251,7.114866733551025,52,,,,,0.576140,,8.104300,-0.094027
822,88417,280.0,303.57,,9.502723560333251,7.114866733551025,52,,,,,0.576140,,8.104300,-0.094027
823,88686,269.0,302.28,,9.502723560333251,7.114866733551025,52,,,,,0.576140,,8.104300,-0.094027
824,89186,500.0,304.8,,9.502723560333251,7.114866733551025,52,,,,,0.576140,,8.104300,-0.094027
825,89686,500.0,306.26,,9.502723560333251,7.114866733551025,52,,,,,0.576140,,8.104300,-0.094027
826,90137,451.0,308.35,,9.502723560333251,7.114866733551025,52,,,,,0.576140,,8.104300,-0.094027
827,90440,303.0,309.03,,9.502723560333251,7.114866733551025,52,,,,,0.576140,,8.104300,-0.094027
828,90735,295.0,310.08,,9.502723560333251,7.114866733551025,52,,,,,0.576140,,8.104300,-0.094027
829,91080,345.0,312.24,,9.502723560333251,7.114866733551025,52,,,,,0.576140,,8.104300,-0.094027
830,91361,281.0,311.83,,9.502723560333251,7.114866733551025,52,,,,,0.576140,,8.104300,-0.094027
831,91554,193.0,311.65,,9.502723560333251,7.114866733551025,52,,,,,0.576140,,8.104300,-0.094027
832,91773,219.0,311.19,,9.113805122375489,7.452609062194824,53,,,,,0.574942,,7.354922,0.167686
833,92003,230.0,311.48,,9.113805122375489,7.452609062194824,53,,,,,0.574942,,7.354922,0.167686
834,92395,392.0,311.7,,9.113805122375489,7.452609062194824,53,,,,,0.574942,,7.354922,0.167686
835,92895,500.0,315.11,,9.113805122375489,7.452609062194824,53,,,,,0.574942,,7.354922,0.167686
836,93395,500.0,317.29,,9.113805122375489,7.452609062194824,53,,,,,0.574942,,7.354922,0.167686
837,93628,233.0,314.77,,9.113805122375489,7.4536120891571045,53,,,,,0.574942,,7.354922,0.167686
838,93799,171.0,311.56,,9.113805122375489,7.4536120891571045,53,,,,,0.574942,,7.354922,0.167686
839,94216,417.0,312.87,,9.113805122375489,7.4536120891571045,53,,,,,0.574942,,7.354922,0.167686
840,94590,374.0,313.82,,9.113805122375489,7.4536120891571045,53,,,,,0.574942,,7.354922,0.167686
841,94787,197.0,313.87,,9.113805122375489,7.4536120891571045,53,,,,,0.574942,,7.354922,0.167686
842,95287,500.0,313.87,,9.113805122375489,7.4536120891571045,53,,,,,0.574942,,7.354922,0.167686
843,95497,210.0,313.85,,9.113805122375489,7.4536120891571045,53,,,,,0.574942,,7.354922,0.167686
844,95775,278.0,315.06,,9.113805122375489,7.4536120891571045,53,,,,,0.574942,,7.354922,0.167686
845,96260,485.0,314.91,,9.113805122375489,7.4536120891571045,53,,,,,0.574942,,7.354922,0.167686
846,96557,297.0,315.44,,9.113805122375489,7.4536120891571045,53,,,,,0.574942,,7.354922,0.167686
847,96806,249.0,314.4,,9.113805122375489,7.4536120891571045,53,,,,,0.574942,,7.354922,0.167686
848,96995,189.0,314.18,,8.765682168006897,7.781670331954956,54,,,,,0.568411,,7.645823,0.003520
849,97255,260.0,314.85,,8.765682168006897,7.781670331954956,54,,,500.0,0.0,0.568411,,7.645823,0.003520
850,97755,500.0,314.85,,8.765682168006897,7.781670331954956,54,,,,,0.568411,,7.645823,0.003520
851,97984,229.0,314.42,,8.765682168006897,7.781670331954956,54,,,,,0.568411,,7.645823,0.003520
852,98202,218.0,314.65,,8.765682168006897,7.781670331954956,54,,,,,0.568411,,7.645823,0.003520
853,98652,450.0,315.75,,8.765682168006897,7.781670331954956,54,,,,,0.568411,,7.645823,0.003520
854,98808,156.0,312.34,,8.765682168006897,7.781670331954956,54,,,,,0.568411,,7.645823,0.003520
855,99065,257.0,312.66,,8.765682168006897,7.781670331954956,54,,,,,0.568411,,7.645823,0.003520
856,99390,325.0,313.67,,8.765682168006897,7.781670331954956,54,,,,,0.568411,,7.645823,0.003520
857,99764,374.0,312.54,,8.765682168006897,7.781670331954956,54,,,,,0.568411,,7.645823,0.003520
858,99962,198.0,311.97,,8.765682168006897,7.781670331954956,54,,,,,0.568411,,7.645823,0.003520
859,100144,182.0,308.79,,8.765682168006897,7.781670331954956,54,,,,,0.568411,,7.645823,0.003520
860,100536,392.0,309.72,,8.765682168006897,7.781670331954956,54,,,,,0.568411,,7.645823,0.003520
861,100739,203.0,309.96,,8.765682168006897,7.781670331954956,54,,,,,0.568411,,7.645823,0.003520
862,101239,500.0,313.08,,8.765682168006897,7.781670331954956,54,,,,,0.568411,,7.645823,0.003520
863,101537,298.0,314.17,,8.765682168006897,7.781670331954956,54,,,,,0.568411,,7.645823,0.003520
864,101712,175.0,310.92,,8.421117281913757,8.113810062408447,55,,,,,0.569776,,6.783299,0.295105
865,102212,500.0,310.92,,8.421117281913757,8.113810062408447,55,,,,,0.569776,,6.783299,0.295105
866,102495,283.0,310.72,,8.421117281913757,8.113810062408447,55,,,,,0.569776,,6.783299,0.295105
867,102812,317.0,309.63,,8.421117281913757,8.113810062408447,55,,,,,0.569776,,6.783299,0.295105
868,103016,204.0,309.4,,8.421117281913757,8.113810062408447,55,,,,,0.569776,,6.783299,0.295105
869,103348,332.0,307.72,,8.421117281913757,8.113810062408447,55,,,,,0.569776,,6.783299,0.295105
870,103509,161.0,307.11,,8.421117281913757,8.113810062408447,55,,,,,0.569776,,6.783299,0.295105
871,104009,500.0,309.9,,8.421117281913757,8.113810062408447,55,,,,,0.569776,,6.783299,0.295105
872,104188,179.0,306.69,,8.421117281913757,8.113810062408447,55,,,,,0.569776,,6.783299,0.295105
873,104499,311.0,307.67,,8.421117281913757,8.113810062408447,55,,,,,0.569776,,6.783299,0.295105
874,104999,500.0,307.67,,8.421117281913757,8.113810062408447,55,,,,,0.569776,,6.783299,0.295105
875,105450,451.0,309.93,,8.421117281913757,8.113810062408447,55,,,,,0.569776,,6.783299,0.295105
876,105659,209.0,307.31,,8.421117281913757,8.113810062408447,55,,,,,0.569776,,6.783299,0.295105
877,106159,500.0,310.88,,8.421117281913757,8.113810062408447,55,,,,,0.569776,,6.783299,0.295105
878,106382,223.0,310.24,,8.421117281913757,8.113810062408447,55,,,,,0.569776,,6.783299,0.295105
879,106611,229.0,308.97,,8.421117281913757,8.113810062408447,55,,,,,0.569776,,6.783299,0.295105
880,107083,472.0,311.73,,8.085525178909302,8.488770961761475,56,,,,,0.570567,,6.562022,0.117079
881,107410,327.0,310.0,,8.085525178909302,8.488770961761475,56,,,,,0.570567,,6.562022,0.117079
882,107804,394.0,310.97,,8.085525178909302,8.488770961761475,56,,,,,0.570567,,6.562022,0.117079
883,108196,392.0,312.01,,8.085525178909302,8.488770961761475,56,,,,,0.570567,,6.562022,0.117079
884,108696,500.0,315.31,,8.085525178909302,8.488770961761475,56,,,,,0.570567,,6.562022,0.117079
885,109196,500.0,317.76,,8.085525178909302,8.488770961761475,56,,,,,0.570567,,6.562022,0.117079
886,109516,320.0,319.01,,8.085525178909302,8.488770961761475,56,,,,,0.570567,,6.562022,0.117079
887,110016,500.0,319.01,,8.085525178909302,8.488770961761475,56,,,,,0.570567,,6.562022,0.117079
888,110516,500.0,320.8,,8.085525178909302,8.488770961761475,56,,,,,0.570567,,6.562022,0.117079
889,110689,173.0,317.53,,8.085525178909302,8.488770961761475,56,,,,,0.570567,,6.562022,0.117079
890,111007,318.0,315.71,,8.085525178909302,8.488770961761475,56,,,,,0.570567,,6.562022,0.117079
891,111310,303.0,315.34,,8.085525178909302,8.488770961761475,56,,,,,0.570567,,6.562022,0.117079
892,111549,239.0,312.73,,8.085525178909302,8.488770961761475,56,,,,,0.570567,,6.562022,0.117079
893,112049,500.0,316.45,,8.085525178909302,8.488770961761475,56,,,,,0.570567,,6.562022,0.117079
894,112549,500.0,319.46,,8.085525178909302,8.488770961761475,56,,,,,0.570567,,6.562022,0.117079
895,112848,299.0,317.65,,8.085525178909302,8.488770961761475,56,,,,,0.570567,,6.562022,0.117079
896,113141,293.0,316.65,,7.785422530174255,8.878207921981812,57,,,,,0.565310,,6.785217,-0.121601
897,113372,231.0,316.04,,7.785422530174255,8.878207921981812,57,,,,,0.565310,,6.785217,-0.121601
898,113648,276.0,315.85,,7.785422530174255,8.878207921981812,57,,,,,0.565310,,6.785217,-0.121601
899,114148,500.0,315.85,,7.785422530174255,8.878207921981812,57,,,500.0,0.0,0.565310,,6.785217,-0.121601
900,114648,500.0,318.26,,7.785422530174255,8.878207921981812,57,,,,,0.565310,,6.785217,-0.121601
901,114855,207.0,317.58,,7.785422530174255,8.878207921981812,57,,,,,0.565310,,6.785217,-0.121601
902,115317,462.0,317.2,,7.785422530174255,8.878207921981812,57,,,,,0.565310,,6.785217,-0.121601
903,115817,500.0,319.38,,7.785422530174255,8.878207921981812,57,,,,,0.565310,,6.785217,-0.121601
904,116317,500.0,321.37,,7.785422530174255,8.878207921981812,57,,,,,0.565310,,6.785217,-0.121601
905,116817,500.0,324.41,,7.785422530174255,8.878207921981812,57,,,,,0.565310,,6.785217,-0.121601
906,117317,500.0,327.09,,7.785422530174255,8.878207921981812,57,,,,,0.565310,,6.785217,-0.121601
907,117817,500.0,329.73,,7.785422530174255,8.878207921981812,57,,,,,0.565310,,6.785217,-0.121601
908,118028,211.0,329.53,,7.785422530174255,8.878207921981812,57,,,,,0.565310,,6.785217,-0.121601
909,118500,472.0,331.98,,7.785422530174255,8.878207921981812,57,,,,,0.565310,,6.785217,-0.121601
910,118833,333.0,333.36,,7.785422530174255,8.878207921981812,57,,,,,0.565310,,6.785217,-0.121601
911,119056,223.0,334.23,,7.785422530174255,8.878207921981812,57,,,,,0.565310,,6.785217,-0.121601
912,119556,500.0,337.02,,7.536496620178223,9.220327377319336,58,,,,,0.567801,,6.527909,0.077946
913,119832,276.0,337.96,,7.536496620178223,9.220327377319336,58,,,,,0.567801,,6.527909,0.077946
914,120045,213.0,337.92,,7.536496620178223,9.220327377319336,58,,,,,0.567801,,6.527909,0.077946
915,120319,274.0,338.55,,7.536496620178223,9.220327377319336,58,,,,,0.567801,,6.527909,0.077946
916,120631,312.0,338.26,,7.536496620178223,9.220327377319336,58,,,,,0.567801,,6.527909,0.077946
917,120837,206.0,337.09,,7.536496620178223,9.220327377319336,58,,,,,0.567801,,6.527909,0.077946
918,121337,500.0,339.3,,7.536496620178223,9.220327377319336,58,,,,,0.567801,,6.527909,0.077946
919,121752,415.0,340.95,,7.536496620178223,9.220327377319336,58,,,,,0.567801,,6.527909,0.077946
920,122210,458.0,343.5,,7.536496620178223,9.220327377319336,58,,,,,0.567801,,6.527909,0.077946
921,122505,295.0,343.68,,7.536496620178223,9.220327377319336,58,,,,,0.567801,,6.527909,0.077946
922,123005,500.0,345.88,,7.536496620178223,9.220327377319336,58,,,,,0.567801,,6.527909,0.077946
923,123360,355.0,346.74,,7.536496620178223,9.220327377319336,58,,,,,0.567801,,6.527909,0.077946
924,123860,500.0,346.74,,7.536496620178223,9.220327377319336,58,,,,,0.567801,,6.527909,0.077946
925,124360,500.0,346.74,,7.536496620178223,9.220327377319336,58,,,,,0.567801,,6.527909,0.077946
926,124860,500.0,347.23,,7.536496620178223,9.220327377319336,58,,,,,0.567801,,6.527909,0.077946
927,125155,295.0,347.15,,7.536496620178223,9.220327377319336,58,,,,,0.567801,,6.527909,0.077946
928,125404,249.0,346.69,,7.291514234542847,9.544186115264893,59,,,,,0.562619,,6.537871,0.142528
929,125904,500.0,348.24,,7.291514234542847,9.544186115264893,59,,,,,0.562619,,6.537871,0.142528
930,126225,321.0,348.64,,7.291514234542847,9.544186115264893,59,,,,,0.562619,,6.537871,0.142528
931,126526,301.0,349.72,,7.291514234542847,9.544186115264893,59,,,,,0.562619,,6.537871,0.142528
932,126783,257.0,350.1,,7.291514234542847,9.544186115264893,59,,,,,0.562619,,6.537871,0.142528
933,127220,437.0,352.17,,7.291514234542847,9.544186115264893,59,,,,,0.562619,,6.537871,0.142528
934,127433,213.0,350.38,,7.291514234542847,9.544186115264893,59,,,,,0.562619,,6.537871,0.142528
935,127880,447.0,349.85,,7.291514234542847,9.544186115264893,59,,,,,0.562619,,6.537871,0.142528
936,128380,500.0,349.85,,7.291514234542847,9.54518985748291,59,,,,,0.562619,,6.537871,0.142528
937,128759,379.0,351.31,,7.291514234542847,9.54518985748291,59,,,,,0.562619,,6.537871,0.142528
938,129200,441.0,354.01,,7.291514234542847,9.54518985748291,59,,,,,0.562619,,6.537871,0.142528
939,129454,254.0,352.38,,7.291514234542847,9.54518985748291,59,,,,,0.562619,,6.537871,0.142528
940,129954,500.0,353.64,,7.291514234542847,9.54518985748291,59,,,,,0.562619,,6.537871,0.142528
941,130311,357.0,355.24,,7.291514234542847,9.54518985748291,59,,,,,0.562619,,6.537871,0.142528
942,130811,500.0,355.24,,7.291514234542847,9.54518985748291,59,,,,,0.562619,,6.537871,0.142528
943,131076,265.0,355.79,,7.291514234542847,9.54518985748291,59,,,,,0.562619,,6.537871,0.142528
944,131520,444.0,357.45,,7.042708950042725,9.897514581680298,60,,,,,0.562830,,6.187043,0.218983
945,131806,286.0,355.46,,7.042708950042725,9.897514581680298,60,,,,,0.562830,,6.187043,0.218983
946,132131,325.0,355.74,,7.042708950042725,9.897514581680298,60,,,,,0.562830,,6.187043,0.218983
947,132355,224.0,355.49,,7.042708950042725,9.897514581680298,60,,,,,0.562830,,6.187043,0.218983
948,132855,500.0,358.6,,7.042708950042725,9.897514581680298,60,,,,,0.562830,,6.187043,0.218983
949,133355,500.0,361.0,,7.042708950042725,9.897514581680298,60,,,500.0,0.0,0.562830,,6.187043,0.218983
950,133554,199.0,357.99,,7.042708950042725,9.897514581680298,60,,,,,0.562830,,6.187043,0.218983
951,134054,500.0,360.7,,7.042708950042725,9.897514581680298,60,,,,,0.562830,,6.187043,0.218983
952,134490,436.0,362.88,,7.042708950042725,9.897514581680298,60,,,,,0.562830,,6.187043,0.218983
953,134990,500.0,363.38,,7.042708950042725,9.897514581680298,60,,,,,0.562830,,6.187043,0.218983
954,135360,370.0,365.52,,7.042708950042725,9.897514581680298,60,,,,,0.562830,,6.187043,0.218983
955,135860,500.0,367.95,,7.042708950042725,9.897514581680298,60,,,,,0.562830,,6.187043,0.218983
956,136187,327.0,367.97,,7.042708950042725,9.897514581680298,60,,,,,0.562830,,6.187043,0.218983
957,136667,480.0,369.03,,7.042708950042725,9.898512840270996,60,,,,,0.562830,,6.187043,0.218983
958,136985,318.0,370.23,,7.042708950042725,9.898512840270996,60,,,,,0.562830,,6.187043,0.218983
959,137379,394.0,372.35,,7.042708950042725,9.898512840270996,60,,,,,0.562830,,6.187043,0.218983
960,137879,500.0,373.43,,6.7907323026657105,10.246554613113403,61,,,,,0.563364,,5.680567,0.278290
961,138379,500.0,376.4,,6.7907323026657105,10.246554613113403,61,,,,,0.563364,,5.680567,0.278290
962,138879,500.0,376.4,,6.7907323026657105,10.246554613113403,61,,,,,0.563364,,5.680567,0.278290
963,139319,440.0,377.82,,6.7907323026657105,10.246554613113403,61,,,,,0.563364,,5.680567,0.278290
964,139731,412.0,380.19,,6.7907323026657105,10.246554613113403,61,,,,,0.563364,,5.680567,0.278290
965,139994,263.0,377.82,,6.7907323026657105,10.247578620910645,61,,,,,0.563364,,5.680567,0.278290
966,140494,500.0,379.99,,6.7907323026657105,10.247578620910645,61,,,,,0.563364,,5.680567,0.278290
967,140986,492.0,381.74,,6.7907323026657105,10.247578620910645,61,,,,,0.563364,,5.680567,0.278290
968,141220,234.0,382.04,,6.7907323026657105,10.247578620910645,61,,,,,0.563364,,5.680567,0.278290
969,141720,500.0,383.72,,6.7907323026657105,10.247578620910645,61,,,,,0.563364,,5.680567,0.278290
970,142220,500.0,387.11,,6.7907323026657105,10.247578620910645,61,,,,,0.563364,,5.680567,0.278290
971,142532,312.0,385.23,,6.7907323026657105,10.247578620910645,61,,,,,0.563364,,5.680567,0.278290
972,143032,500.0,388.44,,6.7907323026657105,10.247578620910645,61,,,,,0.563364,,5.680567,0.278290
973,143376,344.0,388.77,,6.7907323026657105,10.247578620910645,61,,,,,0.563364,,5.680567,0.278290
974,143876,500.0,388.77,,6.7907323026657105,10.247578620910645,61,,,,,0.563364,,5.680567,0.278290
975,144376,500.0,389.26,,6.7907323026657105,10.247578620910645,61,,,,,0.563364,,5.680567,0.278290
976,144876,500.0,392.17,,6.575239253044129,10.604225873947144,62,,,,,0.564333,,5.489163,0.245484
977,145376,500.0,392.17,,6.575239253044129,10.604225873947144,62,,,,,0.564333,,5.489163,0.245484
978,145876,500.0,394.94,,6.575239253044129,10.604225873947144,62,,,,,0.564333,,5.489163,0.245484
979,146141,265.0,395.3,,6.575239253044129,10.604225873947144,62,,,,,0.564333,,5.489163,0.245484
980,146394,253.0,393.11,,6.575239253044129,10.604225873947144,62,,,,,0.564333,,5.489163,0.245484
981,146894,500.0,394.84,,6.575239253044129,10.604225873947144,62,,,,,0.564333,,5.489163,0.245484
982,147394,500.0,395.9,,6.575239253044129,10.604225873947144,62,,,,,0.564333,,5.489163,0.245484
983,147662,268.0,394.66,,6.575239253044129,10.604225873947144,62,,,,,0.564333,,5.489163,0.245484
984,148162,500.0,394.66,,6.575239253044129,10.604225873947144,62,,,,,0.564333,,5.489163,0.245484
985,148662,500.0,394.66,,6.575239253044129,10.604225873947144,62,,,,,0.564333,,5.489163,0.245484
986,149162,500.0,396.46,,6.575239253044129,10.604225873947144,62,,,,,0.564333,,5.489163,0.245484
987,149662,500.0,396.46,,6.575239253044129,10.604225873947144,62,,,,,0.564333,,5.489163,0.245484
988,150162,500.0,396.46,,6.575239253044129,10.604225873947144,62,,,,,0.564333,,5.489163,0.245484
989,150347,185.0,396.58,,6.575239253044129,10.604225873947144,62,,,,,0.564333,,5.489163,0.245484
990,150709,362.0,397.02,,6.575239253044129,10.604225873947144,62,,,,,0.564333,,5.489163,0.245484
991,151209,500.0,398.99,,6.575239253044129,10.604225873947144,62,,,,,0.564333,,5.489163,0.245484
992,151379,170.0,398.3,,6.31023181438446,10.980806112289429,63,,,,,0.556209,,5.671640,0.388550
993,151879,500.0,398.3,,6.31023181438446,10.980806112289429,63,,,,,0.556209,,5.671640,0.388550
994,152379,500.0,398.3,,6.31023181438446,10.980806112289429,63,,,,,0.556209,,5.671640,0.388550
995,152693,314.0,398.45,,6.31023181438446,10.980806112289429,63,,,,,0.556209,,5.671640,0.388550
996,153193,500.0,400.52,,6.31023181438446,10.980806112289429,63,,,,,0.556209,,5.671640,0.388550
997,153693,500.0,403.21,,6.31023181438446,10.980806112289429,63,,,,,0.556209,,5.671640,0.388550
998,154032,339.0,403.84,,6.31023181438446,10.980806112289429,63,,,,,0.556209,,5.671640,0.388550
999,154532,500.0,403.84,,6.31023181438446,10.980806112289429,63,,,500.0,0.0,0.556209,,5.671640,0.388550
1000,155032,500.0,403.84,,6.31023181438446,10.980806112289429,63,,,,,0.556209,,5.671640,0.388550
1001,155426,394.0,405.71,,6.31023181438446,10.980806112289429,63,,,,,0.556209,,5.671640,0.388550
1002,155926,500.0,406.09,,6.31023181438446,10.980806112289429,63,,,,,0.556209,,5.671640,0.388550
1003,156426,500.0,406.09,,6.31023181438446,10.980806112289429,63,,,,,0.556209,,5.671640,0.388550
1004,156926,500.0,406.09,,6.31023181438446,10.980806112289429,63,,,,,0.556209,,5.671640,0.388550
1005,157376,450.0,405.59,,6.31023181438446,10.980806112289429,63,,,,,0.556209,,5.671640,0.388550
1006,157876,500.0,405.59,,6.31023181438446,10.980806112289429,63,,,,,0.556209,,5.671640,0.388550
1007,158143,267.0,403.26,,6.31023181438446,10.981806755065918,63,,,,,0.556209,,5.671640,0.388550
1008,158643,500.0,406.15,,6.111734967231751,11.342822313308716,64,,,,,0.556554,,5.267407,-0.138715
1009,159143,500.0,406.43,,6.111734967231751,11.342822313308716,64,,,,,0.556554,,5.267407,-0.138715
1010,159643,500.0,408.1,,6.111734967231751,11.342822313308716,64,,,,,0.556554,,5.267407,-0.138715
1011,160143,500.0,410.87,,6.111734967231751,11.342822313308716,64,,,,,0.556554,,5.267407,-0.138715
1012,160486,343.0,409.3,,6.111734967231751,11.342822313308716,64,,,,,0.556554,,5.267407,-0.138715
1013,160986,500.0,411.54,,6.111734967231751,11.342822313308716,64,,,,,0.556554,,5.267407,-0.138715
1014,161486,500.0,414.41,,6.111734967231751,11.342822313308716,64,,,,,0.556554,,5.267407,-0.138715
1015,161986,500.0,416.67,,6.111734967231751,11.342822313308716,64,,,,,0.556554,,5.267407,-0.138715
1016,162486,500.0,418.55,,6.111734967231751,11.342822313308716,64,,,,,0.556554,,5.267407,-0.138715
1017,162986,500.0,421.49,,6.111734967231751,11.342822313308716,64,,,,,0.556554,,5.267407,-0.138715
1018,163486,500.0,421.49,,6.111734967231751,11.342822313308716,64,,,,,0.556554,,5.267407,-0.138715
1019,163986,500.0,422.34,,6.111734967231751,11.342822313308716,64,,,,,0.556554,,5.267407,-0.138715
1020,164241,255.0,420.31,,6.111734967231751,11.342822313308716,64,,,,,0.556554,,5.267407,-0.138715
1021,164741,500.0,422.36,,6.111734967231751,11.342822313308716,64,,,,,0.556554,,5.267407,-0.138715
1022,165083,342.0,420.78,,6.111734967231751,11.342822313308716,64,,,,,0.556554,,5.267407,-0.138715
1023,165583,500.0,422.23,,6.111734967231751,11.342822313308716,64,,,,,0.556554,,5.267407,-0.138715
1024,165990,407.0,421.3,,5.89836476802826,11.685945272445679,65,,,,,0.555232,,5.456154,0.391985
1025,166490,500.0,421.3,,5.89836476802826,11.685945272445679,65,,,,,0.555232,,5.456154,0.391985
1026,166990,500.0,421.3,,5.89836476802826,11.685945272445679,65,,,,,0.555232,,5.456154,0.391985
1027,167429,439.0,422.74,,5.89836476802826,11.685945272445679,65,,,,,0.555232,,5.456154,0.391985
1028,167929,500.0,425.25,,5.89836476802826,11.685945272445679,65,,,,,0.555232,,5.456154,0.391985
1029,168429,500.0,425.25,,5.89836476802826,11.685945272445679,65,,,,,0.555232,,5.456154,0.391985
1030,168929,500.0,427.04,,5.89836476802826,11.685945272445679,65,,,,,0.555232,,5.456154,0.391985
1031,169429,500.0,429.03,,5.89836476802826,11.685945272445679,65,,,,,0.555232,,5.456154,0.391985
1032,169763,334.0,429.8,,5.89836476802826,11.685945272445679,65,,,,,0.555232,,5.456154,0.391985
1033,170263,500.0,430.43,,5.89836476802826,11.685945272445679,65,,,,,0.555232,,5.456154,0.391985
1034,170763,500.0,433.3,,5.89836476802826,11.685945272445679,65,,,,,0.555232,,5.456154,0.391985
1035,171212,449.0,433.32,,5.89836476802826,11.685945272445679,65,,,,,0.555232,,5.456154,0.391985
1036,171643,431.0,432.63,,5.89836476802826,11.685945272445679,65,,,,,0.555232,,5.456154,0.391985
1037,172143,500.0,433.84,,5.89836476802826,11.685945272445679,65,,,,,0.555232,,5.456154,0.391985
1038,172643,500.0,434.43,,5.89836476802826,11.685945272445679,65,,,,,0.555232,,5.456154,0.391985
1039,173138,495.0,436.84,,5.89836476802826,11.685945272445679,65,,,,,0.555232,,5.456154,0.391985
1040,173638,500.0,436.84,,5.702781019210815,12.030595064163208,66,,,,,0.553502,,5.077451,0.168086
1041,173923,285.0,436.12,,5.702781019210815,12.030595064163208,66,,,,,0.553502,,5.077451,0.168086
1042,174423,500.0,436.12,,5.702781019210815,12.030595064163208,66,,,,,0.553502,,5.077451,0.168086
1043,174923,500.0,438.47,,5.702781019210815,12.030595064163208,66,,,,,0.553502,,5.077451,0.168086
1044,175423,500.0,439.03,,5.702781019210815,12.030595064163208,66,,,,,0.553502,,5.077451,0.168086
1045,175923,500.0,441.17,,5.702781019210815,12.030595064163208,66,,,,,0.553502,,5.077451,0.168086
1046,176183,260.0,440.52,,5.702781019210815,12.030595064163208,66,,,,,0.553502,,5.077451,0.168086
1047,176683,500.0,443.28,,5.702781019210815,12.030595064163208,66,,,,,0.553502,,5.077451,0.168086
1048,177183,500.0,443.28,,5.702781019210815,12.030595064163208,66,,,,,0.553502,,5.077451,0.168086
1049,177683,500.0,443.28,,5.702781019210815,12.030595064163208,66,,,500.0,0.0,0.553502,,5.077451,0.168086
1050,178183,500.0,446.29,,5.702781019210815,12.030595064163208,66,,,,,0.553502,,5.077451,0.168086
1051,178544,361.0,444.9,,5.702781019210815,12.030595064163208,66,,,,,0.553502,,5.077451,0.168086
1052,179008,464.0,445.18,,5.702781019210815,12.030595064163208,66,,,,,0.553502,,5.077451,0.168086
1053,179380,372.0,443.9,,5.702781019210815,12.030595064163208,66,,,,,0.553502,,5.077451,0.168086
1054,179880,500.0,445.2,,5.702781019210815,12.030595064163208,66,,,,,0.553502,,5.077451,0.168086
1055,180380,500.0,445.2,,5.702781019210815,12.030595064163208,66,,,,,0.553502,,5.077451,0.168086
1056,180880,500.0,446.93,,5.419455151557923,12.411992311477661,67,,,,,0.550976,,5.019944,0.187842
1057,181380,500.0,447.13,,5.419455151557923,12.411992311477661,67,,,,,0.550976,,5.019944,0.187842
1058,181880,500.0,448.95,,5.419455151557923,12.411992311477661,67,,,,,0.550976,,5.019944,0.187842
1059,182380,500.0,450.01,,5.419455151557923,12.411992311477661,67,,,,,0.550976,,5.019944,0.187842
1060,182880,500.0,450.01,,5.419455151557923,12.411992311477661,67,,,,,0.550976,,5.019944,0.187842
1061,183380,500.0,450.01,,5.419455151557923,12.411992311477661,67,,,,,0.550976,,5.019944,0.187842
1062,183875,495.0,449.96,,5.419455151557923,12.411992311477661,67,,,,,0.550976,,5.019944,0.187842
1063,184375,500.0,450.56,,5.419455151557923,12.411992311477661,67,,,,,0.550976,,5.019944,0.187842
1064,184770,395.0,450.39,,5.419455151557923,12.411992311477661,67,,,,,0.550976,,5.019944,0.187842
1065,185270,500.0,452.76,,5.419455151557923,12.411992311477661,67,,,,,0.550976,,5.019944,0.187842
1066,185770,500.0,452.76,,5.419455151557923,12.411992311477661,67,,,,,0.550976,,5.019944,0.187842
1067,186270,500.0,452.84,,5.419455151557923,12.411992311477661,67,,,,,0.550976,,5.019944,0.187842
1068,186770,500.0,455.5,,5.419455151557923,12.411992311477661,67,,,,,0.550976,,5.019944,0.187842
1069,187270,500.0,455.5,,5.419455151557923,12.411992311477661,67,,,,,0.550976,,5.019944,0.187842
1070,187750,480.0,455.3,,5.419455151557923,12.411992311477661,67,,,,,0.550976,,5.019944,0.187842
1071,188250,500.0,457.18,,5.419455151557923,12.411992311477661,67,,,,,0.550976,,5.019944,0.187842
1072,188443,193.0,454.11,,5.215411715507507,12.764993667602539,68,,,,,0.551853,,4.930341,0.538354
1073,188943,500.0,455.67,,5.215411715507507,12.764993667602539,68,,,,,0.551853,,4.930341,0.538354
1074,189443,500.0,455.67,,5.215411715507507,12.764993667602539,68,,,,,0.551853,,4.930341,0.538354
1075,189943,500.0,455.67,,5.215411715507507,12.764993667602539,68,,,,,0.551853,,4.930341,0.538354
1076,190443,500.0,455.67,,5.215411715507507,12.764993667602539,68,,,,,0.551853,,4.930341,0.538354
1077,190943,500.0,455.67,,5.215411715507507,12.764993667602539,68,,,,,0.551853,,4.930341,0.538354
1078,191296,353.0,454.2,,5.215411715507507,12.764993667602539,68,,,,,0.551853,,4.930341,0.538354
1079,191796,500.0,456.55,,5.215411715507507,12.764993667602539,68,,,,,0.551853,,4.930341,0.538354
1080,191991,195.0,455.97,,5.215411715507507,12.764993667602539,68,,,,,0.551853,,4.930341,0.538354
1081,192491,500.0,455.97,,5.215411715507507,12.764993667602539,68,,,,,0.551853,,4.930341,0.538354
1082,192991,500.0,455.97,,5.215411715507507,12.764993667602539,68,,,,,0.551853,,4.930341,0.538354
1083,193491,500.0,458.29,,5.215411715507507,12.764993667602539,68,,,,,0.551853,,4.930341,0.538354
1084,193795,304.0,456.33,,5.215411715507507,12.764993667602539,68,,,,,0.551853,,4.930341,0.538354
1085,194208,413.0,455.46,,5.215411715507507,12.764993667602539,68,,,,,0.551853,,4.930341,0.538354
1086,194596,388.0,454.34,,5.215411715507507,12.764993667602539,68,,,,,0.551853,,4.930341,0.538354
1087,195096,500.0,454.34,,5.215411715507507,12.764993667602539,68,,,,,0.551853,,4.930341,0.538354
1088,195521,425.0,453.59,,5.0545081043243405,13.120891332626343,69,,,,,0.545868,,5.018401,0.255058
1089,196021,500.0,456.74,,5.0545081043243405,13.120891332626343,69,,,,,0.545868,,5.018401,0.255058
1090,196521,500.0,458.12,,5.0545081043243405,13.120891332626343,69,,,,,0.545868,,5.018401,0.255058
1091,197021,500.0,458.12,,5.0545081043243405,13.120891332626343,69,,,,,0.545868,,5.018401,0.255058
1092,197505,484.0,461.26,,5.0545081043243405,13.120891332626343,69,,,,,0.545868,,5.018401,0.255058
1093,197852,347.0,459.73,,5.0545081043243405,13.120891332626343,69,,,,,0.545868,,5.018401,0.255058
1094,198352,500.0,459.73,,5.0545081043243405,13.120891332626343,69,,,,,0.545868,,5.018401,0.255058
1095,198717,365.0,460.24,,5.0545081043243405,13.120891332626343,69,,,,,0.545868,,5.018401,0.255058
1096,199217,500.0,460.24,,5.0545081043243405,13.120891332626343,69,,,,,0.545868,,5.018401,0.255058
1097,199717,500.0,460.24,,5.0545081043243405,13.120891332626343,69,,,,,0.545868,,5.018401,0.255058
1098,200083,366.0,460.51,,5.0545081043243405,13.121892213821411,69,,,,,0.545868,,5.018401,0.255058
1099,200583,500.0,460.51,,5.0545081043243405,13.121892213821411,69,,,500.0,0.0,0.545868,,5.018401,0.255058
1100,201083,500.0,460.51,,5.0545081043243405,13.121892213821411,69,,,,,0.545868,,5.018401,0.255058
1101,201498,415.0,460.72,,5.0545081043243405,13.121892213821411,69,,,,,0.545868,,5.018401,0.255058
1102,201998,500.0,460.72,,5.0545081043243405,13.121892213821411,69,,,,,0.545868,,5.018401,0.255058
1103,202498,500.0,460.72,,5.0545081043243405,13.121892213821411,69,,,,,0.545868,,5.018401,0.255058
1104,202998,500.0,460.72,,4.869300794601441,13.48648715019226,70,,,,,0.543907,,4.736000,0.426110
1105,203490,492.0,461.14,,4.869300794601441,13.48648715019226,70,,,,,0.543907,,4.736000,0.426110
1106,203980,490.0,461.04,,4.869300794601441,13.48648715019226,70,,,,,0.543907,,4.736000,0.426110
1107,204480,500.0,463.37,,4.869300794601441,13.48648715019226,70,,,,,0.543907,,4.736000,0.426110
1108,204898,418.0,462.55,,4.869300794601441,13.48648715019226,70,,,,,0.543907,,4.736000,0.426110
1109,205398,500.0,462.55,,4.869300794601441,13.48648715019226,70,,,,,0.543907,,4.736000,0.426110
1110,205877,479.0,462.34,,4.869300794601441,13.488026142120361,70,,,,,0.543907,,4.736000,0.426110
1111,206377,500.0,462.34,,4.869300794601441,13.488026142120361,70,,,,,0.543907,,4.736000,0.426110
1112,206877,500.0,463.91,,4.869300794601441,13.488026142120361,70,,,,,0.543907,,4.736000,0.426110
1113,207377,500.0,463.91,,4.869300794601441,13.488026142120361,70,,,,,0.543907,,4.736000,0.426110
1114,207693,316.0,462.07,,4.869300794601441,13.488026142120361,70,,,,,0.543907,,4.736000,0.426110
1115,208193,500.0,462.07,,4.869300794601441,13.488026142120361,70,,,,,0.543907,,4.736000,0.426110
1116,208693,500.0,462.07,,4.869300794601441,13.488026142120361,70,,,,,0.543907,,4.736000,0.426110
1117,209161,468.0,461.75,,4.869300794601441,13.488026142120361,70,,,,,0.543907,,4.736000,0.426110
1118,209661,500.0,461.75,,4.869300794601441,13.488026142120361,70,,,,,0.543907,,4.736000,0.426110
1119,210161,500.0,461.75,,4.869300794601441,13.488026142120361,70,,,,,0.543907,,4.736000,0.426110
1120,210604,443.0,463.63,,4.722458138465881,13.849579572677612,71,,,,,0.545257,,4.688380,0.464475
1121,211104,500.0,463.63,,4.722458138465881,13.849579572677612,71,,,,,0.545257,,4.688380,0.464475
1122,211604,500.0,465.21,,4.722458138465881,13.849579572677612,71,,,,,0.545257,,4.688380,0.464475
1123,212104,500.0,465.21,,4.722458138465881,13.849579572677612,71,,,,,0.545257,,4.688380,0.464475
1124,212604,500.0,466.14,,4.722458138465881,13.849579572677612,71,,,,,0.545257,,4.688380,0.464475
1125,213103,499.0,466.13,,4.722458138465881,13.849579572677612,71,,,,,0.545257,,4.688380,0.464475
1126,213603,500.0,466.13,,4.722458138465881,13.849579572677612,71,,,,,0.545257,,4.688380,0.464475
1127,213876,273.0,464.47,,4.722458138465881,13.849579572677612,71,,,,,0.545257,,4.688380,0.464475
1128,214148,272.0,462.19,,4.722458138465881,13.849579572677612,71,,,,,0.545257,,4.688380,0.464475
1129,214593,445.0,461.64,,4.722458138465881,13.849579572677612,71,,,,,0.545257,,4.688380,0.464475
1130,215093,500.0,461.64,,4.722458138465881,13.849579572677612,71,,,,,0.545257,,4.688380,0.464475
1131,215593,500.0,461.64,,4.722458138465881,13.849579572677612,71,,,,,0.545257,,4.688380,0.464475
1132,216042,449.0,462.79,,4.722458138465881,13.849579572677612,71,,,,,0.545257,,4.688380,0.464475
1133,216542,500.0,462.79,,4.722458138465881,13.849579572677612,71,,,,,0.545257,,4.688380,0.464475
1134,216973,431.0,462.1,,4.722458138465881,13.849579572677612,71,,,,,0.545257,,4.688380,0.464475
1135,217280,307.0,460.68,,4.722458138465881,13.849579572677612,71,,,,,0.545257,,4.688380,0.464475
1136,217631,351.0,459.88,,4.587714776992798,14.232374906539917,72,,,,,0.543806,,4.576169,0.410911
1137,218118,487.0,459.75,,4.587714776992798,14.232374906539917,72,,,,,0.543806,,4.576169,0.410911
1138,218618,500.0,459.75,,4.587714776992798,14.232374906539917,72,,,,,0.543806,,4.576169,0.410911
1139,219118,500.0,459.8,,4.587714776992798,14.232374906539917,72,,,,,0.543806,,4.576169,0.410911
1140,219379,261.0,457.41,,4.587714776992798,14.232374906539917,72,,,,,0.543806,,4.576169,0.410911
1141,219758,379.0,458.35,,4.587714776992798,14.232374906539917,72,,,,,0.543806,,4.576169,0.410911
1142,220258,500.0,458.35,,4.587714776992798,14.232374906539917,72,,,,,0.543806,,4.576169,0.410911
1143,220758,500.0,458.35,,4.587714776992798,14.232374906539917,72,,,,,0.543806,,4.576169,0.410911
1144,221208,450.0,457.85,,4.587714776992798,14.232374906539917,72,,,,,0.543806,,4.576169,0.410911
1145,221708,500.0,457.85,,4.587714776992798,14.232374906539917,72,,,,,0.543806,,4.576169,0.410911
1146,222208,500.0,460.25,,4.587714776992798,14.232374906539917,72,,,,,0.543806,,4.576169,0.410911
1147,222608,400.0,459.25,,4.587714776992798,14.232374906539917,72,,,,,0.543806,,4.576169,0.410911
1148,223108,500.0,459.25,,4.587714776992798,14.232374906539917,72,,,,,0.543806,,4.576169,0.410911
1149,223594,486.0,459.11,,4.587714776992798,14.232374906539917,72,,,500.0,0.0,0.543806,,4.576169,0.410911
1150,224075,481.0,458.92,,4.587714776992798,14.232374906539917,72,,,,,0.543806,,4.576169,0.410911
1151,224575,500.0,460.31,,4.587714776992798,14.232374906539917,72,,,,,0.543806,,4.576169,0.410911
1152,225075,500.0,460.67,,4.464349961280822,14.597571611404419,73,,,,,0.536595,,4.508341,0.454289
1153,225516,441.0,461.36,,4.464349961280822,14.597571611404419,73,,,,,0.536595,,4.508341,0.454289
1154,226016,500.0,461.36,,4.464349961280822,14.597571611404419,73,,,,,0.536595,,4.508341,0.454289
1155,226516,500.0,461.36,,4.464349961280822,14.597571611404419,73,,,,,0.536595,,4.508341,0.454289
1156,226836,320.0,459.56,,4.464349961280822,14.597571611404419,73,,,,,0.536595,,4.508341,0.454289
1157,227308,472.0,459.28,,4.464349961280822,14.597571611404419,73,,,,,0.536595,,4.508341,0.454289
1158,227808,500.0,459.28,,4.464349961280822,14.597571611404419,73,,,,,0.536595,,4.508341,0.454289
1159,228064,256.0,456.84,,4.464349961280822,14.597571611404419,73,,,,,0.536595,,4.508341,0.454289
1160,228564,500.0,456.84,,4.464349961280822,14.597571611404419,73,,,,,0.536595,,4.508341,0.454289
1161,229064,500.0,456.84,,4.464349961280822,14.597571611404419,73,,,,,0.536595,,4.508341,0.454289
1162,229564,500.0,456.89,,4.464349961280822,14.597571611404419,73,,,,,0.536595,,4.508341,0.454289
1163,229828,264.0,454.53,,4.464349961280822,14.597571611404419,73,,,,,0.536595,,4.508341,0.454289
1164,230328,500.0,455.58,,4.464349961280822,14.597571611404419,73,,,,,0.536595,,4.508341,0.454289
1165,230828,500.0,455.58,,4.464349961280822,14.597571611404419,73,,,,,0.536595,,4.508341,0.454289
1166,231328,500.0,455.58,,4.464349961280822,14.597571611404419,73,,,,,0.536595,,4.508341,0.454289
1167,231757,429.0,454.87,,4.464349961280822,14.597571611404419,73,,,,,0.536595,,4.508341,0.454289
1168,232257,500.0,454.87,,4.329068064689636,14.979414701461792,74,,,,,0.538532,,4.131111,0.347330
1169,232757,500.0,454.87,,4.329068064689636,14.979414701461792,74,,,,,0.538532,,4.131111,0.347330
1170,233145,388.0,453.95,,4.329068064689636,14.979414701461792,74,,,,,0.538532,,4.131111,0.347330
1171,233645,500.0,453.95,,4.329068064689636,14.979414701461792,74,,,,,0.538532,,4.131111,0.347330
1172,234145,500.0,457.02,,4.329068064689636,14.979414701461792,74,,,,,0.538532,,4.131111,0.347330
1173,234409,264.0,454.66,,4.329068064689636,14.979414701461792,74,,,,,0.538532,,4.131111,0.347330
1174,234909,500.0,454.66,,4.329068064689636,14.979414701461792,74,,,,,0.538532,,4.131111,0.347330
1175,235401,492.0,454.58,,4.329068064689636,14.979414701461792,74,,,,,0.538532,,4.131111,0.347330
1176,235901,500.0,454.58,,4.329068064689636,14.979414701461792,74,,,,,0.538532,,4.131111,0.347330
1177,236401,500.0,454.58,,4.329068064689636,14.979414701461792,74,,,,,0.538532,,4.131111,0.347330
1178,236901,500.0,456.05,,4.329068064689636,14.979414701461792,74,,,,,0.538532,,4.131111,0.347330
1179,237401,500.0,456.05,,4.329068064689636,14.979414701461792,74,,,,,0.538532,,4.131111,0.347330
1180,237901,500.0,459.1,,4.329068064689636,14.979414701461792,74,,,,,0.538532,,4.131111,0.347330
1181,238401,500.0,459.1,,4.329068064689636,14.979414701461792,74,,,,,0.538532,,4.131111,0.347330
1182,238901,500.0,459.1,,4.329068064689636,14.979414701461792,74,,,,,0.538532,,4.131111,0.347330
1183,239281,380.0,457.9,,4.329068064689636,14.979414701461792,74,,,,,0.538532,,4.131111,0.347330
1184,239781,500.0,459.86,,4.180082211494446,15.344019412994385,75,,,,,0.536820,,4.095324,0.310683
1185,240281,500.0,460.73,,4.180082211494446,15.344019412994385,75,,,,,0.536820,,4.095324,0.310683
1186,240552,271.0,459.56,,4.180082211494446,15.344019412994385,75,,,,,0.536820,,4.095324,0.310683
1187,241047,495.0,459.51,,4.180082211494446,15.344019412994385,75,,,,,0.536820,,4.095324,0.310683
1188,241547,500.0,460.26,,4.180082211494446,15.344019412994385,75,,,,,0.536820,,4.095324,0.310683
1189,242047,500.0,460.26,,4.180082211494446,15.344019412994385,75,,,,,0.536820,,4.095324,0.310683
1190,242547,500.0,460.26,,4.180082211494446,15.344019412994385,75,,,,,0.536820,,4.095324,0.310683
1191,243047,500.0,460.26,,4.180082211494446,15.344019412994385,75,,,,,0.536820,,4.095324,0.310683
1192,243547,500.0,460.42,,4.180082211494446,15.344019412994385,75,,,,,0.536820,,4.095324,0.310683
1193,244047,500.0,461.95,,4.180082211494446,15.344019412994385,75,,,,,0.536820,,4.095324,0.310683
1194,244547,500.0,461.95,,4.180082211494446,15.344019412994385,75,,,,,0.536820,,4.095324,0.310683
1195,245047,500.0,463.3,,4.180082211494446,15.344019412994385,75,,,,,0.536820,,4.095324,0.310683
1196,245331,284.0,461.14,,4.180082211494446,15.344019412994385,75,,,,,0.536820,,4.095324,0.310683
1197,245831,500.0,461.14,,4.180082211494446,15.344019412994385,75,,,,,0.536820,,4.095324,0.310683
1198,246172,341.0,460.89,,4.180082211494446,15.344019412994385,75,,,,,0.536820,,4.095324,0.310683
1199,246672,500.0,460.89,,4.180082211494446,15.344019412994385,75,,,500.0,0.0,0.536820,,4.095324,0.310683
1200,247172,500.0,460.89,,4.04669186592102,15.720486164093018,76,,,,,0.537763,,4.256076,0.316117
1201,247672,500.0,461.74,,4.04669186592102,15.720486164093018,76,,,,,0.537763,,4.256076,0.316117
1202,247947,275.0,459.49,,4.04669186592102,15.720486164093018,76,,,,,0.537763,,4.256076,0.316117
1203,248292,345.0,457.94,,4.04669186592102,15.720486164093018,76,,,,,0.537763,,4.256076,0.316117
1204,248792,500.0,457.94,,4.04669186592102,15.720486164093018,76,,,,,0.537763,,4.256076,0.316117
1205,249194,402.0,457.04,,4.04669186592102,15.720486164093018,76,,,,,0.537763,,4.256076,0.316117
1206,249694,500.0,457.14,,4.04669186592102,15.720486164093018,76,,,,,0.537763,,4.256076,0.316117
1207,250194,500.0,457.14,,4.04669186592102,15.720486164093018,76,,,,,0.537763,,4.256076,0.316117
1208,250694,500.0,457.96,,4.04669186592102,15.720486164093018,76,,,,,0.537763,,4.256076,0.316117
1209,251194,500.0,457.96,,4.04669186592102,15.720486164093018,76,,,,,0.537763,,4.256076,0.316117
1210,251522,328.0,456.45,,4.04669186592102,15.720486164093018,76,,,,,0.537763,,4.256076,0.316117
1211,251797,275.0,454.2,,4.04669186592102,15.720486164093018,76,,,,,0.537763,,4.256076,0.316117
1212,252101,304.0,452.24,,4.04669186592102,15.720486164093018,76,,,,,0.537763,,4.256076,0.316117
1213,252391,290.0,450.14,,4.04669186592102,15.720486164093018,76,,,,,0.537763,,4.256076,0.316117
1214,252853,462.0,451.6,,4.04669186592102,15.720486164093018,76,,,,,0.537763,,4.256076,0.316117
1215,253353,500.0,451.6,,4.04669186592102,15.720486164093018,76,,,,,0.537763,,4.256076,0.316117
1216,253825,472.0,451.32,,3.9179499101638795,16.081973791122437,77,,,,,0.534998,,4.339033,0.273629
1217,254325,500.0,451.64,,3.9179499101638795,16.081973791122437,77,,,,,0.534998,,4.339033,0.273629
1218,254825,500.0,451.64,,3.9179499101638795,16.081973791122437,77,,,,,0.534998,,4.339033,0.273629
1219,255325,500.0,451.64,,3.9179499101638795,16.081973791122437,77,,,,,0.534998,,4.339033,0.273629
1220,255633,308.0,450.29,,3.9179499101638795,16.081973791122437,77,,,,,0.534998,,4.339033,0.273629
1221,256117,484.0,450.13,,3.9179499101638795,16.081973791122437,77,,,,,0.534998,,4.339033,0.273629
1222,256617,500.0,450.13,,3.9179499101638795,16.081973791122437,77,,,,,0.534998,,4.339033,0.273629
1223,256898,281.0,447.94,,3.9179499101638795,16.081973791122437,77,,,,,0.534998,,4.339033,0.273629
1224,257398,500.0,447.94,,3.9179499101638795,16.08299207687378,77,,,,,0.534998,,4.339033,0.273629
1225,257800,402.0,446.97,,3.9179499101638795,16.08299207687378,77,,,,,0.534998,,4.339033,0.273629
1226,258063,263.0,444.6,,3.9179499101638795,16.08299207687378,77,,,,,0.534998,,4.339033,0.273629
1227,258421,358.0,445.45,,3.9179499101638795,16.08299207687378,77,,,,,0.534998,,4.339033,0.273629
1228,258921,500.0,447.73,,3.9179499101638795,16.08299207687378,77,,,,,0.534998,,4.339033,0.273629
1229,259243,322.0,446.5,,3.9179499101638795,16.08299207687378,77,,,,,0.534998,,4.339033,0.273629
1230,259481,238.0,443.88,,3.9179499101638795,16.08299207687378,77,,,,,0.534998,,4.339033,0.273629
1231,259757,276.0,441.64,,3.9179499101638795,16.08299207687378,77,,,,,0.534998,,4.339033,0.273629
1232,260257,500.0,442.15,,3.8163075399398805,16.41435194015503,78,,,,,0.532020,,4.170726,0.275445
1233,260757,500.0,442.15,,3.8163075399398805,16.41435194015503,78,,,,,0.532020,,4.170726,0.275445
1234,261257,500.0,442.84,,3.8163075399398805,16.41435194015503,78,,,,,0.532020,,4.170726,0.275445
1235,261537,280.0,442.57,,3.8163075399398805,16.415351629257202,78,,,,,0.532020,,4.170726,0.275445
1236,261721,184.0,440.9,,3.8163075399398805,16.415351629257202,78,,,,,0.532020,,4.170726,0.275445
1237,262146,425.0,440.28,,3.8163075399398805,16.415351629257202,78,,,,,0.532020,,4.170726,0.275445
1238,262626,480.0,440.08,,3.8163075399398805,16.415351629257202,78,,,,,0.532020,,4.170726,0.275445
1239,263000,374.0,438.82,,3.8163075399398805,16.415351629257202,78,,,,,0.532020,,4.170726,0.275445
1240,263226,226.0,438.47,,3.8163075399398805,16.415351629257202,78,,,,,0.532020,,4.170726,0.275445
1241,263726,500.0,439.68,,3.8163075399398805,16.415351629257202,78,,,,,0.532020,,4.170726,0.275445
1242,264226,500.0,439.68,,3.8163075399398805,16.415351629257202,78,,,,,0.532020,,4.170726,0.275445
1243,264714,488.0,439.56,,3.8163075399398805,16.415351629257202,78,,,,,0.532020,,4.170726,0.275445
1244,265214,500.0,440.06,,3.8163075399398805,16.415351629257202,78,,,,,0.532020,,4.170726,0.275445
1245,265714,500.0,440.06,,3.8163075399398805,16.415351629257202,78,,,,,0.532020,,4.170726,0.275445
1246,266147,433.0,439.39,,3.8163075399398805,16.415351629257202,78,,,,,0.532020,,4.170726,0.275445
1247,266647,500.0,440.39,,3.8163075399398805,16.415351629257202,78,,,,,0.532020,,4.170726,0.275445
1248,267067,420.0,439.59,,3.698775358200073,16.753170013427734,79,,,,,0.525953,,4.228967,0.308821
1249,267420,353.0,438.26,,3.698775358200073,16.753170013427734,79,,,500.0,0.0,0.525953,,4.228967,0.308821
1250,267749,329.0,436.74,,3.698775358200073,16.753170013427734,79,,,,,0.525953,,4.228967,0.308821
1251,268249,500.0,436.74,,3.698775358200073,16.753170013427734,79,,,,,0.525953,,4.228967,0.308821
1252,268683,434.0,436.08,,3.698775358200073,16.753170013427734,79,,,,,0.525953,,4.228967,0.308821
1253,269183,500.0,436.67,,3.698775358200073,16.753170013427734,79,,,,,0.525953,,4.228967,0.308821
1254,269405,222.0,433.89,,3.698775358200073,16.753170013427734,79,,,,,0.525953,,4.228967,0.308821
1255,269905,500.0,433.89,,3.698775358200073,16.753170013427734,79,,,,,0.525953,,4.228967,0.308821
1256,270139,234.0,433.03,,3.698775358200073,16.753170013427734,79,,,,,0.525953,,4.228967,0.308821
1257,270550,411.0,432.42,,3.698775358200073,16.753170013427734,79,,,,,0.525953,,4.228967,0.308821
1258,271016,466.0,432.08,,3.698775358200073,16.753170013427734,79,,,,,0.525953,,4.228967,0.308821
1259,271516,500.0,434.52,,3.698775358200073,16.753170013427734,79,,,,,0.525953,,4.228967,0.308821
1260,272016,500.0,434.52,,3.698775358200073,16.753170013427734,79,,,,,0.525953,,4.228967,0.308821
1261,272516,500.0,434.52,,3.698775358200073,16.753170013427734,79,,,,,0.525953,,4.228967,0.308821
1262,272957,441.0,433.93,,3.698775358200073,16.753170013427734,79,,,,,0.525953,,4.228967,0.308821
1263,273203,246.0,433.75,,3.698775358200073,16.753170013427734,79,,,,,0.525953,,4.228967,0.308821
1264,273702,499.0,433.74,,3.5660505056381226,17.096936464309692,80,,,,,0.532802,,3.576698,0.300617
1265,274202,500.0,433.74,,3.5660505056381226,17.096936464309692,80,,,,,0.532802,,3.576698,0.300617
1266,274702,500.0,433.74,,3.5660505056381226,17.096936464309692,80,,,,,0.532802,,3.576698,0.300617
1267,275202,500.0,434.45,,3.5660505056381226,17.096936464309692,80,,,,,0.532802,,3.576698,0.300617
1268,275702,500.0,434.45,,3.5660505056381226,17.096936464309692,80,,,,,0.532802,,3.576698,0.300617
1269,276202,500.0,434.45,,3.5660505056381226,17.096936464309692,80,,,,,0.532802,,3.576698,0.300617
1270,276508,306.0,433.63,,3.5660505056381226,17.096936464309692,80,,,,,0.532802,,3.576698,0.300617
1271,277008,500.0,433.63,,3.5660505056381226,17.096936464309692,80,,,,,0.532802,,3.576698,0.300617
1272,277506,498.0,433.61,,3.5660505056381226,17.096936464309692,80,,,,,0.532802,,3.576698,0.300617
1273,278006,500.0,435.97,,3.5660505056381226,17.096936464309692,80,,,,,0.532802,,3.576698,0.300617
1274,278268,262.0,433.59,,3.5660505056381226,17.096936464309692,80,,,,,0.532802,,3.576698,0.300617
1275,278730,462.0,433.29,,3.5660505056381226,17.096936464309692,80,,,,,0.532802,,3.576698,0.300617
1276,279034,304.0,431.33,,3.5660505056381226,17.096936464309692,80,,,,,0.532802,,3.576698,0.300617
1277,279534,500.0,431.33,,3.5660505056381226,17.096936464309692,80,,,,,0.532802,,3.576698,0.300617
1278,280034,500.0,431.33,,3.5660505056381226,17.096936464309692,80,,,,,0.532802,,3.576698,0.300617
1279,280534,500.0,431.33,,3.5660505056381226,17.096936464309692,80,,,,,0.532802,,3.576698,0.300617
1280,280883,349.0,429.82,,3.4472645783424376,17.441941261291504,81,,,,,0.526326,,3.557150,0.218997
1281,281383,500.0,429.82,,3.4472645783424376,17.441941261291504,81,,,,,0.526326,,3.557150,0.218997
1282,281727,344.0,428.26,,3.4472645783424376,17.441941261291504,81,,,,,0.526326,,3.557150,0.218997
1283,282227,500.0,429.46,,3.4472645783424376,17.441941261291504,81,,,,,0.526326,,3.557150,0.218997
1284,282727,500.0,429.46,,3.4472645783424376,17.441941261291504,81,,,,,0.526326,,3.557150,0.218997
1285,283037,310.0,427.56,,3.4472645783424376,17.441941261291504,81,,,,,0.526326,,3.557150,0.218997
1286,283445,408.0,428.93,,3.4472645783424376,17.441941261291504,81,,,,,0.526326,,3.557150,0.218997
1287,283945,500.0,428.98,,3.4472645783424376,17.441941261291504,81,,,,,0.526326,,3.557150,0.218997
1288,284445,500.0,428.98,,3.4472645783424376,17.441941261291504,81,,,,,0.526326,,3.557150,0.218997
1289,284945,500.0,428.98,,3.4472645783424376,17.441941261291504,81,,,,,0.526326,,3.557150,0.218997
1290,285445,500.0,428.98,,3.4472645783424376,17.441941261291504,81,,,,,0.526326,,3.557150,0.218997
1291,285674,229.0,426.27,,3.4472645783424376,17.441941261291504,81,,,,,0.526326,,3.557150,0.218997
1292,286174,500.0,426.27,,3.4472645783424376,17.441941261291504,81,,,,,0.526326,,3.557150,0.218997
1293,286674,500.0,426.27,,3.4472645783424376,17.441941261291504,81,,,,,0.526326,,3.557150,0.218997
1294,287165,491.0,426.18,,3.4472645783424376,17.441941261291504,81,,,,,0.526326,,3.557150,0.218997
1295,287665,500.0,426.18,,3.4472645783424376,17.441941261291504,81,,,,,0.526326,,3.557150,0.218997
1296,288165,500.0,428.34,,3.3424904680252077,17.785946130752563,82,,,,,0.523429,,3.754777,0.331789
1297,288665,500.0,428.34,,3.3424904680252077,17.785946130752563,82,,,,,0.523429,,3.754777,0.331789
1298,289165,500.0,429.93,,3.3424904680252077,17.785946130752563,82,,,,,0.523429,,3.754777,0.331789
1299,289364,199.0,426.92,,3.3424904680252077,17.785946130752563,82,,,500.0,0.0,0.523429,,3.754777,0.331789
1300,289832,468.0,426.6,,3.3424904680252077,17.785946130752563,82,,,,,0.523429,,3.754777,0.331789
1301,290274,442.0,426.02,,3.3424904680252077,17.785946130752563,82,,,,,0.523429,,3.754777,0.331789
1302,290774,500.0,428.27,,3.3424904680252077,17.785946130752563,82,,,,,0.523429,,3.754777,0.331789
1303,291188,414.0,428.96,,3.3424904680252077,17.785946130752563,82,,,,,0.523429,,3.754777,0.331789
1304,291561,373.0,427.69,,3.3424904680252077,17.785946130752563,82,,,,,0.523429,,3.754777,0.331789
1305,291961,400.0,427.67,,3.3424904680252077,17.785946130752563,82,,,,,0.523429,,3.754777,0.331789
1306,292461,500.0,427.67,,3.3424904680252077,17.785946130752563,82,,,,,0.523429,,3.754777,0.331789
1307,292961,500.0,427.67,,3.3424904680252077,17.785946130752563,82,,,,,0.523429,,3.754777,0.331789
1308,293435,474.0,427.41,,3.3424904680252077,17.785946130752563,82,,,,,0.523429,,3.754777,0.331789
1309,293877,442.0,426.83,,3.3424904680252077,17.785946130752563,82,,,,,0.523429,,3.754777,0.331789
1310,294200,323.0,426.78,,3.3424904680252077,17.785946130752563,82,,,,,0.523429,,3.754777,0.331789
1311,294700,500.0,429.03,,3.3424904680252077,17.785946130752563,82,,,,,0.523429,,3.754777,0.331789
1312,294891,191.0,427.9,,3.2606797790527344,18.144599437713623,83,,,,,0.517380,,3.736877,0.335045
1313,295391,500.0,430.0,,3.2606797790527344,18.144599437713623,83,,,,,0.517380,,3.736877,0.335045
1314,295891,500.0,430.38,,3.2606797790527344,18.144599437713623,83,,,,,0.517380,,3.736877,0.335045
1315,296164,273.0,428.11,,3.2606797790527344,18.144599437713623,83,,,,,0.517380,,3.736877,0.335045
1316,296664,500.0,428.39,,3.2606797790527344,18.144599437713623,83,,,,,0.517380,,3.736877,0.335045
1317,297164,500.0,428.39,,3.2606797790527344,18.144599437713623,83,,,,,0.517380,,3.736877,0.335045
1318,297664,500.0,428.39,,3.2606797790527344,18.144599437713623,83,,,,,0.517380,,3.736877,0.335045
1319,298164,500.0,428.39,,3.2606797790527344,18.144599437713623,83,,,,,0.517380,,3.736877,0.335045
1320,298664,500.0,430.31,,3.2606797790527344,18.144599437713623,83,,,,,0.517380,,3.736877,0.335045
1321,298906,242.0,427.89,,3.2606797790527344,18.144599437713623,83,,,,,0.517380,,3.736877,0.335045
1322,299219,313.0,426.02,,3.2606797790527344,18.144599437713623,83,,,,,0.517380,,3.736877,0.335045
1323,299605,386.0,427.07,,3.2606797790527344,18.144599437713623,83,,,,,0.517380,,3.736877,0.335045
1324,300105,500.0,427.07,,3.2606797790527344,18.144599437713623,83,,,,,0.517380,,3.736877,0.335045
1325,300519,414.0,427.19,,3.2606797790527344,18.144599437713623,83,,,,,0.517380,,3.736877,0.335045
1326,300835,316.0,427.72,,3.2606797790527344,18.144599437713623,83,,,,,0.517380,,3.736877,0.335045
1327,301234,399.0,428.13,,3.2606797790527344,18.144599437713623,83,,,,,0.517380,,3.736877,0.335045
1328,301734,500.0,428.13,,3.171496250629425,18.520013332366943,84,,,,,0.522237,,3.402329,0.408272
1329,302234,500.0,429.91,,3.171496250629425,18.520013332366943,84,,,,,0.522237,,3.402329,0.408272
1330,302574,340.0,430.93,,3.171496250629425,18.520013332366943,84,,,,,0.522237,,3.402329,0.408272
1331,303074,500.0,433.17,,3.171496250629425,18.520013332366943,84,,,,,0.522237,,3.402329,0.408272
1332,303574,500.0,433.17,,3.171496250629425,18.520013332366943,84,,,,,0.522237,,3.402329,0.408272
1333,304039,465.0,432.82,,3.171496250629425,18.520013332366943,84,,,,,0.522237,,3.402329,0.408272
1334,304498,459.0,432.41,,3.171496250629425,18.520013332366943,84,,,,,0.522237,,3.402329,0.408272
1335,304773,275.0,432.36,,3.171496250629425,18.520013332366943,84,,,,,0.522237,,3.402329,0.408272
1336,305092,319.0,433.71,,3.171496250629425,18.520013332366943,84,,,,,0.522237,,3.402329,0.408272
1337,305592,500.0,434.46,,3.171496250629425,18.520013332366943,84,,,,,0.522237,,3.402329,0.408272
1338,306092,500.0,434.66,,3.171496250629425,18.521013975143433,84,,,,,0.522237,,3.402329,0.408272
1339,306411,319.0,434.11,,3.171496250629425,18.521013975143433,84,,,,,0.522237,,3.402329,0.408272
1340,306762,351.0,435.36,,3.171496250629425,18.521013975143433,84,,,,,0.522237,,3.402329,0.408272
1341,307101,339.0,433.75,,3.171496250629425,18.521013975143433,84,,,,,0.522237,,3.402329,0.408272
1342,307601,500.0,433.75,,3.171496250629425,18.521013975143433,84,,,,,0.522237,,3.402329,0.408272
1343,308101,500.0,433.87,,3.171496250629425,18.521013975143433,84,,,,,0.522237,,3.402329,0.408272
1344,308317,216.0,431.03,,3.0997499871253966,18.863847970962524,85,,,,,0.515788,,3.441236,0.319960
1345,308766,449.0,430.52,,3.0997499871253966,18.863847970962524,85,,,,,0.515788,,3.441236,0.319960
1346,309172,406.0,430.25,,3.0997499871253966,18.863847970962524,85,,,,,0.515788,,3.441236,0.319960
1347,309672,500.0,430.25,,3.0997499871253966,18.863847970962524,85,,,,,0.515788,,3.441236,0.319960
1348,310172,500.0,431.05,,3.0997499871253966,18.863847970962524,85,,,,,0.515788,,3.441236,0.319960
1349,310390,218.0,429.7,,3.0997499871253966,18.863847970962524,85,,,500.0,0.0,0.515788,,3.441236,0.319960
1350,310693,303.0,429.44,,3.0997499871253966,18.863847970962524,85,,,,,0.515788,,3.441236,0.319960
1351,311193,500.0,429.44,,3.0997499871253966,18.863847970962524,85,,,,,0.515788,,3.441236,0.319960
1352,311502,309.0,428.19,,3.0997499871253966,18.863847970962524,85,,,,,0.515788,,3.441236,0.319960
1353,312002,500.0,428.19,,3.0997499871253966,18.863847970962524,85,,,,,0.515788,,3.441236,0.319960
1354,312502,500.0,430.97,,3.0997499871253966,18.863847970962524,85,,,,,0.515788,,3.441236,0.319960
1355,312942,440.0,430.37,,3.0997499871253966,18.863847970962524,85,,,,,0.515788,,3.441236,0.319960
1356,313442,500.0,433.03,,3.0997499871253966,18.863847970962524,85,,,,,0.515788,,3.441236,0.319960
1357,313942,500.0,433.92,,3.0997499871253966,18.863847970962524,85,,,,,0.515788,,3.441236,0.319960
1358,314374,432.0,433.58,,3.0997499871253966,18.863847970962524,85,,,,,0.515788,,3.441236,0.319960
1359,314874,500.0,433.58,,3.0997499871253966,18.863847970962524,85,,,,,0.515788,,3.441236,0.319960
1360,315374,500.0,433.58,,3.0215119314193726,19.203483819961548,86,,,,,0.516372,,3.581953,0.372081
1361,315743,369.0,432.27,,3.0215119314193726,19.203483819961548,86,,,,,0.516372,,3.581953,0.372081
1362,316243,500.0,432.86,,3.0215119314193726,19.203483819961548,86,,,,,0.516372,,3.581953,0.372081
1363,316743,500.0,435.4,,3.0215119314193726,19.203483819961548,86,,,,,0.516372,,3.581953,0.372081
1364,317243,500.0,435.41,,3.0215119314193726,19.203483819961548,86,,,,,0.516372,,3.581953,0.372081
1365,317509,266.0,433.07,,3.0215119314193726,19.203483819961548,86,,,,,0.516372,,3.581953,0.372081
1366,317769,260.0,430.67,,3.0215119314193726,19.203483819961548,86,,,,,0.516372,,3.581953,0.372081
1367,318055,286.0,428.53,,3.0215119314193726,19.203483819961548,86,,,,,0.516372,,3.581953,0.372081
1368,318321,266.0,426.19,,3.0215119314193726,19.203483819961548,86,,,,,0.516372,,3.581953,0.372081
1369,318667,346.0,424.65,,3.0215119314193726,19.203483819961548,86,,,,,0.516372,,3.581953,0.372081
1370,318944,277.0,424.36,,3.0215119314193726,19.20448613166809,86,,,,,0.516372,,3.581953,0.372081
1371,319444,500.0,424.36,,3.0215119314193726,19.20448613166809,86,,,,,0.516372,,3.581953,0.372081
1372,319828,384.0,423.22,,3.0215119314193726,19.20448613166809,86,,,,,0.516372,,3.581953,0.372081
1373,320208,380.0,422.02,,3.0215119314193726,19.20448613166809,86,,,,,0.516372,,3.581953,0.372081
1374,320657,449.0,423.89,,3.0215119314193726,19.20448613166809,86,,,,,0.516372,,3.581953,0.372081
1375,321157,500.0,424.27,,3.0215119314193726,19.20448613166809,86,,,,,0.516372,,3.581953,0.372081
1376,321657,500.0,426.23,,2.959334535598755,19.545655488967896,87,,,,,0.514840,,3.645107,0.333843
1377,322157,500.0,426.23,,2.959334535598755,19.545655488967896,87,,,,,0.514840,,3.645107,0.333843
1378,322382,225.0,423.48,,2.959334535598755,19.545655488967896,87,,,,,0.514840,,3.645107,0.333843
1379,322797,415.0,422.63,,2.959334535598755,19.545655488967896,87,,,,,0.514840,,3.645107,0.333843
1380,323032,235.0,421.49,,2.959334535598755,19.545655488967896,87,,,,,0.514840,,3.645107,0.333843
1381,323249,217.0,418.66,,2.959334535598755,19.545655488967896,87,,,,,0.514840,,3.645107,0.333843
1382,323749,500.0,420.22,,2.959334535598755,19.545655488967896,87,,,,,0.514840,,3.645107,0.333843
1383,323997,248.0,417.7,,2.959334535598755,19.545655488967896,87,,,,,0.514840,,3.645107,0.333843
1384,324461,464.0,417.34,,2.959334535598755,19.545655488967896,87,,,,,0.514840,,3.645107,0.333843
1385,324878,417.0,418.41,,2.959334535598755,19.545655488967896,87,,,,,0.514840,,3.645107,0.333843
1386,325320,442.0,418.75,,2.959334535598755,19.545655488967896,87,,,,,0.514840,,3.645107,0.333843
1387,325820,500.0,418.75,,2.959334535598755,19.545655488967896,87,,,,,0.514840,,3.645107,0.333843
1388,326320,500.0,418.75,,2.959334535598755,19.545655488967896,87,,,,,0.514840,,3.645107,0.333843
1389,326533,213.0,415.88,,2.959334535598755,19.545655488967896,87,,,,,0.514840,,3.645107,0.333843
1390,327033,500.0,415.88,,2.959334535598755,19.545655488967896,87,,,,,0.514840,,3.645107,0.333843
1391,327408,375.0,417.34,,2.959334535598755,19.545655488967896,87,,,,,0.514840,,3.645107,0.333843
1392,327639,231.0,414.65,,2.9047273540496827,19.883325338363647,88,,,,,0.509363,,3.996925,0.332185
1393,328006,367.0,413.32,,2.9047273540496827,19.883325338363647,88,,,,,0.509363,,3.996925,0.332185
1394,328298,292.0,411.33,,2.9047273540496827,19.883325338363647,88,,,,,0.509363,,3.996925,0.332185
1395,328516,218.0,408.51,,2.9047273540496827,19.883325338363647,88,,,,,0.509363,,3.996925,0.332185
1396,328997,481.0,408.32,,2.9047273540496827,19.883325338363647,88,,,,,0.509363,,3.996925,0.332185
1397,329497,500.0,408.32,,2.9047273540496827,19.883325338363647,88,,,,,0.509363,,3.996925,0.332185
1398,329846,349.0,406.81,,2.9047273540496827,19.883325338363647,88,,,,,0.509363,,3.996925,0.332185
1399,330346,500.0,409.82,,2.9047273540496827,19.883325338363647,88,,,500.0,0.0,0.509363,,3.996925,0.332185
1400,330665,319.0,408.33,,2.9047273540496827,19.883325338363647,88,,,,,0.509363,,3.996925,0.332185
1401,331165,500.0,408.91,,2.9047273540496827,19.883325338363647,88,,,,,0.509363,,3.996925,0.332185
1402,331489,324.0,407.15,,2.9047273540496827,19.883325338363647,88,,,,,0.509363,,3.996925,0.332185
1403,331682,193.0,404.94,,2.9047273540496827,19.883325338363647,88,,,,,0.509363,,3.996925,0.332185
1404,332182,500.0,406.21,,2.9047273540496827,19.883325338363647,88,,,,,0.509363,,3.996925,0.332185
1405,332438,256.0,404.77,,2.9047273540496827,19.883325338363647,88,,,,,0.509363,,3.996925,0.332185
1406,332779,341.0,403.18,,2.9047273540496827,19.883325338363647,88,,,,,0.509363,,3.996925,0.332185
1407,333180,401.0,402.19,,2.9047273540496827,19.883325338363647,88,,,,,0.509363,,3.996925,0.332185
1408,333474,294.0,400.39,,2.855354976654053,20.232796907424927,89,,,,,0.510423,,3.986707,0.342364
1409,333808,334.0,399.31,,2.855354976654053,20.232796907424927,89,,,,,0.510423,,3.986707,0.342364
1410,334079,271.0,398.79,,2.855354976654053,20.232796907424927,89,,,,,0.510423,,3.986707,0.342364
1411,334573,494.0,398.73,,2.855354976654053,20.232796907424927,89,,,,,0.510423,,3.986707,0.342364
1412,334868,295.0,399.77,,2.855354976654053,20.232796907424927,89,,,,,0.510423,,3.986707,0.342364
1413,335125,257.0,397.34,,2.855354976654053,20.232796907424927,89,,,,,0.510423,,3.986707,0.342364
1414,335445,320.0,395.54,,2.855354976654053,20.232796907424927,89,,,,,0.510423,,3.986707,0.342364
1415,335945,500.0,397.81,,2.855354976654053,20.232796907424927,89,,,,,0.510423,,3.986707,0.342364
1416,336445,500.0,397.81,,2.855354976654053,20.232796907424927,89,,,,,0.510423,,3.986707,0.342364
1417,336797,352.0,396.33,,2.855354976654053,20.232796907424927,89,,,,,0.510423,,3.986707,0.342364
1418,337198,401.0,395.34,,2.855354976654053,20.232796907424927,89,,,,,0.510423,,3.986707,0.342364
1419,337521,323.0,393.57,,2.855354976654053,20.232796907424927,89,,,,,0.510423,,3.986707,0.342364
1420,338010,489.0,393.46,,2.855354976654053,20.232796907424927,89,,,,,0.510423,,3.986707,0.342364
1421,338422,412.0,395.16,,2.855354976654053,20.232796907424927,89,,,,,0.510423,,3.986707,0.342364
1422,338723,301.0,395.04,,2.855354976654053,20.232796907424927,89,,,,,0.510423,,3.986707,0.342364
1423,339223,500.0,396.18,,2.855354976654053,20.232796907424927,89,,,,,0.510423,,3.986707,0.342364
1424,339547,324.0,394.42,,2.8004066133499146,20.574880599975586,90,,,,,0.510631,,3.798378,0.328862
1425,339859,312.0,393.4,,2.8004066133499146,20.574880599975586,90,,,,,0.510631,,3.798378,0.328862
1426,340228,369.0,393.93,,2.8004066133499146,20.574880599975586,90,,,,,0.510631,,3.798378,0.328862
1427,340489,261.0,392.55,,2.8004066133499146,20.574880599975586,90,,,,,0.510631,,3.798378,0.328862
1428,340715,226.0,389.81,,2.8004066133499146,20.574880599975586,90,,,,,0.510631,,3.798378,0.328862
1429,341215,500.0,389.81,,2.8004066133499146,20.574880599975586,90,,,,,0.510631,,3.798378,0.328862
1430,341629,414.0,390.55,,2.8004066133499146,20.574880599975586,90,,,,,0.510631,,3.798378,0.328862
1431,342129,500.0,390.55,,2.8004066133499146,20.574880599975586,90,,,,,0.510631,,3.798378,0.328862
1432,342419,290.0,388.45,,2.8004066133499146,20.574880599975586,90,,,,,0.510631,,3.798378,0.328862
1433,342726,307.0,386.87,,2.8004066133499146,20.574880599975586,90,,,,,0.510631,,3.798378,0.328862
1434,343094,368.0,385.96,,2.8004066133499146,20.574880599975586,90,,,,,0.510631,,3.798378,0.328862
1435,343410,316.0,386.37,,2.8004066133499146,20.574880599975586,90,,,,,0.510631,,3.798378,0.328862
1436,343651,241.0,385.59,,2.8004066133499146,20.574880599975586,90,,,,,0.510631,,3.798378,0.328862
1437,344151,500.0,385.59,,2.8004066133499146,20.574880599975586,90,,,,,0.510631,,3.798378,0.328862
1438,344608,457.0,385.16,,2.8004066133499146,20.574880599975586,90,,,,,0.510631,,3.798378,0.328862
1439,345108,500.0,386.97,,2.8004066133499146,20.574880599975586,90,,,,,0.510631,,3.798378,0.328862
1440,345475,367.0,387.13,,2.7422620820999146,20.91397213935852,91,,,,,0.503833,,3.136016,0.280227
1441,345975,500.0,388.74,,2.7422620820999146,20.91397213935852,91,,,,,0.503833,,3.136016,0.280227
1442,346475,500.0,388.74,,2.7422620820999146,20.91397213935852,91,,,,,0.503833,,3.136016,0.280227
1443,346840,365.0,387.39,,2.7422620820999146,20.91397213935852,91,,,,,0.503833,,3.136016,0.280227
1444,347340,500.0,390.23,,2.7422620820999146,20.91397213935852,91,,,,,0.503833,,3.136016,0.280227
1445,347726,386.0,389.6,,2.7422620820999146,20.91397213935852,91,,,,,0.503833,,3.136016,0.280227
1446,348012,286.0,388.4,,2.7422620820999146,20.91397213935852,91,,,,,0.503833,,3.136016,0.280227
1447,348341,329.0,386.69,,2.7422620820999146,20.91397213935852,91,,,,,0.503833,,3.136016,0.280227
1448,348663,322.0,384.91,,2.7422620820999146,20.91397213935852,91,,,,,0.503833,,3.136016,0.280227
1449,349003,340.0,386.13,,2.7422620820999146,20.91397213935852,91,,,500.0,0.0,0.503833,,3.136016,0.280227
1450,349503,500.0,388.1,,2.7422620820999146,20.91397213935852,91,,,,,0.503833,,3.136016,0.280227
1451,350003,500.0,388.1,,2.7422620820999146,20.91397213935852,91,,,,,0.503833,,3.136016,0.280227
1452,350503,500.0,390.01,,2.7422620820999146,20.91397213935852,91,,,,,0.503833,,3.136016,0.280227
1453,350893,390.0,388.91,,2.7422620820999146,20.91397213935852,91,,,,,0.503833,,3.136016,0.280227
1454,351393,500.0,388.91,,2.7422620820999146,20.914979219436646,91,,,,,0.503833,,3.136016,0.280227
1455,351676,283.0,387.34,,2.7422620820999146,20.914979219436646,91,,,,,0.503833,,3.136016,0.280227
1456,352006,330.0,385.64,,2.6882882165908812,21.29027557373047,92,,,,,0.501774,,3.534452,0.338750
1457,352424,418.0,384.82,,2.6882882165908812,21.29027557373047,92,,,,,0.501774,,3.534452,0.338750
1458,352924,500.0,385.5,,2.6882882165908812,21.29027557373047,92,,,,,0.501774,,3.534452,0.338750
1459,353424,500.0,385.5,,2.6882882165908812,21.29027557373047,92,,,,,0.501774,,3.534452,0.338750
1460,353796,372.0,384.22,,2.6882882165908812,21.29027557373047,92,,,,,0.501774,,3.534452,0.338750
1461,354296,500.0,385.53,,2.6882882165908812,21.29027557373047,92,,,,,0.501774,,3.534452,0.338750
1462,354602,306.0,383.59,,2.6882882165908812,21.29027557373047,92,,,,,0.501774,,3.534452,0.338750
1463,355041,439.0,382.98,,2.6882882165908812,21.29027557373047,92,,,,,0.501774,,3.534452,0.338750
1464,355504,463.0,382.61,,2.6882882165908812,21.29027557373047,92,,,,,0.501774,,3.534452,0.338750
1465,355664,160.0,381.55,,2.6882882165908812,21.29027557373047,92,,,,,0.501774,,3.534452,0.338750
1466,356164,500.0,383.95,,2.6882882165908812,21.291276693344116,92,,,,,0.501774,,3.534452,0.338750
1467,356495,331.0,384.4,,2.6882882165908812,21.291276693344116,92,,,,,0.501774,,3.534452,0.338750
1468,356932,437.0,386.11,,2.6882882165908812,21.291276693344116,92,,,,,0.501774,,3.534452,0.338750
1469,357387,455.0,387.2,,2.6882882165908812,21.291276693344116,92,,,,,0.501774,,3.534452,0.338750
1470,357758,371.0,388.14,,2.6882882165908812,21.291276693344116,92,,,,,0.501774,,3.534452,0.338750
1471,358059,301.0,386.15,,2.6882882165908812,21.291276693344116,92,,,,,0.501774,,3.534452,0.338750
1472,358373,314.0,385.45,,2.6372003841400145,21.634866952896118,93,,,,,0.502245,,3.737197,0.384532
1473,358721,348.0,385.13,,2.6372003841400145,21.634866952896118,93,,,,,0.502245,,3.737197,0.384532
1474,359143,422.0,384.86,,2.6372003841400145,21.634866952896118,93,,,,,0.502245,,3.737197,0.384532
1475,359410,267.0,382.53,,2.6372003841400145,21.634866952896118,93,,,,,0.502245,,3.737197,0.384532
1476,359714,304.0,380.57,,2.6372003841400145,21.634866952896118,93,,,,,0.502245,,3.737197,0.384532
1477,359942,228.0,377.85,,2.6372003841400145,21.634866952896118,93,,,,,0.502245,,3.737197,0.384532
1478,360322,380.0,379.4,,2.6372003841400145,21.634866952896118,93,,,,,0.502245,,3.737197,0.384532
1479,360822,500.0,380.25,,2.6372003841400145,21.634866952896118,93,,,,,0.502245,,3.737197,0.384532
1480,361136,314.0,381.04,,2.6372003841400145,21.636439323425293,93,,,,,0.502245,,3.737197,0.384532
1481,361436,300.0,381.87,,2.6372003841400145,21.636439323425293,93,,,,,0.502245,,3.737197,0.384532
1482,361684,248.0,379.35,,2.6372003841400145,21.636439323425293,93,,,,,0.502245,,3.737197,0.384532
1483,361909,225.0,379.12,,2.6372003841400145,21.636439323425293,93,,,,,0.502245,,3.737197,0.384532
1484,362161,252.0,377.0,,2.6372003841400145,21.636439323425293,93,,,,,0.502245,,3.737197,0.384532
1485,362661,500.0,377.83,,2.6372003841400145,21.636439323425293,93,,,,,0.502245,,3.737197,0.384532
1486,363161,500.0,378.41,,2.6372003841400145,21.636439323425293,93,,,,,0.502245,,3.737197,0.384532
1487,363661,500.0,378.41,,2.6372003841400145,21.636439323425293,93,,,,,0.502245,,3.737197,0.384532
1488,363959,298.0,376.39,,2.592594738006592,21.97296667098999,94,,,,,0.501472,,4.146440,0.388091
1489,364244,285.0,377.11,,2.592594738006592,21.97296667098999,94,,,,,0.501472,,4.146440,0.388091
1490,364609,365.0,375.76,,2.592594738006592,21.97296667098999,94,,,,,0.501472,,4.146440,0.388091
1491,364909,300.0,375.01,,2.592594738006592,21.97296667098999,94,,,,,0.501472,,4.146440,0.388091
1492,365122,213.0,374.83,,2.592594738006592,21.97296667098999,94,,,,,0.501472,,4.146440,0.388091
1493,365413,291.0,374.07,,2.592594738006592,21.97296667098999,94,,,,,0.501472,,4.146440,0.388091
1494,365685,272.0,373.87,,2.592594738006592,21.97296667098999,94,,,,,0.501472,,4.146440,0.388091
1495,366022,337.0,375.06,,2.592594738006592,21.97296667098999,94,,,,,0.501472,,4.146440,0.388091
1496,366483,461.0,374.86,,2.592594738006592,21.97296667098999,94,,,,,0.501472,,4.146440,0.388091
1497,366906,423.0,374.09,,2.592594738006592,21.97296667098999,94,,,,,0.501472,,4.146440,0.388091
1498,367206,300.0,373.6,,2.592594738006592,21.97296667098999,94,,,,,0.501472,,4.146440,0.388091
1499,367501,295.0,371.55,,2.592594738006592,21.97296667098999,94,,,500.0,0.0,0.501472,,4.146440,0.388091
1500,367890,389.0,372.25,,2.592594738006592,21.97296667098999,94,,,,,0.501472,,4.146440,0.388091
1501,368074,184.0,369.09,,2.592594738006592,21.97296667098999,94,,,,,0.501472,,4.146440,0.388091
1502,368574,500.0,370.85,,2.592594738006592,21.97296667098999,94,,,,,0.501472,,4.146440,0.388091
1503,369074,500.0,373.92,,2.592594738006592,21.97296667098999,94,,,,,0.501472,,4.146440,0.388091
1504,369327,253.0,371.45,,2.5495672941207888,22.290076971054077,95,,,,,0.498356,,4.622108,0.386276
1505,369549,222.0,371.11,,2.5495672941207888,22.290076971054077,95,,,,,0.498356,,4.622108,0.386276
1506,369742,193.0,369.63,,2.5495672941207888,22.290076971054077,95,,,,,0.498356,,4.622108,0.386276
1507,370098,356.0,369.18,,2.5495672941207888,22.290076971054077,95,,,,,0.498356,,4.622108,0.386276
1508,370312,214.0,368.38,,2.5495672941207888,22.290076971054077,95,,,,,0.498356,,4.622108,0.386276
1509,370527,215.0,367.19,,2.5495672941207888,22.290076971054077,95,,,,,0.498356,,4.622108,0.386276
1510,370723,196.0,366.44,,2.5495672941207888,22.290076971054077,95,,,,,0.498356,,4.622108,0.386276
1511,371148,425.0,365.75,,2.5495672941207888,22.290076971054077,95,,,,,0.498356,,4.622108,0.386276
1512,371648,500.0,367.8,,2.5495672941207888,22.290076971054077,95,,,,,0.498356,,4.622108,0.386276
1513,372010,362.0,368.85,,2.5495672941207888,22.290076971054077,95,,,,,0.498356,,4.622108,0.386276
1514,372474,464.0,370.29,,2.5495672941207888,22.290076971054077,95,,,,,0.498356,,4.622108,0.386276
1515,372686,212.0,367.41,,2.5495672941207888,22.290076971054077,95,,,,,0.498356,,4.622108,0.386276
1516,372952,266.0,365.07,,2.5495672941207888,22.290076971054077,95,,,,,0.498356,,4.622108,0.386276
1517,373300,348.0,365.03,,2.5495672941207888,22.290076971054077,95,,,,,0.498356,,4.622108,0.386276
1518,373540,240.0,363.42,,2.5495672941207888,22.290076971054077,95,,,,,0.498356,,4.622108,0.386276
1519,373969,429.0,364.48,,2.5495672941207888,22.290076971054077,95,,,,,0.498356,,4.622108,0.386276
1520,374462,493.0,364.52,,2.4909224319458008,22.639364004135132,96,,,,,0.496228,,2.927478,0.418590
1521,374867,405.0,364.45,,2.4909224319458008,22.639364004135132,96,,,,,0.496228,,2.927478,0.418590
1522,375135,268.0,364.12,,2.4909224319458008,22.639364004135132,96,,,,,0.496228,,2.927478,0.418590
1523,375380,245.0,361.57,,2.4909224319458008,22.640365600585938,96,,,,,0.496228,,2.927478,0.418590
1524,375880,500.0,363.33,,2.4909224319458008,22.640365600585938,96,,,,,0.496228,,2.927478,0.418590
1525,376135,255.0,362.76,,2.4909224319458008,22.640365600585938,96,,,,,0.496228,,2.927478,0.418590
1526,376376,241.0,361.48,,2.4909224319458008,22.640365600585938,96,,,,,0.496228,,2.927478,0.418590
1527,376697,321.0,362.08,,2.4909224319458008,22.640365600585938,96,,,,,0.496228,,2.927478,0.418590
1528,377197,500.0,364.82,,2.4909224319458008,22.640365600585938,96,,,,,0.496228,,2.927478,0.418590
1529,377697,500.0,364.82,,2.4909224319458008,22.640365600585938,96,,,,,0.496228,,2.927478,0.418590
1530,378063,366.0,364.34,,2.4909224319458008,22.640365600585938,96,,,,,0.496228,,2.927478,0.418590
1531,378563,500.0,364.34,,2.4909224319458008,22.640365600585938,96,,,,,0.496228,,2.927478,0.418590
1532,379063,500.0,366.44,,2.4909224319458008,22.640365600585938,96,,,,,0.496228,,2.927478,0.418590
1533,379345,282.0,366.19,,2.4909224319458008,22.640365600585938,96,,,,,0.496228,,2.927478,0.418590
1534,379845,500.0,367.51,,2.4909224319458008,22.640365600585938,96,,,,,0.496228,,2.927478,0.418590
1535,380168,323.0,367.58,,2.4909224319458008,22.640365600585938,96,,,,,0.496228,,2.927478,0.418590
1536,380438,270.0,367.87,,2.4406124711036683,22.987614154815674,97,,,,,0.499102,,3.131816,0.411304
1537,380676,238.0,365.25,,2.4406124711036683,22.987614154815674,97,,,,,0.499102,,3.131816,0.411304
1538,381027,351.0,364.19,,2.4406124711036683,22.987614154815674,97,,,,,0.499102,,3.131816,0.411304
1539,381487,460.0,363.79,,2.4406124711036683,22.987614154815674,97,,,,,0.499102,,3.131816,0.411304
1540,381987,500.0,365.12,,2.4406124711036683,22.987614154815674,97,,,,,0.499102,,3.131816,0.411304
1541,382238,251.0,362.63,,2.4406124711036683,22.987614154815674,97,,,,,0.499102,,3.131816,0.411304
1542,382539,301.0,360.64,,2.4406124711036683,22.987614154815674,97,,,,,0.499102,,3.131816,0.411304
1543,383039,500.0,361.99,,2.4406124711036683,22.987614154815674,97,,,,,0.499102,,3.131816,0.411304
1544,383296,257.0,359.56,,2.4406124711036683,22.987614154815674,97,,,,,0.499102,,3.131816,0.411304
1545,383796,500.0,360.7,,2.4406124711036683,22.987614154815674,97,,,,,0.499102,,3.131816,0.411304
1546,384089,293.0,360.77,,2.4406124711036683,22.987614154815674,97,,,,,0.499102,,3.131816,0.411304
1547,384589,500.0,362.48,,2.4406124711036683,22.987614154815674,97,,,,,0.499102,,3.131816,0.411304
1548,384901,312.0,362.38,,2.4406124711036683,22.987614154815674,97,,,,,0.499102,,3.131816,0.411304
1549,385331,430.0,363.28,,2.4406124711036683,22.987614154815674,97,,,500.0,0.0,0.499102,,3.131816,0.411304
1550,385831,500.0,363.28,,2.4406124711036683,22.988614320755005,97,,,,,0.499102,,3.131816,0.411304
1551,386036,205.0,360.33,,2.4406124711036683,22.988614320755005,97,,,,,0.499102,,3.131816,0.411304
1552,386397,361.0,358.94,,2.3808572673797608,23.344727039337158,98,,,,,0.494762,,2.335271,0.447777
1553,386897,500.0,360.04,,2.3808572673797608,23.344727039337158,98,,,,,0.494762,,2.335271,0.447777
1554,387140,243.0,357.47,,2.3808572673797608,23.344727039337158,98,,,,,0.494762,,2.335271,0.447777
1555,387640,500.0,359.64,,2.3808572673797608,23.344727039337158,98,,,,,0.494762,,2.335271,0.447777
1556,388140,500.0,361.34,,2.3808572673797608,23.344727039337158,98,,,,,0.494762,,2.335271,0.447777
1557,388640,500.0,362.16,,2.3808572673797608,23.344727039337158,98,,,,,0.494762,,2.335271,0.447777
1558,389089,449.0,361.65,,2.3808572673797608,23.344727039337158,98,,,,,0.494762,,2.335271,0.447777
1559,389525,436.0,361.01,,2.3808572673797608,23.344727039337158,98,,,,,0.494762,,2.335271,0.447777
1560,389959,434.0,361.63,,2.3808572673797608,23.344727039337158,98,,,,,0.494762,,2.335271,0.447777
1561,390197,238.0,359.01,,2.3808572673797608,23.344727039337158,98,,,,,0.494762,,2.335271,0.447777
1562,390697,500.0,360.95,,2.3808572673797608,23.344727039337158,98,,,,,0.494762,,2.335271,0.447777
1563,391067,370.0,360.26,,2.3808572673797608,23.344727039337158,98,,,,,0.494762,,2.335271,0.447777
1564,391274,207.0,357.7,,2.3808572673797608,23.344727039337158,98,,,,,0.494762,,2.335271,0.447777
1565,391774,500.0,361.1,,2.3808572673797608,23.344727039337158,98,,,,,0.494762,,2.335271,0.447777
1566,392274,500.0,361.1,,2.3808572673797608,23.344727039337158,98,,,,,0.494762,,2.335271,0.447777
1567,392774,500.0,362.79,,2.3808572673797608,23.344727039337158,98,,,,,0.494762,,2.335271,0.447777
1568,393274,500.0,363.42,,2.3233577513694765,23.686282873153687,99,,,,,0.493527,,2.273875,0.415081
1569,393667,393.0,362.8,,2.3233577513694765,23.686282873153687,99,,,,,0.493527,,2.273875,0.415081
1570,394126,459.0,363.68,,2.3233577513694765,23.686282873153687,99,,,,,0.493527,,2.273875,0.415081
1571,394554,428.0,364.95,,2.3233577513694765,23.686282873153687,99,,,,,0.493527,,2.273875,0.415081
1572,395054,500.0,366.81,,2.3233577513694765,23.686282873153687,99,,,,,0.493527,,2.273875,0.415081
1573,395554,500.0,368.33,,2.3233577513694765,23.686282873153687,99,,,,,0.493527,,2.273875,0.415081
1574,396054,500.0,369.11,,2.3233577513694765,23.686282873153687,99,,,,,0.493527,,2.273875,0.415081
1575,396554,500.0,371.44,,2.3233577513694765,23.686282873153687,99,,,,,0.493527,,2.273875,0.415081
1576,396868,314.0,371.54,,2.3233577513694765,23.686282873153687,99,,,,,0.493527,,2.273875,0.415081
1577,397368,500.0,374.26,,2.3233577513694765,23.686282873153687,99,,,,,0.493527,,2.273875,0.415081
1578,397663,295.0,373.41,,2.3233577513694765,23.686282873153687,99,,,,,0.493527,,2.273875,0.415081
1579,398080,417.0,372.58,,2.3233577513694765,23.686282873153687,99,,,,,0.493527,,2.273875,0.415081
1580,398580,500.0,374.44,,2.3233577513694765,23.686282873153687,99,,,,,0.493527,,2.273875,0.415081
1581,398908,328.0,374.72,,2.3233577513694765,23.686282873153687,99,,,,,0.493527,,2.273875,0.415081
1582,399408,500.0,377.24,,2.3233577513694765,23.686282873153687,99,,,,,0.493527,,2.273875,0.415081
1583,399709,301.0,378.0,,2.3233577513694765,23.686282873153687,99,,,,,0.493527,,2.273875,0.415081
1584,400208,499.0,380.47,,2.2686006879806517,24.018458604812622,100,,,,,0.490296,,2.392639,0.435053
1585,400708,500.0,380.47,,2.2686006879806517,24.018458604812622,100,,,,,0.490296,,2.392639,0.435053
1586,401080,372.0,379.19,,2.2686006879806517,24.018458604812622,100,,,,,0.490296,,2.392639,0.435053
1587,401580,500.0,379.19,,2.2686006879806517,24.018458604812622,100,,,,,0.490296,,2.392639,0.435053
1588,402076,496.0,381.17,,2.2686006879806517,24.018458604812622,100,,,,,0.490296,,2.392639,0.435053
1589,402419,343.0,381.75,,2.2686006879806517,24.018458604812622,100,,,,,0.490296,,2.392639,0.435053
1590,402836,417.0,382.27,,2.2686006879806517,24.018458604812622,100,,,,,0.490296,,2.392639,0.435053
1591,403140,304.0,382.31,,2.2686006879806517,24.018458604812622,100,,,,,0.490296,,2.392639,0.435053
1592,403640,500.0,385.18,,2.2686006879806517,24.018458604812622,100,,,,,0.490296,,2.392639,0.435053
1593,403967,327.0,385.54,,2.2686006879806517,24.018458604812622,100,,,,,0.490296,,2.392639,0.435053
1594,404467,500.0,387.82,,2.2686006879806517,24.018458604812622,100,,,,,0.490296,,2.392639,0.435053
1595,404714,247.0,386.92,,2.2686006879806517,24.018458604812622,100,,,,,0.490296,,2.392639,0.435053
1596,405214,500.0,387.31,,2.2686006879806517,24.018458604812622,100,,,,,0.490296,,2.392639,0.435053
1597,405593,379.0,386.87,,2.2686006879806517,24.018458604812622,100,,,,,0.490296,,2.392639,0.435053
1598,406093,500.0,388.87,,2.2686006879806517,24.018458604812622,100,,,,,0.490296,,2.392639,0.435053
1599,406593,500.0,390.92,,2.2686006879806517,24.018458604812622,100,,,500.0,0.0,0.490296,,2.392639,0.435053
1600,407093,500.0,392.03,,2.206419481039047,24.375606775283813,101,,,,,0.490439,,1.540898,0.466340
1601,407593,500.0,395.19,,2.206419481039047,24.375606775283813,101,,,,,0.490439,,1.540898,0.466340
1602,408093,500.0,395.19,,2.206419481039047,24.375606775283813,101,,,,,0.490439,,1.540898,0.466340
1603,408593,500.0,395.19,,2.206419481039047,24.375606775283813,101,,,,,0.490439,,1.540898,0.466340
1604,408910,317.0,395.83,,2.206419481039047,24.375606775283813,101,,,,,0.490439,,1.540898,0.466340
1605,409179,269.0,396.3,,2.206419481039047,24.375606775283813,101,,,,,0.490439,,1.540898,0.466340
1606,409632,453.0,398.9,,2.206419481039047,24.375606775283813,101,,,,,0.490439,,1.540898,0.466340
1607,410132,500.0,400.34,,2.206419481039047,24.375606775283813,101,,,,,0.490439,,1.540898,0.466340
1608,410632,500.0,403.2,,2.206419481039047,24.375606775283813,101,,,,,0.490439,,1.540898,0.466340
1609,411132,500.0,406.05,,2.206419481039047,24.375606775283813,101,,,,,0.490439,,1.540898,0.466340
1610,411632,500.0,409.09,,2.206419481039047,24.375606775283813,101,,,,,0.490439,,1.540898,0.466340
1611,411982,350.0,408.34,,2.206419481039047,24.375606775283813,101,,,,,0.490439,,1.540898,0.466340
1612,412482,500.0,408.34,,2.206419481039047,24.375606775283813,101,,,,,0.490439,,1.540898,0.466340
1613,412982,500.0,409.72,,2.206419481039047,24.375606775283813,101,,,,,0.490439,,1.540898,0.466340
1614,413482,500.0,410.08,,2.206419481039047,24.375606775283813,101,,,,,0.490439,,1.540898,0.466340
1615,413982,500.0,412.96,,2.206419481039047,24.375606775283813,101,,,,,0.490439,,1.540898,0.466340
1616,414482,500.0,415.3,,2.1427196788787843,24.748323678970337,102,,,,,0.489246,,1.701731,0.471134
1617,414982,500.0,416.82,,2.1427196788787843,24.748323678970337,102,,,,,0.489246,,1.701731,0.471134
1618,415436,454.0,418.96,,2.1427196788787843,24.748323678970337,102,,,,,0.489246,,1.701731,0.471134
1619,415734,298.0,417.65,,2.1427196788787843,24.748323678970337,102,,,,,0.489246,,1.701731,0.471134
1620,416234,500.0,417.72,,2.1427196788787843,24.748323678970337,102,,,,,0.489246,,1.701731,0.471134
1621,416714,480.0,418.47,,2.1427196788787843,24.748323678970337,102,,,,,0.489246,,1.701731,0.471134
1622,417214,500.0,420.79,,2.1427196788787843,24.748323678970337,102,,,,,0.489246,,1.701731,0.471134
1623,417714,500.0,423.34,,2.1427196788787843,24.748323678970337,102,,,,,0.489246,,1.701731,0.471134
1624,418154,440.0,422.74,,2.1427196788787843,24.748323678970337,102,,,,,0.489246,,1.701731,0.471134
1625,418654,500.0,425.19,,2.1427196788787843,24.748323678970337,102,,,,,0.489246,,1.701731,0.471134
1626,419154,500.0,427.78,,2.1427196788787843,24.748323678970337,102,,,,,0.489246,,1.701731,0.471134
1627,419654,500.0,429.57,,2.1427196788787843,24.748323678970337,102,,,,,0.489246,,1.701731,0.471134
1628,420154,500.0,429.57,,2.1427196788787843,24.748323678970337,102,,,,,0.489246,,1.701731,0.471134
1629,420654,500.0,429.57,,2.1427196788787843,24.748323678970337,102,,,,,0.489246,,1.701731,0.471134
1630,420996,342.0,429.33,,2.1427196788787843,24.748323678970337,102,,,,,0.489246,,1.701731,0.471134
1631,421496,500.0,429.33,,2.1427196788787843,24.748323678970337,102,,,,,0.489246,,1.701731,0.471134
1632,421996,500.0,429.33,,2.0866535830497743,25.10830020904541,103,,,,,0.488676,,1.667115,0.420933
1633,422380,384.0,430.35,,2.0866535830497743,25.10830020904541,103,,,,,0.488676,,1.667115,0.420933
1634,422850,470.0,430.05,,2.0866535830497743,25.10830020904541,103,,,,,0.488676,,1.667115,0.420933
1635,423350,500.0,431.82,,2.0866535830497743,25.10830020904541,103,,,,,0.488676,,1.667115,0.420933
1636,423740,390.0,433.02,,2.0866535830497743,25.10830020904541,103,,,,,0.488676,,1.667115,0.420933
1637,424240,500.0,435.64,,2.0866535830497743,25.10830020904541,103,,,,,0.488676,,1.667115,0.420933
1638,424740,500.0,437.13,,2.0866535830497743,25.10830020904541,103,,,,,0.488676,,1.667115,0.420933
1639,425240,500.0,437.53,,2.0866535830497743,25.10830020904541,103,,,,,0.488676,,1.667115,0.420933
1640,425740,500.0,437.53,,2.0866535830497743,25.10830020904541,103,,,,,0.488676,,1.667115,0.420933
1641,426240,500.0,440.02,,2.0866535830497743,25.10830020904541,103,,,,,0.488676,,1.667115,0.420933
1642,426740,500.0,442.01,,2.0866535830497743,25.10830020904541,103,,,,,0.488676,,1.667115,0.420933
1643,427240,500.0,442.01,,2.0866535830497743,25.10830020904541,103,,,,,0.488676,,1.667115,0.420933
1644,427517,277.0,442.21,,2.0866535830497743,25.10830020904541,103,,,,,0.488676,,1.667115,0.420933
1645,427766,249.0,439.7,,2.0866535830497743,25.10830020904541,103,,,,,0.488676,,1.667115,0.420933
1646,428266,500.0,441.77,,2.0866535830497743,25.10830020904541,103,,,,,0.488676,,1.667115,0.420933
1647,428766,500.0,441.77,,2.0866535830497743,25.10830020904541,103,,,,,0.488676,,1.667115,0.420933
1648,429266,500.0,443.65,,2.0243923044204712,25.456517696380615,104,,,,,0.488461,,1.394693,0.463889
1649,429540,274.0,442.09,,2.0243923044204712,25.456517696380615,104,,,500.0,0.0,0.488461,,1.394693,0.463889
1650,429904,364.0,440.73,,2.0243923044204712,25.457517862319946,104,,,,,0.488461,,1.394693,0.463889
1651,430306,402.0,442.7,,2.0243923044204712,25.457517862319946,104,,,,,0.488461,,1.394693,0.463889
1652,430788,482.0,443.91,,2.0243923044204712,25.457517862319946,104,,,,,0.488461,,1.394693,0.463889
1653,431288,500.0,443.91,,2.0243923044204712,25.457517862319946,104,,,,,0.488461,,1.394693,0.463889
1654,431788,500.0,446.48,,2.0243923044204712,25.457517862319946,104,,,,,0.488461,,1.394693,0.463889
1655,432288,500.0,446.48,,2.0243923044204712,25.457517862319946,104,,,,,0.488461,,1.394693,0.463889
1656,432788,500.0,446.48,,2.0243923044204712,25.457517862319946,104,,,,,0.488461,,1.394693,0.463889
1657,433288,500.0,446.48,,2.0243923044204712,25.457517862319946,104,,,,,0.488461,,1.394693,0.463889
1658,433788,500.0,446.99,,2.0243923044204712,25.457517862319946,104,,,,,0.488461,,1.394693,0.463889
1659,434288,500.0,447.63,,2.0243923044204712,25.457517862319946,104,,,,,0.488461,,1.394693,0.463889
1660,434788,500.0,448.29,,2.0243923044204712,25.457517862319946,104,,,,,0.488461,,1.394693,0.463889
1661,435288,500.0,450.91,,2.0243923044204712,25.457517862319946,104,,,,,0.488461,,1.394693,0.463889
1662,435788,500.0,450.91,,2.0243923044204712,25.457517862319946,104,,,,,0.488461,,1.394693,0.463889
1663,436288,500.0,452.21,,2.0243923044204712,25.457517862319946,104,,,,,0.488461,,1.394693,0.463889
1664,436788,500.0,455.14,,1.9772535562515259,25.818357229232788,105,,,,,0.489902,,1.972170,0.411424
1665,437154,366.0,453.8,,1.9772535562515259,25.819358587265015,105,,,,,0.489902,,1.972170,0.411424
1666,437654,500.0,453.8,,1.9772535562515259,25.819358587265015,105,,,,,0.489902,,1.972170,0.411424
1667,438154,500.0,453.8,,1.9772535562515259,25.819358587265015,105,,,,,0.489902,,1.972170,0.411424
1668,438654,500.0,453.8,,1.9772535562515259,25.819358587265015,105,,,,,0.489902,,1.972170,0.411424
1669,439154,500.0,454.87,,1.9772535562515259,25.819358587265015,105,,,,,0.489902,,1.972170,0.411424
1670,439614,460.0,454.88,,1.9772535562515259,25.819358587265015,105,,,,,0.489902,,1.972170,0.411424
1671,440114,500.0,455.6,,1.9772535562515259,25.819358587265015,105,,,,,0.489902,,1.972170,0.411424
1672,440614,500.0,455.6,,1.9772535562515259,25.819358587265015,105,,,,,0.489902,,1.972170,0.411424
1673,440852,238.0,452.98,,1.9772535562515259,25.819358587265015,105,,,,,0.489902,,1.972170,0.411424
1674,441100,248.0,450.46,,1.9772535562515259,25.819358587265015,105,,,,,0.489902,,1.972170,0.411424
1675,441600,500.0,450.46,,1.9772535562515259,25.819358587265015,105,,,,,0.489902,,1.972170,0.411424
1676,442018,418.0,451.5,,1.9772535562515259,25.819358587265015,105,,,,,0.489902,,1.972170,0.411424
1677,442518,500.0,451.5,,1.9772535562515259,25.819358587265015,105,,,,,0.489902,,1.972170,0.411424
1678,442932,414.0,452.69,,1.9772535562515259,25.819358587265015,105,,,,,0.489902,,1.972170,0.411424
1679,443223,291.0,451.43,,1.9772535562515259,25.819358587265015,105,,,,,0.489902,,1.972170,0.411424
1680,443723,500.0,451.43,,1.9300722539424897,26.18372631072998,106,,,,,0.489953,,1.738742,0.400227
1681,444053,330.0,451.45,,1.9300722539424897,26.18372631072998,106,,,,,0.489953,,1.738742,0.400227
1682,444553,500.0,451.45,,1.9300722539424897,26.18372631072998,106,,,,,0.489953,,1.738742,0.400227
1683,445053,500.0,453.44,,1.9300722539424897,26.18372631072998,106,,,,,0.489953,,1.738742,0.400227
1684,445553,500.0,453.45,,1.9300722539424897,26.18372631072998,106,,,,,0.489953,,1.738742,0.400227
1685,446052,499.0,453.44,,1.9300722539424897,26.18372631072998,106,,,,,0.489953,,1.738742,0.400227
1686,446552,500.0,454.72,,1.9300722539424897,26.18372631072998,106,,,,,0.489953,,1.738742,0.400227
1687,447052,500.0,454.72,,1.9300722539424897,26.18372631072998,106,,,,,0.489953,,1.738742,0.400227
1688,447552,500.0,454.76,,1.9300722539424897,26.18372631072998,106,,,,,0.489953,,1.738742,0.400227
1689,448052,500.0,456.33,,1.9300722539424897,26.18372631072998,106,,,,,0.489953,,1.738742,0.400227
1690,448458,406.0,456.22,,1.9300722539424897,26.18372631072998,106,,,,,0.489953,,1.738742,0.400227
1691,448720,262.0,455.8,,1.9300722539424897,26.18372631072998,106,,,,,0.489953,,1.738742,0.400227
1692,449063,343.0,454.23,,1.9300722539424897,26.18372631072998,106,,,,,0.489953,,1.738742,0.400227
1693,449317,254.0,453.5,,1.9300722539424897,26.18372631072998,106,,,,,0.489953,,1.738742,0.400227
1694,449817,500.0,453.5,,1.9300722539424897,26.18372631072998,106,,,,,0.489953,,1.738742,0.400227
1695,450317,500.0,456.03,,1.9300722539424897,26.18372631072998,106,,,,,0.489953,,1.738742,0.400227
1696,450817,500.0,456.03,,1.8766536223888397,26.548057079315186,107,,,,,0.485724,,1.314259,0.441517
1697,451317,500.0,457.24,,1.8766536223888397,26.548057079315186,107,,,,,0.485724,,1.314259,0.441517
1698,451817,500.0,457.24,,1.8766536223888397,26.548057079315186,107,,,,,0.485724,,1.314259,0.441517
1699,452317,500.0,457.24,,1.8766536223888397,26.548057079315186,107,,,500.0,0.0,0.485724,,1.314259,0.441517
1700,452817,500.0,457.24,,1.8766536223888397,26.548057079315186,107,,,,,0.485724,,1.314259,0.441517
1701,453317,500.0,457.24,,1.8766536223888397,26.548057079315186,107,,,,,0.485724,,1.314259,0.441517
1702,453817,500.0,457.24,,1.8766536223888397,26.548057079315186,107,,,,,0.485724,,1.314259,0.441517
1703,454280,463.0,456.87,,1.8766536223888397,26.548057079315186,107,,,,,0.485724,,1.314259,0.441517
1704,454698,418.0,457.88,,1.8766536223888397,26.548057079315186,107,,,,,0.485724,,1.314259,0.441517
1705,455166,468.0,459.87,,1.8766536223888397,26.548057079315186,107,,,,,0.485724,,1.314259,0.441517
1706,455576,410.0,459.44,,1.8766536223888397,26.548057079315186,107,,,,,0.485724,,1.314259,0.441517
1707,456076,500.0,459.44,,1.8766536223888397,26.548057079315186,107,,,,,0.485724,,1.314259,0.441517
1708,456576,500.0,459.44,,1.8766536223888397,26.548057079315186,107,,,,,0.485724,,1.314259,0.441517
1709,457076,500.0,459.44,,1.8766536223888397,26.548057079315186,107,,,,,0.485724,,1.314259,0.441517
1710,457576,500.0,459.44,,1.8766536223888397,26.548057079315186,107,,,,,0.485724,,1.314259,0.441517
1711,458076,500.0,460.94,,1.8766536223888397,26.548057079315186,107,,,,,0.485724,,1.314259,0.441517
1712,458576,500.0,460.94,,1.8200216114521026,26.913947343826294,108,,,,,0.484368,,0.829595,0.485794
1713,459076,500.0,460.94,,1.8200216114521026,26.913947343826294,108,,,,,0.484368,,0.829595,0.485794
1714,459576,500.0,460.94,,1.8200216114521026,26.913947343826294,108,,,,,0.484368,,0.829595,0.485794
1715,459969,393.0,459.87,,1.8200216114521026,26.913947343826294,108,,,,,0.484368,,0.829595,0.485794
1716,460469,500.0,459.87,,1.8200216114521026,26.913947343826294,108,,,,,0.484368,,0.829595,0.485794
1717,460969,500.0,459.87,,1.8200216114521026,26.913947343826294,108,,,,,0.484368,,0.829595,0.485794
1718,461469,500.0,460.33,,1.8200216114521026,26.913947343826294,108,,,,,0.484368,,0.829595,0.485794
1719,461969,500.0,462.35,,1.8200216114521026,26.913947343826294,108,,,,,0.484368,,0.829595,0.485794
1720,462469,500.0,462.35,,1.8200216114521026,26.913947343826294,108,,,,,0.484368,,0.829595,0.485794
1721,462969,500.0,462.55,,1.8200216114521026,26.913947343826294,108,,,,,0.484368,,0.829595,0.485794
1722,463469,500.0,462.55,,1.8200216114521026,26.913947343826294,108,,,,,0.484368,,0.829595,0.485794
1723,463969,500.0,462.55,,1.8200216114521026,26.913947343826294,108,,,,,0.484368,,0.829595,0.485794
1724,464469,500.0,463.15,,1.8200216114521026,26.913947343826294,108,,,,,0.484368,,0.829595,0.485794
1725,464969,500.0,463.15,,1.8200216114521026,26.913947343826294,108,,,,,0.484368,,0.829595,0.485794
1726,465469,500.0,463.15,,1.8200216114521026,26.913947343826294,108,,,,,0.484368,,0.829595,0.485794
1727,465969,500.0,463.15,,1.8200216114521026,26.913947343826294,108,,,,,0.484368,,0.829595,0.485794
1728,466469,500.0,463.15,,1.7596528431773186,27.27693271636963,109,,,,,0.482876,,0.610497,0.482320
1729,466969,500.0,463.15,,1.7596528431773186,27.277939796447754,109,,,,,0.482876,,0.610497,0.482320
1730,467469,500.0,464.73,,1.7596528431773186,27.277939796447754,109,,,,,0.482876,,0.610497,0.482320
1731,467969,500.0,464.73,,1.7596528431773186,27.277939796447754,109,,,,,0.482876,,0.610497,0.482320
1732,468469,500.0,464.73,,1.7596528431773186,27.277939796447754,109,,,,,0.482876,,0.610497,0.482320
1733,468969,500.0,465.89,,1.7596528431773186,27.277939796447754,109,,,,,0.482876,,0.610497,0.482320
1734,469469,500.0,466.19,,1.7596528431773186,27.277939796447754,109,,,,,0.482876,,0.610497,0.482320
1735,469969,500.0,466.19,,1.7596528431773186,27.277939796447754,109,,,,,0.482876,,0.610497,0.482320
1736,470469,500.0,467.29,,1.7596528431773186,27.277939796447754,109,,,,,0.482876,,0.610497,0.482320
1737,470969,500.0,467.29,,1.7596528431773186,27.277939796447754,109,,,,,0.482876,,0.610497,0.482320
1738,471469,500.0,467.29,,1.7596528431773186,27.277939796447754,109,,,,,0.482876,,0.610497,0.482320
1739,471969,500.0,467.29,,1.7596528431773186,27.277939796447754,109,,,,,0.482876,,0.610497,0.482320
1740,472469,500.0,467.29,,1.7596528431773186,27.277939796447754,109,,,,,0.482876,,0.610497,0.482320
1741,472969,500.0,467.29,,1.7596528431773186,27.277939796447754,109,,,,,0.482876,,0.610497,0.482320
1742,473469,500.0,467.29,,1.7596528431773186,27.277939796447754,109,,,,,0.482876,,0.610497,0.482320
1743,473969,500.0,467.29,,1.7596528431773186,27.277939796447754,109,,,,,0.482876,,0.610497,0.482320
1744,474469,500.0,469.52,,1.7019527757167816,27.64447045326233,110,,,,,0.483091,,0.544568,0.637662
1745,474969,500.0,472.03,,1.7019527757167816,27.64447045326233,110,,,,,0.483091,,0.544568,0.637662
1746,475469,500.0,472.03,,1.7019527757167816,27.64447045326233,110,,,,,0.483091,,0.544568,0.637662
1747,475969,500.0,472.03,,1.7019527757167816,27.64447045326233,110,,,,,0.483091,,0.544568,0.637662
1748,476469,500.0,472.03,,1.7019527757167816,27.64447045326233,110,,,,,0.483091,,0.544568,0.637662
1749,476969,500.0,474.29,,1.7019527757167816,27.64447045326233,110,,,500.0,0.0,0.483091,,0.544568,0.637662
1750,477469,500.0,475.65,,1.7019527757167816,27.64447045326233,110,,,,,0.483091,,0.544568,0.637662
