episode,total_env_steps,episode_reward,avg_reward_100,epsilon,mean_loss,wall_clock_s,grad_steps,w,lam,eval_mean_reward,eval_std_reward,entropy,beta,value_loss,explained_variance
0,14,14.0,14.0,,21.20388412475586,0.04356122016906738,1,,,,,0.687808,,42.374580,0.612424
1,23,9.0,11.5,,21.20388412475586,0.04356122016906738,1,,,,,0.687808,,42.374580,0.612424
2,41,18.0,13.666666666666666,,21.20388412475586,0.04356122016906738,1,,,,,0.687808,,42.374580,0.612424
3,59,18.0,14.75,,21.20388412475586,0.04356122016906738,1,,,,,0.687808,,42.374580,0.612424
4,70,11.0,14.0,,21.20388412475586,0.04356122016906738,1,,,,,0.687808,,42.374580,0.612424
5,84,14.0,14.0,,21.20388412475586,0.04356122016906738,1,,,,,0.687808,,42.374580,0.612424
6,109,25.0,15.571428571428571,,21.20388412475586,0.04556608200073242,1,,,,,0.687808,,42.374580,0.612424
7,138,29.0,17.25,,21.20388412475586,0.04556608200073242,1,,,,,0.687808,,42.374580,0.612424
8,152,14.0,16.88888888888889,,21.20388412475586,0.04556608200073242,1,,,,,0.687808,,42.374580,0.612424
9,161,9.0,16.1,,21.20388412475586,0.04556608200073242,1,,,,,0.687808,,42.374580,0.612424
10,175,14.0,15.909090909090908,,21.20388412475586,0.04556608200073242,1,,,,,0.687808,,42.374580,0.612424
11,217,42.0,18.083333333333332,,21.20388412475586,0.04556608200073242,1,,,,,0.687808,,42.374580,0.612424
12,233,16.0,17.923076923076923,,21.20388412475586,0.04556608200073242,1,,,,,0.687808,,42.374580,0.612424
13,246,13.0,17.571428571428573,,21.20388412475586,0.04556608200073242,1,,,,,0.687808,,42.374580,0.612424
14,258,12.0,17.2,,21.20388412475586,0.04556608200073242,1,,,,,0.687808,,42.374580,0.612424
15,279,21.0,17.4375,,21.20388412475586,0.04556608200073242,1,,,,,0.687808,,42.374580,0.612424
16,316,37.0,18.58823529411765,,19.929805755615234,0.08776307106018066,2,,,,,0.690025,,37.302822,0.399341
17,333,17.0,18.5,,19.929805755615234,0.08776307106018066,2,,,,,0.690025,,37.302822,0.399341
18,349,16.0,18.36842105263158,,19.929805755615234,0.08776307106018066,2,,,,,0.690025,,37.302822,0.399341
19,362,13.0,18.1,,19.929805755615234,0.08776307106018066,2,,,,,0.690025,,37.302822,0.399341
20,374,12.0,17.80952380952381,,19.929805755615234,0.08776307106018066,2,,,,,0.690025,,37.302822,0.399341
21,389,15.0,17.681818181818183,,19.929805755615234,0.08776307106018066,2,,,,,0.690025,,37.302822,0.399341
22,412,23.0,17.91304347826087,,19.929805755615234,0.08776307106018066,2,,,,,0.690025,,37.302822,0.399341
23,429,17.0,17.875,,19.929805755615234,0.08776307106018066,2,,,,,0.690025,,37.302822,0.399341
24,453,24.0,18.12,,19.929805755615234,0.08776307106018066,2,,,,,0.690025,,37.302822,0.399341
25,481,28.0,18.5,,19.929805755615234,0.08776307106018066,2,,,,,0.690025,,37.302822,0.399341
26,534,53.0,19.77777777777778,,19.929805755615234,0.08776307106018066,2,,,,,0.690025,,37.302822,0.399341
27,546,12.0,19.5,,19.929805755615234,0.08776307106018066,2,,,,,0.690025,,37.302822,0.399341
28,573,27.0,19.75862068965517,,19.929805755615234,0.08776307106018066,2,,,,,0.690025,,37.302822,0.399341
29,585,12.0,19.5,,19.929805755615234,0.08776307106018066,2,,,,,0.690025,,37.302822,0.399341
30,624,39.0,20.129032258064516,,19.929805755615234,0.08776307106018066,2,,,,,0.690025,,37.302822,0.399341
31,633,9.0,19.78125,,19.929805755615234,0.08776307106018066,2,,,,,0.690025,,37.302822,0.399341
32,675,42.0,20.454545454545453,,19.27240753173828,0.13004326820373535,3,,,,,0.690917,,35.920288,0.346079
33,690,15.0,20.294117647058822,,19.27240753173828,0.13004326820373535,3,,,,,0.690917,,35.920288,0.346079
34,712,22.0,20.34285714285714,,19.27240753173828,0.13004326820373535,3,,,,,0.690917,,35.920288,0.346079
35,751,39.0,20.86111111111111,,19.27240753173828,0.13004326820373535,3,,,,,0.690917,,35.920288,0.346079
36,803,52.0,21.7027027027027,,19.27240753173828,0.13004326820373535,3,,,,,0.690917,,35.920288,0.346079
37,818,15.0,21.526315789473685,,19.27240753173828,0.13004326820373535,3,,,,,0.690917,,35.920288,0.346079
38,831,13.0,21.307692307692307,,19.27240753173828,0.13004326820373535,3,,,,,0.690917,,35.920288,0.346079
39,840,9.0,21.0,,19.27240753173828,0.13004326820373535,3,,,,,0.690917,,35.920288,0.346079
40,854,14.0,20.829268292682926,,19.27240753173828,0.13004326820373535,3,,,,,0.690917,,35.920288,0.346079
41,867,13.0,20.642857142857142,,19.27240753173828,0.13004326820373535,3,,,,,0.690917,,35.920288,0.346079
42,881,14.0,20.488372093023255,,19.27240753173828,0.13004326820373535,3,,,,,0.690917,,35.920288,0.346079
43,910,29.0,20.681818181818183,,19.27240753173828,0.13004326820373535,3,,,,,0.690917,,35.920288,0.346079
44,943,33.0,20.955555555555556,,19.27240753173828,0.13004326820373535,3,,,,,0.690917,,35.920288,0.346079
45,960,17.0,20.869565217391305,,19.27240753173828,0.13004326820373535,3,,,,,0.690917,,35.920288,0.346079
46,975,15.0,20.74468085106383,,19.27240753173828,0.13004326820373535,3,,,,,0.690917,,35.920288,0.346079
47,991,16.0,20.645833333333332,,19.27240753173828,0.13004326820373535,3,,,,,0.690917,,35.920288,0.346079
48,1012,21.0,20.653061224489797,,19.09371852874756,0.16487360000610352,4,,,,,0.690733,,37.100052,0.541252
49,1025,13.0,20.5,,19.09371852874756,0.16487360000610352,4,,,10.2,0.9797958971132712,0.690733,,37.100052,0.541252
50,1047,22.0,20.529411764705884,,19.09371852874756,0.16487360000610352,4,,,,,0.690733,,37.100052,0.541252
51,1067,20.0,20.51923076923077,,19.09371852874756,0.16487360000610352,4,,,,,0.690733,,37.100052,0.541252
52,1087,20.0,20.50943396226415,,19.09371852874756,0.16487360000610352,4,,,,,0.690733,,37.100052,0.541252
53,1100,13.0,20.37037037037037,,19.09371852874756,0.16487360000610352,4,,,,,0.690733,,37.100052,0.541252
54,1114,14.0,20.254545454545454,,19.09371852874756,0.16487360000610352,4,,,,,0.690733,,37.100052,0.541252
55,1145,31.0,20.446428571428573,,19.09371852874756,0.16487360000610352,4,,,,,0.690733,,37.100052,0.541252
56,1163,18.0,20.403508771929825,,19.09371852874756,0.16487360000610352,4,,,,,0.690733,,37.100052,0.541252
57,1200,37.0,20.689655172413794,,19.09371852874756,0.16487360000610352,4,,,,,0.690733,,37.100052,0.541252
58,1225,25.0,20.76271186440678,,19.09371852874756,0.16487360000610352,4,,,,,0.690733,,37.100052,0.541252
59,1255,30.0,20.916666666666668,,19.09371852874756,0.16487360000610352,4,,,,,0.690733,,37.100052,0.541252
60,1277,22.0,20.934426229508198,,19.09371852874756,0.16487360000610352,4,,,,,0.690733,,37.100052,0.541252
61,1309,32.0,21.112903225806452,,19.09371852874756,0.16487360000610352,4,,,,,0.690733,,37.100052,0.541252
62,1319,10.0,20.936507936507937,,19.09371852874756,0.16487360000610352,4,,,,,0.690733,,37.100052,0.541252
63,1351,32.0,21.109375,,19.09371852874756,0.16487360000610352,4,,,,,0.690733,,37.100052,0.541252
64,1368,17.0,21.046153846153846,,18.80054130554199,0.2048654556274414,5,,,,,0.690874,,35.256004,0.559984
65,1394,26.0,21.12121212121212,,18.80054130554199,0.20586633682250977,5,,,,,0.690874,,35.256004,0.559984
66,1413,19.0,21.08955223880597,,18.80054130554199,0.20586633682250977,5,,,,,0.690874,,35.256004,0.559984
67,1445,32.0,21.25,,18.80054130554199,0.20586633682250977,5,,,,,0.690874,,35.256004,0.559984
68,1462,17.0,21.18840579710145,,18.80054130554199,0.20586633682250977,5,,,,,0.690874,,35.256004,0.559984
69,1492,30.0,21.314285714285713,,18.80054130554199,0.20586633682250977,5,,,,,0.690874,,35.256004,0.559984
70,1520,28.0,21.408450704225352,,18.80054130554199,0.20586633682250977,5,,,,,0.690874,,35.256004,0.559984
71,1542,22.0,21.416666666666668,,18.80054130554199,0.20586633682250977,5,,,,,0.690874,,35.256004,0.559984
72,1554,12.0,21.28767123287671,,18.80054130554199,0.20586633682250977,5,,,,,0.690874,,35.256004,0.559984
73,1566,12.0,21.16216216216216,,18.80054130554199,0.20586633682250977,5,,,,,0.690874,,35.256004,0.559984
74,1586,20.0,21.14666666666667,,18.80054130554199,0.20586633682250977,5,,,,,0.690874,,35.256004,0.559984
75,1601,15.0,21.06578947368421,,18.80054130554199,0.20586633682250977,5,,,,,0.690874,,35.256004,0.559984
76,1664,63.0,21.61038961038961,,18.80054130554199,0.20586633682250977,5,,,,,0.690874,,35.256004,0.559984
77,1689,25.0,21.653846153846153,,18.80054130554199,0.20586633682250977,5,,,,,0.690874,,35.256004,0.559984
78,1714,25.0,21.696202531645568,,18.80054130554199,0.20586633682250977,5,,,,,0.690874,,35.256004,0.559984
79,1736,22.0,21.7,,18.80054130554199,0.20586633682250977,5,,,,,0.690874,,35.256004,0.559984
80,1752,16.0,21.62962962962963,,18.316572825113933,0.2539680004119873,6,,,,,0.690995,,31.816587,0.424479
81,1767,15.0,21.548780487804876,,18.316572825113933,0.2539680004119873,6,,,,,0.690995,,31.816587,0.424479
82,1789,22.0,21.55421686746988,,18.316572825113933,0.2539680004119873,6,,,,,0.690995,,31.816587,0.424479
83,1814,25.0,21.595238095238095,,18.316572825113933,0.2539680004119873,6,,,,,0.690995,,31.816587,0.424479
84,1848,34.0,21.741176470588236,,18.316572825113933,0.2539680004119873,6,,,,,0.690995,,31.816587,0.424479
85,1871,23.0,21.75581395348837,,18.316572825113933,0.2539680004119873,6,,,,,0.690995,,31.816587,0.424479
86,1885,14.0,21.666666666666668,,18.316572825113933,0.2539680004119873,6,,,,,0.690995,,31.816587,0.424479
87,1936,51.0,22.0,,18.316572825113933,0.2539680004119873,6,,,,,0.690995,,31.816587,0.424479
88,1948,12.0,21.8876404494382,,18.316572825113933,0.2539680004119873,6,,,,,0.690995,,31.816587,0.424479
89,1991,43.0,22.122222222222224,,18.316572825113933,0.2539680004119873,6,,,,,0.690995,,31.816587,0.424479
90,2007,16.0,22.054945054945055,,18.316572825113933,0.2539680004119873,6,,,,,0.690995,,31.816587,0.424479
91,2025,18.0,22.01086956521739,,18.316572825113933,0.2539680004119873,6,,,,,0.690995,,31.816587,0.424479
92,2075,50.0,22.311827956989248,,18.316572825113933,0.2539680004119873,6,,,,,0.690995,,31.816587,0.424479
93,2135,60.0,22.71276595744681,,18.316572825113933,0.2539680004119873,6,,,,,0.690995,,31.816587,0.424479
94,2149,14.0,22.621052631578948,,18.316572825113933,0.2539680004119873,6,,,,,0.690995,,31.816587,0.424479
95,2171,22.0,22.614583333333332,,18.316572825113933,0.2539680004119873,6,,,,,0.690995,,31.816587,0.424479
96,2186,15.0,22.536082474226806,,18.236424582345144,0.29435205459594727,7,,,,,0.690875,,35.534046,0.534641
97,2222,36.0,22.6734693877551,,18.236424582345144,0.29435205459594727,7,,,,,0.690875,,35.534046,0.534641
98,2256,34.0,22.78787878787879,,18.236424582345144,0.29435205459594727,7,,,,,0.690875,,35.534046,0.534641
99,2274,18.0,22.74,,18.236424582345144,0.29435205459594727,7,,,34.2,6.11228271597445,0.690875,,35.534046,0.534641
100,2285,11.0,22.71,,18.236424582345144,0.29435205459594727,7,,,,,0.690875,,35.534046,0.534641
101,2306,21.0,22.83,,18.236424582345144,0.29435205459594727,7,,,,,0.690875,,35.534046,0.534641
102,2328,22.0,22.87,,18.236424582345144,0.29435205459594727,7,,,,,0.690875,,35.534046,0.534641
103,2338,10.0,22.79,,18.236424582345144,0.29435205459594727,7,,,,,0.690875,,35.534046,0.534641
104,2384,46.0,23.14,,18.236424582345144,0.29435205459594727,7,,,,,0.690875,,35.534046,0.534641
105,2413,29.0,23.29,,18.236424582345144,0.29435205459594727,7,,,,,0.690875,,35.534046,0.534641
106,2434,21.0,23.25,,18.236424582345144,0.29435205459594727,7,,,,,0.690875,,35.534046,0.534641
107,2456,22.0,23.18,,18.236424582345144,0.29435205459594727,7,,,,,0.690875,,35.534046,0.534641
108,2466,10.0,23.14,,18.236424582345144,0.29435205459594727,7,,,,,0.690875,,35.534046,0.534641
109,2477,11.0,23.16,,18.236424582345144,0.29435205459594727,7,,,,,0.690875,,35.534046,0.534641
110,2492,15.0,23.17,,18.236424582345144,0.29435205459594727,7,,,,,0.690875,,35.534046,0.534641
111,2505,13.0,22.88,,18.236424582345144,0.29435205459594727,7,,,,,0.690875,,35.534046,0.534641
112,2528,23.0,22.95,,17.988464832305908,0.33568644523620605,8,,,,,0.689907,,32.545372,0.502571
113,2542,14.0,22.96,,17.988464832305908,0.33568644523620605,8,,,,,0.689907,,32.545372,0.502571
114,2566,24.0,23.08,,17.988464832305908,0.33568644523620605,8,,,,,0.689907,,32.545372,0.502571
115,2586,20.0,23.07,,17.988464832305908,0.33568644523620605,8,,,,,0.689907,,32.545372,0.502571
116,2604,18.0,22.88,,17.988464832305908,0.33568644523620605,8,,,,,0.689907,,32.545372,0.502571
117,2623,19.0,22.9,,17.988464832305908,0.33568644523620605,8,,,,,0.689907,,32.545372,0.502571
118,2645,22.0,22.96,,17.988464832305908,0.33568644523620605,8,,,,,0.689907,,32.545372,0.502571
119,2659,14.0,22.97,,17.988464832305908,0.33568644523620605,8,,,,,0.689907,,32.545372,0.502571
120,2689,30.0,23.15,,17.988464832305908,0.33568644523620605,8,,,,,0.689907,,32.545372,0.502571
121,2741,52.0,23.52,,17.988464832305908,0.33568644523620605,8,,,,,0.689907,,32.545372,0.502571
122,2780,39.0,23.68,,17.988464832305908,0.33568644523620605,8,,,,,0.689907,,32.545372,0.502571
123,2810,30.0,23.81,,17.988464832305908,0.33568644523620605,8,,,,,0.689907,,32.545372,0.502571
124,2857,47.0,24.04,,17.988464832305908,0.33568644523620605,8,,,,,0.689907,,32.545372,0.502571
125,2886,29.0,24.05,,17.988464832305908,0.33568644523620605,8,,,,,0.689907,,32.545372,0.502571
126,2913,27.0,23.79,,17.988464832305908,0.33568644523620605,8,,,,,0.689907,,32.545372,0.502571
127,2932,19.0,23.86,,17.988464832305908,0.33568644523620605,8,,,,,0.689907,,32.545372,0.502571
128,2969,37.0,23.96,,17.83706389533149,0.37484192848205566,9,,,,,0.689176,,33.290241,0.571238
129,2983,14.0,23.98,,17.83706389533149,0.37484192848205566,9,,,,,0.689176,,33.290241,0.571238
130,2997,14.0,23.73,,17.83706389533149,0.37484192848205566,9,,,,,0.689176,,33.290241,0.571238
131,3021,24.0,23.88,,17.83706389533149,0.37484192848205566,9,,,,,0.689176,,33.290241,0.571238
132,3071,50.0,23.96,,17.83706389533149,0.37484192848205566,9,,,,,0.689176,,33.290241,0.571238
133,3106,35.0,24.16,,17.83706389533149,0.37484192848205566,9,,,,,0.689176,,33.290241,0.571238
134,3124,18.0,24.12,,17.83706389533149,0.37484192848205566,9,,,,,0.689176,,33.290241,0.571238
135,3152,28.0,24.01,,17.83706389533149,0.37484192848205566,9,,,,,0.689176,,33.290241,0.571238
136,3169,17.0,23.66,,17.83706389533149,0.37484192848205566,9,,,,,0.689176,,33.290241,0.571238
137,3189,20.0,23.71,,17.83706389533149,0.37484192848205566,9,,,,,0.689176,,33.290241,0.571238
138,3218,29.0,23.87,,17.83706389533149,0.37484192848205566,9,,,,,0.689176,,33.290241,0.571238
139,3230,12.0,23.9,,17.83706389533149,0.37484192848205566,9,,,,,0.689176,,33.290241,0.571238
140,3259,29.0,24.05,,17.83706389533149,0.37484192848205566,9,,,,,0.689176,,33.290241,0.571238
141,3277,18.0,24.1,,17.83706389533149,0.37484192848205566,9,,,,,0.689176,,33.290241,0.571238
142,3291,14.0,24.1,,17.83706389533149,0.37484192848205566,9,,,,,0.689176,,33.290241,0.571238
143,3306,15.0,23.96,,17.83706389533149,0.37484192848205566,9,,,,,0.689176,,33.290241,0.571238
144,3322,16.0,23.79,,17.115551662445068,0.44951605796813965,10,,,,,0.688435,,21.269112,0.335837
145,3376,54.0,24.16,,17.115551662445068,0.44951605796813965,10,,,,,0.688435,,21.269112,0.335837
146,3402,26.0,24.27,,17.115551662445068,0.44951605796813965,10,,,,,0.688435,,21.269112,0.335837
147,3422,20.0,24.31,,17.115551662445068,0.44951605796813965,10,,,,,0.688435,,21.269112,0.335837
148,3433,11.0,24.21,,17.115551662445068,0.44951605796813965,10,,,,,0.688435,,21.269112,0.335837
149,3445,12.0,24.2,,17.115551662445068,0.44951605796813965,10,,,266.8,193.06931397816692,0.688435,,21.269112,0.335837
150,3525,80.0,24.78,,17.115551662445068,0.44951605796813965,10,,,,,0.688435,,21.269112,0.335837
151,3573,48.0,25.06,,17.115551662445068,0.44951605796813965,10,,,,,0.688435,,21.269112,0.335837
152,3590,17.0,25.03,,17.115551662445068,0.44951605796813965,10,,,,,0.688435,,21.269112,0.335837
153,3660,70.0,25.6,,17.115551662445068,0.44951605796813965,10,,,,,0.688435,,21.269112,0.335837
154,3727,67.0,26.13,,17.115551662445068,0.44951605796813965,10,,,,,0.688435,,21.269112,0.335837
155,3747,20.0,26.02,,17.115551662445068,0.44951605796813965,10,,,,,0.688435,,21.269112,0.335837
156,3772,25.0,26.09,,17.115551662445068,0.44951605796813965,10,,,,,0.688435,,21.269112,0.335837
157,3802,30.0,26.02,,17.115551662445068,0.44951605796813965,10,,,,,0.688435,,21.269112,0.335837
158,3861,59.0,26.36,,17.115551662445068,0.44951605796813965,10,,,,,0.688435,,21.269112,0.335837
159,3980,119.0,27.25,,17.115551662445068,0.44951605796813965,10,,,,,0.688435,,21.269112,0.335837
160,4027,47.0,27.5,,16.916954040527344,0.5005872249603271,11,,,,,0.687895,,29.918034,0.478226
161,4051,24.0,27.42,,16.916954040527344,0.5005872249603271,11,,,,,0.687895,,29.918034,0.478226
162,4073,22.0,27.54,,16.916954040527344,0.5005872249603271,11,,,,,0.687895,,29.918034,0.478226
163,4090,17.0,27.39,,16.916954040527344,0.5005872249603271,11,,,,,0.687895,,29.918034,0.478226
164,4103,13.0,27.35,,16.916954040527344,0.5005872249603271,11,,,,,0.687895,,29.918034,0.478226
165,4136,33.0,27.42,,16.916954040527344,0.5005872249603271,11,,,,,0.687895,,29.918034,0.478226
166,4176,40.0,27.63,,16.916954040527344,0.5005872249603271,11,,,,,0.687895,,29.918034,0.478226
167,4195,19.0,27.5,,16.916954040527344,0.5005872249603271,11,,,,,0.687895,,29.918034,0.478226
168,4206,11.0,27.44,,16.916954040527344,0.5005872249603271,11,,,,,0.687895,,29.918034,0.478226
169,4227,21.0,27.35,,16.916954040527344,0.5005872249603271,11,,,,,0.687895,,29.918034,0.478226
170,4290,63.0,27.7,,16.916954040527344,0.5005872249603271,11,,,,,0.687895,,29.918034,0.478226
171,4333,43.0,27.91,,16.916954040527344,0.5005872249603271,11,,,,,0.687895,,29.918034,0.478226
172,4350,17.0,27.96,,16.916954040527344,0.5005872249603271,11,,,,,0.687895,,29.918034,0.478226
173,4389,39.0,28.23,,16.916954040527344,0.5005872249603271,11,,,,,0.687895,,29.918034,0.478226
174,4401,12.0,28.15,,16.916954040527344,0.5005872249603271,11,,,,,0.687895,,29.918034,0.478226
175,4436,35.0,28.35,,16.916954040527344,0.5005872249603271,11,,,,,0.687895,,29.918034,0.478226
176,4453,17.0,27.89,,16.873228073120117,0.5497076511383057,12,,,,,0.683025,,32.832935,0.242594
177,4479,26.0,27.9,,16.873228073120117,0.5497076511383057,12,,,,,0.683025,,32.832935,0.242594
178,4510,31.0,27.96,,16.873228073120117,0.5497076511383057,12,,,,,0.683025,,32.832935,0.242594
179,4529,19.0,27.93,,16.873228073120117,0.5497076511383057,12,,,,,0.683025,,32.832935,0.242594
180,4546,17.0,27.94,,16.873228073120117,0.5497076511383057,12,,,,,0.683025,,32.832935,0.242594
181,4571,25.0,28.04,,16.873228073120117,0.5497076511383057,12,,,,,0.683025,,32.832935,0.242594
182,4583,12.0,27.94,,16.873228073120117,0.5497076511383057,12,,,,,0.683025,,32.832935,0.242594
183,4604,21.0,27.9,,16.873228073120117,0.5497076511383057,12,,,,,0.683025,,32.832935,0.242594
184,4625,21.0,27.77,,16.873228073120117,0.5497076511383057,12,,,,,0.683025,,32.832935,0.242594
185,4641,16.0,27.7,,16.873228073120117,0.5497076511383057,12,,,,,0.683025,,32.832935,0.242594
186,4654,13.0,27.69,,16.873228073120117,0.5497076511383057,12,,,,,0.683025,,32.832935,0.242594
187,4667,13.0,27.31,,16.873228073120117,0.5497076511383057,12,,,,,0.683025,,32.832935,0.242594
188,4740,73.0,27.92,,16.873228073120117,0.5497076511383057,12,,,,,0.683025,,32.832935,0.242594
189,4752,12.0,27.61,,16.873228073120117,0.5497076511383057,12,,,,,0.683025,,32.832935,0.242594
190,4770,18.0,27.63,,16.873228073120117,0.5497076511383057,12,,,,,0.683025,,32.832935,0.242594
191,4792,22.0,27.67,,16.873228073120117,0.5497076511383057,12,,,,,0.683025,,32.832935,0.242594
192,4804,12.0,27.29,,16.67958560356727,0.6169278621673584,13,,,,,0.684417,,28.771250,0.353324
193,4831,27.0,26.96,,16.67958560356727,0.6169278621673584,13,,,,,0.684417,,28.771250,0.353324
194,4854,23.0,27.05,,16.67958560356727,0.6169278621673584,13,,,,,0.684417,,28.771250,0.353324
195,4868,14.0,26.97,,16.67958560356727,0.6169278621673584,13,,,,,0.684417,,28.771250,0.353324
196,4881,13.0,26.95,,16.67958560356727,0.6169278621673584,13,,,,,0.684417,,28.771250,0.353324
197,4920,39.0,26.98,,16.67958560356727,0.6169278621673584,13,,,,,0.684417,,28.771250,0.353324
198,4936,16.0,26.8,,16.67958560356727,0.6169278621673584,13,,,,,0.684417,,28.771250,0.353324
199,4955,19.0,26.81,,16.67958560356727,0.6169278621673584,13,,,50.6,7.391887445030531,0.684417,,28.771250,0.353324
200,4972,17.0,26.87,,16.67958560356727,0.6169278621673584,13,,,,,0.684417,,28.771250,0.353324
201,4986,14.0,26.8,,16.67958560356727,0.6169278621673584,13,,,,,0.684417,,28.771250,0.353324
202,5015,29.0,26.87,,16.67958560356727,0.6169278621673584,13,,,,,0.684417,,28.771250,0.353324
203,5136,121.0,27.98,,16.67958560356727,0.6169278621673584,13,,,,,0.684417,,28.771250,0.353324
204,5159,23.0,27.75,,16.67958560356727,0.6169278621673584,13,,,,,0.684417,,28.771250,0.353324
205,5174,15.0,27.61,,16.67958560356727,0.6169278621673584,13,,,,,0.684417,,28.771250,0.353324
206,5194,20.0,27.6,,16.67958560356727,0.6169278621673584,13,,,,,0.684417,,28.771250,0.353324
207,5258,64.0,28.02,,16.67958560356727,0.6169278621673584,13,,,,,0.684417,,28.771250,0.353324
208,5275,17.0,28.09,,16.60073729923793,0.6586005687713623,14,,,,,0.681179,,31.223806,0.390091
209,5317,42.0,28.4,,16.60073729923793,0.6586005687713623,14,,,,,0.681179,,31.223806,0.390091
210,5341,24.0,28.49,,16.60073729923793,0.6586005687713623,14,,,,,0.681179,,31.223806,0.390091
211,5367,26.0,28.62,,16.60073729923793,0.6586005687713623,14,,,,,0.681179,,31.223806,0.390091
212,5383,16.0,28.55,,16.60073729923793,0.6586005687713623,14,,,,,0.681179,,31.223806,0.390091
213,5417,34.0,28.75,,16.60073729923793,0.6586005687713623,14,,,,,0.681179,,31.223806,0.390091
214,5439,22.0,28.73,,16.60073729923793,0.6586005687713623,14,,,,,0.681179,,31.223806,0.390091
215,5478,39.0,28.92,,16.60073729923793,0.6586005687713623,14,,,,,0.681179,,31.223806,0.390091
216,5496,18.0,28.92,,16.60073729923793,0.6586005687713623,14,,,,,0.681179,,31.223806,0.390091
217,5513,17.0,28.9,,16.60073729923793,0.6586005687713623,14,,,,,0.681179,,31.223806,0.390091
218,5525,12.0,28.8,,16.60073729923793,0.6586005687713623,14,,,,,0.681179,,31.223806,0.390091
219,5549,24.0,28.9,,16.60073729923793,0.6586005687713623,14,,,,,0.681179,,31.223806,0.390091
220,5571,22.0,28.82,,16.60073729923793,0.6586005687713623,14,,,,,0.681179,,31.223806,0.390091
221,5615,44.0,28.74,,16.60073729923793,0.6586005687713623,14,,,,,0.681179,,31.223806,0.390091
222,5632,17.0,28.52,,16.60073729923793,0.6586005687713623,14,,,,,0.681179,,31.223806,0.390091
223,5664,32.0,28.54,,16.60073729923793,0.6586005687713623,14,,,,,0.681179,,31.223806,0.390091
224,5687,23.0,28.3,,16.54158369700114,0.7051620483398438,15,,,,,0.676856,,31.494980,0.410459
225,5699,12.0,28.13,,16.54158369700114,0.7051620483398438,15,,,,,0.676856,,31.494980,0.410459
226,5722,23.0,28.09,,16.54158369700114,0.7051620483398438,15,,,,,0.676856,,31.494980,0.410459
227,5742,20.0,28.1,,16.54158369700114,0.7051620483398438,15,,,,,0.676856,,31.494980,0.410459
228,5800,58.0,28.31,,16.54158369700114,0.7051620483398438,15,,,,,0.676856,,31.494980,0.410459
229,5822,22.0,28.39,,16.54158369700114,0.7051620483398438,15,,,,,0.676856,,31.494980,0.410459
230,5838,16.0,28.41,,16.54158369700114,0.7051620483398438,15,,,,,0.676856,,31.494980,0.410459
231,5853,15.0,28.32,,16.54158369700114,0.7051620483398438,15,,,,,0.676856,,31.494980,0.410459
232,5869,16.0,27.98,,16.54158369700114,0.7051620483398438,15,,,,,0.676856,,31.494980,0.410459
233,5897,28.0,27.91,,16.54158369700114,0.7051620483398438,15,,,,,0.676856,,31.494980,0.410459
234,5915,18.0,27.91,,16.54158369700114,0.7051620483398438,15,,,,,0.676856,,31.494980,0.410459
235,5926,11.0,27.74,,16.54158369700114,0.7051620483398438,15,,,,,0.676856,,31.494980,0.410459
236,5947,21.0,27.78,,16.54158369700114,0.7051620483398438,15,,,,,0.676856,,31.494980,0.410459
237,6001,54.0,28.12,,16.54158369700114,0.7051620483398438,15,,,,,0.676856,,31.494980,0.410459
238,6026,25.0,28.08,,16.54158369700114,0.7051620483398438,15,,,,,0.676856,,31.494980,0.410459
239,6053,27.0,28.23,,16.54158369700114,0.7051620483398438,15,,,,,0.676856,,31.494980,0.410459
240,6066,13.0,28.07,,16.412053763866425,0.7555842399597168,16,,,,,0.679825,,29.009912,0.181051
241,6081,15.0,28.04,,16.412053763866425,0.7555842399597168,16,,,,,0.679825,,29.009912,0.181051
242,6121,40.0,28.3,,16.412053763866425,0.7555842399597168,16,,,,,0.679825,,29.009912,0.181051
243,6153,32.0,28.47,,16.412053763866425,0.7555842399597168,16,,,,,0.679825,,29.009912,0.181051
244,6195,42.0,28.73,,16.412053763866425,0.7555842399597168,16,,,,,0.679825,,29.009912,0.181051
245,6213,18.0,28.37,,16.412053763866425,0.7555842399597168,16,,,,,0.679825,,29.009912,0.181051
246,6227,14.0,28.25,,16.412053763866425,0.7555842399597168,16,,,,,0.679825,,29.009912,0.181051
247,6242,15.0,28.2,,16.412053763866425,0.7555842399597168,16,,,,,0.679825,,29.009912,0.181051
248,6289,47.0,28.56,,16.412053763866425,0.7555842399597168,16,,,,,0.679825,,29.009912,0.181051
249,6333,44.0,28.88,,16.412053763866425,0.7555842399597168,16,,,51.6,7.002856560004639,0.679825,,29.009912,0.181051
250,6356,23.0,28.31,,16.412053763866425,0.7555842399597168,16,,,,,0.679825,,29.009912,0.181051
251,6393,37.0,28.2,,16.412053763866425,0.7555842399597168,16,,,,,0.679825,,29.009912,0.181051
252,6416,23.0,28.26,,16.412053763866425,0.7555842399597168,16,,,,,0.679825,,29.009912,0.181051
253,6447,31.0,27.87,,16.412053763866425,0.7555842399597168,16,,,,,0.679825,,29.009912,0.181051
254,6472,25.0,27.45,,16.412053763866425,0.7555842399597168,16,,,,,0.679825,,29.009912,0.181051
255,6492,20.0,27.45,,16.412053763866425,0.7555842399597168,16,,,,,0.679825,,29.009912,0.181051
256,6541,49.0,27.69,,16.227564755608054,0.8144466876983643,17,,,,,0.676443,,26.611143,0.350544
257,6569,28.0,27.67,,16.227564755608054,0.8144466876983643,17,,,,,0.676443,,26.611143,0.350544
258,6648,79.0,27.87,,16.227564755608054,0.8144466876983643,17,,,,,0.676443,,26.611143,0.350544
259,6677,29.0,26.97,,16.227564755608054,0.8144466876983643,17,,,,,0.676443,,26.611143,0.350544
260,6737,60.0,27.1,,16.227564755608054,0.8144466876983643,17,,,,,0.676443,,26.611143,0.350544
261,6755,18.0,27.04,,16.227564755608054,0.8144466876983643,17,,,,,0.676443,,26.611143,0.350544
262,6788,33.0,27.15,,16.227564755608054,0.8144466876983643,17,,,,,0.676443,,26.611143,0.350544
263,6802,14.0,27.12,,16.227564755608054,0.8144466876983643,17,,,,,0.676443,,26.611143,0.350544
264,6822,20.0,27.19,,16.227564755608054,0.8144466876983643,17,,,,,0.676443,,26.611143,0.350544
265,6846,24.0,27.1,,16.227564755608054,0.8144466876983643,17,,,,,0.676443,,26.611143,0.350544
266,6864,18.0,26.88,,16.227564755608054,0.8144466876983643,17,,,,,0.676443,,26.611143,0.350544
267,6894,30.0,26.99,,16.227564755608054,0.8144466876983643,17,,,,,0.676443,,26.611143,0.350544
268,6927,33.0,27.21,,16.227564755608054,0.8144466876983643,17,,,,,0.676443,,26.611143,0.350544
269,6980,53.0,27.53,,16.227564755608054,0.8144466876983643,17,,,,,0.676443,,26.611143,0.350544
270,6998,18.0,27.08,,16.227564755608054,0.8144466876983643,17,,,,,0.676443,,26.611143,0.350544
271,7022,24.0,26.89,,16.227564755608054,0.8144466876983643,17,,,,,0.676443,,26.611143,0.350544
272,7114,92.0,27.64,,16.036715984344482,0.8737332820892334,18,,,,,0.670351,,25.669037,0.205711
273,7196,82.0,28.07,,16.036715984344482,0.8737332820892334,18,,,,,0.670351,,25.669037,0.205711
274,7214,18.0,28.13,,16.036715984344482,0.8737332820892334,18,,,,,0.670351,,25.669037,0.205711
275,7234,20.0,27.98,,16.036715984344482,0.8737332820892334,18,,,,,0.670351,,25.669037,0.205711
276,7259,25.0,28.06,,16.036715984344482,0.8737332820892334,18,,,,,0.670351,,25.669037,0.205711
277,7289,30.0,28.1,,16.036715984344482,0.8737332820892334,18,,,,,0.670351,,25.669037,0.205711
278,7312,23.0,28.02,,16.036715984344482,0.8737332820892334,18,,,,,0.670351,,25.669037,0.205711
279,7342,30.0,28.13,,16.036715984344482,0.8737332820892334,18,,,,,0.670351,,25.669037,0.205711
280,7356,14.0,28.1,,16.036715984344482,0.8737332820892334,18,,,,,0.670351,,25.669037,0.205711
281,7371,15.0,28.0,,16.036715984344482,0.8737332820892334,18,,,,,0.670351,,25.669037,0.205711
282,7431,60.0,28.48,,16.036715984344482,0.8737332820892334,18,,,,,0.670351,,25.669037,0.205711
283,7470,39.0,28.66,,16.036715984344482,0.8737332820892334,18,,,,,0.670351,,25.669037,0.205711
284,7482,12.0,28.57,,16.036715984344482,0.8737332820892334,18,,,,,0.670351,,25.669037,0.205711
285,7495,13.0,28.54,,16.036715984344482,0.8737332820892334,18,,,,,0.670351,,25.669037,0.205711
286,7511,16.0,28.57,,16.036715984344482,0.8737332820892334,18,,,,,0.670351,,25.669037,0.205711
287,7525,14.0,28.58,,16.036715984344482,0.8747334480285645,18,,,,,0.670351,,25.669037,0.205711
288,7542,17.0,28.02,,15.825501743115877,0.9320824146270752,19,,,,,0.671152,,24.127516,0.165348
289,7588,46.0,28.36,,15.825501743115877,0.9320824146270752,19,,,,,0.671152,,24.127516,0.165348
290,7613,25.0,28.43,,15.825501743115877,0.9320824146270752,19,,,,,0.671152,,24.127516,0.165348
291,7647,34.0,28.55,,15.825501743115877,0.9320824146270752,19,,,,,0.671152,,24.127516,0.165348
292,7665,18.0,28.61,,15.825501743115877,0.9320824146270752,19,,,,,0.671152,,24.127516,0.165348
293,7698,33.0,28.67,,15.825501743115877,0.9320824146270752,19,,,,,0.671152,,24.127516,0.165348
294,7772,74.0,29.18,,15.825501743115877,0.9320824146270752,19,,,,,0.671152,,24.127516,0.165348
295,7786,14.0,29.18,,15.825501743115877,0.9320824146270752,19,,,,,0.671152,,24.127516,0.165348
296,7819,33.0,29.38,,15.825501743115877,0.9320824146270752,19,,,,,0.671152,,24.127516,0.165348
297,7868,49.0,29.48,,15.825501743115877,0.9320824146270752,19,,,,,0.671152,,24.127516,0.165348
298,7903,35.0,29.67,,15.825501743115877,0.9320824146270752,19,,,,,0.671152,,24.127516,0.165348
299,7939,36.0,29.84,,15.825501743115877,0.9331135749816895,19,,,57.0,7.563068160475615,0.671152,,24.127516,0.165348
300,8002,63.0,30.3,,15.825501743115877,0.9331135749816895,19,,,,,0.671152,,24.127516,0.165348
301,8030,28.0,30.44,,15.825501743115877,0.9331135749816895,19,,,,,0.671152,,24.127516,0.165348
302,8091,61.0,30.76,,15.825501743115877,0.9331135749816895,19,,,,,0.671152,,24.127516,0.165348
303,8123,32.0,29.87,,15.825501743115877,0.9331135749816895,19,,,,,0.671152,,24.127516,0.165348
304,8170,47.0,30.11,,15.654006338119506,0.9876601696014404,20,,,,,0.673398,,24.876123,0.111452
305,8210,40.0,30.36,,15.654006338119506,0.9876601696014404,20,,,,,0.673398,,24.876123,0.111452
306,8248,38.0,30.54,,15.654006338119506,0.9876601696014404,20,,,,,0.673398,,24.876123,0.111452
307,8291,43.0,30.33,,15.654006338119506,0.9876601696014404,20,,,,,0.673398,,24.876123,0.111452
308,8341,50.0,30.66,,15.654006338119506,0.9876601696014404,20,,,,,0.673398,,24.876123,0.111452
309,8356,15.0,30.39,,15.654006338119506,0.9876601696014404,20,,,,,0.673398,,24.876123,0.111452
310,8372,16.0,30.31,,15.654006338119506,0.9876601696014404,20,,,,,0.673398,,24.876123,0.111452
311,8392,20.0,30.25,,15.654006338119506,0.9876601696014404,20,,,,,0.673398,,24.876123,0.111452
312,8419,27.0,30.36,,15.654006338119506,0.9876601696014404,20,,,,,0.673398,,24.876123,0.111452
313,8471,52.0,30.54,,15.654006338119506,0.9876601696014404,20,,,,,0.673398,,24.876123,0.111452
314,8490,19.0,30.51,,15.654006338119506,0.9876601696014404,20,,,,,0.673398,,24.876123,0.111452
315,8535,45.0,30.57,,15.654006338119506,0.9876601696014404,20,,,,,0.673398,,24.876123,0.111452
316,8592,57.0,30.96,,15.654006338119506,0.9876601696014404,20,,,,,0.673398,,24.876123,0.111452
317,8627,35.0,31.14,,15.654006338119506,0.9876601696014404,20,,,,,0.673398,,24.876123,0.111452
318,8665,38.0,31.4,,15.654006338119506,0.9876601696014404,20,,,,,0.673398,,24.876123,0.111452
319,8693,28.0,31.44,,15.654006338119506,0.9876601696014404,20,,,,,0.673398,,24.876123,0.111452
320,8709,16.0,31.38,,15.459704944065638,1.053645133972168,21,,,,,0.662647,,23.253578,0.146048
321,8726,17.0,31.11,,15.459704944065638,1.053645133972168,21,,,,,0.662647,,23.253578,0.146048
322,8759,33.0,31.27,,15.459704944065638,1.053645133972168,21,,,,,0.662647,,23.253578,0.146048
323,8845,86.0,31.81,,15.459704944065638,1.053645133972168,21,,,,,0.662647,,23.253578,0.146048
324,8920,75.0,32.33,,15.459704944065638,1.053645133972168,21,,,,,0.662647,,23.253578,0.146048
325,8982,62.0,32.83,,15.459704944065638,1.053645133972168,21,,,,,0.662647,,23.253578,0.146048
326,9017,35.0,32.95,,15.459704944065638,1.053645133972168,21,,,,,0.662647,,23.253578,0.146048
327,9070,53.0,33.28,,15.459704944065638,1.053645133972168,21,,,,,0.662647,,23.253578,0.146048
328,9084,14.0,32.84,,15.459704944065638,1.053645133972168,21,,,,,0.662647,,23.253578,0.146048
329,9103,19.0,32.81,,15.459704944065638,1.053645133972168,21,,,,,0.662647,,23.253578,0.146048
330,9122,19.0,32.84,,15.459704944065638,1.053645133972168,21,,,,,0.662647,,23.253578,0.146048
331,9132,10.0,32.79,,15.459704944065638,1.053645133972168,21,,,,,0.662647,,23.253578,0.146048
332,9189,57.0,33.2,,15.459704944065638,1.053645133972168,21,,,,,0.662647,,23.253578,0.146048
333,9209,20.0,33.12,,15.459704944065638,1.053645133972168,21,,,,,0.662647,,23.253578,0.146048
334,9223,14.0,33.08,,15.459704944065638,1.053645133972168,21,,,,,0.662647,,23.253578,0.146048
335,9261,38.0,33.35,,15.459704944065638,1.053645133972168,21,,,,,0.662647,,23.253578,0.146048
336,9280,19.0,33.33,,15.305622534318404,1.1073102951049805,22,,,,,0.662284,,24.249165,0.272286
337,9336,56.0,33.35,,15.305622534318404,1.1073102951049805,22,,,,,0.662284,,24.249165,0.272286
338,9355,19.0,33.29,,15.305622534318404,1.1073102951049805,22,,,,,0.662284,,24.249165,0.272286
339,9431,76.0,33.78,,15.305622534318404,1.1073102951049805,22,,,,,0.662284,,24.249165,0.272286
340,9476,45.0,34.1,,15.305622534318404,1.1073102951049805,22,,,,,0.662284,,24.249165,0.272286
341,9513,37.0,34.32,,15.305622534318404,1.108311653137207,22,,,,,0.662284,,24.249165,0.272286
342,9532,19.0,34.11,,15.305622534318404,1.108311653137207,22,,,,,0.662284,,24.249165,0.272286
343,9572,40.0,34.19,,15.305622534318404,1.108311653137207,22,,,,,0.662284,,24.249165,0.272286
344,9594,22.0,33.99,,15.305622534318404,1.108311653137207,22,,,,,0.662284,,24.249165,0.272286
345,9624,30.0,34.11,,15.305622534318404,1.108311653137207,22,,,,,0.662284,,24.249165,0.272286
346,9637,13.0,34.1,,15.305622534318404,1.108311653137207,22,,,,,0.662284,,24.249165,0.272286
347,9682,45.0,34.4,,15.305622534318404,1.108311653137207,22,,,,,0.662284,,24.249165,0.272286
348,9706,24.0,34.17,,15.305622534318404,1.108311653137207,22,,,,,0.662284,,24.249165,0.272286
349,9741,35.0,34.08,,15.305622534318404,1.108311653137207,22,,,84.0,20.169283576765935,0.662284,,24.249165,0.272286
350,9758,17.0,34.02,,15.305622534318404,1.108311653137207,22,,,,,0.662284,,24.249165,0.272286
351,9806,48.0,34.13,,15.305622534318404,1.108311653137207,22,,,,,0.662284,,24.249165,0.272286
352,9844,38.0,34.28,,15.090308438176693,1.1931664943695068,23,,,,,0.660851,,20.813307,0.113505
353,10015,171.0,35.68,,15.090308438176693,1.1931664943695068,23,,,,,0.660851,,20.813307,0.113505
354,10081,66.0,36.09,,15.090308438176693,1.1931664943695068,23,,,,,0.660851,,20.813307,0.113505
355,10115,34.0,36.23,,15.090308438176693,1.1931664943695068,23,,,,,0.660851,,20.813307,0.113505
356,10126,11.0,35.85,,15.090308438176693,1.1931664943695068,23,,,,,0.660851,,20.813307,0.113505
357,10140,14.0,35.71,,15.090308438176693,1.1931664943695068,23,,,,,0.660851,,20.813307,0.113505
358,10158,18.0,35.1,,15.090308438176693,1.1931664943695068,23,,,,,0.660851,,20.813307,0.113505
359,10229,71.0,35.52,,15.090308438176693,1.1931664943695068,23,,,,,0.660851,,20.813307,0.113505
360,10247,18.0,35.1,,15.090308438176693,1.1931664943695068,23,,,,,0.660851,,20.813307,0.113505
361,10300,53.0,35.45,,15.090308438176693,1.1931664943695068,23,,,,,0.660851,,20.813307,0.113505
362,10345,45.0,35.57,,15.090308438176693,1.1931664943695068,23,,,,,0.660851,,20.813307,0.113505
363,10360,15.0,35.58,,15.090308438176693,1.1931664943695068,23,,,,,0.660851,,20.813307,0.113505
364,10417,57.0,35.95,,15.090308438176693,1.1931664943695068,23,,,,,0.660851,,20.813307,0.113505
365,10478,61.0,36.32,,15.090308438176693,1.1931664943695068,23,,,,,0.660851,,20.813307,0.113505
366,10513,35.0,36.49,,15.090308438176693,1.1931664943695068,23,,,,,0.660851,,20.813307,0.113505
367,10533,20.0,36.39,,15.090308438176693,1.1931664943695068,23,,,,,0.660851,,20.813307,0.113505
368,10575,42.0,36.48,,14.980231602986654,1.2551469802856445,24,,,,,0.660985,,25.027359,0.209834
369,10598,23.0,36.18,,14.980231602986654,1.2551469802856445,24,,,,,0.660985,,25.027359,0.209834
370,10631,33.0,36.33,,14.980231602986654,1.2551469802856445,24,,,,,0.660985,,25.027359,0.209834
371,10676,45.0,36.54,,14.980231602986654,1.2551469802856445,24,,,,,0.660985,,25.027359,0.209834
372,10728,52.0,36.14,,14.980231602986654,1.2551469802856445,24,,,,,0.660985,,25.027359,0.209834
373,10779,51.0,35.83,,14.980231602986654,1.2551469802856445,24,,,,,0.660985,,25.027359,0.209834
374,10829,50.0,36.15,,14.980231602986654,1.2551469802856445,24,,,,,0.660985,,25.027359,0.209834
375,10854,25.0,36.2,,14.980231602986654,1.2551469802856445,24,,,,,0.660985,,25.027359,0.209834
376,10892,38.0,36.33,,14.980231602986654,1.2551469802856445,24,,,,,0.660985,,25.027359,0.209834
377,10906,14.0,36.17,,14.980231602986654,1.2551469802856445,24,,,,,0.660985,,25.027359,0.209834
378,10957,51.0,36.45,,14.980231602986654,1.2551469802856445,24,,,,,0.660985,,25.027359,0.209834
379,10987,30.0,36.45,,14.980231602986654,1.2551469802856445,24,,,,,0.660985,,25.027359,0.209834
380,11007,20.0,36.51,,14.980231602986654,1.2551469802856445,24,,,,,0.660985,,25.027359,0.209834
381,11048,41.0,36.77,,14.980231602986654,1.2551469802856445,24,,,,,0.660985,,25.027359,0.209834
382,11071,23.0,36.4,,14.980231602986654,1.2551469802856445,24,,,,,0.660985,,25.027359,0.209834
383,11086,15.0,36.16,,14.980231602986654,1.2551469802856445,24,,,,,0.660985,,25.027359,0.209834
384,11150,64.0,36.68,,14.811675262451171,1.318551778793335,25,,,,,0.651864,,21.659189,-0.016889
385,11184,34.0,36.89,,14.811675262451171,1.318551778793335,25,,,,,0.651864,,21.659189,-0.016889
386,11232,48.0,37.21,,14.811675262451171,1.318551778793335,25,,,,,0.651864,,21.659189,-0.016889
387,11276,44.0,37.51,,14.811675262451171,1.318551778793335,25,,,,,0.651864,,21.659189,-0.016889
388,11320,44.0,37.78,,14.811675262451171,1.318551778793335,25,,,,,0.651864,,21.659189,-0.016889
389,11349,29.0,37.61,,14.811675262451171,1.318551778793335,25,,,,,0.651864,,21.659189,-0.016889
390,11385,36.0,37.72,,14.811675262451171,1.318551778793335,25,,,,,0.651864,,21.659189,-0.016889
391,11406,21.0,37.59,,14.811675262451171,1.318551778793335,25,,,,,0.651864,,21.659189,-0.016889
392,11454,48.0,37.89,,14.811675262451171,1.318551778793335,25,,,,,0.651864,,21.659189,-0.016889
393,11479,25.0,37.81,,14.811675262451171,1.318551778793335,25,,,,,0.651864,,21.659189,-0.016889
394,11513,34.0,37.41,,14.811675262451171,1.318551778793335,25,,,,,0.651864,,21.659189,-0.016889
395,11542,29.0,37.56,,14.811675262451171,1.318551778793335,25,,,,,0.651864,,21.659189,-0.016889
396,11583,41.0,37.64,,14.811675262451171,1.318551778793335,25,,,,,0.651864,,21.659189,-0.016889
397,11650,67.0,37.82,,14.811675262451171,1.318551778793335,25,,,,,0.651864,,21.659189,-0.016889
398,11696,46.0,37.93,,14.811675262451171,1.318551778793335,25,,,,,0.651864,,21.659189,-0.016889
399,11726,30.0,37.87,,14.811675262451171,1.318551778793335,25,,,122.2,57.125826033415045,0.651864,,21.659189,-0.016889
400,11854,128.0,38.52,,14.603809393369234,1.4050819873809814,26,,,,,0.654306,,18.941916,0.034249
401,11890,36.0,38.6,,14.603809393369234,1.4050819873809814,26,,,,,0.654306,,18.941916,0.034249
402,11914,24.0,38.23,,14.603809393369234,1.4050819873809814,26,,,,,0.654306,,18.941916,0.034249
403,12026,112.0,39.03,,14.603809393369234,1.4050819873809814,26,,,,,0.654306,,18.941916,0.034249
404,12084,58.0,39.14,,14.603809393369234,1.4050819873809814,26,,,,,0.654306,,18.941916,0.034249
405,12100,16.0,38.9,,14.603809393369234,1.4050819873809814,26,,,,,0.654306,,18.941916,0.034249
406,12137,37.0,38.89,,14.603809393369234,1.4050819873809814,26,,,,,0.654306,,18.941916,0.034249
407,12234,97.0,39.43,,14.603809393369234,1.4050819873809814,26,,,,,0.654306,,18.941916,0.034249
408,12267,33.0,39.26,,14.603809393369234,1.4050819873809814,26,,,,,0.654306,,18.941916,0.034249
409,12355,88.0,39.99,,14.603809393369234,1.4050819873809814,26,,,,,0.654306,,18.941916,0.034249
410,12393,38.0,40.21,,14.603809393369234,1.4050819873809814,26,,,,,0.654306,,18.941916,0.034249
411,12443,50.0,40.51,,14.603809393369234,1.4050819873809814,26,,,,,0.654306,,18.941916,0.034249
412,12500,57.0,40.81,,14.603809393369234,1.4050819873809814,26,,,,,0.654306,,18.941916,0.034249
413,12560,60.0,40.89,,14.603809393369234,1.4050819873809814,26,,,,,0.654306,,18.941916,0.034249
414,12593,33.0,41.03,,14.603809393369234,1.4050819873809814,26,,,,,0.654306,,18.941916,0.034249
415,12628,35.0,40.93,,14.603809393369234,1.4060842990875244,26,,,,,0.654306,,18.941916,0.034249
416,12656,28.0,40.64,,14.423611499645093,1.506302833557129,27,,,,,0.650801,,19.589687,0.013946
417,12713,57.0,40.86,,14.423611499645093,1.506302833557129,27,,,,,0.650801,,19.589687,0.013946
418,12888,175.0,42.23,,14.423611499645093,1.506302833557129,27,,,,,0.650801,,19.589687,0.013946
419,12928,40.0,42.35,,14.423611499645093,1.506302833557129,27,,,,,0.650801,,19.589687,0.013946
420,13012,84.0,43.03,,14.423611499645093,1.506302833557129,27,,,,,0.650801,,19.589687,0.013946
421,13040,28.0,43.14,,14.423611499645093,1.506302833557129,27,,,,,0.650801,,19.589687,0.013946
422,13057,17.0,42.98,,14.423611499645093,1.506302833557129,27,,,,,0.650801,,19.589687,0.013946
423,13079,22.0,42.34,,14.423611499645093,1.506302833557129,27,,,,,0.650801,,19.589687,0.013946
424,13159,80.0,42.39,,14.423611499645093,1.506302833557129,27,,,,,0.650801,,19.589687,0.013946
425,13221,62.0,42.39,,14.423611499645093,1.506302833557129,27,,,,,0.650801,,19.589687,0.013946
426,13318,97.0,43.01,,14.423611499645093,1.506302833557129,27,,,,,0.650801,,19.589687,0.013946
427,13336,18.0,42.66,,14.423611499645093,1.506302833557129,27,,,,,0.650801,,19.589687,0.013946
428,13365,29.0,42.81,,14.423611499645093,1.506302833557129,27,,,,,0.650801,,19.589687,0.013946
429,13393,28.0,42.9,,14.423611499645093,1.506302833557129,27,,,,,0.650801,,19.589687,0.013946
430,13446,53.0,43.24,,14.423611499645093,1.506302833557129,27,,,,,0.650801,,19.589687,0.013946
431,13480,34.0,43.48,,14.423611499645093,1.506302833557129,27,,,,,0.650801,,19.589687,0.013946
432,13561,81.0,43.72,,14.219319547925677,1.6020615100860596,28,,,,,0.644407,,17.520321,-0.086313
433,13681,120.0,44.72,,14.219319547925677,1.6020615100860596,28,,,,,0.644407,,17.520321,-0.086313
434,13800,119.0,45.77,,14.219319547925677,1.6020615100860596,28,,,,,0.644407,,17.520321,-0.086313
435,13836,36.0,45.75,,14.219319547925677,1.6020615100860596,28,,,,,0.644407,,17.520321,-0.086313
436,13893,57.0,46.13,,14.219319547925677,1.6020615100860596,28,,,,,0.644407,,17.520321,-0.086313
437,13970,77.0,46.34,,14.219319547925677,1.6020615100860596,28,,,,,0.644407,,17.520321,-0.086313
438,14014,44.0,46.59,,14.219319547925677,1.6020615100860596,28,,,,,0.644407,,17.520321,-0.086313
439,14074,60.0,46.43,,14.219319547925677,1.6020615100860596,28,,,,,0.644407,,17.520321,-0.086313
440,14164,90.0,46.88,,14.219319547925677,1.6020615100860596,28,,,,,0.644407,,17.520321,-0.086313
441,14254,90.0,47.41,,14.219319547925677,1.6020615100860596,28,,,,,0.644407,,17.520321,-0.086313
442,14335,81.0,48.03,,14.219319547925677,1.6020615100860596,28,,,,,0.644407,,17.520321,-0.086313
443,14387,52.0,48.15,,14.219319547925677,1.6020615100860596,28,,,,,0.644407,,17.520321,-0.086313
444,14427,40.0,48.33,,14.219319547925677,1.6020615100860596,28,,,,,0.644407,,17.520321,-0.086313
445,14525,98.0,49.01,,14.219319547925677,1.6020615100860596,28,,,,,0.644407,,17.520321,-0.086313
446,14586,61.0,49.49,,14.219319547925677,1.6020615100860596,28,,,,,0.644407,,17.520321,-0.086313
447,14636,50.0,49.54,,14.219319547925677,1.6020615100860596,28,,,,,0.644407,,17.520321,-0.086313
448,14763,127.0,50.57,,14.061336221366092,1.6808900833129883,29,,,,,0.638802,,19.427082,0.089418
449,14774,11.0,50.33,,14.061336221366092,1.6808900833129883,29,,,251.8,165.4417117899836,0.638802,,19.427082,0.089418
450,14800,26.0,50.42,,14.061336221366092,1.6808900833129883,29,,,,,0.638802,,19.427082,0.089418
451,14858,58.0,50.52,,14.061336221366092,1.6808900833129883,29,,,,,0.638802,,19.427082,0.089418
452,14907,49.0,50.63,,14.061336221366092,1.6808900833129883,29,,,,,0.638802,,19.427082,0.089418
453,14930,23.0,49.15,,14.061336221366092,1.6808900833129883,29,,,,,0.638802,,19.427082,0.089418
454,15010,80.0,49.29,,14.061336221366092,1.6808900833129883,29,,,,,0.638802,,19.427082,0.089418
455,15054,44.0,49.39,,14.061336221366092,1.6808900833129883,29,,,,,0.638802,,19.427082,0.089418
456,15098,44.0,49.72,,14.061336221366092,1.6808900833129883,29,,,,,0.638802,,19.427082,0.089418
457,15177,79.0,50.37,,14.061336221366092,1.6808900833129883,29,,,,,0.638802,,19.427082,0.089418
458,15235,58.0,50.77,,14.061336221366092,1.6808900833129883,29,,,,,0.638802,,19.427082,0.089418
459,15282,47.0,50.53,,14.061336221366092,1.6808900833129883,29,,,,,0.638802,,19.427082,0.089418
460,15312,30.0,50.65,,14.061336221366092,1.6808900833129883,29,,,,,0.638802,,19.427082,0.089418
461,15343,31.0,50.43,,14.061336221366092,1.6808900833129883,29,,,,,0.638802,,19.427082,0.089418
462,15370,27.0,50.25,,14.061336221366092,1.6808900833129883,29,,,,,0.638802,,19.427082,0.089418
463,15399,29.0,50.39,,14.061336221366092,1.6808900833129883,29,,,,,0.638802,,19.427082,0.089418
464,15421,22.0,50.04,,13.870607248942058,1.7624766826629639,30,,,,,0.637055,,16.819477,0.186361
465,15485,64.0,50.07,,13.870607248942058,1.7624766826629639,30,,,,,0.637055,,16.819477,0.186361
466,15579,94.0,50.66,,13.870607248942058,1.7624766826629639,30,,,,,0.637055,,16.819477,0.186361
467,15627,48.0,50.94,,13.870607248942058,1.7624766826629639,30,,,,,0.637055,,16.819477,0.186361
468,15649,22.0,50.74,,13.870607248942058,1.7624766826629639,30,,,,,0.637055,,16.819477,0.186361
469,15681,32.0,50.83,,13.870607248942058,1.7624766826629639,30,,,,,0.637055,,16.819477,0.186361
470,15777,96.0,51.46,,13.870607248942058,1.7624766826629639,30,,,,,0.637055,,16.819477,0.186361
471,15820,43.0,51.44,,13.870607248942058,1.7624766826629639,30,,,,,0.637055,,16.819477,0.186361
472,15895,75.0,51.67,,13.870607248942058,1.7624766826629639,30,,,,,0.637055,,16.819477,0.186361
473,15945,50.0,51.66,,13.870607248942058,1.7624766826629639,30,,,,,0.637055,,16.819477,0.186361
474,16056,111.0,52.27,,13.870607248942058,1.7624766826629639,30,,,,,0.637055,,16.819477,0.186361
475,16101,45.0,52.47,,13.870607248942058,1.7624766826629639,30,,,,,0.637055,,16.819477,0.186361
476,16153,52.0,52.61,,13.870607248942058,1.7624766826629639,30,,,,,0.637055,,16.819477,0.186361
477,16210,57.0,53.04,,13.870607248942058,1.7624766826629639,30,,,,,0.637055,,16.819477,0.186361
478,16226,16.0,52.69,,13.870607248942058,1.7624766826629639,30,,,,,0.637055,,16.819477,0.186361
479,16326,100.0,53.39,,13.870607248942058,1.7624766826629639,30,,,,,0.637055,,16.819477,0.186361
480,16374,48.0,53.67,,13.705217084577006,1.8317856788635254,31,,,,,0.633698,,17.642202,0.226500
481,16452,78.0,54.04,,13.705217084577006,1.8317856788635254,31,,,,,0.633698,,17.642202,0.226500
482,16504,52.0,54.33,,13.705217084577006,1.8317856788635254,31,,,,,0.633698,,17.642202,0.226500
483,16557,53.0,54.71,,13.705217084577006,1.8317856788635254,31,,,,,0.633698,,17.642202,0.226500
484,16609,52.0,54.59,,13.705217084577006,1.8317856788635254,31,,,,,0.633698,,17.642202,0.226500
485,16679,70.0,54.95,,13.705217084577006,1.8317856788635254,31,,,,,0.633698,,17.642202,0.226500
486,16770,91.0,55.38,,13.705217084577006,1.8317856788635254,31,,,,,0.633698,,17.642202,0.226500
487,16853,83.0,55.77,,13.705217084577006,1.8317856788635254,31,,,,,0.633698,,17.642202,0.226500
488,16885,32.0,55.65,,13.705217084577006,1.8317856788635254,31,,,,,0.633698,,17.642202,0.226500
489,16929,44.0,55.8,,13.705217084577006,1.8317856788635254,31,,,,,0.633698,,17.642202,0.226500
490,16956,27.0,55.71,,13.705217084577006,1.8317856788635254,31,,,,,0.633698,,17.642202,0.226500
491,16998,42.0,55.92,,13.705217084577006,1.8317856788635254,31,,,,,0.633698,,17.642202,0.226500
492,17054,56.0,56.0,,13.705217084577006,1.8317856788635254,31,,,,,0.633698,,17.642202,0.226500
493,17093,39.0,56.14,,13.705217084577006,1.8317856788635254,31,,,,,0.633698,,17.642202,0.226500
494,17146,53.0,56.33,,13.705217084577006,1.8317856788635254,31,,,,,0.633698,,17.642202,0.226500
495,17179,33.0,56.37,,13.705217084577006,1.8317856788635254,31,,,,,0.633698,,17.642202,0.226500
496,17199,20.0,56.16,,13.5484219789505,1.8940460681915283,32,,,,,0.632702,,17.526726,0.024223
497,17226,27.0,55.76,,13.5484219789505,1.8940460681915283,32,,,,,0.632702,,17.526726,0.024223
498,17314,88.0,56.18,,13.5484219789505,1.8950450420379639,32,,,,,0.632702,,17.526726,0.024223
499,17392,78.0,56.66,,13.5484219789505,1.8950450420379639,32,,,143.0,67.82329983125268,0.632702,,17.526726,0.024223
500,17416,24.0,55.62,,13.5484219789505,1.8950450420379639,32,,,,,0.632702,,17.526726,0.024223
501,17449,33.0,55.59,,13.5484219789505,1.8950450420379639,32,,,,,0.632702,,17.526726,0.024223
502,17513,64.0,55.99,,13.5484219789505,1.8950450420379639,32,,,,,0.632702,,17.526726,0.024223
503,17595,82.0,55.69,,13.5484219789505,1.8950450420379639,32,,,,,0.632702,,17.526726,0.024223
504,17663,68.0,55.79,,13.5484219789505,1.8950450420379639,32,,,,,0.632702,,17.526726,0.024223
505,17694,31.0,55.94,,13.5484219789505,1.8950450420379639,32,,,,,0.632702,,17.526726,0.024223
506,17731,37.0,55.94,,13.5484219789505,1.8950450420379639,32,,,,,0.632702,,17.526726,0.024223
507,17793,62.0,55.59,,13.5484219789505,1.8950450420379639,32,,,,,0.632702,,17.526726,0.024223
508,17837,44.0,55.7,,13.5484219789505,1.8950450420379639,32,,,,,0.632702,,17.526726,0.024223
509,17906,69.0,55.51,,13.5484219789505,1.8950450420379639,32,,,,,0.632702,,17.526726,0.024223
510,17976,70.0,55.83,,13.5484219789505,1.8950450420379639,32,,,,,0.632702,,17.526726,0.024223
511,17994,18.0,55.51,,13.5484219789505,1.8950450420379639,32,,,,,0.632702,,17.526726,0.024223
512,18063,69.0,55.63,,13.3889048316262,1.9751062393188477,33,,,,,0.634303,,16.712828,0.176284
513,18117,54.0,55.57,,13.3889048316262,1.9751062393188477,33,,,,,0.634303,,16.712828,0.176284
514,18165,48.0,55.72,,13.3889048316262,1.9751062393188477,33,,,,,0.634303,,16.712828,0.176284
515,18264,99.0,56.36,,13.3889048316262,1.9751062393188477,33,,,,,0.634303,,16.712828,0.176284
516,18358,94.0,57.02,,13.3889048316262,1.9751062393188477,33,,,,,0.634303,,16.712828,0.176284
517,18451,93.0,57.38,,13.3889048316262,1.9751062393188477,33,,,,,0.634303,,16.712828,0.176284
518,18494,43.0,56.06,,13.3889048316262,1.9751062393188477,33,,,,,0.634303,,16.712828,0.176284
519,18570,76.0,56.42,,13.3889048316262,1.9751062393188477,33,,,,,0.634303,,16.712828,0.176284
520,18628,58.0,56.16,,13.3889048316262,1.9751062393188477,33,,,,,0.634303,,16.712828,0.176284
521,18682,54.0,56.42,,13.3889048316262,1.9751062393188477,33,,,,,0.634303,,16.712828,0.176284
522,18732,50.0,56.75,,13.3889048316262,1.9751062393188477,33,,,,,0.634303,,16.712828,0.176284
523,18803,71.0,57.24,,13.3889048316262,1.9751062393188477,33,,,,,0.634303,,16.712828,0.176284
524,18859,56.0,57.0,,13.3889048316262,1.9751062393188477,33,,,,,0.634303,,16.712828,0.176284
525,18893,34.0,56.72,,13.3889048316262,1.9751062393188477,33,,,,,0.634303,,16.712828,0.176284
526,18944,51.0,56.26,,13.3889048316262,1.9751062393188477,33,,,,,0.634303,,16.712828,0.176284
527,18996,52.0,56.6,,13.3889048316262,1.9751062393188477,33,,,,,0.634303,,16.712828,0.176284
528,19090,94.0,57.25,,13.219940536162433,2.0576179027557373,34,,,,,0.628816,,15.397693,0.159100
529,19133,43.0,57.4,,13.219940536162433,2.058643102645874,34,,,,,0.628816,,15.397693,0.159100
530,19196,63.0,57.5,,13.219940536162433,2.058643102645874,34,,,,,0.628816,,15.397693,0.159100
531,19230,34.0,57.5,,13.219940536162433,2.058643102645874,34,,,,,0.628816,,15.397693,0.159100
532,19289,59.0,57.28,,13.219940536162433,2.058643102645874,34,,,,,0.628816,,15.397693,0.159100
533,19345,56.0,56.64,,13.219940536162433,2.058643102645874,34,,,,,0.628816,,15.397693,0.159100
534,19415,70.0,56.15,,13.219940536162433,2.058643102645874,34,,,,,0.628816,,15.397693,0.159100
535,19497,82.0,56.61,,13.219940536162433,2.058643102645874,34,,,,,0.628816,,15.397693,0.159100
536,19527,30.0,56.34,,13.219940536162433,2.058643102645874,34,,,,,0.628816,,15.397693,0.159100
537,19576,49.0,56.06,,13.219940536162433,2.058643102645874,34,,,,,0.628816,,15.397693,0.159100
538,19622,46.0,56.08,,13.219940536162433,2.058643102645874,34,,,,,0.628816,,15.397693,0.159100
539,19741,119.0,56.67,,13.219940536162433,2.058643102645874,34,,,,,0.628816,,15.397693,0.159100
540,19819,78.0,56.55,,13.219940536162433,2.058643102645874,34,,,,,0.628816,,15.397693,0.159100
541,19936,117.0,56.82,,13.219940536162433,2.058643102645874,34,,,,,0.628816,,15.397693,0.159100
542,19971,35.0,56.36,,13.219940536162433,2.058643102645874,34,,,,,0.628816,,15.397693,0.159100
543,20000,29.0,56.13,,13.219940536162433,2.058643102645874,34,,,,,0.628816,,15.397693,0.159100
544,20049,49.0,56.22,,13.058742768423897,2.1710290908813477,35,,,,,0.627479,,15.298224,0.135312
545,20171,122.0,56.46,,13.058742768423897,2.1710290908813477,35,,,,,0.627479,,15.298224,0.135312
546,20221,50.0,56.35,,13.058742768423897,2.1710290908813477,35,,,,,0.627479,,15.298224,0.135312
547,20292,71.0,56.56,,13.058742768423897,2.1710290908813477,35,,,,,0.627479,,15.298224,0.135312
548,20376,84.0,56.13,,13.058742768423897,2.1710290908813477,35,,,,,0.627479,,15.298224,0.135312
549,20420,44.0,56.46,,13.058742768423897,2.1710290908813477,35,,,115.4,29.97065231188671,0.627479,,15.298224,0.135312
550,20494,74.0,56.94,,13.058742768423897,2.1710290908813477,35,,,,,0.627479,,15.298224,0.135312
551,20567,73.0,57.09,,13.058742768423897,2.1710290908813477,35,,,,,0.627479,,15.298224,0.135312
552,20615,48.0,57.08,,13.058742768423897,2.1710290908813477,35,,,,,0.627479,,15.298224,0.135312
553,20657,42.0,57.27,,13.058742768423897,2.1710290908813477,35,,,,,0.627479,,15.298224,0.135312
554,20704,47.0,56.94,,13.058742768423897,2.1710290908813477,35,,,,,0.627479,,15.298224,0.135312
555,20763,59.0,57.09,,13.058742768423897,2.1710290908813477,35,,,,,0.627479,,15.298224,0.135312
556,20806,43.0,57.08,,13.058742768423897,2.1710290908813477,35,,,,,0.627479,,15.298224,0.135312
557,20868,62.0,56.91,,13.058742768423897,2.1710290908813477,35,,,,,0.627479,,15.298224,0.135312
558,20927,59.0,56.92,,13.058742768423897,2.1710290908813477,35,,,,,0.627479,,15.298224,0.135312
559,21061,134.0,57.79,,13.058742768423897,2.1710290908813477,35,,,,,0.627479,,15.298224,0.135312
560,21145,84.0,58.33,,12.886756579081217,2.2596380710601807,36,,,,,0.625414,,13.866373,0.229072
561,21182,37.0,58.39,,12.886756579081217,2.2596380710601807,36,,,,,0.625414,,13.866373,0.229072
562,21271,89.0,59.01,,12.886756579081217,2.2596380710601807,36,,,,,0.625414,,13.866373,0.229072
563,21303,32.0,59.04,,12.886756579081217,2.2596380710601807,36,,,,,0.625414,,13.866373,0.229072
564,21386,83.0,59.65,,12.886756579081217,2.2596380710601807,36,,,,,0.625414,,13.866373,0.229072
565,21437,51.0,59.52,,12.886756579081217,2.2596380710601807,36,,,,,0.625414,,13.866373,0.229072
566,21527,90.0,59.48,,12.886756579081217,2.2596380710601807,36,,,,,0.625414,,13.866373,0.229072
567,21651,124.0,60.24,,12.886756579081217,2.2596380710601807,36,,,,,0.625414,,13.866373,0.229072
568,21719,68.0,60.7,,12.886756579081217,2.2596380710601807,36,,,,,0.625414,,13.866373,0.229072
569,21794,75.0,61.13,,12.886756579081217,2.2596380710601807,36,,,,,0.625414,,13.866373,0.229072
570,21852,58.0,60.75,,12.886756579081217,2.2596380710601807,36,,,,,0.625414,,13.866373,0.229072
571,21900,48.0,60.8,,12.886756579081217,2.2596380710601807,36,,,,,0.625414,,13.866373,0.229072
572,21954,54.0,60.59,,12.886756579081217,2.2596380710601807,36,,,,,0.625414,,13.866373,0.229072
573,21986,32.0,60.41,,12.886756579081217,2.2596380710601807,36,,,,,0.625414,,13.866373,0.229072
574,22061,75.0,60.05,,12.886756579081217,2.2596380710601807,36,,,,,0.625414,,13.866373,0.229072
575,22127,66.0,60.26,,12.886756579081217,2.2596380710601807,36,,,,,0.625414,,13.866373,0.229072
576,22178,51.0,60.25,,12.739996381708094,2.331735849380493,37,,,,,0.617865,,15.030001,0.142013
577,22221,43.0,60.11,,12.739996381708094,2.331735849380493,37,,,,,0.617865,,15.030001,0.142013
578,22268,47.0,60.42,,12.739996381708094,2.331735849380493,37,,,,,0.617865,,15.030001,0.142013
579,22352,84.0,60.26,,12.739996381708094,2.331735849380493,37,,,,,0.617865,,15.030001,0.142013
580,22421,69.0,60.47,,12.739996381708094,2.331735849380493,37,,,,,0.617865,,15.030001,0.142013
581,22511,90.0,60.59,,12.739996381708094,2.331735849380493,37,,,,,0.617865,,15.030001,0.142013
582,22530,19.0,60.26,,12.739996381708094,2.331735849380493,37,,,,,0.617865,,15.030001,0.142013
583,22579,49.0,60.22,,12.739996381708094,2.331735849380493,37,,,,,0.617865,,15.030001,0.142013
584,22643,64.0,60.34,,12.739996381708094,2.331735849380493,37,,,,,0.617865,,15.030001,0.142013
585,22694,51.0,60.15,,12.739996381708094,2.331735849380493,37,,,,,0.617865,,15.030001,0.142013
586,22775,81.0,60.05,,12.739996381708094,2.331735849380493,37,,,,,0.617865,,15.030001,0.142013
587,22813,38.0,59.6,,12.739996381708094,2.331735849380493,37,,,,,0.617865,,15.030001,0.142013
588,22892,79.0,60.07,,12.739996381708094,2.331735849380493,37,,,,,0.617865,,15.030001,0.142013
589,22953,61.0,60.24,,12.739996381708094,2.331735849380493,37,,,,,0.617865,,15.030001,0.142013
590,23007,54.0,60.51,,12.739996381708094,2.331735849380493,37,,,,,0.617865,,15.030001,0.142013
591,23060,53.0,60.62,,12.739996381708094,2.331735849380493,37,,,,,0.617865,,15.030001,0.142013
592,23102,42.0,60.48,,12.604853303808914,2.408313751220703,38,,,,,0.610567,,15.377347,0.215883
593,23161,59.0,60.68,,12.604853303808914,2.408313751220703,38,,,,,0.610567,,15.377347,0.215883
594,23259,98.0,61.13,,12.604853303808914,2.408313751220703,38,,,,,0.610567,,15.377347,0.215883
595,23301,42.0,61.22,,12.604853303808914,2.408313751220703,38,,,,,0.610567,,15.377347,0.215883
596,23342,41.0,61.43,,12.604853303808914,2.408313751220703,38,,,,,0.610567,,15.377347,0.215883
597,23406,64.0,61.8,,12.604853303808914,2.408313751220703,38,,,,,0.610567,,15.377347,0.215883
598,23493,87.0,61.79,,12.604853303808914,2.408313751220703,38,,,,,0.610567,,15.377347,0.215883
599,23526,33.0,61.34,,12.604853303808914,2.408313751220703,38,,,145.6,58.83740306981605,0.610567,,15.377347,0.215883
600,23595,69.0,61.79,,12.604853303808914,2.409325361251831,38,,,,,0.610567,,15.377347,0.215883
601,23657,62.0,62.08,,12.604853303808914,2.409325361251831,38,,,,,0.610567,,15.377347,0.215883
602,23733,76.0,62.2,,12.604853303808914,2.409325361251831,38,,,,,0.610567,,15.377347,0.215883
603,23781,48.0,61.86,,12.604853303808914,2.409325361251831,38,,,,,0.610567,,15.377347,0.215883
604,23817,36.0,61.54,,12.604853303808914,2.409325361251831,38,,,,,0.610567,,15.377347,0.215883
605,23848,31.0,61.54,,12.604853303808914,2.409325361251831,38,,,,,0.610567,,15.377347,0.215883
606,23874,26.0,61.43,,12.604853303808914,2.409325361251831,38,,,,,0.610567,,15.377347,0.215883
607,23960,86.0,61.67,,12.604853303808914,2.409325361251831,38,,,,,0.610567,,15.377347,0.215883
608,23990,30.0,61.53,,12.440933203085875,2.5225796699523926,39,,,,,0.608507,,12.552307,0.228338
609,24061,71.0,61.55,,12.440933203085875,2.5225796699523926,39,,,,,0.608507,,12.552307,0.228338
610,24180,119.0,62.04,,12.440933203085875,2.5225796699523926,39,,,,,0.608507,,12.552307,0.228338
611,24328,148.0,63.34,,12.440933203085875,2.5225796699523926,39,,,,,0.608507,,12.552307,0.228338
612,24387,59.0,63.24,,12.440933203085875,2.5225796699523926,39,,,,,0.608507,,12.552307,0.228338
613,24425,38.0,63.08,,12.440933203085875,2.5225796699523926,39,,,,,0.608507,,12.552307,0.228338
614,24494,69.0,63.29,,12.440933203085875,2.5225796699523926,39,,,,,0.608507,,12.552307,0.228338
615,24545,51.0,62.81,,12.440933203085875,2.5225796699523926,39,,,,,0.608507,,12.552307,0.228338
616,24623,78.0,62.65,,12.440933203085875,2.5225796699523926,39,,,,,0.608507,,12.552307,0.228338
617,24703,80.0,62.52,,12.440933203085875,2.5225796699523926,39,,,,,0.608507,,12.552307,0.228338
618,24773,70.0,62.79,,12.440933203085875,2.5225796699523926,39,,,,,0.608507,,12.552307,0.228338
619,24898,125.0,63.28,,12.440933203085875,2.5225796699523926,39,,,,,0.608507,,12.552307,0.228338
620,24979,81.0,63.51,,12.440933203085875,2.5225796699523926,39,,,,,0.608507,,12.552307,0.228338
621,25069,90.0,63.87,,12.440933203085875,2.5225796699523926,39,,,,,0.608507,,12.552307,0.228338
622,25107,38.0,63.75,,12.440933203085875,2.5225796699523926,39,,,,,0.608507,,12.552307,0.228338
623,25149,42.0,63.46,,12.440933203085875,2.5225796699523926,39,,,,,0.608507,,12.552307,0.228338
624,25231,82.0,63.72,,12.265274512767792,2.648789644241333,40,,,,,0.616655,,10.970489,0.371874
625,25363,132.0,64.7,,12.265274512767792,2.648789644241333,40,,,,,0.616655,,10.970489,0.371874
626,25423,60.0,64.79,,12.265274512767792,2.648789644241333,40,,,,,0.616655,,10.970489,0.371874
627,25489,66.0,64.93,,12.265274512767792,2.648789644241333,40,,,,,0.616655,,10.970489,0.371874
628,25545,56.0,64.55,,12.265274512767792,2.648789644241333,40,,,,,0.616655,,10.970489,0.371874
629,25621,76.0,64.88,,12.265274512767792,2.648789644241333,40,,,,,0.616655,,10.970489,0.371874
630,25703,82.0,65.07,,12.265274512767792,2.648789644241333,40,,,,,0.616655,,10.970489,0.371874
631,25740,37.0,65.1,,12.265274512767792,2.648789644241333,40,,,,,0.616655,,10.970489,0.371874
632,25843,103.0,65.54,,12.265274512767792,2.648789644241333,40,,,,,0.616655,,10.970489,0.371874
633,25888,45.0,65.43,,12.265274512767792,2.648789644241333,40,,,,,0.616655,,10.970489,0.371874
634,25958,70.0,65.43,,12.265274512767792,2.648789644241333,40,,,,,0.616655,,10.970489,0.371874
635,26167,209.0,66.7,,12.265274512767792,2.648789644241333,40,,,,,0.616655,,10.970489,0.371874
636,26222,55.0,66.95,,12.265274512767792,2.648789644241333,40,,,,,0.616655,,10.970489,0.371874
637,26318,96.0,67.42,,12.265274512767792,2.648789644241333,40,,,,,0.616655,,10.970489,0.371874
638,26512,194.0,68.9,,12.265274512767792,2.648789644241333,40,,,,,0.616655,,10.970489,0.371874
639,26625,113.0,68.84,,12.265274512767792,2.648789644241333,40,,,,,0.616655,,10.970489,0.371874
640,26697,72.0,68.78,,12.110578304383813,2.7545692920684814,41,,,,,0.604954,,11.965311,0.316841
641,26787,90.0,68.51,,12.110578304383813,2.7545692920684814,41,,,,,0.604954,,11.965311,0.316841
642,26846,59.0,68.75,,12.110578304383813,2.7545692920684814,41,,,,,0.604954,,11.965311,0.316841
643,26897,51.0,68.97,,12.110578304383813,2.7545692920684814,41,,,,,0.604954,,11.965311,0.316841
644,26958,61.0,69.09,,12.110578304383813,2.7545692920684814,41,,,,,0.604954,,11.965311,0.316841
645,27082,124.0,69.11,,12.110578304383813,2.7545692920684814,41,,,,,0.604954,,11.965311,0.316841
646,27146,64.0,69.25,,12.110578304383813,2.7545692920684814,41,,,,,0.604954,,11.965311,0.316841
647,27249,103.0,69.57,,12.110578304383813,2.7545692920684814,41,,,,,0.604954,,11.965311,0.316841
648,27270,21.0,68.94,,12.110578304383813,2.7555763721466064,41,,,,,0.604954,,11.965311,0.316841
649,27326,56.0,69.06,,12.110578304383813,2.7555763721466064,41,,,263.2,153.95246019469778,0.604954,,11.965311,0.316841
650,27390,64.0,68.96,,12.110578304383813,2.7555763721466064,41,,,,,0.604954,,11.965311,0.316841
651,27476,86.0,69.09,,12.110578304383813,2.7555763721466064,41,,,,,0.604954,,11.965311,0.316841
652,27627,151.0,70.12,,12.110578304383813,2.7555763721466064,41,,,,,0.604954,,11.965311,0.316841
653,27697,70.0,70.4,,12.110578304383813,2.7555763721466064,41,,,,,0.604954,,11.965311,0.316841
654,27786,89.0,70.82,,12.110578304383813,2.7555763721466064,41,,,,,0.604954,,11.965311,0.316841
655,27817,31.0,70.54,,12.110578304383813,2.7555763721466064,41,,,,,0.604954,,11.965311,0.316841
656,27937,120.0,71.31,,11.936550798870268,2.8866729736328125,42,,,,,0.613506,,9.698936,0.400335
657,27996,59.0,71.28,,11.936550798870268,2.8866729736328125,42,,,,,0.613506,,9.698936,0.400335
658,28120,124.0,71.93,,11.936550798870268,2.8866729736328125,42,,,,,0.613506,,9.698936,0.400335
659,28213,93.0,71.52,,11.936550798870268,2.8866729736328125,42,,,,,0.613506,,9.698936,0.400335
660,28304,91.0,71.59,,11.936550798870268,2.8866729736328125,42,,,,,0.613506,,9.698936,0.400335
661,28394,90.0,72.12,,11.936550798870268,2.8866729736328125,42,,,,,0.613506,,9.698936,0.400335
662,28482,88.0,72.11,,11.936550798870268,2.8866729736328125,42,,,,,0.613506,,9.698936,0.400335
663,28591,109.0,72.88,,11.936550798870268,2.8866729736328125,42,,,,,0.613506,,9.698936,0.400335
664,28782,191.0,73.96,,11.936550798870268,2.8866729736328125,42,,,,,0.613506,,9.698936,0.400335
665,28963,181.0,75.26,,11.936550798870268,2.8866729736328125,42,,,,,0.613506,,9.698936,0.400335
666,29090,127.0,75.63,,11.936550798870268,2.8866729736328125,42,,,,,0.613506,,9.698936,0.400335
667,29168,78.0,75.17,,11.936550798870268,2.8866729736328125,42,,,,,0.613506,,9.698936,0.400335
668,29253,85.0,75.34,,11.936550798870268,2.8866729736328125,42,,,,,0.613506,,9.698936,0.400335
669,29380,127.0,75.86,,11.936550798870268,2.8866729736328125,42,,,,,0.613506,,9.698936,0.400335
670,29485,105.0,76.33,,11.936550798870268,2.8866729736328125,42,,,,,0.613506,,9.698936,0.400335
671,29599,114.0,76.99,,11.936550798870268,2.8866729736328125,42,,,,,0.613506,,9.698936,0.400335
672,29694,95.0,77.4,,11.774838935497195,2.9992997646331787,43,,,,,0.601498,,10.061024,0.365893
673,29794,100.0,78.08,,11.774838935497195,3.000303268432617,43,,,,,0.601498,,10.061024,0.365893
674,29887,93.0,78.26,,11.774838935497195,3.000303268432617,43,,,,,0.601498,,10.061024,0.365893
675,29942,55.0,78.15,,11.774838935497195,3.000303268432617,43,,,,,0.601498,,10.061024,0.365893
676,30017,75.0,78.39,,11.774838935497195,3.000303268432617,43,,,,,0.601498,,10.061024,0.365893
677,30108,91.0,78.87,,11.774838935497195,3.000303268432617,43,,,,,0.601498,,10.061024,0.365893
678,30161,53.0,78.93,,11.774838935497195,3.000303268432617,43,,,,,0.601498,,10.061024,0.365893
679,30252,91.0,79.0,,11.774838935497195,3.000303268432617,43,,,,,0.601498,,10.061024,0.365893
680,30400,148.0,79.79,,11.774838935497195,3.000303268432617,43,,,,,0.601498,,10.061024,0.365893
681,30498,98.0,79.87,,11.774838935497195,3.000303268432617,43,,,,,0.601498,,10.061024,0.365893
682,30608,110.0,80.78,,11.774838935497195,3.000303268432617,43,,,,,0.601498,,10.061024,0.365893
683,30671,63.0,80.92,,11.774838935497195,3.000303268432617,43,,,,,0.601498,,10.061024,0.365893
684,30718,47.0,80.75,,11.774838935497195,3.000303268432617,43,,,,,0.601498,,10.061024,0.365893
685,30797,79.0,81.03,,11.774838935497195,3.000303268432617,43,,,,,0.601498,,10.061024,0.365893
686,30912,115.0,81.37,,11.774838935497195,3.000303268432617,43,,,,,0.601498,,10.061024,0.365893
687,30984,72.0,81.71,,11.774838935497195,3.000303268432617,43,,,,,0.601498,,10.061024,0.365893
688,31171,187.0,82.79,,11.61444529620084,3.152466297149658,44,,,,,0.596486,,9.522998,0.399521
689,31207,36.0,82.54,,11.61444529620084,3.152466297149658,44,,,,,0.596486,,9.522998,0.399521
690,31273,66.0,82.66,,11.61444529620084,3.152466297149658,44,,,,,0.596486,,9.522998,0.399521
691,31362,89.0,83.02,,11.61444529620084,3.152466297149658,44,,,,,0.596486,,9.522998,0.399521
692,31405,43.0,83.03,,11.61444529620084,3.152466297149658,44,,,,,0.596486,,9.522998,0.399521
693,31468,63.0,83.07,,11.61444529620084,3.152466297149658,44,,,,,0.596486,,9.522998,0.399521
694,31632,164.0,83.73,,11.61444529620084,3.152466297149658,44,,,,,0.596486,,9.522998,0.399521
695,31712,80.0,84.11,,11.61444529620084,3.152466297149658,44,,,,,0.596486,,9.522998,0.399521
696,31821,109.0,84.79,,11.61444529620084,3.152466297149658,44,,,,,0.596486,,9.522998,0.399521
697,31874,53.0,84.68,,11.61444529620084,3.152466297149658,44,,,,,0.596486,,9.522998,0.399521
698,31951,77.0,84.58,,11.61444529620084,3.152466297149658,44,,,,,0.596486,,9.522998,0.399521
699,32081,130.0,85.55,,11.61444529620084,3.152466297149658,44,,,387.6,154.52844398362393,0.596486,,9.522998,0.399521
700,32218,137.0,86.23,,11.61444529620084,3.152466297149658,44,,,,,0.596486,,9.522998,0.399521
701,32313,95.0,86.56,,11.61444529620084,3.152466297149658,44,,,,,0.596486,,9.522998,0.399521
702,32376,63.0,86.43,,11.61444529620084,3.152466297149658,44,,,,,0.596486,,9.522998,0.399521
703,32526,150.0,87.45,,11.61444529620084,3.152466297149658,44,,,,,0.596486,,9.522998,0.399521
704,32597,71.0,87.8,,11.447826131184895,3.3344221115112305,45,,,,,0.597358,,8.343110,0.487981
705,32659,62.0,88.11,,11.447826131184895,3.3344221115112305,45,,,,,0.597358,,8.343110,0.487981
706,32851,192.0,89.77,,11.447826131184895,3.3344221115112305,45,,,,,0.597358,,8.343110,0.487981
707,33064,213.0,91.04,,11.447826131184895,3.3344221115112305,45,,,,,0.597358,,8.343110,0.487981
708,33190,126.0,92.0,,11.447826131184895,3.3344221115112305,45,,,,,0.597358,,8.343110,0.487981
709,33241,51.0,91.8,,11.447826131184895,3.3344221115112305,45,,,,,0.597358,,8.343110,0.487981
710,33497,256.0,93.17,,11.447826131184895,3.3344221115112305,45,,,,,0.597358,,8.343110,0.487981
711,33603,106.0,92.75,,11.447826131184895,3.3344221115112305,45,,,,,0.597358,,8.343110,0.487981
712,33675,72.0,92.88,,11.447826131184895,3.3344221115112305,45,,,,,0.597358,,8.343110,0.487981
713,33742,67.0,93.17,,11.447826131184895,3.3344221115112305,45,,,,,0.597358,,8.343110,0.487981
714,33854,112.0,93.6,,11.447826131184895,3.3344221115112305,45,,,,,0.597358,,8.343110,0.487981
715,34006,152.0,94.61,,11.447826131184895,3.3344221115112305,45,,,,,0.597358,,8.343110,0.487981
716,34286,280.0,96.63,,11.447826131184895,3.3344221115112305,45,,,,,0.597358,,8.343110,0.487981
717,34374,88.0,96.71,,11.447826131184895,3.3344221115112305,45,,,,,0.597358,,8.343110,0.487981
718,34445,71.0,96.72,,11.447826131184895,3.3344221115112305,45,,,,,0.597358,,8.343110,0.487981
719,34568,123.0,96.7,,11.447826131184895,3.3344221115112305,45,,,,,0.597358,,8.343110,0.487981
720,34645,77.0,96.66,,11.288691831671674,3.4979262351989746,46,,,,,0.604787,,8.341969,0.529231
721,34788,143.0,97.19,,11.288691831671674,3.4979262351989746,46,,,,,0.604787,,8.341969,0.529231
722,34886,98.0,97.79,,11.288691831671674,3.4979262351989746,46,,,,,0.604787,,8.341969,0.529231
723,35026,140.0,98.77,,11.288691831671674,3.4979262351989746,46,,,,,0.604787,,8.341969,0.529231
724,35112,86.0,98.81,,11.288691831671674,3.4979262351989746,46,,,,,0.604787,,8.341969,0.529231
725,35232,120.0,98.69,,11.288691831671674,3.4989335536956787,46,,,,,0.604787,,8.341969,0.529231
726,35432,200.0,100.09,,11.288691831671674,3.4989335536956787,46,,,,,0.604787,,8.341969,0.529231
727,35507,75.0,100.18,,11.288691831671674,3.4989335536956787,46,,,,,0.604787,,8.341969,0.529231
728,35623,116.0,100.78,,11.288691831671674,3.4989335536956787,46,,,,,0.604787,,8.341969,0.529231
729,35715,92.0,100.94,,11.288691831671674,3.4989335536956787,46,,,,,0.604787,,8.341969,0.529231
730,35837,122.0,101.34,,11.288691831671674,3.4989335536956787,46,,,,,0.604787,,8.341969,0.529231
731,35893,56.0,101.53,,11.288691831671674,3.4989335536956787,46,,,,,0.604787,,8.341969,0.529231
732,35990,97.0,101.47,,11.288691831671674,3.4989335536956787,46,,,,,0.604787,,8.341969,0.529231
733,36148,158.0,102.6,,11.288691831671674,3.4989335536956787,46,,,,,0.604787,,8.341969,0.529231
734,36218,70.0,102.6,,11.288691831671674,3.4989335536956787,46,,,,,0.604787,,8.341969,0.529231
735,36288,70.0,101.21,,11.288691831671674,3.4989335536956787,46,,,,,0.604787,,8.341969,0.529231
736,36414,126.0,101.92,,11.12799959994377,3.6736562252044678,47,,,,,0.594079,,7.562430,0.565804
737,36663,249.0,103.45,,11.12799959994377,3.6736562252044678,47,,,,,0.594079,,7.562430,0.565804
738,36745,82.0,102.33,,11.12799959994377,3.6736562252044678,47,,,,,0.594079,,7.562430,0.565804
739,36828,83.0,102.03,,11.12799959994377,3.6736562252044678,47,,,,,0.594079,,7.562430,0.565804
740,36953,125.0,102.56,,11.12799959994377,3.6736562252044678,47,,,,,0.594079,,7.562430,0.565804
741,37038,85.0,102.51,,11.12799959994377,3.6736562252044678,47,,,,,0.594079,,7.562430,0.565804
742,37132,94.0,102.86,,11.12799959994377,3.6736562252044678,47,,,,,0.594079,,7.562430,0.565804
743,37190,58.0,102.93,,11.12799959994377,3.6736562252044678,47,,,,,0.594079,,7.562430,0.565804
744,37315,125.0,103.57,,11.12799959994377,3.6736562252044678,47,,,,,0.594079,,7.562430,0.565804
745,37459,144.0,103.77,,11.12799959994377,3.6736562252044678,47,,,,,0.594079,,7.562430,0.565804
746,37568,109.0,104.22,,11.12799959994377,3.6736562252044678,47,,,,,0.594079,,7.562430,0.565804
747,37668,100.0,104.19,,11.12799959994377,3.6736562252044678,47,,,,,0.594079,,7.562430,0.565804
748,37777,109.0,105.07,,11.12799959994377,3.6736562252044678,47,,,,,0.594079,,7.562430,0.565804
749,37947,170.0,106.21,,11.12799959994377,3.6736562252044678,47,,,429.4,141.2,0.594079,,7.562430,0.565804
750,38026,79.0,106.36,,11.12799959994377,3.6736562252044678,47,,,,,0.594079,,7.562430,0.565804
751,38164,138.0,106.88,,11.12799959994377,3.6736562252044678,47,,,,,0.594079,,7.562430,0.565804
752,38299,135.0,106.72,,10.979008451104164,3.8003406524658203,48,,,,,0.589761,,8.033613,0.534323
753,38427,128.0,107.3,,10.979008451104164,3.8003406524658203,48,,,,,0.589761,,8.033613,0.534323
754,38519,92.0,107.33,,10.979008451104164,3.8003406524658203,48,,,,,0.589761,,8.033613,0.534323
755,38610,91.0,107.93,,10.979008451104164,3.8003406524658203,48,,,,,0.589761,,8.033613,0.534323
756,38739,129.0,108.02,,10.979008451104164,3.8003406524658203,48,,,,,0.589761,,8.033613,0.534323
757,38837,98.0,108.41,,10.979008451104164,3.8003406524658203,48,,,,,0.589761,,8.033613,0.534323
758,38955,118.0,108.35,,10.979008451104164,3.8003406524658203,48,,,,,0.589761,,8.033613,0.534323
759,39106,151.0,108.93,,10.979008451104164,3.8003406524658203,48,,,,,0.589761,,8.033613,0.534323
760,39254,148.0,109.5,,10.979008451104164,3.8003406524658203,48,,,,,0.589761,,8.033613,0.534323
761,39408,154.0,110.14,,10.979008451104164,3.8003406524658203,48,,,,,0.589761,,8.033613,0.534323
762,39508,100.0,110.26,,10.979008451104164,3.8003406524658203,48,,,,,0.589761,,8.033613,0.534323
763,39606,98.0,110.15,,10.979008451104164,3.8003406524658203,48,,,,,0.589761,,8.033613,0.534323
764,39717,111.0,109.35,,10.979008451104164,3.8003406524658203,48,,,,,0.589761,,8.033613,0.534323
765,39780,63.0,108.17,,10.979008451104164,3.8003406524658203,48,,,,,0.589761,,8.033613,0.534323
766,39890,110.0,108.0,,10.979008451104164,3.8003406524658203,48,,,,,0.589761,,8.033613,0.534323
767,39989,99.0,108.21,,10.979008451104164,3.8003406524658203,48,,,,,0.589761,,8.033613,0.534323
768,40117,128.0,108.64,,10.834503441440816,3.978023052215576,49,,,,,0.591019,,7.861757,0.550730
769,40217,100.0,108.37,,10.834503441440816,3.978023052215576,49,,,,,0.591019,,7.861757,0.550730
770,40377,160.0,108.92,,10.834503441440816,3.978023052215576,49,,,,,0.591019,,7.861757,0.550730
771,40547,170.0,109.48,,10.834503441440816,3.978023052215576,49,,,,,0.591019,,7.861757,0.550730
772,40701,154.0,110.07,,10.834503441440816,3.978023052215576,49,,,,,0.591019,,7.861757,0.550730
773,40799,98.0,110.05,,10.834503441440816,3.978023052215576,49,,,,,0.591019,,7.861757,0.550730
774,40895,96.0,110.08,,10.834503441440816,3.978023052215576,49,,,,,0.591019,,7.861757,0.550730
775,41141,246.0,111.99,,10.834503441440816,3.978023052215576,49,,,,,0.591019,,7.861757,0.550730
776,41311,170.0,112.94,,10.834503441440816,3.978023052215576,49,,,,,0.591019,,7.861757,0.550730
777,41522,211.0,114.14,,10.834503441440816,3.978023052215576,49,,,,,0.591019,,7.861757,0.550730
778,41750,228.0,115.89,,10.834503441440816,3.978023052215576,49,,,,,0.591019,,7.861757,0.550730
779,41881,131.0,116.29,,10.834503441440816,3.978023052215576,49,,,,,0.591019,,7.861757,0.550730
780,42042,161.0,116.42,,10.834503441440816,3.978023052215576,49,,,,,0.591019,,7.861757,0.550730
781,42159,117.0,116.61,,10.834503441440816,3.978023052215576,49,,,,,0.591019,,7.861757,0.550730
782,42204,45.0,115.96,,10.834503441440816,3.978023052215576,49,,,,,0.591019,,7.861757,0.550730
783,42319,115.0,116.48,,10.834503441440816,3.978023052215576,49,,,,,0.591019,,7.861757,0.550730
784,42519,200.0,118.01,,10.692595987319946,4.158599615097046,50,,,,,0.594745,,7.511221,0.544427
785,42680,161.0,118.83,,10.692595987319946,4.158599615097046,50,,,,,0.594745,,7.511221,0.544427
786,42811,131.0,118.99,,10.692595987319946,4.158599615097046,50,,,,,0.594745,,7.511221,0.544427
787,42946,135.0,119.62,,10.692595987319946,4.158599615097046,50,,,,,0.594745,,7.511221,0.544427
788,43026,80.0,118.55,,10.692595987319946,4.158599615097046,50,,,,,0.594745,,7.511221,0.544427
789,43179,153.0,119.72,,10.692595987319946,4.158599615097046,50,,,,,0.594745,,7.511221,0.544427
790,43299,120.0,120.26,,10.692595987319946,4.158599615097046,50,,,,,0.594745,,7.511221,0.544427
791,43440,141.0,120.78,,10.692595987319946,4.158599615097046,50,,,,,0.594745,,7.511221,0.544427
792,43760,320.0,123.55,,10.692595987319946,4.158599615097046,50,,,,,0.594745,,7.511221,0.544427
793,43892,132.0,124.24,,10.692595987319946,4.158599615097046,50,,,,,0.594745,,7.511221,0.544427
794,44018,126.0,123.86,,10.692595987319946,4.158599615097046,50,,,,,0.594745,,7.511221,0.544427
795,44156,138.0,124.44,,10.692595987319946,4.158599615097046,50,,,,,0.594745,,7.511221,0.544427
796,44313,157.0,124.92,,10.692595987319946,4.158599615097046,50,,,,,0.594745,,7.511221,0.544427
797,44489,176.0,126.15,,10.692595987319946,4.158599615097046,50,,,,,0.594745,,7.511221,0.544427
798,44579,90.0,126.28,,10.692595987319946,4.158599615097046,50,,,,,0.594745,,7.511221,0.544427
799,44743,164.0,126.62,,10.692595987319946,4.158599615097046,50,,,500.0,0.0,0.594745,,7.511221,0.544427
800,44947,204.0,127.29,,10.341735715866088,4.348783493041992,51,,,,,0.586779,,7.397938,0.568964
801,45100,153.0,127.87,,10.341735715866088,4.348783493041992,51,,,,,0.586779,,7.397938,0.568964
802,45403,303.0,130.27,,10.341735715866088,4.348783493041992,51,,,,,0.586779,,7.397938,0.568964
803,45549,146.0,130.23,,10.341735715866088,4.348783493041992,51,,,,,0.586779,,7.397938,0.568964
804,45650,101.0,130.53,,10.341735715866088,4.348783493041992,51,,,,,0.586779,,7.397938,0.568964
805,45806,156.0,131.47,,10.341735715866088,4.348783493041992,51,,,,,0.586779,,7.397938,0.568964
806,46040,234.0,131.89,,10.341735715866088,4.348783493041992,51,,,,,0.586779,,7.397938,0.568964
807,46189,149.0,131.25,,10.341735715866088,4.348783493041992,51,,,,,0.586779,,7.397938,0.568964
808,46421,232.0,132.31,,10.341735715866088,4.348783493041992,51,,,,,0.586779,,7.397938,0.568964
809,46517,96.0,132.76,,10.341735715866088,4.348783493041992,51,,,,,0.586779,,7.397938,0.568964
810,46636,119.0,131.39,,10.341735715866088,4.348783493041992,51,,,,,0.586779,,7.397938,0.568964
811,46771,135.0,131.68,,10.341735715866088,4.348783493041992,51,,,,,0.586779,,7.397938,0.568964
812,46888,117.0,132.13,,10.341735715866088,4.348783493041992,51,,,,,0.586779,,7.397938,0.568964
813,47043,155.0,133.01,,10.341735715866088,4.348783493041992,51,,,,,0.586779,,7.397938,0.568964
814,47222,179.0,133.68,,10.341735715866088,4.348783493041992,51,,,,,0.586779,,7.397938,0.568964
815,47409,187.0,134.03,,10.341735715866088,4.348783493041992,51,,,,,0.586779,,7.397938,0.568964
816,47618,209.0,133.32,,10.041365776062012,4.534885883331299,52,,,,,0.586785,,7.331362,0.565752
817,47738,120.0,133.64,,10.041365776062012,4.534885883331299,52,,,,,0.586785,,7.331362,0.565752
818,47937,199.0,134.92,,10.041365776062012,4.534885883331299,52,,,,,0.586785,,7.331362,0.565752
819,48067,130.0,134.99,,10.041365776062012,4.534885883331299,52,,,,,0.586785,,7.331362,0.565752
820,48276,209.0,136.31,,10.041365776062012,4.534885883331299,52,,,,,0.586785,,7.331362,0.565752
821,48459,183.0,136.71,,10.041365776062012,4.534885883331299,52,,,,,0.586785,,7.331362,0.565752
822,48571,112.0,136.85,,10.041365776062012,4.534885883331299,52,,,,,0.586785,,7.331362,0.565752
823,48817,246.0,137.91,,10.041365776062012,4.534885883331299,52,,,,,0.586785,,7.331362,0.565752
824,48990,173.0,138.78,,10.041365776062012,4.534885883331299,52,,,,,0.586785,,7.331362,0.565752
825,49142,152.0,139.1,,10.041365776062012,4.534885883331299,52,,,,,0.586785,,7.331362,0.565752
826,49284,142.0,138.52,,10.041365776062012,4.534885883331299,52,,,,,0.586785,,7.331362,0.565752
827,49472,188.0,139.65,,10.041365776062012,4.534885883331299,52,,,,,0.586785,,7.331362,0.565752
828,49617,145.0,139.94,,10.041365776062012,4.534885883331299,52,,,,,0.586785,,7.331362,0.565752
829,49851,234.0,141.36,,10.041365776062012,4.534885883331299,52,,,,,0.586785,,7.331362,0.565752
830,50049,198.0,142.12,,10.041365776062012,4.534885883331299,52,,,,,0.586785,,7.331362,0.565752
831,50331,282.0,144.38,,10.041365776062012,4.534885883331299,52,,,,,0.586785,,7.331362,0.565752
832,50490,159.0,145.0,,9.753334193229675,4.752981185913086,53,,,,,0.584081,,7.173137,0.525441
833,50642,152.0,144.94,,9.753334193229675,4.752981185913086,53,,,,,0.584081,,7.173137,0.525441
834,50837,195.0,146.19,,9.753334193229675,4.752981185913086,53,,,,,0.584081,,7.173137,0.525441
835,51133,296.0,148.45,,9.753334193229675,4.752981185913086,53,,,,,0.584081,,7.173137,0.525441
836,51262,129.0,148.48,,9.753334193229675,4.752981185913086,53,,,,,0.584081,,7.173137,0.525441
837,51549,287.0,148.86,,9.753334193229675,4.752981185913086,53,,,,,0.584081,,7.173137,0.525441
838,51684,135.0,149.39,,9.753334193229675,4.752981185913086,53,,,,,0.584081,,7.173137,0.525441
839,51850,166.0,150.22,,9.753334193229675,4.752981185913086,53,,,,,0.584081,,7.173137,0.525441
840,52086,236.0,151.33,,9.753334193229675,4.752981185913086,53,,,,,0.584081,,7.173137,0.525441
841,52217,131.0,151.79,,9.753334193229675,4.752981185913086,53,,,,,0.584081,,7.173137,0.525441
842,52372,155.0,152.4,,9.753334193229675,4.752981185913086,53,,,,,0.584081,,7.173137,0.525441
843,52617,245.0,154.27,,9.753334193229675,4.752981185913086,53,,,,,0.584081,,7.173137,0.525441
844,52828,211.0,155.13,,9.753334193229675,4.752981185913086,53,,,,,0.584081,,7.173137,0.525441
845,52985,157.0,155.26,,9.753334193229675,4.752981185913086,53,,,,,0.584081,,7.173137,0.525441
846,53163,178.0,155.95,,9.753334193229675,4.752981185913086,53,,,,,0.584081,,7.173137,0.525441
847,53480,317.0,158.12,,9.753334193229675,4.752981185913086,53,,,,,0.584081,,7.173137,0.525441
848,53642,162.0,158.65,,9.453863558769227,4.95388388633728,54,,,,,0.582809,,7.218351,0.477068
849,53813,171.0,158.66,,9.453863558769227,4.95388388633728,54,,,500.0,0.0,0.582809,,7.218351,0.477068
850,53980,167.0,159.54,,9.453863558769227,4.95388388633728,54,,,,,0.582809,,7.218351,0.477068
851,54128,148.0,159.64,,9.453863558769227,4.95388388633728,54,,,,,0.582809,,7.218351,0.477068
852,54267,139.0,159.68,,9.453863558769227,4.95388388633728,54,,,,,0.582809,,7.218351,0.477068
853,54427,160.0,160.0,,9.453863558769227,4.95388388633728,54,,,,,0.582809,,7.218351,0.477068
854,54616,189.0,160.97,,9.453863558769227,4.95388388633728,54,,,,,0.582809,,7.218351,0.477068
855,54896,280.0,162.86,,9.453863558769227,4.95388388633728,54,,,,,0.582809,,7.218351,0.477068
856,55099,203.0,163.6,,9.453863558769227,4.95388388633728,54,,,,,0.582809,,7.218351,0.477068
857,55387,288.0,165.5,,9.453863558769227,4.95388388633728,54,,,,,0.582809,,7.218351,0.477068
858,55685,298.0,167.3,,9.453863558769227,4.95388388633728,54,,,,,0.582809,,7.218351,0.477068
859,55881,196.0,167.75,,9.453863558769227,4.95388388633728,54,,,,,0.582809,,7.218351,0.477068
860,56018,137.0,167.64,,9.453863558769227,4.95388388633728,54,,,,,0.582809,,7.218351,0.477068
861,56290,272.0,168.82,,9.453863558769227,4.95388388633728,54,,,,,0.582809,,7.218351,0.477068
862,56457,167.0,169.49,,9.453863558769227,4.95388388633728,54,,,,,0.582809,,7.218351,0.477068
863,56615,158.0,170.09,,9.453863558769227,4.95388388633728,54,,,,,0.582809,,7.218351,0.477068
864,56793,178.0,170.76,,9.170296993255615,5.233486890792847,55,,,,,0.581716,,6.992367,0.536137
865,57043,250.0,172.63,,9.170296993255615,5.233486890792847,55,,,,,0.581716,,6.992367,0.536137
866,57249,206.0,173.59,,9.170296993255615,5.233486890792847,55,,,,,0.581716,,6.992367,0.536137
867,57411,162.0,174.22,,9.170296993255615,5.233486890792847,55,,,,,0.581716,,6.992367,0.536137
868,57784,373.0,176.67,,9.170296993255615,5.233486890792847,55,,,,,0.581716,,6.992367,0.536137
869,57971,187.0,177.54,,9.170296993255615,5.233486890792847,55,,,,,0.581716,,6.992367,0.536137
870,58192,221.0,178.15,,9.170296993255615,5.233486890792847,55,,,,,0.581716,,6.992367,0.536137
871,58407,215.0,178.6,,9.170296993255615,5.233486890792847,55,,,,,0.581716,,6.992367,0.536137
872,58546,139.0,178.45,,9.170296993255615,5.233486890792847,55,,,,,0.581716,,6.992367,0.536137
873,58712,166.0,179.13,,9.170296993255615,5.233486890792847,55,,,,,0.581716,,6.992367,0.536137
874,59188,476.0,182.93,,9.170296993255615,5.233486890792847,55,,,,,0.581716,,6.992367,0.536137
875,59415,227.0,182.74,,9.170296993255615,5.233486890792847,55,,,,,0.581716,,6.992367,0.536137
876,59915,500.0,186.04,,9.170296993255615,5.233486890792847,55,,,,,0.581716,,6.992367,0.536137
877,60095,180.0,185.73,,9.170296993255615,5.233486890792847,55,,,,,0.581716,,6.992367,0.536137
878,60309,214.0,185.59,,9.170296993255615,5.233486890792847,55,,,,,0.581716,,6.992367,0.536137
879,60478,169.0,185.97,,9.170296993255615,5.233486890792847,55,,,,,0.581716,,6.992367,0.536137
880,60633,155.0,185.91,,8.921010003089904,5.4733567237854,56,,,,,0.581146,,6.965953,0.505156
881,60814,181.0,186.55,,8.921010003089904,5.4733567237854,56,,,,,0.581146,,6.965953,0.505156
882,61068,254.0,188.64,,8.921010003089904,5.4733567237854,56,,,,,0.581146,,6.965953,0.505156
883,61324,256.0,190.05,,8.921010003089904,5.4733567237854,56,,,,,0.581146,,6.965953,0.505156
884,61476,152.0,189.57,,8.921010003089904,5.4733567237854,56,,,,,0.581146,,6.965953,0.505156
885,61690,214.0,190.1,,8.921010003089904,5.4733567237854,56,,,,,0.581146,,6.965953,0.505156
886,62105,415.0,192.94,,8.921010003089904,5.4733567237854,56,,,,,0.581146,,6.965953,0.505156
887,62470,365.0,195.24,,8.921010003089904,5.4733567237854,56,,,,,0.581146,,6.965953,0.505156
888,62607,137.0,195.81,,8.921010003089904,5.4733567237854,56,,,,,0.581146,,6.965953,0.505156
889,62813,206.0,196.34,,8.921010003089904,5.4733567237854,56,,,,,0.581146,,6.965953,0.505156
890,62984,171.0,196.85,,8.921010003089904,5.4733567237854,56,,,,,0.581146,,6.965953,0.505156
891,63049,65.0,196.09,,8.921010003089904,5.4733567237854,56,,,,,0.581146,,6.965953,0.505156
892,63227,178.0,194.67,,8.921010003089904,5.4733567237854,56,,,,,0.581146,,6.965953,0.505156
893,63413,186.0,195.21,,8.921010003089904,5.4733567237854,56,,,,,0.581146,,6.965953,0.505156
894,63647,234.0,196.29,,8.921010003089904,5.4733567237854,56,,,,,0.581146,,6.965953,0.505156
895,63908,261.0,197.52,,8.921010003089904,5.4733567237854,56,,,,,0.581146,,6.965953,0.505156
896,64078,170.0,197.65,,8.640056681632995,5.716554880142212,57,,,,,0.571512,,7.497784,0.345285
897,64254,176.0,197.65,,8.640056681632995,5.716554880142212,57,,,,,0.571512,,7.497784,0.345285
898,64651,397.0,200.72,,8.640056681632995,5.716554880142212,57,,,,,0.571512,,7.497784,0.345285
899,64845,194.0,201.02,,8.640056681632995,5.716554880142212,57,,,500.0,0.0,0.571512,,7.497784,0.345285
900,65026,181.0,200.79,,8.640056681632995,5.716554880142212,57,,,,,0.571512,,7.497784,0.345285
901,65198,172.0,200.98,,8.640056681632995,5.716554880142212,57,,,,,0.571512,,7.497784,0.345285
902,65471,273.0,200.68,,8.640056681632995,5.716554880142212,57,,,,,0.571512,,7.497784,0.345285
903,65834,363.0,202.85,,8.640056681632995,5.716554880142212,57,,,,,0.571512,,7.497784,0.345285
904,66157,323.0,205.07,,8.640056681632995,5.716554880142212,57,,,,,0.571512,,7.497784,0.345285
905,66465,308.0,206.59,,8.640056681632995,5.716554880142212,57,,,,,0.571512,,7.497784,0.345285
906,66687,222.0,206.47,,8.640056681632995,5.716554880142212,57,,,,,0.571512,,7.497784,0.345285
907,66890,203.0,207.01,,8.640056681632995,5.717555284500122,57,,,,,0.571512,,7.497784,0.345285
908,67195,305.0,207.74,,8.640056681632995,5.717555284500122,57,,,,,0.571512,,7.497784,0.345285
909,67354,159.0,208.37,,8.640056681632995,5.717555284500122,57,,,,,0.571512,,7.497784,0.345285
910,67565,211.0,209.29,,8.640056681632995,5.717555284500122,57,,,,,0.571512,,7.497784,0.345285
911,67893,328.0,211.22,,8.640056681632995,5.717555284500122,57,,,,,0.571512,,7.497784,0.345285
912,68087,194.0,211.99,,8.393116521835328,5.992743730545044,58,,,,,0.576550,,7.876943,0.227956
913,68298,211.0,212.55,,8.393116521835328,5.992743730545044,58,,,,,0.576550,,7.876943,0.227956
914,68576,278.0,213.54,,8.393116521835328,5.992743730545044,58,,,,,0.576550,,7.876943,0.227956
915,68820,244.0,214.11,,8.393116521835328,5.992743730545044,58,,,,,0.576550,,7.876943,0.227956
916,69072,252.0,214.54,,8.393116521835328,5.993745565414429,58,,,,,0.576550,,7.876943,0.227956
917,69190,118.0,214.52,,8.393116521835328,5.993745565414429,58,,,,,0.576550,,7.876943,0.227956
918,69568,378.0,216.31,,8.393116521835328,5.993745565414429,58,,,,,0.576550,,7.876943,0.227956
919,69762,194.0,216.95,,8.393116521835328,5.993745565414429,58,,,,,0.576550,,7.876943,0.227956
920,70238,476.0,219.62,,8.393116521835328,5.993745565414429,58,,,,,0.576550,,7.876943,0.227956
921,70538,300.0,220.79,,8.393116521835328,5.993745565414429,58,,,,,0.576550,,7.876943,0.227956
922,70937,399.0,223.66,,8.393116521835328,5.993745565414429,58,,,,,0.576550,,7.876943,0.227956
923,71135,198.0,223.18,,8.393116521835328,5.993745565414429,58,,,,,0.576550,,7.876943,0.227956
924,71318,183.0,223.28,,8.393116521835328,5.993745565414429,58,,,,,0.576550,,7.876943,0.227956
925,71519,201.0,223.77,,8.393116521835328,5.993745565414429,58,,,,,0.576550,,7.876943,0.227956
926,71645,126.0,223.61,,8.393116521835328,5.993745565414429,58,,,,,0.576550,,7.876943,0.227956
927,71970,325.0,224.98,,8.393116521835328,5.993745565414429,58,,,,,0.576550,,7.876943,0.227956
928,72125,155.0,225.08,,8.133620586395264,6.34490180015564,59,,,,,0.572260,,7.364996,0.342761
929,72322,197.0,224.71,,8.133620586395264,6.34490180015564,59,,,,,0.572260,,7.364996,0.342761
930,72789,467.0,227.4,,8.133620586395264,6.34490180015564,59,,,,,0.572260,,7.364996,0.342761
931,73181,392.0,228.5,,8.133620586395264,6.34490180015564,59,,,,,0.572260,,7.364996,0.342761
932,73376,195.0,228.86,,8.133620586395264,6.34490180015564,59,,,,,0.572260,,7.364996,0.342761
933,73876,500.0,232.34,,8.133620586395264,6.34490180015564,59,,,,,0.572260,,7.364996,0.342761
934,74136,260.0,232.99,,8.133620586395264,6.34490180015564,59,,,,,0.572260,,7.364996,0.342761
935,74347,211.0,232.14,,8.133620586395264,6.34490180015564,59,,,,,0.572260,,7.364996,0.342761
936,74548,201.0,232.86,,8.133620586395264,6.34490180015564,59,,,,,0.572260,,7.364996,0.342761
937,74687,139.0,231.38,,8.133620586395264,6.34490180015564,59,,,,,0.572260,,7.364996,0.342761
938,75008,321.0,233.24,,8.133620586395264,6.34490180015564,59,,,,,0.572260,,7.364996,0.342761
939,75147,139.0,232.97,,8.133620586395264,6.34490180015564,59,,,,,0.572260,,7.364996,0.342761
940,75618,471.0,235.32,,8.133620586395264,6.34490180015564,59,,,,,0.572260,,7.364996,0.342761
941,75770,152.0,235.53,,8.133620586395264,6.34490180015564,59,,,,,0.572260,,7.364996,0.342761
942,76024,254.0,236.52,,8.133620586395264,6.34490180015564,59,,,,,0.572260,,7.364996,0.342761
943,76446,422.0,238.29,,8.133620586395264,6.34490180015564,59,,,,,0.572260,,7.364996,0.342761
944,76627,181.0,237.99,,7.9924760961532595,6.636394262313843,60,,,,,0.575664,,7.214514,0.278907
945,77022,395.0,240.37,,7.9924760961532595,6.636394262313843,60,,,,,0.575664,,7.214514,0.278907
946,77404,382.0,242.41,,7.9924760961532595,6.636394262313843,60,,,,,0.575664,,7.214514,0.278907
947,77583,179.0,241.03,,7.9924760961532595,6.636394262313843,60,,,,,0.575664,,7.214514,0.278907
948,77761,178.0,241.19,,7.9924760961532595,6.636394262313843,60,,,,,0.575664,,7.214514,0.278907
949,77984,223.0,241.71,,7.9924760961532595,6.636394262313843,60,,,500.0,0.0,0.575664,,7.214514,0.278907
950,78378,394.0,243.98,,7.9924760961532595,6.636394262313843,60,,,,,0.575664,,7.214514,0.278907
951,78568,190.0,244.4,,7.9924760961532595,6.636394262313843,60,,,,,0.575664,,7.214514,0.278907
952,78945,377.0,246.78,,7.9924760961532595,6.636394262313843,60,,,,,0.575664,,7.214514,0.278907
953,79191,246.0,247.64,,7.9924760961532595,6.636394262313843,60,,,,,0.575664,,7.214514,0.278907
954,79538,347.0,249.22,,7.9924760961532595,6.636394262313843,60,,,,,0.575664,,7.214514,0.278907
955,79869,331.0,249.73,,7.9924760961532595,6.636394262313843,60,,,,,0.575664,,7.214514,0.278907
956,80233,364.0,251.34,,7.9924760961532595,6.636394262313843,60,,,,,0.575664,,7.214514,0.278907
957,80733,500.0,253.46,,7.9924760961532595,6.636394262313843,60,,,,,0.575664,,7.214514,0.278907
958,80977,244.0,252.92,,7.9924760961532595,6.636394262313843,60,,,,,0.575664,,7.214514,0.278907
959,81147,170.0,252.66,,7.9924760961532595,6.636394262313843,60,,,,,0.575664,,7.214514,0.278907
960,81603,456.0,255.85,,7.761234979629517,6.976093292236328,61,,,,,0.577623,,6.822371,0.300817
961,82103,500.0,258.13,,7.761234979629517,6.976093292236328,61,,,,,0.577623,,6.822371,0.300817
962,82542,439.0,260.85,,7.761234979629517,6.976093292236328,61,,,,,0.577623,,6.822371,0.300817
963,82740,198.0,261.25,,7.761234979629517,6.976093292236328,61,,,,,0.577623,,6.822371,0.300817
964,83113,373.0,263.2,,7.761234979629517,6.976093292236328,61,,,,,0.577623,,6.822371,0.300817
965,83548,435.0,265.05,,7.761234979629517,6.976093292236328,61,,,,,0.577623,,6.822371,0.300817
966,84048,500.0,267.99,,7.761234979629517,6.976093292236328,61,,,,,0.577623,,6.822371,0.300817
967,84511,463.0,271.0,,7.761234979629517,6.976093292236328,61,,,,,0.577623,,6.822371,0.300817
968,84952,441.0,271.68,,7.761234979629517,6.976093292236328,61,,,,,0.577623,,6.822371,0.300817
969,85247,295.0,272.76,,7.761234979629517,6.976093292236328,61,,,,,0.577623,,6.822371,0.300817
970,85590,343.0,273.98,,7.761234979629517,6.976093292236328,61,,,,,0.577623,,6.822371,0.300817
971,85926,336.0,275.19,,7.761234979629517,6.976093292236328,61,,,,,0.577623,,6.822371,0.300817
972,86246,320.0,277.0,,7.761234979629517,6.976093292236328,61,,,,,0.577623,,6.822371,0.300817
973,86488,242.0,277.76,,7.761234979629517,6.976093292236328,61,,,,,0.577623,,6.822371,0.300817
974,86988,500.0,278.0,,7.761234979629517,6.976093292236328,61,,,,,0.577623,,6.822371,0.300817
975,87438,450.0,280.23,,7.761234979629517,6.976093292236328,61,,,,,0.577623,,6.822371,0.300817
976,87938,500.0,280.23,,7.502661728858948,7.306904554367065,62,,,,,0.571123,,7.022854,0.268396
977,88127,189.0,280.32,,7.502661728858948,7.306904554367065,62,,,,,0.571123,,7.022854,0.268396
978,88401,274.0,280.92,,7.502661728858948,7.306904554367065,62,,,,,0.571123,,7.022854,0.268396
979,88883,482.0,284.05,,7.502661728858948,7.306904554367065,62,,,,,0.571123,,7.022854,0.268396
980,89069,186.0,284.36,,7.502661728858948,7.306904554367065,62,,,,,0.571123,,7.022854,0.268396
981,89426,357.0,286.12,,7.502661728858948,7.306904554367065,62,,,,,0.571123,,7.022854,0.268396
982,89820,394.0,287.52,,7.502661728858948,7.306904554367065,62,,,,,0.571123,,7.022854,0.268396
983,90230,410.0,289.06,,7.502661728858948,7.306904554367065,62,,,,,0.571123,,7.022854,0.268396
984,90656,426.0,291.8,,7.502661728858948,7.306904554367065,62,,,,,0.571123,,7.022854,0.268396
985,91156,500.0,294.66,,7.502661728858948,7.306904554367065,62,,,,,0.571123,,7.022854,0.268396
986,91644,488.0,295.39,,7.502661728858948,7.306904554367065,62,,,,,0.571123,,7.022854,0.268396
987,92051,407.0,295.81,,7.502661728858948,7.306904554367065,62,,,,,0.571123,,7.022854,0.268396
988,92421,370.0,298.14,,7.502661728858948,7.306904554367065,62,,,,,0.571123,,7.022854,0.268396
989,92883,462.0,300.7,,7.502661728858948,7.306904554367065,62,,,,,0.571123,,7.022854,0.268396
990,93170,287.0,301.86,,7.502661728858948,7.306904554367065,62,,,,,0.571123,,7.022854,0.268396
991,93379,209.0,303.3,,7.502661728858948,7.306904554367065,62,,,,,0.571123,,7.022854,0.268396
992,93540,161.0,303.13,,7.283232183456421,7.72247052192688,63,,,,,0.567250,,6.875313,0.238132
993,94040,500.0,306.27,,7.283232183456421,7.72247052192688,63,,,,,0.567250,,6.875313,0.238132
994,94540,500.0,308.93,,7.283232183456421,7.72247052192688,63,,,,,0.567250,,6.875313,0.238132
995,94937,397.0,310.29,,7.283232183456421,7.72247052192688,63,,,,,0.567250,,6.875313,0.238132
996,95437,500.0,313.59,,7.283232183456421,7.72247052192688,63,,,,,0.567250,,6.875313,0.238132
997,95900,463.0,316.46,,7.283232183456421,7.72247052192688,63,,,,,0.567250,,6.875313,0.238132
998,96400,500.0,317.49,,7.283232183456421,7.72247052192688,63,,,,,0.567250,,6.875313,0.238132
999,96730,330.0,318.85,,7.283232183456421,7.72247052192688,63,,,500.0,0.0,0.567250,,6.875313,0.238132
1000,97167,437.0,321.41,,7.283232183456421,7.72247052192688,63,,,,,0.567250,,6.875313,0.238132
1001,97667,500.0,324.69,,7.283232183456421,7.72247052192688,63,,,,,0.567250,,6.875313,0.238132
1002,98085,418.0,326.14,,7.283232183456421,7.72247052192688,63,,,,,0.567250,,6.875313,0.238132
1003,98552,467.0,327.18,,7.283232183456421,7.72247052192688,63,,,,,0.567250,,6.875313,0.238132
1004,98994,442.0,328.37,,7.283232183456421,7.723472833633423,63,,,,,0.567250,,6.875313,0.238132
1005,99380,386.0,329.15,,7.283232183456421,7.723472833633423,63,,,,,0.567250,,6.875313,0.238132
1006,99805,425.0,331.18,,7.283232183456421,7.723472833633423,63,,,,,0.567250,,6.875313,0.238132
1007,99988,183.0,330.98,,7.283232183456421,7.723472833633423,63,,,,,0.567250,,6.875313,0.238132
1008,100382,394.0,331.87,,7.036432914733886,8.090301275253296,64,,,,,0.570943,,6.568383,0.339139
1009,100776,394.0,334.22,,7.036432914733886,8.090301275253296,64,,,,,0.570943,,6.568383,0.339139
1010,101082,306.0,335.17,,7.036432914733886,8.091300249099731,64,,,,,0.570943,,6.568383,0.339139
1011,101485,403.0,335.92,,7.036432914733886,8.091300249099731,64,,,,,0.570943,,6.568383,0.339139
1012,101878,393.0,337.91,,7.036432914733886,8.091300249099731,64,,,,,0.570943,,6.568383,0.339139
1013,102150,272.0,338.52,,7.036432914733886,8.091300249099731,64,,,,,0.570943,,6.568383,0.339139
1014,102534,384.0,339.58,,7.036432914733886,8.091300249099731,64,,,,,0.570943,,6.568383,0.339139
1015,103034,500.0,342.14,,7.036432914733886,8.091300249099731,64,,,,,0.570943,,6.568383,0.339139
1016,103474,440.0,344.02,,7.036432914733886,8.091300249099731,64,,,,,0.570943,,6.568383,0.339139
1017,103974,500.0,347.84,,7.036432914733886,8.091300249099731,64,,,,,0.570943,,6.568383,0.339139
1018,104474,500.0,349.06,,7.036432914733886,8.091300249099731,64,,,,,0.570943,,6.568383,0.339139
1019,104712,238.0,349.5,,7.036432914733886,8.091300249099731,64,,,,,0.570943,,6.568383,0.339139
1020,105162,450.0,349.24,,7.036432914733886,8.091300249099731,64,,,,,0.570943,,6.568383,0.339139
1021,105609,447.0,350.71,,7.036432914733886,8.091300249099731,64,,,,,0.570943,,6.568383,0.339139
1022,106109,500.0,351.72,,7.036432914733886,8.091300249099731,64,,,,,0.570943,,6.568383,0.339139
1023,106495,386.0,353.6,,7.036432914733886,8.091300249099731,64,,,,,0.570943,,6.568383,0.339139
1024,106869,374.0,355.51,,6.78678328037262,8.44756555557251,65,,,,,0.567299,,6.563763,0.156365
1025,107369,500.0,358.5,,6.78678328037262,8.44756555557251,65,,,,,0.567299,,6.563763,0.156365
1026,107869,500.0,362.24,,6.78678328037262,8.44756555557251,65,,,,,0.567299,,6.563763,0.156365
1027,108369,500.0,363.99,,6.78678328037262,8.448567867279053,65,,,,,0.567299,,6.563763,0.156365
1028,108673,304.0,365.48,,6.78678328037262,8.448567867279053,65,,,,,0.567299,,6.563763,0.156365
1029,109173,500.0,368.51,,6.78678328037262,8.448567867279053,65,,,,,0.567299,,6.563763,0.156365
1030,109604,431.0,368.15,,6.78678328037262,8.448567867279053,65,,,,,0.567299,,6.563763,0.156365
1031,110104,500.0,369.23,,6.78678328037262,8.448567867279053,65,,,,,0.567299,,6.563763,0.156365
1032,110604,500.0,372.28,,6.78678328037262,8.448567867279053,65,,,,,0.567299,,6.563763,0.156365
1033,111104,500.0,372.28,,6.78678328037262,8.448567867279053,65,,,,,0.567299,,6.563763,0.156365
1034,111513,409.0,373.77,,6.78678328037262,8.448567867279053,65,,,,,0.567299,,6.563763,0.156365
1035,111824,311.0,374.77,,6.78678328037262,8.448567867279053,65,,,,,0.567299,,6.563763,0.156365
1036,112324,500.0,377.76,,6.78678328037262,8.448567867279053,65,,,,,0.567299,,6.563763,0.156365
1037,112747,423.0,380.6,,6.78678328037262,8.448567867279053,65,,,,,0.567299,,6.563763,0.156365
1038,112897,150.0,378.89,,6.78678328037262,8.448567867279053,65,,,,,0.567299,,6.563763,0.156365
1039,113297,400.0,381.5,,6.78678328037262,8.448567867279053,65,,,,,0.567299,,6.563763,0.156365
1040,113797,500.0,381.79,,6.559673690795899,8.808895111083984,66,,,,,0.570294,,6.330242,0.385950
1041,114064,267.0,382.94,,6.559673690795899,8.808895111083984,66,,,,,0.570294,,6.330242,0.385950
1042,114428,364.0,384.04,,6.559673690795899,8.808895111083984,66,,,,,0.570294,,6.330242,0.385950
1043,114884,456.0,384.38,,6.559673690795899,8.808895111083984,66,,,,,0.570294,,6.330242,0.385950
1044,115376,492.0,387.49,,6.559673690795899,8.808895111083984,66,,,,,0.570294,,6.330242,0.385950
1045,115876,500.0,388.54,,6.559673690795899,8.808895111083984,66,,,,,0.570294,,6.330242,0.385950
1046,116376,500.0,389.72,,6.559673690795899,8.808895111083984,66,,,,,0.570294,,6.330242,0.385950
1047,116876,500.0,392.93,,6.559673690795899,8.808895111083984,66,,,,,0.570294,,6.330242,0.385950
1048,117212,336.0,394.51,,6.559673690795899,8.808895111083984,66,,,,,0.570294,,6.330242,0.385950
1049,117481,269.0,394.97,,6.559673690795899,8.808895111083984,66,,,500.0,0.0,0.570294,,6.330242,0.385950
1050,117924,443.0,395.46,,6.559673690795899,8.808895111083984,66,,,,,0.570294,,6.330242,0.385950
1051,118354,430.0,397.86,,6.559673690795899,8.808895111083984,66,,,,,0.570294,,6.330242,0.385950
1052,118854,500.0,399.09,,6.559673690795899,8.808895111083984,66,,,,,0.570294,,6.330242,0.385950
1053,119341,487.0,401.5,,6.559673690795899,8.808895111083984,66,,,,,0.570294,,6.330242,0.385950
1054,119728,387.0,401.9,,6.559673690795899,8.808895111083984,66,,,,,0.570294,,6.330242,0.385950
1055,120125,397.0,402.56,,6.559673690795899,8.808895111083984,66,,,,,0.570294,,6.330242,0.385950
1056,120508,383.0,402.75,,6.361527900695801,9.147583723068237,67,,,,,0.562729,,6.827660,0.188047
1057,121008,500.0,402.75,,6.361527900695801,9.147583723068237,67,,,,,0.562729,,6.827660,0.188047
1058,121508,500.0,405.31,,6.361527900695801,9.147583723068237,67,,,,,0.562729,,6.827660,0.188047
1059,122008,500.0,408.61,,6.361527900695801,9.147583723068237,67,,,,,0.562729,,6.827660,0.188047
1060,122508,500.0,409.05,,6.361527900695801,9.147583723068237,67,,,,,0.562729,,6.827660,0.188047
1061,122950,442.0,408.47,,6.361527900695801,9.147583723068237,67,,,,,0.562729,,6.827660,0.188047
1062,123346,396.0,408.04,,6.361527900695801,9.147583723068237,67,,,,,0.562729,,6.827660,0.188047
1063,123701,355.0,409.61,,6.361527900695801,9.147583723068237,67,,,,,0.562729,,6.827660,0.188047
1064,123924,223.0,408.11,,6.361527900695801,9.147583723068237,67,,,,,0.562729,,6.827660,0.188047
1065,124293,369.0,407.45,,6.361527900695801,9.147583723068237,67,,,,,0.562729,,6.827660,0.188047
1066,124729,436.0,406.81,,6.361527900695801,9.147583723068237,67,,,,,0.562729,,6.827660,0.188047
1067,125172,443.0,406.61,,6.361527900695801,9.147583723068237,67,,,,,0.562729,,6.827660,0.188047
1068,125586,414.0,406.34,,6.361527900695801,9.147583723068237,67,,,,,0.562729,,6.827660,0.188047
1069,126003,417.0,407.56,,6.361527900695801,9.147583723068237,67,,,,,0.562729,,6.827660,0.188047
1070,126345,342.0,407.55,,6.361527900695801,9.147583723068237,67,,,,,0.562729,,6.827660,0.188047
1071,126597,252.0,406.71,,6.361527900695801,9.147583723068237,67,,,,,0.562729,,6.827660,0.188047
1072,127006,409.0,407.6,,6.164301996231079,9.543892860412598,68,,,,,0.564643,,5.970210,0.350753
1073,127363,357.0,408.75,,6.164301996231079,9.543892860412598,68,,,,,0.564643,,5.970210,0.350753
1074,127647,284.0,406.59,,6.164301996231079,9.543892860412598,68,,,,,0.564643,,5.970210,0.350753
1075,128147,500.0,407.09,,6.164301996231079,9.543892860412598,68,,,,,0.564643,,5.970210,0.350753
1076,128647,500.0,407.09,,6.164301996231079,9.543892860412598,68,,,,,0.564643,,5.970210,0.350753
1077,129147,500.0,410.2,,6.164301996231079,9.543892860412598,68,,,,,0.564643,,5.970210,0.350753
1078,129588,441.0,411.87,,6.164301996231079,9.543892860412598,68,,,,,0.564643,,5.970210,0.350753
1079,130069,481.0,411.86,,6.164301996231079,9.543892860412598,68,,,,,0.564643,,5.970210,0.350753
1080,130543,474.0,414.74,,6.164301996231079,9.543892860412598,68,,,,,0.564643,,5.970210,0.350753
1081,131026,483.0,416.0,,6.164301996231079,9.543892860412598,68,,,,,0.564643,,5.970210,0.350753
1082,131526,500.0,417.06,,6.164301996231079,9.543892860412598,68,,,,,0.564643,,5.970210,0.350753
1083,132026,500.0,417.96,,6.164301996231079,9.543892860412598,68,,,,,0.564643,,5.970210,0.350753
1084,132440,414.0,417.84,,6.164301996231079,9.543892860412598,68,,,,,0.564643,,5.970210,0.350753
1085,132940,500.0,417.84,,6.164301996231079,9.543892860412598,68,,,,,0.564643,,5.970210,0.350753
1086,133304,364.0,416.6,,6.164301996231079,9.543892860412598,68,,,,,0.564643,,5.970210,0.350753
1087,133804,500.0,417.53,,6.164301996231079,9.543892860412598,68,,,,,0.564643,,5.970210,0.350753
1088,134304,500.0,418.83,,5.979080123901367,9.925756216049194,69,,,,,0.565669,,5.645126,0.159883
1089,134779,475.0,418.96,,5.979080123901367,9.925756216049194,69,,,,,0.565669,,5.645126,0.159883
1090,135279,500.0,421.09,,5.979080123901367,9.925756216049194,69,,,,,0.565669,,5.645126,0.159883
1091,135480,201.0,421.01,,5.979080123901367,9.925756216049194,69,,,,,0.565669,,5.645126,0.159883
1092,135980,500.0,424.4,,5.979080123901367,9.925756216049194,69,,,,,0.565669,,5.645126,0.159883
1093,136474,494.0,424.34,,5.979080123901367,9.925756216049194,69,,,,,0.565669,,5.645126,0.159883
1094,136974,500.0,424.34,,5.979080123901367,9.925756216049194,69,,,,,0.565669,,5.645126,0.159883
1095,137340,366.0,424.03,,5.979080123901367,9.925756216049194,69,,,,,0.565669,,5.645126,0.159883
1096,137840,500.0,424.03,,5.979080123901367,9.925756216049194,69,,,,,0.565669,,5.645126,0.159883
1097,138340,500.0,424.4,,5.979080123901367,9.925756216049194,69,,,,,0.565669,,5.645126,0.159883
1098,138840,500.0,424.4,,5.979080123901367,9.925756216049194,69,,,,,0.565669,,5.645126,0.159883
1099,139340,500.0,426.1,,5.979080123901367,9.925756216049194,69,,,500.0,0.0,0.565669,,5.645126,0.159883
1100,139840,500.0,426.73,,5.979080123901367,9.925756216049194,69,,,,,0.565669,,5.645126,0.159883
1101,140290,450.0,426.23,,5.979080123901367,9.925756216049194,69,,,,,0.565669,,5.645126,0.159883
1102,140773,483.0,426.88,,5.979080123901367,9.925756216049194,69,,,,,0.565669,,5.645126,0.159883
1103,141273,500.0,427.21,,5.979080123901367,9.925756216049194,69,,,,,0.565669,,5.645126,0.159883
1104,141773,500.0,427.79,,5.784852137565613,10.292162895202637,70,,,,,0.566824,,5.499032,0.220149
1105,142219,446.0,428.39,,5.784852137565613,10.292162895202637,70,,,,,0.566824,,5.499032,0.220149
1106,142719,500.0,429.14,,5.784852137565613,10.292162895202637,70,,,,,0.566824,,5.499032,0.220149
1107,143219,500.0,432.31,,5.784852137565613,10.292162895202637,70,,,,,0.566824,,5.499032,0.220149
1108,143701,482.0,433.19,,5.784852137565613,10.292162895202637,70,,,,,0.566824,,5.499032,0.220149
1109,144201,500.0,434.25,,5.784852137565613,10.292162895202637,70,,,,,0.566824,,5.499032,0.220149
1110,144701,500.0,436.19,,5.784852137565613,10.292162895202637,70,,,,,0.566824,,5.499032,0.220149
1111,145201,500.0,437.16,,5.784852137565613,10.292162895202637,70,,,,,0.566824,,5.499032,0.220149
1112,145701,500.0,438.23,,5.784852137565613,10.292162895202637,70,,,,,0.566824,,5.499032,0.220149
1113,146201,500.0,440.51,,5.784852137565613,10.292162895202637,70,,,,,0.566824,,5.499032,0.220149
1114,146626,425.0,440.92,,5.784852137565613,10.292162895202637,70,,,,,0.566824,,5.499032,0.220149
1115,147052,426.0,440.18,,5.784852137565613,10.292162895202637,70,,,,,0.566824,,5.499032,0.220149
1116,147552,500.0,440.78,,5.784852137565613,10.293163776397705,70,,,,,0.566824,,5.499032,0.220149
1117,147946,394.0,439.72,,5.784852137565613,10.293163776397705,70,,,,,0.566824,,5.499032,0.220149
1118,148446,500.0,439.72,,5.784852137565613,10.293163776397705,70,,,,,0.566824,,5.499032,0.220149
1119,148836,390.0,441.24,,5.784852137565613,10.293163776397705,70,,,,,0.566824,,5.499032,0.220149
1120,149258,422.0,440.96,,5.602654361724854,10.653383255004883,71,,,,,0.563995,,5.056521,0.322511
1121,149645,387.0,440.36,,5.602654361724854,10.653383255004883,71,,,,,0.563995,,5.056521,0.322511
1122,150069,424.0,439.6,,5.602654361724854,10.653383255004883,71,,,,,0.563995,,5.056521,0.322511
1123,150569,500.0,440.74,,5.602654361724854,10.653383255004883,71,,,,,0.563995,,5.056521,0.322511
1124,151069,500.0,442.0,,5.602654361724854,10.653383255004883,71,,,,,0.563995,,5.056521,0.322511
1125,151569,500.0,442.0,,5.602654361724854,10.653383255004883,71,,,,,0.563995,,5.056521,0.322511
1126,152069,500.0,442.0,,5.602654361724854,10.653383255004883,71,,,,,0.563995,,5.056521,0.322511
1127,152569,500.0,442.0,,5.602654361724854,10.653383255004883,71,,,,,0.563995,,5.056521,0.322511
1128,153069,500.0,443.96,,5.602654361724854,10.653383255004883,71,,,,,0.563995,,5.056521,0.322511
1129,153569,500.0,443.96,,5.602654361724854,10.653383255004883,71,,,,,0.563995,,5.056521,0.322511
1130,154069,500.0,444.65,,5.602654361724854,10.654385805130005,71,,,,,0.563995,,5.056521,0.322511
1131,154569,500.0,444.65,,5.602654361724854,10.654385805130005,71,,,,,0.563995,,5.056521,0.322511
1132,155002,433.0,443.98,,5.602654361724854,10.654385805130005,71,,,,,0.563995,,5.056521,0.322511
1133,155502,500.0,443.98,,5.602654361724854,10.654385805130005,71,,,,,0.563995,,5.056521,0.322511
1134,156002,500.0,444.89,,5.602654361724854,10.654385805130005,71,,,,,0.563995,,5.056521,0.322511
1135,156502,500.0,446.78,,5.602654361724854,10.654385805130005,71,,,,,0.563995,,5.056521,0.322511
1136,157002,500.0,446.78,,5.409504599571228,11.046725749969482,72,,,,,0.561626,,4.974406,0.322279
1137,157502,500.0,447.55,,5.409504599571228,11.046725749969482,72,,,,,0.561626,,4.974406,0.322279
1138,157955,453.0,450.58,,5.409504599571228,11.046725749969482,72,,,,,0.561626,,4.974406,0.322279
1139,158455,500.0,451.58,,5.409504599571228,11.046725749969482,72,,,,,0.561626,,4.974406,0.322279
1140,158955,500.0,451.58,,5.409504599571228,11.046725749969482,72,,,,,0.561626,,4.974406,0.322279
1141,159455,500.0,453.91,,5.409504599571228,11.046725749969482,72,,,,,0.561626,,4.974406,0.322279
1142,159817,362.0,453.89,,5.409504599571228,11.046725749969482,72,,,,,0.561626,,4.974406,0.322279
1143,160317,500.0,454.33,,5.409504599571228,11.046725749969482,72,,,,,0.561626,,4.974406,0.322279
1144,160817,500.0,454.41,,5.409504599571228,11.046725749969482,72,,,,,0.561626,,4.974406,0.322279
1145,161317,500.0,454.41,,5.409504599571228,11.046725749969482,72,,,,,0.561626,,4.974406,0.322279
1146,161794,477.0,454.18,,5.409504599571228,11.046725749969482,72,,,,,0.561626,,4.974406,0.322279
1147,162294,500.0,454.18,,5.409504599571228,11.046725749969482,72,,,,,0.561626,,4.974406,0.322279
1148,162794,500.0,455.82,,5.409504599571228,11.046725749969482,72,,,,,0.561626,,4.974406,0.322279
1149,163294,500.0,458.13,,5.409504599571228,11.046725749969482,72,,,500.0,0.0,0.561626,,4.974406,0.322279
1150,163794,500.0,458.7,,5.409504599571228,11.046725749969482,72,,,,,0.561626,,4.974406,0.322279
1151,164294,500.0,459.4,,5.409504599571228,11.046725749969482,72,,,,,0.561626,,4.974406,0.322279
1152,164794,500.0,459.4,,5.247762417793274,11.402442693710327,73,,,,,0.560917,,4.691032,0.180194
1153,165294,500.0,459.53,,5.247762417793274,11.402442693710327,73,,,,,0.560917,,4.691032,0.180194
1154,165794,500.0,460.66,,5.247762417793274,11.402442693710327,73,,,,,0.560917,,4.691032,0.180194
1155,166294,500.0,461.69,,5.247762417793274,11.402442693710327,73,,,,,0.560917,,4.691032,0.180194
1156,166794,500.0,462.86,,5.247762417793274,11.402442693710327,73,,,,,0.560917,,4.691032,0.180194
1157,167294,500.0,462.86,,5.247762417793274,11.402442693710327,73,,,,,0.560917,,4.691032,0.180194
1158,167794,500.0,462.86,,5.247762417793274,11.402442693710327,73,,,,,0.560917,,4.691032,0.180194
1159,168212,418.0,462.04,,5.247762417793274,11.402442693710327,73,,,,,0.560917,,4.691032,0.180194
1160,168712,500.0,462.04,,5.247762417793274,11.402442693710327,73,,,,,0.560917,,4.691032,0.180194
1161,169212,500.0,462.62,,5.247762417793274,11.402442693710327,73,,,,,0.560917,,4.691032,0.180194
1162,169628,416.0,462.82,,5.247762417793274,11.402442693710327,73,,,,,0.560917,,4.691032,0.180194
1163,170128,500.0,464.27,,5.247762417793274,11.402442693710327,73,,,,,0.560917,,4.691032,0.180194
1164,170628,500.0,467.04,,5.247762417793274,11.402442693710327,73,,,,,0.560917,,4.691032,0.180194
1165,171128,500.0,468.35,,5.247762417793274,11.402442693710327,73,,,,,0.560917,,4.691032,0.180194
1166,171628,500.0,468.99,,5.247762417793274,11.402442693710327,73,,,,,0.560917,,4.691032,0.180194
1167,172128,500.0,469.56,,5.247762417793274,11.402442693710327,73,,,,,0.560917,,4.691032,0.180194
1168,172628,500.0,470.42,,5.043352017402649,11.75021243095398,74,,,,,0.558217,,4.641662,0.189840
1169,173128,500.0,471.25,,5.043352017402649,11.75021243095398,74,,,,,0.558217,,4.641662,0.189840
1170,173628,500.0,472.83,,5.043352017402649,11.75021243095398,74,,,,,0.558217,,4.641662,0.189840
1171,174128,500.0,475.31,,5.043352017402649,11.75021243095398,74,,,,,0.558217,,4.641662,0.189840
