episode,total_env_steps,episode_reward,avg_reward_100,epsilon,mean_loss,wall_clock_s,grad_steps,w,lam,eval_mean_reward,eval_std_reward,entropy,beta
0,17,17.0,17.0,,0.08152682334184647,0.06060147285461426,1,,,,,0.597689,
1,27,10.0,13.5,,0.08152682334184647,0.06060147285461426,1,,,,,0.597689,
2,40,13.0,13.333333333333334,,0.08152682334184647,0.06060147285461426,1,,,,,0.597689,
3,51,11.0,12.75,,0.08152682334184647,0.06060147285461426,1,,,,,0.597689,
4,83,32.0,16.6,,0.08152682334184647,0.06160140037536621,1,,,,,0.597689,
5,99,16.0,16.5,,0.08152682334184647,0.06160140037536621,1,,,,,0.597689,
6,114,15.0,16.285714285714285,,0.08152682334184647,0.06160140037536621,1,,,,,0.597689,
7,125,11.0,15.625,,0.08152682334184647,0.06160140037536621,1,,,,,0.597689,
8,137,12.0,15.222222222222221,,0.08152682334184647,0.06260180473327637,1,,,,,0.597689,
9,151,14.0,15.1,,0.08152682334184647,0.06260180473327637,1,,,,,0.597689,
10,170,19.0,15.454545454545455,,0.08152682334184647,0.06260180473327637,1,,,,,0.597689,
11,181,11.0,15.083333333333334,,0.08152682334184647,0.06260180473327637,1,,,,,0.597689,
12,190,9.0,14.615384615384615,,0.08152682334184647,0.06260180473327637,1,,,,,0.597689,
13,202,12.0,14.428571428571429,,0.08152682334184647,0.06260180473327637,1,,,,,0.597689,
14,220,18.0,14.666666666666666,,0.08152682334184647,0.06260180473327637,1,,,,,0.597689,
15,247,27.0,15.4375,,0.08152682334184647,0.06260180473327637,1,,,,,0.597689,
16,258,11.0,15.176470588235293,,0.08019180223345757,0.12409305572509766,2,,,,,0.613058,
17,269,11.0,14.944444444444445,,0.08019180223345757,0.12409305572509766,2,,,,,0.613058,
18,281,12.0,14.789473684210526,,0.08019180223345757,0.12409305572509766,2,,,,,0.613058,
19,319,38.0,15.95,,0.08019180223345757,0.12409305572509766,2,,,,,0.613058,
20,337,18.0,16.047619047619047,,0.08019180223345757,0.12409305572509766,2,,,,,0.613058,
21,347,10.0,15.772727272727273,,0.08019180223345757,0.12409305572509766,2,,,,,0.613058,
22,361,14.0,15.695652173913043,,0.08019180223345757,0.12409305572509766,2,,,,,0.613058,
23,371,10.0,15.458333333333334,,0.08019180223345757,0.12409305572509766,2,,,,,0.613058,
24,382,11.0,15.28,,0.08019180223345757,0.12409305572509766,2,,,,,0.613058,
25,396,14.0,15.23076923076923,,0.08019180223345757,0.12409305572509766,2,,,,,0.613058,
26,409,13.0,15.148148148148149,,0.08019180223345757,0.12409305572509766,2,,,,,0.613058,
27,435,26.0,15.535714285714286,,0.08019180223345757,0.12409305572509766,2,,,,,0.613058,
28,449,14.0,15.482758620689655,,0.08019180223345757,0.1250913143157959,2,,,,,0.613058,
29,469,20.0,15.633333333333333,,0.08019180223345757,0.1250913143157959,2,,,,,0.613058,
30,501,32.0,16.161290322580644,,0.08019180223345757,0.1250913143157959,2,,,,,0.613058,
31,515,14.0,16.09375,,0.08019180223345757,0.1250913143157959,2,,,,,0.613058,
32,525,10.0,15.909090909090908,,0.06061760398248831,0.16752004623413086,3,,,,,0.628349,
33,539,14.0,15.852941176470589,,0.06061760398248831,0.16752004623413086,3,,,,,0.628349,
34,548,9.0,15.657142857142857,,0.06061760398248831,0.16752004623413086,3,,,,,0.628349,
35,557,9.0,15.472222222222221,,0.06061760398248831,0.16752004623413086,3,,,,,0.628349,
36,572,15.0,15.45945945945946,,0.06061760398248831,0.16752004623413086,3,,,,,0.628349,
37,582,10.0,15.31578947368421,,0.06061760398248831,0.16752004623413086,3,,,,,0.628349,
38,602,20.0,15.435897435897436,,0.06061760398248831,0.16752004623413086,3,,,,,0.628349,
39,618,16.0,15.45,,0.06061760398248831,0.16752004623413086,3,,,,,0.628349,
40,641,23.0,15.634146341463415,,0.06061760398248831,0.16752004623413086,3,,,,,0.628349,
41,652,11.0,15.523809523809524,,0.06061760398248831,0.16752004623413086,3,,,,,0.628349,
42,664,12.0,15.44186046511628,,0.06061760398248831,0.16752004623413086,3,,,,,0.628349,
43,674,10.0,15.318181818181818,,0.06061760398248831,0.16752004623413086,3,,,,,0.628349,
44,689,15.0,15.311111111111112,,0.06061760398248831,0.16854405403137207,3,,,,,0.628349,
45,703,14.0,15.282608695652174,,0.06061760398248831,0.16854405403137207,3,,,,,0.628349,
46,723,20.0,15.382978723404255,,0.06061760398248831,0.16854405403137207,3,,,,,0.628349,
47,736,13.0,15.333333333333334,,0.06061760398248831,0.16854405403137207,3,,,,,0.628349,
48,748,12.0,15.26530612244898,,0.05612800596281886,0.2162156105041504,4,,,,,0.639059,
49,759,11.0,15.18,,0.05612800596281886,0.21721482276916504,4,,,9.2,0.7483314773547882,0.639059,
50,781,22.0,15.313725490196079,,0.05612800596281886,0.21721482276916504,4,,,,,0.639059,
51,794,13.0,15.26923076923077,,0.05612800596281886,0.21721482276916504,4,,,,,0.639059,
52,820,26.0,15.471698113207546,,0.05612800596281886,0.2182178497314453,4,,,,,0.639059,
53,841,21.0,15.574074074074074,,0.05612800596281886,0.2182178497314453,4,,,,,0.639059,
54,859,18.0,15.618181818181819,,0.05612800596281886,0.2182178497314453,4,,,,,0.639059,
55,873,14.0,15.589285714285714,,0.05612800596281886,0.2182178497314453,4,,,,,0.639059,
56,883,10.0,15.491228070175438,,0.05612800596281886,0.2182178497314453,4,,,,,0.639059,
57,895,12.0,15.431034482758621,,0.05612800596281886,0.2182178497314453,4,,,,,0.639059,
58,920,25.0,15.59322033898305,,0.05612800596281886,0.2182178497314453,4,,,,,0.639059,
59,932,12.0,15.533333333333333,,0.05612800596281886,0.2182178497314453,4,,,,,0.639059,
60,950,18.0,15.573770491803279,,0.05612800596281886,0.2182178497314453,4,,,,,0.639059,
61,962,12.0,15.516129032258064,,0.05612800596281886,0.2182178497314453,4,,,,,0.639059,
62,993,31.0,15.761904761904763,,0.05612800596281886,0.2182178497314453,4,,,,,0.639059,
63,1009,16.0,15.765625,,0.05612800596281886,0.2182178497314453,4,,,,,0.639059,
64,1039,30.0,15.984615384615385,,0.05225317813456058,0.26888537406921387,5,,,,,0.644599,
65,1049,10.0,15.893939393939394,,0.05225317813456058,0.26888537406921387,5,,,,,0.644599,
66,1070,21.0,15.970149253731343,,0.05225317813456058,0.26888537406921387,5,,,,,0.644599,
67,1087,17.0,15.985294117647058,,0.05225317813456058,0.26888537406921387,5,,,,,0.644599,
68,1111,24.0,16.10144927536232,,0.05225317813456058,0.26888537406921387,5,,,,,0.644599,
69,1124,13.0,16.057142857142857,,0.05225317813456058,0.26888537406921387,5,,,,,0.644599,
70,1147,23.0,16.154929577464788,,0.05225317813456058,0.26888537406921387,5,,,,,0.644599,
71,1164,17.0,16.166666666666668,,0.05225317813456058,0.26888537406921387,5,,,,,0.644599,
72,1188,24.0,16.273972602739725,,0.05225317813456058,0.26888537406921387,5,,,,,0.644599,
73,1199,11.0,16.2027027027027,,0.05225317813456058,0.26888537406921387,5,,,,,0.644599,
74,1214,15.0,16.186666666666667,,0.05225317813456058,0.26888537406921387,5,,,,,0.644599,
75,1230,16.0,16.18421052631579,,0.05225317813456058,0.26888537406921387,5,,,,,0.644599,
76,1258,28.0,16.337662337662337,,0.05225317813456058,0.26888537406921387,5,,,,,0.644599,
77,1277,19.0,16.371794871794872,,0.05225317813456058,0.26888537406921387,5,,,,,0.644599,
78,1292,15.0,16.354430379746834,,0.05225317813456058,0.26888537406921387,5,,,,,0.644599,
79,1312,20.0,16.4,,0.05225317813456058,0.26888537406921387,5,,,,,0.644599,
80,1329,17.0,16.40740740740741,,0.04808236720661322,0.31188297271728516,6,,,,,0.657448,
81,1338,9.0,16.317073170731707,,0.04808236720661322,0.31188297271728516,6,,,,,0.657448,
82,1354,16.0,16.313253012048193,,0.04808236720661322,0.31188297271728516,6,,,,,0.657448,
83,1363,9.0,16.226190476190474,,0.04808236720661322,0.31188297271728516,6,,,,,0.657448,
84,1375,12.0,16.176470588235293,,0.04808236720661322,0.31188297271728516,6,,,,,0.657448,
85,1387,12.0,16.127906976744185,,0.04808236720661322,0.31188297271728516,6,,,,,0.657448,
86,1402,15.0,16.114942528735632,,0.04808236720661322,0.31188297271728516,6,,,,,0.657448,
87,1415,13.0,16.079545454545453,,0.04808236720661322,0.31188297271728516,6,,,,,0.657448,
88,1429,14.0,16.0561797752809,,0.04808236720661322,0.3128809928894043,6,,,,,0.657448,
89,1451,22.0,16.122222222222224,,0.04808236720661322,0.3128809928894043,6,,,,,0.657448,
90,1474,23.0,16.197802197802197,,0.04808236720661322,0.3128809928894043,6,,,,,0.657448,
91,1485,11.0,16.141304347826086,,0.04808236720661322,0.3128809928894043,6,,,,,0.657448,
92,1517,32.0,16.311827956989248,,0.04808236720661322,0.3128809928894043,6,,,,,0.657448,
93,1544,27.0,16.425531914893618,,0.04808236720661322,0.3128809928894043,6,,,,,0.657448,
94,1560,16.0,16.42105263157895,,0.04808236720661322,0.3128809928894043,6,,,,,0.657448,
95,1575,15.0,16.40625,,0.04808236720661322,0.3128809928894043,6,,,,,0.657448,
96,1592,17.0,16.412371134020617,,0.0461606074656759,0.41150760650634766,7,,,,,0.653852,
97,1611,19.0,16.43877551020408,,0.0461606074656759,0.41150760650634766,7,,,,,0.653852,
98,1624,13.0,16.404040404040405,,0.0461606074656759,0.41150760650634766,7,,,,,0.653852,
99,1650,26.0,16.5,,0.0461606074656759,0.41150760650634766,7,,,9.2,0.7483314773547882,0.653852,
100,1684,34.0,16.67,,0.0461606074656759,0.41150760650634766,7,,,,,0.653852,
101,1743,59.0,17.16,,0.0461606074656759,0.41150760650634766,7,,,,,0.653852,
102,1758,15.0,17.18,,0.0461606074656759,0.41150760650634766,7,,,,,0.653852,
103,1772,14.0,17.21,,0.0461606074656759,0.41150760650634766,7,,,,,0.653852,
104,1791,19.0,17.08,,0.0461606074656759,0.41150760650634766,7,,,,,0.653852,
105,1803,12.0,17.04,,0.0461606074656759,0.41150760650634766,7,,,,,0.653852,
106,1851,48.0,17.37,,0.0461606074656759,0.41150760650634766,7,,,,,0.653852,
107,1868,17.0,17.43,,0.0461606074656759,0.41150760650634766,7,,,,,0.653852,
108,1924,56.0,17.87,,0.0461606074656759,0.41150760650634766,7,,,,,0.653852,
109,1939,15.0,17.88,,0.0461606074656759,0.41150760650634766,7,,,,,0.653852,
110,1961,22.0,17.91,,0.0461606074656759,0.41150760650634766,7,,,,,0.653852,
111,1971,10.0,17.9,,0.0461606074656759,0.41150760650634766,7,,,,,0.653852,
112,2001,30.0,18.11,,0.04246798041276634,0.4895036220550537,8,,,,,0.659838,
113,2015,14.0,18.13,,0.04246798041276634,0.4895036220550537,8,,,,,0.659838,
114,2031,16.0,18.11,,0.04246798041276634,0.4895036220550537,8,,,,,0.659838,
115,2053,22.0,18.06,,0.04246798041276634,0.4895036220550537,8,,,,,0.659838,
116,2079,26.0,18.21,,0.04246798041276634,0.4895036220550537,8,,,,,0.659838,
117,2100,21.0,18.31,,0.04246798041276634,0.4895036220550537,8,,,,,0.659838,
118,2117,17.0,18.36,,0.04246798041276634,0.49050188064575195,8,,,,,0.659838,
119,2181,64.0,18.62,,0.04246798041276634,0.49050188064575195,8,,,,,0.659838,
120,2190,9.0,18.53,,0.04246798041276634,0.49050188064575195,8,,,,,0.659838,
121,2215,25.0,18.68,,0.04246798041276634,0.49050188064575195,8,,,,,0.659838,
122,2242,27.0,18.81,,0.04246798041276634,0.49050188064575195,8,,,,,0.659838,
123,2259,17.0,18.88,,0.04246798041276634,0.49050188064575195,8,,,,,0.659838,
124,2276,17.0,18.94,,0.04246798041276634,0.49050188064575195,8,,,,,0.659838,
125,2287,11.0,18.91,,0.04246798041276634,0.49050188064575195,8,,,,,0.659838,
126,2312,25.0,19.03,,0.04246798041276634,0.49050188064575195,8,,,,,0.659838,
127,2327,15.0,18.92,,0.04246798041276634,0.49050188064575195,8,,,,,0.659838,
128,2341,14.0,18.92,,0.0388502072956827,0.5550446510314941,9,,,,,0.670477,
129,2369,28.0,19.0,,0.0388502072956827,0.5560507774353027,9,,,,,0.670477,
130,2387,18.0,18.86,,0.0388502072956827,0.5560507774353027,9,,,,,0.670477,
131,2400,13.0,18.85,,0.0388502072956827,0.5560507774353027,9,,,,,0.670477,
132,2415,15.0,18.9,,0.0388502072956827,0.5560507774353027,9,,,,,0.670477,
133,2428,13.0,18.89,,0.0388502072956827,0.5560507774353027,9,,,,,0.670477,
134,2446,18.0,18.98,,0.0388502072956827,0.5560507774353027,9,,,,,0.670477,
135,2458,12.0,19.01,,0.0388502072956827,0.5560507774353027,9,,,,,0.670477,
136,2494,36.0,19.22,,0.0388502072956827,0.5560507774353027,9,,,,,0.670477,
137,2511,17.0,19.29,,0.0388502072956827,0.5560507774353027,9,,,,,0.670477,
138,2540,29.0,19.38,,0.0388502072956827,0.5560507774353027,9,,,,,0.670477,
139,2554,14.0,19.36,,0.0388502072956827,0.5560507774353027,9,,,,,0.670477,
140,2572,18.0,19.31,,0.0388502072956827,0.5560507774353027,9,,,,,0.670477,
141,2599,27.0,19.47,,0.0388502072956827,0.5560507774353027,9,,,,,0.670477,
142,2620,21.0,19.56,,0.0388502072956827,0.5560507774353027,9,,,,,0.670477,
143,2666,46.0,19.92,,0.0388502072956827,0.5560507774353027,9,,,,,0.670477,
144,2695,29.0,20.06,,0.03515287083573639,0.6325640678405762,10,,,,,0.671139,
145,2716,21.0,20.13,,0.03515287083573639,0.6325640678405762,10,,,,,0.671139,
146,2735,19.0,20.12,,0.03515287083573639,0.6325640678405762,10,,,,,0.671139,
147,2748,13.0,20.12,,0.03515287083573639,0.6325640678405762,10,,,,,0.671139,
148,2764,16.0,20.16,,0.03515287083573639,0.6325640678405762,10,,,,,0.671139,
149,2790,26.0,20.31,,0.03515287083573639,0.6325640678405762,10,,,9.2,0.7483314773547882,0.671139,
150,2825,35.0,20.44,,0.03515287083573639,0.6325640678405762,10,,,,,0.671139,
151,2839,14.0,20.45,,0.03515287083573639,0.6325640678405762,10,,,,,0.671139,
152,2851,12.0,20.31,,0.03515287083573639,0.6325640678405762,10,,,,,0.671139,
153,2875,24.0,20.34,,0.03515287083573639,0.6325640678405762,10,,,,,0.671139,
154,2897,22.0,20.38,,0.03515287083573639,0.6325640678405762,10,,,,,0.671139,
155,2954,57.0,20.81,,0.03515287083573639,0.6325640678405762,10,,,,,0.671139,
156,2998,44.0,21.15,,0.03515287083573639,0.6325640678405762,10,,,,,0.671139,
157,3012,14.0,21.17,,0.03515287083573639,0.6325640678405762,10,,,,,0.671139,
158,3030,18.0,21.1,,0.03515287083573639,0.6325640678405762,10,,,,,0.671139,
159,3060,30.0,21.28,,0.03515287083573639,0.6325640678405762,10,,,,,0.671139,
160,3073,13.0,21.23,,0.03316736699674617,0.7608304023742676,11,,,,,0.670381,
161,3090,17.0,21.28,,0.03316736699674617,0.7608304023742676,11,,,,,0.670381,
162,3134,44.0,21.41,,0.03316736699674617,0.7608304023742676,11,,,,,0.670381,
163,3196,62.0,21.87,,0.03316736699674617,0.7608304023742676,11,,,,,0.670381,
164,3207,11.0,21.68,,0.03316736699674617,0.7608304023742676,11,,,,,0.670381,
165,3220,13.0,21.71,,0.03316736699674617,0.7608304023742676,11,,,,,0.670381,
166,3251,31.0,21.81,,0.03316736699674617,0.7608304023742676,11,,,,,0.670381,
167,3298,47.0,22.11,,0.03316736699674617,0.7608304023742676,11,,,,,0.670381,
168,3318,20.0,22.07,,0.03316736699674617,0.7608304023742676,11,,,,,0.670381,
169,3343,25.0,22.19,,0.03316736699674617,0.7608304023742676,11,,,,,0.670381,
170,3373,30.0,22.26,,0.03316736699674617,0.7608304023742676,11,,,,,0.670381,
171,3398,25.0,22.34,,0.03316736699674617,0.7608304023742676,11,,,,,0.670381,
172,3412,14.0,22.24,,0.03316736699674617,0.7608304023742676,11,,,,,0.670381,
173,3426,14.0,22.27,,0.03316736699674617,0.7608304023742676,11,,,,,0.670381,
174,3440,14.0,22.26,,0.03316736699674617,0.7608304023742676,11,,,,,0.670381,
175,3459,19.0,22.29,,0.03316736699674617,0.7608304023742676,11,,,,,0.670381,
176,3506,47.0,22.48,,0.03052765680088972,0.8363854885101318,12,,,,,0.675323,
177,3531,25.0,22.54,,0.03052765680088972,0.8363854885101318,12,,,,,0.675323,
178,3569,38.0,22.77,,0.03052765680088972,0.8363854885101318,12,,,,,0.675323,
179,3620,51.0,23.08,,0.03052765680088972,0.8373894691467285,12,,,,,0.675323,
180,3648,28.0,23.19,,0.03052765680088972,0.8373894691467285,12,,,,,0.675323,
181,3661,13.0,23.23,,0.03052765680088972,0.8373894691467285,12,,,,,0.675323,
182,3678,17.0,23.24,,0.03052765680088972,0.8373894691467285,12,,,,,0.675323,
183,3694,16.0,23.31,,0.03052765680088972,0.8373894691467285,12,,,,,0.675323,
184,3718,24.0,23.43,,0.03052765680088972,0.8373894691467285,12,,,,,0.675323,
185,3750,32.0,23.63,,0.03052765680088972,0.8373894691467285,12,,,,,0.675323,
186,3771,21.0,23.69,,0.03052765680088972,0.8373894691467285,12,,,,,0.675323,
187,3793,22.0,23.78,,0.03052765680088972,0.8373894691467285,12,,,,,0.675323,
188,3818,25.0,23.89,,0.03052765680088972,0.8373894691467285,12,,,,,0.675323,
189,3834,16.0,23.83,,0.03052765680088972,0.8373894691467285,12,,,,,0.675323,
190,3847,13.0,23.73,,0.03052765680088972,0.8373894691467285,12,,,,,0.675323,
191,3872,25.0,23.87,,0.03052765680088972,0.8373894691467285,12,,,,,0.675323,
192,3890,18.0,23.73,,0.028082304786389265,0.9023439884185791,13,,,,,0.679973,
193,3900,10.0,23.56,,0.028082304786389265,0.9023439884185791,13,,,,,0.679973,
194,3909,9.0,23.49,,0.028082304786389265,0.9023439884185791,13,,,,,0.679973,
195,3924,15.0,23.49,,0.028082304786389265,0.9023439884185791,13,,,,,0.679973,
196,3943,19.0,23.51,,0.028082304786389265,0.9023439884185791,13,,,,,0.679973,
197,3973,30.0,23.62,,0.028082304786389265,0.9023439884185791,13,,,,,0.679973,
198,3989,16.0,23.65,,0.028082304786389265,0.9023439884185791,13,,,,,0.679973,
199,4007,18.0,23.57,,0.028082304786389265,0.9023439884185791,13,,,23.6,1.2,0.679973,
200,4026,19.0,23.42,,0.028082304786389265,0.9023439884185791,13,,,,,0.679973,
201,4058,32.0,23.15,,0.028082304786389265,0.9023439884185791,13,,,,,0.679973,
202,4074,16.0,23.16,,0.028082304786389265,0.9023439884185791,13,,,,,0.679973,
203,4086,12.0,23.14,,0.028082304786389265,0.9023439884185791,13,,,,,0.679973,
204,4100,14.0,23.09,,0.028082304786389265,0.9023439884185791,13,,,,,0.679973,
205,4112,12.0,23.09,,0.028082304786389265,0.9023439884185791,13,,,,,0.679973,
206,4154,42.0,23.03,,0.028082304786389265,0.9023439884185791,13,,,,,0.679973,
207,4167,13.0,22.99,,0.028082304786389265,0.9023439884185791,13,,,,,0.679973,
208,4211,44.0,22.87,,0.026116018769763678,0.9695401191711426,14,,,,,0.678664,
209,4235,24.0,22.96,,0.026116018769763678,0.9695401191711426,14,,,,,0.678664,
210,4255,20.0,22.94,,0.026116018769763678,0.9695401191711426,14,,,,,0.678664,
211,4292,37.0,23.21,,0.026116018769763678,0.9695401191711426,14,,,,,0.678664,
212,4328,36.0,23.27,,0.026116018769763678,0.9695401191711426,14,,,,,0.678664,
213,4340,12.0,23.25,,0.026116018769763678,0.9695401191711426,14,,,,,0.678664,
214,4353,13.0,23.22,,0.026116018769763678,0.9695401191711426,14,,,,,0.678664,
215,4375,22.0,23.22,,0.026116018769763678,0.9695401191711426,14,,,,,0.678664,
216,4390,15.0,23.11,,0.026116018769763678,0.9695401191711426,14,,,,,0.678664,
217,4402,12.0,23.02,,0.026116018769763678,0.9695401191711426,14,,,,,0.678664,
218,4432,30.0,23.15,,0.026116018769763678,0.9695401191711426,14,,,,,0.678664,
219,4447,15.0,22.66,,0.026116018769763678,0.9695401191711426,14,,,,,0.678664,
220,4460,13.0,22.7,,0.026116018769763678,0.9695401191711426,14,,,,,0.678664,
221,4485,25.0,22.7,,0.026116018769763678,0.9695401191711426,14,,,,,0.678664,
222,4514,29.0,22.72,,0.026116018769763678,0.9695401191711426,14,,,,,0.678664,
223,4528,14.0,22.69,,0.026116018769763678,0.9695401191711426,14,,,,,0.678664,
224,4560,32.0,22.84,,0.023748142446856947,1.0495798587799072,15,,,,,0.681429,
225,4584,24.0,22.97,,0.023748142446856947,1.0495798587799072,15,,,,,0.681429,
226,4594,10.0,22.82,,0.023748142446856947,1.0495798587799072,15,,,,,0.681429,
227,4612,18.0,22.85,,0.023748142446856947,1.0495798587799072,15,,,,,0.681429,
228,4629,17.0,22.88,,0.023748142446856947,1.0495798587799072,15,,,,,0.681429,
229,4650,21.0,22.81,,0.023748142446856947,1.0495798587799072,15,,,,,0.681429,
230,4661,11.0,22.74,,0.023748142446856947,1.0495798587799072,15,,,,,0.681429,
231,4675,14.0,22.75,,0.023748142446856947,1.0495798587799072,15,,,,,0.681429,
232,4724,49.0,23.09,,0.023748142446856947,1.0495798587799072,15,,,,,0.681429,
233,4745,21.0,23.17,,0.023748142446856947,1.0495798587799072,15,,,,,0.681429,
234,4760,15.0,23.14,,0.023748142446856947,1.0495798587799072,15,,,,,0.681429,
235,4774,14.0,23.16,,0.023748142446856947,1.0495798587799072,15,,,,,0.681429,
236,4788,14.0,22.94,,0.023748142446856947,1.0505812168121338,15,,,,,0.681429,
237,4817,29.0,23.06,,0.023748142446856947,1.0505812168121338,15,,,,,0.681429,
238,4878,61.0,23.38,,0.023748142446856947,1.0505812168121338,15,,,,,0.681429,
239,4895,17.0,23.41,,0.023748142446856947,1.0505812168121338,15,,,,,0.681429,
240,4913,18.0,23.41,,0.021299570613336982,1.179630994796753,16,,,,,0.683553,
241,4937,24.0,23.38,,0.021299570613336982,1.179630994796753,16,,,,,0.683553,
242,4953,16.0,23.33,,0.021299570613336982,1.179630994796753,16,,,,,0.683553,
243,4968,15.0,23.02,,0.021299570613336982,1.179630994796753,16,,,,,0.683553,
244,5022,54.0,23.27,,0.021299570613336982,1.179630994796753,16,,,,,0.683553,
245,5035,13.0,23.19,,0.021299570613336982,1.179630994796753,16,,,,,0.683553,
246,5060,25.0,23.25,,0.021299570613336982,1.179630994796753,16,,,,,0.683553,
247,5073,13.0,23.25,,0.021299570613336982,1.179630994796753,16,,,,,0.683553,
248,5129,56.0,23.65,,0.021299570613336982,1.179630994796753,16,,,,,0.683553,
249,5149,20.0,23.59,,0.021299570613336982,1.179630994796753,16,,,62.4,2.244994432064365,0.683553,
250,5162,13.0,23.37,,0.021299570613336982,1.179630994796753,16,,,,,0.683553,
251,5177,15.0,23.38,,0.021299570613336982,1.179630994796753,16,,,,,0.683553,
252,5226,49.0,23.75,,0.021299570613336982,1.179630994796753,16,,,,,0.683553,
253,5237,11.0,23.62,,0.021299570613336982,1.179630994796753,16,,,,,0.683553,
254,5277,40.0,23.8,,0.021299570613336982,1.1806325912475586,16,,,,,0.683553,
255,5294,17.0,23.4,,0.021299570613336982,1.1806325912475586,16,,,,,0.683553,
256,5315,21.0,23.17,,0.019537633274654475,1.3408284187316895,17,,,,,0.683417,
257,5338,23.0,23.26,,0.019537633274654475,1.3408284187316895,17,,,,,0.683417,
258,5355,17.0,23.25,,0.019537633274654475,1.3408284187316895,17,,,,,0.683417,
259,5392,37.0,23.32,,0.019537633274654475,1.3408284187316895,17,,,,,0.683417,
260,5409,17.0,23.36,,0.019537633274654475,1.3408284187316895,17,,,,,0.683417,
261,5422,13.0,23.32,,0.019537633274654475,1.3408284187316895,17,,,,,0.683417,
262,5440,18.0,23.06,,0.019537633274654475,1.3408284187316895,17,,,,,0.683417,
263,5526,86.0,23.3,,0.019537633274654475,1.3408284187316895,17,,,,,0.683417,
264,5558,32.0,23.51,,0.019537633274654475,1.3408284187316895,17,,,,,0.683417,
265,5570,12.0,23.5,,0.019537633274654475,1.3408284187316895,17,,,,,0.683417,
266,5603,33.0,23.52,,0.019537633274654475,1.3408284187316895,17,,,,,0.683417,
267,5629,26.0,23.31,,0.019537633274654475,1.3408284187316895,17,,,,,0.683417,
268,5652,23.0,23.34,,0.019537633274654475,1.3408284187316895,17,,,,,0.683417,
269,5747,95.0,24.04,,0.019537633274654475,1.3408284187316895,17,,,,,0.683417,
270,5781,34.0,24.08,,0.019537633274654475,1.3408284187316895,17,,,,,0.683417,
271,5812,31.0,24.14,,0.019537633274654475,1.3408284187316895,17,,,,,0.683417,
272,5839,27.0,24.27,,0.017567015760707565,1.4204108715057373,18,,,,,0.678270,
273,5856,17.0,24.3,,0.017567015760707565,1.4214088916778564,18,,,,,0.678270,
274,5899,43.0,24.59,,0.017567015760707565,1.4214088916778564,18,,,,,0.678270,
275,5911,12.0,24.52,,0.017567015760707565,1.4214088916778564,18,,,,,0.678270,
276,5931,20.0,24.25,,0.017567015760707565,1.4214088916778564,18,,,,,0.678270,
277,5964,33.0,24.33,,0.017567015760707565,1.4214088916778564,18,,,,,0.678270,
278,6002,38.0,24.33,,0.017567015760707565,1.4214088916778564,18,,,,,0.678270,
279,6016,14.0,23.96,,0.017567015760707565,1.4214088916778564,18,,,,,0.678270,
280,6044,28.0,23.96,,0.017567015760707565,1.4214088916778564,18,,,,,0.678270,
281,6071,27.0,24.1,,0.017567015760707565,1.4214088916778564,18,,,,,0.678270,
282,6114,43.0,24.36,,0.017567015760707565,1.4214088916778564,18,,,,,0.678270,
283,6126,12.0,24.32,,0.017567015760707565,1.4214088916778564,18,,,,,0.678270,
284,6141,15.0,24.23,,0.017567015760707565,1.4214088916778564,18,,,,,0.678270,
285,6176,35.0,24.26,,0.017567015760707565,1.4214088916778564,18,,,,,0.678270,
286,6228,52.0,24.57,,0.017567015760707565,1.4214088916778564,18,,,,,0.678270,
287,6251,23.0,24.58,,0.017567015760707565,1.4214088916778564,18,,,,,0.678270,
288,6300,49.0,24.82,,0.015573262276838681,1.517810583114624,19,,,,,0.675481,
289,6310,10.0,24.76,,0.015573262276838681,1.5188214778900146,19,,,,,0.675481,
290,6336,26.0,24.89,,0.015573262276838681,1.5188214778900146,19,,,,,0.675481,
291,6355,19.0,24.83,,0.015573262276838681,1.5188214778900146,19,,,,,0.675481,
292,6379,24.0,24.89,,0.015573262276838681,1.5188214778900146,19,,,,,0.675481,
293,6438,59.0,25.38,,0.015573262276838681,1.5188214778900146,19,,,,,0.675481,
294,6475,37.0,25.66,,0.015573262276838681,1.5188214778900146,19,,,,,0.675481,
295,6496,21.0,25.72,,0.015573262276838681,1.5188214778900146,19,,,,,0.675481,
296,6553,57.0,26.1,,0.015573262276838681,1.5188214778900146,19,,,,,0.675481,
297,6572,19.0,25.99,,0.015573262276838681,1.5188214778900146,19,,,,,0.675481,
298,6598,26.0,26.09,,0.015573262276838681,1.5188214778900146,19,,,,,0.675481,
299,6631,33.0,26.24,,0.015573262276838681,1.5188214778900146,19,,,115.4,6.8,0.675481,
300,6655,24.0,26.29,,0.015573262276838681,1.5188214778900146,19,,,,,0.675481,
301,6679,24.0,26.21,,0.015573262276838681,1.5188214778900146,19,,,,,0.675481,
302,6712,33.0,26.38,,0.015573262276838681,1.5188214778900146,19,,,,,0.675481,
303,6750,38.0,26.64,,0.015573262276838681,1.5188214778900146,19,,,,,0.675481,
304,6802,52.0,27.02,,0.014055813793675043,1.676703691482544,20,,,,,0.677060,
305,6849,47.0,27.37,,0.014055813793675043,1.676703691482544,20,,,,,0.677060,
306,6891,42.0,27.37,,0.014055813793675043,1.676703691482544,20,,,,,0.677060,
307,6928,37.0,27.61,,0.014055813793675043,1.676703691482544,20,,,,,0.677060,
308,6963,35.0,27.52,,0.014055813793675043,1.676703691482544,20,,,,,0.677060,
309,7052,89.0,28.17,,0.014055813793675043,1.676703691482544,20,,,,,0.677060,
310,7114,62.0,28.59,,0.014055813793675043,1.676703691482544,20,,,,,0.677060,
311,7172,58.0,28.8,,0.014055813793675043,1.676703691482544,20,,,,,0.677060,
312,7242,70.0,29.14,,0.014055813793675043,1.676703691482544,20,,,,,0.677060,
313,7264,22.0,29.24,,0.014055813793675043,1.676703691482544,20,,,,,0.677060,
314,7309,45.0,29.56,,0.014055813793675043,1.676703691482544,20,,,,,0.677060,
315,7420,111.0,30.45,,0.014055813793675043,1.676703691482544,20,,,,,0.677060,
316,7436,16.0,30.46,,0.014055813793675043,1.676703691482544,20,,,,,0.677060,
317,7472,36.0,30.7,,0.014055813793675043,1.676703691482544,20,,,,,0.677060,
318,7492,20.0,30.6,,0.014055813793675043,1.676703691482544,20,,,,,0.677060,
319,7530,38.0,30.83,,0.014055813793675043,1.676703691482544,20,,,,,0.677060,
320,7621,91.0,31.61,,0.011949372114724525,1.7875583171844482,21,,,,,0.673624,
321,7711,90.0,32.26,,0.011949372114724525,1.7885322570800781,21,,,,,0.673624,
322,7731,20.0,32.17,,0.011949372114724525,1.7885322570800781,21,,,,,0.673624,
323,7824,93.0,32.96,,0.011949372114724525,1.7885322570800781,21,,,,,0.673624,
324,7845,21.0,32.85,,0.011949372114724525,1.7885322570800781,21,,,,,0.673624,
325,7878,33.0,32.94,,0.011949372114724525,1.7885322570800781,21,,,,,0.673624,
326,7926,48.0,33.32,,0.011949372114724525,1.7885322570800781,21,,,,,0.673624,
327,8011,85.0,33.99,,0.011949372114724525,1.7885322570800781,21,,,,,0.673624,
328,8055,44.0,34.26,,0.011949372114724525,1.7885322570800781,21,,,,,0.673624,
329,8067,12.0,34.17,,0.011949372114724525,1.7885322570800781,21,,,,,0.673624,
330,8088,21.0,34.27,,0.011949372114724525,1.7885322570800781,21,,,,,0.673624,
331,8104,16.0,34.29,,0.011949372114724525,1.7885322570800781,21,,,,,0.673624,
332,8123,19.0,33.99,,0.011949372114724525,1.7885322570800781,21,,,,,0.673624,
333,8155,32.0,34.1,,0.011949372114724525,1.7885322570800781,21,,,,,0.673624,
334,8176,21.0,34.16,,0.011949372114724525,1.7885322570800781,21,,,,,0.673624,
335,8218,42.0,34.44,,0.011949372114724525,1.7885322570800781,21,,,,,0.673624,
336,8246,28.0,34.58,,0.009040687436936423,1.8817834854125977,22,,,,,0.666564,
337,8296,50.0,34.79,,0.009040687436936423,1.8817834854125977,22,,,,,0.666564,
338,8325,29.0,34.47,,0.009040687436936423,1.8817834854125977,22,,,,,0.666564,
339,8345,20.0,34.5,,0.009040687436936423,1.8817834854125977,22,,,,,0.666564,
340,8375,30.0,34.62,,0.009040687436936423,1.8817834854125977,22,,,,,0.666564,
341,8392,17.0,34.55,,0.009040687436936423,1.8817834854125977,22,,,,,0.666564,
342,8413,21.0,34.6,,0.009040687436936423,1.8817834854125977,22,,,,,0.666564,
343,8432,19.0,34.64,,0.009040687436936423,1.8817834854125977,22,,,,,0.666564,
344,8446,14.0,34.24,,0.009040687436936423,1.8817834854125977,22,,,,,0.666564,
345,8478,32.0,34.43,,0.009040687436936423,1.8817834854125977,22,,,,,0.666564,
346,8491,13.0,34.31,,0.009040687436936423,1.8817834854125977,22,,,,,0.666564,
347,8560,69.0,34.87,,0.009040687436936423,1.8817834854125977,22,,,,,0.666564,
348,8580,20.0,34.51,,0.009040687436936423,1.8817834854125977,22,,,,,0.666564,
349,8601,21.0,34.52,,0.009040687436936423,1.8817834854125977,22,,,428.2,143.6,0.666564,
350,8624,23.0,34.62,,0.009040687436936423,1.8817834854125977,22,,,,,0.666564,
351,8665,41.0,34.88,,0.009040687436936423,1.8817834854125977,22,,,,,0.666564,
352,8843,178.0,36.17,,0.007468091680810017,2.101114511489868,23,,,,,0.666662,
353,8879,36.0,36.42,,0.007468091680810017,2.101114511489868,23,,,,,0.666662,
354,8956,77.0,36.79,,0.007468091680810017,2.101114511489868,23,,,,,0.666662,
355,8980,24.0,36.86,,0.007468091680810017,2.1021134853363037,23,,,,,0.666662,
356,9010,30.0,36.95,,0.007468091680810017,2.1021134853363037,23,,,,,0.666662,
357,9073,63.0,37.35,,0.007468091680810017,2.1021134853363037,23,,,,,0.666662,
358,9118,45.0,37.63,,0.007468091680810017,2.1021134853363037,23,,,,,0.666662,
359,9139,21.0,37.47,,0.007468091680810017,2.1021134853363037,23,,,,,0.666662,
360,9162,23.0,37.53,,0.007468091680810017,2.1021134853363037,23,,,,,0.666662,
361,9174,12.0,37.52,,0.007468091680810017,2.1021134853363037,23,,,,,0.666662,
362,9191,17.0,37.51,,0.007468091680810017,2.1021134853363037,23,,,,,0.666662,
363,9205,14.0,36.79,,0.007468091680810017,2.1021134853363037,23,,,,,0.666662,
364,9235,30.0,36.77,,0.007468091680810017,2.1021134853363037,23,,,,,0.666662,
365,9321,86.0,37.51,,0.007468091680810017,2.1021134853363037,23,,,,,0.666662,
366,9423,102.0,38.2,,0.007468091680810017,2.1021134853363037,23,,,,,0.666662,
367,9457,34.0,38.28,,0.007468091680810017,2.1021134853363037,23,,,,,0.666662,
368,9485,28.0,38.33,,0.0063276126675191335,2.2863688468933105,24,,,,,0.664253,
369,9522,37.0,37.75,,0.0063276126675191335,2.2863688468933105,24,,,,,0.664253,
370,9627,105.0,38.46,,0.0063276126675191335,2.2863688468933105,24,,,,,0.664253,
371,9643,16.0,38.31,,0.0063276126675191335,2.2863688468933105,24,,,,,0.664253,
372,9760,117.0,39.21,,0.0063276126675191335,2.2863688468933105,24,,,,,0.664253,
373,9782,22.0,39.26,,0.0063276126675191335,2.2863688468933105,24,,,,,0.664253,
374,9795,13.0,38.96,,0.0063276126675191335,2.2863688468933105,24,,,,,0.664253,
375,9833,38.0,39.22,,0.0063276126675191335,2.2863688468933105,24,,,,,0.664253,
376,9867,34.0,39.36,,0.0063276126675191335,2.2863688468933105,24,,,,,0.664253,
377,9905,38.0,39.41,,0.0063276126675191335,2.2863688468933105,24,,,,,0.664253,
378,10004,99.0,40.02,,0.0063276126675191335,2.2863688468933105,24,,,,,0.664253,
379,10118,114.0,41.02,,0.0063276126675191335,2.2863688468933105,24,,,,,0.664253,
380,10185,67.0,41.41,,0.0063276126675191335,2.2863688468933105,24,,,,,0.664253,
381,10203,18.0,41.32,,0.0063276126675191335,2.2863688468933105,24,,,,,0.664253,
382,10217,14.0,41.03,,0.0063276126675191335,2.2863688468933105,24,,,,,0.664253,
383,10237,20.0,41.11,,0.0063276126675191335,2.2863688468933105,24,,,,,0.664253,
384,10290,53.0,41.49,,0.0056278347154147925,2.440990686416626,25,,,,,0.662589,
385,10354,64.0,41.78,,0.0056278347154147925,2.4419901371002197,25,,,,,0.662589,
386,10371,17.0,41.43,,0.0056278347154147925,2.4419901371002197,25,,,,,0.662589,
387,10445,74.0,41.94,,0.0056278347154147925,2.4419901371002197,25,,,,,0.662589,
388,10466,21.0,41.66,,0.0056278347154147925,2.4419901371002197,25,,,,,0.662589,
389,10548,82.0,42.38,,0.0056278347154147925,2.4419901371002197,25,,,,,0.662589,
390,10595,47.0,42.59,,0.0056278347154147925,2.4419901371002197,25,,,,,0.662589,
391,10618,23.0,42.63,,0.0056278347154147925,2.4419901371002197,25,,,,,0.662589,
392,10646,28.0,42.67,,0.0056278347154147925,2.4419901371002197,25,,,,,0.662589,
393,10677,31.0,42.39,,0.0056278347154147925,2.4419901371002197,25,,,,,0.662589,
394,10707,30.0,42.32,,0.0056278347154147925,2.4419901371002197,25,,,,,0.662589,
395,10741,34.0,42.45,,0.0056278347154147925,2.4419901371002197,25,,,,,0.662589,
396,10802,61.0,42.49,,0.0056278347154147925,2.4419901371002197,25,,,,,0.662589,
397,10917,115.0,43.45,,0.0056278347154147925,2.4419901371002197,25,,,,,0.662589,
398,10952,35.0,43.54,,0.0056278347154147925,2.4419901371002197,25,,,,,0.662589,
399,11047,95.0,44.16,,0.0056278347154147925,2.4419901371002197,25,,,194.6,27.25876005984131,0.662589,
400,11061,14.0,44.06,,0.00410117072169669,2.631574869155884,26,,,,,0.657004,
401,11086,25.0,44.07,,0.00410117072169669,2.631574869155884,26,,,,,0.657004,
402,11156,70.0,44.44,,0.00410117072169669,2.631574869155884,26,,,,,0.657004,
403,11301,145.0,45.51,,0.00410117072169669,2.631574869155884,26,,,,,0.657004,
404,11322,21.0,45.2,,0.00410117072169669,2.631574869155884,26,,,,,0.657004,
405,11396,74.0,45.47,,0.00410117072169669,2.631574869155884,26,,,,,0.657004,
406,11436,40.0,45.45,,0.00410117072169669,2.631574869155884,26,,,,,0.657004,
407,11492,56.0,45.64,,0.00410117072169669,2.631574869155884,26,,,,,0.657004,
408,11539,47.0,45.76,,0.00410117072169669,2.631574869155884,26,,,,,0.657004,
409,11593,54.0,45.41,,0.00410117072169669,2.631574869155884,26,,,,,0.657004,
410,11614,21.0,45.0,,0.00410117072169669,2.631574869155884,26,,,,,0.657004,
411,11697,83.0,45.25,,0.00410117072169669,2.631574869155884,26,,,,,0.657004,
412,11758,61.0,45.16,,0.00410117072169669,2.631574869155884,26,,,,,0.657004,
413,11819,61.0,45.55,,0.00410117072169669,2.631574869155884,26,,,,,0.657004,
414,11883,64.0,45.74,,0.00410117072169669,2.631574869155884,26,,,,,0.657004,
415,11910,27.0,44.9,,0.00410117072169669,2.631574869155884,26,,,,,0.657004,
416,11986,76.0,45.5,,0.003080106161414059,2.7975974082946777,27,,,,,0.652645,
417,11997,11.0,45.25,,0.003080106161414059,2.7975974082946777,27,,,,,0.652645,
418,12050,53.0,45.58,,0.003080106161414059,2.7975974082946777,27,,,,,0.652645,
419,12108,58.0,45.78,,0.003080106161414059,2.7975974082946777,27,,,,,0.652645,
420,12126,18.0,45.05,,0.003080106161414059,2.7975974082946777,27,,,,,0.652645,
421,12153,27.0,44.42,,0.003080106161414059,2.7975974082946777,27,,,,,0.652645,
422,12177,24.0,44.46,,0.003080106161414059,2.7975974082946777,27,,,,,0.652645,
423,12239,62.0,44.15,,0.003080106161414059,2.7975974082946777,27,,,,,0.652645,
424,12270,31.0,44.25,,0.003080106161414059,2.7975974082946777,27,,,,,0.652645,
425,12377,107.0,44.99,,0.003080106161414059,2.7975974082946777,27,,,,,0.652645,
426,12392,15.0,44.66,,0.003080106161414059,2.7975974082946777,27,,,,,0.652645,
427,12466,74.0,44.55,,0.003080106161414059,2.7975974082946777,27,,,,,0.652645,
428,12533,67.0,44.78,,0.003080106161414059,2.7975974082946777,27,,,,,0.652645,
429,12665,132.0,45.98,,0.003080106161414059,2.7975974082946777,27,,,,,0.652645,
430,12754,89.0,46.66,,0.003080106161414059,2.7975974082946777,27,,,,,0.652645,
431,12811,57.0,47.07,,0.003080106161414059,2.7975974082946777,27,,,,,0.652645,
432,12937,126.0,48.14,,0.0023406015513631117,3.047257423400879,28,,,,,0.643703,
433,12968,31.0,48.13,,0.0023406015513631117,3.0482475757598877,28,,,,,0.643703,
434,12990,22.0,48.14,,0.0023406015513631117,3.0482475757598877,28,,,,,0.643703,
435,13068,78.0,48.5,,0.0023406015513631117,3.0482475757598877,28,,,,,0.643703,
436,13084,16.0,48.38,,0.0023406015513631117,3.0482475757598877,28,,,,,0.643703,
437,13128,44.0,48.32,,0.0023406015513631117,3.0482475757598877,28,,,,,0.643703,
438,13186,58.0,48.61,,0.0023406015513631117,3.0482475757598877,28,,,,,0.643703,
439,13240,54.0,48.95,,0.0023406015513631117,3.0482475757598877,28,,,,,0.643703,
440,13284,44.0,49.09,,0.0023406015513631117,3.0482475757598877,28,,,,,0.643703,
441,13314,30.0,49.22,,0.0023406015513631117,3.0482475757598877,28,,,,,0.643703,
442,13398,84.0,49.85,,0.0023406015513631117,3.0482475757598877,28,,,,,0.643703,
443,13456,58.0,50.24,,0.0023406015513631117,3.0482475757598877,28,,,,,0.643703,
444,13491,35.0,50.45,,0.0023406015513631117,3.0482475757598877,28,,,,,0.643703,
445,13536,45.0,50.58,,0.0023406015513631117,3.0482475757598877,28,,,,,0.643703,
446,13713,177.0,52.22,,0.0023406015513631117,3.0482475757598877,28,,,,,0.643703,
447,13732,19.0,51.72,,0.0023406015513631117,3.0482475757598877,28,,,,,0.643703,
448,13777,45.0,51.97,,0.0020102671255229107,3.219874858856201,29,,,,,0.648948,
449,13813,36.0,52.12,,0.0020102671255229107,3.219874858856201,29,,,180.6,50.317392619252445,0.648948,
450,13889,76.0,52.65,,0.0020102671255229107,3.219874858856201,29,,,,,0.648948,
451,13956,67.0,52.91,,0.0020102671255229107,3.219874858856201,29,,,,,0.648948,
452,14006,50.0,51.63,,0.0020102671255229107,3.219874858856201,29,,,,,0.648948,
453,14089,83.0,52.1,,0.0020102671255229107,3.2211530208587646,29,,,,,0.648948,
454,14130,41.0,51.74,,0.0020102671255229107,3.2211530208587646,29,,,,,0.648948,
455,14182,52.0,52.02,,0.0020102671255229107,3.2211530208587646,29,,,,,0.648948,
456,14283,101.0,52.73,,0.0020102671255229107,3.2211530208587646,29,,,,,0.648948,
457,14330,47.0,52.57,,0.0020102671255229107,3.2211530208587646,29,,,,,0.648948,
458,14359,29.0,52.41,,0.0020102671255229107,3.2211530208587646,29,,,,,0.648948,
459,14389,30.0,52.5,,0.0020102671255229107,3.2211530208587646,29,,,,,0.648948,
460,14475,86.0,53.13,,0.0020102671255229107,3.2211530208587646,29,,,,,0.648948,
461,14594,119.0,54.2,,0.0020102671255229107,3.2211530208587646,29,,,,,0.648948,
462,14653,59.0,54.62,,0.0020102671255229107,3.2211530208587646,29,,,,,0.648948,
463,14784,131.0,55.79,,0.0020102671255229107,3.2211530208587646,29,,,,,0.648948,
464,14860,76.0,56.25,,0.001328428549459204,3.4613213539123535,30,,,,,0.646288,
465,14917,57.0,55.96,,0.001328428549459204,3.4613213539123535,30,,,,,0.646288,
466,15018,101.0,55.95,,0.001328428549459204,3.4613213539123535,30,,,,,0.646288,
467,15073,55.0,56.16,,0.001328428549459204,3.4613213539123535,30,,,,,0.646288,
468,15121,48.0,56.36,,0.001328428549459204,3.4613213539123535,30,,,,,0.646288,
469,15202,81.0,56.8,,0.001328428549459204,3.462320566177368,30,,,,,0.646288,
470,15340,138.0,57.13,,0.001328428549459204,3.462320566177368,30,,,,,0.646288,
471,15375,35.0,57.32,,0.001328428549459204,3.462320566177368,30,,,,,0.646288,
472,15459,84.0,56.99,,0.001328428549459204,3.462320566177368,30,,,,,0.646288,
473,15610,151.0,58.28,,0.001328428549459204,3.462320566177368,30,,,,,0.646288,
474,15700,90.0,59.05,,0.001328428549459204,3.462320566177368,30,,,,,0.646288,
475,15726,26.0,58.93,,0.001328428549459204,3.462320566177368,30,,,,,0.646288,
476,15895,169.0,60.28,,0.001328428549459204,3.462320566177368,30,,,,,0.646288,
477,15929,34.0,60.24,,0.001328428549459204,3.462320566177368,30,,,,,0.646288,
478,15967,38.0,59.63,,0.001328428549459204,3.462320566177368,30,,,,,0.646288,
479,15983,16.0,58.65,,0.001328428549459204,3.462320566177368,30,,,,,0.646288,
480,16080,97.0,58.95,,0.00038038040398650114,3.6337499618530273,31,,,,,0.639692,
481,16105,25.0,59.02,,0.00038038040398650114,3.6337499618530273,31,,,,,0.639692,
482,16254,149.0,60.37,,0.00038038040398650114,3.6337499618530273,31,,,,,0.639692,
483,16389,135.0,61.52,,0.00038038040398650114,3.6337499618530273,31,,,,,0.639692,
484,16405,16.0,61.15,,0.00038038040398650114,3.6337499618530273,31,,,,,0.639692,
485,16481,76.0,61.27,,0.00038038040398650114,3.634765386581421,31,,,,,0.639692,
486,16504,23.0,61.33,,0.00038038040398650114,3.634765386581421,31,,,,,0.639692,
487,16528,24.0,60.83,,0.00038038040398650114,3.634765386581421,31,,,,,0.639692,
488,16592,64.0,61.26,,0.00038038040398650114,3.634765386581421,31,,,,,0.639692,
489,16654,62.0,61.06,,0.00038038040398650114,3.634765386581421,31,,,,,0.639692,
490,16704,50.0,61.09,,0.00038038040398650114,3.634765386581421,31,,,,,0.639692,
491,16717,13.0,60.99,,0.00038038040398650114,3.634765386581421,31,,,,,0.639692,
492,16754,37.0,61.08,,0.00038038040398650114,3.634765386581421,31,,,,,0.639692,
493,16817,63.0,61.4,,0.00038038040398650114,3.634765386581421,31,,,,,0.639692,
494,16837,20.0,61.3,,0.00038038040398650114,3.634765386581421,31,,,,,0.639692,
495,16877,40.0,61.36,,0.00038038040398650114,3.634765386581421,31,,,,,0.639692,
496,16981,104.0,61.79,,-0.0004156676932325354,3.84932017326355,32,,,,,0.637969,
497,17137,156.0,62.2,,-0.0004156676932325354,3.84932017326355,32,,,,,0.637969,
498,17234,97.0,62.82,,-0.0004156676932325354,3.84932017326355,32,,,,,0.637969,
499,17289,55.0,62.42,,-0.0004156676932325354,3.84932017326355,32,,,225.4,34.56935058689995,0.637969,
500,17387,98.0,63.26,,-0.0004156676932325354,3.84932017326355,32,,,,,0.637969,
501,17452,65.0,63.66,,-0.0004156676932325354,3.84932017326355,32,,,,,0.637969,
502,17518,66.0,63.62,,-0.0004156676932325354,3.84932017326355,32,,,,,0.637969,
503,17625,107.0,63.24,,-0.0004156676932325354,3.84932017326355,32,,,,,0.637969,
504,17736,111.0,64.14,,-0.0004156676932325354,3.84932017326355,32,,,,,0.637969,
505,17824,88.0,64.28,,-0.0004156676932325354,3.8503258228302,32,,,,,0.637969,
506,17857,33.0,64.21,,-0.0004156676932325354,3.8503258228302,32,,,,,0.637969,
507,17892,35.0,64.0,,-0.0004156676932325354,3.8503258228302,32,,,,,0.637969,
508,17957,65.0,64.18,,-0.0004156676932325354,3.8503258228302,32,,,,,0.637969,
509,18050,93.0,64.57,,-0.0004156676932325354,3.8503258228302,32,,,,,0.637969,
510,18091,41.0,64.77,,-0.0004156676932325354,3.8503258228302,32,,,,,0.637969,
511,18123,32.0,64.26,,-0.0004156676932325354,3.8503258228302,32,,,,,0.637969,
512,18273,150.0,65.15,,-0.0006102099220945754,4.097035646438599,33,,,,,0.635481,
513,18375,102.0,65.56,,-0.0006102099220945754,4.097035646438599,33,,,,,0.635481,
514,18449,74.0,65.66,,-0.0006102099220945754,4.098022699356079,33,,,,,0.635481,
515,18546,97.0,66.36,,-0.0006102099220945754,4.098022699356079,33,,,,,0.635481,
516,18719,173.0,67.33,,-0.0006102099220945754,4.098022699356079,33,,,,,0.635481,
517,18813,94.0,68.16,,-0.0006102099220945754,4.098022699356079,33,,,,,0.635481,
518,18862,49.0,68.12,,-0.0006102099220945754,4.098022699356079,33,,,,,0.635481,
519,18982,120.0,68.74,,-0.0006102099220945754,4.098022699356079,33,,,,,0.635481,
520,19021,39.0,68.95,,-0.0006102099220945754,4.098022699356079,33,,,,,0.635481,
521,19074,53.0,69.21,,-0.0006102099220945754,4.098022699356079,33,,,,,0.635481,
522,19196,122.0,70.19,,-0.0006102099220945754,4.098022699356079,33,,,,,0.635481,
523,19237,41.0,69.98,,-0.0006102099220945754,4.098022699356079,33,,,,,0.635481,
524,19379,142.0,71.09,,-0.0006102099220945754,4.098022699356079,33,,,,,0.635481,
525,19483,104.0,71.06,,-0.0006102099220945754,4.098022699356079,33,,,,,0.635481,
526,19562,79.0,71.7,,-0.0006102099220945754,4.098022699356079,33,,,,,0.635481,
527,19692,130.0,72.26,,-0.0006102099220945754,4.098022699356079,33,,,,,0.635481,
528,19753,61.0,72.2,,-0.0013014364984187791,4.304062604904175,34,,,,,0.628957,
529,19807,54.0,71.42,,-0.0013014364984187791,4.304062604904175,34,,,,,0.628957,
530,19878,71.0,71.24,,-0.0013014364984187791,4.304062604904175,34,,,,,0.628957,
531,19968,90.0,71.57,,-0.0013014364984187791,4.304062604904175,34,,,,,0.628957,
532,20026,58.0,70.89,,-0.0013014364984187791,4.304062604904175,34,,,,,0.628957,
533,20092,66.0,71.24,,-0.0013014364984187791,4.304062604904175,34,,,,,0.628957,
534,20114,22.0,71.24,,-0.0013014364984187791,4.304062604904175,34,,,,,0.628957,
535,20183,69.0,71.15,,-0.0013014364984187791,4.304062604904175,34,,,,,0.628957,
536,20210,27.0,71.26,,-0.0013014364984187791,4.304062604904175,34,,,,,0.628957,
537,20345,135.0,72.17,,-0.0013014364984187791,4.304062604904175,34,,,,,0.628957,
538,20366,21.0,71.8,,-0.0013014364984187791,4.304062604904175,34,,,,,0.628957,
539,20393,27.0,71.53,,-0.0013014364984187791,4.304062604904175,34,,,,,0.628957,
540,20456,63.0,71.72,,-0.0013014364984187791,4.304062604904175,34,,,,,0.628957,
541,20633,177.0,73.19,,-0.0013014364984187791,4.304062604904175,34,,,,,0.628957,
542,20666,33.0,72.68,,-0.0013014364984187791,4.304062604904175,34,,,,,0.628957,
543,20795,129.0,73.39,,-0.0013014364984187791,4.304062604904175,34,,,,,0.628957,
544,20903,108.0,74.12,,-0.0019960888046106056,4.533615827560425,35,,,,,0.616747,
545,21027,124.0,74.91,,-0.0019960888046106056,4.533615827560425,35,,,,,0.616747,
546,21197,170.0,74.84,,-0.0019960888046106056,4.533615827560425,35,,,,,0.616747,
547,21237,40.0,75.05,,-0.0019960888046106056,4.533615827560425,35,,,,,0.616747,
548,21358,121.0,75.81,,-0.0019960888046106056,4.533615827560425,35,,,,,0.616747,
549,21481,123.0,76.68,,-0.0019960888046106056,4.533615827560425,35,,,399.0,101.27586089488452,0.616747,
550,21503,22.0,76.14,,-0.0019960888046106056,4.533615827560425,35,,,,,0.616747,
551,21597,94.0,76.41,,-0.0019960888046106056,4.533615827560425,35,,,,,0.616747,
552,21715,118.0,77.09,,-0.0019960888046106056,4.533615827560425,35,,,,,0.616747,
553,21788,73.0,76.99,,-0.0019960888046106056,4.533615827560425,35,,,,,0.616747,
554,21896,108.0,77.66,,-0.0019960888046106056,4.533615827560425,35,,,,,0.616747,
555,21960,64.0,77.78,,-0.0019960888046106056,4.533615827560425,35,,,,,0.616747,
556,22028,68.0,77.45,,-0.0019960888046106056,4.533615827560425,35,,,,,0.616747,
557,22140,112.0,78.1,,-0.0019960888046106056,4.533615827560425,35,,,,,0.616747,
558,22269,129.0,79.1,,-0.0019960888046106056,4.533615827560425,35,,,,,0.616747,
559,22296,27.0,79.07,,-0.0019960888046106056,4.533615827560425,35,,,,,0.616747,
560,22396,100.0,79.21,,-0.0023638551275426936,4.821340322494507,36,,,,,0.619456,
561,22445,49.0,78.51,,-0.0023638551275426936,4.821340322494507,36,,,,,0.619456,
562,22606,161.0,79.53,,-0.0023638551275426936,4.821340322494507,36,,,,,0.619456,
563,22664,58.0,78.8,,-0.0023638551275426936,4.821340322494507,36,,,,,0.619456,
564,22751,87.0,78.91,,-0.0023638551275426936,4.821340322494507,36,,,,,0.619456,
565,22810,59.0,78.93,,-0.0023638551275426936,4.821340322494507,36,,,,,0.619456,
566,22924,114.0,79.06,,-0.0023638551275426936,4.821340322494507,36,,,,,0.619456,
567,23025,101.0,79.52,,-0.0023638551275426936,4.821340322494507,36,,,,,0.619456,
568,23241,216.0,81.2,,-0.0023638551275426936,4.821340322494507,36,,,,,0.619456,
569,23351,110.0,81.49,,-0.0023638551275426936,4.821340322494507,36,,,,,0.619456,
570,23469,118.0,81.29,,-0.0023638551275426936,4.822242736816406,36,,,,,0.619456,
571,23656,187.0,82.81,,-0.0023638551275426936,4.822242736816406,36,,,,,0.619456,
572,23702,46.0,82.43,,-0.0023638551275426936,4.822242736816406,36,,,,,0.619456,
573,23735,33.0,81.25,,-0.0023638551275426936,4.822242736816406,36,,,,,0.619456,
574,23837,102.0,81.37,,-0.0023638551275426936,4.822242736816406,36,,,,,0.619456,
575,23909,72.0,81.83,,-0.0023638551275426936,4.822242736816406,36,,,,,0.619456,
576,24029,120.0,81.34,,-0.002547331335262169,5.127570152282715,37,,,,,0.630455,
577,24098,69.0,81.69,,-0.002547331335262169,5.127570152282715,37,,,,,0.630455,
578,24229,131.0,82.62,,-0.002547331335262169,5.127570152282715,37,,,,,0.630455,
579,24448,219.0,84.65,,-0.002547331335262169,5.127570152282715,37,,,,,0.630455,
580,24668,220.0,85.88,,-0.002547331335262169,5.127570152282715,37,,,,,0.630455,
581,24774,106.0,86.69,,-0.002547331335262169,5.127570152282715,37,,,,,0.630455,
582,24843,69.0,85.89,,-0.002547331335262169,5.127570152282715,37,,,,,0.630455,
583,24965,122.0,85.76,,-0.002547331335262169,5.127570152282715,37,,,,,0.630455,
584,25118,153.0,87.13,,-0.002547331335262169,5.127570152282715,37,,,,,0.630455,
585,25243,125.0,87.62,,-0.002547331335262169,5.127570152282715,37,,,,,0.630455,
586,25359,116.0,88.55,,-0.002547331335262169,5.127570152282715,37,,,,,0.630455,
587,25479,120.0,89.51,,-0.002547331335262169,5.127570152282715,37,,,,,0.630455,
588,25655,176.0,90.63,,-0.002547331335262169,5.128559589385986,37,,,,,0.630455,
589,25800,145.0,91.46,,-0.002547331335262169,5.128559589385986,37,,,,,0.630455,
590,25875,75.0,91.71,,-0.002547331335262169,5.128559589385986,37,,,,,0.630455,
591,25946,71.0,92.29,,-0.002547331335262169,5.128559589385986,37,,,,,0.630455,
592,26032,86.0,92.78,,-0.0028643750288450207,5.453663110733032,38,,,,,0.618962,
593,26183,151.0,93.66,,-0.0028643750288450207,5.4546825885772705,38,,,,,0.618962,
594,26391,208.0,95.54,,-0.0028643750288450207,5.4546825885772705,38,,,,,0.618962,
595,26510,119.0,96.33,,-0.0028643750288450207,5.4546825885772705,38,,,,,0.618962,
596,26582,72.0,96.01,,-0.0028643750288450207,5.4546825885772705,38,,,,,0.618962,
597,26768,186.0,96.31,,-0.0028643750288450207,5.4546825885772705,38,,,,,0.618962,
598,26899,131.0,96.65,,-0.0028643750288450207,5.4546825885772705,38,,,,,0.618962,
599,27045,146.0,97.56,,-0.0028643750288450207,5.4546825885772705,38,,,441.2,117.6,0.618962,
600,27170,125.0,97.83,,-0.0028643750288450207,5.4546825885772705,38,,,,,0.618962,
601,27271,101.0,98.19,,-0.0028643750288450207,5.4546825885772705,38,,,,,0.618962,
602,27430,159.0,99.12,,-0.0028643750288450207,5.4546825885772705,38,,,,,0.618962,
603,27635,205.0,100.1,,-0.0028643750288450207,5.4546825885772705,38,,,,,0.618962,
604,27780,145.0,100.44,,-0.0028643750288450207,5.4546825885772705,38,,,,,0.618962,
605,27872,92.0,100.48,,-0.0028643750288450207,5.4546825885772705,38,,,,,0.618962,
606,28000,128.0,101.43,,-0.0028643750288450207,5.4546825885772705,38,,,,,0.618962,
607,28094,94.0,102.02,,-0.0028643750288450207,5.4546825885772705,38,,,,,0.618962,
608,28295,201.0,103.38,,-0.0033319087218469344,5.775571823120117,39,,,,,0.614873,
609,28509,214.0,104.59,,-0.0033319087218469344,5.775571823120117,39,,,,,0.614873,
610,28539,30.0,104.48,,-0.0033319087218469344,5.775571823120117,39,,,,,0.614873,
611,28632,93.0,105.09,,-0.0033319087218469344,5.775571823120117,39,,,,,0.614873,
612,28743,111.0,104.7,,-0.0033319087218469344,5.775571823120117,39,,,,,0.614873,
613,28772,29.0,103.97,,-0.0033319087218469344,5.775571823120117,39,,,,,0.614873,
614,28867,95.0,104.18,,-0.0033319087218469344,5.775571823120117,39,,,,,0.614873,
615,29041,174.0,104.95,,-0.0033319087218469344,5.775571823120117,39,,,,,0.614873,
616,29224,183.0,105.05,,-0.0033319087218469344,5.775571823120117,39,,,,,0.614873,
617,29387,163.0,105.74,,-0.0033319087218469344,5.775571823120117,39,,,,,0.614873,
618,29409,22.0,105.47,,-0.0033319087218469344,5.775571823120117,39,,,,,0.614873,
619,29502,93.0,105.2,,-0.0033319087218469344,5.775571823120117,39,,,,,0.614873,
620,29638,136.0,106.17,,-0.0033319087218469344,5.775571823120117,39,,,,,0.614873,
621,29731,93.0,106.57,,-0.0033319087218469344,5.776588201522827,39,,,,,0.614873,
622,29848,117.0,106.52,,-0.0033319087218469344,5.776588201522827,39,,,,,0.614873,
623,29966,118.0,107.29,,-0.0033319087218469344,5.776588201522827,39,,,,,0.614873,
624,30117,151.0,107.38,,-0.003339388575113844,6.276787281036377,40,,,,,0.617778,
625,30270,153.0,107.87,,-0.003339388575113844,6.276787281036377,40,,,,,0.617778,
626,30572,302.0,110.1,,-0.003339388575113844,6.276787281036377,40,,,,,0.617778,
627,30704,132.0,110.12,,-0.003339388575113844,6.276787281036377,40,,,,,0.617778,
628,30912,208.0,111.59,,-0.003339388575113844,6.276787281036377,40,,,,,0.617778,
629,31100,188.0,112.93,,-0.003339388575113844,6.276787281036377,40,,,,,0.617778,
630,31222,122.0,113.44,,-0.003339388575113844,6.276787281036377,40,,,,,0.617778,
631,31330,108.0,113.62,,-0.003339388575113844,6.276787281036377,40,,,,,0.617778,
632,31467,137.0,114.41,,-0.003339388575113844,6.277788877487183,40,,,,,0.617778,
633,31630,163.0,115.38,,-0.003339388575113844,6.277788877487183,40,,,,,0.617778,
634,31958,328.0,118.44,,-0.003339388575113844,6.277788877487183,40,,,,,0.617778,
635,32128,170.0,119.45,,-0.003339388575113844,6.277788877487183,40,,,,,0.617778,
636,32237,109.0,120.27,,-0.003339388575113844,6.277788877487183,40,,,,,0.617778,
637,32333,96.0,119.88,,-0.003339388575113844,6.277788877487183,40,,,,,0.617778,
638,32417,84.0,120.51,,-0.003339388575113844,6.277788877487183,40,,,,,0.617778,
639,32623,206.0,122.3,,-0.003339388575113844,6.277788877487183,40,,,,,0.617778,
640,32640,17.0,121.84,,-0.003591581729024921,6.633779764175415,41,,,,,0.614113,
641,32844,204.0,122.11,,-0.003591581729024921,6.633779764175415,41,,,,,0.614113,
642,32956,112.0,122.9,,-0.003591581729024921,6.633779764175415,41,,,,,0.614113,
643,33124,168.0,123.29,,-0.003591581729024921,6.633779764175415,41,,,,,0.614113,
644,33202,78.0,122.99,,-0.003591581729024921,6.633779764175415,41,,,,,0.614113,
645,33302,100.0,122.75,,-0.003591581729024921,6.633779764175415,41,,,,,0.614113,
646,33458,156.0,122.61,,-0.003591581729024921,6.633779764175415,41,,,,,0.614113,
647,33530,72.0,122.93,,-0.003591581729024921,6.633779764175415,41,,,,,0.614113,
648,33679,149.0,123.21,,-0.003591581729024921,6.633779764175415,41,,,,,0.614113,
649,33837,158.0,123.56,,-0.003591581729024921,6.633779764175415,41,,,438.6,122.8,0.614113,
650,34086,249.0,125.83,,-0.003591581729024921,6.633779764175415,41,,,,,0.614113,
651,34210,124.0,126.13,,-0.003591581729024921,6.633779764175415,41,,,,,0.614113,
652,34341,131.0,126.26,,-0.003591581729024921,6.633779764175415,41,,,,,0.614113,
653,34490,149.0,127.02,,-0.003591581729024921,6.633779764175415,41,,,,,0.614113,
654,34719,229.0,128.23,,-0.003591581729024921,6.633779764175415,41,,,,,0.614113,
655,34956,237.0,129.96,,-0.003591581729024921,6.633779764175415,41,,,,,0.614113,
656,35096,140.0,130.68,,-0.003689611024345227,7.06832218170166,42,,,,,0.610088,
657,35289,193.0,131.49,,-0.003689611024345227,7.069322347640991,42,,,,,0.610088,
658,35580,291.0,133.11,,-0.003689611024345227,7.069322347640991,42,,,,,0.610088,
659,35840,260.0,135.44,,-0.003689611024345227,7.069322347640991,42,,,,,0.610088,
660,35905,65.0,135.09,,-0.003689611024345227,7.069322347640991,42,,,,,0.610088,
661,36021,116.0,135.76,,-0.003689611024345227,7.069322347640991,42,,,,,0.610088,
662,36188,167.0,135.82,,-0.003689611024345227,7.069322347640991,42,,,,,0.610088,
663,36265,77.0,136.01,,-0.003689611024345227,7.069322347640991,42,,,,,0.610088,
664,36482,217.0,137.31,,-0.003689611024345227,7.069322347640991,42,,,,,0.610088,
665,36627,145.0,138.17,,-0.003689611024345227,7.069322347640991,42,,,,,0.610088,
666,36797,170.0,138.73,,-0.003689611024345227,7.069322347640991,42,,,,,0.610088,
667,36975,178.0,139.5,,-0.003689611024345227,7.069322347640991,42,,,,,0.610088,
668,37249,274.0,140.08,,-0.003689611024345227,7.069322347640991,42,,,,,0.610088,
669,37449,200.0,140.98,,-0.003689611024345227,7.069322347640991,42,,,,,0.610088,
670,37612,163.0,141.43,,-0.003689611024345227,7.069322347640991,42,,,,,0.610088,
671,37780,168.0,141.24,,-0.003689611024345227,7.069322347640991,42,,,,,0.610088,
672,37839,59.0,141.37,,-0.004078775345142064,7.403386116027832,43,,,,,0.604764,
673,38027,188.0,142.92,,-0.004078775345142064,7.403386116027832,43,,,,,0.604764,
674,38132,105.0,142.95,,-0.004078775345142064,7.403386116027832,43,,,,,0.604764,
675,38267,135.0,143.58,,-0.004078775345142064,7.403386116027832,43,,,,,0.604764,
676,38470,203.0,144.41,,-0.004078775345142064,7.403386116027832,43,,,,,0.604764,
677,38583,113.0,144.85,,-0.004078775345142064,7.403386116027832,43,,,,,0.604764,
678,38740,157.0,145.11,,-0.004078775345142064,7.403386116027832,43,,,,,0.604764,
679,38906,166.0,144.58,,-0.004078775345142064,7.403386116027832,43,,,,,0.604764,
680,38987,81.0,143.19,,-0.004078775345142064,7.403386116027832,43,,,,,0.604764,
681,39151,164.0,143.77,,-0.004078775345142064,7.403386116027832,43,,,,,0.604764,
682,39317,166.0,144.74,,-0.004078775345142064,7.403386116027832,43,,,,,0.604764,
683,39397,80.0,144.32,,-0.004078775345142064,7.403386116027832,43,,,,,0.604764,
684,39572,175.0,144.54,,-0.004078775345142064,7.403386116027832,43,,,,,0.604764,
685,39771,199.0,145.28,,-0.004078775345142064,7.403386116027832,43,,,,,0.604764,
686,39992,221.0,146.33,,-0.004078775345142064,7.403386116027832,43,,,,,0.604764,
687,40104,112.0,146.25,,-0.004078775345142064,7.40438437461853,43,,,,,0.604764,
688,40310,206.0,146.55,,-0.004260052232315171,7.919848918914795,44,,,,,0.604942,
689,40498,188.0,146.98,,-0.004260052232315171,7.919848918914795,44,,,,,0.604942,
690,40638,140.0,147.63,,-0.004260052232315171,7.920849561691284,44,,,,,0.604942,
691,40732,94.0,147.86,,-0.004260052232315171,7.920849561691284,44,,,,,0.604942,
692,40915,183.0,148.83,,-0.004260052232315171,7.920849561691284,44,,,,,0.604942,
693,41114,199.0,149.31,,-0.004260052232315171,7.920849561691284,44,,,,,0.604942,
694,41332,218.0,149.41,,-0.004260052232315171,7.920849561691284,44,,,,,0.604942,
695,41484,152.0,149.74,,-0.004260052232315171,7.920849561691284,44,,,,,0.604942,
696,41639,155.0,150.57,,-0.004260052232315171,7.920849561691284,44,,,,,0.604942,
697,41813,174.0,150.45,,-0.004260052232315171,7.920849561691284,44,,,,,0.604942,
698,42259,446.0,153.6,,-0.004260052232315171,7.920849561691284,44,,,,,0.604942,
699,42474,215.0,154.29,,-0.004260052232315171,7.920849561691284,44,,,440.8,118.4,0.604942,
700,42681,207.0,155.11,,-0.004260052232315171,7.920849561691284,44,,,,,0.604942,
701,42930,249.0,156.59,,-0.004260052232315171,7.920849561691284,44,,,,,0.604942,
702,43082,152.0,156.52,,-0.004260052232315171,7.920849561691284,44,,,,,0.604942,
703,43365,283.0,157.3,,-0.004260052232315171,7.920849561691284,44,,,,,0.604942,
704,43493,128.0,157.13,,-0.004374854270524035,8.365159749984741,45,,,,,0.605625,
705,43690,197.0,158.18,,-0.004374854270524035,8.365159749984741,45,,,,,0.605625,
706,43808,118.0,158.08,,-0.004374854270524035,8.365159749984741,45,,,,,0.605625,
707,43933,125.0,158.39,,-0.004374854270524035,8.365159749984741,45,,,,,0.605625,
708,44083,150.0,157.88,,-0.004374854270524035,8.365159749984741,45,,,,,0.605625,
709,44207,124.0,156.98,,-0.004374854270524035,8.365159749984741,45,,,,,0.605625,
710,44369,162.0,158.3,,-0.004374854270524035,8.365159749984741,45,,,,,0.605625,
711,44582,213.0,159.5,,-0.004374854270524035,8.365159749984741,45,,,,,0.605625,
712,44711,129.0,159.68,,-0.004374854270524035,8.365159749984741,45,,,,,0.605625,
713,44784,73.0,160.12,,-0.004374854270524035,8.365159749984741,45,,,,,0.605625,
714,44886,102.0,160.19,,-0.004374854270524035,8.365159749984741,45,,,,,0.605625,
715,45058,172.0,160.17,,-0.004374854270524035,8.365159749984741,45,,,,,0.605625,
716,45243,185.0,160.19,,-0.004374854270524035,8.365159749984741,45,,,,,0.605625,
717,45600,357.0,162.13,,-0.004374854270524035,8.365159749984741,45,,,,,0.605625,
718,45835,235.0,164.26,,-0.004374854270524035,8.36615800857544,45,,,,,0.605625,
719,46055,220.0,165.53,,-0.004374854270524035,8.36615800857544,45,,,,,0.605625,
720,46412,357.0,167.74,,-0.004393588279566282,9.012381076812744,46,,,,,0.604194,
721,46532,120.0,168.01,,-0.004393588279566282,9.012381076812744,46,,,,,0.604194,
722,46938,406.0,170.9,,-0.004393588279566282,9.012381076812744,46,,,,,0.604194,
723,47095,157.0,171.29,,-0.004393588279566282,9.012381076812744,46,,,,,0.604194,
724,47239,144.0,171.22,,-0.004393588279566282,9.012381076812744,46,,,,,0.604194,
725,47466,227.0,171.96,,-0.004393588279566282,9.012381076812744,46,,,,,0.604194,
726,47633,167.0,170.61,,-0.004393588279566282,9.013396501541138,46,,,,,0.604194,
727,47973,340.0,172.69,,-0.004393588279566282,9.013396501541138,46,,,,,0.604194,
728,48269,296.0,173.57,,-0.004393588279566282,9.013396501541138,46,,,,,0.604194,
729,48470,201.0,173.7,,-0.004393588279566282,9.013396501541138,46,,,,,0.604194,
730,48882,412.0,176.6,,-0.004393588279566282,9.013396501541138,46,,,,,0.604194,
731,49036,154.0,177.06,,-0.004393588279566282,9.013396501541138,46,,,,,0.604194,
732,49309,273.0,178.42,,-0.004393588279566282,9.013396501541138,46,,,,,0.604194,
733,49483,174.0,178.53,,-0.004393588279566282,9.013396501541138,46,,,,,0.604194,
734,49649,166.0,176.91,,-0.004393588279566282,9.013396501541138,46,,,,,0.604194,
735,49867,218.0,177.39,,-0.004393588279566282,9.013396501541138,46,,,,,0.604194,
736,50149,282.0,179.12,,-0.004498720400659566,9.428218841552734,47,,,,,0.594782,
737,50366,217.0,180.33,,-0.004498720400659566,9.428218841552734,47,,,,,0.594782,
738,50510,144.0,180.93,,-0.004498720400659566,9.428218841552734,47,,,,,0.594782,
739,50640,130.0,180.17,,-0.004498720400659566,9.428218841552734,47,,,,,0.594782,
740,50797,157.0,181.57,,-0.004498720400659566,9.428731679916382,47,,,,,0.594782,
741,50952,155.0,181.08,,-0.004498720400659566,9.428731679916382,47,,,,,0.594782,
742,51124,172.0,181.68,,-0.004498720400659566,9.428731679916382,47,,,,,0.594782,
743,51310,186.0,181.86,,-0.004498720400659566,9.428731679916382,47,,,,,0.594782,
744,51405,95.0,182.03,,-0.004498720400659566,9.428731679916382,47,,,,,0.594782,
745,51539,134.0,182.37,,-0.004498720400659566,9.428731679916382,47,,,,,0.594782,
746,51608,69.0,181.5,,-0.004498720400659566,9.428731679916382,47,,,,,0.594782,
747,51843,235.0,183.13,,-0.004498720400659566,9.428731679916382,47,,,,,0.594782,
748,52006,163.0,183.27,,-0.004498720400659566,9.428731679916382,47,,,,,0.594782,
749,52175,169.0,183.38,,-0.004498720400659566,9.428731679916382,47,,,445.4,109.2,0.594782,
750,52374,199.0,182.88,,-0.004498720400659566,9.429730892181396,47,,,,,0.594782,
751,52510,136.0,183.0,,-0.004498720400659566,9.429730892181396,47,,,,,0.594782,
752,52728,218.0,183.87,,-0.004739937793298547,9.988640069961548,48,,,,,0.602905,
753,52866,138.0,183.76,,-0.004739937793298547,9.988640069961548,48,,,,,0.602905,
754,53091,225.0,183.72,,-0.004739937793298547,9.989639043807983,48,,,,,0.602905,
755,53237,146.0,182.81,,-0.004739937793298547,9.989639043807983,48,,,,,0.602905,
756,53483,246.0,183.87,,-0.004739937793298547,9.989639043807983,48,,,,,0.602905,
757,53659,176.0,183.7,,-0.004739937793298547,9.989639043807983,48,,,,,0.602905,
758,53849,190.0,182.69,,-0.004739937793298547,9.989639043807983,48,,,,,0.602905,
759,54047,198.0,182.07,,-0.004739937793298547,9.989639043807983,48,,,,,0.602905,
760,54365,318.0,184.6,,-0.004739937793298547,9.989639043807983,48,,,,,0.602905,
761,54494,129.0,184.73,,-0.004739937793298547,9.989639043807983,48,,,,,0.602905,
762,54506,12.0,183.18,,-0.004739937793298547,9.989639043807983,48,,,,,0.602905,
763,54674,168.0,184.09,,-0.004739937793298547,9.989639043807983,48,,,,,0.602905,
764,54826,152.0,183.44,,-0.004739937793298547,9.989639043807983,48,,,,,0.602905,
765,54963,137.0,183.36,,-0.004739937793298547,9.989639043807983,48,,,,,0.602905,
766,55157,194.0,183.6,,-0.004739937793298547,9.989639043807983,48,,,,,0.602905,
767,55599,442.0,186.24,,-0.004739937793298547,9.989639043807983,48,,,,,0.602905,
768,55770,171.0,185.21,,-0.0047417770517628865,10.584125757217407,49,,,,,0.592418,
769,55967,197.0,185.18,,-0.0047417770517628865,10.584125757217407,49,,,,,0.592418,
770,56260,293.0,186.48,,-0.0047417770517628865,10.584125757217407,49,,,,,0.592418,
771,56760,500.0,189.8,,-0.0047417770517628865,10.584125757217407,49,,,,,0.592418,
772,57000,240.0,191.61,,-0.0047417770517628865,10.584125757217407,49,,,,,0.592418,
773,57128,128.0,191.01,,-0.0047417770517628865,10.584125757217407,49,,,,,0.592418,
774,57230,102.0,190.98,,-0.0047417770517628865,10.584125757217407,49,,,,,0.592418,
775,57388,158.0,191.21,,-0.0047417770517628865,10.584125757217407,49,,,,,0.592418,
776,57588,200.0,191.18,,-0.0047417770517628865,10.584125757217407,49,,,,,0.592418,
777,57790,202.0,192.07,,-0.0047417770517628865,10.584125757217407,49,,,,,0.592418,
778,57936,146.0,191.96,,-0.0047417770517628865,10.584125757217407,49,,,,,0.592418,
779,58105,169.0,191.99,,-0.0047417770517628865,10.584125757217407,49,,,,,0.592418,
780,58284,179.0,192.97,,-0.0047417770517628865,10.584125757217407,49,,,,,0.592418,
781,58423,139.0,192.72,,-0.0047417770517628865,10.584125757217407,49,,,,,0.592418,
782,58608,185.0,192.91,,-0.0047417770517628865,10.585123538970947,49,,,,,0.592418,
783,58761,153.0,193.64,,-0.0047417770517628865,10.585123538970947,49,,,,,0.592418,
784,58967,206.0,193.95,,-0.004768093287711963,11.325462818145752,50,,,,,0.601873,
785,59157,190.0,193.86,,-0.004768093287711963,11.32646107673645,50,,,,,0.601873,
786,59292,135.0,193.0,,-0.004768093287711963,11.32646107673645,50,,,,,0.601873,
787,59465,173.0,193.61,,-0.004768093287711963,11.32646107673645,50,,,,,0.601873,
788,59890,425.0,195.8,,-0.004768093287711963,11.32646107673645,50,,,,,0.601873,
789,60069,179.0,195.71,,-0.004768093287711963,11.32646107673645,50,,,,,0.601873,
790,60206,137.0,195.68,,-0.004768093287711963,11.32646107673645,50,,,,,0.601873,
791,60338,132.0,196.06,,-0.004768093287711963,11.32646107673645,50,,,,,0.601873,
792,60450,112.0,195.35,,-0.004768093287711963,11.32646107673645,50,,,,,0.601873,
793,60649,199.0,195.35,,-0.004768093287711963,11.32646107673645,50,,,,,0.601873,
794,60819,170.0,194.87,,-0.004768093287711963,11.32646107673645,50,,,,,0.601873,
795,61116,297.0,196.32,,-0.004768093287711963,11.32646107673645,50,,,,,0.601873,
796,61190,74.0,195.51,,-0.004768093287711963,11.32646107673645,50,,,,,0.601873,
797,61611,421.0,197.98,,-0.004768093287711963,11.32646107673645,50,,,,,0.601873,
798,61865,254.0,196.06,,-0.004768093287711963,11.32646107673645,50,,,,,0.601873,
799,62241,376.0,197.67,,-0.004768093287711963,11.32646107673645,50,,,489.4,21.200000000000003,0.601873,
800,62447,206.0,197.66,,-0.0064046100026462225,11.94149112701416,51,,,,,0.600836,
801,62795,348.0,198.65,,-0.0064046100026462225,11.94249701499939,51,,,,,0.600836,
802,63120,325.0,200.38,,-0.0064046100026462225,11.94249701499939,51,,,,,0.600836,
803,63347,227.0,199.82,,-0.0064046100026462225,11.94249701499939,51,,,,,0.600836,
804,63505,158.0,200.12,,-0.0064046100026462225,11.94249701499939,51,,,,,0.600836,
805,63736,231.0,200.46,,-0.0064046100026462225,11.94249701499939,51,,,,,0.600836,
806,63902,166.0,200.94,,-0.0064046100026462225,11.94249701499939,51,,,,,0.600836,
807,64073,171.0,201.4,,-0.0064046100026462225,11.94249701499939,51,,,,,0.600836,
808,64298,225.0,202.15,,-0.0064046100026462225,11.94249701499939,51,,,,,0.600836,
809,64676,378.0,204.69,,-0.0064046100026462225,11.94249701499939,51,,,,,0.600836,
810,64863,187.0,204.94,,-0.0064046100026462225,11.94249701499939,51,,,,,0.600836,
811,65165,302.0,205.83,,-0.0064046100026462225,11.94249701499939,51,,,,,0.600836,
812,65504,339.0,207.93,,-0.0064046100026462225,11.94249701499939,51,,,,,0.600836,
813,65711,207.0,209.27,,-0.0064046100026462225,11.94249701499939,51,,,,,0.600836,
814,66145,434.0,212.59,,-0.0064046100026462225,11.94249701499939,51,,,,,0.600836,
815,66284,139.0,212.26,,-0.0064046100026462225,11.94249701499939,51,,,,,0.600836,
816,66464,180.0,212.21,,-0.008091356583172456,12.604206085205078,52,,,,,0.595866,
817,66671,207.0,210.71,,-0.008091356583172456,12.604206085205078,52,,,,,0.595866,
818,66911,240.0,210.76,,-0.008091356583172456,12.604206085205078,52,,,,,0.595866,
819,67146,235.0,210.91,,-0.008091356583172456,12.604206085205078,52,,,,,0.595866,
820,67503,357.0,210.91,,-0.008091356583172456,12.604206085205078,52,,,,,0.595866,
821,67666,163.0,211.34,,-0.008091356583172456,12.604206085205078,52,,,,,0.595866,
822,68040,374.0,211.02,,-0.008091356583172456,12.604206085205078,52,,,,,0.595866,
823,68203,163.0,211.08,,-0.008091356583172456,12.604206085205078,52,,,,,0.595866,
824,68669,466.0,214.3,,-0.008091356583172456,12.604206085205078,52,,,,,0.595866,
825,68980,311.0,215.14,,-0.008091356583172456,12.604206085205078,52,,,,,0.595866,
826,69206,226.0,215.73,,-0.008091356583172456,12.604206085205078,52,,,,,0.595866,
827,69497,291.0,215.24,,-0.008091356583172456,12.604206085205078,52,,,,,0.595866,
828,69688,191.0,214.19,,-0.008091356583172456,12.604206085205078,52,,,,,0.595866,
829,70058,370.0,215.88,,-0.008091356583172456,12.604206085205078,52,,,,,0.595866,
830,70283,225.0,214.01,,-0.008091356583172456,12.604206085205078,52,,,,,0.595866,
831,70538,255.0,215.02,,-0.008091356583172456,12.604206085205078,52,,,,,0.595866,
832,70740,202.0,214.31,,-0.008758883863920345,13.30663537979126,53,,,,,0.600663,
833,71176,436.0,216.93,,-0.008758883863920345,13.30663537979126,53,,,,,0.600663,
834,71502,326.0,218.53,,-0.008758883863920345,13.30663537979126,53,,,,,0.600663,
835,71650,148.0,217.83,,-0.008758883863920345,13.30663537979126,53,,,,,0.600663,
836,71954,304.0,218.05,,-0.008758883863920345,13.30663537979126,53,,,,,0.600663,
837,72454,500.0,220.88,,-0.008758883863920345,13.30663537979126,53,,,,,0.600663,
838,72879,425.0,223.69,,-0.008758883863920345,13.30663537979126,53,,,,,0.600663,
839,73124,245.0,224.84,,-0.008758883863920345,13.30663537979126,53,,,,,0.600663,
840,73355,231.0,225.58,,-0.008758883863920345,13.307634830474854,53,,,,,0.600663,
841,73536,181.0,225.84,,-0.008758883863920345,13.307634830474854,53,,,,,0.600663,
842,73944,408.0,228.2,,-0.008758883863920345,13.307634830474854,53,,,,,0.600663,
843,74110,166.0,228.0,,-0.008758883863920345,13.307634830474854,53,,,,,0.600663,
844,74461,351.0,230.56,,-0.008758883863920345,13.307634830474854,53,,,,,0.600663,
845,74773,312.0,232.34,,-0.008758883863920345,13.307634830474854,53,,,,,0.600663,
846,74917,144.0,233.09,,-0.008758883863920345,13.307634830474854,53,,,,,0.600663,
847,75132,215.0,232.89,,-0.008758883863920345,13.307634830474854,53,,,,,0.600663,
848,75505,373.0,234.99,,-0.009820078179473057,14.048288822174072,54,,,,,0.592072,
849,75949,444.0,237.74,,-0.009820078179473057,14.049802780151367,54,,,500.0,0.0,0.592072,
850,76246,297.0,238.72,,-0.009820078179473057,14.049802780151367,54,,,,,0.592072,
851,76584,338.0,240.74,,-0.009820078179473057,14.049802780151367,54,,,,,0.592072,
852,76829,245.0,241.01,,-0.009820078179473057,14.049802780151367,54,,,,,0.592072,
853,77032,203.0,241.66,,-0.009820078179473057,14.049802780151367,54,,,,,0.592072,
854,77211,179.0,241.2,,-0.009820078179473057,14.050808906555176,54,,,,,0.592072,
855,77421,210.0,241.84,,-0.009820078179473057,14.050808906555176,54,,,,,0.592072,
856,77845,424.0,243.62,,-0.009820078179473057,14.050808906555176,54,,,,,0.592072,
857,78044,199.0,243.85,,-0.009820078179473057,14.050808906555176,54,,,,,0.592072,
858,78345,301.0,244.96,,-0.009820078179473057,14.050808906555176,54,,,,,0.592072,
859,78826,481.0,247.79,,-0.009820078179473057,14.050808906555176,54,,,,,0.592072,
860,79110,284.0,247.45,,-0.009820078179473057,14.050808906555176,54,,,,,0.592072,
861,79299,189.0,248.05,,-0.009820078179473057,14.050808906555176,54,,,,,0.592072,
862,79799,500.0,252.93,,-0.009820078179473057,14.050808906555176,54,,,,,0.592072,
863,79969,170.0,252.95,,-0.009820078179473057,14.050808906555176,54,,,,,0.592072,
864,80197,228.0,253.71,,-0.010852585524553433,14.780745506286621,55,,,,,0.589785,
865,80475,278.0,255.12,,-0.010852585524553433,14.780745506286621,55,,,,,0.589785,
866,80663,188.0,255.06,,-0.010852585524553433,14.780745506286621,55,,,,,0.589785,
867,80768,105.0,251.69,,-0.010852585524553433,14.780745506286621,55,,,,,0.589785,
868,81220,452.0,254.5,,-0.010852585524553433,14.780745506286621,55,,,,,0.589785,
869,81524,304.0,255.57,,-0.010852585524553433,14.780745506286621,55,,,,,0.589785,
870,82024,500.0,257.64,,-0.010852585524553433,14.780745506286621,55,,,,,0.589785,
871,82227,203.0,254.67,,-0.010852585524553433,14.780745506286621,55,,,,,0.589785,
872,82439,212.0,254.39,,-0.010852585524553433,14.780745506286621,55,,,,,0.589785,
873,82855,416.0,257.27,,-0.010852585524553433,14.780745506286621,55,,,,,0.589785,
874,82973,118.0,257.43,,-0.010852585524553433,14.780745506286621,55,,,,,0.589785,
875,83208,235.0,258.2,,-0.010852585524553433,14.780745506286621,55,,,,,0.589785,
876,83555,347.0,259.67,,-0.010852585524553433,14.780745506286621,55,,,,,0.589785,
877,83800,245.0,260.1,,-0.010852585524553433,14.780745506286621,55,,,,,0.589785,
878,84026,226.0,260.9,,-0.010852585524553433,14.780745506286621,55,,,,,0.589785,
879,84314,288.0,262.09,,-0.010852585524553433,14.780745506286621,55,,,,,0.589785,
880,84814,500.0,265.3,,-0.01140456806111615,15.53832459449768,56,,,,,0.595282,
881,84942,128.0,265.19,,-0.01140456806111615,15.53832459449768,56,,,,,0.595282,
882,85442,500.0,268.34,,-0.01140456806111615,15.53832459449768,56,,,,,0.595282,
883,85821,379.0,270.6,,-0.01140456806111615,15.53832459449768,56,,,,,0.595282,
884,85991,170.0,270.24,,-0.01140456806111615,15.53832459449768,56,,,,,0.595282,
885,86202,211.0,270.45,,-0.01140456806111615,15.539567708969116,56,,,,,0.595282,
886,86513,311.0,272.21,,-0.01140456806111615,15.539567708969116,56,,,,,0.595282,
887,87013,500.0,275.48,,-0.01140456806111615,15.539567708969116,56,,,,,0.595282,
888,87254,241.0,273.64,,-0.01140456806111615,15.539567708969116,56,,,,,0.595282,
889,87513,259.0,274.44,,-0.01140456806111615,15.539567708969116,56,,,,,0.595282,
890,87712,199.0,275.06,,-0.01140456806111615,15.539567708969116,56,,,,,0.595282,
891,88159,447.0,278.21,,-0.01140456806111615,15.539567708969116,56,,,,,0.595282,
892,88343,184.0,278.93,,-0.01140456806111615,15.539567708969116,56,,,,,0.595282,
893,88769,426.0,281.2,,-0.01140456806111615,15.539567708969116,56,,,,,0.595282,
894,88985,216.0,281.66,,-0.01140456806111615,15.539567708969116,56,,,,,0.595282,
895,89285,300.0,281.69,,-0.01140456806111615,15.539567708969116,56,,,,,0.595282,
896,89467,182.0,282.77,,-0.012147818968514912,16.32907009124756,57,,,,,0.592040,
897,89678,211.0,280.67,,-0.012147818968514912,16.32907009124756,57,,,,,0.592040,
898,89898,220.0,280.33,,-0.012147818968514912,16.32907009124756,57,,,,,0.592040,
899,90076,178.0,278.35,,-0.012147818968514912,16.32907009124756,57,,,500.0,0.0,0.592040,
900,90358,282.0,279.11,,-0.012147818968514912,16.32907009124756,57,,,,,0.592040,
901,90858,500.0,280.63,,-0.012147818968514912,16.32907009124756,57,,,,,0.592040,
902,91119,261.0,279.99,,-0.012147818968514912,16.330066442489624,57,,,,,0.592040,
903,91560,441.0,282.13,,-0.012147818968514912,16.330066442489624,57,,,,,0.592040,
904,91769,209.0,282.64,,-0.012147818968514912,16.330066442489624,57,,,,,0.592040,
905,91945,176.0,282.09,,-0.012147818968514912,16.330066442489624,57,,,,,0.592040,
906,92144,199.0,282.42,,-0.012147818968514912,16.330066442489624,57,,,,,0.592040,
907,92352,208.0,282.79,,-0.012147818968514912,16.330066442489624,57,,,,,0.592040,
908,92665,313.0,283.67,,-0.012147818968514912,16.330066442489624,57,,,,,0.592040,
909,93165,500.0,284.89,,-0.012147818968514912,16.330066442489624,57,,,,,0.592040,
910,93544,379.0,286.81,,-0.012147818968514912,16.330066442489624,57,,,,,0.592040,
911,93787,243.0,286.22,,-0.012147818968514912,16.330066442489624,57,,,,,0.592040,
912,94127,340.0,286.23,,-0.012605052298749798,16.9833083152771,58,,,,,0.591386,
913,94457,330.0,287.46,,-0.012605052298749798,16.9833083152771,58,,,,,0.591386,
914,94660,203.0,285.15,,-0.012605052298749798,16.9833083152771,58,,,,,0.591386,
915,94743,83.0,284.59,,-0.012605052298749798,16.984307527542114,58,,,,,0.591386,
916,94920,177.0,284.56,,-0.012605052298749798,16.984307527542114,58,,,,,0.591386,
917,95200,280.0,285.29,,-0.012605052298749798,16.984307527542114,58,,,,,0.591386,
918,95479,279.0,285.68,,-0.012605052298749798,16.984307527542114,58,,,,,0.591386,
919,95925,446.0,287.79,,-0.012605052298749798,16.984307527542114,58,,,,,0.591386,
920,96300,375.0,287.97,,-0.012605052298749798,16.984307527542114,58,,,,,0.591386,
921,96540,240.0,288.74,,-0.012605052298749798,16.984307527542114,58,,,,,0.591386,
922,96786,246.0,287.46,,-0.012605052298749798,16.984307527542114,58,,,,,0.591386,
923,97012,226.0,288.09,,-0.012605052298749798,16.984307527542114,58,,,,,0.591386,
924,97324,312.0,286.55,,-0.012605052298749798,16.984307527542114,58,,,,,0.591386,
925,97679,355.0,286.99,,-0.012605052298749798,16.984307527542114,58,,,,,0.591386,
926,97920,241.0,287.14,,-0.012605052298749798,16.984307527542114,58,,,,,0.591386,
927,98130,210.0,286.33,,-0.012605052298749798,16.984307527542114,58,,,,,0.591386,
928,98495,365.0,288.07,,-0.012828588392003439,17.754619598388672,59,,,,,0.591249,
929,98961,466.0,289.03,,-0.012828588392003439,17.754619598388672,59,,,,,0.591249,
930,99277,316.0,289.94,,-0.012828588392003439,17.754619598388672,59,,,,,0.591249,
931,99431,154.0,288.93,,-0.012828588392003439,17.754619598388672,59,,,,,0.591249,
932,99783,352.0,290.43,,-0.012828588392003439,17.754619598388672,59,,,,,0.591249,
933,100015,232.0,288.39,,-0.012828588392003439,17.754619598388672,59,,,,,0.591249,
934,100177,162.0,286.75,,-0.012828588392003439,17.754619598388672,59,,,,,0.591249,
935,100677,500.0,290.27,,-0.012828588392003439,17.754619598388672,59,,,,,0.591249,
936,100933,256.0,289.79,,-0.012828588392003439,17.754619598388672,59,,,,,0.591249,
937,101314,381.0,288.6,,-0.012828588392003439,17.754619598388672,59,,,,,0.591249,
938,101531,217.0,286.52,,-0.012828588392003439,17.754619598388672,59,,,,,0.591249,
939,101988,457.0,288.64,,-0.012828588392003439,17.754619598388672,59,,,,,0.591249,
940,102200,212.0,288.45,,-0.012828588392003439,17.755617380142212,59,,,,,0.591249,
941,102393,193.0,288.57,,-0.012828588392003439,17.755617380142212,59,,,,,0.591249,
942,102857,464.0,289.13,,-0.012828588392003439,17.755617380142212,59,,,,,0.591249,
943,103314,457.0,292.04,,-0.012828588392003439,17.755617380142212,59,,,,,0.591249,
944,103807,493.0,293.46,,-0.012986891278414988,18.479318141937256,60,,,,,0.588737,
945,104307,500.0,295.34,,-0.012986891278414988,18.479318141937256,60,,,,,0.588737,
946,104807,500.0,298.9,,-0.012986891278414988,18.479318141937256,60,,,,,0.588737,
947,104994,187.0,298.62,,-0.012986891278414988,18.479318141937256,60,,,,,0.588737,
948,105459,465.0,299.54,,-0.012986891278414988,18.479318141937256,60,,,,,0.588737,
949,105959,500.0,300.1,,-0.012986891278414988,18.479318141937256,60,,,500.0,0.0,0.588737,
950,106140,181.0,298.94,,-0.012986891278414988,18.479318141937256,60,,,,,0.588737,
951,106640,500.0,300.56,,-0.012986891278414988,18.479318141937256,60,,,,,0.588737,
952,106879,239.0,300.5,,-0.012986891278414988,18.479318141937256,60,,,,,0.588737,
953,107120,241.0,300.88,,-0.012986891278414988,18.479318141937256,60,,,,,0.588737,
954,107287,167.0,300.76,,-0.012986891278414988,18.479318141937256,60,,,,,0.588737,
955,107474,187.0,300.53,,-0.012986891278414988,18.479318141937256,60,,,,,0.588737,
956,107872,398.0,300.27,,-0.012986891278414988,18.479318141937256,60,,,,,0.588737,
957,108282,410.0,302.38,,-0.012986891278414988,18.480318069458008,60,,,,,0.588737,
958,108474,192.0,301.29,,-0.012986891278414988,18.480318069458008,60,,,,,0.588737,
959,108780,306.0,299.54,,-0.012986891278414988,18.480318069458008,60,,,,,0.588737,
960,109053,273.0,299.43,,-0.013265258127939888,19.249875783920288,61,,,,,0.588700,
961,109337,284.0,300.38,,-0.013265258127939888,19.249875783920288,61,,,,,0.588700,
962,109543,206.0,297.44,,-0.013265258127939888,19.249875783920288,61,,,,,0.588700,
963,109739,196.0,297.7,,-0.013265258127939888,19.249875783920288,61,,,,,0.588700,
964,110239,500.0,300.42,,-0.013265258127939888,19.249875783920288,61,,,,,0.588700,
965,110671,432.0,301.96,,-0.013265258127939888,19.249875783920288,61,,,,,0.588700,
966,110853,182.0,301.9,,-0.013265258127939888,19.249875783920288,61,,,,,0.588700,
967,111110,257.0,303.42,,-0.013265258127939888,19.249875783920288,61,,,,,0.588700,
968,111610,500.0,303.9,,-0.013265258127939888,19.249875783920288,61,,,,,0.588700,
969,111890,280.0,303.66,,-0.013265258127939888,19.249875783920288,61,,,,,0.588700,
970,112310,420.0,302.86,,-0.013265258127939888,19.249875783920288,61,,,,,0.588700,
971,112530,220.0,303.03,,-0.013265258127939888,19.249875783920288,61,,,,,0.588700,
972,112842,312.0,304.03,,-0.013265258127939888,19.249875783920288,61,,,,,0.588700,
973,113238,396.0,303.83,,-0.013265258127939888,19.249875783920288,61,,,,,0.588700,
974,113738,500.0,307.65,,-0.013265258127939888,19.249875783920288,61,,,,,0.588700,
975,113990,252.0,307.82,,-0.013265258127939888,19.249875783920288,61,,,,,0.588700,
976,114375,385.0,308.2,,-0.013389810261433013,20.049702644348145,62,,,,,0.587532,
977,114689,314.0,308.89,,-0.013389810261433013,20.049702644348145,62,,,,,0.587532,
978,115140,451.0,311.14,,-0.013389810261433013,20.049702644348145,62,,,,,0.587532,
979,115379,239.0,310.65,,-0.013389810261433013,20.049702644348145,62,,,,,0.587532,
980,115675,296.0,308.61,,-0.013389810261433013,20.049702644348145,62,,,,,0.587532,
981,115938,263.0,309.96,,-0.013389810261433013,20.049702644348145,62,,,,,0.587532,
982,116133,195.0,306.91,,-0.013389810261433013,20.049702644348145,62,,,,,0.587532,
983,116633,500.0,308.12,,-0.013389810261433013,20.049702644348145,62,,,,,0.587532,
984,117133,500.0,311.42,,-0.013389810261433013,20.049702644348145,62,,,,,0.587532,
985,117633,500.0,314.31,,-0.013389810261433013,20.049702644348145,62,,,,,0.587532,
986,118133,500.0,316.2,,-0.013389810261433013,20.049702644348145,62,,,,,0.587532,
987,118414,281.0,314.01,,-0.013389810261433013,20.049702644348145,62,,,,,0.587532,
988,118583,169.0,313.29,,-0.013389810261433013,20.049702644348145,62,,,,,0.587532,
989,118885,302.0,313.72,,-0.013389810261433013,20.049702644348145,62,,,,,0.587532,
990,119385,500.0,316.73,,-0.013389810261433013,20.049702644348145,62,,,,,0.587532,
991,119885,500.0,317.26,,-0.013389810261433013,20.049702644348145,62,,,,,0.587532,
992,120385,500.0,320.42,,-0.013557107635424472,20.844367027282715,63,,,,,0.582410,
993,120556,171.0,317.87,,-0.013557107635424472,20.844367027282715,63,,,,,0.582410,
994,120898,342.0,319.13,,-0.013557107635424472,20.844367027282715,63,,,,,0.582410,
995,121398,500.0,321.13,,-0.013557107635424472,20.844367027282715,63,,,,,0.582410,
996,121682,284.0,322.15,,-0.013557107635424472,20.844367027282715,63,,,,,0.582410,
997,122102,420.0,324.24,,-0.013557107635424472,20.844367027282715,63,,,,,0.582410,
998,122277,175.0,323.79,,-0.013557107635424472,20.844367027282715,63,,,,,0.582410,
999,122453,176.0,323.77,,-0.013557107635424472,20.844367027282715,63,,,500.0,0.0,0.582410,
1000,122953,500.0,325.95,,-0.013557107635424472,20.844367027282715,63,,,,,0.582410,
1001,123417,464.0,325.59,,-0.013557107635424472,20.84537935256958,63,,,,,0.582410,
1002,123806,389.0,326.87,,-0.013557107635424472,20.84537935256958,63,,,,,0.582410,
1003,123966,160.0,324.06,,-0.013557107635424472,20.84537935256958,63,,,,,0.582410,
1004,124371,405.0,326.02,,-0.013557107635424472,20.84537935256958,63,,,,,0.582410,
1005,124596,225.0,326.51,,-0.013557107635424472,20.84537935256958,63,,,,,0.582410,
1006,125096,500.0,329.52,,-0.013557107635424472,20.84537935256958,63,,,,,0.582410,
1007,125467,371.0,331.15,,-0.013557107635424472,20.84537935256958,63,,,,,0.582410,
1008,125967,500.0,333.02,,-0.013645221399492584,21.65490198135376,64,,,,,0.586016,
1009,126246,279.0,330.81,,-0.013645221399492584,21.655799627304077,64,,,,,0.586016,
1010,126711,465.0,331.67,,-0.013645221399492584,21.655799627304077,64,,,,,0.586016,
1011,126880,169.0,330.93,,-0.013645221399492584,21.655799627304077,64,,,,,0.586016,
1012,127380,500.0,332.53,,-0.013645221399492584,21.655799627304077,64,,,,,0.586016,
1013,127803,423.0,333.46,,-0.013645221399492584,21.655799627304077,64,,,,,0.586016,
1014,128303,500.0,336.43,,-0.013645221399492584,21.655799627304077,64,,,,,0.586016,
1015,128763,460.0,340.2,,-0.013645221399492584,21.655799627304077,64,,,,,0.586016,
1016,129263,500.0,343.43,,-0.013645221399492584,21.655799627304077,64,,,,,0.586016,
1017,129485,222.0,342.85,,-0.013645221399492584,21.655799627304077,64,,,,,0.586016,
1018,129985,500.0,345.06,,-0.013645221399492584,21.655799627304077,64,,,,,0.586016,
1019,130485,500.0,345.6,,-0.013645221399492584,21.655799627304077,64,,,,,0.586016,
1020,130985,500.0,346.85,,-0.013645221399492584,21.655799627304077,64,,,,,0.586016,
1021,131392,407.0,348.52,,-0.013645221399492584,21.655799627304077,64,,,,,0.586016,
1022,131892,500.0,351.06,,-0.013645221399492584,21.655799627304077,64,,,,,0.586016,
1023,132158,266.0,351.46,,-0.013645221399492584,21.655799627304077,64,,,,,0.586016,
1024,132658,500.0,353.34,,-0.01368589348567184,22.461112022399902,65,,,,,0.582910,
1025,132935,277.0,352.56,,-0.01368589348567184,22.461112022399902,65,,,,,0.582910,
1026,133413,478.0,354.93,,-0.01368589348567184,22.461112022399902,65,,,,,0.582910,
1027,133840,427.0,357.1,,-0.01368589348567184,22.461112022399902,65,,,,,0.582910,
1028,134250,410.0,357.55,,-0.01368589348567184,22.461112022399902,65,,,,,0.582910,
1029,134658,408.0,356.97,,-0.01368589348567184,22.461112022399902,65,,,,,0.582910,
1030,134821,163.0,355.44,,-0.01368589348567184,22.461112022399902,65,,,,,0.582910,
1031,135312,491.0,358.81,,-0.01368589348567184,22.461112022399902,65,,,,,0.582910,
1032,135581,269.0,357.98,,-0.01368589348567184,22.461112022399902,65,,,,,0.582910,
1033,136081,500.0,360.66,,-0.01368589348567184,22.461112022399902,65,,,,,0.582910,
1034,136306,225.0,361.29,,-0.01368589348567184,22.461112022399902,65,,,,,0.582910,
1035,136806,500.0,361.29,,-0.01368589348567184,22.461112022399902,65,,,,,0.582910,
1036,137306,500.0,363.73,,-0.01368589348567184,22.461112022399902,65,,,,,0.582910,
1037,137804,498.0,364.9,,-0.01368589348567184,22.461112022399902,65,,,,,0.582910,
1038,137819,15.0,362.88,,-0.01368589348567184,22.461112022399902,65,,,,,0.582910,
1039,138121,302.0,361.33,,-0.01368589348567184,22.461112022399902,65,,,,,0.582910,
1040,138621,500.0,364.21,,-0.0134531401185086,23.253851652145386,66,,,,,0.587537,
1041,139121,500.0,367.28,,-0.0134531401185086,23.253851652145386,66,,,,,0.587537,
1042,139442,321.0,365.85,,-0.0134531401185086,23.254851579666138,66,,,,,0.587537,
1043,139942,500.0,366.28,,-0.0134531401185086,23.254851579666138,66,,,,,0.587537,
1044,140430,488.0,366.23,,-0.0134531401185086,23.254851579666138,66,,,,,0.587537,
1045,140638,208.0,363.31,,-0.0134531401185086,23.254851579666138,66,,,,,0.587537,
1046,141138,500.0,363.31,,-0.0134531401185086,23.254851579666138,66,,,,,0.587537,
1047,141378,240.0,363.84,,-0.0134531401185086,23.254851579666138,66,,,,,0.587537,
1048,141581,203.0,361.22,,-0.0134531401185086,23.254851579666138,66,,,,,0.587537,
1049,142081,500.0,361.22,,-0.0134531401185086,23.254851579666138,66,,,500.0,0.0,0.587537,
1050,142305,224.0,361.65,,-0.0134531401185086,23.254851579666138,66,,,,,0.587537,
1051,142474,169.0,358.34,,-0.0134531401185086,23.254851579666138,66,,,,,0.587537,
1052,142858,384.0,359.79,,-0.0134531401185086,23.254851579666138,66,,,,,0.587537,
1053,143315,457.0,361.95,,-0.0134531401185086,23.254851579666138,66,,,,,0.587537,
1054,143815,500.0,365.28,,-0.0134531401185086,23.254851579666138,66,,,,,0.587537,
1055,144315,500.0,368.41,,-0.0134531401185086,23.254851579666138,66,,,,,0.587537,
1056,144676,361.0,368.04,,-0.01345721925550606,24.042755842208862,67,,,,,0.587302,
1057,145051,375.0,367.69,,-0.01345721925550606,24.043784856796265,67,,,,,0.587302,
1058,145551,500.0,370.77,,-0.01345721925550606,24.043784856796265,67,,,,,0.587302,
1059,146051,500.0,372.71,,-0.01345721925550606,24.043784856796265,67,,,,,0.587302,
1060,146551,500.0,374.98,,-0.01345721925550606,24.043784856796265,67,,,,,0.587302,
1061,147051,500.0,377.14,,-0.01345721925550606,24.043784856796265,67,,,,,0.587302,
1062,147409,358.0,378.66,,-0.01345721925550606,24.043784856796265,67,,,,,0.587302,
1063,147716,307.0,379.77,,-0.01345721925550606,24.043784856796265,67,,,,,0.587302,
1064,148197,481.0,379.58,,-0.01345721925550606,24.043784856796265,67,,,,,0.587302,
1065,148697,500.0,380.26,,-0.01345721925550606,24.043784856796265,67,,,,,0.587302,
1066,149137,440.0,382.84,,-0.01345721925550606,24.043784856796265,67,,,,,0.587302,
1067,149550,413.0,384.4,,-0.01345721925550606,24.043784856796265,67,,,,,0.587302,
1068,150050,500.0,384.4,,-0.01345721925550606,24.043784856796265,67,,,,,0.587302,
1069,150334,284.0,384.44,,-0.01345721925550606,24.043784856796265,67,,,,,0.587302,
1070,150549,215.0,382.39,,-0.01345721925550606,24.043784856796265,67,,,,,0.587302,
1071,151049,500.0,385.19,,-0.01345721925550606,24.043784856796265,67,,,,,0.587302,
1072,151549,500.0,387.07,,-0.013229563934146427,24.851829051971436,68,,,,,0.584923,
1073,152049,500.0,388.11,,-0.013229563934146427,24.851829051971436,68,,,,,0.584923,
1074,152549,500.0,388.11,,-0.013229563934146427,24.851829051971436,68,,,,,0.584923,
1075,153004,455.0,390.14,,-0.013229563934146427,24.851829051971436,68,,,,,0.584923,
1076,153222,218.0,388.47,,-0.013229563934146427,24.851829051971436,68,,,,,0.584923,
1077,153722,500.0,390.33,,-0.013229563934146427,24.851829051971436,68,,,,,0.584923,
1078,154222,500.0,390.82,,-0.013229563934146427,24.851829051971436,68,,,,,0.584923,
1079,154457,235.0,390.78,,-0.013229563934146427,24.851829051971436,68,,,,,0.584923,
1080,154700,243.0,390.25,,-0.013229563934146427,24.851829051971436,68,,,,,0.584923,
1081,154993,293.0,390.55,,-0.013229563934146427,24.851829051971436,68,,,,,0.584923,
1082,155493,500.0,393.6,,-0.013229563934146427,24.851829051971436,68,,,,,0.584923,
1083,155993,500.0,393.6,,-0.013229563934146427,24.851829051971436,68,,,,,0.584923,
1084,156474,481.0,393.41,,-0.013229563934146427,24.8529851436615,68,,,,,0.584923,
1085,156940,466.0,393.07,,-0.013229563934146427,24.8529851436615,68,,,,,0.584923,
1086,157440,500.0,393.07,,-0.013229563934146427,24.8529851436615,68,,,,,0.584923,
1087,157940,500.0,395.26,,-0.013229563934146427,24.8529851436615,68,,,,,0.584923,
1088,158440,500.0,398.57,,-0.012889555869041941,25.642834424972534,69,,,,,0.586470,
1089,158940,500.0,400.55,,-0.012889555869041941,25.642834424972534,69,,,,,0.586470,
1090,159230,290.0,398.45,,-0.012889555869041941,25.642834424972534,69,,,,,0.586470,
1091,159730,500.0,398.45,,-0.012889555869041941,25.642834424972534,69,,,,,0.586470,
1092,160230,500.0,398.45,,-0.012889555869041941,25.642834424972534,69,,,,,0.586470,
1093,160630,400.0,400.74,,-0.012889555869041941,25.642834424972534,69,,,,,0.586470,
1094,161130,500.0,402.32,,-0.012889555869041941,25.642834424972534,69,,,,,0.586470,
1095,161630,500.0,402.32,,-0.012889555869041941,25.642834424972534,69,,,,,0.586470,
1096,162018,388.0,403.36,,-0.012889555869041941,25.642834424972534,69,,,,,0.586470,
1097,162518,500.0,404.16,,-0.012889555869041941,25.642834424972534,69,,,,,0.586470,
1098,163018,500.0,407.41,,-0.012889555869041941,25.642834424972534,69,,,,,0.586470,
1099,163518,500.0,410.65,,-0.012889555869041941,25.642834424972534,69,,,500.0,0.0,0.586470,
1100,163765,247.0,408.12,,-0.012889555869041941,25.642834424972534,69,,,,,0.586470,
1101,164042,277.0,406.25,,-0.012889555869041941,25.642834424972534,69,,,,,0.586470,
1102,164542,500.0,407.36,,-0.012889555869041941,25.642834424972534,69,,,,,0.586470,
1103,165042,500.0,410.76,,-0.012889555869041941,25.642834424972534,69,,,,,0.586470,
1104,165299,257.0,409.28,,-0.012646624217159114,26.4501953125,70,,,,,0.585988,
1105,165799,500.0,412.03,,-0.012646624217159114,26.4501953125,70,,,,,0.585988,
1106,166299,500.0,412.03,,-0.012646624217159114,26.4501953125,70,,,,,0.585988,
1107,166799,500.0,413.32,,-0.012646624217159114,26.4501953125,70,,,,,0.585988,
1108,167299,500.0,413.32,,-0.012646624217159114,26.4501953125,70,,,,,0.585988,
1109,167799,500.0,415.53,,-0.012646624217159114,26.4501953125,70,,,,,0.585988,
1110,168115,316.0,414.04,,-0.012646624217159114,26.4501953125,70,,,,,0.585988,
1111,168615,500.0,417.35,,-0.012646624217159114,26.4501953125,70,,,,,0.585988,
1112,169115,500.0,417.35,,-0.012646624217159114,26.4501953125,70,,,,,0.585988,
1113,169565,450.0,417.62,,-0.012646624217159114,26.4501953125,70,,,,,0.585988,
1114,170065,500.0,417.62,,-0.012646624217159114,26.4501953125,70,,,,,0.585988,
1115,170550,485.0,417.87,,-0.012646624217159114,26.4501953125,70,,,,,0.585988,
1116,171050,500.0,417.87,,-0.012646624217159114,26.4501953125,70,,,,,0.585988,
1117,171550,500.0,420.65,,-0.012646624217159114,26.4501953125,70,,,,,0.585988,
1118,172050,500.0,420.65,,-0.012646624217159114,26.4501953125,70,,,,,0.585988,
1119,172550,500.0,420.65,,-0.012646624217159114,26.4501953125,70,,,,,0.585988,
1120,172931,381.0,419.46,,-0.01217816099000629,27.229645013809204,71,,,,,0.583898,
1121,173431,500.0,420.39,,-0.01217816099000629,27.229645013809204,71,,,,,0.583898,
1122,173931,500.0,420.39,,-0.01217816099000629,27.229645013809204,71,,,,,0.583898,
1123,174431,500.0,422.73,,-0.01217816099000629,27.229645013809204,71,,,,,0.583898,
1124,174931,500.0,422.73,,-0.01217816099000629,27.229645013809204,71,,,,,0.583898,
1125,175431,500.0,424.96,,-0.01217816099000629,27.229645013809204,71,,,,,0.583898,
1126,175931,500.0,425.18,,-0.01217816099000629,27.229645013809204,71,,,,,0.583898,
1127,176431,500.0,425.91,,-0.01217816099000629,27.23066473007202,71,,,,,0.583898,
1128,176931,500.0,426.81,,-0.01217816099000629,27.23066473007202,71,,,,,0.583898,
1129,177431,500.0,427.73,,-0.01217816099000629,27.23066473007202,71,,,,,0.583898,
1130,177931,500.0,431.1,,-0.01217816099000629,27.23066473007202,71,,,,,0.583898,
1131,178287,356.0,429.75,,-0.01217816099000629,27.23066473007202,71,,,,,0.583898,
1132,178547,260.0,429.66,,-0.01217816099000629,27.23066473007202,71,,,,,0.583898,
1133,179047,500.0,429.66,,-0.01217816099000629,27.23066473007202,71,,,,,0.583898,
1134,179454,407.0,431.48,,-0.01217816099000629,27.23066473007202,71,,,,,0.583898,
1135,179877,423.0,430.71,,-0.01217816099000629,27.23066473007202,71,,,,,0.583898,
1136,180377,500.0,430.71,,-0.01115080294024665,28.009703874588013,72,,,,,0.584775,
1137,180877,500.0,430.73,,-0.01115080294024665,28.009703874588013,72,,,,,0.584775,
1138,181377,500.0,435.58,,-0.01115080294024665,28.009703874588013,72,,,,,0.584775,
1139,181877,500.0,437.56,,-0.01115080294024665,28.009703874588013,72,,,,,0.584775,
1140,182377,500.0,437.56,,-0.01115080294024665,28.009703874588013,72,,,,,0.584775,
1141,182877,500.0,437.56,,-0.01115080294024665,28.009703874588013,72,,,,,0.584775,
1142,183299,422.0,438.57,,-0.01115080294024665,28.01070547103882,72,,,,,0.584775,
1143,183799,500.0,438.57,,-0.01115080294024665,28.01070547103882,72,,,,,0.584775,
1144,184299,500.0,438.69,,-0.01115080294024665,28.01070547103882,72,,,,,0.584775,
1145,184799,500.0,441.61,,-0.01115080294024665,28.01070547103882,72,,,,,0.584775,
1146,185271,472.0,441.33,,-0.01115080294024665,28.01070547103882,72,,,,,0.584775,
1147,185771,500.0,443.93,,-0.01115080294024665,28.01070547103882,72,,,,,0.584775,
1148,186271,500.0,446.9,,-0.01115080294024665,28.01070547103882,72,,,,,0.584775,
1149,186771,500.0,446.9,,-0.01115080294024665,28.01070547103882,72,,,500.0,0.0,0.584775,
1150,187271,500.0,449.66,,-0.01115080294024665,28.01070547103882,72,,,,,0.584775,
1151,187771,500.0,452.97,,-0.01115080294024665,28.01070547103882,72,,,,,0.584775,
1152,188271,500.0,454.13,,-0.010780674878624268,28.804515600204468,73,,,,,0.582369,
1153,188771,500.0,454.56,,-0.010780674878624268,28.804515600204468,73,,,,,0.582369,
1154,189271,500.0,454.56,,-0.010780674878624268,28.804515600204468,73,,,,,0.582369,
1155,189703,432.0,453.88,,-0.010780674878624268,28.804515600204468,73,,,,,0.582369,
1156,190203,500.0,455.27,,-0.010780674878624268,28.804515600204468,73,,,,,0.582369,
1157,190455,252.0,454.04,,-0.010780674878624268,28.804515600204468,73,,,,,0.582369,
1158,190955,500.0,454.04,,-0.010780674878624268,28.804515600204468,73,,,,,0.582369,
1159,191387,432.0,453.36,,-0.010780674878624268,28.804515600204468,73,,,,,0.582369,
1160,191887,500.0,453.36,,-0.010780674878624268,28.804515600204468,73,,,,,0.582369,
1161,192387,500.0,453.36,,-0.010780674878624268,28.804515600204468,73,,,,,0.582369,
1162,192887,500.0,454.78,,-0.010780674878624268,28.804515600204468,73,,,,,0.582369,
1163,193387,500.0,456.71,,-0.010780674878624268,28.804515600204468,73,,,,,0.582369,
1164,193734,347.0,455.37,,-0.010780674878624268,28.804515600204468,73,,,,,0.582369,
1165,193975,241.0,452.78,,-0.010780674878624268,28.804515600204468,73,,,,,0.582369,
1166,194475,500.0,453.38,,-0.010780674878624268,28.804515600204468,73,,,,,0.582369,
1167,194967,492.0,454.17,,-0.010780674878624268,28.804515600204468,73,,,,,0.582369,
1168,195467,500.0,454.17,,-0.010437671214458533,29.602025985717773,74,,,,,0.587141,
1169,195967,500.0,456.33,,-0.010437671214458533,29.602025985717773,74,,,,,0.587141,
1170,196467,500.0,459.18,,-0.010437671214458533,29.602025985717773,74,,,,,0.587141,
1171,196967,500.0,459.18,,-0.010437671214458533,29.602025985717773,74,,,,,0.587141,
1172,197467,500.0,459.18,,-0.010437671214458533,29.602025985717773,74,,,,,0.587141,
1173,197947,480.0,458.98,,-0.010437671214458533,29.602025985717773,74,,,,,0.587141,
1174,198447,500.0,458.98,,-0.010437671214458533,29.602025985717773,74,,,,,0.587141,
1175,198947,500.0,459.43,,-0.010437671214458533,29.602025985717773,74,,,,,0.587141,
1176,199447,500.0,462.25,,-0.010437671214458533,29.602025985717773,74,,,,,0.587141,
1177,199654,207.0,459.32,,-0.010437671214458533,29.602025985717773,74,,,,,0.587141,
1178,200154,500.0,459.32,,-0.010437671214458533,29.602025985717773,74,,,,,0.587141,
1179,200654,500.0,461.97,,-0.010437671214458533,29.602025985717773,74,,,,,0.587141,
1180,201154,500.0,464.54,,-0.010437671214458533,29.602025985717773,74,,,,,0.587141,
1181,201654,500.0,466.61,,-0.010437671214458533,29.603020906448364,74,,,,,0.587141,
1182,202075,421.0,465.82,,-0.010437671214458533,29.603020906448364,74,,,,,0.587141,
1183,202575,500.0,465.82,,-0.010437671214458533,29.603020906448364,74,,,,,0.587141,
1184,202976,401.0,465.02,,-0.010246043003280646,30.42009997367859,75,,,,,0.580390,
1185,203236,260.0,462.96,,-0.010246043003280646,30.42009997367859,75,,,,,0.580390,
1186,203736,500.0,462.96,,-0.010246043003280646,30.42009997367859,75,,,,,0.580390,
1187,203915,179.0,459.75,,-0.010246043003280646,30.42009997367859,75,,,,,0.580390,
1188,204415,500.0,459.75,,-0.010246043003280646,30.42009997367859,75,,,,,0.580390,
1189,204915,500.0,459.75,,-0.010246043003280646,30.42009997367859,75,,,,,0.580390,
1190,205415,500.0,461.85,,-0.010246043003280646,30.42009997367859,75,,,,,0.580390,
1191,205915,500.0,461.85,,-0.010246043003280646,30.42009997367859,75,,,,,0.580390,
1192,206415,500.0,461.85,,-0.010246043003280646,30.42109990119934,75,,,,,0.580390,
1193,206915,500.0,462.85,,-0.010246043003280646,30.42109990119934,75,,,,,0.580390,
1194,207415,500.0,462.85,,-0.010246043003280646,30.42109990119934,75,,,,,0.580390,
1195,207915,500.0,462.85,,-0.010246043003280646,30.42109990119934,75,,,,,0.580390,
1196,208415,500.0,463.97,,-0.010246043003280646,30.42109990119934,75,,,,,0.580390,
1197,208915,500.0,463.97,,-0.010246043003280646,30.42109990119934,75,,,,,0.580390,
1198,209415,500.0,463.97,,-0.010246043003280646,30.42109990119934,75,,,,,0.580390,
1199,209915,500.0,463.97,,-0.010246043003280646,30.42109990119934,75,,,500.0,0.0,0.580390,
1200,210368,453.0,466.03,,-0.009650358625804075,31.202346563339233,76,,,,,0.579731,
1201,210868,500.0,468.26,,-0.009650358625804075,31.202346563339233,76,,,,,0.579731,
1202,211289,421.0,467.47,,-0.009650358625804075,31.202346563339233,76,,,,,0.579731,
1203,211789,500.0,467.47,,-0.009650358625804075,31.202346563339233,76,,,,,0.579731,
1204,212289,500.0,469.9,,-0.009650358625804075,31.202346563339233,76,,,,,0.579731,
1205,212789,500.0,469.9,,-0.009650358625804075,31.202346563339233,76,,,,,0.579731,
1206,212963,174.0,466.64,,-0.009650358625804075,31.202346563339233,76,,,,,0.579731,
1207,213463,500.0,466.64,,-0.009650358625804075,31.202346563339233,76,,,,,0.579731,
1208,213963,500.0,466.64,,-0.009650358625804075,31.202346563339233,76,,,,,0.579731,
1209,214463,500.0,466.64,,-0.009650358625804075,31.202346563339233,76,,,,,0.579731,
1210,214963,500.0,468.48,,-0.009650358625804075,31.202346563339233,76,,,,,0.579731,
1211,215463,500.0,468.48,,-0.009650358625804075,31.202346563339233,76,,,,,0.579731,
1212,215850,387.0,467.35,,-0.009650358625804075,31.202346563339233,76,,,,,0.579731,
1213,216350,500.0,467.85,,-0.009650358625804075,31.202346563339233,76,,,,,0.579731,
1214,216850,500.0,467.85,,-0.009650358625804075,31.202346563339233,76,,,,,0.579731,
1215,217350,500.0,468.0,,-0.009650358625804075,31.202346563339233,76,,,,,0.579731,
1216,217850,500.0,468.0,,-0.009187859612866304,31.999493837356567,77,,,,,0.582764,
1217,218350,500.0,468.0,,-0.009187859612866304,31.999493837356567,77,,,,,0.582764,
1218,218850,500.0,468.0,,-0.009187859612866304,31.999493837356567,77,,,,,0.582764,
1219,219350,500.0,468.0,,-0.009187859612866304,31.999493837356567,77,,,,,0.582764,
1220,219850,500.0,469.19,,-0.009187859612866304,31.999493837356567,77,,,,,0.582764,
1221,220274,424.0,468.43,,-0.009187859612866304,31.999493837356567,77,,,,,0.582764,
1222,220774,500.0,468.43,,-0.009187859612866304,31.999493837356567,77,,,,,0.582764,
1223,221274,500.0,468.43,,-0.009187859612866304,31.999493837356567,77,,,,,0.582764,
1224,221774,500.0,468.43,,-0.009187859612866304,31.999493837356567,77,,,,,0.582764,
1225,222274,500.0,468.43,,-0.009187859612866304,31.999493837356567,77,,,,,0.582764,
1226,222774,500.0,468.43,,-0.009187859612866304,31.999493837356567,77,,,,,0.582764,
1227,223274,500.0,468.43,,-0.009187859612866304,31.999493837356567,77,,,,,0.582764,
1228,223774,500.0,468.43,,-0.009187859612866304,31.999493837356567,77,,,,,0.582764,
1229,224274,500.0,468.43,,-0.009187859612866304,31.999493837356567,77,,,,,0.582764,
1230,224774,500.0,468.43,,-0.009187859612866304,31.999493837356567,77,,,,,0.582764,
1231,225274,500.0,469.87,,-0.009187859612866304,31.999493837356567,77,,,,,0.582764,
1232,225774,500.0,472.27,,-0.0089364439988276,32.79168486595154,78,,,,,0.579747,
1233,225943,169.0,468.96,,-0.0089364439988276,32.79168486595154,78,,,,,0.579747,
1234,226443,500.0,469.89,,-0.0089364439988276,32.79168486595154,78,,,,,0.579747,
1235,226943,500.0,470.66,,-0.0089364439988276,32.79168486595154,78,,,,,0.579747,
1236,227443,500.0,470.66,,-0.0089364439988276,32.79168486595154,78,,,,,0.579747,
1237,227943,500.0,470.66,,-0.0089364439988276,32.79168486595154,78,,,,,0.579747,
1238,228443,500.0,470.66,,-0.0089364439988276,32.79168486595154,78,,,,,0.579747,
1239,228943,500.0,470.66,,-0.0089364439988276,32.79168486595154,78,,,,,0.579747,
1240,229353,410.0,469.76,,-0.0089364439988276,32.79168486595154,78,,,,,0.579747,
1241,229853,500.0,469.76,,-0.0089364439988276,32.79168486595154,78,,,,,0.579747,
1242,230286,433.0,469.87,,-0.0089364439988276,32.79168486595154,78,,,,,0.579747,
1243,230786,500.0,469.87,,-0.0089364439988276,32.79168486595154,78,,,,,0.579747,
1244,231286,500.0,469.87,,-0.0089364439988276,32.79168486595154,78,,,,,0.579747,
1245,231786,500.0,469.87,,-0.0089364439988276,32.79168486595154,78,,,,,0.579747,
1246,232286,500.0,470.15,,-0.0089364439988276,32.79168486595154,78,,,,,0.579747,
1247,232786,500.0,470.15,,-0.0089364439988276,32.79168486595154,78,,,,,0.579747,
1248,233286,500.0,470.15,,-0.008851092405966482,33.614691972732544,79,,,,,0.577600,
1249,233786,500.0,470.15,,-0.008851092405966482,33.614691972732544,79,,,500.0,0.0,0.577600,
1250,234286,500.0,470.15,,-0.008851092405966482,33.614691972732544,79,,,,,0.577600,
1251,234494,208.0,467.23,,-0.008851092405966482,33.614691972732544,79,,,,,0.577600,
1252,234994,500.0,467.23,,-0.008851092405966482,33.614691972732544,79,,,,,0.577600,
1253,235494,500.0,467.23,,-0.008851092405966482,33.614691972732544,79,,,,,0.577600,
1254,235994,500.0,467.23,,-0.008851092405966482,33.614691972732544,79,,,,,0.577600,
1255,236494,500.0,467.91,,-0.008851092405966482,33.614691972732544,79,,,,,0.577600,
1256,236994,500.0,467.91,,-0.008851092405966482,33.614691972732544,79,,,,,0.577600,
1257,237491,497.0,470.36,,-0.008851092405966482,33.614691972732544,79,,,,,0.577600,
1258,237991,500.0,470.36,,-0.008851092405966482,33.614691972732544,79,,,,,0.577600,
1259,238491,500.0,471.04,,-0.008851092405966482,33.614691972732544,79,,,,,0.577600,
1260,238991,500.0,471.04,,-0.008851092405966482,33.614691972732544,79,,,,,0.577600,
1261,239491,500.0,471.04,,-0.008851092405966482,33.614691972732544,79,,,,,0.577600,
1262,239970,479.0,470.83,,-0.008851092405966482,33.614691972732544,79,,,,,0.577600,
1263,240470,500.0,470.83,,-0.008851092405966482,33.614691972732544,79,,,,,0.577600,
1264,240970,500.0,472.36,,-0.008455133821698838,34.492008447647095,80,,,,,0.580724,
1265,241470,500.0,474.95,,-0.008455133821698838,34.49301075935364,80,,,,,0.580724,
1266,241970,500.0,474.95,,-0.008455133821698838,34.49301075935364,80,,,,,0.580724,
1267,242470,500.0,475.03,,-0.008455133821698838,34.49301075935364,80,,,,,0.580724,
