episode,total_env_steps,episode_reward,avg_reward_100,epsilon,mean_loss,wall_clock_s,grad_steps,w,lam,eval_mean_reward,eval_std_reward,entropy,beta,value_loss,explained_variance
0,13,13.0,13.0,,9.461540222167969,0.029165983200073242,1,,,,,0.654747,,18.768583,0.220159
1,33,20.0,16.5,,9.461540222167969,0.029165983200073242,1,,,,,0.654747,,18.768583,0.220159
2,74,41.0,24.666666666666668,,9.461540222167969,0.029165983200073242,1,,,,,0.654747,,18.768583,0.220159
3,91,17.0,22.75,,9.461540222167969,0.029165983200073242,1,,,,,0.654747,,18.768583,0.220159
4,119,28.0,23.8,,9.461540222167969,0.029165983200073242,1,,,,,0.654747,,18.768583,0.220159
5,150,31.0,25.0,,9.461540222167969,0.03203582763671875,1,,,,,0.654747,,18.768583,0.220159
6,172,22.0,24.571428571428573,,9.461540222167969,0.03203582763671875,1,,,,,0.654747,,18.768583,0.220159
7,189,17.0,23.625,,9.461540222167969,0.03203582763671875,1,,,,,0.654747,,18.768583,0.220159
8,200,11.0,22.22222222222222,,9.461540222167969,0.03203582763671875,1,,,,,0.654747,,18.768583,0.220159
9,245,45.0,24.5,,9.461540222167969,0.03203582763671875,1,,,,,0.654747,,18.768583,0.220159
10,272,27.0,24.727272727272727,,9.461540222167969,0.03203582763671875,1,,,,,0.654747,,18.768583,0.220159
11,293,21.0,24.416666666666668,,9.461540222167969,0.03203582763671875,1,,,,,0.654747,,18.768583,0.220159
12,308,15.0,23.692307692307693,,9.461540222167969,0.03203582763671875,1,,,,,0.654747,,18.768583,0.220159
13,356,48.0,25.428571428571427,,9.461540222167969,0.03203582763671875,1,,,,,0.654747,,18.768583,0.220159
14,373,17.0,24.866666666666667,,9.461540222167969,0.03203582763671875,1,,,,,0.654747,,18.768583,0.220159
15,382,9.0,23.875,,9.461540222167969,0.03203582763671875,1,,,,,0.654747,,18.768583,0.220159
16,395,13.0,23.235294117647058,,9.24179744720459,0.05493497848510742,2,,,,,0.664255,,17.978760,0.147062
17,431,36.0,23.944444444444443,,9.24179744720459,0.05493497848510742,2,,,,,0.664255,,17.978760,0.147062
18,446,15.0,23.473684210526315,,9.24179744720459,0.05493497848510742,2,,,,,0.664255,,17.978760,0.147062
19,475,29.0,23.75,,9.24179744720459,0.05493497848510742,2,,,,,0.664255,,17.978760,0.147062
20,492,17.0,23.428571428571427,,9.24179744720459,0.05493497848510742,2,,,,,0.664255,,17.978760,0.147062
21,501,9.0,22.772727272727273,,9.24179744720459,0.05493497848510742,2,,,,,0.664255,,17.978760,0.147062
22,520,19.0,22.608695652173914,,9.24179744720459,0.05493497848510742,2,,,,,0.664255,,17.978760,0.147062
23,540,20.0,22.5,,9.24179744720459,0.05493497848510742,2,,,,,0.664255,,17.978760,0.147062
24,562,22.0,22.48,,9.24179744720459,0.05493497848510742,2,,,,,0.664255,,17.978760,0.147062
25,609,47.0,23.423076923076923,,9.24179744720459,0.05493497848510742,2,,,,,0.664255,,17.978760,0.147062
26,627,18.0,23.22222222222222,,9.24179744720459,0.05493497848510742,2,,,,,0.664255,,17.978760,0.147062
27,649,22.0,23.178571428571427,,9.24179744720459,0.05493497848510742,2,,,,,0.664255,,17.978760,0.147062
28,670,21.0,23.103448275862068,,9.24179744720459,0.05493497848510742,2,,,,,0.664255,,17.978760,0.147062
29,691,21.0,23.033333333333335,,9.24179744720459,0.05493497848510742,2,,,,,0.664255,,17.978760,0.147062
30,708,17.0,22.838709677419356,,9.24179744720459,0.05493497848510742,2,,,,,0.664255,,17.978760,0.147062
31,720,12.0,22.5,,9.24179744720459,0.05493497848510742,2,,,,,0.664255,,17.978760,0.147062
32,736,16.0,22.303030303030305,,8.480566342671713,0.08213329315185547,3,,,,,0.671602,,13.868389,0.092565
33,748,12.0,22.0,,8.480566342671713,0.08213329315185547,3,,,,,0.671602,,13.868389,0.092565
34,783,35.0,22.37142857142857,,8.480566342671713,0.08213329315185547,3,,,,,0.671602,,13.868389,0.092565
35,828,45.0,23.0,,8.480566342671713,0.08213329315185547,3,,,,,0.671602,,13.868389,0.092565
36,840,12.0,22.7027027027027,,8.480566342671713,0.08213329315185547,3,,,,,0.671602,,13.868389,0.092565
37,859,19.0,22.605263157894736,,8.480566342671713,0.08213329315185547,3,,,,,0.671602,,13.868389,0.092565
38,878,19.0,22.512820512820515,,8.480566342671713,0.08213329315185547,3,,,,,0.671602,,13.868389,0.092565
39,903,25.0,22.575,,8.480566342671713,0.08213329315185547,3,,,,,0.671602,,13.868389,0.092565
40,913,10.0,22.26829268292683,,8.480566342671713,0.08213329315185547,3,,,,,0.671602,,13.868389,0.092565
41,926,13.0,22.047619047619047,,8.480566342671713,0.08213329315185547,3,,,,,0.671602,,13.868389,0.092565
42,965,39.0,22.441860465116278,,8.480566342671713,0.08213329315185547,3,,,,,0.671602,,13.868389,0.092565
43,1016,51.0,23.09090909090909,,8.480566342671713,0.08213329315185547,3,,,,,0.671602,,13.868389,0.092565
44,1042,26.0,23.155555555555555,,8.480566342671713,0.08213329315185547,3,,,,,0.671602,,13.868389,0.092565
45,1062,20.0,23.08695652173913,,8.480566342671713,0.08213329315185547,3,,,,,0.671602,,13.868389,0.092565
46,1079,17.0,22.95744680851064,,8.480566342671713,0.08213329315185547,3,,,,,0.671602,,13.868389,0.092565
47,1097,18.0,22.854166666666668,,8.480566342671713,0.08213329315185547,3,,,,,0.671602,,13.868389,0.092565
48,1117,20.0,22.79591836734694,,7.791279911994934,0.10221743583679199,4,,,,,0.676085,,11.386448,0.203118
49,1135,18.0,22.7,,7.791279911994934,0.10221743583679199,4,,,9.2,0.7483314773547882,0.676085,,11.386448,0.203118
50,1161,26.0,22.764705882352942,,7.791279911994934,0.10221743583679199,4,,,,,0.676085,,11.386448,0.203118
51,1176,15.0,22.615384615384617,,7.791279911994934,0.10221743583679199,4,,,,,0.676085,,11.386448,0.203118
52,1185,9.0,22.358490566037737,,7.791279911994934,0.10221743583679199,4,,,,,0.676085,,11.386448,0.203118
53,1196,11.0,22.14814814814815,,7.791279911994934,0.10221743583679199,4,,,,,0.676085,,11.386448,0.203118
54,1210,14.0,22.0,,7.791279911994934,0.10221743583679199,4,,,,,0.676085,,11.386448,0.203118
55,1237,27.0,22.089285714285715,,7.791279911994934,0.10221743583679199,4,,,,,0.676085,,11.386448,0.203118
56,1255,18.0,22.017543859649123,,7.791279911994934,0.10221743583679199,4,,,,,0.676085,,11.386448,0.203118
57,1279,24.0,22.051724137931036,,7.791279911994934,0.10221743583679199,4,,,,,0.676085,,11.386448,0.203118
58,1295,16.0,21.949152542372882,,7.791279911994934,0.10221743583679199,4,,,,,0.676085,,11.386448,0.203118
59,1322,27.0,22.033333333333335,,7.791279911994934,0.10221743583679199,4,,,,,0.676085,,11.386448,0.203118
60,1341,19.0,21.983606557377048,,7.791279911994934,0.10221743583679199,4,,,,,0.676085,,11.386448,0.203118
61,1354,13.0,21.838709677419356,,7.791279911994934,0.10221743583679199,4,,,,,0.676085,,11.386448,0.203118
62,1369,15.0,21.73015873015873,,7.791279911994934,0.10221743583679199,4,,,,,0.676085,,11.386448,0.203118
63,1381,12.0,21.578125,,7.791279911994934,0.10221743583679199,4,,,,,0.676085,,11.386448,0.203118
64,1430,49.0,22.0,,7.342685508728027,0.12580394744873047,5,,,,,0.681735,,11.052706,-0.552751
65,1451,21.0,21.984848484848484,,7.342685508728027,0.12580394744873047,5,,,,,0.681735,,11.052706,-0.552751
66,1474,23.0,22.0,,7.342685508728027,0.12580394744873047,5,,,,,0.681735,,11.052706,-0.552751
67,1494,20.0,21.970588235294116,,7.342685508728027,0.12580394744873047,5,,,,,0.681735,,11.052706,-0.552751
68,1516,22.0,21.971014492753625,,7.342685508728027,0.12580394744873047,5,,,,,0.681735,,11.052706,-0.552751
69,1533,17.0,21.9,,7.342685508728027,0.12580394744873047,5,,,,,0.681735,,11.052706,-0.552751
70,1558,25.0,21.943661971830984,,7.342685508728027,0.12580394744873047,5,,,,,0.681735,,11.052706,-0.552751
71,1569,11.0,21.791666666666668,,7.342685508728027,0.12580394744873047,5,,,,,0.681735,,11.052706,-0.552751
72,1591,22.0,21.794520547945204,,7.342685508728027,0.12580394744873047,5,,,,,0.681735,,11.052706,-0.552751
73,1612,21.0,21.783783783783782,,7.342685508728027,0.12580394744873047,5,,,,,0.681735,,11.052706,-0.552751
74,1643,31.0,21.906666666666666,,7.342685508728027,0.12684035301208496,5,,,,,0.681735,,11.052706,-0.552751
75,1660,17.0,21.842105263157894,,7.342685508728027,0.12684035301208496,5,,,,,0.681735,,11.052706,-0.552751
76,1677,17.0,21.77922077922078,,7.342685508728027,0.12684035301208496,5,,,,,0.681735,,11.052706,-0.552751
77,1690,13.0,21.666666666666668,,7.342685508728027,0.12684035301208496,5,,,,,0.681735,,11.052706,-0.552751
78,1705,15.0,21.582278481012658,,7.342685508728027,0.12684035301208496,5,,,,,0.681735,,11.052706,-0.552751
79,1717,12.0,21.4625,,7.342685508728027,0.12684035301208496,5,,,,,0.681735,,11.052706,-0.552751
80,1749,32.0,21.59259259259259,,6.569588700930278,0.14630699157714844,6,,,,,0.686300,,5.353915,0.292499
81,1787,38.0,21.79268292682927,,6.569588700930278,0.14630699157714844,6,,,,,0.686300,,5.353915,0.292499
82,1805,18.0,21.746987951807228,,6.569588700930278,0.14630699157714844,6,,,,,0.686300,,5.353915,0.292499
83,1826,21.0,21.738095238095237,,6.569588700930278,0.14630699157714844,6,,,,,0.686300,,5.353915,0.292499
84,1852,26.0,21.788235294117648,,6.569588700930278,0.14630699157714844,6,,,,,0.686300,,5.353915,0.292499
85,1865,13.0,21.686046511627907,,6.569588700930278,0.14630699157714844,6,,,,,0.686300,,5.353915,0.292499
86,1888,23.0,21.701149425287355,,6.569588700930278,0.14630699157714844,6,,,,,0.686300,,5.353915,0.292499
87,1906,18.0,21.65909090909091,,6.569588700930278,0.14630699157714844,6,,,,,0.686300,,5.353915,0.292499
88,1938,32.0,21.775280898876403,,6.569588700930278,0.14630699157714844,6,,,,,0.686300,,5.353915,0.292499
89,1960,22.0,21.77777777777778,,6.569588700930278,0.14630699157714844,6,,,,,0.686300,,5.353915,0.292499
90,1979,19.0,21.747252747252748,,6.569588700930278,0.14630699157714844,6,,,,,0.686300,,5.353915,0.292499
91,2004,25.0,21.782608695652176,,6.569588700930278,0.14630699157714844,6,,,,,0.686300,,5.353915,0.292499
92,2017,13.0,21.688172043010752,,6.569588700930278,0.14630699157714844,6,,,,,0.686300,,5.353915,0.292499
93,2043,26.0,21.73404255319149,,6.569588700930278,0.14630699157714844,6,,,,,0.686300,,5.353915,0.292499
94,2065,22.0,21.736842105263158,,6.569588700930278,0.14630699157714844,6,,,,,0.686300,,5.353915,0.292499
95,2084,19.0,21.708333333333332,,6.569588700930278,0.14630699157714844,6,,,,,0.686300,,5.353915,0.292499
96,2098,14.0,21.628865979381445,,6.055201292037964,0.1703946590423584,7,,,,,0.688991,,5.906882,-0.192451
97,2129,31.0,21.724489795918366,,6.055201292037964,0.1703946590423584,7,,,,,0.688991,,5.906882,-0.192451
98,2158,29.0,21.7979797979798,,6.055201292037964,0.1703946590423584,7,,,,,0.688991,,5.906882,-0.192451
99,2169,11.0,21.69,,6.055201292037964,0.1703946590423584,7,,,9.8,0.9797958971132713,0.688991,,5.906882,-0.192451
100,2185,16.0,21.72,,6.055201292037964,0.1703946590423584,7,,,,,0.688991,,5.906882,-0.192451
101,2204,19.0,21.71,,6.055201292037964,0.1703946590423584,7,,,,,0.688991,,5.906882,-0.192451
102,2229,25.0,21.55,,6.055201292037964,0.1703946590423584,7,,,,,0.688991,,5.906882,-0.192451
103,2277,48.0,21.86,,6.055201292037964,0.1703946590423584,7,,,,,0.688991,,5.906882,-0.192451
104,2311,34.0,21.92,,6.055201292037964,0.1703946590423584,7,,,,,0.688991,,5.906882,-0.192451
105,2353,42.0,22.03,,6.055201292037964,0.1703946590423584,7,,,,,0.688991,,5.906882,-0.192451
106,2387,34.0,22.15,,6.055201292037964,0.1703946590423584,7,,,,,0.688991,,5.906882,-0.192451
107,2408,21.0,22.19,,6.055201292037964,0.1703946590423584,7,,,,,0.688991,,5.906882,-0.192451
108,2420,12.0,22.2,,6.055201292037964,0.1703946590423584,7,,,,,0.688991,,5.906882,-0.192451
109,2434,14.0,21.89,,6.055201292037964,0.1703946590423584,7,,,,,0.688991,,5.906882,-0.192451
110,2462,28.0,21.9,,6.055201292037964,0.1703946590423584,7,,,,,0.688991,,5.906882,-0.192451
111,2498,36.0,22.05,,6.055201292037964,0.1703946590423584,7,,,,,0.688991,,5.906882,-0.192451
112,2514,16.0,22.06,,5.742610484361649,0.19681930541992188,8,,,,,0.689568,,7.104503,-0.779095
113,2532,18.0,21.76,,5.742610484361649,0.19681930541992188,8,,,,,0.689568,,7.104503,-0.779095
114,2553,21.0,21.8,,5.742610484361649,0.19681930541992188,8,,,,,0.689568,,7.104503,-0.779095
115,2590,37.0,22.08,,5.742610484361649,0.19681930541992188,8,,,,,0.689568,,7.104503,-0.779095
116,2600,10.0,22.05,,5.742610484361649,0.19681930541992188,8,,,,,0.689568,,7.104503,-0.779095
117,2622,22.0,21.91,,5.742610484361649,0.19681930541992188,8,,,,,0.689568,,7.104503,-0.779095
118,2646,24.0,22.0,,5.742610484361649,0.19681930541992188,8,,,,,0.689568,,7.104503,-0.779095
119,2678,32.0,22.03,,5.742610484361649,0.19681930541992188,8,,,,,0.689568,,7.104503,-0.779095
120,2690,12.0,21.98,,5.742610484361649,0.19782066345214844,8,,,,,0.689568,,7.104503,-0.779095
121,2708,18.0,22.07,,5.742610484361649,0.19782066345214844,8,,,,,0.689568,,7.104503,-0.779095
122,2742,34.0,22.22,,5.742610484361649,0.19782066345214844,8,,,,,0.689568,,7.104503,-0.779095
123,2796,54.0,22.56,,5.742610484361649,0.19782066345214844,8,,,,,0.689568,,7.104503,-0.779095
124,2813,17.0,22.51,,5.742610484361649,0.19782066345214844,8,,,,,0.689568,,7.104503,-0.779095
125,2823,10.0,22.14,,5.742610484361649,0.19782066345214844,8,,,,,0.689568,,7.104503,-0.779095
126,2847,24.0,22.2,,5.742610484361649,0.19782066345214844,8,,,,,0.689568,,7.104503,-0.779095
127,2858,11.0,22.09,,5.742610484361649,0.19782066345214844,8,,,,,0.689568,,7.104503,-0.779095
128,2889,31.0,22.19,,5.528049839867486,0.22967958450317383,9,,,,,0.690302,,7.627006,-0.663881
129,2917,28.0,22.26,,5.528049839867486,0.22967958450317383,9,,,,,0.690302,,7.627006,-0.663881
130,2945,28.0,22.37,,5.528049839867486,0.22967958450317383,9,,,,,0.690302,,7.627006,-0.663881
131,2964,19.0,22.44,,5.528049839867486,0.22967958450317383,9,,,,,0.690302,,7.627006,-0.663881
132,3016,52.0,22.8,,5.528049839867486,0.22967958450317383,9,,,,,0.690302,,7.627006,-0.663881
133,3029,13.0,22.81,,5.528049839867486,0.22967958450317383,9,,,,,0.690302,,7.627006,-0.663881
134,3045,16.0,22.62,,5.528049839867486,0.22967958450317383,9,,,,,0.690302,,7.627006,-0.663881
135,3087,42.0,22.59,,5.528049839867486,0.22967958450317383,9,,,,,0.690302,,7.627006,-0.663881
136,3097,10.0,22.57,,5.528049839867486,0.22967958450317383,9,,,,,0.690302,,7.627006,-0.663881
137,3116,19.0,22.57,,5.528049839867486,0.22967958450317383,9,,,,,0.690302,,7.627006,-0.663881
138,3139,23.0,22.61,,5.528049839867486,0.22967958450317383,9,,,,,0.690302,,7.627006,-0.663881
139,3210,71.0,23.07,,5.528049839867486,0.22967958450317383,9,,,,,0.690302,,7.627006,-0.663881
140,3242,32.0,23.29,,5.528049839867486,0.22967958450317383,9,,,,,0.690302,,7.627006,-0.663881
141,3255,13.0,23.29,,5.528049839867486,0.22967958450317383,9,,,,,0.690302,,7.627006,-0.663881
142,3283,28.0,23.18,,5.528049839867486,0.22967958450317383,9,,,,,0.690302,,7.627006,-0.663881
143,3325,42.0,23.09,,5.528049839867486,0.22967958450317383,9,,,,,0.690302,,7.627006,-0.663881
144,3339,14.0,22.97,,5.2487927913665775,0.25217151641845703,10,,,,,0.690758,,5.492644,-0.232088
145,3357,18.0,22.95,,5.2487927913665775,0.25217151641845703,10,,,,,0.690758,,5.492644,-0.232088
146,3402,45.0,23.23,,5.2487927913665775,0.25217151641845703,10,,,,,0.690758,,5.492644,-0.232088
147,3429,27.0,23.32,,5.2487927913665775,0.25217151641845703,10,,,,,0.690758,,5.492644,-0.232088
148,3443,14.0,23.26,,5.2487927913665775,0.25217151641845703,10,,,,,0.690758,,5.492644,-0.232088
149,3477,34.0,23.42,,5.2487927913665775,0.25217151641845703,10,,,88.8,13.044539087296263,0.690758,,5.492644,-0.232088
150,3509,32.0,23.48,,5.2487927913665775,0.25217151641845703,10,,,,,0.690758,,5.492644,-0.232088
151,3534,25.0,23.58,,5.2487927913665775,0.25217151641845703,10,,,,,0.690758,,5.492644,-0.232088
152,3557,23.0,23.72,,5.2487927913665775,0.25217151641845703,10,,,,,0.690758,,5.492644,-0.232088
153,3581,24.0,23.85,,5.2487927913665775,0.25217151641845703,10,,,,,0.690758,,5.492644,-0.232088
154,3613,32.0,24.03,,5.2487927913665775,0.25217151641845703,10,,,,,0.690758,,5.492644,-0.232088
155,3635,22.0,23.98,,5.2487927913665775,0.25217151641845703,10,,,,,0.690758,,5.492644,-0.232088
156,3672,37.0,24.17,,5.2487927913665775,0.25217151641845703,10,,,,,0.690758,,5.492644,-0.232088
157,3691,19.0,24.12,,5.2487927913665775,0.25217151641845703,10,,,,,0.690758,,5.492644,-0.232088
158,3706,15.0,24.11,,5.2487927913665775,0.25217151641845703,10,,,,,0.690758,,5.492644,-0.232088
159,3721,15.0,23.99,,5.2487927913665775,0.25217151641845703,10,,,,,0.690758,,5.492644,-0.232088
160,3736,15.0,23.95,,5.0518364906311035,0.28530430793762207,11,,,,,0.690146,,6.186598,0.048227
161,3745,9.0,23.91,,5.0518364906311035,0.28530430793762207,11,,,,,0.690146,,6.186598,0.048227
162,3760,15.0,23.91,,5.0518364906311035,0.28530430793762207,11,,,,,0.690146,,6.186598,0.048227
163,3810,50.0,24.29,,5.0518364906311035,0.28530430793762207,11,,,,,0.690146,,6.186598,0.048227
164,3824,14.0,23.94,,5.0518364906311035,0.28530430793762207,11,,,,,0.690146,,6.186598,0.048227
165,3847,23.0,23.96,,5.0518364906311035,0.28530430793762207,11,,,,,0.690146,,6.186598,0.048227
166,3886,39.0,24.12,,5.0518364906311035,0.28530430793762207,11,,,,,0.690146,,6.186598,0.048227
167,3900,14.0,24.06,,5.0518364906311035,0.28530430793762207,11,,,,,0.690146,,6.186598,0.048227
168,3949,49.0,24.33,,5.0518364906311035,0.28530430793762207,11,,,,,0.690146,,6.186598,0.048227
169,3964,15.0,24.31,,5.0518364906311035,0.28530430793762207,11,,,,,0.690146,,6.186598,0.048227
170,3980,16.0,24.22,,5.0518364906311035,0.28530430793762207,11,,,,,0.690146,,6.186598,0.048227
171,4015,35.0,24.46,,5.0518364906311035,0.28530430793762207,11,,,,,0.690146,,6.186598,0.048227
172,4074,59.0,24.83,,5.0518364906311035,0.28530430793762207,11,,,,,0.690146,,6.186598,0.048227
173,4115,41.0,25.03,,5.0518364906311035,0.2863342761993408,11,,,,,0.690146,,6.186598,0.048227
174,4133,18.0,24.9,,5.0518364906311035,0.2863342761993408,11,,,,,0.690146,,6.186598,0.048227
175,4153,20.0,24.93,,5.0518364906311035,0.2863342761993408,11,,,,,0.690146,,6.186598,0.048227
176,4173,20.0,24.96,,4.831509530544281,0.30138230323791504,12,,,,,0.687951,,4.838566,-0.305687
177,4190,17.0,25.0,,4.831509530544281,0.30138230323791504,12,,,,,0.687951,,4.838566,-0.305687
178,4203,13.0,24.98,,4.831509530544281,0.30138230323791504,12,,,,,0.687951,,4.838566,-0.305687
179,4222,19.0,25.05,,4.831509530544281,0.30138230323791504,12,,,,,0.687951,,4.838566,-0.305687
180,4248,26.0,24.99,,4.831509530544281,0.30138230323791504,12,,,,,0.687951,,4.838566,-0.305687
181,4266,18.0,24.79,,4.831509530544281,0.30138230323791504,12,,,,,0.687951,,4.838566,-0.305687
182,4283,17.0,24.78,,4.831509530544281,0.30138230323791504,12,,,,,0.687951,,4.838566,-0.305687
183,4292,9.0,24.66,,4.831509530544281,0.30138230323791504,12,,,,,0.687951,,4.838566,-0.305687
184,4316,24.0,24.64,,4.831509530544281,0.30138230323791504,12,,,,,0.687951,,4.838566,-0.305687
185,4331,15.0,24.66,,4.831509530544281,0.30138230323791504,12,,,,,0.687951,,4.838566,-0.305687
186,4359,28.0,24.71,,4.831509530544281,0.30138230323791504,12,,,,,0.687951,,4.838566,-0.305687
187,4384,25.0,24.78,,4.831509530544281,0.30138230323791504,12,,,,,0.687951,,4.838566,-0.305687
188,4413,29.0,24.75,,4.831509530544281,0.30138230323791504,12,,,,,0.687951,,4.838566,-0.305687
189,4430,17.0,24.7,,4.831509530544281,0.30138230323791504,12,,,,,0.687951,,4.838566,-0.305687
190,4440,10.0,24.61,,4.831509530544281,0.30138230323791504,12,,,,,0.687951,,4.838566,-0.305687
191,4455,15.0,24.51,,4.831509530544281,0.30138230323791504,12,,,,,0.687951,,4.838566,-0.305687
192,4467,12.0,24.5,,4.686440046016987,0.32445406913757324,13,,,,,0.688770,,5.910106,-0.005474
193,4499,32.0,24.56,,4.686440046016987,0.32445406913757324,13,,,,,0.688770,,5.910106,-0.005474
194,4527,28.0,24.62,,4.686440046016987,0.32445406913757324,13,,,,,0.688770,,5.910106,-0.005474
195,4561,34.0,24.77,,4.686440046016987,0.32445406913757324,13,,,,,0.688770,,5.910106,-0.005474
196,4585,24.0,24.87,,4.686440046016987,0.32445406913757324,13,,,,,0.688770,,5.910106,-0.005474
197,4605,20.0,24.76,,4.686440046016987,0.32445406913757324,13,,,,,0.688770,,5.910106,-0.005474
198,4636,31.0,24.78,,4.686440046016987,0.32445406913757324,13,,,,,0.688770,,5.910106,-0.005474
199,4661,25.0,24.92,,4.686440046016987,0.32445406913757324,13,,,57.2,9.495261976375375,0.688770,,5.910106,-0.005474
200,4680,19.0,24.95,,4.686440046016987,0.32445406913757324,13,,,,,0.688770,,5.910106,-0.005474
201,4695,15.0,24.91,,4.686440046016987,0.32445406913757324,13,,,,,0.688770,,5.910106,-0.005474
202,4747,52.0,25.18,,4.686440046016987,0.32445406913757324,13,,,,,0.688770,,5.910106,-0.005474
203,4779,32.0,25.02,,4.686440046016987,0.32445406913757324,13,,,,,0.688770,,5.910106,-0.005474
204,4818,39.0,25.07,,4.686440046016987,0.32445406913757324,13,,,,,0.688770,,5.910106,-0.005474
205,4851,33.0,24.98,,4.686440046016987,0.32445406913757324,13,,,,,0.688770,,5.910106,-0.005474
206,4881,30.0,24.94,,4.686440046016987,0.32445406913757324,13,,,,,0.688770,,5.910106,-0.005474
207,4917,36.0,25.09,,4.686440046016987,0.32445406913757324,13,,,,,0.688770,,5.910106,-0.005474
208,4940,23.0,25.2,,4.580234731946673,0.36511874198913574,14,,,,,0.684873,,6.421139,0.029519
209,4997,57.0,25.63,,4.580234731946673,0.36511874198913574,14,,,,,0.684873,,6.421139,0.029519
210,5046,49.0,25.84,,4.580234731946673,0.36511874198913574,14,,,,,0.684873,,6.421139,0.029519
211,5068,22.0,25.7,,4.580234731946673,0.36511874198913574,14,,,,,0.684873,,6.421139,0.029519
212,5082,14.0,25.68,,4.580234731946673,0.36511874198913574,14,,,,,0.684873,,6.421139,0.029519
213,5125,43.0,25.93,,4.580234731946673,0.36511874198913574,14,,,,,0.684873,,6.421139,0.029519
214,5144,19.0,25.91,,4.580234731946673,0.36511874198913574,14,,,,,0.684873,,6.421139,0.029519
215,5156,12.0,25.66,,4.580234731946673,0.36511874198913574,14,,,,,0.684873,,6.421139,0.029519
216,5190,34.0,25.9,,4.580234731946673,0.36511874198913574,14,,,,,0.684873,,6.421139,0.029519
217,5207,17.0,25.85,,4.580234731946673,0.36511874198913574,14,,,,,0.684873,,6.421139,0.029519
218,5221,14.0,25.75,,4.580234731946673,0.36511874198913574,14,,,,,0.684873,,6.421139,0.029519
219,5256,35.0,25.78,,4.580234731946673,0.36511874198913574,14,,,,,0.684873,,6.421139,0.029519
220,5325,69.0,26.35,,4.580234731946673,0.36511874198913574,14,,,,,0.684873,,6.421139,0.029519
221,5340,15.0,26.32,,4.580234731946673,0.36511874198913574,14,,,,,0.684873,,6.421139,0.029519
222,5351,11.0,26.09,,4.580234731946673,0.36511874198913574,14,,,,,0.684873,,6.421139,0.029519
223,5371,20.0,25.75,,4.580234731946673,0.36511874198913574,14,,,,,0.684873,,6.421139,0.029519
224,5384,13.0,25.71,,4.48137477238973,0.39430880546569824,15,,,,,0.683400,,6.254622,0.038811
225,5394,10.0,25.71,,4.48137477238973,0.39430880546569824,15,,,,,0.683400,,6.254622,0.038811
226,5458,64.0,26.11,,4.48137477238973,0.39430880546569824,15,,,,,0.683400,,6.254622,0.038811
227,5478,20.0,26.2,,4.48137477238973,0.39430880546569824,15,,,,,0.683400,,6.254622,0.038811
228,5514,36.0,26.25,,4.48137477238973,0.39430880546569824,15,,,,,0.683400,,6.254622,0.038811
229,5535,21.0,26.18,,4.48137477238973,0.39430880546569824,15,,,,,0.683400,,6.254622,0.038811
230,5548,13.0,26.03,,4.48137477238973,0.39430880546569824,15,,,,,0.683400,,6.254622,0.038811
231,5566,18.0,26.02,,4.48137477238973,0.39430880546569824,15,,,,,0.683400,,6.254622,0.038811
232,5599,33.0,25.83,,4.48137477238973,0.39430880546569824,15,,,,,0.683400,,6.254622,0.038811
233,5642,43.0,26.13,,4.48137477238973,0.39430880546569824,15,,,,,0.683400,,6.254622,0.038811
234,5680,38.0,26.35,,4.48137477238973,0.39430880546569824,15,,,,,0.683400,,6.254622,0.038811
235,5707,27.0,26.2,,4.48137477238973,0.39430880546569824,15,,,,,0.683400,,6.254622,0.038811
236,5729,22.0,26.32,,4.48137477238973,0.39430880546569824,15,,,,,0.683400,,6.254622,0.038811
237,5763,34.0,26.47,,4.48137477238973,0.39430880546569824,15,,,,,0.683400,,6.254622,0.038811
238,5815,52.0,26.76,,4.48137477238973,0.39430880546569824,15,,,,,0.683400,,6.254622,0.038811
239,5851,36.0,26.41,,4.48137477238973,0.39430880546569824,15,,,,,0.683400,,6.254622,0.038811
240,5874,23.0,26.32,,4.424592152237892,0.4377756118774414,16,,,,,0.682003,,7.170655,0.034383
241,5905,31.0,26.5,,4.424592152237892,0.4377756118774414,16,,,,,0.682003,,7.170655,0.034383
242,5928,23.0,26.45,,4.424592152237892,0.4377756118774414,16,,,,,0.682003,,7.170655,0.034383
243,5940,12.0,26.15,,4.424592152237892,0.4377756118774414,16,,,,,0.682003,,7.170655,0.034383
244,5963,23.0,26.24,,4.424592152237892,0.4377756118774414,16,,,,,0.682003,,7.170655,0.034383
245,5986,23.0,26.29,,4.424592152237892,0.4377756118774414,16,,,,,0.682003,,7.170655,0.034383
246,5998,12.0,25.96,,4.424592152237892,0.4377756118774414,16,,,,,0.682003,,7.170655,0.034383
247,6061,63.0,26.32,,4.424592152237892,0.4377756118774414,16,,,,,0.682003,,7.170655,0.034383
248,6134,73.0,26.91,,4.424592152237892,0.4377756118774414,16,,,,,0.682003,,7.170655,0.034383
249,6232,98.0,27.55,,4.424592152237892,0.4377756118774414,16,,,50.6,4.586937976471886,0.682003,,7.170655,0.034383
250,6256,24.0,27.47,,4.424592152237892,0.4377756118774414,16,,,,,0.682003,,7.170655,0.034383
251,6298,42.0,27.64,,4.424592152237892,0.4377756118774414,16,,,,,0.682003,,7.170655,0.034383
252,6320,22.0,27.63,,4.424592152237892,0.4377756118774414,16,,,,,0.682003,,7.170655,0.034383
253,6365,45.0,27.84,,4.424592152237892,0.4377756118774414,16,,,,,0.682003,,7.170655,0.034383
254,6404,39.0,27.91,,4.424592152237892,0.4377756118774414,16,,,,,0.682003,,7.170655,0.034383
255,6428,24.0,27.93,,4.424592152237892,0.4377756118774414,16,,,,,0.682003,,7.170655,0.034383
256,6459,31.0,27.87,,4.3363933282739975,0.4752688407897949,17,,,,,0.678627,,5.864534,0.135385
257,6472,13.0,27.81,,4.3363933282739975,0.4770081043243408,17,,,,,0.678627,,5.864534,0.135385
258,6493,21.0,27.87,,4.3363933282739975,0.4770081043243408,17,,,,,0.678627,,5.864534,0.135385
259,6504,11.0,27.83,,4.3363933282739975,0.4770081043243408,17,,,,,0.678627,,5.864534,0.135385
260,6519,15.0,27.83,,4.3363933282739975,0.4770081043243408,17,,,,,0.678627,,5.864534,0.135385
261,6534,15.0,27.89,,4.3363933282739975,0.4770081043243408,17,,,,,0.678627,,5.864534,0.135385
262,6550,16.0,27.9,,4.3363933282739975,0.4770081043243408,17,,,,,0.678627,,5.864534,0.135385
263,6624,74.0,28.14,,4.3363933282739975,0.4770081043243408,17,,,,,0.678627,,5.864534,0.135385
264,6675,51.0,28.51,,4.3363933282739975,0.4770081043243408,17,,,,,0.678627,,5.864534,0.135385
265,6694,19.0,28.47,,4.3363933282739975,0.4770081043243408,17,,,,,0.678627,,5.864534,0.135385
266,6729,35.0,28.43,,4.3363933282739975,0.4770081043243408,17,,,,,0.678627,,5.864534,0.135385
267,6776,47.0,28.76,,4.3363933282739975,0.4770081043243408,17,,,,,0.678627,,5.864534,0.135385
268,6795,19.0,28.46,,4.3363933282739975,0.4770081043243408,17,,,,,0.678627,,5.864534,0.135385
269,6818,23.0,28.54,,4.3363933282739975,0.4770081043243408,17,,,,,0.678627,,5.864534,0.135385
270,6838,20.0,28.58,,4.3363933282739975,0.4770081043243408,17,,,,,0.678627,,5.864534,0.135385
271,6879,41.0,28.64,,4.3363933282739975,0.4770081043243408,17,,,,,0.678627,,5.864534,0.135385
272,6894,15.0,28.2,,4.229104624854194,0.49620985984802246,18,,,,,0.678056,,4.867918,-0.264833
273,6910,16.0,27.95,,4.229104624854194,0.49620985984802246,18,,,,,0.678056,,4.867918,-0.264833
274,6937,27.0,28.04,,4.229104624854194,0.49620985984802246,18,,,,,0.678056,,4.867918,-0.264833
275,6962,25.0,28.09,,4.229104624854194,0.49620985984802246,18,,,,,0.678056,,4.867918,-0.264833
276,6982,20.0,28.09,,4.229104624854194,0.49620985984802246,18,,,,,0.678056,,4.867918,-0.264833
277,6996,14.0,28.06,,4.229104624854194,0.49620985984802246,18,,,,,0.678056,,4.867918,-0.264833
278,7023,27.0,28.2,,4.229104624854194,0.49620985984802246,18,,,,,0.678056,,4.867918,-0.264833
279,7035,12.0,28.13,,4.229104624854194,0.49620985984802246,18,,,,,0.678056,,4.867918,-0.264833
280,7058,23.0,28.1,,4.229104624854194,0.49620985984802246,18,,,,,0.678056,,4.867918,-0.264833
281,7089,31.0,28.23,,4.229104624854194,0.49620985984802246,18,,,,,0.678056,,4.867918,-0.264833
282,7110,21.0,28.27,,4.229104624854194,0.49620985984802246,18,,,,,0.678056,,4.867918,-0.264833
283,7126,16.0,28.34,,4.229104624854194,0.49620985984802246,18,,,,,0.678056,,4.867918,-0.264833
284,7173,47.0,28.57,,4.229104624854194,0.49620985984802246,18,,,,,0.678056,,4.867918,-0.264833
285,7195,22.0,28.64,,4.229104624854194,0.49620985984802246,18,,,,,0.678056,,4.867918,-0.264833
286,7223,28.0,28.64,,4.229104624854194,0.49620985984802246,18,,,,,0.678056,,4.867918,-0.264833
287,7252,29.0,28.68,,4.229104624854194,0.49620985984802246,18,,,,,0.678056,,4.867918,-0.264833
288,7307,55.0,28.94,,4.186280652096397,0.5333540439605713,19,,,,,0.677982,,6.866815,0.106051
289,7319,12.0,28.89,,4.186280652096397,0.5333540439605713,19,,,,,0.677982,,6.866815,0.106051
290,7387,68.0,29.47,,4.186280652096397,0.5333540439605713,19,,,,,0.677982,,6.866815,0.106051
291,7426,39.0,29.71,,4.186280652096397,0.5333540439605713,19,,,,,0.677982,,6.866815,0.106051
292,7470,44.0,30.03,,4.186280652096397,0.5333540439605713,19,,,,,0.677982,,6.866815,0.106051
293,7483,13.0,29.84,,4.186280652096397,0.5333540439605713,19,,,,,0.677982,,6.866815,0.106051
294,7505,22.0,29.78,,4.186280652096397,0.5333540439605713,19,,,,,0.677982,,6.866815,0.106051
295,7546,41.0,29.85,,4.186280652096397,0.5333540439605713,19,,,,,0.677982,,6.866815,0.106051
296,7556,10.0,29.71,,4.186280652096397,0.5333540439605713,19,,,,,0.677982,,6.866815,0.106051
297,7604,48.0,29.99,,4.186280652096397,0.5333540439605713,19,,,,,0.677982,,6.866815,0.106051
298,7632,28.0,29.96,,4.186280652096397,0.5333540439605713,19,,,,,0.677982,,6.866815,0.106051
299,7652,20.0,29.91,,4.186280652096397,0.5333540439605713,19,,,62.4,9.991996797437437,0.677982,,6.866815,0.106051
300,7725,73.0,30.45,,4.186280652096397,0.5333540439605713,19,,,,,0.677982,,6.866815,0.106051
301,7758,33.0,30.63,,4.186280652096397,0.5333540439605713,19,,,,,0.677982,,6.866815,0.106051
302,7794,36.0,30.47,,4.186280652096397,0.5333540439605713,19,,,,,0.677982,,6.866815,0.106051
303,7840,46.0,30.61,,4.186280652096397,0.5333540439605713,19,,,,,0.677982,,6.866815,0.106051
304,7859,19.0,30.41,,4.146670687198639,0.5604243278503418,20,,,,,0.670922,,6.818643,0.011180
305,7885,26.0,30.34,,4.146670687198639,0.5604243278503418,20,,,,,0.670922,,6.818643,0.011180
306,7929,44.0,30.48,,4.146670687198639,0.5604243278503418,20,,,,,0.670922,,6.818643,0.011180
307,7941,12.0,30.24,,4.146670687198639,0.5604243278503418,20,,,,,0.670922,,6.818643,0.011180
308,7973,32.0,30.33,,4.146670687198639,0.5604243278503418,20,,,,,0.670922,,6.818643,0.011180
309,7992,19.0,29.95,,4.146670687198639,0.5604243278503418,20,,,,,0.670922,,6.818643,0.011180
310,8028,36.0,29.82,,4.146670687198639,0.5604243278503418,20,,,,,0.670922,,6.818643,0.011180
311,8046,18.0,29.78,,4.146670687198639,0.5604243278503418,20,,,,,0.670922,,6.818643,0.011180
312,8105,59.0,30.23,,4.146670687198639,0.5604243278503418,20,,,,,0.670922,,6.818643,0.011180
313,8128,23.0,30.03,,4.146670687198639,0.5604243278503418,20,,,,,0.670922,,6.818643,0.011180
314,8149,21.0,30.05,,4.146670687198639,0.5604243278503418,20,,,,,0.670922,,6.818643,0.011180
315,8210,61.0,30.54,,4.146670687198639,0.5604243278503418,20,,,,,0.670922,,6.818643,0.011180
316,8225,15.0,30.35,,4.146670687198639,0.5604243278503418,20,,,,,0.670922,,6.818643,0.011180
317,8246,21.0,30.39,,4.146670687198639,0.5604243278503418,20,,,,,0.670922,,6.818643,0.011180
318,8273,27.0,30.52,,4.146670687198639,0.5604243278503418,20,,,,,0.670922,,6.818643,0.011180
319,8336,63.0,30.8,,4.146670687198639,0.5604243278503418,20,,,,,0.670922,,6.818643,0.011180
320,8354,18.0,30.29,,4.089486349196661,0.5865340232849121,21,,,,,0.667923,,5.914018,0.203761
321,8384,30.0,30.44,,4.089486349196661,0.5865340232849121,21,,,,,0.667923,,5.914018,0.203761
322,8414,30.0,30.63,,4.089486349196661,0.5865340232849121,21,,,,,0.667923,,5.914018,0.203761
323,8428,14.0,30.57,,4.089486349196661,0.5865340232849121,21,,,,,0.667923,,5.914018,0.203761
324,8448,20.0,30.64,,4.089486349196661,0.5865340232849121,21,,,,,0.667923,,5.914018,0.203761
325,8463,15.0,30.69,,4.089486349196661,0.5865340232849121,21,,,,,0.667923,,5.914018,0.203761
326,8521,58.0,30.63,,4.089486349196661,0.5865340232849121,21,,,,,0.667923,,5.914018,0.203761
327,8538,17.0,30.6,,4.089486349196661,0.5865340232849121,21,,,,,0.667923,,5.914018,0.203761
328,8558,20.0,30.44,,4.089486349196661,0.5865340232849121,21,,,,,0.667923,,5.914018,0.203761
329,8582,24.0,30.47,,4.089486349196661,0.5865340232849121,21,,,,,0.667923,,5.914018,0.203761
330,8611,29.0,30.63,,4.089486349196661,0.5865340232849121,21,,,,,0.667923,,5.914018,0.203761
331,8643,32.0,30.77,,4.089486349196661,0.5865340232849121,21,,,,,0.667923,,5.914018,0.203761
332,8686,43.0,30.87,,4.089486349196661,0.5865340232849121,21,,,,,0.667923,,5.914018,0.203761
333,8720,34.0,30.78,,4.089486349196661,0.5865340232849121,21,,,,,0.667923,,5.914018,0.203761
334,8758,38.0,30.78,,4.089486349196661,0.5865340232849121,21,,,,,0.667923,,5.914018,0.203761
335,8786,28.0,30.79,,4.089486349196661,0.5865340232849121,21,,,,,0.667923,,5.914018,0.203761
336,8827,41.0,30.98,,4.088533163070679,0.6499786376953125,22,,,,,0.669326,,8.170257,0.110485
337,8960,133.0,31.97,,4.088533163070679,0.6499786376953125,22,,,,,0.669326,,8.170257,0.110485
338,8975,15.0,31.6,,4.088533163070679,0.6499786376953125,22,,,,,0.669326,,8.170257,0.110485
339,9020,45.0,31.69,,4.088533163070679,0.6499786376953125,22,,,,,0.669326,,8.170257,0.110485
340,9113,93.0,32.39,,4.088533163070679,0.6499786376953125,22,,,,,0.669326,,8.170257,0.110485
341,9147,34.0,32.42,,4.088533163070679,0.6499786376953125,22,,,,,0.669326,,8.170257,0.110485
342,9184,37.0,32.56,,4.088533163070679,0.6499786376953125,22,,,,,0.669326,,8.170257,0.110485
343,9257,73.0,33.17,,4.088533163070679,0.6499786376953125,22,,,,,0.669326,,8.170257,0.110485
344,9328,71.0,33.65,,4.088533163070679,0.6499786376953125,22,,,,,0.669326,,8.170257,0.110485
345,9350,22.0,33.64,,4.088533163070679,0.6499786376953125,22,,,,,0.669326,,8.170257,0.110485
346,9387,37.0,33.89,,4.088533163070679,0.6499786376953125,22,,,,,0.669326,,8.170257,0.110485
347,9404,17.0,33.43,,4.088533163070679,0.6499786376953125,22,,,,,0.669326,,8.170257,0.110485
348,9447,43.0,33.13,,4.088533163070679,0.6499786376953125,22,,,,,0.669326,,8.170257,0.110485
349,9518,71.0,32.86,,4.088533163070679,0.6499786376953125,22,,,120.8,75.10632463381495,0.669326,,8.170257,0.110485
350,9554,36.0,32.98,,4.088533163070679,0.6499786376953125,22,,,,,0.669326,,8.170257,0.110485
351,9625,71.0,33.27,,4.088533163070679,0.6499786376953125,22,,,,,0.669326,,8.170257,0.110485
352,9650,25.0,33.3,,4.107419926187267,0.687157392501831,23,,,,,0.660803,,9.066808,0.017979
353,9697,47.0,33.32,,4.107419926187267,0.687157392501831,23,,,,,0.660803,,9.066808,0.017979
354,9715,18.0,33.11,,4.107419926187267,0.687157392501831,23,,,,,0.660803,,9.066808,0.017979
355,9726,11.0,32.98,,4.107419926187267,0.687157392501831,23,,,,,0.660803,,9.066808,0.017979
356,9744,18.0,32.85,,4.107419926187267,0.687157392501831,23,,,,,0.660803,,9.066808,0.017979
357,9803,59.0,33.31,,4.107419926187267,0.687157392501831,23,,,,,0.660803,,9.066808,0.017979
358,9820,17.0,33.27,,4.107419926187267,0.687157392501831,23,,,,,0.660803,,9.066808,0.017979
359,9839,19.0,33.35,,4.107419926187267,0.687157392501831,23,,,,,0.660803,,9.066808,0.017979
360,9897,58.0,33.78,,4.107419926187267,0.687157392501831,23,,,,,0.660803,,9.066808,0.017979
361,9981,84.0,34.47,,4.107419926187267,0.687157392501831,23,,,,,0.660803,,9.066808,0.017979
362,10034,53.0,34.84,,4.107419926187267,0.687157392501831,23,,,,,0.660803,,9.066808,0.017979
363,10070,36.0,34.46,,4.107419926187267,0.687157392501831,23,,,,,0.660803,,9.066808,0.017979
364,10094,24.0,34.19,,4.107419926187267,0.687157392501831,23,,,,,0.660803,,9.066808,0.017979
365,10113,19.0,34.19,,4.107419926187267,0.687157392501831,23,,,,,0.660803,,9.066808,0.017979
366,10145,32.0,34.16,,4.107419926187267,0.687157392501831,23,,,,,0.660803,,9.066808,0.017979
367,10171,26.0,33.95,,4.107419926187267,0.687157392501831,23,,,,,0.660803,,9.066808,0.017979
368,10208,37.0,34.13,,4.107058068116506,0.7442605495452881,24,,,,,0.663401,,8.219847,0.168265
369,10284,76.0,34.66,,4.107058068116506,0.7442605495452881,24,,,,,0.663401,,8.219847,0.168265
370,10425,141.0,35.87,,4.107058068116506,0.7442605495452881,24,,,,,0.663401,,8.219847,0.168265
371,10529,104.0,36.5,,4.107058068116506,0.7442605495452881,24,,,,,0.663401,,8.219847,0.168265
372,10552,23.0,36.58,,4.107058068116506,0.7442605495452881,24,,,,,0.663401,,8.219847,0.168265
373,10600,48.0,36.9,,4.107058068116506,0.7442605495452881,24,,,,,0.663401,,8.219847,0.168265
374,10630,30.0,36.93,,4.107058068116506,0.7442605495452881,24,,,,,0.663401,,8.219847,0.168265
375,10652,22.0,36.9,,4.107058068116506,0.7442605495452881,24,,,,,0.663401,,8.219847,0.168265
376,10712,60.0,37.3,,4.107058068116506,0.7442605495452881,24,,,,,0.663401,,8.219847,0.168265
377,10764,52.0,37.68,,4.107058068116506,0.7442605495452881,24,,,,,0.663401,,8.219847,0.168265
378,10806,42.0,37.83,,4.107058068116506,0.7442605495452881,24,,,,,0.663401,,8.219847,0.168265
379,10859,53.0,38.24,,4.107058068116506,0.7442605495452881,24,,,,,0.663401,,8.219847,0.168265
380,10878,19.0,38.2,,4.107058068116506,0.7442605495452881,24,,,,,0.663401,,8.219847,0.168265
381,10919,41.0,38.3,,4.107058068116506,0.7442605495452881,24,,,,,0.663401,,8.219847,0.168265
382,11000,81.0,38.9,,4.107058068116506,0.7442605495452881,24,,,,,0.663401,,8.219847,0.168265
383,11038,38.0,39.12,,4.107058068116506,0.7442605495452881,24,,,,,0.663401,,8.219847,0.168265
384,11081,43.0,39.08,,4.137867641448975,0.7825272083282471,25,,,,,0.657340,,9.815791,-0.046833
385,11103,22.0,39.08,,4.137867641448975,0.7825272083282471,25,,,,,0.657340,,9.815791,-0.046833
386,11111,8.0,38.88,,4.137867641448975,0.7825272083282471,25,,,,,0.657340,,9.815791,-0.046833
387,11129,18.0,38.77,,4.137867641448975,0.7825272083282471,25,,,,,0.657340,,9.815791,-0.046833
388,11159,30.0,38.52,,4.137867641448975,0.7825272083282471,25,,,,,0.657340,,9.815791,-0.046833
389,11216,57.0,38.97,,4.137867641448975,0.7825272083282471,25,,,,,0.657340,,9.815791,-0.046833
390,11242,26.0,38.55,,4.137867641448975,0.7825272083282471,25,,,,,0.657340,,9.815791,-0.046833
391,11263,21.0,38.37,,4.137867641448975,0.7825272083282471,25,,,,,0.657340,,9.815791,-0.046833
392,11292,29.0,38.22,,4.137867641448975,0.7825272083282471,25,,,,,0.657340,,9.815791,-0.046833
393,11335,43.0,38.52,,4.137867641448975,0.7825272083282471,25,,,,,0.657340,,9.815791,-0.046833
394,11362,27.0,38.57,,4.137867641448975,0.7825272083282471,25,,,,,0.657340,,9.815791,-0.046833
395,11438,76.0,38.92,,4.137867641448975,0.7825272083282471,25,,,,,0.657340,,9.815791,-0.046833
396,11501,63.0,39.45,,4.137867641448975,0.7825272083282471,25,,,,,0.657340,,9.815791,-0.046833
397,11560,59.0,39.56,,4.137867641448975,0.7825272083282471,25,,,,,0.657340,,9.815791,-0.046833
398,11643,83.0,40.11,,4.137867641448975,0.7825272083282471,25,,,,,0.657340,,9.815791,-0.046833
399,11679,36.0,40.27,,4.137867641448975,0.7825272083282471,25,,,383.6,134.08295939454797,0.657340,,9.815791,-0.046833
400,11708,29.0,39.83,,4.157339334487915,0.8181226253509521,26,,,,,0.651661,,9.380154,-0.210878
401,11752,44.0,39.94,,4.157339334487915,0.8190133571624756,26,,,,,0.651661,,9.380154,-0.210878
402,11790,38.0,39.96,,4.157339334487915,0.8190133571624756,26,,,,,0.651661,,9.380154,-0.210878
403,11855,65.0,40.15,,4.157339334487915,0.8190133571624756,26,,,,,0.651661,,9.380154,-0.210878
404,11955,100.0,40.96,,4.157339334487915,0.8190133571624756,26,,,,,0.651661,,9.380154,-0.210878
405,12047,92.0,41.62,,4.157339334487915,0.8190133571624756,26,,,,,0.651661,,9.380154,-0.210878
406,12069,22.0,41.4,,4.157339334487915,0.8190133571624756,26,,,,,0.651661,,9.380154,-0.210878
407,12105,36.0,41.64,,4.157339334487915,0.8190133571624756,26,,,,,0.651661,,9.380154,-0.210878
408,12115,10.0,41.42,,4.157339334487915,0.8190133571624756,26,,,,,0.651661,,9.380154,-0.210878
409,12159,44.0,41.67,,4.157339334487915,0.8190133571624756,26,,,,,0.651661,,9.380154,-0.210878
410,12183,24.0,41.55,,4.157339334487915,0.8190133571624756,26,,,,,0.651661,,9.380154,-0.210878
411,12202,19.0,41.56,,4.157339334487915,0.8190133571624756,26,,,,,0.651661,,9.380154,-0.210878
412,12233,31.0,41.28,,4.157339334487915,0.8190133571624756,26,,,,,0.651661,,9.380154,-0.210878
413,12267,34.0,41.39,,4.157339334487915,0.8190133571624756,26,,,,,0.651661,,9.380154,-0.210878
414,12312,45.0,41.63,,4.157339334487915,0.8190133571624756,26,,,,,0.651661,,9.380154,-0.210878
415,12354,42.0,41.44,,4.157339334487915,0.8190133571624756,26,,,,,0.651661,,9.380154,-0.210878
416,12385,31.0,41.6,,4.163161984196416,0.8646931648254395,27,,,,,0.649698,,8.721646,0.134865
417,12407,22.0,41.61,,4.163161984196416,0.8646931648254395,27,,,,,0.649698,,8.721646,0.134865
418,12491,84.0,42.18,,4.163161984196416,0.8646931648254395,27,,,,,0.649698,,8.721646,0.134865
419,12556,65.0,42.2,,4.163161984196416,0.8646931648254395,27,,,,,0.649698,,8.721646,0.134865
420,12621,65.0,42.67,,4.163161984196416,0.8646931648254395,27,,,,,0.649698,,8.721646,0.134865
421,12632,11.0,42.48,,4.163161984196416,0.8646931648254395,27,,,,,0.649698,,8.721646,0.134865
422,12655,23.0,42.41,,4.163161984196416,0.8646931648254395,27,,,,,0.649698,,8.721646,0.134865
423,12687,32.0,42.59,,4.163161984196416,0.8646931648254395,27,,,,,0.649698,,8.721646,0.134865
424,12701,14.0,42.53,,4.163161984196416,0.8646931648254395,27,,,,,0.649698,,8.721646,0.134865
425,12756,55.0,42.93,,4.163161984196416,0.8646931648254395,27,,,,,0.649698,,8.721646,0.134865
426,12815,59.0,42.94,,4.163161984196416,0.8646931648254395,27,,,,,0.649698,,8.721646,0.134865
427,12850,35.0,43.12,,4.163161984196416,0.8646931648254395,27,,,,,0.649698,,8.721646,0.134865
428,12898,48.0,43.4,,4.163161984196416,0.8646931648254395,27,,,,,0.649698,,8.721646,0.134865
429,12961,63.0,43.79,,4.163161984196416,0.8646931648254395,27,,,,,0.649698,,8.721646,0.134865
430,13064,103.0,44.53,,4.163161984196416,0.8646931648254395,27,,,,,0.649698,,8.721646,0.134865
431,13083,19.0,44.4,,4.163161984196416,0.8646931648254395,27,,,,,0.649698,,8.721646,0.134865
432,13108,25.0,44.22,,4.177285756383624,0.918215274810791,28,,,,,0.649847,,9.168858,0.005564
433,13158,50.0,44.38,,4.177285756383624,0.918215274810791,28,,,,,0.649847,,9.168858,0.005564
434,13172,14.0,44.14,,4.177285756383624,0.918215274810791,28,,,,,0.649847,,9.168858,0.005564
435,13199,27.0,44.13,,4.177285756383624,0.918215274810791,28,,,,,0.649847,,9.168858,0.005564
436,13329,130.0,45.02,,4.177285756383624,0.918215274810791,28,,,,,0.649847,,9.168858,0.005564
437,13387,58.0,44.27,,4.177285756383624,0.918215274810791,28,,,,,0.649847,,9.168858,0.005564
438,13438,51.0,44.63,,4.177285756383624,0.918215274810791,28,,,,,0.649847,,9.168858,0.005564
439,13505,67.0,44.85,,4.177285756383624,0.918215274810791,28,,,,,0.649847,,9.168858,0.005564
440,13558,53.0,44.45,,4.177285756383624,0.918215274810791,28,,,,,0.649847,,9.168858,0.005564
441,13589,31.0,44.42,,4.177285756383624,0.918215274810791,28,,,,,0.649847,,9.168858,0.005564
442,13639,50.0,44.55,,4.177285756383624,0.918215274810791,28,,,,,0.649847,,9.168858,0.005564
443,13722,83.0,44.65,,4.177285756383624,0.918215274810791,28,,,,,0.649847,,9.168858,0.005564
444,13749,27.0,44.21,,4.177285756383624,0.918215274810791,28,,,,,0.649847,,9.168858,0.005564
445,13819,70.0,44.69,,4.177285756383624,0.918215274810791,28,,,,,0.649847,,9.168858,0.005564
446,13885,66.0,44.98,,4.177285756383624,0.918215274810791,28,,,,,0.649847,,9.168858,0.005564
447,13942,57.0,45.38,,4.177285756383624,0.918215274810791,28,,,,,0.649847,,9.168858,0.005564
448,13981,39.0,45.34,,4.196727703357565,0.9897911548614502,29,,,,,0.647308,,9.558680,0.122497
449,14035,54.0,45.17,,4.196727703357565,0.9907774925231934,29,,,318.0,135.09700218731726,0.647308,,9.558680,0.122497
450,14053,18.0,44.99,,4.196727703357565,0.9907774925231934,29,,,,,0.647308,,9.558680,0.122497
451,14162,109.0,45.37,,4.196727703357565,0.9907774925231934,29,,,,,0.647308,,9.558680,0.122497
452,14210,48.0,45.6,,4.196727703357565,0.9907774925231934,29,,,,,0.647308,,9.558680,0.122497
453,14322,112.0,46.25,,4.196727703357565,0.9907774925231934,29,,,,,0.647308,,9.558680,0.122497
454,14347,25.0,46.32,,4.196727703357565,0.9907774925231934,29,,,,,0.647308,,9.558680,0.122497
455,14365,18.0,46.39,,4.196727703357565,0.9907774925231934,29,,,,,0.647308,,9.558680,0.122497
456,14410,45.0,46.66,,4.196727703357565,0.9907774925231934,29,,,,,0.647308,,9.558680,0.122497
457,14508,98.0,47.05,,4.196727703357565,0.9907774925231934,29,,,,,0.647308,,9.558680,0.122497
458,14618,110.0,47.98,,4.196727703357565,0.9907774925231934,29,,,,,0.647308,,9.558680,0.122497
459,14697,79.0,48.58,,4.196727703357565,0.9907774925231934,29,,,,,0.647308,,9.558680,0.122497
460,14797,100.0,49.0,,4.196727703357565,0.9907774925231934,29,,,,,0.647308,,9.558680,0.122497
461,14952,155.0,49.71,,4.196727703357565,0.9907774925231934,29,,,,,0.647308,,9.558680,0.122497
462,15023,71.0,49.89,,4.196727703357565,0.9907774925231934,29,,,,,0.647308,,9.558680,0.122497
463,15069,46.0,49.99,,4.196727703357565,0.9907774925231934,29,,,,,0.647308,,9.558680,0.122497
464,15191,122.0,50.97,,4.205932871500651,1.0772500038146973,30,,,,,0.641478,,8.994660,0.212025
465,15211,20.0,50.98,,4.205932871500651,1.0772500038146973,30,,,,,0.641478,,8.994660,0.212025
466,15277,66.0,51.32,,4.205932871500651,1.0772500038146973,30,,,,,0.641478,,8.994660,0.212025
467,15325,48.0,51.54,,4.205932871500651,1.0772500038146973,30,,,,,0.641478,,8.994660,0.212025
468,15346,21.0,51.38,,4.205932871500651,1.0772500038146973,30,,,,,0.641478,,8.994660,0.212025
469,15451,105.0,51.67,,4.205932871500651,1.0772500038146973,30,,,,,0.641478,,8.994660,0.212025
470,15517,66.0,50.92,,4.205932871500651,1.0772500038146973,30,,,,,0.641478,,8.994660,0.212025
471,15582,65.0,50.53,,4.205932871500651,1.0772500038146973,30,,,,,0.641478,,8.994660,0.212025
472,15725,143.0,51.73,,4.205932871500651,1.0772500038146973,30,,,,,0.641478,,8.994660,0.212025
473,15751,26.0,51.51,,4.205932871500651,1.0772500038146973,30,,,,,0.641478,,8.994660,0.212025
474,15791,40.0,51.61,,4.205932871500651,1.0772500038146973,30,,,,,0.641478,,8.994660,0.212025
475,15812,21.0,51.6,,4.205932871500651,1.0772500038146973,30,,,,,0.641478,,8.994660,0.212025
476,15866,54.0,51.54,,4.205932871500651,1.0772500038146973,30,,,,,0.641478,,8.994660,0.212025
477,15905,39.0,51.41,,4.205932871500651,1.0772500038146973,30,,,,,0.641478,,8.994660,0.212025
478,15975,70.0,51.69,,4.205932871500651,1.0772500038146973,30,,,,,0.641478,,8.994660,0.212025
479,16146,171.0,52.87,,4.205932871500651,1.0772500038146973,30,,,,,0.641478,,8.994660,0.212025
480,16221,75.0,53.43,,4.23967223013601,1.1283128261566162,31,,,,,0.635393,,10.562775,0.072999
481,16262,41.0,53.43,,4.23967223013601,1.1283128261566162,31,,,,,0.635393,,10.562775,0.072999
482,16313,51.0,53.13,,4.23967223013601,1.1283128261566162,31,,,,,0.635393,,10.562775,0.072999
483,16389,76.0,53.51,,4.23967223013601,1.1283128261566162,31,,,,,0.635393,,10.562775,0.072999
484,16497,108.0,54.16,,4.23967223013601,1.1283128261566162,31,,,,,0.635393,,10.562775,0.072999
485,16554,57.0,54.51,,4.23967223013601,1.1283128261566162,31,,,,,0.635393,,10.562775,0.072999
486,16582,28.0,54.71,,4.23967223013601,1.1283128261566162,31,,,,,0.635393,,10.562775,0.072999
487,16652,70.0,55.23,,4.23967223013601,1.1283128261566162,31,,,,,0.635393,,10.562775,0.072999
488,16672,20.0,55.13,,4.23967223013601,1.1283128261566162,31,,,,,0.635393,,10.562775,0.072999
489,16708,36.0,54.92,,4.23967223013601,1.1283128261566162,31,,,,,0.635393,,10.562775,0.072999
490,16780,72.0,55.38,,4.23967223013601,1.1283128261566162,31,,,,,0.635393,,10.562775,0.072999
491,16822,42.0,55.59,,4.23967223013601,1.1283128261566162,31,,,,,0.635393,,10.562775,0.072999
492,16876,54.0,55.84,,4.23967223013601,1.1283128261566162,31,,,,,0.635393,,10.562775,0.072999
493,16965,89.0,56.3,,4.23967223013601,1.1283128261566162,31,,,,,0.635393,,10.562775,0.072999
494,16991,26.0,56.29,,4.23967223013601,1.1283128261566162,31,,,,,0.635393,,10.562775,0.072999
495,17046,55.0,56.08,,4.23967223013601,1.1283128261566162,31,,,,,0.635393,,10.562775,0.072999
496,17137,91.0,56.36,,4.265590846538544,1.1767220497131348,32,,,,,0.628879,,10.192719,0.215186
497,17167,30.0,56.07,,4.265590846538544,1.1767220497131348,32,,,,,0.628879,,10.192719,0.215186
498,17254,87.0,56.11,,4.265590846538544,1.1767220497131348,32,,,,,0.628879,,10.192719,0.215186
499,17270,16.0,55.91,,4.265590846538544,1.1767220497131348,32,,,173.2,65.97393424679174,0.628879,,10.192719,0.215186
500,17362,92.0,56.54,,4.265590846538544,1.1767220497131348,32,,,,,0.628879,,10.192719,0.215186
501,17455,93.0,57.03,,4.265590846538544,1.1767220497131348,32,,,,,0.628879,,10.192719,0.215186
502,17506,51.0,57.16,,4.265590846538544,1.1767220497131348,32,,,,,0.628879,,10.192719,0.215186
503,17557,51.0,57.02,,4.265590846538544,1.1767220497131348,32,,,,,0.628879,,10.192719,0.215186
504,17589,32.0,56.34,,4.265590846538544,1.1767220497131348,32,,,,,0.628879,,10.192719,0.215186
505,17610,21.0,55.63,,4.265590846538544,1.1767220497131348,32,,,,,0.628879,,10.192719,0.215186
506,17703,93.0,56.34,,4.265590846538544,1.1767220497131348,32,,,,,0.628879,,10.192719,0.215186
507,17717,14.0,56.12,,4.265590846538544,1.1767220497131348,32,,,,,0.628879,,10.192719,0.215186
508,17788,71.0,56.73,,4.265590846538544,1.1767220497131348,32,,,,,0.628879,,10.192719,0.215186
509,17870,82.0,57.11,,4.265590846538544,1.1767220497131348,32,,,,,0.628879,,10.192719,0.215186
510,17911,41.0,57.28,,4.265590846538544,1.1767220497131348,32,,,,,0.628879,,10.192719,0.215186
511,17978,67.0,57.76,,4.265590846538544,1.1767220497131348,32,,,,,0.628879,,10.192719,0.215186
512,18013,35.0,57.8,,4.3016877752361875,1.2583537101745605,33,,,,,0.642140,,10.942692,-0.031862
513,18080,67.0,58.13,,4.3016877752361875,1.2583537101745605,33,,,,,0.642140,,10.942692,-0.031862
514,18176,96.0,58.64,,4.3016877752361875,1.2583537101745605,33,,,,,0.642140,,10.942692,-0.031862
515,18294,118.0,59.4,,4.3016877752361875,1.2583537101745605,33,,,,,0.642140,,10.942692,-0.031862
516,18340,46.0,59.55,,4.3016877752361875,1.2583537101745605,33,,,,,0.642140,,10.942692,-0.031862
517,18468,128.0,60.61,,4.3016877752361875,1.2583537101745605,33,,,,,0.642140,,10.942692,-0.031862
518,18574,106.0,60.83,,4.3016877752361875,1.2583537101745605,33,,,,,0.642140,,10.942692,-0.031862
519,18638,64.0,60.82,,4.3016877752361875,1.2583537101745605,33,,,,,0.642140,,10.942692,-0.031862
520,18794,156.0,61.73,,4.3016877752361875,1.2583537101745605,33,,,,,0.642140,,10.942692,-0.031862
521,18865,71.0,62.33,,4.3016877752361875,1.2583537101745605,33,,,,,0.642140,,10.942692,-0.031862
522,18919,54.0,62.64,,4.3016877752361875,1.2583537101745605,33,,,,,0.642140,,10.942692,-0.031862
523,18936,17.0,62.49,,4.3016877752361875,1.2583537101745605,33,,,,,0.642140,,10.942692,-0.031862
524,19001,65.0,63.0,,4.3016877752361875,1.2583537101745605,33,,,,,0.642140,,10.942692,-0.031862
525,19123,122.0,63.67,,4.3016877752361875,1.2583537101745605,33,,,,,0.642140,,10.942692,-0.031862
526,19183,60.0,63.68,,4.3016877752361875,1.2583537101745605,33,,,,,0.642140,,10.942692,-0.031862
527,19275,92.0,64.25,,4.3016877752361875,1.2583537101745605,33,,,,,0.642140,,10.942692,-0.031862
528,19420,145.0,65.22,,4.349805341047399,1.3184278011322021,34,,,,,0.634292,,11.907136,0.066999
529,19497,77.0,65.36,,4.349805341047399,1.3184278011322021,34,,,,,0.634292,,11.907136,0.066999
530,19558,61.0,64.94,,4.349805341047399,1.3184278011322021,34,,,,,0.634292,,11.907136,0.066999
531,19699,141.0,66.16,,4.349805341047399,1.3184278011322021,34,,,,,0.634292,,11.907136,0.066999
532,19743,44.0,66.35,,4.349805341047399,1.3184278011322021,34,,,,,0.634292,,11.907136,0.066999
533,19825,82.0,66.67,,4.349805341047399,1.3184278011322021,34,,,,,0.634292,,11.907136,0.066999
534,19895,70.0,67.23,,4.349805341047399,1.3184278011322021,34,,,,,0.634292,,11.907136,0.066999
535,19977,82.0,67.78,,4.349805341047399,1.3184278011322021,34,,,,,0.634292,,11.907136,0.066999
536,20013,36.0,66.84,,4.349805341047399,1.3184278011322021,34,,,,,0.634292,,11.907136,0.066999
537,20067,54.0,66.8,,4.349805341047399,1.3184278011322021,34,,,,,0.634292,,11.907136,0.066999
538,20154,87.0,67.16,,4.349805341047399,1.3184278011322021,34,,,,,0.634292,,11.907136,0.066999
539,20243,89.0,67.38,,4.349805341047399,1.3184278011322021,34,,,,,0.634292,,11.907136,0.066999
540,20262,19.0,67.04,,4.349805341047399,1.3184278011322021,34,,,,,0.634292,,11.907136,0.066999
541,20312,50.0,67.23,,4.349805341047399,1.3184278011322021,34,,,,,0.634292,,11.907136,0.066999
542,20347,35.0,67.08,,4.349805341047399,1.3184278011322021,34,,,,,0.634292,,11.907136,0.066999
543,20374,27.0,66.52,,4.349805341047399,1.3184278011322021,34,,,,,0.634292,,11.907136,0.066999
544,20408,34.0,66.59,,4.386167907714844,1.433074712753296,35,,,,,0.629776,,11.323724,0.110814
545,20446,38.0,66.27,,4.386167907714844,1.4340760707855225,35,,,,,0.629776,,11.323724,0.110814
546,20520,74.0,66.35,,4.386167907714844,1.4340760707855225,35,,,,,0.629776,,11.323724,0.110814
547,20547,27.0,66.05,,4.386167907714844,1.4340760707855225,35,,,,,0.629776,,11.323724,0.110814
548,20565,18.0,65.84,,4.386167907714844,1.4340760707855225,35,,,,,0.629776,,11.323724,0.110814
549,20593,28.0,65.58,,4.386167907714844,1.4340760707855225,35,,,252.8,99.3486789041505,0.629776,,11.323724,0.110814
550,20637,44.0,65.84,,4.386167907714844,1.4340760707855225,35,,,,,0.629776,,11.323724,0.110814
551,20698,61.0,65.36,,4.386167907714844,1.4340760707855225,35,,,,,0.629776,,11.323724,0.110814
552,20736,38.0,65.26,,4.386167907714844,1.4340760707855225,35,,,,,0.629776,,11.323724,0.110814
553,20880,144.0,65.58,,4.386167907714844,1.4340760707855225,35,,,,,0.629776,,11.323724,0.110814
554,21029,149.0,66.82,,4.386167907714844,1.4340760707855225,35,,,,,0.629776,,11.323724,0.110814
555,21231,202.0,68.66,,4.386167907714844,1.4340760707855225,35,,,,,0.629776,,11.323724,0.110814
556,21323,92.0,69.13,,4.386167907714844,1.4340760707855225,35,,,,,0.629776,,11.323724,0.110814
557,21381,58.0,68.73,,4.386167907714844,1.4340760707855225,35,,,,,0.629776,,11.323724,0.110814
558,21487,106.0,68.69,,4.386167907714844,1.4340760707855225,35,,,,,0.629776,,11.323724,0.110814
559,21577,90.0,68.8,,4.386167907714844,1.4340760707855225,35,,,,,0.629776,,11.323724,0.110814
560,21635,58.0,68.38,,4.431348694695367,1.5091328620910645,36,,,,,0.617691,,12.113719,0.007569
561,21699,64.0,67.47,,4.431348694695367,1.5091328620910645,36,,,,,0.617691,,12.113719,0.007569
562,21737,38.0,67.14,,4.431348694695367,1.5091328620910645,36,,,,,0.617691,,12.113719,0.007569
563,21778,41.0,67.09,,4.431348694695367,1.5091328620910645,36,,,,,0.617691,,12.113719,0.007569
564,21826,48.0,66.35,,4.431348694695367,1.5091328620910645,36,,,,,0.617691,,12.113719,0.007569
565,21902,76.0,66.91,,4.431348694695367,1.5091328620910645,36,,,,,0.617691,,12.113719,0.007569
566,22008,106.0,67.31,,4.431348694695367,1.5091328620910645,36,,,,,0.617691,,12.113719,0.007569
567,22153,145.0,68.28,,4.431348694695367,1.5091328620910645,36,,,,,0.617691,,12.113719,0.007569
568,22180,27.0,68.34,,4.431348694695367,1.5091328620910645,36,,,,,0.617691,,12.113719,0.007569
569,22272,92.0,68.21,,4.431348694695367,1.5091328620910645,36,,,,,0.617691,,12.113719,0.007569
570,22394,122.0,68.77,,4.431348694695367,1.5091328620910645,36,,,,,0.617691,,12.113719,0.007569
571,22543,149.0,69.61,,4.431348694695367,1.5091328620910645,36,,,,,0.617691,,12.113719,0.007569
572,22621,78.0,68.96,,4.431348694695367,1.5091328620910645,36,,,,,0.617691,,12.113719,0.007569
573,22682,61.0,69.31,,4.431348694695367,1.5091328620910645,36,,,,,0.617691,,12.113719,0.007569
574,22762,80.0,69.71,,4.431348694695367,1.5091328620910645,36,,,,,0.617691,,12.113719,0.007569
575,22822,60.0,70.1,,4.431348694695367,1.5091328620910645,36,,,,,0.617691,,12.113719,0.007569
576,22870,48.0,70.04,,4.436081886291504,1.6193842887878418,37,,,,,0.627014,,9.262699,0.185216
577,22965,95.0,70.6,,4.436081886291504,1.6193842887878418,37,,,,,0.627014,,9.262699,0.185216
578,23044,79.0,70.69,,4.436081886291504,1.6193842887878418,37,,,,,0.627014,,9.262699,0.185216
579,23290,246.0,71.44,,4.436081886291504,1.6193842887878418,37,,,,,0.627014,,9.262699,0.185216
580,23428,138.0,72.07,,4.436081886291504,1.6193842887878418,37,,,,,0.627014,,9.262699,0.185216
581,23480,52.0,72.18,,4.436081886291504,1.6193842887878418,37,,,,,0.627014,,9.262699,0.185216
582,23636,156.0,73.23,,4.436081886291504,1.6193842887878418,37,,,,,0.627014,,9.262699,0.185216
583,23781,145.0,73.92,,4.436081886291504,1.6193842887878418,37,,,,,0.627014,,9.262699,0.185216
584,23880,99.0,73.83,,4.436081886291504,1.6193842887878418,37,,,,,0.627014,,9.262699,0.185216
585,24036,156.0,74.82,,4.436081886291504,1.6193842887878418,37,,,,,0.627014,,9.262699,0.185216
586,24148,112.0,75.66,,4.436081886291504,1.6193842887878418,37,,,,,0.627014,,9.262699,0.185216
587,24236,88.0,75.84,,4.436081886291504,1.6193842887878418,37,,,,,0.627014,,9.262699,0.185216
588,24410,174.0,77.38,,4.436081886291504,1.6193842887878418,37,,,,,0.627014,,9.262699,0.185216
589,24507,97.0,77.99,,4.436081886291504,1.6193842887878418,37,,,,,0.627014,,9.262699,0.185216
590,24561,54.0,77.81,,4.436081886291504,1.6193842887878418,37,,,,,0.627014,,9.262699,0.185216
591,24695,134.0,78.73,,4.436081886291504,1.6193842887878418,37,,,,,0.627014,,9.262699,0.185216
592,24790,95.0,79.14,,4.445068472310116,1.7395508289337158,38,,,,,0.625970,,9.592228,0.234509
593,25005,215.0,80.4,,4.445068472310116,1.7395508289337158,38,,,,,0.625970,,9.592228,0.234509
594,25064,59.0,80.73,,4.445068472310116,1.7395508289337158,38,,,,,0.625970,,9.592228,0.234509
595,25106,42.0,80.6,,4.445068472310116,1.7395508289337158,38,,,,,0.625970,,9.592228,0.234509
596,25277,171.0,81.4,,4.445068472310116,1.7395508289337158,38,,,,,0.625970,,9.592228,0.234509
597,25292,15.0,81.25,,4.445068472310116,1.7395508289337158,38,,,,,0.625970,,9.592228,0.234509
598,25438,146.0,81.84,,4.445068472310116,1.7395508289337158,38,,,,,0.625970,,9.592228,0.234509
599,25635,197.0,83.65,,4.445068472310116,1.7395508289337158,38,,,434.6,130.8,0.625970,,9.592228,0.234509
600,25730,95.0,83.68,,4.445068472310116,1.7395508289337158,38,,,,,0.625970,,9.592228,0.234509
601,25803,73.0,83.48,,4.445068472310116,1.7395508289337158,38,,,,,0.625970,,9.592228,0.234509
602,25907,104.0,84.01,,4.445068472310116,1.7395508289337158,38,,,,,0.625970,,9.592228,0.234509
603,25937,30.0,83.8,,4.445068472310116,1.7395508289337158,38,,,,,0.625970,,9.592228,0.234509
604,26132,195.0,85.43,,4.445068472310116,1.7395508289337158,38,,,,,0.625970,,9.592228,0.234509
605,26198,66.0,85.88,,4.445068472310116,1.7395508289337158,38,,,,,0.625970,,9.592228,0.234509
606,26435,237.0,87.32,,4.445068472310116,1.7395508289337158,38,,,,,0.625970,,9.592228,0.234509
607,26544,109.0,88.27,,4.445068472310116,1.7395508289337158,38,,,,,0.625970,,9.592228,0.234509
608,26704,160.0,89.16,,4.470697953150823,1.8306422233581543,39,,,,,0.616943,,10.927648,0.110595
609,26795,91.0,89.25,,4.470697953150823,1.8306422233581543,39,,,,,0.616943,,10.927648,0.110595
610,26947,152.0,90.36,,4.470697953150823,1.8306422233581543,39,,,,,0.616943,,10.927648,0.110595
611,27003,56.0,90.25,,4.470697953150823,1.8306422233581543,39,,,,,0.616943,,10.927648,0.110595
612,27064,61.0,90.51,,4.470697953150823,1.8306422233581543,39,,,,,0.616943,,10.927648,0.110595
613,27188,124.0,91.08,,4.470697953150823,1.8306422233581543,39,,,,,0.616943,,10.927648,0.110595
614,27274,86.0,90.98,,4.470697953150823,1.8306422233581543,39,,,,,0.616943,,10.927648,0.110595
615,27403,129.0,91.09,,4.470697953150823,1.8306422233581543,39,,,,,0.616943,,10.927648,0.110595
616,27513,110.0,91.73,,4.470697953150823,1.8306422233581543,39,,,,,0.616943,,10.927648,0.110595
617,27677,164.0,92.09,,4.470697953150823,1.8306422233581543,39,,,,,0.616943,,10.927648,0.110595
618,27729,52.0,91.55,,4.470697953150823,1.8306422233581543,39,,,,,0.616943,,10.927648,0.110595
619,27861,132.0,92.23,,4.470697953150823,1.8306422233581543,39,,,,,0.616943,,10.927648,0.110595
620,27967,106.0,91.73,,4.470697953150823,1.8306422233581543,39,,,,,0.616943,,10.927648,0.110595
621,28017,50.0,91.52,,4.470697953150823,1.8306422233581543,39,,,,,0.616943,,10.927648,0.110595
622,28198,181.0,92.79,,4.470697953150823,1.8306422233581543,39,,,,,0.616943,,10.927648,0.110595
623,28235,37.0,92.99,,4.470697953150823,1.8306422233581543,39,,,,,0.616943,,10.927648,0.110595
624,28446,211.0,94.45,,4.46850814819336,1.948162317276001,40,,,,,0.614924,,8.848526,0.340296
625,28591,145.0,94.68,,4.46850814819336,1.9491643905639648,40,,,,,0.614924,,8.848526,0.340296
626,28696,105.0,95.13,,4.46850814819336,1.9491643905639648,40,,,,,0.614924,,8.848526,0.340296
627,28825,129.0,95.5,,4.46850814819336,1.9491643905639648,40,,,,,0.614924,,8.848526,0.340296
628,28904,79.0,94.84,,4.46850814819336,1.9491643905639648,40,,,,,0.614924,,8.848526,0.340296
629,29099,195.0,96.02,,4.46850814819336,1.9491643905639648,40,,,,,0.614924,,8.848526,0.340296
630,29160,61.0,96.02,,4.46850814819336,1.9491643905639648,40,,,,,0.614924,,8.848526,0.340296
631,29349,189.0,96.5,,4.46850814819336,1.9491643905639648,40,,,,,0.614924,,8.848526,0.340296
632,29444,95.0,97.01,,4.46850814819336,1.9491643905639648,40,,,,,0.614924,,8.848526,0.340296
633,29601,157.0,97.76,,4.46850814819336,1.9491643905639648,40,,,,,0.614924,,8.848526,0.340296
634,29677,76.0,97.82,,4.46850814819336,1.9491643905639648,40,,,,,0.614924,,8.848526,0.340296
635,29859,182.0,98.82,,4.46850814819336,1.9491643905639648,40,,,,,0.614924,,8.848526,0.340296
636,29937,78.0,99.24,,4.46850814819336,1.9491643905639648,40,,,,,0.614924,,8.848526,0.340296
637,30041,104.0,99.74,,4.46850814819336,1.9491643905639648,40,,,,,0.614924,,8.848526,0.340296
638,30268,227.0,101.14,,4.46850814819336,1.9491643905639648,40,,,,,0.614924,,8.848526,0.340296
639,30339,71.0,100.96,,4.46850814819336,1.9491643905639648,40,,,,,0.614924,,8.848526,0.340296
640,30522,183.0,102.6,,4.470864830947503,2.039579153060913,41,,,,,0.618753,,9.206337,0.290447
641,30690,168.0,103.78,,4.470864830947503,2.039579153060913,41,,,,,0.618753,,9.206337,0.290447
642,30803,113.0,104.56,,4.470864830947503,2.039579153060913,41,,,,,0.618753,,9.206337,0.290447
643,30985,182.0,106.11,,4.470864830947503,2.039579153060913,41,,,,,0.618753,,9.206337,0.290447
644,31071,86.0,106.63,,4.470864830947503,2.039579153060913,41,,,,,0.618753,,9.206337,0.290447
645,31178,107.0,107.32,,4.470864830947503,2.039579153060913,41,,,,,0.618753,,9.206337,0.290447
646,31291,113.0,107.71,,4.470864830947503,2.039579153060913,41,,,,,0.618753,,9.206337,0.290447
647,31369,78.0,108.22,,4.470864830947503,2.039579153060913,41,,,,,0.618753,,9.206337,0.290447
648,31503,134.0,109.38,,4.470864830947503,2.039579153060913,41,,,,,0.618753,,9.206337,0.290447
649,31666,163.0,110.73,,4.470864830947503,2.039579153060913,41,,,461.2,77.6,0.618753,,9.206337,0.290447
650,31721,55.0,110.84,,4.470864830947503,2.039579153060913,41,,,,,0.618753,,9.206337,0.290447
651,31857,136.0,111.59,,4.470864830947503,2.039579153060913,41,,,,,0.618753,,9.206337,0.290447
652,31926,69.0,111.9,,4.470864830947503,2.039579153060913,41,,,,,0.618753,,9.206337,0.290447
653,32079,153.0,111.99,,4.470864830947503,2.039579153060913,41,,,,,0.618753,,9.206337,0.290447
654,32247,168.0,112.18,,4.470864830947503,2.039579153060913,41,,,,,0.618753,,9.206337,0.290447
655,32405,158.0,111.74,,4.470864830947503,2.039579153060913,41,,,,,0.618753,,9.206337,0.290447
656,32558,153.0,112.35,,4.44425580615089,2.2292051315307617,42,,,,,0.609592,,6.773771,0.559393
657,32671,113.0,112.9,,4.44425580615089,2.2292051315307617,42,,,,,0.609592,,6.773771,0.559393
658,32835,164.0,113.48,,4.44425580615089,2.2292051315307617,42,,,,,0.609592,,6.773771,0.559393
659,32905,70.0,113.28,,4.44425580615089,2.2292051315307617,42,,,,,0.609592,,6.773771,0.559393
660,33276,371.0,116.41,,4.44425580615089,2.2292051315307617,42,,,,,0.609592,,6.773771,0.559393
661,33560,284.0,118.61,,4.44425580615089,2.2292051315307617,42,,,,,0.609592,,6.773771,0.559393
662,33749,189.0,120.12,,4.44425580615089,2.2292051315307617,42,,,,,0.609592,,6.773771,0.559393
663,33921,172.0,121.43,,4.44425580615089,2.2292051315307617,42,,,,,0.609592,,6.773771,0.559393
664,34243,322.0,124.17,,4.44425580615089,2.2292051315307617,42,,,,,0.609592,,6.773771,0.559393
665,34342,99.0,124.4,,4.44425580615089,2.2292051315307617,42,,,,,0.609592,,6.773771,0.559393
666,34452,110.0,124.44,,4.44425580615089,2.2292051315307617,42,,,,,0.609592,,6.773771,0.559393
667,34581,129.0,124.28,,4.44425580615089,2.2292051315307617,42,,,,,0.609592,,6.773771,0.559393
668,34894,313.0,127.14,,4.44425580615089,2.2292051315307617,42,,,,,0.609592,,6.773771,0.559393
669,34996,102.0,127.24,,4.44425580615089,2.2292051315307617,42,,,,,0.609592,,6.773771,0.559393
670,35196,200.0,128.02,,4.44425580615089,2.2292051315307617,42,,,,,0.609592,,6.773771,0.559393
671,35318,122.0,127.75,,4.44425580615089,2.2292051315307617,42,,,,,0.609592,,6.773771,0.559393
672,35489,171.0,128.68,,4.4282297200934835,2.385411024093628,43,,,,,0.610963,,7.547810,0.275877
673,35630,141.0,129.48,,4.4282297200934835,2.385411024093628,43,,,,,0.610963,,7.547810,0.275877
674,35766,136.0,130.04,,4.4282297200934835,2.385411024093628,43,,,,,0.610963,,7.547810,0.275877
675,35928,162.0,131.06,,4.4282297200934835,2.385411024093628,43,,,,,0.610963,,7.547810,0.275877
676,36062,134.0,131.92,,4.4282297200934835,2.385411024093628,43,,,,,0.610963,,7.547810,0.275877
677,36221,159.0,132.56,,4.4282297200934835,2.385411024093628,43,,,,,0.610963,,7.547810,0.275877
678,36413,192.0,133.69,,4.4282297200934835,2.385411024093628,43,,,,,0.610963,,7.547810,0.275877
679,36659,246.0,133.69,,4.4282297200934835,2.385411024093628,43,,,,,0.610963,,7.547810,0.275877
680,36823,164.0,133.95,,4.4282297200934835,2.385411024093628,43,,,,,0.610963,,7.547810,0.275877
681,37054,231.0,135.74,,4.4282297200934835,2.385411024093628,43,,,,,0.610963,,7.547810,0.275877
682,37371,317.0,137.35,,4.4282297200934835,2.385411024093628,43,,,,,0.610963,,7.547810,0.275877
683,37550,179.0,137.69,,4.4282297200934835,2.385411024093628,43,,,,,0.610963,,7.547810,0.275877
684,37714,164.0,138.34,,4.4282297200934835,2.385411024093628,43,,,,,0.610963,,7.547810,0.275877
685,37790,76.0,137.54,,4.4282297200934835,2.385411024093628,43,,,,,0.610963,,7.547810,0.275877
686,37980,190.0,138.32,,4.4282297200934835,2.385411024093628,43,,,,,0.610963,,7.547810,0.275877
687,38274,294.0,140.38,,4.4282297200934835,2.385411024093628,43,,,,,0.610963,,7.547810,0.275877
688,38369,95.0,139.59,,4.427539857951078,2.5026113986968994,44,,,,,0.597821,,8.855814,0.420112
689,38512,143.0,140.05,,4.427539857951078,2.5026113986968994,44,,,,,0.597821,,8.855814,0.420112
690,38719,207.0,141.58,,4.427539857951078,2.5026113986968994,44,,,,,0.597821,,8.855814,0.420112
691,38946,227.0,142.51,,4.427539857951078,2.5026113986968994,44,,,,,0.597821,,8.855814,0.420112
692,39065,119.0,142.75,,4.427539857951078,2.5026113986968994,44,,,,,0.597821,,8.855814,0.420112
693,39163,98.0,141.58,,4.427539857951078,2.5026113986968994,44,,,,,0.597821,,8.855814,0.420112
694,39270,107.0,142.06,,4.427539857951078,2.5026113986968994,44,,,,,0.597821,,8.855814,0.420112
695,39433,163.0,143.27,,4.427539857951078,2.5026113986968994,44,,,,,0.597821,,8.855814,0.420112
696,39603,170.0,143.26,,4.427539857951078,2.5026113986968994,44,,,,,0.597821,,8.855814,0.420112
697,39668,65.0,143.76,,4.427539857951078,2.5026113986968994,44,,,,,0.597821,,8.855814,0.420112
698,39899,231.0,144.61,,4.427539857951078,2.5026113986968994,44,,,,,0.597821,,8.855814,0.420112
699,40057,158.0,144.22,,4.427539857951078,2.5026113986968994,44,,,490.2,19.599999999999998,0.597821,,8.855814,0.420112
700,40219,162.0,144.89,,4.427539857951078,2.503141403198242,44,,,,,0.597821,,8.855814,0.420112
701,40400,181.0,145.97,,4.427539857951078,2.503141403198242,44,,,,,0.597821,,8.855814,0.420112
702,40541,141.0,146.34,,4.427539857951078,2.503141403198242,44,,,,,0.597821,,8.855814,0.420112
703,40637,96.0,147.0,,4.427539857951078,2.503141403198242,44,,,,,0.597821,,8.855814,0.420112
704,40875,238.0,147.43,,4.396602816051907,2.672034740447998,45,,,,,0.602829,,6.119042,0.730652
705,40998,123.0,148.0,,4.396602816051907,2.672034740447998,45,,,,,0.602829,,6.119042,0.730652
706,41200,202.0,147.65,,4.396602816051907,2.672034740447998,45,,,,,0.602829,,6.119042,0.730652
707,41354,154.0,148.1,,4.396602816051907,2.672034740447998,45,,,,,0.602829,,6.119042,0.730652
708,41500,146.0,147.96,,4.396602816051907,2.672034740447998,45,,,,,0.602829,,6.119042,0.730652
709,41697,197.0,149.02,,4.396602816051907,2.672034740447998,45,,,,,0.602829,,6.119042,0.730652
710,41780,83.0,148.33,,4.396602816051907,2.672034740447998,45,,,,,0.602829,,6.119042,0.730652
711,41917,137.0,149.14,,4.396602816051907,2.672034740447998,45,,,,,0.602829,,6.119042,0.730652
712,42238,321.0,151.74,,4.396602816051907,2.672034740447998,45,,,,,0.602829,,6.119042,0.730652
713,42446,208.0,152.58,,4.396602816051907,2.672034740447998,45,,,,,0.602829,,6.119042,0.730652
714,42622,176.0,153.48,,4.396602816051907,2.672034740447998,45,,,,,0.602829,,6.119042,0.730652
715,42772,150.0,153.69,,4.396602816051907,2.672034740447998,45,,,,,0.602829,,6.119042,0.730652
716,43102,330.0,155.89,,4.396602816051907,2.672034740447998,45,,,,,0.602829,,6.119042,0.730652
717,43458,356.0,157.81,,4.396602816051907,2.672034740447998,45,,,,,0.602829,,6.119042,0.730652
718,43665,207.0,159.36,,4.396602816051907,2.672034740447998,45,,,,,0.602829,,6.119042,0.730652
719,43812,147.0,159.51,,4.396602816051907,2.672034740447998,45,,,,,0.602829,,6.119042,0.730652
720,44183,371.0,162.16,,4.384302071903063,2.8330087661743164,46,,,,,0.599491,,7.717676,0.506736
721,44339,156.0,163.22,,4.384302071903063,2.8330087661743164,46,,,,,0.599491,,7.717676,0.506736
722,44475,136.0,162.77,,4.384302071903063,2.8330087661743164,46,,,,,0.599491,,7.717676,0.506736
723,44698,223.0,164.63,,4.384302071903063,2.8330087661743164,46,,,,,0.599491,,7.717676,0.506736
724,44847,149.0,164.01,,4.384302071903063,2.8330087661743164,46,,,,,0.599491,,7.717676,0.506736
725,45008,161.0,164.17,,4.384302071903063,2.8330087661743164,46,,,,,0.599491,,7.717676,0.506736
726,45251,243.0,165.55,,4.384302071903063,2.8330087661743164,46,,,,,0.599491,,7.717676,0.506736
727,45377,126.0,165.52,,4.384302071903063,2.8330087661743164,46,,,,,0.599491,,7.717676,0.506736
728,45577,200.0,166.73,,4.384302071903063,2.8330087661743164,46,,,,,0.599491,,7.717676,0.506736
729,45714,137.0,166.15,,4.384302071903063,2.8330087661743164,46,,,,,0.599491,,7.717676,0.506736
730,45848,134.0,166.88,,4.384302071903063,2.8330087661743164,46,,,,,0.599491,,7.717676,0.506736
731,46006,158.0,166.57,,4.384302071903063,2.8330087661743164,46,,,,,0.599491,,7.717676,0.506736
732,46295,289.0,168.51,,4.384302071903063,2.8330087661743164,46,,,,,0.599491,,7.717676,0.506736
733,46380,85.0,167.79,,4.384302071903063,2.8330087661743164,46,,,,,0.599491,,7.717676,0.506736
734,46477,97.0,168.0,,4.384302071903063,2.8330087661743164,46,,,,,0.599491,,7.717676,0.506736
735,46652,175.0,167.93,,4.384302071903063,2.8330087661743164,46,,,,,0.599491,,7.717676,0.506736
736,46798,146.0,168.61,,4.35830098010124,3.0059573650360107,47,,,,,0.596898,,6.373861,0.642831
737,46973,175.0,169.32,,4.35830098010124,3.0059573650360107,47,,,,,0.596898,,6.373861,0.642831
738,47144,171.0,168.76,,4.35830098010124,3.0059573650360107,47,,,,,0.596898,,6.373861,0.642831
739,47512,368.0,171.73,,4.35830098010124,3.0059573650360107,47,,,,,0.596898,,6.373861,0.642831
740,47740,228.0,172.18,,4.35830098010124,3.0059573650360107,47,,,,,0.596898,,6.373861,0.642831
741,47894,154.0,172.04,,4.35830098010124,3.0059573650360107,47,,,,,0.596898,,6.373861,0.642831
742,48121,227.0,173.18,,4.35830098010124,3.0059573650360107,47,,,,,0.596898,,6.373861,0.642831
743,48376,255.0,173.91,,4.35830098010124,3.0059573650360107,47,,,,,0.596898,,6.373861,0.642831
744,48605,229.0,175.34,,4.35830098010124,3.0059573650360107,47,,,,,0.596898,,6.373861,0.642831
745,48802,197.0,176.24,,4.35830098010124,3.0059573650360107,47,,,,,0.596898,,6.373861,0.642831
746,49034,232.0,177.43,,4.35830098010124,3.0059573650360107,47,,,,,0.596898,,6.373861,0.642831
747,49351,317.0,179.82,,4.35830098010124,3.0059573650360107,47,,,,,0.596898,,6.373861,0.642831
748,49627,276.0,181.24,,4.35830098010124,3.0059573650360107,47,,,,,0.596898,,6.373861,0.642831
749,49645,18.0,179.79,,4.35830098010124,3.0059573650360107,47,,,500.0,0.0,0.596898,,6.373861,0.642831
750,49773,128.0,180.52,,4.35830098010124,3.0059573650360107,47,,,,,0.596898,,6.373861,0.642831
751,50031,258.0,181.74,,4.35830098010124,3.0059573650360107,47,,,,,0.596898,,6.373861,0.642831
752,50375,344.0,184.49,,4.340104768673579,3.197033166885376,48,,,,,0.596251,,7.008808,0.424237
753,50621,246.0,185.42,,4.340104768673579,3.197033166885376,48,,,,,0.596251,,7.008808,0.424237
754,50800,179.0,185.53,,4.340104768673579,3.197033166885376,48,,,,,0.596251,,7.008808,0.424237
755,50984,184.0,185.79,,4.340104768673579,3.197033166885376,48,,,,,0.596251,,7.008808,0.424237
756,51092,108.0,185.34,,4.340104768673579,3.1981418132781982,48,,,,,0.596251,,7.008808,0.424237
757,51370,278.0,186.99,,4.340104768673579,3.1981418132781982,48,,,,,0.596251,,7.008808,0.424237
758,51569,199.0,187.34,,4.340104768673579,3.1981418132781982,48,,,,,0.596251,,7.008808,0.424237
759,51842,273.0,189.37,,4.340104768673579,3.1981418132781982,48,,,,,0.596251,,7.008808,0.424237
760,52078,236.0,188.02,,4.340104768673579,3.1981418132781982,48,,,,,0.596251,,7.008808,0.424237
761,52308,230.0,187.48,,4.340104768673579,3.1981418132781982,48,,,,,0.596251,,7.008808,0.424237
762,52390,82.0,186.41,,4.340104768673579,3.1981418132781982,48,,,,,0.596251,,7.008808,0.424237
763,52405,15.0,184.84,,4.340104768673579,3.1981418132781982,48,,,,,0.596251,,7.008808,0.424237
764,52771,366.0,185.28,,4.340104768673579,3.1981418132781982,48,,,,,0.596251,,7.008808,0.424237
765,52972,201.0,186.3,,4.340104768673579,3.1981418132781982,48,,,,,0.596251,,7.008808,0.424237
766,53155,183.0,187.03,,4.340104768673579,3.1981418132781982,48,,,,,0.596251,,7.008808,0.424237
767,53386,231.0,188.05,,4.340104768673579,3.1981418132781982,48,,,,,0.596251,,7.008808,0.424237
768,53583,197.0,186.89,,4.311690019101513,3.416741371154785,49,,,,,0.592591,,5.925209,0.656291
769,53835,252.0,188.39,,4.311690019101513,3.416741371154785,49,,,,,0.592591,,5.925209,0.656291
770,53970,135.0,187.74,,4.311690019101513,3.416741371154785,49,,,,,0.592591,,5.925209,0.656291
771,54319,349.0,190.01,,4.311690019101513,3.416741371154785,49,,,,,0.592591,,5.925209,0.656291
772,54467,148.0,189.78,,4.311690019101513,3.416741371154785,49,,,,,0.592591,,5.925209,0.656291
773,54672,205.0,190.42,,4.311690019101513,3.416741371154785,49,,,,,0.592591,,5.925209,0.656291
774,54806,134.0,190.4,,4.311690019101513,3.416741371154785,49,,,,,0.592591,,5.925209,0.656291
775,55051,245.0,191.23,,4.311690019101513,3.416741371154785,49,,,,,0.592591,,5.925209,0.656291
776,55470,419.0,194.08,,4.311690019101513,3.416741371154785,49,,,,,0.592591,,5.925209,0.656291
777,55686,216.0,194.65,,4.311690019101513,3.416741371154785,49,,,,,0.592591,,5.925209,0.656291
778,55960,274.0,195.47,,4.311690019101513,3.416741371154785,49,,,,,0.592591,,5.925209,0.656291
779,56460,500.0,198.01,,4.311690019101513,3.416741371154785,49,,,,,0.592591,,5.925209,0.656291
780,56617,157.0,197.94,,4.311690019101513,3.416741371154785,49,,,,,0.592591,,5.925209,0.656291
781,56892,275.0,198.38,,4.311690019101513,3.416741371154785,49,,,,,0.592591,,5.925209,0.656291
782,57206,314.0,198.35,,4.311690019101513,3.416741371154785,49,,,,,0.592591,,5.925209,0.656291
783,57367,161.0,198.17,,4.311690019101513,3.416741371154785,49,,,,,0.592591,,5.925209,0.656291
784,57606,239.0,198.92,,4.289096431732178,3.6237757205963135,50,,,,,0.597886,,6.378022,0.576198
785,57822,216.0,200.32,,4.289096431732178,3.6237757205963135,50,,,,,0.597886,,6.378022,0.576198
786,58076,254.0,200.96,,4.289096431732178,3.6237757205963135,50,,,,,0.597886,,6.378022,0.576198
787,58416,340.0,201.42,,4.289096431732178,3.6237757205963135,50,,,,,0.597886,,6.378022,0.576198
788,58591,175.0,202.22,,4.289096431732178,3.6237757205963135,50,,,,,0.597886,,6.378022,0.576198
789,58916,325.0,204.04,,4.289096431732178,3.6237757205963135,50,,,,,0.597886,,6.378022,0.576198
790,59089,173.0,203.7,,4.289096431732178,3.6237757205963135,50,,,,,0.597886,,6.378022,0.576198
791,59305,216.0,203.59,,4.289096431732178,3.6237757205963135,50,,,,,0.597886,,6.378022,0.576198
792,59445,140.0,203.8,,4.289096431732178,3.6237757205963135,50,,,,,0.597886,,6.378022,0.576198
793,59945,500.0,207.82,,4.289096431732178,3.6237757205963135,50,,,,,0.597886,,6.378022,0.576198
794,60107,162.0,208.37,,4.289096431732178,3.6237757205963135,50,,,,,0.597886,,6.378022,0.576198
795,60270,163.0,208.37,,4.289096431732178,3.6237757205963135,50,,,,,0.597886,,6.378022,0.576198
796,60512,242.0,209.09,,4.289096431732178,3.6237757205963135,50,,,,,0.597886,,6.378022,0.576198
797,60645,133.0,209.77,,4.289096431732178,3.6237757205963135,50,,,,,0.597886,,6.378022,0.576198
798,60838,193.0,209.39,,4.289096431732178,3.6237757205963135,50,,,,,0.597886,,6.378022,0.576198
799,60968,130.0,209.11,,4.289096431732178,3.6237757205963135,50,,,500.0,0.0,0.597886,,6.378022,0.576198
800,61446,478.0,212.27,,4.150072727203369,3.866445779800415,51,,,,,0.600775,,5.041453,0.100486
801,61656,210.0,212.56,,4.150072727203369,3.866445779800415,51,,,,,0.600775,,5.041453,0.100486
802,61876,220.0,213.35,,4.150072727203369,3.866445779800415,51,,,,,0.600775,,5.041453,0.100486
803,62215,339.0,215.78,,4.150072727203369,3.866445779800415,51,,,,,0.600775,,5.041453,0.100486
804,62374,159.0,214.99,,4.150072727203369,3.866445779800415,51,,,,,0.600775,,5.041453,0.100486
805,62773,399.0,217.75,,4.150072727203369,3.866445779800415,51,,,,,0.600775,,5.041453,0.100486
806,63119,346.0,219.19,,4.150072727203369,3.866445779800415,51,,,,,0.600775,,5.041453,0.100486
807,63619,500.0,222.65,,4.150072727203369,3.866445779800415,51,,,,,0.600775,,5.041453,0.100486
808,64085,466.0,225.85,,4.150072727203369,3.866445779800415,51,,,,,0.600775,,5.041453,0.100486
809,64434,349.0,227.37,,4.150072727203369,3.866445779800415,51,,,,,0.600775,,5.041453,0.100486
810,64730,296.0,229.5,,4.150072727203369,3.866445779800415,51,,,,,0.600775,,5.041453,0.100486
811,65072,342.0,231.55,,4.150072727203369,3.866445779800415,51,,,,,0.600775,,5.041453,0.100486
812,65293,221.0,230.55,,4.150072727203369,3.866445779800415,51,,,,,0.600775,,5.041453,0.100486
813,65708,415.0,232.62,,4.150072727203369,3.866445779800415,51,,,,,0.600775,,5.041453,0.100486
814,65895,187.0,232.73,,4.150072727203369,3.866445779800415,51,,,,,0.600775,,5.041453,0.100486
815,65926,31.0,231.54,,4.150072727203369,3.866445779800415,51,,,,,0.600775,,5.041453,0.100486
816,66185,259.0,230.83,,4.022092976570129,4.100754261016846,52,,,,,0.597544,,5.253390,0.276059
817,66685,500.0,232.27,,4.022092976570129,4.100754261016846,52,,,,,0.597544,,5.253390,0.276059
818,67004,319.0,233.39,,4.022092976570129,4.100754261016846,52,,,,,0.597544,,5.253390,0.276059
819,67263,259.0,234.51,,4.022092976570129,4.100754261016846,52,,,,,0.597544,,5.253390,0.276059
820,67549,286.0,233.66,,4.022092976570129,4.100754261016846,52,,,,,0.597544,,5.253390,0.276059
821,68049,500.0,237.1,,4.022092976570129,4.100754261016846,52,,,,,0.597544,,5.253390,0.276059
822,68225,176.0,237.5,,4.022092976570129,4.100754261016846,52,,,,,0.597544,,5.253390,0.276059
823,68437,212.0,237.39,,4.022092976570129,4.100754261016846,52,,,,,0.597544,,5.253390,0.276059
824,68752,315.0,239.05,,4.022092976570129,4.100754261016846,52,,,,,0.597544,,5.253390,0.276059
825,68988,236.0,239.8,,4.022092976570129,4.100754261016846,52,,,,,0.597544,,5.253390,0.276059
826,69179,191.0,239.28,,4.022092976570129,4.100754261016846,52,,,,,0.597544,,5.253390,0.276059
827,69363,184.0,239.86,,4.022092976570129,4.100754261016846,52,,,,,0.597544,,5.253390,0.276059
828,69521,158.0,239.44,,4.022092976570129,4.100754261016846,52,,,,,0.597544,,5.253390,0.276059
829,69969,448.0,242.55,,4.022092976570129,4.100754261016846,52,,,,,0.597544,,5.253390,0.276059
830,70144,175.0,242.96,,4.022092976570129,4.100754261016846,52,,,,,0.597544,,5.253390,0.276059
831,70413,269.0,244.07,,4.022092976570129,4.100754261016846,52,,,,,0.597544,,5.253390,0.276059
832,70765,352.0,244.7,,3.930501947402954,4.348071336746216,53,,,,,0.591455,,4.810402,0.209540
833,71265,500.0,248.85,,3.930501947402954,4.348071336746216,53,,,,,0.591455,,4.810402,0.209540
834,71583,318.0,251.06,,3.930501947402954,4.348071336746216,53,,,,,0.591455,,4.810402,0.209540
835,71739,156.0,250.87,,3.930501947402954,4.348071336746216,53,,,,,0.591455,,4.810402,0.209540
836,71949,210.0,251.51,,3.930501947402954,4.348071336746216,53,,,,,0.591455,,4.810402,0.209540
837,72166,217.0,251.93,,3.930501947402954,4.348071336746216,53,,,,,0.591455,,4.810402,0.209540
838,72623,457.0,254.79,,3.930501947402954,4.348071336746216,53,,,,,0.591455,,4.810402,0.209540
839,72886,263.0,253.74,,3.930501947402954,4.348071336746216,53,,,,,0.591455,,4.810402,0.209540
840,73256,370.0,255.16,,3.930501947402954,4.348071336746216,53,,,,,0.591455,,4.810402,0.209540
841,73756,500.0,258.62,,3.930501947402954,4.348071336746216,53,,,,,0.591455,,4.810402,0.209540
842,73951,195.0,258.3,,3.930501947402954,4.348071336746216,53,,,,,0.591455,,4.810402,0.209540
843,74110,159.0,257.34,,3.930501947402954,4.348071336746216,53,,,,,0.591455,,4.810402,0.209540
844,74324,214.0,257.19,,3.930501947402954,4.348071336746216,53,,,,,0.591455,,4.810402,0.209540
845,74400,76.0,255.98,,3.930501947402954,4.348071336746216,53,,,,,0.591455,,4.810402,0.209540
846,74822,422.0,257.88,,3.930501947402954,4.348071336746216,53,,,,,0.591455,,4.810402,0.209540
847,75246,424.0,258.95,,3.930501947402954,4.348071336746216,53,,,,,0.591455,,4.810402,0.209540
848,75479,233.0,258.52,,3.8636118173599243,4.587567567825317,54,,,,,0.594567,,4.773422,-0.055748
849,75878,399.0,262.33,,3.8636118173599243,4.588574171066284,54,,,500.0,0.0,0.594567,,4.773422,-0.055748
850,76229,351.0,264.56,,3.8636118173599243,4.588574171066284,54,,,,,0.594567,,4.773422,-0.055748
851,76449,220.0,264.18,,3.8636118173599243,4.588574171066284,54,,,,,0.594567,,4.773422,-0.055748
852,76949,500.0,265.74,,3.8636118173599243,4.588574171066284,54,,,,,0.594567,,4.773422,-0.055748
853,77240,291.0,266.19,,3.8636118173599243,4.588574171066284,54,,,,,0.594567,,4.773422,-0.055748
854,77686,446.0,268.86,,3.8636118173599243,4.588574171066284,54,,,,,0.594567,,4.773422,-0.055748
855,77875,189.0,268.91,,3.8636118173599243,4.588574171066284,54,,,,,0.594567,,4.773422,-0.055748
856,78344,469.0,272.52,,3.8636118173599243,4.588574171066284,54,,,,,0.594567,,4.773422,-0.055748
857,78810,466.0,274.4,,3.8636118173599243,4.588574171066284,54,,,,,0.594567,,4.773422,-0.055748
858,79142,332.0,275.73,,3.8636118173599243,4.588574171066284,54,,,,,0.594567,,4.773422,-0.055748
859,79591,449.0,277.49,,3.8636118173599243,4.588574171066284,54,,,,,0.594567,,4.773422,-0.055748
860,79979,388.0,279.01,,3.8636118173599243,4.588574171066284,54,,,,,0.594567,,4.773422,-0.055748
861,80127,148.0,278.19,,3.8636118173599243,4.588574171066284,54,,,,,0.594567,,4.773422,-0.055748
862,80346,219.0,279.56,,3.8636118173599243,4.588574171066284,54,,,,,0.594567,,4.773422,-0.055748
863,80626,280.0,282.21,,3.8636118173599243,4.588574171066284,54,,,,,0.594567,,4.773422,-0.055748
864,80854,228.0,280.83,,3.8080252313613894,4.843499660491943,55,,,,,0.592283,,5.553321,0.201837
865,81043,189.0,280.71,,3.8080252313613894,4.843499660491943,55,,,,,0.592283,,5.553321,0.201837
866,81543,500.0,283.88,,3.8080252313613894,4.843499660491943,55,,,,,0.592283,,5.553321,0.201837
867,82034,491.0,286.48,,3.8080252313613894,4.843499660491943,55,,,,,0.592283,,5.553321,0.201837
868,82308,274.0,287.25,,3.8080252313613894,4.843499660491943,55,,,,,0.592283,,5.553321,0.201837
869,82453,145.0,286.18,,3.8080252313613894,4.843499660491943,55,,,,,0.592283,,5.553321,0.201837
870,82613,160.0,286.43,,3.8080252313613894,4.843499660491943,55,,,,,0.592283,,5.553321,0.201837
871,82810,197.0,284.91,,3.8080252313613894,4.843499660491943,55,,,,,0.592283,,5.553321,0.201837
872,83040,230.0,285.73,,3.8080252313613894,4.843499660491943,55,,,,,0.592283,,5.553321,0.201837
873,83339,299.0,286.67,,3.8080252313613894,4.843499660491943,55,,,,,0.592283,,5.553321,0.201837
874,83473,134.0,286.67,,3.8080252313613894,4.843499660491943,55,,,,,0.592283,,5.553321,0.201837
875,83752,279.0,287.01,,3.8080252313613894,4.843499660491943,55,,,,,0.592283,,5.553321,0.201837
876,84158,406.0,286.88,,3.8080252313613894,4.843499660491943,55,,,,,0.592283,,5.553321,0.201837
877,84658,500.0,289.72,,3.8080252313613894,4.843499660491943,55,,,,,0.592283,,5.553321,0.201837
878,84850,192.0,288.9,,3.8080252313613894,4.843499660491943,55,,,,,0.592283,,5.553321,0.201837
879,85099,249.0,286.39,,3.8080252313613894,4.843499660491943,55,,,,,0.592283,,5.553321,0.201837
880,85375,276.0,287.58,,3.8150964260101317,5.075425863265991,56,,,,,0.589855,,6.148000,-0.021116
881,85513,138.0,286.21,,3.8150964260101317,5.075425863265991,56,,,,,0.589855,,6.148000,-0.021116
882,85698,185.0,284.92,,3.8150964260101317,5.075425863265991,56,,,,,0.589855,,6.148000,-0.021116
883,85943,245.0,285.76,,3.8150964260101317,5.075425863265991,56,,,,,0.589855,,6.148000,-0.021116
884,86378,435.0,287.72,,3.8150964260101317,5.075425863265991,56,,,,,0.589855,,6.148000,-0.021116
885,86569,191.0,287.47,,3.8150964260101317,5.075425863265991,56,,,,,0.589855,,6.148000,-0.021116
886,86890,321.0,288.14,,3.8150964260101317,5.075425863265991,56,,,,,0.589855,,6.148000,-0.021116
887,86997,107.0,285.81,,3.8150964260101317,5.075425863265991,56,,,,,0.589855,,6.148000,-0.021116
888,87267,270.0,286.76,,3.8150964260101317,5.075425863265991,56,,,,,0.589855,,6.148000,-0.021116
889,87625,358.0,287.09,,3.8150964260101317,5.075425863265991,56,,,,,0.589855,,6.148000,-0.021116
890,87786,161.0,286.97,,3.8150964260101317,5.075425863265991,56,,,,,0.589855,,6.148000,-0.021116
891,87876,90.0,285.71,,3.8150964260101317,5.075425863265991,56,,,,,0.589855,,6.148000,-0.021116
892,88167,291.0,287.22,,3.8150964260101317,5.075425863265991,56,,,,,0.589855,,6.148000,-0.021116
893,88415,248.0,284.7,,3.8150964260101317,5.075425863265991,56,,,,,0.589855,,6.148000,-0.021116
894,88877,462.0,287.7,,3.8150964260101317,5.075425863265991,56,,,,,0.589855,,6.148000,-0.021116
895,89279,402.0,290.09,,3.8150964260101317,5.075425863265991,56,,,,,0.589855,,6.148000,-0.021116
896,89508,229.0,289.96,,3.8123792695999144,5.343141794204712,57,,,,,0.592703,,5.678375,-0.013636
897,89535,27.0,288.9,,3.8123792695999144,5.343141794204712,57,,,,,0.592703,,5.678375,-0.013636
898,89924,389.0,290.86,,3.8123792695999144,5.343141794204712,57,,,,,0.592703,,5.678375,-0.013636
899,90056,132.0,290.88,,3.8123792695999144,5.343141794204712,57,,,500.0,0.0,0.592703,,5.678375,-0.013636
900,90304,248.0,288.58,,3.8123792695999144,5.343141794204712,57,,,,,0.592703,,5.678375,-0.013636
901,90466,162.0,288.1,,3.8123792695999144,5.343141794204712,57,,,,,0.592703,,5.678375,-0.013636
902,90966,500.0,290.9,,3.8123792695999144,5.3441431522369385,57,,,,,0.592703,,5.678375,-0.013636
903,91125,159.0,289.1,,3.8123792695999144,5.3441431522369385,57,,,,,0.592703,,5.678375,-0.013636
904,91373,248.0,289.99,,3.8123792695999144,5.3441431522369385,57,,,,,0.592703,,5.678375,-0.013636
905,91523,150.0,287.5,,3.8123792695999144,5.3441431522369385,57,,,,,0.592703,,5.678375,-0.013636
906,91747,224.0,286.28,,3.8123792695999144,5.3441431522369385,57,,,,,0.592703,,5.678375,-0.013636
907,91910,163.0,282.91,,3.8123792695999144,5.3441431522369385,57,,,,,0.592703,,5.678375,-0.013636
908,92410,500.0,283.25,,3.8123792695999144,5.3441431522369385,57,,,,,0.592703,,5.678375,-0.013636
909,92622,212.0,281.88,,3.8123792695999144,5.3441431522369385,57,,,,,0.592703,,5.678375,-0.013636
910,92963,341.0,282.33,,3.8123792695999144,5.3441431522369385,57,,,,,0.592703,,5.678375,-0.013636
911,93194,231.0,281.22,,3.8123792695999144,5.3441431522369385,57,,,,,0.592703,,5.678375,-0.013636
912,93378,184.0,280.85,,3.805934567451477,5.545361757278442,58,,,,,0.585067,,6.467586,-0.014161
913,93686,308.0,279.78,,3.805934567451477,5.545361757278442,58,,,,,0.585067,,6.467586,-0.014161
914,93745,59.0,278.5,,3.805934567451477,5.545361757278442,58,,,,,0.585067,,6.467586,-0.014161
915,93899,154.0,279.73,,3.805934567451477,5.545361757278442,58,,,,,0.585067,,6.467586,-0.014161
916,94399,500.0,282.14,,3.805934567451477,5.545361757278442,58,,,,,0.585067,,6.467586,-0.014161
917,94595,196.0,279.1,,3.805934567451477,5.545361757278442,58,,,,,0.585067,,6.467586,-0.014161
918,94804,209.0,278.0,,3.805934567451477,5.545361757278442,58,,,,,0.585067,,6.467586,-0.014161
919,95264,460.0,280.01,,3.805934567451477,5.545361757278442,58,,,,,0.585067,,6.467586,-0.014161
920,95491,227.0,279.42,,3.805934567451477,5.545361757278442,58,,,,,0.585067,,6.467586,-0.014161
921,95677,186.0,276.28,,3.805934567451477,5.545361757278442,58,,,,,0.585067,,6.467586,-0.014161
922,95933,256.0,277.08,,3.805934567451477,5.545361757278442,58,,,,,0.585067,,6.467586,-0.014161
923,96138,205.0,277.01,,3.805934567451477,5.545361757278442,58,,,,,0.585067,,6.467586,-0.014161
924,96336,198.0,275.84,,3.805934567451477,5.545361757278442,58,,,,,0.585067,,6.467586,-0.014161
925,96581,245.0,275.93,,3.805934567451477,5.545361757278442,58,,,,,0.585067,,6.467586,-0.014161
926,96729,148.0,275.5,,3.805934567451477,5.545361757278442,58,,,,,0.585067,,6.467586,-0.014161
927,96927,198.0,275.64,,3.805934567451477,5.545361757278442,58,,,,,0.585067,,6.467586,-0.014161
928,97291,364.0,277.7,,3.779533715248108,5.805684566497803,59,,,,,0.591310,,4.998884,-0.015315
929,97549,258.0,275.8,,3.779533715248108,5.805684566497803,59,,,,,0.591310,,4.998884,-0.015315
930,97903,354.0,277.59,,3.779533715248108,5.805684566497803,59,,,,,0.591310,,4.998884,-0.015315
931,98203,300.0,277.9,,3.779533715248108,5.805684566497803,59,,,,,0.591310,,4.998884,-0.015315
932,98362,159.0,275.97,,3.779533715248108,5.805684566497803,59,,,,,0.591310,,4.998884,-0.015315
933,98621,259.0,273.56,,3.779533715248108,5.805684566497803,59,,,,,0.591310,,4.998884,-0.015315
934,98778,157.0,271.95,,3.779533715248108,5.805684566497803,59,,,,,0.591310,,4.998884,-0.015315
935,99142,364.0,274.03,,3.779533715248108,5.805684566497803,59,,,,,0.591310,,4.998884,-0.015315
936,99377,235.0,274.28,,3.779533715248108,5.805684566497803,59,,,,,0.591310,,4.998884,-0.015315
937,99715,338.0,275.49,,3.779533715248108,5.805684566497803,59,,,,,0.591310,,4.998884,-0.015315
938,99938,223.0,273.15,,3.779533715248108,5.805684566497803,59,,,,,0.591310,,4.998884,-0.015315
939,100246,308.0,273.6,,3.779533715248108,5.805684566497803,59,,,,,0.591310,,4.998884,-0.015315
940,100671,425.0,274.15,,3.779533715248108,5.805684566497803,59,,,,,0.591310,,4.998884,-0.015315
941,100935,264.0,271.79,,3.779533715248108,5.805684566497803,59,,,,,0.591310,,4.998884,-0.015315
942,101435,500.0,274.84,,3.779533715248108,5.805684566497803,59,,,,,0.591310,,4.998884,-0.015315
943,101811,376.0,277.01,,3.779533715248108,5.805684566497803,59,,,,,0.591310,,4.998884,-0.015315
944,102190,379.0,278.66,,3.791473469734192,6.001953125,60,,,,,0.590630,,6.682386,-0.008012
945,102364,174.0,279.64,,3.791473469734192,6.001953125,60,,,,,0.590630,,6.682386,-0.008012
946,102626,262.0,278.04,,3.791473469734192,6.001953125,60,,,,,0.590630,,6.682386,-0.008012
947,102820,194.0,275.74,,3.791473469734192,6.001953125,60,,,,,0.590630,,6.682386,-0.008012
948,102967,147.0,274.88,,3.791473469734192,6.001953125,60,,,,,0.590630,,6.682386,-0.008012
949,103173,206.0,272.95,,3.791473469734192,6.001953125,60,,,392.4,57.71169725454278,0.590630,,6.682386,-0.008012
950,103328,155.0,270.99,,3.791473469734192,6.002457141876221,60,,,,,0.590630,,6.682386,-0.008012
951,103527,199.0,270.78,,3.791473469734192,6.002457141876221,60,,,,,0.590630,,6.682386,-0.008012
952,103747,220.0,267.98,,3.791473469734192,6.002457141876221,60,,,,,0.590630,,6.682386,-0.008012
953,104002,255.0,267.62,,3.791473469734192,6.002457141876221,60,,,,,0.590630,,6.682386,-0.008012
954,104128,126.0,264.42,,3.791473469734192,6.002457141876221,60,,,,,0.590630,,6.682386,-0.008012
955,104427,299.0,265.52,,3.791473469734192,6.002457141876221,60,,,,,0.590630,,6.682386,-0.008012
956,104809,382.0,264.65,,3.791473469734192,6.002457141876221,60,,,,,0.590630,,6.682386,-0.008012
957,105093,284.0,262.83,,3.791473469734192,6.002457141876221,60,,,,,0.590630,,6.682386,-0.008012
958,105366,273.0,262.24,,3.791473469734192,6.002457141876221,60,,,,,0.590630,,6.682386,-0.008012
959,105663,297.0,260.72,,3.791473469734192,6.002457141876221,60,,,,,0.590630,,6.682386,-0.008012
960,105915,252.0,259.36,,3.79019455909729,6.196810960769653,61,,,,,0.588860,,6.037971,-0.010615
961,106182,267.0,260.55,,3.79019455909729,6.196810960769653,61,,,,,0.588860,,6.037971,-0.010615
962,106322,140.0,259.76,,3.79019455909729,6.196810960769653,61,,,,,0.588860,,6.037971,-0.010615
963,106529,207.0,259.03,,3.79019455909729,6.196810960769653,61,,,,,0.588860,,6.037971,-0.010615
964,106768,239.0,259.14,,3.79019455909729,6.196810960769653,61,,,,,0.588860,,6.037971,-0.010615
965,106961,193.0,259.18,,3.79019455909729,6.196810960769653,61,,,,,0.588860,,6.037971,-0.010615
966,107138,177.0,255.95,,3.79019455909729,6.196810960769653,61,,,,,0.588860,,6.037971,-0.010615
967,107323,185.0,252.89,,3.79019455909729,6.196810960769653,61,,,,,0.588860,,6.037971,-0.010615
968,107478,155.0,251.7,,3.79019455909729,6.196810960769653,61,,,,,0.588860,,6.037971,-0.010615
969,107730,252.0,252.77,,3.79019455909729,6.196810960769653,61,,,,,0.588860,,6.037971,-0.010615
970,108230,500.0,256.17,,3.79019455909729,6.196810960769653,61,,,,,0.588860,,6.037971,-0.010615
971,108580,350.0,257.7,,3.79019455909729,6.196810960769653,61,,,,,0.588860,,6.037971,-0.010615
972,108933,353.0,258.93,,3.79019455909729,6.196810960769653,61,,,,,0.588860,,6.037971,-0.010615
973,109133,200.0,257.94,,3.79019455909729,6.196810960769653,61,,,,,0.588860,,6.037971,-0.010615
974,109369,236.0,258.96,,3.79019455909729,6.196810960769653,61,,,,,0.588860,,6.037971,-0.010615
975,109667,298.0,259.15,,3.79019455909729,6.196810960769653,61,,,,,0.588860,,6.037971,-0.010615
976,109815,148.0,256.57,,3.806095027923584,6.39015531539917,62,,,,,0.585238,,6.429244,-0.008900
977,109998,183.0,253.4,,3.806095027923584,6.39015531539917,62,,,,,0.585238,,6.429244,-0.008900
978,110372,374.0,255.22,,3.806095027923584,6.39015531539917,62,,,,,0.585238,,6.429244,-0.008900
979,110579,207.0,254.8,,3.806095027923584,6.39099645614624,62,,,,,0.585238,,6.429244,-0.008900
980,110865,286.0,254.9,,3.806095027923584,6.39099645614624,62,,,,,0.585238,,6.429244,-0.008900
981,111028,163.0,255.15,,3.806095027923584,6.39099645614624,62,,,,,0.585238,,6.429244,-0.008900
982,111177,149.0,254.79,,3.806095027923584,6.39099645614624,62,,,,,0.585238,,6.429244,-0.008900
983,111441,264.0,254.98,,3.806095027923584,6.39099645614624,62,,,,,0.585238,,6.429244,-0.008900
984,111779,338.0,254.01,,3.806095027923584,6.39099645614624,62,,,,,0.585238,,6.429244,-0.008900
985,112051,272.0,254.82,,3.806095027923584,6.39099645614624,62,,,,,0.585238,,6.429244,-0.008900
986,112270,219.0,253.8,,3.806095027923584,6.39099645614624,62,,,,,0.585238,,6.429244,-0.008900
987,112474,204.0,254.77,,3.806095027923584,6.39099645614624,62,,,,,0.585238,,6.429244,-0.008900
988,112745,271.0,254.78,,3.806095027923584,6.39099645614624,62,,,,,0.585238,,6.429244,-0.008900
989,113103,358.0,254.78,,3.806095027923584,6.39099645614624,62,,,,,0.585238,,6.429244,-0.008900
990,113411,308.0,256.25,,3.806095027923584,6.39099645614624,62,,,,,0.585238,,6.429244,-0.008900
991,113674,263.0,257.98,,3.806095027923584,6.39099645614624,62,,,,,0.585238,,6.429244,-0.008900
992,113922,248.0,257.55,,3.805428786277771,6.660402774810791,63,,,,,0.586827,,5.833670,-0.005718
993,114064,142.0,256.49,,3.805428786277771,6.660402774810791,63,,,,,0.586827,,5.833670,-0.005718
994,114265,201.0,253.88,,3.805428786277771,6.660402774810791,63,,,,,0.586827,,5.833670,-0.005718
995,114510,245.0,252.31,,3.805428786277771,6.660402774810791,63,,,,,0.586827,,5.833670,-0.005718
996,114715,205.0,252.07,,3.805428786277771,6.660402774810791,63,,,,,0.586827,,5.833670,-0.005718
997,115208,493.0,256.73,,3.805428786277771,6.660402774810791,63,,,,,0.586827,,5.833670,-0.005718
998,115387,179.0,254.63,,3.805428786277771,6.660402774810791,63,,,,,0.586827,,5.833670,-0.005718
999,115697,310.0,256.41,,3.805428786277771,6.660402774810791,63,,,399.6,53.83158923903325,0.586827,,5.833670,-0.005718
1000,115932,235.0,256.28,,3.805428786277771,6.660402774810791,63,,,,,0.586827,,5.833670,-0.005718
1001,116251,319.0,257.85,,3.805428786277771,6.660402774810791,63,,,,,0.586827,,5.833670,-0.005718
1002,116751,500.0,257.85,,3.805428786277771,6.661403656005859,63,,,,,0.586827,,5.833670,-0.005718
1003,116930,179.0,258.05,,3.805428786277771,6.661403656005859,63,,,,,0.586827,,5.833670,-0.005718
1004,117113,183.0,257.4,,3.805428786277771,6.661403656005859,63,,,,,0.586827,,5.833670,-0.005718
1005,117311,198.0,257.88,,3.805428786277771,6.661403656005859,63,,,,,0.586827,,5.833670,-0.005718
1006,117646,335.0,258.99,,3.805428786277771,6.661403656005859,63,,,,,0.586827,,5.833670,-0.005718
1007,117797,151.0,258.87,,3.805428786277771,6.661403656005859,63,,,,,0.586827,,5.833670,-0.005718
1008,118297,500.0,258.87,,3.800598154067993,6.875256299972534,64,,,,,0.587465,,5.916278,-0.005088
1009,118512,215.0,258.9,,3.800598154067993,6.875256299972534,64,,,,,0.587465,,5.916278,-0.005088
1010,118703,191.0,257.4,,3.800598154067993,6.875256299972534,64,,,,,0.587465,,5.916278,-0.005088
1011,118938,235.0,257.44,,3.800598154067993,6.875256299972534,64,,,,,0.587465,,5.916278,-0.005088
1012,119166,228.0,257.88,,3.800598154067993,6.875256299972534,64,,,,,0.587465,,5.916278,-0.005088
1013,119433,267.0,257.47,,3.800598154067993,6.875256299972534,64,,,,,0.587465,,5.916278,-0.005088
1014,119694,261.0,259.49,,3.800598154067993,6.875256299972534,64,,,,,0.587465,,5.916278,-0.005088
1015,119923,229.0,260.24,,3.800598154067993,6.875256299972534,64,,,,,0.587465,,5.916278,-0.005088
1016,120145,222.0,257.46,,3.800598154067993,6.875256299972534,64,,,,,0.587465,,5.916278,-0.005088
1017,120397,252.0,258.02,,3.800598154067993,6.875256299972534,64,,,,,0.587465,,5.916278,-0.005088
1018,120573,176.0,257.69,,3.800598154067993,6.875256299972534,64,,,,,0.587465,,5.916278,-0.005088
1019,120837,264.0,255.73,,3.800598154067993,6.875256299972534,64,,,,,0.587465,,5.916278,-0.005088
1020,121154,317.0,256.63,,3.800598154067993,6.875256299972534,64,,,,,0.587465,,5.916278,-0.005088
1021,121430,276.0,257.53,,3.800598154067993,6.875256299972534,64,,,,,0.587465,,5.916278,-0.005088
1022,121639,209.0,257.06,,3.800598154067993,6.875256299972534,64,,,,,0.587465,,5.916278,-0.005088
1023,121856,217.0,257.18,,3.800598154067993,6.875256299972534,64,,,,,0.587465,,5.916278,-0.005088
1024,122161,305.0,258.25,,3.787482490539551,7.1361682415008545,65,,,,,0.587186,,4.881207,-0.004760
1025,122506,345.0,259.25,,3.787482490539551,7.1361682415008545,65,,,,,0.587186,,4.881207,-0.004760
1026,122738,232.0,260.09,,3.787482490539551,7.1361682415008545,65,,,,,0.587186,,4.881207,-0.004760
1027,123062,324.0,261.35,,3.787482490539551,7.1361682415008545,65,,,,,0.587186,,4.881207,-0.004760
1028,123410,348.0,261.19,,3.787482490539551,7.1361682415008545,65,,,,,0.587186,,4.881207,-0.004760
1029,123846,436.0,262.97,,3.787482490539551,7.1361682415008545,65,,,,,0.587186,,4.881207,-0.004760
1030,124346,500.0,264.43,,3.787482490539551,7.1361682415008545,65,,,,,0.587186,,4.881207,-0.004760
1031,124530,184.0,263.27,,3.787482490539551,7.1361682415008545,65,,,,,0.587186,,4.881207,-0.004760
1032,124987,457.0,266.25,,3.787482490539551,7.1361682415008545,65,,,,,0.587186,,4.881207,-0.004760
1033,125383,396.0,267.62,,3.787482490539551,7.1361682415008545,65,,,,,0.587186,,4.881207,-0.004760
1034,125563,180.0,267.85,,3.787482490539551,7.1361682415008545,65,,,,,0.587186,,4.881207,-0.004760
1035,125830,267.0,266.88,,3.787482490539551,7.1361682415008545,65,,,,,0.587186,,4.881207,-0.004760
1036,125969,139.0,265.92,,3.787482490539551,7.1361682415008545,65,,,,,0.587186,,4.881207,-0.004760
1037,126178,209.0,264.63,,3.787482490539551,7.1361682415008545,65,,,,,0.587186,,4.881207,-0.004760
1038,126429,251.0,264.91,,3.787482490539551,7.1361682415008545,65,,,,,0.587186,,4.881207,-0.004760
1039,126769,340.0,265.23,,3.787482490539551,7.1361682415008545,65,,,,,0.587186,,4.881207,-0.004760
1040,127269,500.0,265.98,,3.7614306449890136,7.399527311325073,66,,,,,0.578267,,4.560361,-0.005910
1041,127484,215.0,265.49,,3.7614306449890136,7.399527311325073,66,,,,,0.578267,,4.560361,-0.005910
1042,127774,290.0,263.39,,3.7614306449890136,7.399527311325073,66,,,,,0.578267,,4.560361,-0.005910
1043,128043,269.0,262.32,,3.7614306449890136,7.399527311325073,66,,,,,0.578267,,4.560361,-0.005910
1044,128302,259.0,261.12,,3.7614306449890136,7.399527311325073,66,,,,,0.578267,,4.560361,-0.005910
1045,128590,288.0,262.26,,3.7614306449890136,7.399527311325073,66,,,,,0.578267,,4.560361,-0.005910
1046,128903,313.0,262.77,,3.7614306449890136,7.399527311325073,66,,,,,0.578267,,4.560361,-0.005910
1047,129170,267.0,263.5,,3.7614306449890136,7.399527311325073,66,,,,,0.578267,,4.560361,-0.005910
1048,129387,217.0,264.2,,3.7614306449890136,7.399527311325073,66,,,,,0.578267,,4.560361,-0.005910
1049,129887,500.0,267.14,,3.7614306449890136,7.399527311325073,66,,,440.4,48.869622466313366,0.578267,,4.560361,-0.005910
1050,130199,312.0,268.71,,3.7614306449890136,7.399527311325073,66,,,,,0.578267,,4.560361,-0.005910
1051,130526,327.0,269.99,,3.7614306449890136,7.399527311325073,66,,,,,0.578267,,4.560361,-0.005910
1052,130776,250.0,270.29,,3.7614306449890136,7.399527311325073,66,,,,,0.578267,,4.560361,-0.005910
1053,131166,390.0,271.64,,3.7614306449890136,7.399527311325073,66,,,,,0.578267,,4.560361,-0.005910
1054,131467,301.0,273.39,,3.7614306449890136,7.399527311325073,66,,,,,0.578267,,4.560361,-0.005910
1055,131669,202.0,272.42,,3.7614306449890136,7.399527311325073,66,,,,,0.578267,,4.560361,-0.005910
1056,131950,281.0,271.41,,3.753395037651062,7.693604469299316,67,,,,,0.585991,,5.062085,-0.003283
1057,132450,500.0,273.57,,3.753395037651062,7.693604469299316,67,,,,,0.585991,,5.062085,-0.003283
1058,132705,255.0,273.39,,3.753395037651062,7.693604469299316,67,,,,,0.585991,,5.062085,-0.003283
1059,133042,337.0,273.79,,3.753395037651062,7.693604469299316,67,,,,,0.585991,,5.062085,-0.003283
1060,133317,275.0,274.02,,3.753395037651062,7.693604469299316,67,,,,,0.585991,,5.062085,-0.003283
1061,133666,349.0,274.84,,3.753395037651062,7.693604469299316,67,,,,,0.585991,,5.062085,-0.003283
1062,133859,193.0,275.37,,3.753395037651062,7.693604469299316,67,,,,,0.585991,,5.062085,-0.003283
1063,134085,226.0,275.56,,3.753395037651062,7.693604469299316,67,,,,,0.585991,,5.062085,-0.003283
1064,134203,118.0,274.35,,3.753395037651062,7.693604469299316,67,,,,,0.585991,,5.062085,-0.003283
1065,134446,243.0,274.85,,3.753395037651062,7.693604469299316,67,,,,,0.585991,,5.062085,-0.003283
1066,134629,183.0,274.91,,3.753395037651062,7.693604469299316,67,,,,,0.585991,,5.062085,-0.003283
1067,134852,223.0,275.29,,3.753395037651062,7.693604469299316,67,,,,,0.585991,,5.062085,-0.003283
1068,135106,254.0,276.28,,3.753395037651062,7.693604469299316,67,,,,,0.585991,,5.062085,-0.003283
1069,135606,500.0,278.76,,3.753395037651062,7.693604469299316,67,,,,,0.585991,,5.062085,-0.003283
1070,135824,218.0,275.94,,3.753395037651062,7.693604469299316,67,,,,,0.585991,,5.062085,-0.003283
1071,136072,248.0,274.92,,3.753395037651062,7.693604469299316,67,,,,,0.585991,,5.062085,-0.003283
1072,136572,500.0,276.39,,3.736857600212097,7.946841478347778,68,,,,,0.581119,,3.167091,-0.002006
1073,137029,457.0,278.96,,3.736857600212097,7.946841478347778,68,,,,,0.581119,,3.167091,-0.002006
1074,137251,222.0,278.82,,3.736857600212097,7.946841478347778,68,,,,,0.581119,,3.167091,-0.002006
1075,137751,500.0,280.84,,3.736857600212097,7.946841478347778,68,,,,,0.581119,,3.167091,-0.002006
1076,137956,205.0,281.41,,3.736857600212097,7.946841478347778,68,,,,,0.581119,,3.167091,-0.002006
1077,138320,364.0,283.22,,3.736857600212097,7.946841478347778,68,,,,,0.581119,,3.167091,-0.002006
1078,138517,197.0,281.45,,3.736857600212097,7.946841478347778,68,,,,,0.581119,,3.167091,-0.002006
1079,139017,500.0,284.38,,3.736857600212097,7.946841478347778,68,,,,,0.581119,,3.167091,-0.002006
1080,139177,160.0,283.12,,3.736857600212097,7.946841478347778,68,,,,,0.581119,,3.167091,-0.002006
1081,139414,237.0,283.86,,3.736857600212097,7.946841478347778,68,,,,,0.581119,,3.167091,-0.002006
1082,139914,500.0,287.37,,3.736857600212097,7.946841478347778,68,,,,,0.581119,,3.167091,-0.002006
1083,140101,187.0,286.6,,3.736857600212097,7.946841478347778,68,,,,,0.581119,,3.167091,-0.002006
1084,140383,282.0,286.04,,3.736857600212097,7.946841478347778,68,,,,,0.581119,,3.167091,-0.002006
1085,140883,500.0,288.32,,3.736857600212097,7.946841478347778,68,,,,,0.581119,,3.167091,-0.002006
1086,141160,277.0,288.9,,3.736857600212097,7.946841478347778,68,,,,,0.581119,,3.167091,-0.002006
1087,141601,441.0,291.27,,3.736857600212097,7.946841478347778,68,,,,,0.581119,,3.167091,-0.002006
1088,142101,500.0,293.56,,3.709565968513489,8.21258020401001,69,,,,,0.585891,,4.103890,-0.002250
1089,142307,206.0,292.04,,3.709565968513489,8.21258020401001,69,,,,,0.585891,,4.103890,-0.002250
1090,142807,500.0,293.96,,3.709565968513489,8.21258020401001,69,,,,,0.585891,,4.103890,-0.002250
1091,143043,236.0,293.69,,3.709565968513489,8.21258020401001,69,,,,,0.585891,,4.103890,-0.002250
1092,143452,409.0,295.3,,3.709565968513489,8.21258020401001,69,,,,,0.585891,,4.103890,-0.002250
1093,143675,223.0,296.11,,3.709565968513489,8.21258020401001,69,,,,,0.585891,,4.103890,-0.002250
1094,144089,414.0,298.24,,3.709565968513489,8.21258020401001,69,,,,,0.585891,,4.103890,-0.002250
1095,144219,130.0,297.09,,3.709565968513489,8.21258020401001,69,,,,,0.585891,,4.103890,-0.002250
1096,144436,217.0,297.21,,3.709565968513489,8.21258020401001,69,,,,,0.585891,,4.103890,-0.002250
1097,144691,255.0,294.83,,3.709565968513489,8.21258020401001,69,,,,,0.585891,,4.103890,-0.002250
1098,145012,321.0,296.25,,3.709565968513489,8.21258020401001,69,,,,,0.585891,,4.103890,-0.002250
1099,145289,277.0,295.92,,3.709565968513489,8.21258020401001,69,,,500.0,0.0,0.585891,,4.103890,-0.002250
1100,145589,300.0,296.57,,3.709565968513489,8.21258020401001,69,,,,,0.585891,,4.103890,-0.002250
1101,146089,500.0,298.38,,3.709565968513489,8.21258020401001,69,,,,,0.585891,,4.103890,-0.002250
1102,146356,267.0,296.05,,3.709565968513489,8.21258020401001,69,,,,,0.585891,,4.103890,-0.002250
1103,146630,274.0,297.0,,3.709565968513489,8.21258020401001,69,,,,,0.585891,,4.103890,-0.002250
1104,146817,187.0,297.04,,3.679574358463287,8.46575117111206,70,,,,,0.572957,,3.806726,-0.001454
1105,147109,292.0,297.98,,3.679574358463287,8.46575117111206,70,,,,,0.572957,,3.806726,-0.001454
1106,147297,188.0,296.51,,3.679574358463287,8.46575117111206,70,,,,,0.572957,,3.806726,-0.001454
1107,147797,500.0,300.0,,3.679574358463287,8.46575117111206,70,,,,,0.572957,,3.806726,-0.001454
1108,148297,500.0,300.0,,3.679574358463287,8.46575117111206,70,,,,,0.572957,,3.806726,-0.001454
1109,148497,200.0,299.85,,3.679574358463287,8.466752052307129,70,,,,,0.572957,,3.806726,-0.001454
1110,148708,211.0,300.05,,3.679574358463287,8.466752052307129,70,,,,,0.572957,,3.806726,-0.001454
1111,149203,495.0,302.65,,3.679574358463287,8.466752052307129,70,,,,,0.572957,,3.806726,-0.001454
1112,149356,153.0,301.9,,3.679574358463287,8.466752052307129,70,,,,,0.572957,,3.806726,-0.001454
1113,149856,500.0,304.23,,3.679574358463287,8.466752052307129,70,,,,,0.572957,,3.806726,-0.001454
1114,150117,261.0,304.23,,3.679574358463287,8.466752052307129,70,,,,,0.572957,,3.806726,-0.001454
1115,150323,206.0,304.0,,3.679574358463287,8.466752052307129,70,,,,,0.572957,,3.806726,-0.001454
1116,150596,273.0,304.51,,3.679574358463287,8.466752052307129,70,,,,,0.572957,,3.806726,-0.001454
1117,151096,500.0,306.99,,3.679574358463287,8.466752052307129,70,,,,,0.572957,,3.806726,-0.001454
1118,151418,322.0,308.45,,3.679574358463287,8.466752052307129,70,,,,,0.572957,,3.806726,-0.001454
1119,151632,214.0,307.95,,3.679574358463287,8.466752052307129,70,,,,,0.572957,,3.806726,-0.001454
1120,151874,242.0,307.2,,3.6520163464546203,8.720765829086304,71,,,,,0.578548,,3.143867,-0.001192
1121,152210,336.0,307.8,,3.6520163464546203,8.720765829086304,71,,,,,0.578548,,3.143867,-0.001192
1122,152457,247.0,308.18,,3.6520163464546203,8.720765829086304,71,,,,,0.578548,,3.143867,-0.001192
1123,152783,326.0,309.27,,3.6520163464546203,8.720765829086304,71,,,,,0.578548,,3.143867,-0.001192
1124,153283,500.0,311.22,,3.6520163464546203,8.720765829086304,71,,,,,0.578548,,3.143867,-0.001192
1125,153783,500.0,312.77,,3.6520163464546203,8.720765829086304,71,,,,,0.578548,,3.143867,-0.001192
1126,154054,271.0,313.16,,3.6520163464546203,8.720765829086304,71,,,,,0.578548,,3.143867,-0.001192
1127,154249,195.0,311.87,,3.6520163464546203,8.720765829086304,71,,,,,0.578548,,3.143867,-0.001192
1128,154704,455.0,312.94,,3.6520163464546203,8.720765829086304,71,,,,,0.578548,,3.143867,-0.001192
1129,155125,421.0,312.79,,3.6520163464546203,8.720765829086304,71,,,,,0.578548,,3.143867,-0.001192
1130,155533,408.0,311.87,,3.6520163464546203,8.720765829086304,71,,,,,0.578548,,3.143867,-0.001192
1131,156033,500.0,315.03,,3.6520163464546203,8.720765829086304,71,,,,,0.578548,,3.143867,-0.001192
1132,156242,209.0,312.55,,3.6520163464546203,8.720765829086304,71,,,,,0.578548,,3.143867,-0.001192
1133,156718,476.0,313.35,,3.6520163464546203,8.720765829086304,71,,,,,0.578548,,3.143867,-0.001192
1134,157218,500.0,316.55,,3.6520163464546203,8.720765829086304,71,,,,,0.578548,,3.143867,-0.001192
1135,157689,471.0,318.59,,3.6520163464546203,8.720765829086304,71,,,,,0.578548,,3.143867,-0.001192
1136,158189,500.0,322.2,,3.5957707214355468,8.975826740264893,72,,,,,0.578061,,2.512908,-0.000546
1137,158689,500.0,325.11,,3.5957707214355468,8.975826740264893,72,,,,,0.578061,,2.512908,-0.000546
1138,159189,500.0,327.6,,3.5957707214355468,8.975826740264893,72,,,,,0.578061,,2.512908,-0.000546
1139,159481,292.0,327.12,,3.5957707214355468,8.975826740264893,72,,,,,0.578061,,2.512908,-0.000546
1140,159679,198.0,324.1,,3.5957707214355468,8.975826740264893,72,,,,,0.578061,,2.512908,-0.000546
1141,159871,192.0,323.87,,3.5957707214355468,8.975826740264893,72,,,,,0.578061,,2.512908,-0.000546
1142,160248,377.0,324.74,,3.5957707214355468,8.975826740264893,72,,,,,0.578061,,2.512908,-0.000546
1143,160427,179.0,323.84,,3.5957707214355468,8.975826740264893,72,,,,,0.578061,,2.512908,-0.000546
1144,160733,306.0,324.31,,3.5957707214355468,8.975826740264893,72,,,,,0.578061,,2.512908,-0.000546
1145,161017,284.0,324.27,,3.5957707214355468,8.975826740264893,72,,,,,0.578061,,2.512908,-0.000546
1146,161180,163.0,322.77,,3.5957707214355468,8.975826740264893,72,,,,,0.578061,,2.512908,-0.000546
1147,161680,500.0,325.1,,3.5957707214355468,8.975826740264893,72,,,,,0.578061,,2.512908,-0.000546
1148,162180,500.0,327.93,,3.5957707214355468,8.975826740264893,72,,,,,0.578061,,2.512908,-0.000546
1149,162680,500.0,327.93,,3.5957707214355468,8.975826740264893,72,,,500.0,0.0,0.578061,,2.512908,-0.000546
1150,162885,205.0,326.86,,3.5957707214355468,8.975826740264893,72,,,,,0.578061,,2.512908,-0.000546
1151,163385,500.0,328.59,,3.5957707214355468,8.975826740264893,72,,,,,0.578061,,2.512908,-0.000546
1152,163854,469.0,330.78,,3.526248531341553,9.217968702316284,73,,,,,0.576538,,2.094239,-0.001170
1153,164354,500.0,331.88,,3.526248531341553,9.217968702316284,73,,,,,0.576538,,2.094239,-0.001170
1154,164580,226.0,331.13,,3.526248531341553,9.217968702316284,73,,,,,0.576538,,2.094239,-0.001170
1155,165080,500.0,334.11,,3.526248531341553,9.217968702316284,73,,,,,0.576538,,2.094239,-0.001170
1156,165247,167.0,332.97,,3.526248531341553,9.217968702316284,73,,,,,0.576538,,2.094239,-0.001170
1157,165747,500.0,332.97,,3.526248531341553,9.217968702316284,73,,,,,0.576538,,2.094239,-0.001170
1158,166247,500.0,335.42,,3.526248531341553,9.217968702316284,73,,,,,0.576538,,2.094239,-0.001170
1159,166464,217.0,334.22,,3.526248531341553,9.217968702316284,73,,,,,0.576538,,2.094239,-0.001170
1160,166964,500.0,336.47,,3.526248531341553,9.217968702316284,73,,,,,0.576538,,2.094239,-0.001170
1161,167265,301.0,335.99,,3.526248531341553,9.217968702316284,73,,,,,0.576538,,2.094239,-0.001170
1162,167765,500.0,339.06,,3.526248531341553,9.217968702316284,73,,,,,0.576538,,2.094239,-0.001170
1163,168038,273.0,339.53,,3.526248531341553,9.217968702316284,73,,,,,0.576538,,2.094239,-0.001170
1164,168263,225.0,340.6,,3.526248531341553,9.217968702316284,73,,,,,0.576538,,2.094239,-0.001170
1165,168763,500.0,343.17,,3.526248531341553,9.217968702316284,73,,,,,0.576538,,2.094239,-0.001170
1166,169263,500.0,346.34,,3.526248531341553,9.217968702316284,73,,,,,0.576538,,2.094239,-0.001170
1167,169489,226.0,346.37,,3.526248531341553,9.217968702316284,73,,,,,0.576538,,2.094239,-0.001170
1168,169989,500.0,348.83,,3.4561414897441862,9.472870111465454,74,,,,,0.573013,,1.199942,-0.000518
1169,170489,500.0,348.83,,3.4561414897441862,9.472870111465454,74,,,,,0.573013,,1.199942,-0.000518
1170,170989,500.0,351.65,,3.4561414897441862,9.472870111465454,74,,,,,0.573013,,1.199942,-0.000518
1171,171167,178.0,350.95,,3.4561414897441862,9.472870111465454,74,,,,,0.573013,,1.199942,-0.000518
1172,171667,500.0,350.95,,3.4561414897441862,9.472870111465454,74,,,,,0.573013,,1.199942,-0.000518
1173,172167,500.0,351.38,,3.4561414897441862,9.472870111465454,74,,,,,0.573013,,1.199942,-0.000518
1174,172667,500.0,354.16,,3.4561414897441862,9.472870111465454,74,,,,,0.573013,,1.199942,-0.000518
1175,172919,252.0,351.68,,3.4561414897441862,9.472870111465454,74,,,,,0.573013,,1.199942,-0.000518
1176,173419,500.0,354.63,,3.4561414897441862,9.472870111465454,74,,,,,0.573013,,1.199942,-0.000518
1177,173919,500.0,355.99,,3.4561414897441862,9.472870111465454,74,,,,,0.573013,,1.199942,-0.000518
1178,174327,408.0,358.1,,3.4561414897441862,9.473872184753418,74,,,,,0.573013,,1.199942,-0.000518
1179,174827,500.0,358.1,,3.4561414897441862,9.473872184753418,74,,,,,0.573013,,1.199942,-0.000518
1180,175327,500.0,361.5,,3.4561414897441862,9.473872184753418,74,,,,,0.573013,,1.199942,-0.000518
1181,175571,244.0,361.57,,3.4561414897441862,9.473872184753418,74,,,,,0.573013,,1.199942,-0.000518
1182,175770,199.0,358.56,,3.4561414897441862,9.473872184753418,74,,,,,0.573013,,1.199942,-0.000518
1183,176270,500.0,361.69,,3.4561414897441862,9.473872184753418,74,,,,,0.573013,,1.199942,-0.000518
1184,176770,500.0,363.87,,3.3804057013988493,9.726647853851318,75,,,,,0.577228,,2.180785,-0.000657
1185,176938,168.0,360.55,,3.3804057013988493,9.726647853851318,75,,,,,0.577228,,2.180785,-0.000657
1186,177438,500.0,362.78,,3.3804057013988493,9.726647853851318,75,,,,,0.577228,,2.180785,-0.000657
1187,177736,298.0,361.35,,3.3804057013988493,9.726647853851318,75,,,,,0.577228,,2.180785,-0.000657
1188,178236,500.0,361.35,,3.3804057013988493,9.726647853851318,75,,,,,0.577228,,2.180785,-0.000657
1189,178736,500.0,364.29,,3.3804057013988493,9.726647853851318,75,,,,,0.577228,,2.180785,-0.000657
1190,178937,201.0,361.3,,3.3804057013988493,9.727649688720703,75,,,,,0.577228,,2.180785,-0.000657
1191,179218,281.0,361.75,,3.3804057013988493,9.727649688720703,75,,,,,0.577228,,2.180785,-0.000657
1192,179718,500.0,362.66,,3.3804057013988493,9.727649688720703,75,,,,,0.577228,,2.180785,-0.000657
1193,180218,500.0,365.43,,3.3804057013988493,9.727649688720703,75,,,,,0.577228,,2.180785,-0.000657
1194,180440,222.0,363.51,,3.3804057013988493,9.727649688720703,75,,,,,0.577228,,2.180785,-0.000657
1195,180711,271.0,364.92,,3.3804057013988493,9.727649688720703,75,,,,,0.577228,,2.180785,-0.000657
1196,181211,500.0,367.75,,3.3804057013988493,9.727649688720703,75,,,,,0.577228,,2.180785,-0.000657
1197,181410,199.0,367.19,,3.3804057013988493,9.727649688720703,75,,,,,0.577228,,2.180785,-0.000657
1198,181622,212.0,366.1,,3.3804057013988493,9.727649688720703,75,,,,,0.577228,,2.180785,-0.000657
1199,182122,500.0,368.33,,3.3804057013988493,9.727649688720703,75,,,500.0,0.0,0.577228,,2.180785,-0.000657
1200,182622,500.0,370.33,,3.3037122642993926,9.98656678199768,76,,,,,0.580176,,1.635323,-0.000190
1201,183122,500.0,370.33,,3.3037122642993926,9.98656678199768,76,,,,,0.580176,,1.635323,-0.000190
1202,183471,349.0,371.15,,3.3037122642993926,9.98656678199768,76,,,,,0.580176,,1.635323,-0.000190
1203,183971,500.0,373.41,,3.3037122642993926,9.98656678199768,76,,,,,0.580176,,1.635323,-0.000190
1204,184346,375.0,375.29,,3.3037122642993926,9.98656678199768,76,,,,,0.580176,,1.635323,-0.000190
1205,184732,386.0,376.23,,3.3037122642993926,9.98656678199768,76,,,,,0.580176,,1.635323,-0.000190
1206,185232,500.0,379.35,,3.3037122642993926,9.98656678199768,76,,,,,0.580176,,1.635323,-0.000190
1207,185732,500.0,379.35,,3.3037122642993926,9.98656678199768,76,,,,,0.580176,,1.635323,-0.000190
1208,186232,500.0,379.35,,3.3037122642993926,9.98656678199768,76,,,,,0.580176,,1.635323,-0.000190
1209,186732,500.0,382.35,,3.3037122642993926,9.98656678199768,76,,,,,0.580176,,1.635323,-0.000190
1210,186924,192.0,382.16,,3.3037122642993926,9.98656678199768,76,,,,,0.580176,,1.635323,-0.000190
1211,187424,500.0,382.21,,3.3037122642993926,9.98656678199768,76,,,,,0.580176,,1.635323,-0.000190
1212,187748,324.0,383.92,,3.3037122642993926,9.98656678199768,76,,,,,0.580176,,1.635323,-0.000190
1213,188132,384.0,382.76,,3.3037122642993926,9.98656678199768,76,,,,,0.580176,,1.635323,-0.000190
1214,188632,500.0,385.15,,3.3037122642993926,9.98656678199768,76,,,,,0.580176,,1.635323,-0.000190
1215,189000,368.0,386.77,,3.3037122642993926,9.98656678199768,76,,,,,0.580176,,1.635323,-0.000190
1216,189500,500.0,389.04,,3.2289569008350374,10.239357709884644,77,,,,,0.579042,,1.156542,-0.000350
1217,190000,500.0,389.04,,3.2289569008350374,10.239357709884644,77,,,,,0.579042,,1.156542,-0.000350
1218,190500,500.0,390.82,,3.2289569008350374,10.239357709884644,77,,,,,0.579042,,1.156542,-0.000350
1219,191000,500.0,393.68,,3.2289569008350374,10.239357709884644,77,,,,,0.579042,,1.156542,-0.000350
1220,191500,500.0,396.26,,3.2289569008350374,10.239357709884644,77,,,,,0.579042,,1.156542,-0.000350
1221,191741,241.0,395.31,,3.2289569008350374,10.239357709884644,77,,,,,0.579042,,1.156542,-0.000350
1222,192241,500.0,397.84,,3.2289569008350374,10.239357709884644,77,,,,,0.579042,,1.156542,-0.000350
1223,192735,494.0,399.52,,3.2289569008350374,10.239357709884644,77,,,,,0.579042,,1.156542,-0.000350
1224,193235,500.0,399.52,,3.2289569008350374,10.239357709884644,77,,,,,0.579042,,1.156542,-0.000350
1225,193452,217.0,396.69,,3.2289569008350374,10.239357709884644,77,,,,,0.579042,,1.156542,-0.000350
1226,193800,348.0,397.46,,3.2289569008350374,10.239357709884644,77,,,,,0.579042,,1.156542,-0.000350
1227,194300,500.0,400.51,,3.2289569008350374,10.239357709884644,77,,,,,0.579042,,1.156542,-0.000350
1228,194509,209.0,398.05,,3.2289569008350374,10.239357709884644,77,,,,,0.579042,,1.156542,-0.000350
1229,195009,500.0,398.84,,3.2289569008350374,10.239357709884644,77,,,,,0.579042,,1.156542,-0.000350
1230,195509,500.0,399.76,,3.2289569008350374,10.239357709884644,77,,,,,0.579042,,1.156542,-0.000350
1231,196009,500.0,399.76,,3.2289569008350374,10.239357709884644,77,,,,,0.579042,,1.156542,-0.000350
1232,196509,500.0,402.67,,3.1463080364465714,10.523103952407837,78,,,,,0.577247,,0.863205,0.000628
1233,197009,500.0,402.91,,3.1463080364465714,10.523103952407837,78,,,,,0.577247,,0.863205,0.000628
1234,197509,500.0,402.91,,3.1463080364465714,10.523103952407837,78,,,,,0.577247,,0.863205,0.000628
1235,198009,500.0,403.2,,3.1463080364465714,10.523103952407837,78,,,,,0.577247,,0.863205,0.000628
1236,198509,500.0,403.2,,3.1463080364465714,10.523103952407837,78,,,,,0.577247,,0.863205,0.000628
1237,198914,405.0,402.25,,3.1463080364465714,10.523103952407837,78,,,,,0.577247,,0.863205,0.000628
1238,199414,500.0,402.25,,3.1463080364465714,10.523103952407837,78,,,,,0.577247,,0.863205,0.000628
1239,199914,500.0,404.33,,3.1463080364465714,10.523103952407837,78,,,,,0.577247,,0.863205,0.000628
1240,200308,394.0,406.29,,3.1463080364465714,10.523103952407837,78,,,,,0.577247,,0.863205,0.000628
1241,200808,500.0,409.37,,3.1463080364465714,10.523103952407837,78,,,,,0.577247,,0.863205,0.000628
1242,201308,500.0,410.6,,3.1463080364465714,10.523103952407837,78,,,,,0.577247,,0.863205,0.000628
1243,201808,500.0,413.81,,3.1463080364465714,10.523103952407837,78,,,,,0.577247,,0.863205,0.000628
1244,202124,316.0,413.91,,3.1463080364465714,10.523103952407837,78,,,,,0.577247,,0.863205,0.000628
1245,202624,500.0,416.07,,3.1463080364465714,10.523103952407837,78,,,,,0.577247,,0.863205,0.000628
1246,203124,500.0,419.44,,3.1463080364465714,10.523103952407837,78,,,,,0.577247,,0.863205,0.000628
1247,203618,494.0,419.38,,3.1463080364465714,10.523103952407837,78,,,,,0.577247,,0.863205,0.000628
1248,204118,500.0,419.38,,3.060669918656349,10.788932085037231,79,,,,,0.574732,,0.926101,0.000670
1249,204618,500.0,419.38,,3.060669918656349,10.788932085037231,79,,,500.0,0.0,0.574732,,0.926101,0.000670
1250,205118,500.0,422.33,,3.060669918656349,10.788932085037231,79,,,,,0.574732,,0.926101,0.000670
1251,205618,500.0,422.33,,3.060669918656349,10.788932085037231,79,,,,,0.574732,,0.926101,0.000670
1252,206040,422.0,421.86,,3.060669918656349,10.788932085037231,79,,,,,0.574732,,0.926101,0.000670
1253,206540,500.0,421.86,,3.060669918656349,10.788932085037231,79,,,,,0.574732,,0.926101,0.000670
1254,207040,500.0,424.6,,3.060669918656349,10.788932085037231,79,,,,,0.574732,,0.926101,0.000670
1255,207245,205.0,421.65,,3.060669918656349,10.788932085037231,79,,,,,0.574732,,0.926101,0.000670
1256,207745,500.0,424.98,,3.060669918656349,10.788932085037231,79,,,,,0.574732,,0.926101,0.000670
1257,208245,500.0,424.98,,3.060669918656349,10.788932085037231,79,,,,,0.574732,,0.926101,0.000670
1258,208745,500.0,424.98,,3.060669918656349,10.788932085037231,79,,,,,0.574732,,0.926101,0.000670
1259,209245,500.0,427.81,,3.060669918656349,10.788932085037231,79,,,,,0.574732,,0.926101,0.000670
1260,209491,246.0,425.27,,3.060669918656349,10.788932085037231,79,,,,,0.574732,,0.926101,0.000670
1261,209991,500.0,427.26,,3.060669918656349,10.788932085037231,79,,,,,0.574732,,0.926101,0.000670
1262,210491,500.0,427.26,,3.060669918656349,10.788932085037231,79,,,,,0.574732,,0.926101,0.000670
1263,210666,175.0,426.28,,3.060669918656349,10.788932085037231,79,,,,,0.574732,,0.926101,0.000670
1264,211166,500.0,429.03,,2.9825009220838545,11.051605224609375,80,,,,,0.574899,,1.124782,0.000372
1265,211460,294.0,426.97,,2.9825009220838545,11.051605224609375,80,,,,,0.574899,,1.124782,0.000372
1266,211902,442.0,426.39,,2.9825009220838545,11.051605224609375,80,,,,,0.574899,,1.124782,0.000372
1267,212402,500.0,429.13,,2.9825009220838545,11.051605224609375,80,,,,,0.574899,,1.124782,0.000372
1268,212902,500.0,429.13,,2.9825009220838545,11.051605224609375,80,,,,,0.574899,,1.124782,0.000372
1269,213402,500.0,429.13,,2.9825009220838545,11.051605224609375,80,,,,,0.574899,,1.124782,0.000372
1270,213902,500.0,429.13,,2.9825009220838545,11.051605224609375,80,,,,,0.574899,,1.124782,0.000372
1271,214402,500.0,432.35,,2.9825009220838545,11.051605224609375,80,,,,,0.574899,,1.124782,0.000372
1272,214902,500.0,432.35,,2.9825009220838545,11.051605224609375,80,,,,,0.574899,,1.124782,0.000372
1273,215402,500.0,432.35,,2.9825009220838545,11.051605224609375,80,,,,,0.574899,,1.124782,0.000372
1274,215746,344.0,430.79,,2.9825009220838545,11.051605224609375,80,,,,,0.574899,,1.124782,0.000372
1275,216246,500.0,433.27,,2.9825009220838545,11.051605224609375,80,,,,,0.574899,,1.124782,0.000372
1276,216532,286.0,431.13,,2.9825009220838545,11.051605224609375,80,,,,,0.574899,,1.124782,0.000372
1277,216846,314.0,429.27,,2.9825009220838545,11.051605224609375,80,,,,,0.574899,,1.124782,0.000372
1278,217346,500.0,430.19,,2.9825009220838545,11.051605224609375,80,,,,,0.574899,,1.124782,0.000372
1279,217846,500.0,430.19,,2.9825009220838545,11.051605224609375,80,,,,,0.574899,,1.124782,0.000372
1280,218344,498.0,430.17,,2.88614937543869,11.309571504592896,81,,,,,0.572686,,0.873372,0.000511
1281,218844,500.0,432.73,,2.88614937543869,11.309571504592896,81,,,,,0.572686,,0.873372,0.000511
1282,219344,500.0,435.74,,2.88614937543869,11.309571504592896,81,,,,,0.572686,,0.873372,0.000511
1283,219635,291.0,433.65,,2.88614937543869,11.309571504592896,81,,,,,0.572686,,0.873372,0.000511
1284,220135,500.0,433.65,,2.88614937543869,11.309571504592896,81,,,,,0.572686,,0.873372,0.000511
1285,220635,500.0,436.97,,2.88614937543869,11.309571504592896,81,,,,,0.572686,,0.873372,0.000511
1286,221135,500.0,436.97,,2.88614937543869,11.309571504592896,81,,,,,0.572686,,0.873372,0.000511
1287,221635,500.0,438.99,,2.88614937543869,11.309571504592896,81,,,,,0.572686,,0.873372,0.000511
1288,221966,331.0,437.3,,2.88614937543869,11.309571504592896,81,,,,,0.572686,,0.873372,0.000511
1289,222466,500.0,437.3,,2.88614937543869,11.309571504592896,81,,,,,0.572686,,0.873372,0.000511
1290,222966,500.0,440.29,,2.88614937543869,11.309571504592896,81,,,,,0.572686,,0.873372,0.000511
1291,223281,315.0,440.63,,2.88614937543869,11.309571504592896,81,,,,,0.572686,,0.873372,0.000511
1292,223781,500.0,440.63,,2.88614937543869,11.309571504592896,81,,,,,0.572686,,0.873372,0.000511
1293,224281,500.0,440.63,,2.88614937543869,11.309571504592896,81,,,,,0.572686,,0.873372,0.000511
1294,224781,500.0,443.41,,2.88614937543869,11.309571504592896,81,,,,,0.572686,,0.873372,0.000511
1295,225281,500.0,445.7,,2.88614937543869,11.309571504592896,81,,,,,0.572686,,0.873372,0.000511
1296,225586,305.0,443.75,,2.7914427691698074,11.562754392623901,82,,,,,0.575188,,0.665205,0.000596
1297,226086,500.0,446.76,,2.7914427691698074,11.562754392623901,82,,,,,0.575188,,0.665205,0.000596
1298,226586,500.0,449.64,,2.7914427691698074,11.562754392623901,82,,,,,0.575188,,0.665205,0.000596
1299,227086,500.0,449.64,,2.7914427691698074,11.562754392623901,82,,,500.0,0.0,0.575188,,0.665205,0.000596
1300,227432,346.0,448.1,,2.7914427691698074,11.562754392623901,82,,,,,0.575188,,0.665205,0.000596
1301,227932,500.0,448.1,,2.7914427691698074,11.562754392623901,82,,,,,0.575188,,0.665205,0.000596
1302,228432,500.0,449.61,,2.7914427691698074,11.562754392623901,82,,,,,0.575188,,0.665205,0.000596
1303,228932,500.0,449.61,,2.7914427691698074,11.562754392623901,82,,,,,0.575188,,0.665205,0.000596
1304,229432,500.0,450.86,,2.7914427691698074,11.562754392623901,82,,,,,0.575188,,0.665205,0.000596
1305,229932,500.0,452.0,,2.7914427691698074,11.562754392623901,82,,,,,0.575188,,0.665205,0.000596
1306,230432,500.0,452.0,,2.7914427691698074,11.562754392623901,82,,,,,0.575188,,0.665205,0.000596
1307,230932,500.0,452.0,,2.7914427691698074,11.562754392623901,82,,,,,0.575188,,0.665205,0.000596
1308,231151,219.0,449.19,,2.7914427691698074,11.562754392623901,82,,,,,0.575188,,0.665205,0.000596
1309,231651,500.0,449.19,,2.7914427691698074,11.562754392623901,82,,,,,0.575188,,0.665205,0.000596
1310,232151,500.0,452.27,,2.7914427691698074,11.562754392623901,82,,,,,0.575188,,0.665205,0.000596
1311,232651,500.0,452.27,,2.7914427691698074,11.562754392623901,82,,,,,0.575188,,0.665205,0.000596
1312,233151,500.0,454.03,,2.691168504357338,11.846842050552368,83,,,,,0.573910,,0.897506,-0.000046
1313,233537,386.0,454.05,,2.691168504357338,11.846842050552368,83,,,,,0.573910,,0.897506,-0.000046
1314,234037,500.0,454.05,,2.691168504357338,11.846842050552368,83,,,,,0.573910,,0.897506,-0.000046
1315,234252,215.0,452.52,,2.691168504357338,11.846842050552368,83,,,,,0.573910,,0.897506,-0.000046
1316,234752,500.0,452.52,,2.691168504357338,11.846842050552368,83,,,,,0.573910,,0.897506,-0.000046
1317,235252,500.0,452.52,,2.691168504357338,11.846842050552368,83,,,,,0.573910,,0.897506,-0.000046
1318,235752,500.0,452.52,,2.691168504357338,11.846842050552368,83,,,,,0.573910,,0.897506,-0.000046
1319,236252,500.0,452.52,,2.691168504357338,11.846842050552368,83,,,,,0.573910,,0.897506,-0.000046
1320,236752,500.0,452.52,,2.691168504357338,11.846842050552368,83,,,,,0.573910,,0.897506,-0.000046
1321,237252,500.0,455.11,,2.691168504357338,11.846842050552368,83,,,,,0.573910,,0.897506,-0.000046
1322,237544,292.0,453.03,,2.691168504357338,11.846842050552368,83,,,,,0.573910,,0.897506,-0.000046
1323,238044,500.0,453.09,,2.691168504357338,11.846842050552368,83,,,,,0.573910,,0.897506,-0.000046
1324,238544,500.0,453.09,,2.691168504357338,11.846842050552368,83,,,,,0.573910,,0.897506,-0.000046
1325,239044,500.0,455.92,,2.691168504357338,11.846842050552368,83,,,,,0.573910,,0.897506,-0.000046
1326,239363,319.0,455.63,,2.691168504357338,11.846842050552368,83,,,,,0.573910,,0.897506,-0.000046
1327,239863,500.0,455.63,,2.691168504357338,11.846842050552368,83,,,,,0.573910,,0.897506,-0.000046
1328,240363,500.0,458.54,,2.5812078422307967,12.096755743026733,84,,,,,0.575541,,0.891766,0.000630
1329,240863,500.0,458.54,,2.5812078422307967,12.096755743026733,84,,,,,0.575541,,0.891766,0.000630
1330,241363,500.0,458.54,,2.5812078422307967,12.096755743026733,84,,,,,0.575541,,0.891766,0.000630
1331,241863,500.0,458.54,,2.5812078422307967,12.096755743026733,84,,,,,0.575541,,0.891766,0.000630
1332,242363,500.0,458.54,,2.5812078422307967,12.096755743026733,84,,,,,0.575541,,0.891766,0.000630
1333,242747,384.0,457.38,,2.5812078422307967,12.096755743026733,84,,,,,0.575541,,0.891766,0.000630
1334,243247,500.0,457.38,,2.5812078422307967,12.096755743026733,84,,,,,0.575541,,0.891766,0.000630
1335,243747,500.0,457.38,,2.5812078422307967,12.096755743026733,84,,,,,0.575541,,0.891766,0.000630
1336,244247,500.0,457.38,,2.5812078422307967,12.096755743026733,84,,,,,0.575541,,0.891766,0.000630
1337,244470,223.0,455.56,,2.5812078422307967,12.096755743026733,84,,,,,0.575541,,0.891766,0.000630
1338,244664,194.0,452.5,,2.5812078422307967,12.096755743026733,84,,,,,0.575541,,0.891766,0.000630
1339,245164,500.0,452.5,,2.5812078422307967,12.096755743026733,84,,,,,0.575541,,0.891766,0.000630
1340,245664,500.0,453.56,,2.5812078422307967,12.096755743026733,84,,,,,0.575541,,0.891766,0.000630
1341,246093,429.0,452.85,,2.5812078422307967,12.096755743026733,84,,,,,0.575541,,0.891766,0.000630
1342,246593,500.0,452.85,,2.5812078422307967,12.096755743026733,84,,,,,0.575541,,0.891766,0.000630
1343,247093,500.0,452.85,,2.5812078422307967,12.096755743026733,84,,,,,0.575541,,0.891766,0.000630
1344,247593,500.0,454.69,,2.4728139796853066,12.355423212051392,85,,,,,0.572523,,0.414589,0.001231
1345,248093,500.0,454.69,,2.4728139796853066,12.355423212051392,85,,,,,0.572523,,0.414589,0.001231
1346,248593,500.0,454.69,,2.4728139796853066,12.355423212051392,85,,,,,0.572523,,0.414589,0.001231
1347,249093,500.0,454.75,,2.4728139796853066,12.355423212051392,85,,,,,0.572523,,0.414589,0.001231
1348,249593,500.0,454.75,,2.4728139796853066,12.355423212051392,85,,,,,0.572523,,0.414589,0.001231
1349,250093,500.0,454.75,,2.4728139796853066,12.355423212051392,85,,,500.0,0.0,0.572523,,0.414589,0.001231
1350,250593,500.0,454.75,,2.4728139796853066,12.355423212051392,85,,,,,0.572523,,0.414589,0.001231
1351,251093,500.0,454.75,,2.4728139796853066,12.355423212051392,85,,,,,0.572523,,0.414589,0.001231
1352,251555,462.0,455.15,,2.4728139796853066,12.355423212051392,85,,,,,0.572523,,0.414589,0.001231
1353,252055,500.0,455.15,,2.4728139796853066,12.355423212051392,85,,,,,0.572523,,0.414589,0.001231
1354,252555,500.0,455.15,,2.4728139796853066,12.355423212051392,85,,,,,0.572523,,0.414589,0.001231
1355,252981,426.0,457.36,,2.4728139796853066,12.355423212051392,85,,,,,0.572523,,0.414589,0.001231
1356,253481,500.0,457.36,,2.4728139796853066,12.355423212051392,85,,,,,0.572523,,0.414589,0.001231
1357,253981,500.0,457.36,,2.4728139796853066,12.355423212051392,85,,,,,0.572523,,0.414589,0.001231
1358,254481,500.0,457.36,,2.4728139796853066,12.355423212051392,85,,,,,0.572523,,0.414589,0.001231
1359,254981,500.0,457.36,,2.4728139796853066,12.355423212051392,85,,,,,0.572523,,0.414589,0.001231
1360,255481,500.0,459.9,,2.358817548453808,12.621510028839111,86,,,,,0.574698,,0.629353,0.000438
1361,255981,500.0,459.9,,2.358817548453808,12.621510028839111,86,,,,,0.574698,,0.629353,0.000438
1362,256481,500.0,459.9,,2.358817548453808,12.621510028839111,86,,,,,0.574698,,0.629353,0.000438
1363,256981,500.0,463.15,,2.358817548453808,12.621510028839111,86,,,,,0.574698,,0.629353,0.000438
1364,257481,500.0,463.15,,2.358817548453808,12.621510028839111,86,,,,,0.574698,,0.629353,0.000438
1365,257981,500.0,465.21,,2.358817548453808,12.621510028839111,86,,,,,0.574698,,0.629353,0.000438
1366,258194,213.0,462.92,,2.358817548453808,12.621510028839111,86,,,,,0.574698,,0.629353,0.000438
1367,258694,500.0,462.92,,2.358817548453808,12.621510028839111,86,,,,,0.574698,,0.629353,0.000438
1368,259194,500.0,462.92,,2.358817548453808,12.621510028839111,86,,,,,0.574698,,0.629353,0.000438
1369,259694,500.0,462.92,,2.358817548453808,12.621510028839111,86,,,,,0.574698,,0.629353,0.000438
1370,260194,500.0,462.92,,2.358817548453808,12.621510028839111,86,,,,,0.574698,,0.629353,0.000438
1371,260694,500.0,462.92,,2.358817548453808,12.621510028839111,86,,,,,0.574698,,0.629353,0.000438
1372,261194,500.0,462.92,,2.358817548453808,12.621510028839111,86,,,,,0.574698,,0.629353,0.000438
1373,261690,496.0,462.88,,2.358817548453808,12.621510028839111,86,,,,,0.574698,,0.629353,0.000438
1374,262180,490.0,464.34,,2.358817548453808,12.621510028839111,86,,,,,0.574698,,0.629353,0.000438
1375,262680,500.0,464.34,,2.358817548453808,12.621510028839111,86,,,,,0.574698,,0.629353,0.000438
1376,263180,500.0,466.48,,2.2756542125344277,12.869096517562866,87,,,,,0.574089,,0.889801,0.000509
1377,263680,500.0,468.34,,2.2756542125344277,12.869096517562866,87,,,,,0.574089,,0.889801,0.000509
1378,264180,500.0,468.34,,2.2756542125344277,12.869096517562866,87,,,,,0.574089,,0.889801,0.000509
1379,264680,500.0,468.34,,2.2756542125344277,12.869096517562866,87,,,,,0.574089,,0.889801,0.000509
1380,265180,500.0,468.36,,2.2756542125344277,12.870602369308472,87,,,,,0.574089,,0.889801,0.000509
1381,265680,500.0,468.36,,2.2756542125344277,12.870602369308472,87,,,,,0.574089,,0.889801,0.000509
1382,266180,500.0,468.36,,2.2756542125344277,12.870602369308472,87,,,,,0.574089,,0.889801,0.000509
1383,266475,295.0,468.4,,2.2756542125344277,12.870602369308472,87,,,,,0.574089,,0.889801,0.000509
1384,266742,267.0,466.07,,2.2756542125344277,12.870602369308472,87,,,,,0.574089,,0.889801,0.000509
1385,267242,500.0,466.07,,2.2756542125344277,12.870602369308472,87,,,,,0.574089,,0.889801,0.000509
1386,267742,500.0,466.07,,2.2756542125344277,12.870602369308472,87,,,,,0.574089,,0.889801,0.000509
1387,268094,352.0,464.59,,2.2756542125344277,12.870602369308472,87,,,,,0.574089,,0.889801,0.000509
1388,268594,500.0,466.28,,2.2756542125344277,12.870602369308472,87,,,,,0.574089,,0.889801,0.000509
1389,269094,500.0,466.28,,2.2756542125344277,12.870602369308472,87,,,,,0.574089,,0.889801,0.000509
1390,269594,500.0,466.28,,2.2756542125344277,12.870602369308472,87,,,,,0.574089,,0.889801,0.000509
1391,269906,312.0,466.25,,2.2756542125344277,12.870602369308472,87,,,,,0.574089,,0.889801,0.000509
1392,270406,500.0,466.25,,2.182256991714239,13.130201816558838,88,,,,,0.569731,,0.213333,0.001174
1393,270906,500.0,466.25,,2.182256991714239,13.130201816558838,88,,,,,0.569731,,0.213333,0.001174
1394,271406,500.0,466.25,,2.182256991714239,13.130201816558838,88,,,,,0.569731,,0.213333,0.001174
1395,271576,170.0,462.95,,2.182256991714239,13.130201816558838,88,,,,,0.569731,,0.213333,0.001174
1396,272076,500.0,464.9,,2.182256991714239,13.130201816558838,88,,,,,0.569731,,0.213333,0.001174
1397,272576,500.0,464.9,,2.182256991714239,13.130201816558838,88,,,,,0.569731,,0.213333,0.001174
1398,273076,500.0,464.9,,2.182256991714239,13.130201816558838,88,,,,,0.569731,,0.213333,0.001174
1399,273576,500.0,464.9,,2.182256991714239,13.130201816558838,88,,,500.0,0.0,0.569731,,0.213333,0.001174
1400,274076,500.0,466.44,,2.182256991714239,13.130201816558838,88,,,,,0.569731,,0.213333,0.001174
1401,274576,500.0,466.44,,2.182256991714239,13.130201816558838,88,,,,,0.569731,,0.213333,0.001174
1402,275076,500.0,466.44,,2.182256991714239,13.130201816558838,88,,,,,0.569731,,0.213333,0.001174
1403,275576,500.0,466.44,,2.182256991714239,13.130201816558838,88,,,,,0.569731,,0.213333,0.001174
1404,276076,500.0,466.44,,2.182256991714239,13.130201816558838,88,,,,,0.569731,,0.213333,0.001174
1405,276576,500.0,466.44,,2.182256991714239,13.130201816558838,88,,,,,0.569731,,0.213333,0.001174
1406,277076,500.0,466.44,,2.182256991714239,13.130201816558838,88,,,,,0.569731,,0.213333,0.001174
1407,277576,500.0,466.44,,2.182256991714239,13.130201816558838,88,,,,,0.569731,,0.213333,0.001174
1408,278076,500.0,469.25,,2.0772469837963583,13.394054651260376,89,,,,,0.568532,,0.419338,-0.001420
1409,278576,500.0,469.25,,2.0772469837963583,13.394054651260376,89,,,,,0.568532,,0.419338,-0.001420
1410,279076,500.0,469.25,,2.0772469837963583,13.394054651260376,89,,,,,0.568532,,0.419338,-0.001420
1411,279576,500.0,469.25,,2.0772469837963583,13.394054651260376,89,,,,,0.568532,,0.419338,-0.001420
1412,280076,500.0,469.25,,2.0772469837963583,13.394054651260376,89,,,,,0.568532,,0.419338,-0.001420
1413,280576,500.0,470.39,,2.0772469837963583,13.394054651260376,89,,,,,0.568532,,0.419338,-0.001420
1414,281076,500.0,470.39,,2.0772469837963583,13.394054651260376,89,,,,,0.568532,,0.419338,-0.001420
1415,281576,500.0,473.24,,2.0772469837963583,13.394054651260376,89,,,,,0.568532,,0.419338,-0.001420
1416,282076,500.0,473.24,,2.0772469837963583,13.394054651260376,89,,,,,0.568532,,0.419338,-0.001420
1417,282425,349.0,471.73,,2.0772469837963583,13.394054651260376,89,,,,,0.568532,,0.419338,-0.001420
1418,282925,500.0,471.73,,2.0772469837963583,13.394054651260376,89,,,,,0.568532,,0.419338,-0.001420
1419,283425,500.0,471.73,,2.0772469837963583,13.394054651260376,89,,,,,0.568532,,0.419338,-0.001420
1420,283925,500.0,471.73,,2.0772469837963583,13.394054651260376,89,,,,,0.568532,,0.419338,-0.001420
1421,284278,353.0,470.26,,2.0772469837963583,13.394054651260376,89,,,,,0.568532,,0.419338,-0.001420
1422,284778,500.0,472.34,,2.0772469837963583,13.394054651260376,89,,,,,0.568532,,0.419338,-0.001420
1423,285278,500.0,472.34,,2.0772469837963583,13.394054651260376,89,,,,,0.568532,,0.419338,-0.001420
1424,285778,500.0,472.34,,1.993761685937643,13.643077373504639,90,,,,,0.570174,,0.419728,0.000459
1425,286278,500.0,472.34,,1.993761685937643,13.643077373504639,90,,,,,0.570174,,0.419728,0.000459
1426,286778,500.0,474.15,,1.993761685937643,13.643077373504639,90,,,,,0.570174,,0.419728,0.000459
1427,287278,500.0,474.15,,1.993761685937643,13.643077373504639,90,,,,,0.570174,,0.419728,0.000459
1428,287778,500.0,474.15,,1.993761685937643,13.643077373504639,90,,,,,0.570174,,0.419728,0.000459
1429,288278,500.0,474.15,,1.993761685937643,13.643077373504639,90,,,,,0.570174,,0.419728,0.000459
1430,288778,500.0,474.15,,1.993761685937643,13.643077373504639,90,,,,,0.570174,,0.419728,0.000459
1431,289278,500.0,474.15,,1.993761685937643,13.643077373504639,90,,,,,0.570174,,0.419728,0.000459
1432,289575,297.0,472.12,,1.993761685937643,13.643077373504639,90,,,,,0.570174,,0.419728,0.000459
1433,290075,500.0,473.28,,1.993761685937643,13.643077373504639,90,,,,,0.570174,,0.419728,0.000459
1434,290575,500.0,473.28,,1.993761685937643,13.643077373504639,90,,,,,0.570174,,0.419728,0.000459
1435,290967,392.0,472.2,,1.993761685937643,13.643077373504639,90,,,,,0.570174,,0.419728,0.000459
1436,291467,500.0,472.2,,1.993761685937643,13.643077373504639,90,,,,,0.570174,,0.419728,0.000459
1437,291967,500.0,474.97,,1.993761685937643,13.643077373504639,90,,,,,0.570174,,0.419728,0.000459
1438,292467,500.0,478.03,,1.993761685937643,13.643077373504639,90,,,,,0.570174,,0.419728,0.000459
