episode,total_env_steps,episode_reward,avg_reward_100,epsilon,mean_loss,wall_clock_s,grad_steps,w,lam,eval_mean_reward,eval_std_reward,entropy,beta,value_loss,explained_variance
0,14,14.0,14.0,,12.79499340057373,0.02400493621826172,1,,,,,0.687808,,25.553165,-0.012883
1,23,9.0,11.5,,12.79499340057373,0.02400493621826172,1,,,,,0.687808,,25.553165,-0.012883
2,41,18.0,13.666666666666666,,12.79499340057373,0.02400493621826172,1,,,,,0.687808,,25.553165,-0.012883
3,59,18.0,14.75,,12.79499340057373,0.02400493621826172,1,,,,,0.687808,,25.553165,-0.012883
4,70,11.0,14.0,,12.79499340057373,0.02400493621826172,1,,,,,0.687808,,25.553165,-0.012883
5,84,14.0,14.0,,12.79499340057373,0.026516199111938477,1,,,,,0.687808,,25.553165,-0.012883
6,109,25.0,15.571428571428571,,12.79499340057373,0.026516199111938477,1,,,,,0.687808,,25.553165,-0.012883
7,138,29.0,17.25,,12.79499340057373,0.026516199111938477,1,,,,,0.687808,,25.553165,-0.012883
8,152,14.0,16.88888888888889,,12.79499340057373,0.026516199111938477,1,,,,,0.687808,,25.553165,-0.012883
9,161,9.0,16.1,,12.79499340057373,0.026516199111938477,1,,,,,0.687808,,25.553165,-0.012883
10,175,14.0,15.909090909090908,,12.79499340057373,0.026516199111938477,1,,,,,0.687808,,25.553165,-0.012883
11,217,42.0,18.083333333333332,,12.79499340057373,0.026516199111938477,1,,,,,0.687808,,25.553165,-0.012883
12,233,16.0,17.923076923076923,,12.79499340057373,0.026516199111938477,1,,,,,0.687808,,25.553165,-0.012883
13,246,13.0,17.571428571428573,,12.79499340057373,0.026516199111938477,1,,,,,0.687808,,25.553165,-0.012883
14,258,12.0,17.2,,12.79499340057373,0.026516199111938477,1,,,,,0.687808,,25.553165,-0.012883
15,279,21.0,17.4375,,12.79499340057373,0.026516199111938477,1,,,,,0.687808,,25.553165,-0.012883
16,316,37.0,18.58823529411765,,11.243556022644043,0.05266284942626953,2,,,,,0.690082,,19.373272,-0.000032
17,333,17.0,18.5,,11.243556022644043,0.05266284942626953,2,,,,,0.690082,,19.373272,-0.000032
18,349,16.0,18.36842105263158,,11.243556022644043,0.05266284942626953,2,,,,,0.690082,,19.373272,-0.000032
19,362,13.0,18.1,,11.243556022644043,0.05266284942626953,2,,,,,0.690082,,19.373272,-0.000032
20,374,12.0,17.80952380952381,,11.243556022644043,0.05266284942626953,2,,,,,0.690082,,19.373272,-0.000032
21,389,15.0,17.681818181818183,,11.243556022644043,0.05266284942626953,2,,,,,0.690082,,19.373272,-0.000032
22,412,23.0,17.91304347826087,,11.243556022644043,0.05266284942626953,2,,,,,0.690082,,19.373272,-0.000032
23,429,17.0,17.875,,11.243556022644043,0.05266284942626953,2,,,,,0.690082,,19.373272,-0.000032
24,453,24.0,18.12,,11.243556022644043,0.05266284942626953,2,,,,,0.690082,,19.373272,-0.000032
25,481,28.0,18.5,,11.243556022644043,0.05266284942626953,2,,,,,0.690082,,19.373272,-0.000032
26,534,53.0,19.77777777777778,,11.243556022644043,0.05266284942626953,2,,,,,0.690082,,19.373272,-0.000032
27,546,12.0,19.5,,11.243556022644043,0.05266284942626953,2,,,,,0.690082,,19.373272,-0.000032
28,573,27.0,19.75862068965517,,11.243556022644043,0.05266284942626953,2,,,,,0.690082,,19.373272,-0.000032
29,585,12.0,19.5,,11.243556022644043,0.05266284942626953,2,,,,,0.690082,,19.373272,-0.000032
30,624,39.0,20.129032258064516,,11.243556022644043,0.05266284942626953,2,,,,,0.690082,,19.373272,-0.000032
31,633,9.0,19.78125,,11.243556022644043,0.05266284942626953,2,,,,,0.690082,,19.373272,-0.000032
32,675,42.0,20.454545454545453,,10.420417149861654,0.07466244697570801,3,,,,,0.692030,,17.550606,-0.005192
33,690,15.0,20.294117647058822,,10.420417149861654,0.07466244697570801,3,,,,,0.692030,,17.550606,-0.005192
34,715,25.0,20.428571428571427,,10.420417149861654,0.07466244697570801,3,,,,,0.692030,,17.550606,-0.005192
35,754,39.0,20.944444444444443,,10.420417149861654,0.07466244697570801,3,,,,,0.692030,,17.550606,-0.005192
36,806,52.0,21.783783783783782,,10.420417149861654,0.07466244697570801,3,,,,,0.692030,,17.550606,-0.005192
37,821,15.0,21.605263157894736,,10.420417149861654,0.07466244697570801,3,,,,,0.692030,,17.550606,-0.005192
38,834,13.0,21.384615384615383,,10.420417149861654,0.07466244697570801,3,,,,,0.692030,,17.550606,-0.005192
39,843,9.0,21.075,,10.420417149861654,0.07466244697570801,3,,,,,0.692030,,17.550606,-0.005192
40,857,14.0,20.902439024390244,,10.420417149861654,0.07466244697570801,3,,,,,0.692030,,17.550606,-0.005192
41,870,13.0,20.714285714285715,,10.420417149861654,0.07466244697570801,3,,,,,0.692030,,17.550606,-0.005192
42,884,14.0,20.558139534883722,,10.420417149861654,0.07466244697570801,3,,,,,0.692030,,17.550606,-0.005192
43,913,29.0,20.75,,10.420417149861654,0.07466244697570801,3,,,,,0.692030,,17.550606,-0.005192
44,926,13.0,20.57777777777778,,10.420417149861654,0.07466244697570801,3,,,,,0.692030,,17.550606,-0.005192
45,943,17.0,20.5,,10.420417149861654,0.07466244697570801,3,,,,,0.692030,,17.550606,-0.005192
46,958,15.0,20.382978723404257,,10.420417149861654,0.07466244697570801,3,,,,,0.692030,,17.550606,-0.005192
47,974,16.0,20.291666666666668,,10.420417149861654,0.07466244697570801,3,,,,,0.692030,,17.550606,-0.005192
48,987,13.0,20.142857142857142,,9.748685598373413,0.10069942474365234,4,,,,,0.692516,,15.464038,0.028282
49,1000,13.0,20.0,,9.748685598373413,0.10069942474365234,4,,,19.8,2.6381811916545836,0.692516,,15.464038,0.028282
50,1015,15.0,19.901960784313726,,9.748685598373413,0.10069942474365234,4,,,,,0.692516,,15.464038,0.028282
51,1042,27.0,20.03846153846154,,9.748685598373413,0.10069942474365234,4,,,,,0.692516,,15.464038,0.028282
52,1053,11.0,19.867924528301888,,9.748685598373413,0.10069942474365234,4,,,,,0.692516,,15.464038,0.028282
53,1081,28.0,20.01851851851852,,9.748685598373413,0.10069942474365234,4,,,,,0.692516,,15.464038,0.028282
54,1112,31.0,20.21818181818182,,9.748685598373413,0.10069942474365234,4,,,,,0.692516,,15.464038,0.028282
55,1127,15.0,20.125,,9.748685598373413,0.1017000675201416,4,,,,,0.692516,,15.464038,0.028282
56,1149,22.0,20.157894736842106,,9.748685598373413,0.1017000675201416,4,,,,,0.692516,,15.464038,0.028282
57,1173,24.0,20.224137931034484,,9.748685598373413,0.1017000675201416,4,,,,,0.692516,,15.464038,0.028282
58,1190,17.0,20.16949152542373,,9.748685598373413,0.1017000675201416,4,,,,,0.692516,,15.464038,0.028282
59,1200,10.0,20.0,,9.748685598373413,0.1017000675201416,4,,,,,0.692516,,15.464038,0.028282
60,1226,26.0,20.098360655737704,,9.748685598373413,0.1017000675201416,4,,,,,0.692516,,15.464038,0.028282
61,1286,60.0,20.741935483870968,,9.748685598373413,0.1017000675201416,4,,,,,0.692516,,15.464038,0.028282
62,1297,11.0,20.58730158730159,,9.748685598373413,0.1017000675201416,4,,,,,0.692516,,15.464038,0.028282
63,1312,15.0,20.5,,9.748685598373413,0.1017000675201416,4,,,,,0.692516,,15.464038,0.028282
64,1324,12.0,20.369230769230768,,9.153049850463868,0.12025785446166992,5,,,,,0.692660,,13.542462,0.117104
65,1348,24.0,20.424242424242426,,9.153049850463868,0.12025785446166992,5,,,,,0.692660,,13.542462,0.117104
66,1363,15.0,20.34328358208955,,9.153049850463868,0.12025785446166992,5,,,,,0.692660,,13.542462,0.117104
67,1383,20.0,20.33823529411765,,9.153049850463868,0.12025785446166992,5,,,,,0.692660,,13.542462,0.117104
68,1413,30.0,20.47826086956522,,9.153049850463868,0.12025785446166992,5,,,,,0.692660,,13.542462,0.117104
69,1426,13.0,20.37142857142857,,9.153049850463868,0.12025785446166992,5,,,,,0.692660,,13.542462,0.117104
70,1444,18.0,20.338028169014084,,9.153049850463868,0.12025785446166992,5,,,,,0.692660,,13.542462,0.117104
71,1457,13.0,20.23611111111111,,9.153049850463868,0.12025785446166992,5,,,,,0.692660,,13.542462,0.117104
72,1482,25.0,20.301369863013697,,9.153049850463868,0.12025785446166992,5,,,,,0.692660,,13.542462,0.117104
73,1506,24.0,20.35135135135135,,9.153049850463868,0.12025785446166992,5,,,,,0.692660,,13.542462,0.117104
74,1522,16.0,20.293333333333333,,9.153049850463868,0.12025785446166992,5,,,,,0.692660,,13.542462,0.117104
75,1531,9.0,20.144736842105264,,9.153049850463868,0.12025785446166992,5,,,,,0.692660,,13.542462,0.117104
76,1570,39.0,20.38961038961039,,9.153049850463868,0.12025785446166992,5,,,,,0.692660,,13.542462,0.117104
77,1585,15.0,20.32051282051282,,9.153049850463868,0.12025785446166992,5,,,,,0.692660,,13.542462,0.117104
78,1615,30.0,20.443037974683545,,9.153049850463868,0.12025785446166992,5,,,,,0.692660,,13.542462,0.117104
79,1637,22.0,20.4625,,9.153049850463868,0.12025785446166992,5,,,,,0.692660,,13.542462,0.117104
80,1659,22.0,20.48148148148148,,8.586183389027914,0.14997529983520508,6,,,,,0.692218,,11.512739,-0.102613
81,1673,14.0,20.402439024390244,,8.586183389027914,0.14997529983520508,6,,,,,0.692218,,11.512739,-0.102613
82,1696,23.0,20.433734939759034,,8.586183389027914,0.14997529983520508,6,,,,,0.692218,,11.512739,-0.102613
83,1710,14.0,20.357142857142858,,8.586183389027914,0.14997529983520508,6,,,,,0.692218,,11.512739,-0.102613
84,1720,10.0,20.235294117647058,,8.586183389027914,0.15097379684448242,6,,,,,0.692218,,11.512739,-0.102613
85,1730,10.0,20.11627906976744,,8.586183389027914,0.15097379684448242,6,,,,,0.692218,,11.512739,-0.102613
86,1760,30.0,20.229885057471265,,8.586183389027914,0.15097379684448242,6,,,,,0.692218,,11.512739,-0.102613
87,1803,43.0,20.488636363636363,,8.586183389027914,0.15097379684448242,6,,,,,0.692218,,11.512739,-0.102613
88,1818,15.0,20.426966292134832,,8.586183389027914,0.15097379684448242,6,,,,,0.692218,,11.512739,-0.102613
89,1832,14.0,20.355555555555554,,8.586183389027914,0.15097379684448242,6,,,,,0.692218,,11.512739,-0.102613
90,1849,17.0,20.318681318681318,,8.586183389027914,0.15097379684448242,6,,,,,0.692218,,11.512739,-0.102613
91,1861,12.0,20.22826086956522,,8.586183389027914,0.15097379684448242,6,,,,,0.692218,,11.512739,-0.102613
92,1934,73.0,20.795698924731184,,8.586183389027914,0.15097379684448242,6,,,,,0.692218,,11.512739,-0.102613
93,1962,28.0,20.872340425531913,,8.586183389027914,0.15097379684448242,6,,,,,0.692218,,11.512739,-0.102613
94,1987,25.0,20.91578947368421,,8.586183389027914,0.15097379684448242,6,,,,,0.692218,,11.512739,-0.102613
95,2017,30.0,21.010416666666668,,8.586183389027914,0.15097379684448242,6,,,,,0.692218,,11.512739,-0.102613
96,2034,17.0,20.969072164948454,,7.984209060668945,0.1729719638824463,7,,,,,0.691685,,8.756100,0.032406
97,2080,46.0,21.224489795918366,,7.984209060668945,0.1729719638824463,7,,,,,0.691685,,8.756100,0.032406
98,2116,36.0,21.373737373737374,,7.984209060668945,0.1729719638824463,7,,,,,0.691685,,8.756100,0.032406
99,2127,11.0,21.27,,7.984209060668945,0.1729719638824463,7,,,52.4,8.064738061462382,0.691685,,8.756100,0.032406
100,2146,19.0,21.32,,7.984209060668945,0.1729719638824463,7,,,,,0.691685,,8.756100,0.032406
101,2192,46.0,21.69,,7.984209060668945,0.17397785186767578,7,,,,,0.691685,,8.756100,0.032406
102,2218,26.0,21.77,,7.984209060668945,0.17397785186767578,7,,,,,0.691685,,8.756100,0.032406
103,2228,10.0,21.69,,7.984209060668945,0.17397785186767578,7,,,,,0.691685,,8.756100,0.032406
104,2253,25.0,21.83,,7.984209060668945,0.17397785186767578,7,,,,,0.691685,,8.756100,0.032406
105,2271,18.0,21.87,,7.984209060668945,0.17397785186767578,7,,,,,0.691685,,8.756100,0.032406
106,2286,15.0,21.77,,7.984209060668945,0.17397785186767578,7,,,,,0.691685,,8.756100,0.032406
107,2326,40.0,21.88,,7.984209060668945,0.17397785186767578,7,,,,,0.691685,,8.756100,0.032406
108,2364,38.0,22.12,,7.984209060668945,0.17397785186767578,7,,,,,0.691685,,8.756100,0.032406
109,2385,21.0,22.24,,7.984209060668945,0.17397785186767578,7,,,,,0.691685,,8.756100,0.032406
110,2401,16.0,22.26,,7.984209060668945,0.17397785186767578,7,,,,,0.691685,,8.756100,0.032406
111,2431,30.0,22.14,,7.984209060668945,0.17397785186767578,7,,,,,0.691685,,8.756100,0.032406
112,2453,22.0,22.2,,7.636561810970306,0.1910231113433838,8,,,,,0.690352,,10.407560,-0.662569
113,2465,12.0,22.19,,7.636561810970306,0.1910231113433838,8,,,,,0.690352,,10.407560,-0.662569
114,2488,23.0,22.3,,7.636561810970306,0.1910231113433838,8,,,,,0.690352,,10.407560,-0.662569
115,2509,21.0,22.3,,7.636561810970306,0.1910231113433838,8,,,,,0.690352,,10.407560,-0.662569
116,2520,11.0,22.04,,7.636561810970306,0.1910231113433838,8,,,,,0.690352,,10.407560,-0.662569
117,2536,16.0,22.03,,7.636561810970306,0.1910231113433838,8,,,,,0.690352,,10.407560,-0.662569
118,2565,29.0,22.16,,7.636561810970306,0.1910231113433838,8,,,,,0.690352,,10.407560,-0.662569
119,2581,16.0,22.19,,7.636561810970306,0.19252610206604004,8,,,,,0.690352,,10.407560,-0.662569
120,2596,15.0,22.22,,7.636561810970306,0.19252610206604004,8,,,,,0.690352,,10.407560,-0.662569
121,2610,14.0,22.21,,7.636561810970306,0.19252610206604004,8,,,,,0.690352,,10.407560,-0.662569
122,2631,21.0,22.19,,7.636561810970306,0.19252610206604004,8,,,,,0.690352,,10.407560,-0.662569
123,2670,39.0,22.41,,7.636561810970306,0.19252610206604004,8,,,,,0.690352,,10.407560,-0.662569
124,2701,31.0,22.48,,7.636561810970306,0.19252610206604004,8,,,,,0.690352,,10.407560,-0.662569
125,2714,13.0,22.33,,7.636561810970306,0.19252610206604004,8,,,,,0.690352,,10.407560,-0.662569
126,2725,11.0,21.91,,7.636561810970306,0.19252610206604004,8,,,,,0.690352,,10.407560,-0.662569
127,2761,36.0,22.15,,7.636561810970306,0.19252610206604004,8,,,,,0.690352,,10.407560,-0.662569
128,2779,18.0,22.06,,7.222466362847222,0.2167365550994873,9,,,,,0.689559,,7.829527,-0.417685
129,2791,12.0,22.06,,7.222466362847222,0.2167365550994873,9,,,,,0.689559,,7.829527,-0.417685
130,2825,34.0,22.01,,7.222466362847222,0.2167365550994873,9,,,,,0.689559,,7.829527,-0.417685
131,2844,19.0,22.11,,7.222466362847222,0.2167365550994873,9,,,,,0.689559,,7.829527,-0.417685
132,2860,16.0,21.85,,7.222466362847222,0.2167365550994873,9,,,,,0.689559,,7.829527,-0.417685
133,2884,24.0,21.94,,7.222466362847222,0.2167365550994873,9,,,,,0.689559,,7.829527,-0.417685
134,2899,15.0,21.84,,7.222466362847222,0.2167365550994873,9,,,,,0.689559,,7.829527,-0.417685
135,2936,37.0,21.82,,7.222466362847222,0.2167365550994873,9,,,,,0.689559,,7.829527,-0.417685
136,2972,36.0,21.66,,7.222466362847222,0.2167365550994873,9,,,,,0.689559,,7.829527,-0.417685
137,2992,20.0,21.71,,7.222466362847222,0.2167365550994873,9,,,,,0.689559,,7.829527,-0.417685
138,3015,23.0,21.81,,7.222466362847222,0.2167365550994873,9,,,,,0.689559,,7.829527,-0.417685
139,3036,21.0,21.93,,7.222466362847222,0.2167365550994873,9,,,,,0.689559,,7.829527,-0.417685
140,3045,9.0,21.88,,7.222466362847222,0.2167365550994873,9,,,,,0.689559,,7.829527,-0.417685
141,3061,16.0,21.91,,7.222466362847222,0.2167365550994873,9,,,,,0.689559,,7.829527,-0.417685
142,3082,21.0,21.98,,7.222466362847222,0.2167365550994873,9,,,,,0.689559,,7.829527,-0.417685
143,3133,51.0,22.2,,7.222466362847222,0.2167365550994873,9,,,,,0.689559,,7.829527,-0.417685
144,3157,24.0,22.31,,6.928637552261352,0.25701141357421875,10,,,,,0.686396,,8.602748,-0.527939
145,3242,85.0,22.99,,6.928637552261352,0.25701141357421875,10,,,,,0.686396,,8.602748,-0.527939
146,3293,51.0,23.35,,6.928637552261352,0.25701141357421875,10,,,,,0.686396,,8.602748,-0.527939
147,3313,20.0,23.39,,6.928637552261352,0.25701141357421875,10,,,,,0.686396,,8.602748,-0.527939
148,3326,13.0,23.39,,6.928637552261352,0.25701141357421875,10,,,,,0.686396,,8.602748,-0.527939
149,3337,11.0,23.37,,6.928637552261352,0.25701141357421875,10,,,31.2,3.1874754901018454,0.686396,,8.602748,-0.527939
150,3362,25.0,23.47,,6.928637552261352,0.25701141357421875,10,,,,,0.686396,,8.602748,-0.527939
151,3375,13.0,23.33,,6.928637552261352,0.25701141357421875,10,,,,,0.686396,,8.602748,-0.527939
152,3396,21.0,23.43,,6.928637552261352,0.25701141357421875,10,,,,,0.686396,,8.602748,-0.527939
153,3417,21.0,23.36,,6.928637552261352,0.25701141357421875,10,,,,,0.686396,,8.602748,-0.527939
154,3493,76.0,23.81,,6.928637552261352,0.25701141357421875,10,,,,,0.686396,,8.602748,-0.527939
155,3502,9.0,23.75,,6.928637552261352,0.25701141357421875,10,,,,,0.686396,,8.602748,-0.527939
156,3524,22.0,23.75,,6.928637552261352,0.25701141357421875,10,,,,,0.686396,,8.602748,-0.527939
157,3536,12.0,23.63,,6.928637552261352,0.25701141357421875,10,,,,,0.686396,,8.602748,-0.527939
158,3573,37.0,23.83,,6.928637552261352,0.25701141357421875,10,,,,,0.686396,,8.602748,-0.527939
159,3602,29.0,24.02,,6.928637552261352,0.25701141357421875,10,,,,,0.686396,,8.602748,-0.527939
160,3631,29.0,24.05,,6.610655026002363,0.28508973121643066,11,,,,,0.686720,,6.866155,-0.150724
161,3649,18.0,23.63,,6.610655026002363,0.28508973121643066,11,,,,,0.686720,,6.866155,-0.150724
162,3697,48.0,24.0,,6.610655026002363,0.28508973121643066,11,,,,,0.686720,,6.866155,-0.150724
163,3713,16.0,24.01,,6.610655026002363,0.28508973121643066,11,,,,,0.686720,,6.866155,-0.150724
164,3740,27.0,24.16,,6.610655026002363,0.28508973121643066,11,,,,,0.686720,,6.866155,-0.150724
165,3789,49.0,24.41,,6.610655026002363,0.28508973121643066,11,,,,,0.686720,,6.866155,-0.150724
166,3804,15.0,24.41,,6.610655026002363,0.28508973121643066,11,,,,,0.686720,,6.866155,-0.150724
167,3836,32.0,24.53,,6.610655026002363,0.28508973121643066,11,,,,,0.686720,,6.866155,-0.150724
168,3867,31.0,24.54,,6.610655026002363,0.28508973121643066,11,,,,,0.686720,,6.866155,-0.150724
169,3915,48.0,24.89,,6.610655026002363,0.28508973121643066,11,,,,,0.686720,,6.866155,-0.150724
170,3942,27.0,24.98,,6.610655026002363,0.28508973121643066,11,,,,,0.686720,,6.866155,-0.150724
171,3956,14.0,24.99,,6.610655026002363,0.28508973121643066,11,,,,,0.686720,,6.866155,-0.150724
172,4015,59.0,25.33,,6.610655026002363,0.28508973121643066,11,,,,,0.686720,,6.866155,-0.150724
173,4041,26.0,25.35,,6.610655026002363,0.28508973121643066,11,,,,,0.686720,,6.866155,-0.150724
174,4092,51.0,25.7,,6.610655026002363,0.28508973121643066,11,,,,,0.686720,,6.866155,-0.150724
175,4113,21.0,25.82,,6.610655026002363,0.28508973121643066,11,,,,,0.686720,,6.866155,-0.150724
176,4131,18.0,25.61,,6.281250496705373,0.30454277992248535,12,,,,,0.686552,,5.335399,-0.215916
177,4154,23.0,25.69,,6.281250496705373,0.30454277992248535,12,,,,,0.686552,,5.335399,-0.215916
178,4167,13.0,25.52,,6.281250496705373,0.30454277992248535,12,,,,,0.686552,,5.335399,-0.215916
179,4178,11.0,25.41,,6.281250496705373,0.30454277992248535,12,,,,,0.686552,,5.335399,-0.215916
180,4215,37.0,25.56,,6.281250496705373,0.30454277992248535,12,,,,,0.686552,,5.335399,-0.215916
181,4232,17.0,25.59,,6.281250496705373,0.30454277992248535,12,,,,,0.686552,,5.335399,-0.215916
182,4251,19.0,25.55,,6.281250496705373,0.30454277992248535,12,,,,,0.686552,,5.335399,-0.215916
183,4270,19.0,25.6,,6.281250496705373,0.30454277992248535,12,,,,,0.686552,,5.335399,-0.215916
184,4287,17.0,25.67,,6.281250496705373,0.30454277992248535,12,,,,,0.686552,,5.335399,-0.215916
185,4319,32.0,25.89,,6.281250496705373,0.30454277992248535,12,,,,,0.686552,,5.335399,-0.215916
186,4345,26.0,25.85,,6.281250496705373,0.30454277992248535,12,,,,,0.686552,,5.335399,-0.215916
187,4367,22.0,25.64,,6.281250496705373,0.30454277992248535,12,,,,,0.686552,,5.335399,-0.215916
188,4388,21.0,25.7,,6.281250496705373,0.30454277992248535,12,,,,,0.686552,,5.335399,-0.215916
189,4410,22.0,25.78,,6.281250496705373,0.30454277992248535,12,,,,,0.686552,,5.335399,-0.215916
190,4423,13.0,25.74,,6.281250496705373,0.30454277992248535,12,,,,,0.686552,,5.335399,-0.215916
191,4438,15.0,25.77,,6.281250496705373,0.30454277992248535,12,,,,,0.686552,,5.335399,-0.215916
192,4458,20.0,25.24,,6.016670557168814,0.32398557662963867,13,,,,,0.682364,,5.694860,-0.020909
193,4472,14.0,25.1,,6.016670557168814,0.32398557662963867,13,,,,,0.682364,,5.694860,-0.020909
194,4499,27.0,25.12,,6.016670557168814,0.32398557662963867,13,,,,,0.682364,,5.694860,-0.020909
195,4511,12.0,24.94,,6.016670557168814,0.32398557662963867,13,,,,,0.682364,,5.694860,-0.020909
196,4530,19.0,24.96,,6.016670557168814,0.32398557662963867,13,,,,,0.682364,,5.694860,-0.020909
197,4542,12.0,24.62,,6.016670557168814,0.32398557662963867,13,,,,,0.682364,,5.694860,-0.020909
198,4570,28.0,24.54,,6.016670557168814,0.32398557662963867,13,,,,,0.682364,,5.694860,-0.020909
199,4585,15.0,24.58,,6.016670557168814,0.32398557662963867,13,,,35.8,4.069397989875161,0.682364,,5.694860,-0.020909
200,4601,16.0,24.55,,6.016670557168814,0.32398557662963867,13,,,,,0.682364,,5.694860,-0.020909
201,4625,24.0,24.33,,6.016670557168814,0.32398557662963867,13,,,,,0.682364,,5.694860,-0.020909
202,4669,44.0,24.51,,6.016670557168814,0.32398557662963867,13,,,,,0.682364,,5.694860,-0.020909
203,4683,14.0,24.55,,6.016670557168814,0.32398557662963867,13,,,,,0.682364,,5.694860,-0.020909
204,4725,42.0,24.72,,6.016670557168814,0.32398557662963867,13,,,,,0.682364,,5.694860,-0.020909
205,4768,43.0,24.97,,6.016670557168814,0.32398557662963867,13,,,,,0.682364,,5.694860,-0.020909
206,4789,21.0,25.03,,6.016670557168814,0.32398557662963867,13,,,,,0.682364,,5.694860,-0.020909
207,4829,40.0,25.03,,6.016670557168814,0.32398557662963867,13,,,,,0.682364,,5.694860,-0.020909
208,4841,12.0,24.77,,5.839990973472595,0.35549092292785645,14,,,,,0.683490,,7.108854,-0.017138
209,4857,16.0,24.72,,5.839990973472595,0.35549092292785645,14,,,,,0.683490,,7.108854,-0.017138
210,4888,31.0,24.87,,5.839990973472595,0.35549092292785645,14,,,,,0.683490,,7.108854,-0.017138
211,4906,18.0,24.75,,5.839990973472595,0.35549092292785645,14,,,,,0.683490,,7.108854,-0.017138
212,4920,14.0,24.67,,5.839990973472595,0.35549092292785645,14,,,,,0.683490,,7.108854,-0.017138
213,4978,58.0,25.13,,5.839990973472595,0.35549092292785645,14,,,,,0.683490,,7.108854,-0.017138
214,5028,50.0,25.4,,5.839990973472595,0.35549092292785645,14,,,,,0.683490,,7.108854,-0.017138
215,5043,15.0,25.34,,5.839990973472595,0.35549092292785645,14,,,,,0.683490,,7.108854,-0.017138
216,5082,39.0,25.62,,5.839990973472595,0.35549092292785645,14,,,,,0.683490,,7.108854,-0.017138
217,5108,26.0,25.72,,5.839990973472595,0.35549092292785645,14,,,,,0.683490,,7.108854,-0.017138
218,5117,9.0,25.52,,5.839990973472595,0.35549092292785645,14,,,,,0.683490,,7.108854,-0.017138
219,5165,48.0,25.84,,5.839990973472595,0.35549092292785645,14,,,,,0.683490,,7.108854,-0.017138
220,5181,16.0,25.85,,5.839990973472595,0.35549092292785645,14,,,,,0.683490,,7.108854,-0.017138
221,5243,62.0,26.33,,5.839990973472595,0.35549092292785645,14,,,,,0.683490,,7.108854,-0.017138
222,5306,63.0,26.75,,5.839990973472595,0.35549092292785645,14,,,,,0.683490,,7.108854,-0.017138
223,5344,38.0,26.74,,5.839990973472595,0.35549092292785645,14,,,,,0.683490,,7.108854,-0.017138
224,5379,35.0,26.78,,5.6828027566274,0.3879988193511963,15,,,,,0.681536,,6.982053,-0.078646
225,5401,22.0,26.87,,5.6828027566274,0.3879988193511963,15,,,,,0.681536,,6.982053,-0.078646
226,5411,10.0,26.86,,5.6828027566274,0.3879988193511963,15,,,,,0.681536,,6.982053,-0.078646
227,5446,35.0,26.85,,5.6828027566274,0.3879988193511963,15,,,,,0.681536,,6.982053,-0.078646
228,5490,44.0,27.11,,5.6828027566274,0.3879988193511963,15,,,,,0.681536,,6.982053,-0.078646
229,5538,48.0,27.47,,5.6828027566274,0.3879988193511963,15,,,,,0.681536,,6.982053,-0.078646
230,5564,26.0,27.39,,5.6828027566274,0.3879988193511963,15,,,,,0.681536,,6.982053,-0.078646
231,5608,44.0,27.64,,5.6828027566274,0.3879988193511963,15,,,,,0.681536,,6.982053,-0.078646
232,5670,62.0,28.1,,5.6828027566274,0.3879988193511963,15,,,,,0.681536,,6.982053,-0.078646
233,5731,61.0,28.47,,5.6828027566274,0.3879988193511963,15,,,,,0.681536,,6.982053,-0.078646
234,5752,21.0,28.53,,5.6828027566274,0.3879988193511963,15,,,,,0.681536,,6.982053,-0.078646
235,5769,17.0,28.33,,5.6828027566274,0.3879988193511963,15,,,,,0.681536,,6.982053,-0.078646
236,5783,14.0,28.11,,5.6828027566274,0.3879988193511963,15,,,,,0.681536,,6.982053,-0.078646
237,5797,14.0,28.05,,5.6828027566274,0.3879988193511963,15,,,,,0.681536,,6.982053,-0.078646
238,5828,31.0,28.13,,5.6828027566274,0.3879988193511963,15,,,,,0.681536,,6.982053,-0.078646
239,5871,43.0,28.35,,5.6828027566274,0.3879988193511963,15,,,,,0.681536,,6.982053,-0.078646
240,5884,13.0,28.39,,5.49809105694294,0.4098525047302246,16,,,,,0.678191,,5.465036,-0.091748
241,5908,24.0,28.47,,5.49809105694294,0.4098525047302246,16,,,,,0.678191,,5.465036,-0.091748
242,5923,15.0,28.41,,5.49809105694294,0.4098525047302246,16,,,,,0.678191,,5.465036,-0.091748
243,5959,36.0,28.26,,5.49809105694294,0.4098525047302246,16,,,,,0.678191,,5.465036,-0.091748
244,5977,18.0,28.2,,5.49809105694294,0.4098525047302246,16,,,,,0.678191,,5.465036,-0.091748
245,6012,35.0,27.7,,5.49809105694294,0.4098525047302246,16,,,,,0.678191,,5.465036,-0.091748
246,6047,35.0,27.54,,5.49809105694294,0.4098525047302246,16,,,,,0.678191,,5.465036,-0.091748
247,6079,32.0,27.66,,5.49809105694294,0.4098525047302246,16,,,,,0.678191,,5.465036,-0.091748
248,6105,26.0,27.79,,5.49809105694294,0.4098525047302246,16,,,,,0.678191,,5.465036,-0.091748
249,6127,22.0,27.9,,5.49809105694294,0.4098525047302246,16,,,50.2,8.133879763065101,0.678191,,5.465036,-0.091748
250,6152,25.0,27.9,,5.49809105694294,0.4098525047302246,16,,,,,0.678191,,5.465036,-0.091748
251,6168,16.0,27.93,,5.49809105694294,0.4098525047302246,16,,,,,0.678191,,5.465036,-0.091748
252,6190,22.0,27.94,,5.49809105694294,0.4098525047302246,16,,,,,0.678191,,5.465036,-0.091748
253,6234,44.0,28.17,,5.49809105694294,0.4098525047302246,16,,,,,0.678191,,5.465036,-0.091748
254,6260,26.0,27.67,,5.49809105694294,0.4098525047302246,16,,,,,0.678191,,5.465036,-0.091748
255,6285,25.0,27.83,,5.49809105694294,0.4098525047302246,16,,,,,0.678191,,5.465036,-0.091748
256,6301,16.0,27.77,,5.325441486695233,0.4403848648071289,17,,,,,0.678114,,5.118984,0.206047
257,6329,28.0,27.93,,5.325441486695233,0.4403848648071289,17,,,,,0.678114,,5.118984,0.206047
258,6348,19.0,27.75,,5.325441486695233,0.4403848648071289,17,,,,,0.678114,,5.118984,0.206047
259,6382,34.0,27.8,,5.325441486695233,0.4403848648071289,17,,,,,0.678114,,5.118984,0.206047
260,6407,25.0,27.76,,5.325441486695233,0.4403848648071289,17,,,,,0.678114,,5.118984,0.206047
261,6463,56.0,28.14,,5.325441486695233,0.4403848648071289,17,,,,,0.678114,,5.118984,0.206047
262,6478,15.0,27.81,,5.325441486695233,0.4403848648071289,17,,,,,0.678114,,5.118984,0.206047
263,6493,15.0,27.8,,5.325441486695233,0.4403848648071289,17,,,,,0.678114,,5.118984,0.206047
264,6519,26.0,27.79,,5.325441486695233,0.4403848648071289,17,,,,,0.678114,,5.118984,0.206047
265,6541,22.0,27.52,,5.325441486695233,0.4403848648071289,17,,,,,0.678114,,5.118984,0.206047
266,6604,63.0,28.0,,5.325441486695233,0.4403848648071289,17,,,,,0.678114,,5.118984,0.206047
267,6628,24.0,27.92,,5.325441486695233,0.4403848648071289,17,,,,,0.678114,,5.118984,0.206047
268,6647,19.0,27.8,,5.325441486695233,0.4403848648071289,17,,,,,0.678114,,5.118984,0.206047
269,6670,23.0,27.55,,5.325441486695233,0.4403848648071289,17,,,,,0.678114,,5.118984,0.206047
270,6683,13.0,27.41,,5.325441486695233,0.4403848648071289,17,,,,,0.678114,,5.118984,0.206047
271,6707,24.0,27.51,,5.325441486695233,0.4403848648071289,17,,,,,0.678114,,5.118984,0.206047
272,6728,21.0,27.13,,5.234360098838806,0.4691171646118164,18,,,,,0.677198,,7.397174,-0.331422
273,6775,47.0,27.34,,5.234360098838806,0.4691171646118164,18,,,,,0.677198,,7.397174,-0.331422
274,6805,30.0,27.13,,5.234360098838806,0.4691171646118164,18,,,,,0.677198,,7.397174,-0.331422
275,6837,32.0,27.24,,5.234360098838806,0.4691171646118164,18,,,,,0.677198,,7.397174,-0.331422
276,6854,17.0,27.23,,5.234360098838806,0.4691171646118164,18,,,,,0.677198,,7.397174,-0.331422
277,6869,15.0,27.15,,5.234360098838806,0.4691171646118164,18,,,,,0.677198,,7.397174,-0.331422
278,6902,33.0,27.35,,5.234360098838806,0.4691171646118164,18,,,,,0.677198,,7.397174,-0.331422
279,6931,29.0,27.53,,5.234360098838806,0.4691171646118164,18,,,,,0.677198,,7.397174,-0.331422
280,6967,36.0,27.52,,5.234360098838806,0.4691171646118164,18,,,,,0.677198,,7.397174,-0.331422
281,7013,46.0,27.81,,5.234360098838806,0.4691171646118164,18,,,,,0.677198,,7.397174,-0.331422
282,7039,26.0,27.88,,5.234360098838806,0.4691171646118164,18,,,,,0.677198,,7.397174,-0.331422
283,7075,36.0,28.05,,5.234360098838806,0.4691171646118164,18,,,,,0.677198,,7.397174,-0.331422
284,7092,17.0,28.05,,5.234360098838806,0.4691171646118164,18,,,,,0.677198,,7.397174,-0.331422
285,7127,35.0,28.08,,5.234360098838806,0.4691171646118164,18,,,,,0.677198,,7.397174,-0.331422
286,7161,34.0,28.16,,5.234360098838806,0.4691171646118164,18,,,,,0.677198,,7.397174,-0.331422
287,7223,62.0,28.56,,5.234360098838806,0.4691171646118164,18,,,,,0.677198,,7.397174,-0.331422
288,7253,30.0,28.65,,5.165887117385864,0.4937143325805664,19,,,,,0.671804,,7.930835,-0.477549
289,7269,16.0,28.59,,5.165887117385864,0.4937143325805664,19,,,,,0.671804,,7.930835,-0.477549
290,7317,48.0,28.94,,5.165887117385864,0.4937143325805664,19,,,,,0.671804,,7.930835,-0.477549
291,7331,14.0,28.93,,5.165887117385864,0.4937143325805664,19,,,,,0.671804,,7.930835,-0.477549
292,7371,40.0,29.13,,5.165887117385864,0.4937143325805664,19,,,,,0.671804,,7.930835,-0.477549
293,7410,39.0,29.38,,5.165887117385864,0.4937143325805664,19,,,,,0.671804,,7.930835,-0.477549
294,7427,17.0,29.28,,5.165887117385864,0.4937143325805664,19,,,,,0.671804,,7.930835,-0.477549
295,7454,27.0,29.43,,5.165887117385864,0.4937143325805664,19,,,,,0.671804,,7.930835,-0.477549
296,7486,32.0,29.56,,5.165887117385864,0.4937143325805664,19,,,,,0.671804,,7.930835,-0.477549
297,7534,48.0,29.92,,5.165887117385864,0.4937143325805664,19,,,,,0.671804,,7.930835,-0.477549
298,7570,36.0,30.0,,5.165887117385864,0.4937143325805664,19,,,,,0.671804,,7.930835,-0.477549
299,7615,45.0,30.3,,5.165887117385864,0.4937143325805664,19,,,413.4,173.2,0.671804,,7.930835,-0.477549
300,7629,14.0,30.28,,5.165887117385864,0.4937143325805664,19,,,,,0.671804,,7.930835,-0.477549
301,7648,19.0,30.23,,5.165887117385864,0.4937143325805664,19,,,,,0.671804,,7.930835,-0.477549
302,7679,31.0,30.1,,5.165887117385864,0.4937143325805664,19,,,,,0.671804,,7.930835,-0.477549
303,7698,19.0,30.15,,5.165887117385864,0.4937143325805664,19,,,,,0.671804,,7.930835,-0.477549
304,7713,15.0,29.88,,5.121442043781281,0.5254981517791748,20,,,,,0.669922,,8.561900,-0.279628
305,7731,18.0,29.63,,5.121442043781281,0.5254981517791748,20,,,,,0.669922,,8.561900,-0.279628
306,7771,40.0,29.82,,5.121442043781281,0.5254981517791748,20,,,,,0.669922,,8.561900,-0.279628
307,7800,29.0,29.71,,5.121442043781281,0.5254981517791748,20,,,,,0.669922,,8.561900,-0.279628
308,7814,14.0,29.73,,5.121442043781281,0.5254981517791748,20,,,,,0.669922,,8.561900,-0.279628
309,7877,63.0,30.2,,5.121442043781281,0.5254981517791748,20,,,,,0.669922,,8.561900,-0.279628
310,7899,22.0,30.11,,5.121442043781281,0.5254981517791748,20,,,,,0.669922,,8.561900,-0.279628
311,7931,32.0,30.25,,5.121442043781281,0.5254981517791748,20,,,,,0.669922,,8.561900,-0.279628
312,7946,15.0,30.26,,5.121442043781281,0.5254981517791748,20,,,,,0.669922,,8.561900,-0.279628
313,7962,16.0,29.84,,5.121442043781281,0.5254981517791748,20,,,,,0.669922,,8.561900,-0.279628
314,7981,19.0,29.53,,5.121442043781281,0.5254981517791748,20,,,,,0.669922,,8.561900,-0.279628
315,7997,16.0,29.54,,5.121442043781281,0.5254981517791748,20,,,,,0.669922,,8.561900,-0.279628
316,8023,26.0,29.41,,5.121442043781281,0.5254981517791748,20,,,,,0.669922,,8.561900,-0.279628
317,8068,45.0,29.6,,5.121442043781281,0.5254981517791748,20,,,,,0.669922,,8.561900,-0.279628
318,8125,57.0,30.08,,5.121442043781281,0.5254981517791748,20,,,,,0.669922,,8.561900,-0.279628
319,8189,64.0,30.24,,5.121442043781281,0.5254981517791748,20,,,,,0.669922,,8.561900,-0.279628
320,8228,39.0,30.47,,5.078175919396537,0.563340425491333,21,,,,,0.666794,,8.499154,-0.129328
321,8277,49.0,30.34,,5.078175919396537,0.563340425491333,21,,,,,0.666794,,8.499154,-0.129328
322,8297,20.0,29.91,,5.078175919396537,0.563340425491333,21,,,,,0.666794,,8.499154,-0.129328
323,8317,20.0,29.73,,5.078175919396537,0.563340425491333,21,,,,,0.666794,,8.499154,-0.129328
324,8341,24.0,29.62,,5.078175919396537,0.563340425491333,21,,,,,0.666794,,8.499154,-0.129328
325,8377,36.0,29.76,,5.078175919396537,0.563340425491333,21,,,,,0.666794,,8.499154,-0.129328
326,8432,55.0,30.21,,5.078175919396537,0.563340425491333,21,,,,,0.666794,,8.499154,-0.129328
327,8495,63.0,30.49,,5.078175919396537,0.563340425491333,21,,,,,0.666794,,8.499154,-0.129328
328,8509,14.0,30.19,,5.078175919396537,0.563340425491333,21,,,,,0.666794,,8.499154,-0.129328
329,8599,90.0,30.61,,5.078175919396537,0.563340425491333,21,,,,,0.666794,,8.499154,-0.129328
330,8645,46.0,30.81,,5.078175919396537,0.5642354488372803,21,,,,,0.666794,,8.499154,-0.129328
331,8669,24.0,30.61,,5.078175919396537,0.5642354488372803,21,,,,,0.666794,,8.499154,-0.129328
332,8683,14.0,30.13,,5.078175919396537,0.5642354488372803,21,,,,,0.666794,,8.499154,-0.129328
333,8709,26.0,29.78,,5.078175919396537,0.5642354488372803,21,,,,,0.666794,,8.499154,-0.129328
334,8738,29.0,29.86,,5.078175919396537,0.5642354488372803,21,,,,,0.666794,,8.499154,-0.129328
335,8799,61.0,30.3,,5.078175919396537,0.5642354488372803,21,,,,,0.666794,,8.499154,-0.129328
336,8835,36.0,30.52,,5.041441689838063,0.6032004356384277,22,,,,,0.670001,,8.573571,-0.201688
337,8890,55.0,30.93,,5.041441689838063,0.6032004356384277,22,,,,,0.670001,,8.573571,-0.201688
338,8919,29.0,30.91,,5.041441689838063,0.6032004356384277,22,,,,,0.670001,,8.573571,-0.201688
339,8942,23.0,30.71,,5.041441689838063,0.6032004356384277,22,,,,,0.670001,,8.573571,-0.201688
340,8985,43.0,31.01,,5.041441689838063,0.6032004356384277,22,,,,,0.670001,,8.573571,-0.201688
341,9026,41.0,31.18,,5.041441689838063,0.6032004356384277,22,,,,,0.670001,,8.573571,-0.201688
342,9051,25.0,31.28,,5.041441689838063,0.6032004356384277,22,,,,,0.670001,,8.573571,-0.201688
343,9084,33.0,31.25,,5.041441689838063,0.6032004356384277,22,,,,,0.670001,,8.573571,-0.201688
344,9119,35.0,31.42,,5.041441689838063,0.6032004356384277,22,,,,,0.670001,,8.573571,-0.201688
345,9138,19.0,31.26,,5.041441689838063,0.6032004356384277,22,,,,,0.670001,,8.573571,-0.201688
346,9156,18.0,31.09,,5.041441689838063,0.6032004356384277,22,,,,,0.670001,,8.573571,-0.201688
347,9203,47.0,31.24,,5.041441689838063,0.6032004356384277,22,,,,,0.670001,,8.573571,-0.201688
348,9289,86.0,31.84,,5.041441689838063,0.6032004356384277,22,,,,,0.670001,,8.573571,-0.201688
349,9345,56.0,32.18,,5.041441689838063,0.6032004356384277,22,,,66.2,11.565465835840769,0.670001,,8.573571,-0.201688
350,9384,39.0,32.32,,5.041441689838063,0.6032004356384277,22,,,,,0.670001,,8.573571,-0.201688
351,9433,49.0,32.65,,5.041441689838063,0.6032004356384277,22,,,,,0.670001,,8.573571,-0.201688
352,9454,21.0,32.64,,5.016430533450583,0.6317236423492432,23,,,,,0.657049,,8.990010,-0.043077
353,9509,55.0,32.75,,5.016430533450583,0.6317236423492432,23,,,,,0.657049,,8.990010,-0.043077
354,9533,24.0,32.73,,5.016430533450583,0.6317236423492432,23,,,,,0.657049,,8.990010,-0.043077
355,9554,21.0,32.69,,5.016430533450583,0.6317236423492432,23,,,,,0.657049,,8.990010,-0.043077
356,9589,35.0,32.88,,5.016430533450583,0.6317236423492432,23,,,,,0.657049,,8.990010,-0.043077
357,9618,29.0,32.89,,5.016430533450583,0.6317236423492432,23,,,,,0.657049,,8.990010,-0.043077
358,9641,23.0,32.93,,5.016430533450583,0.6317236423492432,23,,,,,0.657049,,8.990010,-0.043077
359,9658,17.0,32.76,,5.016430533450583,0.6317236423492432,23,,,,,0.657049,,8.990010,-0.043077
360,9717,59.0,33.1,,5.016430533450583,0.6317236423492432,23,,,,,0.657049,,8.990010,-0.043077
361,9735,18.0,32.72,,5.016430533450583,0.6317236423492432,23,,,,,0.657049,,8.990010,-0.043077
362,9758,23.0,32.8,,5.016430533450583,0.6317236423492432,23,,,,,0.657049,,8.990010,-0.043077
363,9795,37.0,33.02,,5.016430533450583,0.6317236423492432,23,,,,,0.657049,,8.990010,-0.043077
364,9814,19.0,32.95,,5.016430533450583,0.6317236423492432,23,,,,,0.657049,,8.990010,-0.043077
365,9834,20.0,32.93,,5.016430533450583,0.6317236423492432,23,,,,,0.657049,,8.990010,-0.043077
366,9861,27.0,32.57,,5.016430533450583,0.6317236423492432,23,,,,,0.657049,,8.990010,-0.043077
367,9913,52.0,32.85,,5.016430533450583,0.6317236423492432,23,,,,,0.657049,,8.990010,-0.043077
368,9934,21.0,32.87,,4.991016318400701,0.6729357242584229,24,,,,,0.655448,,8.876943,0.046954
369,10022,88.0,33.52,,4.991016318400701,0.6729357242584229,24,,,,,0.655448,,8.876943,0.046954
370,10053,31.0,33.7,,4.991016318400701,0.6729357242584229,24,,,,,0.655448,,8.876943,0.046954
371,10110,57.0,34.03,,4.991016318400701,0.6729357242584229,24,,,,,0.655448,,8.876943,0.046954
372,10188,78.0,34.6,,4.991016318400701,0.6729357242584229,24,,,,,0.655448,,8.876943,0.046954
373,10237,49.0,34.62,,4.991016318400701,0.6729357242584229,24,,,,,0.655448,,8.876943,0.046954
374,10282,45.0,34.77,,4.991016318400701,0.6729357242584229,24,,,,,0.655448,,8.876943,0.046954
375,10304,22.0,34.67,,4.991016318400701,0.6729357242584229,24,,,,,0.655448,,8.876943,0.046954
376,10343,39.0,34.89,,4.991016318400701,0.6729357242584229,24,,,,,0.655448,,8.876943,0.046954
377,10374,31.0,35.05,,4.991016318400701,0.6729357242584229,24,,,,,0.655448,,8.876943,0.046954
378,10396,22.0,34.94,,4.991016318400701,0.6729357242584229,24,,,,,0.655448,,8.876943,0.046954
379,10474,78.0,35.43,,4.991016318400701,0.6729357242584229,24,,,,,0.655448,,8.876943,0.046954
380,10492,18.0,35.25,,4.991016318400701,0.6729357242584229,24,,,,,0.655448,,8.876943,0.046954
381,10512,20.0,34.99,,4.991016318400701,0.6729357242584229,24,,,,,0.655448,,8.876943,0.046954
382,10534,22.0,34.95,,4.991016318400701,0.6729357242584229,24,,,,,0.655448,,8.876943,0.046954
383,10613,79.0,35.38,,4.991016318400701,0.6729357242584229,24,,,,,0.655448,,8.876943,0.046954
384,10642,29.0,35.5,,4.9686306285858155,0.7129762172698975,25,,,,,0.659658,,8.904624,0.068409
385,10670,28.0,35.43,,4.9686306285858155,0.7129762172698975,25,,,,,0.659658,,8.904624,0.068409
386,10749,79.0,35.88,,4.9686306285858155,0.7129762172698975,25,,,,,0.659658,,8.904624,0.068409
387,10768,19.0,35.45,,4.9686306285858155,0.7129762172698975,25,,,,,0.659658,,8.904624,0.068409
388,10818,50.0,35.65,,4.9686306285858155,0.7129762172698975,25,,,,,0.659658,,8.904624,0.068409
389,10870,52.0,36.01,,4.9686306285858155,0.7129762172698975,25,,,,,0.659658,,8.904624,0.068409
390,10919,49.0,36.02,,4.9686306285858155,0.7129762172698975,25,,,,,0.659658,,8.904624,0.068409
391,10949,30.0,36.18,,4.9686306285858155,0.7129762172698975,25,,,,,0.659658,,8.904624,0.068409
392,10980,31.0,36.09,,4.9686306285858155,0.7129762172698975,25,,,,,0.659658,,8.904624,0.068409
393,11005,25.0,35.95,,4.9686306285858155,0.7129762172698975,25,,,,,0.659658,,8.904624,0.068409
394,11034,29.0,36.07,,4.9686306285858155,0.7129762172698975,25,,,,,0.659658,,8.904624,0.068409
395,11067,33.0,36.13,,4.9686306285858155,0.7129762172698975,25,,,,,0.659658,,8.904624,0.068409
396,11153,86.0,36.67,,4.9686306285858155,0.7129762172698975,25,,,,,0.659658,,8.904624,0.068409
397,11200,47.0,36.66,,4.9686306285858155,0.7129762172698975,25,,,,,0.659658,,8.904624,0.068409
398,11224,24.0,36.54,,4.9686306285858155,0.7129762172698975,25,,,,,0.659658,,8.904624,0.068409
399,11252,28.0,36.37,,4.9686306285858155,0.7129762172698975,25,,,91.2,78.42040550775035,0.659658,,8.904624,0.068409
400,11272,20.0,36.43,,4.951619212444012,0.7436215877532959,26,,,,,0.640534,,9.117367,0.080215
401,11310,38.0,36.62,,4.951619212444012,0.7436215877532959,26,,,,,0.640534,,9.117367,0.080215
402,11339,29.0,36.6,,4.951619212444012,0.7436215877532959,26,,,,,0.640534,,9.117367,0.080215
403,11369,30.0,36.71,,4.951619212444012,0.7436215877532959,26,,,,,0.640534,,9.117367,0.080215
404,11405,36.0,36.92,,4.951619212444012,0.7436215877532959,26,,,,,0.640534,,9.117367,0.080215
405,11426,21.0,36.95,,4.951619212444012,0.7436215877532959,26,,,,,0.640534,,9.117367,0.080215
406,11479,53.0,37.08,,4.951619212444012,0.7436215877532959,26,,,,,0.640534,,9.117367,0.080215
407,11521,42.0,37.21,,4.951619212444012,0.7436215877532959,26,,,,,0.640534,,9.117367,0.080215
408,11540,19.0,37.26,,4.951619212444012,0.7436215877532959,26,,,,,0.640534,,9.117367,0.080215
409,11578,38.0,37.01,,4.951619212444012,0.7436215877532959,26,,,,,0.640534,,9.117367,0.080215
410,11633,55.0,37.34,,4.951619212444012,0.7436215877532959,26,,,,,0.640534,,9.117367,0.080215
411,11675,42.0,37.44,,4.951619212444012,0.7436215877532959,26,,,,,0.640534,,9.117367,0.080215
412,11720,45.0,37.74,,4.951619212444012,0.7436215877532959,26,,,,,0.640534,,9.117367,0.080215
413,11785,65.0,38.23,,4.951619212444012,0.7436215877532959,26,,,,,0.640534,,9.117367,0.080215
414,11833,48.0,38.52,,4.951619212444012,0.7436215877532959,26,,,,,0.640534,,9.117367,0.080215
415,11855,22.0,38.58,,4.951619212444012,0.7436215877532959,26,,,,,0.640534,,9.117367,0.080215
416,11877,22.0,38.54,,4.93994113251015,0.7889049053192139,27,,,,,0.651471,,9.313527,0.126091
417,11942,65.0,38.74,,4.93994113251015,0.7889049053192139,27,,,,,0.651471,,9.313527,0.126091
418,11971,29.0,38.46,,4.93994113251015,0.7889049053192139,27,,,,,0.651471,,9.313527,0.126091
419,12002,31.0,38.13,,4.93994113251015,0.7889049053192139,27,,,,,0.651471,,9.313527,0.126091
420,12029,27.0,38.01,,4.93994113251015,0.7889049053192139,27,,,,,0.651471,,9.313527,0.126091
421,12046,17.0,37.69,,4.93994113251015,0.7889049053192139,27,,,,,0.651471,,9.313527,0.126091
422,12087,41.0,37.9,,4.93994113251015,0.7889049053192139,27,,,,,0.651471,,9.313527,0.126091
423,12106,19.0,37.89,,4.93994113251015,0.7889049053192139,27,,,,,0.651471,,9.313527,0.126091
424,12129,23.0,37.88,,4.93994113251015,0.7889049053192139,27,,,,,0.651471,,9.313527,0.126091
425,12208,79.0,38.31,,4.93994113251015,0.7889049053192139,27,,,,,0.651471,,9.313527,0.126091
426,12271,63.0,38.39,,4.93994113251015,0.7889049053192139,27,,,,,0.651471,,9.313527,0.126091
427,12295,24.0,38.0,,4.93994113251015,0.7889049053192139,27,,,,,0.651471,,9.313527,0.126091
428,12358,63.0,38.49,,4.93994113251015,0.7889049053192139,27,,,,,0.651471,,9.313527,0.126091
429,12412,54.0,38.13,,4.93994113251015,0.7889049053192139,27,,,,,0.651471,,9.313527,0.126091
430,12473,61.0,38.28,,4.93994113251015,0.7889049053192139,27,,,,,0.651471,,9.313527,0.126091
431,12590,117.0,39.21,,4.93994113251015,0.7889049053192139,27,,,,,0.651471,,9.313527,0.126091
432,12631,41.0,39.48,,4.920593236173902,0.822894811630249,28,,,,,0.650271,,8.848303,0.193934
433,12687,56.0,39.78,,4.920593236173902,0.822894811630249,28,,,,,0.650271,,8.848303,0.193934
434,12746,59.0,40.08,,4.920593236173902,0.822894811630249,28,,,,,0.650271,,8.848303,0.193934
435,12767,21.0,39.68,,4.920593236173902,0.822894811630249,28,,,,,0.650271,,8.848303,0.193934
436,12790,23.0,39.55,,4.920593236173902,0.822894811630249,28,,,,,0.650271,,8.848303,0.193934
437,12827,37.0,39.37,,4.920593236173902,0.822894811630249,28,,,,,0.650271,,8.848303,0.193934
438,12899,72.0,39.8,,4.920593236173902,0.822894811630249,28,,,,,0.650271,,8.848303,0.193934
439,12919,20.0,39.77,,4.920593236173902,0.822894811630249,28,,,,,0.650271,,8.848303,0.193934
440,12951,32.0,39.66,,4.920593236173902,0.822894811630249,28,,,,,0.650271,,8.848303,0.193934
441,12983,32.0,39.57,,4.920593236173902,0.822894811630249,28,,,,,0.650271,,8.848303,0.193934
442,13040,57.0,39.89,,4.920593236173902,0.822894811630249,28,,,,,0.650271,,8.848303,0.193934
443,13086,46.0,40.02,,4.920593236173902,0.822894811630249,28,,,,,0.650271,,8.848303,0.193934
444,13112,26.0,39.93,,4.920593236173902,0.822894811630249,28,,,,,0.650271,,8.848303,0.193934
445,13148,36.0,40.1,,4.920593236173902,0.822894811630249,28,,,,,0.650271,,8.848303,0.193934
446,13169,21.0,40.13,,4.920593236173902,0.822894811630249,28,,,,,0.650271,,8.848303,0.193934
447,13200,31.0,39.97,,4.920593236173902,0.822894811630249,28,,,,,0.650271,,8.848303,0.193934
448,13265,65.0,39.76,,4.9097706613869505,0.8648087978363037,29,,,,,0.645257,,9.236461,0.061039
449,13323,58.0,39.78,,4.9097706613869505,0.8648087978363037,29,,,84.2,16.98705389406886,0.645257,,9.236461,0.061039
450,13366,43.0,39.82,,4.9097706613869505,0.8648087978363037,29,,,,,0.645257,,9.236461,0.061039
451,13433,67.0,40.0,,4.9097706613869505,0.8648087978363037,29,,,,,0.645257,,9.236461,0.061039
452,13481,48.0,40.27,,4.9097706613869505,0.8648087978363037,29,,,,,0.645257,,9.236461,0.061039
453,13533,52.0,40.24,,4.9097706613869505,0.8648087978363037,29,,,,,0.645257,,9.236461,0.061039
454,13548,15.0,40.15,,4.9097706613869505,0.8648087978363037,29,,,,,0.645257,,9.236461,0.061039
455,13563,15.0,40.09,,4.9097706613869505,0.8648087978363037,29,,,,,0.645257,,9.236461,0.061039
456,13618,55.0,40.29,,4.9097706613869505,0.8648087978363037,29,,,,,0.645257,,9.236461,0.061039
457,13675,57.0,40.57,,4.9097706613869505,0.8648087978363037,29,,,,,0.645257,,9.236461,0.061039
458,13730,55.0,40.89,,4.9097706613869505,0.8648087978363037,29,,,,,0.645257,,9.236461,0.061039
459,13768,38.0,41.1,,4.9097706613869505,0.8648087978363037,29,,,,,0.645257,,9.236461,0.061039
460,13826,58.0,41.09,,4.9097706613869505,0.8648087978363037,29,,,,,0.645257,,9.236461,0.061039
461,13852,26.0,41.17,,4.9097706613869505,0.8648087978363037,29,,,,,0.645257,,9.236461,0.061039
462,13928,76.0,41.7,,4.9097706613869505,0.8648087978363037,29,,,,,0.645257,,9.236461,0.061039
463,14035,107.0,42.4,,4.9097706613869505,0.8648087978363037,29,,,,,0.645257,,9.236461,0.061039
464,14143,108.0,43.29,,4.902965760231018,0.9305346012115479,30,,,,,0.639731,,9.443643,0.108702
465,14219,76.0,43.85,,4.902965760231018,0.9305346012115479,30,,,,,0.639731,,9.443643,0.108702
466,14238,19.0,43.77,,4.902965760231018,0.9305346012115479,30,,,,,0.639731,,9.443643,0.108702
467,14319,81.0,44.06,,4.902965760231018,0.9316391944885254,30,,,,,0.639731,,9.443643,0.108702
468,14403,84.0,44.69,,4.902965760231018,0.9316391944885254,30,,,,,0.639731,,9.443643,0.108702
469,14572,169.0,45.5,,4.902965760231018,0.9316391944885254,30,,,,,0.639731,,9.443643,0.108702
470,14650,78.0,45.97,,4.902965760231018,0.9316391944885254,30,,,,,0.639731,,9.443643,0.108702
471,14715,65.0,46.05,,4.902965760231018,0.9316391944885254,30,,,,,0.639731,,9.443643,0.108702
472,14820,105.0,46.32,,4.902965760231018,0.9316391944885254,30,,,,,0.639731,,9.443643,0.108702
473,14859,39.0,46.22,,4.902965760231018,0.9316391944885254,30,,,,,0.639731,,9.443643,0.108702
474,14883,24.0,46.01,,4.902965760231018,0.9316391944885254,30,,,,,0.639731,,9.443643,0.108702
475,14936,53.0,46.32,,4.902965760231018,0.9316391944885254,30,,,,,0.639731,,9.443643,0.108702
476,14973,37.0,46.3,,4.902965760231018,0.9316391944885254,30,,,,,0.639731,,9.443643,0.108702
477,14995,22.0,46.21,,4.902965760231018,0.9316391944885254,30,,,,,0.639731,,9.443643,0.108702
478,15039,44.0,46.43,,4.902965760231018,0.9316391944885254,30,,,,,0.639731,,9.443643,0.108702
479,15098,59.0,46.24,,4.902965760231018,0.9316391944885254,30,,,,,0.639731,,9.443643,0.108702
480,15134,36.0,46.42,,4.91252233905177,0.996185302734375,31,,,,,0.633892,,10.417760,-0.027309
481,15156,22.0,46.44,,4.91252233905177,0.996185302734375,31,,,,,0.633892,,10.417760,-0.027309
482,15246,90.0,47.12,,4.91252233905177,0.996185302734375,31,,,,,0.633892,,10.417760,-0.027309
483,15276,30.0,46.63,,4.91252233905177,0.996185302734375,31,,,,,0.633892,,10.417760,-0.027309
484,15430,154.0,47.88,,4.91252233905177,0.996185302734375,31,,,,,0.633892,,10.417760,-0.027309
485,15473,43.0,48.03,,4.91252233905177,0.996185302734375,31,,,,,0.633892,,10.417760,-0.027309
486,15559,86.0,48.1,,4.91252233905177,0.996185302734375,31,,,,,0.633892,,10.417760,-0.027309
487,15580,21.0,48.12,,4.91252233905177,0.996185302734375,31,,,,,0.633892,,10.417760,-0.027309
488,15608,28.0,47.9,,4.91252233905177,0.996185302734375,31,,,,,0.633892,,10.417760,-0.027309
489,15672,64.0,48.02,,4.91252233905177,0.996185302734375,31,,,,,0.633892,,10.417760,-0.027309
490,15755,83.0,48.36,,4.91252233905177,0.996185302734375,31,,,,,0.633892,,10.417760,-0.027309
491,15815,60.0,48.66,,4.91252233905177,0.996185302734375,31,,,,,0.633892,,10.417760,-0.027309
492,15855,40.0,48.75,,4.91252233905177,0.996185302734375,31,,,,,0.633892,,10.417760,-0.027309
493,15892,37.0,48.87,,4.91252233905177,0.996185302734375,31,,,,,0.633892,,10.417760,-0.027309
494,16014,122.0,49.8,,4.91252233905177,0.996185302734375,31,,,,,0.633892,,10.417760,-0.027309
495,16035,21.0,49.68,,4.91252233905177,0.996185302734375,31,,,,,0.633892,,10.417760,-0.027309
496,16067,32.0,49.14,,4.888263858854771,1.0446720123291016,32,,,,,0.635064,,8.323654,0.348187
497,16123,56.0,49.23,,4.888263858854771,1.0446720123291016,32,,,,,0.635064,,8.323654,0.348187
498,16226,103.0,50.02,,4.888263858854771,1.0446720123291016,32,,,,,0.635064,,8.323654,0.348187
499,16282,56.0,50.3,,4.888263858854771,1.0446720123291016,32,,,397.4,161.1404356454332,0.635064,,8.323654,0.348187
500,16342,60.0,50.7,,4.888263858854771,1.0446720123291016,32,,,,,0.635064,,8.323654,0.348187
501,16390,48.0,50.8,,4.888263858854771,1.0446720123291016,32,,,,,0.635064,,8.323654,0.348187
502,16460,70.0,51.21,,4.888263858854771,1.0457799434661865,32,,,,,0.635064,,8.323654,0.348187
503,16521,61.0,51.52,,4.888263858854771,1.0457799434661865,32,,,,,0.635064,,8.323654,0.348187
504,16621,100.0,52.16,,4.888263858854771,1.0457799434661865,32,,,,,0.635064,,8.323654,0.348187
505,16653,32.0,52.27,,4.888263858854771,1.0457799434661865,32,,,,,0.635064,,8.323654,0.348187
506,16682,29.0,52.03,,4.888263858854771,1.0457799434661865,32,,,,,0.635064,,8.323654,0.348187
507,16703,21.0,51.82,,4.888263858854771,1.0457799434661865,32,,,,,0.635064,,8.323654,0.348187
508,16714,11.0,51.74,,4.888263858854771,1.0457799434661865,32,,,,,0.635064,,8.323654,0.348187
509,16782,68.0,52.04,,4.888263858854771,1.0457799434661865,32,,,,,0.635064,,8.323654,0.348187
510,16811,29.0,51.78,,4.888263858854771,1.0457799434661865,32,,,,,0.635064,,8.323654,0.348187
511,16877,66.0,52.02,,4.888263858854771,1.0457799434661865,32,,,,,0.635064,,8.323654,0.348187
512,16932,55.0,52.12,,4.8787055665796455,1.0978708267211914,33,,,,,0.633644,,9.204176,0.281258
513,16985,53.0,52.0,,4.8787055665796455,1.0978708267211914,33,,,,,0.633644,,9.204176,0.281258
514,17002,17.0,51.69,,4.8787055665796455,1.0978708267211914,33,,,,,0.633644,,9.204176,0.281258
515,17033,31.0,51.78,,4.8787055665796455,1.0978708267211914,33,,,,,0.633644,,9.204176,0.281258
516,17072,39.0,51.95,,4.8787055665796455,1.0978708267211914,33,,,,,0.633644,,9.204176,0.281258
517,17178,106.0,52.36,,4.8787055665796455,1.0978708267211914,33,,,,,0.633644,,9.204176,0.281258
518,17220,42.0,52.49,,4.8787055665796455,1.0978708267211914,33,,,,,0.633644,,9.204176,0.281258
519,17362,142.0,53.6,,4.8787055665796455,1.0978708267211914,33,,,,,0.633644,,9.204176,0.281258
520,17431,69.0,54.02,,4.8787055665796455,1.0978708267211914,33,,,,,0.633644,,9.204176,0.281258
521,17458,27.0,54.12,,4.8787055665796455,1.0978708267211914,33,,,,,0.633644,,9.204176,0.281258
522,17526,68.0,54.39,,4.8787055665796455,1.0978708267211914,33,,,,,0.633644,,9.204176,0.281258
523,17601,75.0,54.95,,4.8787055665796455,1.0978708267211914,33,,,,,0.633644,,9.204176,0.281258
524,17651,50.0,55.22,,4.8787055665796455,1.0978708267211914,33,,,,,0.633644,,9.204176,0.281258
525,17709,58.0,55.01,,4.8787055665796455,1.0978708267211914,33,,,,,0.633644,,9.204176,0.281258
526,17756,47.0,54.85,,4.8787055665796455,1.0978708267211914,33,,,,,0.633644,,9.204176,0.281258
527,17783,27.0,54.88,,4.8787055665796455,1.0978708267211914,33,,,,,0.633644,,9.204176,0.281258
528,17863,80.0,55.05,,4.889564002261443,1.1573984622955322,34,,,,,0.629820,,10.545620,-0.016344
529,17963,100.0,55.51,,4.889564002261443,1.1573984622955322,34,,,,,0.629820,,10.545620,-0.016344
530,18049,86.0,55.76,,4.889564002261443,1.1573984622955322,34,,,,,0.629820,,10.545620,-0.016344
531,18212,163.0,56.22,,4.889564002261443,1.1573984622955322,34,,,,,0.629820,,10.545620,-0.016344
532,18245,33.0,56.14,,4.889564002261443,1.1573984622955322,34,,,,,0.629820,,10.545620,-0.016344
533,18384,139.0,56.97,,4.889564002261443,1.1573984622955322,34,,,,,0.629820,,10.545620,-0.016344
534,18428,44.0,56.82,,4.889564002261443,1.1573984622955322,34,,,,,0.629820,,10.545620,-0.016344
535,18475,47.0,57.08,,4.889564002261443,1.1573984622955322,34,,,,,0.629820,,10.545620,-0.016344
536,18504,29.0,57.14,,4.889564002261443,1.1573984622955322,34,,,,,0.629820,,10.545620,-0.016344
537,18593,89.0,57.66,,4.889564002261443,1.1573984622955322,34,,,,,0.629820,,10.545620,-0.016344
538,18627,34.0,57.28,,4.889564002261443,1.1573984622955322,34,,,,,0.629820,,10.545620,-0.016344
539,18688,61.0,57.69,,4.889564002261443,1.1573984622955322,34,,,,,0.629820,,10.545620,-0.016344
540,18770,82.0,58.19,,4.889564002261443,1.1573984622955322,34,,,,,0.629820,,10.545620,-0.016344
541,18800,30.0,58.17,,4.889564002261443,1.1573984622955322,34,,,,,0.629820,,10.545620,-0.016344
542,18855,55.0,58.15,,4.889564002261443,1.1573984622955322,34,,,,,0.629820,,10.545620,-0.016344
543,18901,46.0,58.15,,4.889564002261443,1.1573984622955322,34,,,,,0.629820,,10.545620,-0.016344
544,18921,20.0,58.09,,4.908993577957153,1.2179670333862305,35,,,,,0.622585,,11.174221,-0.074127
545,18964,43.0,58.16,,4.908993577957153,1.2179670333862305,35,,,,,0.622585,,11.174221,-0.074127
546,18999,35.0,58.3,,4.908993577957153,1.2179670333862305,35,,,,,0.622585,,11.174221,-0.074127
547,19077,78.0,58.77,,4.908993577957153,1.2179670333862305,35,,,,,0.622585,,11.174221,-0.074127
548,19129,52.0,58.64,,4.908993577957153,1.2179670333862305,35,,,,,0.622585,,11.174221,-0.074127
549,19235,106.0,59.12,,4.908993577957153,1.2179670333862305,35,,,223.0,122.67355053148172,0.622585,,11.174221,-0.074127
550,19331,96.0,59.65,,4.908993577957153,1.2179670333862305,35,,,,,0.622585,,11.174221,-0.074127
551,19392,61.0,59.59,,4.908993577957153,1.2179670333862305,35,,,,,0.622585,,11.174221,-0.074127
552,19422,30.0,59.41,,4.908993577957153,1.2179670333862305,35,,,,,0.622585,,11.174221,-0.074127
553,19562,140.0,60.29,,4.908993577957153,1.2179670333862305,35,,,,,0.622585,,11.174221,-0.074127
554,19615,53.0,60.67,,4.908993577957153,1.2179670333862305,35,,,,,0.622585,,11.174221,-0.074127
555,19655,40.0,60.92,,4.908993577957153,1.2179670333862305,35,,,,,0.622585,,11.174221,-0.074127
556,19751,96.0,61.33,,4.908993577957153,1.2179670333862305,35,,,,,0.622585,,11.174221,-0.074127
557,19840,89.0,61.65,,4.908993577957153,1.2179670333862305,35,,,,,0.622585,,11.174221,-0.074127
558,19899,59.0,61.69,,4.908993577957153,1.2179670333862305,35,,,,,0.622585,,11.174221,-0.074127
559,19935,36.0,61.67,,4.908993577957153,1.2179670333862305,35,,,,,0.622585,,11.174221,-0.074127
560,19993,58.0,61.67,,4.940294126669566,1.271317958831787,36,,,,,0.618410,,12.102788,-0.001279
561,20071,78.0,62.19,,4.940294126669566,1.271317958831787,36,,,,,0.618410,,12.102788,-0.001279
562,20173,102.0,62.45,,4.940294126669566,1.271317958831787,36,,,,,0.618410,,12.102788,-0.001279
563,20264,91.0,62.29,,4.940294126669566,1.272310733795166,36,,,,,0.618410,,12.102788,-0.001279
564,20309,45.0,61.66,,4.940294126669566,1.272310733795166,36,,,,,0.618410,,12.102788,-0.001279
565,20358,49.0,61.39,,4.940294126669566,1.272310733795166,36,,,,,0.618410,,12.102788,-0.001279
566,20431,73.0,61.93,,4.940294126669566,1.272310733795166,36,,,,,0.618410,,12.102788,-0.001279
567,20479,48.0,61.6,,4.940294126669566,1.272310733795166,36,,,,,0.618410,,12.102788,-0.001279
568,20524,45.0,61.21,,4.940294126669566,1.272310733795166,36,,,,,0.618410,,12.102788,-0.001279
569,20597,73.0,60.25,,4.940294126669566,1.272310733795166,36,,,,,0.618410,,12.102788,-0.001279
570,20644,47.0,59.94,,4.940294126669566,1.272310733795166,36,,,,,0.618410,,12.102788,-0.001279
571,20744,100.0,60.29,,4.940294126669566,1.272310733795166,36,,,,,0.618410,,12.102788,-0.001279
572,20767,23.0,59.47,,4.940294126669566,1.272310733795166,36,,,,,0.618410,,12.102788,-0.001279
573,20828,61.0,59.69,,4.940294126669566,1.272310733795166,36,,,,,0.618410,,12.102788,-0.001279
574,20874,46.0,59.91,,4.940294126669566,1.272310733795166,36,,,,,0.618410,,12.102788,-0.001279
575,20929,55.0,59.93,,4.940294126669566,1.272310733795166,36,,,,,0.618410,,12.102788,-0.001279
576,20984,55.0,60.11,,4.955233812332153,1.3314406871795654,37,,,,,0.632387,,11.016447,-0.030518
577,21033,49.0,60.38,,4.955233812332153,1.3314406871795654,37,,,,,0.632387,,11.016447,-0.030518
578,21168,135.0,61.29,,4.955233812332153,1.3314406871795654,37,,,,,0.632387,,11.016447,-0.030518
579,21213,45.0,61.15,,4.955233812332153,1.3314406871795654,37,,,,,0.632387,,11.016447,-0.030518
580,21305,92.0,61.71,,4.955233812332153,1.3314406871795654,37,,,,,0.632387,,11.016447,-0.030518
581,21371,66.0,62.15,,4.955233812332153,1.3314406871795654,37,,,,,0.632387,,11.016447,-0.030518
582,21413,42.0,61.67,,4.955233812332153,1.3314406871795654,37,,,,,0.632387,,11.016447,-0.030518
583,21503,90.0,62.27,,4.955233812332153,1.3314406871795654,37,,,,,0.632387,,11.016447,-0.030518
584,21537,34.0,61.07,,4.955233812332153,1.3314406871795654,37,,,,,0.632387,,11.016447,-0.030518
585,21587,50.0,61.14,,4.955233812332153,1.3314406871795654,37,,,,,0.632387,,11.016447,-0.030518
586,21643,56.0,60.84,,4.955233812332153,1.3314406871795654,37,,,,,0.632387,,11.016447,-0.030518
587,21723,80.0,61.43,,4.955233812332153,1.3314406871795654,37,,,,,0.632387,,11.016447,-0.030518
588,21793,70.0,61.85,,4.955233812332153,1.3314406871795654,37,,,,,0.632387,,11.016447,-0.030518
589,21908,115.0,62.36,,4.955233812332153,1.3314406871795654,37,,,,,0.632387,,11.016447,-0.030518
590,21977,69.0,62.22,,4.955233812332153,1.3314406871795654,37,,,,,0.632387,,11.016447,-0.030518
591,22069,92.0,62.54,,4.955233812332153,1.3314406871795654,37,,,,,0.632387,,11.016447,-0.030518
592,22122,53.0,62.67,,5.029995184195669,1.3765764236450195,38,,,,,0.616349,,15.650449,-0.368790
593,22153,31.0,62.61,,5.029995184195669,1.3765764236450195,38,,,,,0.616349,,15.650449,-0.368790
594,22227,74.0,62.13,,5.029995184195669,1.3765764236450195,38,,,,,0.616349,,15.650449,-0.368790
595,22264,37.0,62.29,,5.029995184195669,1.3765764236450195,38,,,,,0.616349,,15.650449,-0.368790
596,22327,63.0,62.6,,5.029995184195669,1.3765764236450195,38,,,,,0.616349,,15.650449,-0.368790
597,22403,76.0,62.8,,5.029995184195669,1.3765764236450195,38,,,,,0.616349,,15.650449,-0.368790
598,22455,52.0,62.29,,5.029995184195669,1.3765764236450195,38,,,,,0.616349,,15.650449,-0.368790
599,22535,80.0,62.53,,5.029995184195669,1.3765764236450195,38,,,84.4,9.243376006633074,0.616349,,15.650449,-0.368790
600,22575,40.0,62.33,,5.029995184195669,1.3765764236450195,38,,,,,0.616349,,15.650449,-0.368790
601,22623,48.0,62.33,,5.029995184195669,1.3765764236450195,38,,,,,0.616349,,15.650449,-0.368790
602,22700,77.0,62.4,,5.029995184195669,1.3765764236450195,38,,,,,0.616349,,15.650449,-0.368790
603,22770,70.0,62.49,,5.029995184195669,1.3765764236450195,38,,,,,0.616349,,15.650449,-0.368790
604,22815,45.0,61.94,,5.029995184195669,1.3765764236450195,38,,,,,0.616349,,15.650449,-0.368790
605,22838,23.0,61.85,,5.029995184195669,1.3765764236450195,38,,,,,0.616349,,15.650449,-0.368790
606,22875,37.0,61.93,,5.029995184195669,1.3765764236450195,38,,,,,0.616349,,15.650449,-0.368790
607,22977,102.0,62.74,,5.029995184195669,1.3765764236450195,38,,,,,0.616349,,15.650449,-0.368790
608,23005,28.0,62.91,,5.061718372198252,1.434250831604004,39,,,,,0.620692,,12.586257,-0.104031
609,23028,23.0,62.46,,5.061718372198252,1.434250831604004,39,,,,,0.620692,,12.586257,-0.104031
610,23125,97.0,63.14,,5.061718372198252,1.434250831604004,39,,,,,0.620692,,12.586257,-0.104031
611,23217,92.0,63.4,,5.061718372198252,1.434250831604004,39,,,,,0.620692,,12.586257,-0.104031
612,23251,34.0,63.19,,5.061718372198252,1.434250831604004,39,,,,,0.620692,,12.586257,-0.104031
613,23360,109.0,63.75,,5.061718372198252,1.434250831604004,39,,,,,0.620692,,12.586257,-0.104031
614,23407,47.0,64.05,,5.061718372198252,1.434250831604004,39,,,,,0.620692,,12.586257,-0.104031
615,23506,99.0,64.73,,5.061718372198252,1.434250831604004,39,,,,,0.620692,,12.586257,-0.104031
616,23555,49.0,64.83,,5.061718372198252,1.434250831604004,39,,,,,0.620692,,12.586257,-0.104031
617,23668,113.0,64.9,,5.061718372198252,1.434250831604004,39,,,,,0.620692,,12.586257,-0.104031
618,23713,45.0,64.93,,5.061718372198252,1.434250831604004,39,,,,,0.620692,,12.586257,-0.104031
619,23844,131.0,64.82,,5.061718372198252,1.434250831604004,39,,,,,0.620692,,12.586257,-0.104031
620,23881,37.0,64.5,,5.061718372198252,1.434250831604004,39,,,,,0.620692,,12.586257,-0.104031
621,23971,90.0,65.13,,5.061718372198252,1.434250831604004,39,,,,,0.620692,,12.586257,-0.104031
622,24029,58.0,65.03,,5.061718372198252,1.434250831604004,39,,,,,0.620692,,12.586257,-0.104031
623,24082,53.0,64.81,,5.061718372198252,1.435317039489746,39,,,,,0.620692,,12.586257,-0.104031
624,24139,57.0,64.88,,5.116186338663101,1.509995698928833,40,,,,,0.609954,,14.527884,-0.309032
625,24177,38.0,64.68,,5.116186338663101,1.509995698928833,40,,,,,0.609954,,14.527884,-0.309032
626,24232,55.0,64.76,,5.116186338663101,1.509995698928833,40,,,,,0.609954,,14.527884,-0.309032
627,24292,60.0,65.09,,5.116186338663101,1.509995698928833,40,,,,,0.609954,,14.527884,-0.309032
628,24310,18.0,64.47,,5.116186338663101,1.509995698928833,40,,,,,0.609954,,14.527884,-0.309032
629,24322,12.0,63.59,,5.116186338663101,1.509995698928833,40,,,,,0.609954,,14.527884,-0.309032
630,24426,104.0,63.77,,5.116186338663101,1.509995698928833,40,,,,,0.609954,,14.527884,-0.309032
631,24474,48.0,62.62,,5.116186338663101,1.509995698928833,40,,,,,0.609954,,14.527884,-0.309032
632,24515,41.0,62.7,,5.116186338663101,1.509995698928833,40,,,,,0.609954,,14.527884,-0.309032
633,24545,30.0,61.61,,5.116186338663101,1.509995698928833,40,,,,,0.609954,,14.527884,-0.309032
634,24621,76.0,61.93,,5.116186338663101,1.509995698928833,40,,,,,0.609954,,14.527884,-0.309032
635,24670,49.0,61.95,,5.116186338663101,1.509995698928833,40,,,,,0.609954,,14.527884,-0.309032
636,24692,22.0,61.88,,5.116186338663101,1.509995698928833,40,,,,,0.609954,,14.527884,-0.309032
637,24902,210.0,63.09,,5.116186338663101,1.509995698928833,40,,,,,0.609954,,14.527884,-0.309032
638,24999,97.0,63.72,,5.116186338663101,1.509995698928833,40,,,,,0.609954,,14.527884,-0.309032
639,25060,61.0,63.72,,5.116186338663101,1.509995698928833,40,,,,,0.609954,,14.527884,-0.309032
640,25092,32.0,63.22,,5.14101754746786,1.5650849342346191,41,,,,,0.613728,,12.339272,0.019018
641,25157,65.0,63.57,,5.14101754746786,1.5650849342346191,41,,,,,0.613728,,12.339272,0.019018
642,25196,39.0,63.41,,5.14101754746786,1.5650849342346191,41,,,,,0.613728,,12.339272,0.019018
643,25301,105.0,64.0,,5.14101754746786,1.5650849342346191,41,,,,,0.613728,,12.339272,0.019018
644,25358,57.0,64.37,,5.14101754746786,1.5650849342346191,41,,,,,0.613728,,12.339272,0.019018
645,25423,65.0,64.59,,5.14101754746786,1.5650849342346191,41,,,,,0.613728,,12.339272,0.019018
646,25544,121.0,65.45,,5.14101754746786,1.5650849342346191,41,,,,,0.613728,,12.339272,0.019018
647,25595,51.0,65.18,,5.14101754746786,1.5650849342346191,41,,,,,0.613728,,12.339272,0.019018
648,25683,88.0,65.54,,5.14101754746786,1.5650849342346191,41,,,,,0.613728,,12.339272,0.019018
649,25760,77.0,65.25,,5.14101754746786,1.5650849342346191,41,,,87.2,8.182909018191515,0.613728,,12.339272,0.019018
650,25843,83.0,65.12,,5.14101754746786,1.5650849342346191,41,,,,,0.613728,,12.339272,0.019018
651,25868,25.0,64.76,,5.14101754746786,1.5650849342346191,41,,,,,0.613728,,12.339272,0.019018
652,25968,100.0,65.46,,5.14101754746786,1.5650849342346191,41,,,,,0.613728,,12.339272,0.019018
653,26001,33.0,64.39,,5.14101754746786,1.5650849342346191,41,,,,,0.613728,,12.339272,0.019018
654,26096,95.0,64.81,,5.14101754746786,1.5650849342346191,41,,,,,0.613728,,12.339272,0.019018
655,26122,26.0,64.67,,5.14101754746786,1.5650849342346191,41,,,,,0.613728,,12.339272,0.019018
656,26177,55.0,64.26,,5.153246521949768,1.650721549987793,42,,,,,0.614000,,11.335372,-0.091046
657,26235,58.0,63.95,,5.153246521949768,1.650721549987793,42,,,,,0.614000,,11.335372,-0.091046
658,26447,212.0,65.48,,5.153246521949768,1.650721549987793,42,,,,,0.614000,,11.335372,-0.091046
659,26522,75.0,65.87,,5.153246521949768,1.650721549987793,42,,,,,0.614000,,11.335372,-0.091046
660,26615,93.0,66.22,,5.153246521949768,1.650721549987793,42,,,,,0.614000,,11.335372,-0.091046
661,26653,38.0,65.82,,5.153246521949768,1.650721549987793,42,,,,,0.614000,,11.335372,-0.091046
662,26785,132.0,66.12,,5.153246521949768,1.650721549987793,42,,,,,0.614000,,11.335372,-0.091046
663,26846,61.0,65.82,,5.153246521949768,1.650721549987793,42,,,,,0.614000,,11.335372,-0.091046
664,26910,64.0,66.01,,5.153246521949768,1.650721549987793,42,,,,,0.614000,,11.335372,-0.091046
665,27057,147.0,66.99,,5.153246521949768,1.650721549987793,42,,,,,0.614000,,11.335372,-0.091046
666,27122,65.0,66.91,,5.153246521949768,1.650721549987793,42,,,,,0.614000,,11.335372,-0.091046
667,27231,109.0,67.52,,5.153246521949768,1.650721549987793,42,,,,,0.614000,,11.335372,-0.091046
668,27324,93.0,68.0,,5.153246521949768,1.650721549987793,42,,,,,0.614000,,11.335372,-0.091046
669,27401,77.0,68.04,,5.153246521949768,1.650721549987793,42,,,,,0.614000,,11.335372,-0.091046
670,27419,18.0,67.75,,5.153246521949768,1.650721549987793,42,,,,,0.614000,,11.335372,-0.091046
671,27491,72.0,67.47,,5.153246521949768,1.650721549987793,42,,,,,0.614000,,11.335372,-0.091046
672,27716,225.0,69.49,,5.167300773221393,1.737030029296875,43,,,,,0.609848,,11.538408,-0.088660
673,27790,74.0,69.62,,5.167300773221393,1.737030029296875,43,,,,,0.609848,,11.538408,-0.088660
674,27832,42.0,69.58,,5.167300773221393,1.737030029296875,43,,,,,0.609848,,11.538408,-0.088660
675,27891,59.0,69.62,,5.167300773221393,1.737030029296875,43,,,,,0.609848,,11.538408,-0.088660
676,27929,38.0,69.45,,5.167300773221393,1.737030029296875,43,,,,,0.609848,,11.538408,-0.088660
677,28065,136.0,70.32,,5.167300773221393,1.737030029296875,43,,,,,0.609848,,11.538408,-0.088660
678,28259,194.0,70.91,,5.167300773221393,1.737030029296875,43,,,,,0.609848,,11.538408,-0.088660
679,28336,77.0,71.23,,5.167300773221393,1.737030029296875,43,,,,,0.609848,,11.538408,-0.088660
680,28393,57.0,70.88,,5.167300773221393,1.737030029296875,43,,,,,0.609848,,11.538408,-0.088660
681,28436,43.0,70.65,,5.167300773221393,1.737030029296875,43,,,,,0.609848,,11.538408,-0.088660
682,28495,59.0,70.82,,5.167300773221393,1.737030029296875,43,,,,,0.609848,,11.538408,-0.088660
683,28517,22.0,70.14,,5.167300773221393,1.737030029296875,43,,,,,0.609848,,11.538408,-0.088660
684,28569,52.0,70.32,,5.167300773221393,1.737030029296875,43,,,,,0.609848,,11.538408,-0.088660
685,28707,138.0,71.2,,5.167300773221393,1.737030029296875,43,,,,,0.609848,,11.538408,-0.088660
686,28785,78.0,71.42,,5.167300773221393,1.737030029296875,43,,,,,0.609848,,11.538408,-0.088660
687,28841,56.0,71.18,,5.167300773221393,1.737030029296875,43,,,,,0.609848,,11.538408,-0.088660
688,28912,71.0,71.19,,5.198245910080996,1.8032541275024414,44,,,,,0.608856,,13.108356,-0.125764
689,28997,85.0,70.89,,5.198245910080996,1.8032541275024414,44,,,,,0.608856,,13.108356,-0.125764
690,29081,84.0,71.04,,5.198245910080996,1.8032541275024414,44,,,,,0.608856,,13.108356,-0.125764
691,29216,135.0,71.47,,5.198245910080996,1.8032541275024414,44,,,,,0.608856,,13.108356,-0.125764
692,29274,58.0,71.52,,5.198245910080996,1.8032541275024414,44,,,,,0.608856,,13.108356,-0.125764
693,29336,62.0,71.83,,5.198245910080996,1.8032541275024414,44,,,,,0.608856,,13.108356,-0.125764
694,29387,51.0,71.6,,5.198245910080996,1.8032541275024414,44,,,,,0.608856,,13.108356,-0.125764
695,29434,47.0,71.7,,5.198245910080996,1.8032541275024414,44,,,,,0.608856,,13.108356,-0.125764
696,29477,43.0,71.5,,5.198245910080996,1.8032541275024414,44,,,,,0.608856,,13.108356,-0.125764
697,29563,86.0,71.6,,5.198245910080996,1.8032541275024414,44,,,,,0.608856,,13.108356,-0.125764
698,29640,77.0,71.85,,5.198245910080996,1.8032541275024414,44,,,,,0.608856,,13.108356,-0.125764
699,29672,32.0,71.37,,5.198245910080996,1.8032541275024414,44,,,109.2,8.109253973085316,0.608856,,13.108356,-0.125764
700,29756,84.0,71.81,,5.198245910080996,1.8032541275024414,44,,,,,0.608856,,13.108356,-0.125764
701,29809,53.0,71.86,,5.198245910080996,1.8032541275024414,44,,,,,0.608856,,13.108356,-0.125764
702,29882,73.0,71.82,,5.198245910080996,1.8032541275024414,44,,,,,0.608856,,13.108356,-0.125764
703,30020,138.0,72.5,,5.198245910080996,1.8032541275024414,44,,,,,0.608856,,13.108356,-0.125764
704,30066,46.0,72.51,,5.234506771299574,1.8570799827575684,45,,,,,0.606989,,13.709806,-0.107227
705,30099,33.0,72.61,,5.234506771299574,1.8570799827575684,45,,,,,0.606989,,13.709806,-0.107227
706,30146,47.0,72.71,,5.234506771299574,1.8570799827575684,45,,,,,0.606989,,13.709806,-0.107227
707,30215,69.0,72.38,,5.234506771299574,1.8570799827575684,45,,,,,0.606989,,13.709806,-0.107227
708,30257,42.0,72.52,,5.234506771299574,1.8570799827575684,45,,,,,0.606989,,13.709806,-0.107227
709,30383,126.0,73.55,,5.234506771299574,1.8570799827575684,45,,,,,0.606989,,13.709806,-0.107227
710,30484,101.0,73.59,,5.234506771299574,1.8570799827575684,45,,,,,0.606989,,13.709806,-0.107227
711,30556,72.0,73.39,,5.234506771299574,1.8570799827575684,45,,,,,0.606989,,13.709806,-0.107227
712,30629,73.0,73.78,,5.234506771299574,1.8570799827575684,45,,,,,0.606989,,13.709806,-0.107227
713,30690,61.0,73.3,,5.234506771299574,1.8570799827575684,45,,,,,0.606989,,13.709806,-0.107227
714,30781,91.0,73.74,,5.234506771299574,1.8570799827575684,45,,,,,0.606989,,13.709806,-0.107227
715,30877,96.0,73.71,,5.234506771299574,1.8570799827575684,45,,,,,0.606989,,13.709806,-0.107227
716,30949,72.0,73.94,,5.234506771299574,1.8570799827575684,45,,,,,0.606989,,13.709806,-0.107227
717,31012,63.0,73.44,,5.234506771299574,1.8570799827575684,45,,,,,0.606989,,13.709806,-0.107227
718,31036,24.0,73.23,,5.234506771299574,1.8570799827575684,45,,,,,0.606989,,13.709806,-0.107227
719,31138,102.0,72.94,,5.234506771299574,1.8570799827575684,45,,,,,0.606989,,13.709806,-0.107227
720,31253,115.0,73.72,,5.246864282566568,1.9230480194091797,46,,,,,0.598488,,11.659009,-0.037961
721,31308,55.0,73.37,,5.246864282566568,1.9230480194091797,46,,,,,0.598488,,11.659009,-0.037961
722,31354,46.0,73.25,,5.246864282566568,1.9230480194091797,46,,,,,0.598488,,11.659009,-0.037961
723,31478,124.0,73.96,,5.246864282566568,1.9230480194091797,46,,,,,0.598488,,11.659009,-0.037961
724,31564,86.0,74.25,,5.246864282566568,1.9230480194091797,46,,,,,0.598488,,11.659009,-0.037961
725,31616,52.0,74.39,,5.246864282566568,1.9230480194091797,46,,,,,0.598488,,11.659009,-0.037961
726,31689,73.0,74.57,,5.246864282566568,1.9230480194091797,46,,,,,0.598488,,11.659009,-0.037961
727,31777,88.0,74.85,,5.246864282566568,1.9230480194091797,46,,,,,0.598488,,11.659009,-0.037961
728,31892,115.0,75.82,,5.246864282566568,1.9230480194091797,46,,,,,0.598488,,11.659009,-0.037961
729,32047,155.0,77.25,,5.246864282566568,1.9230480194091797,46,,,,,0.598488,,11.659009,-0.037961
730,32130,83.0,77.04,,5.246864282566568,1.9230480194091797,46,,,,,0.598488,,11.659009,-0.037961
731,32193,63.0,77.19,,5.246864282566568,1.9230480194091797,46,,,,,0.598488,,11.659009,-0.037961
732,32269,76.0,77.54,,5.246864282566568,1.9230480194091797,46,,,,,0.598488,,11.659009,-0.037961
733,32380,111.0,78.35,,5.246864282566568,1.9230480194091797,46,,,,,0.598488,,11.659009,-0.037961
734,32449,69.0,78.28,,5.246864282566568,1.9230480194091797,46,,,,,0.598488,,11.659009,-0.037961
735,32493,44.0,78.23,,5.246864282566568,1.9230480194091797,46,,,,,0.598488,,11.659009,-0.037961
736,32582,89.0,78.9,,5.270219523855981,1.9899742603302002,47,,,,,0.602249,,12.728845,-0.033412
737,32645,63.0,77.43,,5.270219523855981,1.9899742603302002,47,,,,,0.602249,,12.728845,-0.033412
738,32737,92.0,77.38,,5.270219523855981,1.9899742603302002,47,,,,,0.602249,,12.728845,-0.033412
739,32863,126.0,78.03,,5.270219523855981,1.9899742603302002,47,,,,,0.602249,,12.728845,-0.033412
740,32913,50.0,78.21,,5.270219523855981,1.9899742603302002,47,,,,,0.602249,,12.728845,-0.033412
741,32981,68.0,78.24,,5.270219523855981,1.9899742603302002,47,,,,,0.602249,,12.728845,-0.033412
742,33042,61.0,78.46,,5.270219523855981,1.9899742603302002,47,,,,,0.602249,,12.728845,-0.033412
743,33104,62.0,78.03,,5.270219523855981,1.9899742603302002,47,,,,,0.602249,,12.728845,-0.033412
744,33181,77.0,78.23,,5.270219523855981,1.9899742603302002,47,,,,,0.602249,,12.728845,-0.033412
745,33334,153.0,79.11,,5.270219523855981,1.9899742603302002,47,,,,,0.602249,,12.728845,-0.033412
746,33350,16.0,78.06,,5.270219523855981,1.9899742603302002,47,,,,,0.602249,,12.728845,-0.033412
747,33449,99.0,78.54,,5.270219523855981,1.9899742603302002,47,,,,,0.602249,,12.728845,-0.033412
748,33495,46.0,78.12,,5.270219523855981,1.9899742603302002,47,,,,,0.602249,,12.728845,-0.033412
749,33580,85.0,78.2,,5.270219523855981,1.9899742603302002,47,,,153.6,6.887670143089026,0.602249,,12.728845,-0.033412
750,33643,63.0,78.0,,5.270219523855981,1.9899742603302002,47,,,,,0.602249,,12.728845,-0.033412
751,33688,45.0,78.2,,5.270219523855981,1.9899742603302002,47,,,,,0.602249,,12.728845,-0.033412
752,33806,118.0,78.38,,5.270559792717298,2.0747952461242676,48,,,,,0.600303,,10.617040,0.081080
753,33920,114.0,79.19,,5.270559792717298,2.0747952461242676,48,,,,,0.600303,,10.617040,0.081080
754,33971,51.0,78.75,,5.270559792717298,2.0747952461242676,48,,,,,0.600303,,10.617040,0.081080
755,34005,34.0,78.83,,5.270559792717298,2.0747952461242676,48,,,,,0.600303,,10.617040,0.081080
756,34168,163.0,79.91,,5.270559792717298,2.0747952461242676,48,,,,,0.600303,,10.617040,0.081080
757,34245,77.0,80.1,,5.270559792717298,2.075798988342285,48,,,,,0.600303,,10.617040,0.081080
758,34334,89.0,78.87,,5.270559792717298,2.075798988342285,48,,,,,0.600303,,10.617040,0.081080
759,34459,125.0,79.37,,5.270559792717298,2.075798988342285,48,,,,,0.600303,,10.617040,0.081080
760,34509,50.0,78.94,,5.270559792717298,2.075798988342285,48,,,,,0.600303,,10.617040,0.081080
761,34640,131.0,79.87,,5.270559792717298,2.075798988342285,48,,,,,0.600303,,10.617040,0.081080
762,34840,200.0,80.55,,5.270559792717298,2.075798988342285,48,,,,,0.600303,,10.617040,0.081080
763,34888,48.0,80.42,,5.270559792717298,2.075798988342285,48,,,,,0.600303,,10.617040,0.081080
764,34919,31.0,80.09,,5.270559792717298,2.075798988342285,48,,,,,0.600303,,10.617040,0.081080
765,35010,91.0,79.53,,5.270559792717298,2.075798988342285,48,,,,,0.600303,,10.617040,0.081080
766,35100,90.0,79.78,,5.270559792717298,2.075798988342285,48,,,,,0.600303,,10.617040,0.081080
767,35189,89.0,79.58,,5.270559792717298,2.075798988342285,48,,,,,0.600303,,10.617040,0.081080
768,35241,52.0,79.17,,5.261021677328616,2.1540918350219727,49,,,,,0.601188,,9.652359,0.160398
769,35307,66.0,79.06,,5.261021677328616,2.1540918350219727,49,,,,,0.601188,,9.652359,0.160398
770,35426,119.0,80.07,,5.261021677328616,2.1540918350219727,49,,,,,0.601188,,9.652359,0.160398
771,35530,104.0,80.39,,5.261021677328616,2.1540918350219727,49,,,,,0.601188,,9.652359,0.160398
772,35687,157.0,79.71,,5.261021677328616,2.1540918350219727,49,,,,,0.601188,,9.652359,0.160398
773,35751,64.0,79.61,,5.261021677328616,2.1540918350219727,49,,,,,0.601188,,9.652359,0.160398
774,35859,108.0,80.27,,5.261021677328616,2.1540918350219727,49,,,,,0.601188,,9.652359,0.160398
775,36012,153.0,81.21,,5.261021677328616,2.1540918350219727,49,,,,,0.601188,,9.652359,0.160398
776,36175,163.0,82.46,,5.261021677328616,2.1540918350219727,49,,,,,0.601188,,9.652359,0.160398
777,36211,36.0,81.46,,5.261021677328616,2.1551969051361084,49,,,,,0.601188,,9.652359,0.160398
778,36310,99.0,80.51,,5.261021677328616,2.1551969051361084,49,,,,,0.601188,,9.652359,0.160398
779,36412,102.0,80.76,,5.261021677328616,2.1551969051361084,49,,,,,0.601188,,9.652359,0.160398
780,36553,141.0,81.6,,5.261021677328616,2.1551969051361084,49,,,,,0.601188,,9.652359,0.160398
781,36695,142.0,82.59,,5.261021677328616,2.1551969051361084,49,,,,,0.601188,,9.652359,0.160398
782,36773,78.0,82.78,,5.261021677328616,2.1551969051361084,49,,,,,0.601188,,9.652359,0.160398
783,36888,115.0,83.71,,5.261021677328616,2.1551969051361084,49,,,,,0.601188,,9.652359,0.160398
784,37238,350.0,86.69,,5.23471095085144,2.3100428581237793,50,,,,,0.592742,,7.909129,0.193694
785,37338,100.0,86.31,,5.23471095085144,2.3100428581237793,50,,,,,0.592742,,7.909129,0.193694
786,37590,252.0,88.05,,5.23471095085144,2.3100428581237793,50,,,,,0.592742,,7.909129,0.193694
787,37786,196.0,89.45,,5.23471095085144,2.3100428581237793,50,,,,,0.592742,,7.909129,0.193694
788,37870,84.0,89.58,,5.23471095085144,2.3100428581237793,50,,,,,0.592742,,7.909129,0.193694
789,38033,163.0,90.36,,5.23471095085144,2.3100428581237793,50,,,,,0.592742,,7.909129,0.193694
790,38131,98.0,90.5,,5.23471095085144,2.3100428581237793,50,,,,,0.592742,,7.909129,0.193694
791,38213,82.0,89.97,,5.23471095085144,2.3100428581237793,50,,,,,0.592742,,7.909129,0.193694
792,38392,179.0,91.18,,5.23471095085144,2.3100428581237793,50,,,,,0.592742,,7.909129,0.193694
793,38510,118.0,91.74,,5.23471095085144,2.3100428581237793,50,,,,,0.592742,,7.909129,0.193694
794,38669,159.0,92.82,,5.23471095085144,2.3100428581237793,50,,,,,0.592742,,7.909129,0.193694
795,38984,315.0,95.5,,5.23471095085144,2.3100428581237793,50,,,,,0.592742,,7.909129,0.193694
796,39101,117.0,96.24,,5.23471095085144,2.3100428581237793,50,,,,,0.592742,,7.909129,0.193694
797,39228,127.0,96.65,,5.23471095085144,2.3100428581237793,50,,,,,0.592742,,7.909129,0.193694
798,39378,150.0,97.38,,5.23471095085144,2.3100428581237793,50,,,,,0.592742,,7.909129,0.193694
799,39451,73.0,97.79,,5.23471095085144,2.3100428581237793,50,,,383.4,146.3333181473037,0.592742,,7.909129,0.193694
800,39608,157.0,98.52,,5.053035616874695,2.437955856323242,51,,,,,0.603427,,7.450339,0.299499
801,39707,99.0,98.98,,5.053035616874695,2.437955856323242,51,,,,,0.603427,,7.450339,0.299499
802,39817,110.0,99.35,,5.053035616874695,2.437955856323242,51,,,,,0.603427,,7.450339,0.299499
803,39885,68.0,98.65,,5.053035616874695,2.437955856323242,51,,,,,0.603427,,7.450339,0.299499
804,40055,170.0,99.89,,5.053035616874695,2.437955856323242,51,,,,,0.603427,,7.450339,0.299499
805,40204,149.0,101.05,,5.053035616874695,2.437955856323242,51,,,,,0.603427,,7.450339,0.299499
806,40378,174.0,102.32,,5.053035616874695,2.437955856323242,51,,,,,0.603427,,7.450339,0.299499
807,40721,343.0,105.06,,5.053035616874695,2.437955856323242,51,,,,,0.603427,,7.450339,0.299499
808,40840,119.0,105.83,,5.053035616874695,2.437955856323242,51,,,,,0.603427,,7.450339,0.299499
809,41033,193.0,106.5,,5.053035616874695,2.437955856323242,51,,,,,0.603427,,7.450339,0.299499
810,41187,154.0,107.03,,5.053035616874695,2.437955856323242,51,,,,,0.603427,,7.450339,0.299499
811,41346,159.0,107.9,,5.053035616874695,2.437955856323242,51,,,,,0.603427,,7.450339,0.299499
812,41540,194.0,109.11,,5.053035616874695,2.437955856323242,51,,,,,0.603427,,7.450339,0.299499
813,41701,161.0,110.11,,5.053035616874695,2.437955856323242,51,,,,,0.603427,,7.450339,0.299499
814,41899,198.0,111.18,,5.053035616874695,2.437955856323242,51,,,,,0.603427,,7.450339,0.299499
815,42039,140.0,111.62,,5.053035616874695,2.437955856323242,51,,,,,0.603427,,7.450339,0.299499
816,42227,188.0,112.78,,4.930117344856262,2.566566228866577,52,,,,,0.595692,,7.090655,0.311082
817,42429,202.0,114.17,,4.930117344856262,2.566566228866577,52,,,,,0.595692,,7.090655,0.311082
818,42607,178.0,115.71,,4.930117344856262,2.566566228866577,52,,,,,0.595692,,7.090655,0.311082
819,42697,90.0,115.59,,4.930117344856262,2.566566228866577,52,,,,,0.595692,,7.090655,0.311082
820,42931,234.0,116.78,,4.930117344856262,2.566566228866577,52,,,,,0.595692,,7.090655,0.311082
821,43191,260.0,118.83,,4.930117344856262,2.566566228866577,52,,,,,0.595692,,7.090655,0.311082
822,43362,171.0,120.08,,4.930117344856262,2.566566228866577,52,,,,,0.595692,,7.090655,0.311082
823,43507,145.0,120.29,,4.930117344856262,2.566566228866577,52,,,,,0.595692,,7.090655,0.311082
824,43666,159.0,121.02,,4.930117344856262,2.566566228866577,52,,,,,0.595692,,7.090655,0.311082
825,43842,176.0,122.26,,4.930117344856262,2.566566228866577,52,,,,,0.595692,,7.090655,0.311082
826,43987,145.0,122.98,,4.930117344856262,2.566566228866577,52,,,,,0.595692,,7.090655,0.311082
827,44109,122.0,123.32,,4.930117344856262,2.566566228866577,52,,,,,0.595692,,7.090655,0.311082
828,44256,147.0,123.64,,4.930117344856262,2.566566228866577,52,,,,,0.595692,,7.090655,0.311082
829,44509,253.0,124.62,,4.930117344856262,2.566566228866577,52,,,,,0.595692,,7.090655,0.311082
830,44645,136.0,125.15,,4.930117344856262,2.566566228866577,52,,,,,0.595692,,7.090655,0.311082
831,44878,233.0,126.85,,4.930117344856262,2.566566228866577,52,,,,,0.595692,,7.090655,0.311082
832,45023,145.0,127.54,,4.821812586784363,2.7267656326293945,53,,,,,0.594535,,6.738678,0.355206
833,45176,153.0,127.96,,4.821812586784363,2.7267656326293945,53,,,,,0.594535,,6.738678,0.355206
834,45388,212.0,129.39,,4.821812586784363,2.7267656326293945,53,,,,,0.594535,,6.738678,0.355206
835,45463,75.0,129.7,,4.821812586784363,2.72727108001709,53,,,,,0.594535,,6.738678,0.355206
836,45642,179.0,130.6,,4.821812586784363,2.72727108001709,53,,,,,0.594535,,6.738678,0.355206
837,45813,171.0,131.68,,4.821812586784363,2.72727108001709,53,,,,,0.594535,,6.738678,0.355206
838,46008,195.0,132.71,,4.821812586784363,2.72727108001709,53,,,,,0.594535,,6.738678,0.355206
839,46418,410.0,135.55,,4.821812586784363,2.72727108001709,53,,,,,0.594535,,6.738678,0.355206
840,46582,164.0,136.69,,4.821812586784363,2.72727108001709,53,,,,,0.594535,,6.738678,0.355206
841,46785,203.0,138.04,,4.821812586784363,2.72727108001709,53,,,,,0.594535,,6.738678,0.355206
842,46913,128.0,138.71,,4.821812586784363,2.72727108001709,53,,,,,0.594535,,6.738678,0.355206
843,47081,168.0,139.77,,4.821812586784363,2.72727108001709,53,,,,,0.594535,,6.738678,0.355206
844,47274,193.0,140.93,,4.821812586784363,2.72727108001709,53,,,,,0.594535,,6.738678,0.355206
845,47448,174.0,141.14,,4.821812586784363,2.72727108001709,53,,,,,0.594535,,6.738678,0.355206
846,47707,259.0,143.57,,4.821812586784363,2.72727108001709,53,,,,,0.594535,,6.738678,0.355206
847,47853,146.0,144.04,,4.821812586784363,2.72727108001709,53,,,,,0.594535,,6.738678,0.355206
848,48168,315.0,146.73,,4.734228916168213,2.857998847961426,54,,,,,0.593604,,6.740755,0.393572
849,48299,131.0,147.19,,4.734228916168213,2.857998847961426,54,,,500.0,0.0,0.593604,,6.740755,0.393572
850,48388,89.0,147.45,,4.734228916168213,2.857998847961426,54,,,,,0.593604,,6.740755,0.393572
851,48540,152.0,148.52,,4.734228916168213,2.857998847961426,54,,,,,0.593604,,6.740755,0.393572
852,48623,83.0,148.17,,4.734228916168213,2.857998847961426,54,,,,,0.593604,,6.740755,0.393572
853,48746,123.0,148.26,,4.734228916168213,2.857998847961426,54,,,,,0.593604,,6.740755,0.393572
854,49043,297.0,150.72,,4.734228916168213,2.857998847961426,54,,,,,0.593604,,6.740755,0.393572
855,49202,159.0,151.97,,4.734228916168213,2.857998847961426,54,,,,,0.593604,,6.740755,0.393572
856,49410,208.0,152.42,,4.734228916168213,2.857998847961426,54,,,,,0.593604,,6.740755,0.393572
857,49567,157.0,153.22,,4.734228916168213,2.857998847961426,54,,,,,0.593604,,6.740755,0.393572
858,49745,178.0,154.11,,4.734228916168213,2.857998847961426,54,,,,,0.593604,,6.740755,0.393572
859,49970,225.0,155.11,,4.734228916168213,2.857998847961426,54,,,,,0.593604,,6.740755,0.393572
860,50109,139.0,156.0,,4.734228916168213,2.857998847961426,54,,,,,0.593604,,6.740755,0.393572
861,50257,148.0,156.17,,4.734228916168213,2.857998847961426,54,,,,,0.593604,,6.740755,0.393572
862,50466,209.0,156.26,,4.734228916168213,2.857998847961426,54,,,,,0.593604,,6.740755,0.393572
863,50665,199.0,157.77,,4.734228916168213,2.857998847961426,54,,,,,0.593604,,6.740755,0.393572
864,50841,176.0,159.22,,4.669734516143799,2.9746439456939697,55,,,,,0.583784,,7.140681,0.370826
865,51080,239.0,160.7,,4.669734516143799,2.9746439456939697,55,,,,,0.583784,,7.140681,0.370826
866,51224,144.0,161.24,,4.669734516143799,2.9746439456939697,55,,,,,0.583784,,7.140681,0.370826
867,51387,163.0,161.98,,4.669734516143799,2.9746439456939697,55,,,,,0.583784,,7.140681,0.370826
868,51432,45.0,161.91,,4.669734516143799,2.9746439456939697,55,,,,,0.583784,,7.140681,0.370826
869,51538,106.0,162.31,,4.669734516143799,2.9746439456939697,55,,,,,0.583784,,7.140681,0.370826
870,51656,118.0,162.3,,4.669734516143799,2.9746439456939697,55,,,,,0.583784,,7.140681,0.370826
871,51907,251.0,163.77,,4.669734516143799,2.9746439456939697,55,,,,,0.583784,,7.140681,0.370826
872,52129,222.0,164.42,,4.669734516143799,2.9746439456939697,55,,,,,0.583784,,7.140681,0.370826
873,52269,140.0,165.18,,4.669734516143799,2.9746439456939697,55,,,,,0.583784,,7.140681,0.370826
874,52501,232.0,166.42,,4.669734516143799,2.9746439456939697,55,,,,,0.583784,,7.140681,0.370826
875,52632,131.0,166.2,,4.669734516143799,2.9746439456939697,55,,,,,0.583784,,7.140681,0.370826
876,52727,95.0,165.52,,4.669734516143799,2.9746439456939697,55,,,,,0.583784,,7.140681,0.370826
877,52938,211.0,167.27,,4.669734516143799,2.9746439456939697,55,,,,,0.583784,,7.140681,0.370826
878,53088,150.0,167.78,,4.669734516143799,2.9746439456939697,55,,,,,0.583784,,7.140681,0.370826
879,53285,197.0,168.73,,4.669734516143799,2.9746439456939697,55,,,,,0.583784,,7.140681,0.370826
880,53511,226.0,169.58,,4.613572864532471,3.1319100856781006,56,,,,,0.591284,,5.917234,0.357444
881,53869,358.0,171.74,,4.613572864532471,3.1319100856781006,56,,,,,0.591284,,5.917234,0.357444
882,54010,141.0,172.37,,4.613572864532471,3.1319100856781006,56,,,,,0.591284,,5.917234,0.357444
883,54227,217.0,173.39,,4.613572864532471,3.1319100856781006,56,,,,,0.591284,,5.917234,0.357444
884,54459,232.0,172.21,,4.613572864532471,3.1319100856781006,56,,,,,0.591284,,5.917234,0.357444
885,54682,223.0,173.44,,4.613572864532471,3.1319100856781006,56,,,,,0.591284,,5.917234,0.357444
886,54850,168.0,172.6,,4.613572864532471,3.1319100856781006,56,,,,,0.591284,,5.917234,0.357444
887,55168,318.0,173.82,,4.613572864532471,3.1319100856781006,56,,,,,0.591284,,5.917234,0.357444
888,55353,185.0,174.83,,4.613572864532471,3.1319100856781006,56,,,,,0.591284,,5.917234,0.357444
889,55569,216.0,175.36,,4.613572864532471,3.1319100856781006,56,,,,,0.591284,,5.917234,0.357444
890,55636,67.0,175.05,,4.613572864532471,3.1319100856781006,56,,,,,0.591284,,5.917234,0.357444
891,55936,300.0,177.23,,4.613572864532471,3.1319100856781006,56,,,,,0.591284,,5.917234,0.357444
892,56147,211.0,177.55,,4.613572864532471,3.1319100856781006,56,,,,,0.591284,,5.917234,0.357444
893,56409,262.0,178.99,,4.613572864532471,3.1319100856781006,56,,,,,0.591284,,5.917234,0.357444
894,56553,144.0,178.84,,4.613572864532471,3.1319100856781006,56,,,,,0.591284,,5.917234,0.357444
895,56835,282.0,178.51,,4.613572864532471,3.1319100856781006,56,,,,,0.591284,,5.917234,0.357444
896,57287,452.0,181.86,,4.572945966720581,3.3465285301208496,57,,,,,0.589502,,4.692641,0.326503
897,57519,232.0,182.91,,4.572945966720581,3.3465285301208496,57,,,,,0.589502,,4.692641,0.326503
898,57730,211.0,183.52,,4.572945966720581,3.3465285301208496,57,,,,,0.589502,,4.692641,0.326503
899,58104,374.0,186.53,,4.572945966720581,3.3465285301208496,57,,,500.0,0.0,0.589502,,4.692641,0.326503
900,58309,205.0,187.01,,4.572945966720581,3.3465285301208496,57,,,,,0.589502,,4.692641,0.326503
901,58482,173.0,187.75,,4.572945966720581,3.3465285301208496,57,,,,,0.589502,,4.692641,0.326503
902,58982,500.0,191.65,,4.572945966720581,3.3465285301208496,57,,,,,0.589502,,4.692641,0.326503
903,59376,394.0,194.91,,4.572945966720581,3.3465285301208496,57,,,,,0.589502,,4.692641,0.326503
904,59523,147.0,194.68,,4.572945966720581,3.3465285301208496,57,,,,,0.589502,,4.692641,0.326503
905,59884,361.0,196.8,,4.572945966720581,3.3465285301208496,57,,,,,0.589502,,4.692641,0.326503
906,60302,418.0,199.24,,4.572945966720581,3.3465285301208496,57,,,,,0.589502,,4.692641,0.326503
907,60522,220.0,198.01,,4.572945966720581,3.3465285301208496,57,,,,,0.589502,,4.692641,0.326503
908,60924,402.0,200.84,,4.572945966720581,3.3465285301208496,57,,,,,0.589502,,4.692641,0.326503
909,61082,158.0,200.49,,4.572945966720581,3.3465285301208496,57,,,,,0.589502,,4.692641,0.326503
910,61479,397.0,202.92,,4.572945966720581,3.3465285301208496,57,,,,,0.589502,,4.692641,0.326503
911,61636,157.0,202.9,,4.572945966720581,3.3465285301208496,57,,,,,0.589502,,4.692641,0.326503
912,61863,227.0,203.23,,4.520926947593689,3.594841241836548,58,,,,,0.592602,,5.235880,0.260810
913,62351,488.0,206.5,,4.520926947593689,3.594841241836548,58,,,,,0.592602,,5.235880,0.260810
914,62593,242.0,206.94,,4.520926947593689,3.594841241836548,58,,,,,0.592602,,5.235880,0.260810
915,62746,153.0,207.07,,4.520926947593689,3.594841241836548,58,,,,,0.592602,,5.235880,0.260810
916,63129,383.0,209.02,,4.520926947593689,3.594841241836548,58,,,,,0.592602,,5.235880,0.260810
917,63374,245.0,209.45,,4.520926947593689,3.594841241836548,58,,,,,0.592602,,5.235880,0.260810
918,63795,421.0,211.88,,4.520926947593689,3.594841241836548,58,,,,,0.592602,,5.235880,0.260810
919,64154,359.0,214.57,,4.520926947593689,3.594841241836548,58,,,,,0.592602,,5.235880,0.260810
920,64577,423.0,216.46,,4.520926947593689,3.594841241836548,58,,,,,0.592602,,5.235880,0.260810
921,64849,272.0,216.58,,4.520926947593689,3.594841241836548,58,,,,,0.592602,,5.235880,0.260810
922,64951,102.0,215.89,,4.520926947593689,3.594841241836548,58,,,,,0.592602,,5.235880,0.260810
923,65200,249.0,216.93,,4.520926947593689,3.594841241836548,58,,,,,0.592602,,5.235880,0.260810
924,65454,254.0,217.88,,4.520926947593689,3.594841241836548,58,,,,,0.592602,,5.235880,0.260810
925,65676,222.0,218.34,,4.520926947593689,3.594841241836548,58,,,,,0.592602,,5.235880,0.260810
926,65879,203.0,218.92,,4.520926947593689,3.594841241836548,58,,,,,0.592602,,5.235880,0.260810
927,66078,199.0,219.69,,4.520926947593689,3.594841241836548,58,,,,,0.592602,,5.235880,0.260810
928,66284,206.0,220.28,,4.5020472431182865,3.7952935695648193,59,,,,,0.592758,,5.941407,0.234177
929,66461,177.0,219.52,,4.5020472431182865,3.7952935695648193,59,,,,,0.592758,,5.941407,0.234177
930,66845,384.0,222.0,,4.5020472431182865,3.7952935695648193,59,,,,,0.592758,,5.941407,0.234177
931,67012,167.0,221.34,,4.5020472431182865,3.796295404434204,59,,,,,0.592758,,5.941407,0.234177
932,67185,173.0,221.62,,4.5020472431182865,3.796295404434204,59,,,,,0.592758,,5.941407,0.234177
933,67336,151.0,221.6,,4.5020472431182865,3.796295404434204,59,,,,,0.592758,,5.941407,0.234177
934,67525,189.0,221.37,,4.5020472431182865,3.796295404434204,59,,,,,0.592758,,5.941407,0.234177
935,67748,223.0,222.85,,4.5020472431182865,3.796295404434204,59,,,,,0.592758,,5.941407,0.234177
936,68197,449.0,225.55,,4.5020472431182865,3.796295404434204,59,,,,,0.592758,,5.941407,0.234177
937,68254,57.0,224.41,,4.5020472431182865,3.796295404434204,59,,,,,0.592758,,5.941407,0.234177
938,68529,275.0,225.21,,4.5020472431182865,3.796295404434204,59,,,,,0.592758,,5.941407,0.234177
939,68742,213.0,223.24,,4.5020472431182865,3.796295404434204,59,,,,,0.592758,,5.941407,0.234177
940,68932,190.0,223.5,,4.5020472431182865,3.796295404434204,59,,,,,0.592758,,5.941407,0.234177
941,69073,141.0,222.88,,4.5020472431182865,3.796295404434204,59,,,,,0.592758,,5.941407,0.234177
942,69468,395.0,225.55,,4.5020472431182865,3.796295404434204,59,,,,,0.592758,,5.941407,0.234177
943,69901,433.0,228.2,,4.5020472431182865,3.796295404434204,59,,,,,0.592758,,5.941407,0.234177
944,70101,200.0,228.27,,4.46043520450592,4.042436838150024,60,,,,,0.582244,,4.410192,0.250019
945,70282,181.0,228.34,,4.46043520450592,4.042436838150024,60,,,,,0.582244,,4.410192,0.250019
946,70665,383.0,229.58,,4.46043520450592,4.042436838150024,60,,,,,0.582244,,4.410192,0.250019
947,71022,357.0,231.69,,4.46043520450592,4.042436838150024,60,,,,,0.582244,,4.410192,0.250019
948,71246,224.0,230.78,,4.46043520450592,4.042436838150024,60,,,,,0.582244,,4.410192,0.250019
949,71746,500.0,234.47,,4.46043520450592,4.042436838150024,60,,,500.0,0.0,0.582244,,4.410192,0.250019
950,71980,234.0,235.92,,4.46043520450592,4.042436838150024,60,,,,,0.582244,,4.410192,0.250019
951,72127,147.0,235.87,,4.46043520450592,4.042436838150024,60,,,,,0.582244,,4.410192,0.250019
952,72289,162.0,236.66,,4.46043520450592,4.042436838150024,60,,,,,0.582244,,4.410192,0.250019
953,72704,415.0,239.58,,4.46043520450592,4.042436838150024,60,,,,,0.582244,,4.410192,0.250019
954,72967,263.0,239.24,,4.46043520450592,4.042436838150024,60,,,,,0.582244,,4.410192,0.250019
955,73156,189.0,239.54,,4.46043520450592,4.042436838150024,60,,,,,0.582244,,4.410192,0.250019
956,73369,213.0,239.59,,4.46043520450592,4.042436838150024,60,,,,,0.582244,,4.410192,0.250019
957,73733,364.0,241.66,,4.46043520450592,4.042436838150024,60,,,,,0.582244,,4.410192,0.250019
958,74233,500.0,244.88,,4.46043520450592,4.042436838150024,60,,,,,0.582244,,4.410192,0.250019
959,74569,336.0,245.99,,4.46043520450592,4.042436838150024,60,,,,,0.582244,,4.410192,0.250019
960,74815,246.0,247.06,,4.426567192077637,4.27841329574585,61,,,,,0.588637,,3.497101,0.286340
961,75315,500.0,250.58,,4.426567192077637,4.27841329574585,61,,,,,0.588637,,3.497101,0.286340
962,75782,467.0,253.16,,4.426567192077637,4.27841329574585,61,,,,,0.588637,,3.497101,0.286340
963,75909,127.0,252.44,,4.426567192077637,4.27841329574585,61,,,,,0.588637,,3.497101,0.286340
964,76231,322.0,253.9,,4.426567192077637,4.27841329574585,61,,,,,0.588637,,3.497101,0.286340
965,76554,323.0,254.74,,4.426567192077637,4.27841329574585,61,,,,,0.588637,,3.497101,0.286340
966,76900,346.0,256.76,,4.426567192077637,4.27841329574585,61,,,,,0.588637,,3.497101,0.286340
967,77139,239.0,257.52,,4.426567192077637,4.27841329574585,61,,,,,0.588637,,3.497101,0.286340
968,77580,441.0,261.48,,4.426567192077637,4.27841329574585,61,,,,,0.588637,,3.497101,0.286340
969,77813,233.0,262.75,,4.426567192077637,4.27841329574585,61,,,,,0.588637,,3.497101,0.286340
970,78313,500.0,266.57,,4.426567192077637,4.27841329574585,61,,,,,0.588637,,3.497101,0.286340
971,78644,331.0,267.37,,4.426567192077637,4.27841329574585,61,,,,,0.588637,,3.497101,0.286340
972,79143,499.0,270.14,,4.426567192077637,4.27841329574585,61,,,,,0.588637,,3.497101,0.286340
973,79432,289.0,271.63,,4.426567192077637,4.27841329574585,61,,,,,0.588637,,3.497101,0.286340
974,79569,137.0,270.68,,4.426567192077637,4.27841329574585,61,,,,,0.588637,,3.497101,0.286340
975,80069,500.0,274.37,,4.426567192077637,4.27841329574585,61,,,,,0.588637,,3.497101,0.286340
976,80369,300.0,276.42,,4.409333608150482,4.5189433097839355,62,,,,,0.589256,,3.629385,0.156042
977,80839,470.0,279.01,,4.409333608150482,4.5189433097839355,62,,,,,0.589256,,3.629385,0.156042
978,81177,338.0,280.89,,4.409333608150482,4.5189433097839355,62,,,,,0.589256,,3.629385,0.156042
979,81567,390.0,282.82,,4.409333608150482,4.5189433097839355,62,,,,,0.589256,,3.629385,0.156042
980,81760,193.0,282.49,,4.409333608150482,4.5189433097839355,62,,,,,0.589256,,3.629385,0.156042
981,82260,500.0,283.91,,4.409333608150482,4.5189433097839355,62,,,,,0.589256,,3.629385,0.156042
982,82458,198.0,284.48,,4.409333608150482,4.5189433097839355,62,,,,,0.589256,,3.629385,0.156042
983,82684,226.0,284.57,,4.409333608150482,4.5189433097839355,62,,,,,0.589256,,3.629385,0.156042
984,83184,500.0,287.25,,4.409333608150482,4.5189433097839355,62,,,,,0.589256,,3.629385,0.156042
985,83684,500.0,290.02,,4.409333608150482,4.5189433097839355,62,,,,,0.589256,,3.629385,0.156042
986,84103,419.0,292.53,,4.409333608150482,4.5189433097839355,62,,,,,0.589256,,3.629385,0.156042
987,84301,198.0,291.33,,4.409333608150482,4.5189433097839355,62,,,,,0.589256,,3.629385,0.156042
988,84778,477.0,294.25,,4.409333608150482,4.5189433097839355,62,,,,,0.589256,,3.629385,0.156042
989,85202,424.0,296.33,,4.409333608150482,4.5189433097839355,62,,,,,0.589256,,3.629385,0.156042
990,85273,71.0,296.37,,4.409333608150482,4.5189433097839355,62,,,,,0.589256,,3.629385,0.156042
991,85569,296.0,296.33,,4.409333608150482,4.5189433097839355,62,,,,,0.589256,,3.629385,0.156042
992,86069,500.0,299.22,,4.380071151256561,4.760678052902222,63,,,,,0.584123,,2.770269,0.150325
993,86557,488.0,301.48,,4.380071151256561,4.760678052902222,63,,,,,0.584123,,2.770269,0.150325
994,87057,500.0,305.04,,4.380071151256561,4.760678052902222,63,,,,,0.584123,,2.770269,0.150325
995,87396,339.0,305.61,,4.380071151256561,4.760678052902222,63,,,,,0.584123,,2.770269,0.150325
996,87707,311.0,304.2,,4.380071151256561,4.760678052902222,63,,,,,0.584123,,2.770269,0.150325
997,87903,196.0,303.84,,4.380071151256561,4.760678052902222,63,,,,,0.584123,,2.770269,0.150325
998,88056,153.0,303.26,,4.380071151256561,4.760678052902222,63,,,,,0.584123,,2.770269,0.150325
999,88525,469.0,304.21,,4.380071151256561,4.760678052902222,63,,,500.0,0.0,0.584123,,2.770269,0.150325
1000,88695,170.0,303.86,,4.380071151256561,4.760678052902222,63,,,,,0.584123,,2.770269,0.150325
1001,89107,412.0,306.25,,4.380071151256561,4.760678052902222,63,,,,,0.584123,,2.770269,0.150325
1002,89607,500.0,306.25,,4.380071151256561,4.760678052902222,63,,,,,0.584123,,2.770269,0.150325
1003,90107,500.0,307.31,,4.380071151256561,4.760678052902222,63,,,,,0.584123,,2.770269,0.150325
1004,90517,410.0,309.94,,4.380071151256561,4.760678052902222,63,,,,,0.584123,,2.770269,0.150325
1005,91017,500.0,311.33,,4.380071151256561,4.760678052902222,63,,,,,0.584123,,2.770269,0.150325
1006,91311,294.0,310.09,,4.380071151256561,4.760678052902222,63,,,,,0.584123,,2.770269,0.150325
1007,91773,462.0,312.51,,4.380071151256561,4.760678052902222,63,,,,,0.584123,,2.770269,0.150325
1008,92033,260.0,311.09,,4.336335830688476,4.997443675994873,64,,,,,0.588494,,2.724038,0.189800
1009,92301,268.0,312.19,,4.336335830688476,4.997443675994873,64,,,,,0.588494,,2.724038,0.189800
1010,92801,500.0,313.22,,4.336335830688476,4.997443675994873,64,,,,,0.588494,,2.724038,0.189800
1011,93174,373.0,315.38,,4.336335830688476,4.997443675994873,64,,,,,0.588494,,2.724038,0.189800
1012,93632,458.0,317.69,,4.336335830688476,4.997443675994873,64,,,,,0.588494,,2.724038,0.189800
1013,93880,248.0,315.29,,4.336335830688476,4.997443675994873,64,,,,,0.588494,,2.724038,0.189800
1014,94380,500.0,317.87,,4.336335830688476,4.997443675994873,64,,,,,0.588494,,2.724038,0.189800
1015,94880,500.0,321.34,,4.336335830688476,4.997443675994873,64,,,,,0.588494,,2.724038,0.189800
1016,95380,500.0,322.51,,4.336335830688476,4.997443675994873,64,,,,,0.588494,,2.724038,0.189800
1017,95880,500.0,325.06,,4.336335830688476,4.997443675994873,64,,,,,0.588494,,2.724038,0.189800
1018,96190,310.0,323.95,,4.336335830688476,4.997443675994873,64,,,,,0.588494,,2.724038,0.189800
1019,96502,312.0,323.48,,4.336335830688476,4.997443675994873,64,,,,,0.588494,,2.724038,0.189800
1020,96945,443.0,323.68,,4.336335830688476,4.997443675994873,64,,,,,0.588494,,2.724038,0.189800
1021,97382,437.0,325.33,,4.336335830688476,4.997443675994873,64,,,,,0.588494,,2.724038,0.189800
1022,97523,141.0,325.72,,4.336335830688476,4.997443675994873,64,,,,,0.588494,,2.724038,0.189800
1023,98018,495.0,328.18,,4.336335830688476,4.997443675994873,64,,,,,0.588494,,2.724038,0.189800
1024,98518,500.0,330.64,,4.2992566967010495,5.234605550765991,65,,,,,0.580714,,3.262172,0.163751
1025,99012,494.0,333.36,,4.2992566967010495,5.234605550765991,65,,,,,0.580714,,3.262172,0.163751
1026,99218,206.0,333.39,,4.2992566967010495,5.234605550765991,65,,,,,0.580714,,3.262172,0.163751
1027,99718,500.0,336.4,,4.2992566967010495,5.234605550765991,65,,,,,0.580714,,3.262172,0.163751
1028,100054,336.0,337.7,,4.2992566967010495,5.234605550765991,65,,,,,0.580714,,3.262172,0.163751
1029,100554,500.0,340.93,,4.2992566967010495,5.234605550765991,65,,,,,0.580714,,3.262172,0.163751
1030,100943,389.0,340.98,,4.2992566967010495,5.234605550765991,65,,,,,0.580714,,3.262172,0.163751
1031,101334,391.0,343.22,,4.2992566967010495,5.234605550765991,65,,,,,0.580714,,3.262172,0.163751
1032,101539,205.0,343.54,,4.2992566967010495,5.235627889633179,65,,,,,0.580714,,3.262172,0.163751
1033,101707,168.0,343.71,,4.2992566967010495,5.235627889633179,65,,,,,0.580714,,3.262172,0.163751
1034,102207,500.0,346.82,,4.2992566967010495,5.235627889633179,65,,,,,0.580714,,3.262172,0.163751
1035,102396,189.0,346.48,,4.2992566967010495,5.235627889633179,65,,,,,0.580714,,3.262172,0.163751
1036,102666,270.0,344.69,,4.2992566967010495,5.235627889633179,65,,,,,0.580714,,3.262172,0.163751
1037,102868,202.0,346.14,,4.2992566967010495,5.235627889633179,65,,,,,0.580714,,3.262172,0.163751
1038,103285,417.0,347.56,,4.2992566967010495,5.235627889633179,65,,,,,0.580714,,3.262172,0.163751
1039,103687,402.0,349.45,,4.2992566967010495,5.235627889633179,65,,,,,0.580714,,3.262172,0.163751
1040,103849,162.0,349.17,,4.276129541397094,5.475373268127441,66,,,,,0.581860,,3.144802,0.150817
1041,104064,215.0,349.91,,4.276129541397094,5.475373268127441,66,,,,,0.581860,,3.144802,0.150817
1042,104564,500.0,350.96,,4.276129541397094,5.475373268127441,66,,,,,0.581860,,3.144802,0.150817
1043,104991,427.0,350.9,,4.276129541397094,5.475373268127441,66,,,,,0.581860,,3.144802,0.150817
1044,105491,500.0,353.9,,4.276129541397094,5.475373268127441,66,,,,,0.581860,,3.144802,0.150817
1045,105634,143.0,353.52,,4.276129541397094,5.475373268127441,66,,,,,0.581860,,3.144802,0.150817
1046,106104,470.0,354.39,,4.276129541397094,5.475373268127441,66,,,,,0.581860,,3.144802,0.150817
1047,106290,186.0,352.68,,4.276129541397094,5.475373268127441,66,,,,,0.581860,,3.144802,0.150817
1048,106790,500.0,355.44,,4.276129541397094,5.475373268127441,66,,,,,0.581860,,3.144802,0.150817
1049,107026,236.0,352.8,,4.276129541397094,5.475373268127441,66,,,500.0,0.0,0.581860,,3.144802,0.150817
1050,107325,299.0,353.45,,4.276129541397094,5.475373268127441,66,,,,,0.581860,,3.144802,0.150817
1051,107524,199.0,353.97,,4.276129541397094,5.475373268127441,66,,,,,0.581860,,3.144802,0.150817
1052,108024,500.0,357.35,,4.276129541397094,5.475373268127441,66,,,,,0.581860,,3.144802,0.150817
1053,108374,350.0,356.7,,4.276129541397094,5.475373268127441,66,,,,,0.581860,,3.144802,0.150817
1054,108559,185.0,355.92,,4.276129541397094,5.475373268127441,66,,,,,0.581860,,3.144802,0.150817
1055,109059,500.0,359.03,,4.276129541397094,5.475373268127441,66,,,,,0.581860,,3.144802,0.150817
1056,109505,446.0,361.36,,4.243971860408783,5.7158403396606445,67,,,,,0.580000,,1.930040,0.132374
1057,110005,500.0,362.72,,4.243971860408783,5.7158403396606445,67,,,,,0.580000,,1.930040,0.132374
1058,110505,500.0,362.72,,4.243971860408783,5.7158403396606445,67,,,,,0.580000,,1.930040,0.132374
1059,110941,436.0,363.72,,4.243971860408783,5.7158403396606445,67,,,,,0.580000,,1.930040,0.132374
1060,111441,500.0,366.26,,4.243971860408783,5.7158403396606445,67,,,,,0.580000,,1.930040,0.132374
1061,111620,179.0,363.05,,4.243971860408783,5.7158403396606445,67,,,,,0.580000,,1.930040,0.132374
1062,111976,356.0,361.94,,4.243971860408783,5.7158403396606445,67,,,,,0.580000,,1.930040,0.132374
1063,112476,500.0,365.67,,4.243971860408783,5.7158403396606445,67,,,,,0.580000,,1.930040,0.132374
1064,112719,243.0,364.88,,4.243971860408783,5.7158403396606445,67,,,,,0.580000,,1.930040,0.132374
1065,113219,500.0,366.65,,4.243971860408783,5.7158403396606445,67,,,,,0.580000,,1.930040,0.132374
1066,113619,400.0,367.19,,4.243971860408783,5.7158403396606445,67,,,,,0.580000,,1.930040,0.132374
1067,114119,500.0,369.8,,4.243971860408783,5.7158403396606445,67,,,,,0.580000,,1.930040,0.132374
1068,114619,500.0,370.39,,4.243971860408783,5.7158403396606445,67,,,,,0.580000,,1.930040,0.132374
1069,115119,500.0,373.06,,4.243971860408783,5.7158403396606445,67,,,,,0.580000,,1.930040,0.132374
1070,115358,239.0,370.45,,4.243971860408783,5.7158403396606445,67,,,,,0.580000,,1.930040,0.132374
1071,115703,345.0,370.59,,4.243971860408783,5.7158403396606445,67,,,,,0.580000,,1.930040,0.132374
1072,116203,500.0,370.6,,4.184840570688248,5.952995300292969,68,,,,,0.580081,,1.456733,0.113894
1073,116404,201.0,369.72,,4.184840570688248,5.952995300292969,68,,,,,0.580081,,1.456733,0.113894
1074,116904,500.0,373.35,,4.184840570688248,5.952995300292969,68,,,,,0.580081,,1.456733,0.113894
1075,117186,282.0,371.17,,4.184840570688248,5.952995300292969,68,,,,,0.580081,,1.456733,0.113894
1076,117686,500.0,373.17,,4.184840570688248,5.952995300292969,68,,,,,0.580081,,1.456733,0.113894
1077,118186,500.0,373.47,,4.184840570688248,5.952995300292969,68,,,,,0.580081,,1.456733,0.113894
1078,118686,500.0,375.09,,4.184840570688248,5.952995300292969,68,,,,,0.580081,,1.456733,0.113894
1079,119096,410.0,375.29,,4.184840570688248,5.952995300292969,68,,,,,0.580081,,1.456733,0.113894
1080,119237,141.0,374.77,,4.184840570688248,5.952995300292969,68,,,,,0.580081,,1.456733,0.113894
1081,119737,500.0,374.77,,4.184840570688248,5.952995300292969,68,,,,,0.580081,,1.456733,0.113894
1082,119908,171.0,374.5,,4.184840570688248,5.952995300292969,68,,,,,0.580081,,1.456733,0.113894
1083,120408,500.0,377.24,,4.184840570688248,5.952995300292969,68,,,,,0.580081,,1.456733,0.113894
1084,120908,500.0,377.24,,4.184840570688248,5.952995300292969,68,,,,,0.580081,,1.456733,0.113894
1085,121340,432.0,376.56,,4.184840570688248,5.952995300292969,68,,,,,0.580081,,1.456733,0.113894
1086,121840,500.0,377.37,,4.184840570688248,5.952995300292969,68,,,,,0.580081,,1.456733,0.113894
1087,122340,500.0,380.39,,4.184840570688248,5.952995300292969,68,,,,,0.580081,,1.456733,0.113894
1088,122840,500.0,380.62,,4.130144814252853,6.193648099899292,69,,,,,0.575661,,2.405301,0.214653
1089,123295,455.0,380.93,,4.130144814252853,6.193648099899292,69,,,,,0.575661,,2.405301,0.214653
1090,123795,500.0,385.22,,4.130144814252853,6.193648099899292,69,,,,,0.575661,,2.405301,0.214653
1091,124175,380.0,386.06,,4.130144814252853,6.193648099899292,69,,,,,0.575661,,2.405301,0.214653
1092,124609,434.0,385.4,,4.130144814252853,6.193648099899292,69,,,,,0.575661,,2.405301,0.214653
1093,125109,500.0,385.52,,4.130144814252853,6.193648099899292,69,,,,,0.575661,,2.405301,0.214653
1094,125452,343.0,383.95,,4.130144814252853,6.193648099899292,69,,,,,0.575661,,2.405301,0.214653
1095,125891,439.0,384.95,,4.130144814252853,6.193648099899292,69,,,,,0.575661,,2.405301,0.214653
1096,126251,360.0,385.44,,4.130144814252853,6.193648099899292,69,,,,,0.575661,,2.405301,0.214653
1097,126751,500.0,388.48,,4.130144814252853,6.193648099899292,69,,,,,0.575661,,2.405301,0.214653
1098,127251,500.0,391.95,,4.130144814252853,6.193648099899292,69,,,,,0.575661,,2.405301,0.214653
1099,127729,478.0,392.04,,4.130144814252853,6.193648099899292,69,,,500.0,0.0,0.575661,,2.405301,0.214653
1100,128229,500.0,395.34,,4.130144814252853,6.193648099899292,69,,,,,0.575661,,2.405301,0.214653
1101,128443,214.0,393.36,,4.130144814252853,6.193648099899292,69,,,,,0.575661,,2.405301,0.214653
1102,128578,135.0,389.71,,4.130144814252853,6.193648099899292,69,,,,,0.575661,,2.405301,0.214653
1103,128780,202.0,386.73,,4.130144814252853,6.193648099899292,69,,,,,0.575661,,2.405301,0.214653
1104,129045,265.0,385.28,,4.079248124361039,6.43561315536499,70,,,,,0.580392,,3.465009,0.183691
1105,129545,500.0,385.28,,4.079248124361039,6.43561315536499,70,,,,,0.580392,,3.465009,0.183691
1106,129997,452.0,386.86,,4.079248124361039,6.43561315536499,70,,,,,0.580392,,3.465009,0.183691
1107,130391,394.0,386.18,,4.079248124361039,6.43561315536499,70,,,,,0.580392,,3.465009,0.183691
1108,130644,253.0,386.11,,4.079248124361039,6.43561315536499,70,,,,,0.580392,,3.465009,0.183691
1109,130843,199.0,385.42,,4.079248124361039,6.43561315536499,70,,,,,0.580392,,3.465009,0.183691
1110,131343,500.0,385.42,,4.079248124361039,6.43561315536499,70,,,,,0.580392,,3.465009,0.183691
1111,131722,379.0,385.48,,4.079248124361039,6.43561315536499,70,,,,,0.580392,,3.465009,0.183691
1112,132078,356.0,384.46,,4.079248124361039,6.43561315536499,70,,,,,0.580392,,3.465009,0.183691
1113,132309,231.0,384.29,,4.079248124361039,6.43561315536499,70,,,,,0.580392,,3.465009,0.183691
1114,132518,209.0,381.38,,4.079248124361039,6.43561315536499,70,,,,,0.580392,,3.465009,0.183691
1115,132721,203.0,378.41,,4.079248124361039,6.43561315536499,70,,,,,0.580392,,3.465009,0.183691
1116,132961,240.0,375.81,,4.079248124361039,6.43561315536499,70,,,,,0.580392,,3.465009,0.183691
1117,133461,500.0,375.81,,4.079248124361039,6.43561315536499,70,,,,,0.580392,,3.465009,0.183691
1118,133633,172.0,374.43,,4.079248124361039,6.43561315536499,70,,,,,0.580392,,3.465009,0.183691
1119,134133,500.0,376.31,,4.079248124361039,6.43561315536499,70,,,,,0.580392,,3.465009,0.183691
1120,134520,387.0,375.75,,4.028309096097946,6.6707518100738525,71,,,,,0.584210,,3.346208,0.186985
1121,134704,184.0,373.22,,4.028309096097946,6.6707518100738525,71,,,,,0.584210,,3.346208,0.186985
1122,134996,292.0,374.73,,4.028309096097946,6.6707518100738525,71,,,,,0.584210,,3.346208,0.186985
1123,135496,500.0,374.78,,4.028309096097946,6.6707518100738525,71,,,,,0.584210,,3.346208,0.186985
1124,135746,250.0,372.28,,4.028309096097946,6.6707518100738525,71,,,,,0.584210,,3.346208,0.186985
1125,135982,236.0,369.7,,4.028309096097946,6.6707518100738525,71,,,,,0.584210,,3.346208,0.186985
1126,136261,279.0,370.43,,4.028309096097946,6.6707518100738525,71,,,,,0.584210,,3.346208,0.186985
1127,136464,203.0,367.46,,4.028309096097946,6.6707518100738525,71,,,,,0.584210,,3.346208,0.186985
1128,136889,425.0,368.35,,4.028309096097946,6.6707518100738525,71,,,,,0.584210,,3.346208,0.186985
1129,137389,500.0,368.35,,4.028309096097946,6.6707518100738525,71,,,,,0.584210,,3.346208,0.186985
1130,137688,299.0,367.45,,4.028309096097946,6.6707518100738525,71,,,,,0.584210,,3.346208,0.186985
1131,138023,335.0,366.89,,4.028309096097946,6.6707518100738525,71,,,,,0.584210,,3.346208,0.186985
1132,138381,358.0,368.42,,4.028309096097946,6.6707518100738525,71,,,,,0.584210,,3.346208,0.186985
1133,138677,296.0,369.7,,4.028309096097946,6.6707518100738525,71,,,,,0.584210,,3.346208,0.186985
1134,139177,500.0,369.7,,4.028309096097946,6.6707518100738525,71,,,,,0.584210,,3.346208,0.186985
1135,139677,500.0,372.81,,4.028309096097946,6.6707518100738525,71,,,,,0.584210,,3.346208,0.186985
1136,140177,500.0,375.11,,3.977084389925003,6.907024145126343,72,,,,,0.580722,,3.422122,0.272619
1137,140354,177.0,374.86,,3.977084389925003,6.907024145126343,72,,,,,0.580722,,3.422122,0.272619
1138,140557,203.0,372.72,,3.977084389925003,6.907024145126343,72,,,,,0.580722,,3.422122,0.272619
1139,140855,298.0,371.68,,3.977084389925003,6.907024145126343,72,,,,,0.580722,,3.422122,0.272619
1140,141152,297.0,373.03,,3.977084389925003,6.907024145126343,72,,,,,0.580722,,3.422122,0.272619
1141,141400,248.0,373.36,,3.977084389925003,6.907024145126343,72,,,,,0.580722,,3.422122,0.272619
1142,141900,500.0,373.36,,3.977084389925003,6.907024145126343,72,,,,,0.580722,,3.422122,0.272619
1143,142216,316.0,372.25,,3.977084389925003,6.907024145126343,72,,,,,0.580722,,3.422122,0.272619
1144,142466,250.0,369.75,,3.977084389925003,6.907024145126343,72,,,,,0.580722,,3.422122,0.272619
1145,142726,260.0,370.92,,3.977084389925003,6.907024145126343,72,,,,,0.580722,,3.422122,0.272619
1146,143036,310.0,369.32,,3.977084389925003,6.907024145126343,72,,,,,0.580722,,3.422122,0.272619
1147,143339,303.0,370.49,,3.977084389925003,6.907024145126343,72,,,,,0.580722,,3.422122,0.272619
1148,143839,500.0,370.49,,3.977084389925003,6.907024145126343,72,,,,,0.580722,,3.422122,0.272619
1149,144339,500.0,373.13,,3.977084389925003,6.907024145126343,72,,,500.0,0.0,0.580722,,3.422122,0.272619
1150,144721,382.0,373.96,,3.977084389925003,6.907024145126343,72,,,,,0.580722,,3.422122,0.272619
1151,144986,265.0,374.62,,3.977084389925003,6.907024145126343,72,,,,,0.580722,,3.422122,0.272619
1152,145486,500.0,374.62,,3.9014757430553435,7.150388479232788,73,,,,,0.580880,,1.382153,0.326839
1153,145748,262.0,373.74,,3.9014757430553435,7.150388479232788,73,,,,,0.580880,,1.382153,0.326839
1154,146248,500.0,376.89,,3.9014757430553435,7.150388479232788,73,,,,,0.580880,,1.382153,0.326839
1155,146712,464.0,376.53,,3.9014757430553435,7.150388479232788,73,,,,,0.580880,,1.382153,0.326839
1156,147212,500.0,377.07,,3.9014757430553435,7.150388479232788,73,,,,,0.580880,,1.382153,0.326839
1157,147565,353.0,375.6,,3.9014757430553435,7.151394844055176,73,,,,,0.580880,,1.382153,0.326839
1158,148065,500.0,375.6,,3.9014757430553435,7.151394844055176,73,,,,,0.580880,,1.382153,0.326839
1159,148273,208.0,373.32,,3.9014757430553435,7.151394844055176,73,,,,,0.580880,,1.382153,0.326839
1160,148773,500.0,373.32,,3.9014757430553435,7.151394844055176,73,,,,,0.580880,,1.382153,0.326839
1161,149273,500.0,376.53,,3.9014757430553435,7.151394844055176,73,,,,,0.580880,,1.382153,0.326839
1162,149494,221.0,375.18,,3.9014757430553435,7.151394844055176,73,,,,,0.580880,,1.382153,0.326839
1163,149994,500.0,375.18,,3.9014757430553435,7.151394844055176,73,,,,,0.580880,,1.382153,0.326839
1164,150163,169.0,374.44,,3.9014757430553435,7.151394844055176,73,,,,,0.580880,,1.382153,0.326839
1165,150663,500.0,374.44,,3.9014757430553435,7.151394844055176,73,,,,,0.580880,,1.382153,0.326839
1166,151163,500.0,375.44,,3.9014757430553435,7.151394844055176,73,,,,,0.580880,,1.382153,0.326839
1167,151663,500.0,375.44,,3.9014757430553435,7.151394844055176,73,,,,,0.580880,,1.382153,0.326839
1168,151825,162.0,372.06,,3.8325914478302003,7.387380123138428,74,,,,,0.580435,,1.923625,0.406440
1169,152325,500.0,372.06,,3.8325914478302003,7.387380123138428,74,,,,,0.580435,,1.923625,0.406440
1170,152561,236.0,372.03,,3.8325914478302003,7.387380123138428,74,,,,,0.580435,,1.923625,0.406440
1171,153061,500.0,373.58,,3.8325914478302003,7.387380123138428,74,,,,,0.580435,,1.923625,0.406440
1172,153561,500.0,373.58,,3.8325914478302003,7.387380123138428,74,,,,,0.580435,,1.923625,0.406440
1173,153833,272.0,374.29,,3.8325914478302003,7.387380123138428,74,,,,,0.580435,,1.923625,0.406440
1174,154333,500.0,374.29,,3.8325914478302003,7.387380123138428,74,,,,,0.580435,,1.923625,0.406440
1175,154833,500.0,376.47,,3.8325914478302003,7.387380123138428,74,,,,,0.580435,,1.923625,0.406440
1176,155180,347.0,374.94,,3.8325914478302003,7.387380123138428,74,,,,,0.580435,,1.923625,0.406440
1177,155609,429.0,374.23,,3.8325914478302003,7.387380123138428,74,,,,,0.580435,,1.923625,0.406440
1178,156109,500.0,374.23,,3.8325914478302003,7.387380123138428,74,,,,,0.580435,,1.923625,0.406440
1179,156445,336.0,373.49,,3.8325914478302003,7.387380123138428,74,,,,,0.580435,,1.923625,0.406440
1180,156945,500.0,377.08,,3.8325914478302003,7.387380123138428,74,,,,,0.580435,,1.923625,0.406440
1181,157154,209.0,374.17,,3.8325914478302003,7.387380123138428,74,,,,,0.580435,,1.923625,0.406440
1182,157654,500.0,377.46,,3.8325914478302003,7.387380123138428,74,,,,,0.580435,,1.923625,0.406440
1183,158000,346.0,375.92,,3.8325914478302003,7.387380123138428,74,,,,,0.580435,,1.923625,0.406440
1184,158261,261.0,373.53,,3.7665742659568786,7.622300386428833,75,,,,,0.577145,,2.260465,0.567745
1185,158554,293.0,372.14,,3.7665742659568786,7.622300386428833,75,,,,,0.577145,,2.260465,0.567745
1186,158908,354.0,370.68,,3.7665742659568786,7.622300386428833,75,,,,,0.577145,,2.260465,0.567745
1187,159193,285.0,368.53,,3.7665742659568786,7.622300386428833,75,,,,,0.577145,,2.260465,0.567745
1188,159457,264.0,366.17,,3.7665742659568786,7.622300386428833,75,,,,,0.577145,,2.260465,0.567745
1189,159957,500.0,366.62,,3.7665742659568786,7.622300386428833,75,,,,,0.577145,,2.260465,0.567745
1190,160212,255.0,364.17,,3.7665742659568786,7.622300386428833,75,,,,,0.577145,,2.260465,0.567745
1191,160712,500.0,365.37,,3.7665742659568786,7.622300386428833,75,,,,,0.577145,,2.260465,0.567745
1192,160872,160.0,362.63,,3.7665742659568786,7.622300386428833,75,,,,,0.577145,,2.260465,0.567745
1193,161372,500.0,362.63,,3.7665742659568786,7.622300386428833,75,,,,,0.577145,,2.260465,0.567745
1194,161872,500.0,364.2,,3.7665742659568786,7.622300386428833,75,,,,,0.577145,,2.260465,0.567745
1195,162193,321.0,363.02,,3.7665742659568786,7.622300386428833,75,,,,,0.577145,,2.260465,0.567745
1196,162693,500.0,364.42,,3.7665742659568786,7.622300386428833,75,,,,,0.577145,,2.260465,0.567745
1197,162886,193.0,361.35,,3.7665742659568786,7.622300386428833,75,,,,,0.577145,,2.260465,0.567745
1198,163386,500.0,361.35,,3.7665742659568786,7.622300386428833,75,,,,,0.577145,,2.260465,0.567745
1199,163886,500.0,361.57,,3.7665742659568786,7.622300386428833,75,,,500.0,0.0,0.577145,,2.260465,0.567745
1200,164386,500.0,361.57,,3.695625227689743,7.863322019577026,76,,,,,0.578629,,1.943775,0.697477
1201,164808,422.0,363.65,,3.695625227689743,7.863322019577026,76,,,,,0.578629,,1.943775,0.697477
1202,165297,489.0,367.19,,3.695625227689743,7.863322019577026,76,,,,,0.578629,,1.943775,0.697477
1203,165797,500.0,370.17,,3.695625227689743,7.863322019577026,76,,,,,0.578629,,1.943775,0.697477
1204,166297,500.0,372.52,,3.695625227689743,7.863322019577026,76,,,,,0.578629,,1.943775,0.697477
1205,166556,259.0,370.11,,3.695625227689743,7.863322019577026,76,,,,,0.578629,,1.943775,0.697477
1206,166811,255.0,368.14,,3.695625227689743,7.863322019577026,76,,,,,0.578629,,1.943775,0.697477
1207,167311,500.0,369.2,,3.695625227689743,7.863322019577026,76,,,,,0.578629,,1.943775,0.697477
1208,167811,500.0,371.67,,3.695625227689743,7.863322019577026,76,,,,,0.578629,,1.943775,0.697477
1209,168154,343.0,373.11,,3.695625227689743,7.863322019577026,76,,,,,0.578629,,1.943775,0.697477
1210,168473,319.0,371.3,,3.695625227689743,7.863322019577026,76,,,,,0.578629,,1.943775,0.697477
1211,168973,500.0,372.51,,3.695625227689743,7.863322019577026,76,,,,,0.578629,,1.943775,0.697477
1212,169128,155.0,370.5,,3.695625227689743,7.863322019577026,76,,,,,0.578629,,1.943775,0.697477
1213,169628,500.0,373.19,,3.695625227689743,7.863322019577026,76,,,,,0.578629,,1.943775,0.697477
1214,170128,500.0,376.1,,3.695625227689743,7.863322019577026,76,,,,,0.578629,,1.943775,0.697477
1215,170362,234.0,376.41,,3.695625227689743,7.863322019577026,76,,,,,0.578629,,1.943775,0.697477
1216,170862,500.0,379.01,,3.618219848871231,8.098712682723999,77,,,,,0.575860,,1.543482,0.772592
1217,171362,500.0,379.01,,3.618219848871231,8.098712682723999,77,,,,,0.575860,,1.543482,0.772592
1218,171636,274.0,380.03,,3.618219848871231,8.098712682723999,77,,,,,0.575860,,1.543482,0.772592
1219,172113,477.0,379.8,,3.618219848871231,8.098712682723999,77,,,,,0.575860,,1.543482,0.772592
1220,172334,221.0,378.14,,3.618219848871231,8.098712682723999,77,,,,,0.575860,,1.543482,0.772592
1221,172834,500.0,381.3,,3.618219848871231,8.098712682723999,77,,,,,0.575860,,1.543482,0.772592
1222,173334,500.0,383.38,,3.618219848871231,8.098712682723999,77,,,,,0.575860,,1.543482,0.772592
1223,173834,500.0,383.38,,3.618219848871231,8.098712682723999,77,,,,,0.575860,,1.543482,0.772592
1224,174059,225.0,383.13,,3.618219848871231,8.098712682723999,77,,,,,0.575860,,1.543482,0.772592
1225,174422,363.0,384.4,,3.618219848871231,8.098712682723999,77,,,,,0.575860,,1.543482,0.772592
1226,174726,304.0,384.65,,3.618219848871231,8.098712682723999,77,,,,,0.575860,,1.543482,0.772592
1227,175226,500.0,387.62,,3.618219848871231,8.098712682723999,77,,,,,0.575860,,1.543482,0.772592
1228,175726,500.0,388.37,,3.618219848871231,8.098712682723999,77,,,,,0.575860,,1.543482,0.772592
1229,176226,500.0,388.37,,3.618219848871231,8.098712682723999,77,,,,,0.575860,,1.543482,0.772592
1230,176464,238.0,387.76,,3.618219848871231,8.098712682723999,77,,,,,0.575860,,1.543482,0.772592
1231,176964,500.0,389.41,,3.618219848871231,8.098712682723999,77,,,,,0.575860,,1.543482,0.772592
1232,177220,256.0,388.39,,3.5451675200462343,8.335229873657227,78,,,,,0.576484,,1.506314,0.798820
1233,177720,500.0,390.43,,3.5451675200462343,8.336230993270874,78,,,,,0.576484,,1.506314,0.798820
1234,178220,500.0,390.43,,3.5451675200462343,8.336230993270874,78,,,,,0.576484,,1.506314,0.798820
1235,178720,500.0,390.43,,3.5451675200462343,8.336230993270874,78,,,,,0.576484,,1.506314,0.798820
1236,179155,435.0,389.78,,3.5451675200462343,8.336230993270874,78,,,,,0.576484,,1.506314,0.798820
1237,179655,500.0,393.01,,3.5451675200462343,8.336230993270874,78,,,,,0.576484,,1.506314,0.798820
1238,180155,500.0,395.98,,3.5451675200462343,8.336230993270874,78,,,,,0.576484,,1.506314,0.798820
1239,180554,399.0,396.99,,3.5451675200462343,8.336230993270874,78,,,,,0.576484,,1.506314,0.798820
1240,181054,500.0,399.02,,3.5451675200462343,8.336230993270874,78,,,,,0.576484,,1.506314,0.798820
1241,181268,214.0,398.68,,3.5451675200462343,8.336230993270874,78,,,,,0.576484,,1.506314,0.798820
1242,181768,500.0,398.68,,3.5451675200462343,8.336230993270874,78,,,,,0.576484,,1.506314,0.798820
1243,182268,500.0,400.52,,3.5451675200462343,8.336230993270874,78,,,,,0.576484,,1.506314,0.798820
1244,182768,500.0,403.02,,3.5451675200462343,8.336230993270874,78,,,,,0.576484,,1.506314,0.798820
1245,182966,198.0,402.4,,3.5451675200462343,8.336230993270874,78,,,,,0.576484,,1.506314,0.798820
1246,183466,500.0,404.3,,3.5451675200462343,8.336230993270874,78,,,,,0.576484,,1.506314,0.798820
1247,183966,500.0,406.27,,3.5451675200462343,8.336230993270874,78,,,,,0.576484,,1.506314,0.798820
1248,184403,437.0,405.64,,3.4638616073131563,8.57570195198059,79,,,,,0.575299,,1.098710,0.859253
1249,184903,500.0,405.64,,3.4638616073131563,8.57570195198059,79,,,500.0,0.0,0.575299,,1.098710,0.859253
1250,185403,500.0,406.82,,3.4638616073131563,8.57570195198059,79,,,,,0.575299,,1.098710,0.859253
1251,185903,500.0,409.17,,3.4638616073131563,8.57570195198059,79,,,,,0.575299,,1.098710,0.859253
1252,186403,500.0,409.17,,3.4638616073131563,8.57570195198059,79,,,,,0.575299,,1.098710,0.859253
1253,186903,500.0,411.55,,3.4638616073131563,8.57570195198059,79,,,,,0.575299,,1.098710,0.859253
1254,187403,500.0,411.55,,3.4638616073131563,8.57570195198059,79,,,,,0.575299,,1.098710,0.859253
1255,187841,438.0,411.29,,3.4638616073131563,8.57570195198059,79,,,,,0.575299,,1.098710,0.859253
1256,188341,500.0,411.29,,3.4638616073131563,8.57570195198059,79,,,,,0.575299,,1.098710,0.859253
1257,188841,500.0,412.76,,3.4638616073131563,8.57570195198059,79,,,,,0.575299,,1.098710,0.859253
1258,189341,500.0,412.76,,3.4638616073131563,8.57570195198059,79,,,,,0.575299,,1.098710,0.859253
1259,189841,500.0,415.68,,3.4638616073131563,8.57570195198059,79,,,,,0.575299,,1.098710,0.859253
1260,190341,500.0,415.68,,3.4638616073131563,8.57570195198059,79,,,,,0.575299,,1.098710,0.859253
1261,190841,500.0,415.68,,3.4638616073131563,8.57570195198059,79,,,,,0.575299,,1.098710,0.859253
1262,191341,500.0,418.47,,3.4638616073131563,8.57570195198059,79,,,,,0.575299,,1.098710,0.859253
1263,191841,500.0,418.47,,3.4638616073131563,8.57570195198059,79,,,,,0.575299,,1.098710,0.859253
1264,192341,500.0,421.78,,3.380484904050827,8.812739610671997,80,,,,,0.570627,,1.073911,0.691435
1265,192841,500.0,421.78,,3.380484904050827,8.812739610671997,80,,,,,0.570627,,1.073911,0.691435
1266,193341,500.0,421.78,,3.380484904050827,8.812739610671997,80,,,,,0.570627,,1.073911,0.691435
1267,193841,500.0,421.78,,3.380484904050827,8.812739610671997,80,,,,,0.570627,,1.073911,0.691435
1268,194341,500.0,425.16,,3.380484904050827,8.812739610671997,80,,,,,0.570627,,1.073911,0.691435
1269,194841,500.0,425.16,,3.380484904050827,8.813745975494385,80,,,,,0.570627,,1.073911,0.691435
1270,195341,500.0,427.8,,3.380484904050827,8.813745975494385,80,,,,,0.570627,,1.073911,0.691435
1271,195841,500.0,427.8,,3.380484904050827,8.813745975494385,80,,,,,0.570627,,1.073911,0.691435
1272,196341,500.0,427.8,,3.380484904050827,8.813745975494385,80,,,,,0.570627,,1.073911,0.691435
1273,196841,500.0,430.08,,3.380484904050827,8.813745975494385,80,,,,,0.570627,,1.073911,0.691435
1274,197341,500.0,430.08,,3.380484904050827,8.813745975494385,80,,,,,0.570627,,1.073911,0.691435
1275,197841,500.0,430.08,,3.380484904050827,8.813745975494385,80,,,,,0.570627,,1.073911,0.691435
1276,198329,488.0,431.49,,3.380484904050827,8.813745975494385,80,,,,,0.570627,,1.073911,0.691435
1277,198829,500.0,432.2,,3.380484904050827,8.813745975494385,80,,,,,0.570627,,1.073911,0.691435
1278,199329,500.0,432.2,,3.380484904050827,8.813745975494385,80,,,,,0.570627,,1.073911,0.691435
1279,199829,500.0,433.84,,3.380484904050827,8.813745975494385,80,,,,,0.570627,,1.073911,0.691435
1280,200329,500.0,433.84,,3.285352199077606,9.0491361618042,81,,,,,0.570432,,0.893449,0.744522
1281,200829,500.0,436.75,,3.285352199077606,9.0491361618042,81,,,,,0.570432,,0.893449,0.744522
1282,201329,500.0,436.75,,3.285352199077606,9.0491361618042,81,,,,,0.570432,,0.893449,0.744522
1283,201829,500.0,438.29,,3.285352199077606,9.0491361618042,81,,,,,0.570432,,0.893449,0.744522
1284,202329,500.0,440.68,,3.285352199077606,9.0491361618042,81,,,,,0.570432,,0.893449,0.744522
1285,202829,500.0,442.75,,3.285352199077606,9.0491361618042,81,,,,,0.570432,,0.893449,0.744522
1286,203329,500.0,444.21,,3.285352199077606,9.050138711929321,81,,,,,0.570432,,0.893449,0.744522
1287,203829,500.0,446.36,,3.285352199077606,9.050138711929321,81,,,,,0.570432,,0.893449,0.744522
1288,204329,500.0,448.72,,3.285352199077606,9.050138711929321,81,,,,,0.570432,,0.893449,0.744522
1289,204829,500.0,448.72,,3.285352199077606,9.050138711929321,81,,,,,0.570432,,0.893449,0.744522
1290,205329,500.0,451.17,,3.285352199077606,9.050138711929321,81,,,,,0.570432,,0.893449,0.744522
1291,205829,500.0,451.17,,3.285352199077606,9.050138711929321,81,,,,,0.570432,,0.893449,0.744522
1292,206329,500.0,454.57,,3.285352199077606,9.050138711929321,81,,,,,0.570432,,0.893449,0.744522
1293,206829,500.0,454.57,,3.285352199077606,9.050138711929321,81,,,,,0.570432,,0.893449,0.744522
1294,207329,500.0,454.57,,3.285352199077606,9.050138711929321,81,,,,,0.570432,,0.893449,0.744522
1295,207829,500.0,456.36,,3.285352199077606,9.050138711929321,81,,,,,0.570432,,0.893449,0.744522
1296,208329,500.0,456.36,,3.2083131408691408,9.289308786392212,82,,,,,0.572988,,0.565528,0.753984
1297,208829,500.0,459.43,,3.2083131408691408,9.289308786392212,82,,,,,0.572988,,0.565528,0.753984
1298,209329,500.0,459.43,,3.2083131408691408,9.289308786392212,82,,,,,0.572988,,0.565528,0.753984
1299,209829,500.0,459.43,,3.2083131408691408,9.289308786392212,82,,,500.0,0.0,0.572988,,0.565528,0.753984
1300,210329,500.0,459.43,,3.2083131408691408,9.289308786392212,82,,,,,0.572988,,0.565528,0.753984
1301,210829,500.0,460.21,,3.2083131408691408,9.289308786392212,82,,,,,0.572988,,0.565528,0.753984
1302,211329,500.0,460.32,,3.2083131408691408,9.289308786392212,82,,,,,0.572988,,0.565528,0.753984
1303,211829,500.0,460.32,,3.2083131408691408,9.289308786392212,82,,,,,0.572988,,0.565528,0.753984
1304,212329,500.0,460.32,,3.2083131408691408,9.289308786392212,82,,,,,0.572988,,0.565528,0.753984
1305,212829,500.0,462.73,,3.2083131408691408,9.289308786392212,82,,,,,0.572988,,0.565528,0.753984
1306,213329,500.0,465.18,,3.2083131408691408,9.289308786392212,82,,,,,0.572988,,0.565528,0.753984
1307,213829,500.0,465.18,,3.2083131408691408,9.289308786392212,82,,,,,0.572988,,0.565528,0.753984
1308,214329,500.0,465.18,,3.2083131408691408,9.289308786392212,82,,,,,0.572988,,0.565528,0.753984
1309,214829,500.0,466.75,,3.2083131408691408,9.289308786392212,82,,,,,0.572988,,0.565528,0.753984
1310,215329,500.0,468.56,,3.2083131408691408,9.289308786392212,82,,,,,0.572988,,0.565528,0.753984
1311,215829,500.0,468.56,,3.2083131408691408,9.289308786392212,82,,,,,0.572988,,0.565528,0.753984
1312,216329,500.0,472.01,,3.1181075672805307,9.526817083358765,83,,,,,0.571222,,0.128288,0.904390
1313,216829,500.0,472.01,,3.1181075672805307,9.526817083358765,83,,,,,0.571222,,0.128288,0.904390
1314,217329,500.0,472.01,,3.1181075672805307,9.526817083358765,83,,,,,0.571222,,0.128288,0.904390
1315,217829,500.0,474.67,,3.1181075672805307,9.526817083358765,83,,,,,0.571222,,0.128288,0.904390
1316,218329,500.0,474.67,,3.1181075672805307,9.526817083358765,83,,,,,0.571222,,0.128288,0.904390
1317,218829,500.0,474.67,,3.1181075672805307,9.526817083358765,83,,,,,0.571222,,0.128288,0.904390
1318,219329,500.0,476.93,,3.1181075672805307,9.526817083358765,83,,,,,0.571222,,0.128288,0.904390
