episode,total_env_steps,episode_reward,avg_reward_100,epsilon,mean_loss,wall_clock_s,grad_steps,w,lam,eval_mean_reward,eval_std_reward,entropy,beta,value_loss,explained_variance
0,14,14.0,14.0,,12.102884292602539,0.18470144271850586,1,,"0.990007,0.990000,1.010000,0.990000",,,0.686109,0.937963,24.181181,-0.031059
1,41,27.0,20.5,,12.102884292602539,0.18470144271850586,1,,"0.990007,0.990000,1.010000,0.990000",,,0.686109,0.937963,24.181181,-0.031059
2,62,21.0,20.666666666666668,,12.102884292602539,0.18470144271850586,1,,"0.990007,0.990000,1.010000,0.990000",,,0.686109,0.937963,24.181181,-0.031059
3,85,23.0,21.25,,12.102884292602539,0.18470144271850586,1,,"0.990007,0.990000,1.010000,0.990000",,,0.686109,0.937963,24.181181,-0.031059
4,117,32.0,23.4,,12.102884292602539,0.18715977668762207,1,,"0.990007,0.990000,1.010000,0.990000",,,0.686109,0.937963,24.181181,-0.031059
5,132,15.0,22.0,,12.102884292602539,0.18715977668762207,1,,"0.990007,0.990000,1.010000,0.990000",,,0.686109,0.937963,24.181181,-0.031059
6,166,34.0,23.714285714285715,,12.102884292602539,0.18715977668762207,1,,"0.990007,0.990000,1.010000,0.990000",,,0.686109,0.937963,24.181181,-0.031059
7,178,12.0,22.25,,12.102884292602539,0.18715977668762207,1,,"0.990007,0.990000,1.010000,0.990000",,,0.686109,0.937963,24.181181,-0.031059
8,202,24.0,22.444444444444443,,12.102884292602539,0.18715977668762207,1,,"0.990007,0.990000,1.010000,0.990000",,,0.686109,0.937963,24.181181,-0.031059
9,219,17.0,21.9,,12.102884292602539,0.18715977668762207,1,,"0.990007,0.990000,1.010000,0.990000",,,0.686109,0.937963,24.181181,-0.031059
10,245,26.0,22.272727272727273,,12.102884292602539,0.18715977668762207,1,,"0.990007,0.990000,1.010000,0.990000",,,0.686109,0.937963,24.181181,-0.031059
11,262,17.0,21.833333333333332,,12.102884292602539,0.18715977668762207,1,,"0.990007,0.990000,1.010000,0.990000",,,0.686109,0.937963,24.181181,-0.031059
12,296,34.0,22.76923076923077,,12.102884292602539,0.18715977668762207,1,,"0.990007,0.990000,1.010000,0.990000",,,0.686109,0.937963,24.181181,-0.031059
13,307,11.0,21.928571428571427,,12.102884292602539,0.18715977668762207,1,,"0.990007,0.990000,1.010000,0.990000",,,0.686109,0.937963,24.181181,-0.031059
14,325,18.0,21.666666666666668,,12.102884292602539,0.18715977668762207,1,,"0.990007,0.990000,1.010000,0.990000",,,0.686109,0.937963,24.181181,-0.031059
15,336,11.0,21.0,,12.102884292602539,0.18715977668762207,1,,"0.990007,0.990000,1.010000,0.990000",,,0.686109,0.937963,24.181181,-0.031059
16,348,12.0,20.470588235294116,,11.636075973510742,0.3935716152191162,2,,"0.989727,0.980745,1.012516,0.991352",,,0.686229,0.961028,22.352438,0.018109
17,360,12.0,20.0,,11.636075973510742,0.3935716152191162,2,,"0.989727,0.980745,1.012516,0.991352",,,0.686229,0.961028,22.352438,0.018109
18,382,22.0,20.105263157894736,,11.636075973510742,0.3935716152191162,2,,"0.989727,0.980745,1.012516,0.991352",,,0.686229,0.961028,22.352438,0.018109
19,395,13.0,19.75,,11.636075973510742,0.3935716152191162,2,,"0.989727,0.980745,1.012516,0.991352",,,0.686229,0.961028,22.352438,0.018109
20,451,56.0,21.476190476190474,,11.636075973510742,0.3935716152191162,2,,"0.989727,0.980745,1.012516,0.991352",,,0.686229,0.961028,22.352438,0.018109
21,471,20.0,21.40909090909091,,11.636075973510742,0.3935716152191162,2,,"0.989727,0.980745,1.012516,0.991352",,,0.686229,0.961028,22.352438,0.018109
22,487,16.0,21.17391304347826,,11.636075973510742,0.3935716152191162,2,,"0.989727,0.980745,1.012516,0.991352",,,0.686229,0.961028,22.352438,0.018109
23,505,18.0,21.041666666666668,,11.636075973510742,0.3935716152191162,2,,"0.989727,0.980745,1.012516,0.991352",,,0.686229,0.961028,22.352438,0.018109
24,517,12.0,20.68,,11.636075973510742,0.3935716152191162,2,,"0.989727,0.980745,1.012516,0.991352",,,0.686229,0.961028,22.352438,0.018109
25,537,20.0,20.653846153846153,,11.636075973510742,0.3935716152191162,2,,"0.989727,0.980745,1.012516,0.991352",,,0.686229,0.961028,22.352438,0.018109
26,560,23.0,20.74074074074074,,11.636075973510742,0.39456939697265625,2,,"0.989727,0.980745,1.012516,0.991352",,,0.686229,0.961028,22.352438,0.018109
27,572,12.0,20.428571428571427,,11.636075973510742,0.39456939697265625,2,,"0.989727,0.980745,1.012516,0.991352",,,0.686229,0.961028,22.352438,0.018109
28,591,19.0,20.379310344827587,,11.636075973510742,0.39456939697265625,2,,"0.989727,0.980745,1.012516,0.991352",,,0.686229,0.961028,22.352438,0.018109
29,612,21.0,20.4,,11.636075973510742,0.39456939697265625,2,,"0.989727,0.980745,1.012516,0.991352",,,0.686229,0.961028,22.352438,0.018109
30,624,12.0,20.129032258064516,,11.636075973510742,0.39456939697265625,2,,"0.989727,0.980745,1.012516,0.991352",,,0.686229,0.961028,22.352438,0.018109
31,647,23.0,20.21875,,11.636075973510742,0.39456939697265625,2,,"0.989727,0.980745,1.012516,0.991352",,,0.686229,0.961028,22.352438,0.018109
32,665,18.0,20.151515151515152,,11.13989226023356,0.5288867950439453,3,,"0.987515,0.977492,1.015365,0.989624",,,0.685226,0.984514,20.288248,-0.008811
33,681,16.0,20.029411764705884,,11.13989226023356,0.5288867950439453,3,,"0.987515,0.977492,1.015365,0.989624",,,0.685226,0.984514,20.288248,-0.008811
34,692,11.0,19.771428571428572,,11.13989226023356,0.5288867950439453,3,,"0.987515,0.977492,1.015365,0.989624",,,0.685226,0.984514,20.288248,-0.008811
35,721,29.0,20.02777777777778,,11.13989226023356,0.5288867950439453,3,,"0.987515,0.977492,1.015365,0.989624",,,0.685226,0.984514,20.288248,-0.008811
36,734,13.0,19.83783783783784,,11.13989226023356,0.5288867950439453,3,,"0.987515,0.977492,1.015365,0.989624",,,0.685226,0.984514,20.288248,-0.008811
37,754,20.0,19.842105263157894,,11.13989226023356,0.5288867950439453,3,,"0.987515,0.977492,1.015365,0.989624",,,0.685226,0.984514,20.288248,-0.008811
38,765,11.0,19.615384615384617,,11.13989226023356,0.5288867950439453,3,,"0.987515,0.977492,1.015365,0.989624",,,0.685226,0.984514,20.288248,-0.008811
39,791,26.0,19.775,,11.13989226023356,0.5288867950439453,3,,"0.987515,0.977492,1.015365,0.989624",,,0.685226,0.984514,20.288248,-0.008811
40,803,12.0,19.585365853658537,,11.13989226023356,0.5288867950439453,3,,"0.987515,0.977492,1.015365,0.989624",,,0.685226,0.984514,20.288248,-0.008811
41,825,22.0,19.642857142857142,,11.13989226023356,0.5288867950439453,3,,"0.987515,0.977492,1.015365,0.989624",,,0.685226,0.984514,20.288248,-0.008811
42,839,14.0,19.511627906976745,,11.13989226023356,0.5288867950439453,3,,"0.987515,0.977492,1.015365,0.989624",,,0.685226,0.984514,20.288248,-0.008811
43,856,17.0,19.454545454545453,,11.13989226023356,0.5288867950439453,3,,"0.987515,0.977492,1.015365,0.989624",,,0.685226,0.984514,20.288248,-0.008811
44,877,21.0,19.488888888888887,,11.13989226023356,0.5288867950439453,3,,"0.987515,0.977492,1.015365,0.989624",,,0.685226,0.984514,20.288248,-0.008811
45,901,24.0,19.58695652173913,,11.13989226023356,0.5288867950439453,3,,"0.987515,0.977492,1.015365,0.989624",,,0.685226,0.984514,20.288248,-0.008811
46,916,15.0,19.48936170212766,,11.13989226023356,0.5288867950439453,3,,"0.987515,0.977492,1.015365,0.989624",,,0.685226,0.984514,20.288248,-0.008811
47,936,20.0,19.5,,11.13989226023356,0.5288867950439453,3,,"0.987515,0.977492,1.015365,0.989624",,,0.685226,0.984514,20.288248,-0.008811
48,951,15.0,19.408163265306122,,9.989616990089417,0.9277150630950928,4,,"0.981563,0.971204,1.014108,0.984549",,,0.685274,1.021813,13.075060,-0.064015
49,975,24.0,19.5,,9.989616990089417,0.9277150630950928,4,,"0.981563,0.971204,1.014108,0.984549",307.2,236.17230997727063,0.685274,1.021813,13.075060,-0.064015
50,992,17.0,19.45098039215686,,9.989616990089417,0.9277150630950928,4,,"0.981563,0.971204,1.014108,0.984549",,,0.685274,1.021813,13.075060,-0.064015
51,1006,14.0,19.346153846153847,,9.989616990089417,0.9277150630950928,4,,"0.981563,0.971204,1.014108,0.984549",,,0.685274,1.021813,13.075060,-0.064015
52,1022,16.0,19.28301886792453,,9.989616990089417,0.9277150630950928,4,,"0.981563,0.971204,1.014108,0.984549",,,0.685274,1.021813,13.075060,-0.064015
53,1035,13.0,19.166666666666668,,9.989616990089417,0.9277150630950928,4,,"0.981563,0.971204,1.014108,0.984549",,,0.685274,1.021813,13.075060,-0.064015
54,1115,80.0,20.272727272727273,,9.989616990089417,0.9277150630950928,4,,"0.981563,0.971204,1.014108,0.984549",,,0.685274,1.021813,13.075060,-0.064015
55,1152,37.0,20.571428571428573,,9.989616990089417,0.9277150630950928,4,,"0.981563,0.971204,1.014108,0.984549",,,0.685274,1.021813,13.075060,-0.064015
56,1169,17.0,20.50877192982456,,9.989616990089417,0.9277150630950928,4,,"0.981563,0.971204,1.014108,0.984549",,,0.685274,1.021813,13.075060,-0.064015
57,1205,36.0,20.775862068965516,,9.989616990089417,0.9277150630950928,4,,"0.981563,0.971204,1.014108,0.984549",,,0.685274,1.021813,13.075060,-0.064015
58,1220,15.0,20.677966101694917,,9.989616990089417,0.9277150630950928,4,,"0.981563,0.971204,1.014108,0.984549",,,0.685274,1.021813,13.075060,-0.064015
59,1259,39.0,20.983333333333334,,9.989616990089417,0.9277150630950928,4,,"0.981563,0.971204,1.014108,0.984549",,,0.685274,1.021813,13.075060,-0.064015
60,1341,82.0,21.983606557377048,,9.989616990089417,0.9277150630950928,4,,"0.981563,0.971204,1.014108,0.984549",,,0.685274,1.021813,13.075060,-0.064015
61,1356,15.0,21.870967741935484,,9.989616990089417,0.9286098480224609,4,,"0.981563,0.971204,1.014108,0.984549",,,0.685274,1.021813,13.075060,-0.064015
62,1382,26.0,21.936507936507937,,9.989616990089417,0.9286098480224609,4,,"0.981563,0.971204,1.014108,0.984549",,,0.685274,1.021813,13.075060,-0.064015
63,1398,16.0,21.84375,,9.989616990089417,0.9286098480224609,4,,"0.981563,0.971204,1.014108,0.984549",,,0.685274,1.021813,13.075060,-0.064015
64,1414,16.0,21.753846153846155,,9.063663005828857,1.3063461780548096,5,,"0.974697,0.964554,1.019288,0.977855",,,0.683318,1.065260,10.739489,-0.086144
65,1435,21.0,21.742424242424242,,9.063663005828857,1.3063461780548096,5,,"0.974697,0.964554,1.019288,0.977855",,,0.683318,1.065260,10.739489,-0.086144
66,1476,41.0,22.029850746268657,,9.063663005828857,1.3063461780548096,5,,"0.974697,0.964554,1.019288,0.977855",,,0.683318,1.065260,10.739489,-0.086144
67,1580,104.0,23.235294117647058,,9.063663005828857,1.3063461780548096,5,,"0.974697,0.964554,1.019288,0.977855",,,0.683318,1.065260,10.739489,-0.086144
68,1601,21.0,23.202898550724637,,9.063663005828857,1.3063461780548096,5,,"0.974697,0.964554,1.019288,0.977855",,,0.683318,1.065260,10.739489,-0.086144
69,1615,14.0,23.071428571428573,,9.063663005828857,1.3063461780548096,5,,"0.974697,0.964554,1.019288,0.977855",,,0.683318,1.065260,10.739489,-0.086144
70,1645,30.0,23.169014084507044,,9.063663005828857,1.3063461780548096,5,,"0.974697,0.964554,1.019288,0.977855",,,0.683318,1.065260,10.739489,-0.086144
71,1673,28.0,23.23611111111111,,9.063663005828857,1.3063461780548096,5,,"0.974697,0.964554,1.019288,0.977855",,,0.683318,1.065260,10.739489,-0.086144
72,1692,19.0,23.17808219178082,,9.063663005828857,1.3063461780548096,5,,"0.974697,0.964554,1.019288,0.977855",,,0.683318,1.065260,10.739489,-0.086144
73,1732,40.0,23.405405405405407,,9.063663005828857,1.3063461780548096,5,,"0.974697,0.964554,1.019288,0.977855",,,0.683318,1.065260,10.739489,-0.086144
74,1757,25.0,23.426666666666666,,9.063663005828857,1.3063461780548096,5,,"0.974697,0.964554,1.019288,0.977855",,,0.683318,1.065260,10.739489,-0.086144
75,1777,20.0,23.38157894736842,,9.063663005828857,1.3073527812957764,5,,"0.974697,0.964554,1.019288,0.977855",,,0.683318,1.065260,10.739489,-0.086144
76,1814,37.0,23.558441558441558,,9.063663005828857,1.3073527812957764,5,,"0.974697,0.964554,1.019288,0.977855",,,0.683318,1.065260,10.739489,-0.086144
77,1859,45.0,23.833333333333332,,9.063663005828857,1.3073527812957764,5,,"0.974697,0.964554,1.019288,0.977855",,,0.683318,1.065260,10.739489,-0.086144
78,1891,32.0,23.936708860759495,,9.063663005828857,1.3073527812957764,5,,"0.974697,0.964554,1.019288,0.977855",,,0.683318,1.065260,10.739489,-0.086144
79,1902,11.0,23.775,,9.063663005828857,1.3073527812957764,5,,"0.974697,0.964554,1.019288,0.977855",,,0.683318,1.065260,10.739489,-0.086144
80,1916,14.0,23.65432098765432,,8.3930614789327,1.479013442993164,6,,"0.968805,0.960234,1.022960,0.976595",,,0.680028,1.115894,10.099078,-0.001038
81,1941,25.0,23.670731707317074,,8.3930614789327,1.479013442993164,6,,"0.968805,0.960234,1.022960,0.976595",,,0.680028,1.115894,10.099078,-0.001038
82,1953,12.0,23.53012048192771,,8.3930614789327,1.479013442993164,6,,"0.968805,0.960234,1.022960,0.976595",,,0.680028,1.115894,10.099078,-0.001038
83,1969,16.0,23.44047619047619,,8.3930614789327,1.479013442993164,6,,"0.968805,0.960234,1.022960,0.976595",,,0.680028,1.115894,10.099078,-0.001038
84,1993,24.0,23.44705882352941,,8.3930614789327,1.479013442993164,6,,"0.968805,0.960234,1.022960,0.976595",,,0.680028,1.115894,10.099078,-0.001038
85,2004,11.0,23.302325581395348,,8.3930614789327,1.479013442993164,6,,"0.968805,0.960234,1.022960,0.976595",,,0.680028,1.115894,10.099078,-0.001038
86,2030,26.0,23.333333333333332,,8.3930614789327,1.479013442993164,6,,"0.968805,0.960234,1.022960,0.976595",,,0.680028,1.115894,10.099078,-0.001038
87,2048,18.0,23.272727272727273,,8.3930614789327,1.479013442993164,6,,"0.968805,0.960234,1.022960,0.976595",,,0.680028,1.115894,10.099078,-0.001038
88,2063,15.0,23.179775280898877,,8.3930614789327,1.479013442993164,6,,"0.968805,0.960234,1.022960,0.976595",,,0.680028,1.115894,10.099078,-0.001038
89,2104,41.0,23.377777777777776,,8.3930614789327,1.479013442993164,6,,"0.968805,0.960234,1.022960,0.976595",,,0.680028,1.115894,10.099078,-0.001038
90,2132,28.0,23.428571428571427,,8.3930614789327,1.479013442993164,6,,"0.968805,0.960234,1.022960,0.976595",,,0.680028,1.115894,10.099078,-0.001038
91,2176,44.0,23.652173913043477,,8.3930614789327,1.479013442993164,6,,"0.968805,0.960234,1.022960,0.976595",,,0.680028,1.115894,10.099078,-0.001038
92,2199,23.0,23.64516129032258,,8.3930614789327,1.479013442993164,6,,"0.968805,0.960234,1.022960,0.976595",,,0.680028,1.115894,10.099078,-0.001038
93,2236,37.0,23.78723404255319,,8.3930614789327,1.479013442993164,6,,"0.968805,0.960234,1.022960,0.976595",,,0.680028,1.115894,10.099078,-0.001038
94,2249,13.0,23.673684210526314,,8.3930614789327,1.479013442993164,6,,"0.968805,0.960234,1.022960,0.976595",,,0.680028,1.115894,10.099078,-0.001038
95,2269,20.0,23.635416666666668,,8.3930614789327,1.479013442993164,6,,"0.968805,0.960234,1.022960,0.976595",,,0.680028,1.115894,10.099078,-0.001038
96,2283,14.0,23.536082474226806,,7.8035150936671664,1.7249326705932617,7,,"0.961744,0.956432,1.026569,0.972934",,,0.677797,1.170136,8.581782,-0.051523
97,2311,28.0,23.581632653061224,,7.8035150936671664,1.7249326705932617,7,,"0.961744,0.956432,1.026569,0.972934",,,0.677797,1.170136,8.581782,-0.051523
98,2325,14.0,23.484848484848484,,7.8035150936671664,1.7249326705932617,7,,"0.961744,0.956432,1.026569,0.972934",,,0.677797,1.170136,8.581782,-0.051523
99,2374,49.0,23.74,,7.8035150936671664,1.7249326705932617,7,,"0.961744,0.956432,1.026569,0.972934",402.4,195.2,0.677797,1.170136,8.581782,-0.051523
100,2389,15.0,23.75,,7.8035150936671664,1.7259342670440674,7,,"0.961744,0.956432,1.026569,0.972934",,,0.677797,1.170136,8.581782,-0.051523
101,2403,14.0,23.62,,7.8035150936671664,1.7259342670440674,7,,"0.961744,0.956432,1.026569,0.972934",,,0.677797,1.170136,8.581782,-0.051523
102,2420,17.0,23.58,,7.8035150936671664,1.7259342670440674,7,,"0.961744,0.956432,1.026569,0.972934",,,0.677797,1.170136,8.581782,-0.051523
103,2435,15.0,23.5,,7.8035150936671664,1.7259342670440674,7,,"0.961744,0.956432,1.026569,0.972934",,,0.677797,1.170136,8.581782,-0.051523
104,2484,49.0,23.67,,7.8035150936671664,1.7259342670440674,7,,"0.961744,0.956432,1.026569,0.972934",,,0.677797,1.170136,8.581782,-0.051523
105,2507,23.0,23.75,,7.8035150936671664,1.7259342670440674,7,,"0.961744,0.956432,1.026569,0.972934",,,0.677797,1.170136,8.581782,-0.051523
106,2540,33.0,23.74,,7.8035150936671664,1.7259342670440674,7,,"0.961744,0.956432,1.026569,0.972934",,,0.677797,1.170136,8.581782,-0.051523
107,2565,25.0,23.87,,7.8035150936671664,1.7259342670440674,7,,"0.961744,0.956432,1.026569,0.972934",,,0.677797,1.170136,8.581782,-0.051523
108,2585,20.0,23.83,,7.8035150936671664,1.7259342670440674,7,,"0.961744,0.956432,1.026569,0.972934",,,0.677797,1.170136,8.581782,-0.051523
109,2620,35.0,24.01,,7.8035150936671664,1.7259342670440674,7,,"0.961744,0.956432,1.026569,0.972934",,,0.677797,1.170136,8.581782,-0.051523
110,2638,18.0,23.93,,7.8035150936671664,1.7259342670440674,7,,"0.961744,0.956432,1.026569,0.972934",,,0.677797,1.170136,8.581782,-0.051523
111,2654,16.0,23.92,,7.8035150936671664,1.7259342670440674,7,,"0.961744,0.956432,1.026569,0.972934",,,0.677797,1.170136,8.581782,-0.051523
112,2669,15.0,23.73,,7.284520328044891,2.015367031097412,8,,"0.956760,0.950612,1.032334,0.967077",,,0.679195,1.223811,7.343192,-0.023159
113,2692,23.0,23.85,,7.284520328044891,2.015367031097412,8,,"0.956760,0.950612,1.032334,0.967077",,,0.679195,1.223811,7.343192,-0.023159
114,2708,16.0,23.83,,7.284520328044891,2.015367031097412,8,,"0.956760,0.950612,1.032334,0.967077",,,0.679195,1.223811,7.343192,-0.023159
115,2722,14.0,23.86,,7.284520328044891,2.015367031097412,8,,"0.956760,0.950612,1.032334,0.967077",,,0.679195,1.223811,7.343192,-0.023159
116,2740,18.0,23.92,,7.284520328044891,2.015367031097412,8,,"0.956760,0.950612,1.032334,0.967077",,,0.679195,1.223811,7.343192,-0.023159
117,2760,20.0,24.0,,7.284520328044891,2.015367031097412,8,,"0.956760,0.950612,1.032334,0.967077",,,0.679195,1.223811,7.343192,-0.023159
118,2780,20.0,23.98,,7.284520328044891,2.015367031097412,8,,"0.956760,0.950612,1.032334,0.967077",,,0.679195,1.223811,7.343192,-0.023159
119,2857,77.0,24.62,,7.284520328044891,2.015367031097412,8,,"0.956760,0.950612,1.032334,0.967077",,,0.679195,1.223811,7.343192,-0.023159
120,2898,41.0,24.47,,7.284520328044891,2.015367031097412,8,,"0.956760,0.950612,1.032334,0.967077",,,0.679195,1.223811,7.343192,-0.023159
121,2919,21.0,24.48,,7.284520328044891,2.015367031097412,8,,"0.956760,0.950612,1.032334,0.967077",,,0.679195,1.223811,7.343192,-0.023159
122,2931,12.0,24.44,,7.284520328044891,2.015367031097412,8,,"0.956760,0.950612,1.032334,0.967077",,,0.679195,1.223811,7.343192,-0.023159
123,2943,12.0,24.38,,7.284520328044891,2.015367031097412,8,,"0.956760,0.950612,1.032334,0.967077",,,0.679195,1.223811,7.343192,-0.023159
124,2975,32.0,24.58,,7.284520328044891,2.015367031097412,8,,"0.956760,0.950612,1.032334,0.967077",,,0.679195,1.223811,7.343192,-0.023159
125,3005,30.0,24.68,,7.284520328044891,2.015367031097412,8,,"0.956760,0.950612,1.032334,0.967077",,,0.679195,1.223811,7.343192,-0.023159
126,3034,29.0,24.74,,7.284520328044891,2.015367031097412,8,,"0.956760,0.950612,1.032334,0.967077",,,0.679195,1.223811,7.343192,-0.023159
127,3059,25.0,24.87,,7.284520328044891,2.015367031097412,8,,"0.956760,0.950612,1.032334,0.967077",,,0.679195,1.223811,7.343192,-0.023159
128,3121,62.0,25.3,,6.86017370223999,2.3026187419891357,9,,"0.951359,0.946498,1.037711,0.959948",,,0.673600,1.282519,6.969227,-0.045224
129,3153,32.0,25.41,,6.86017370223999,2.3026187419891357,9,,"0.951359,0.946498,1.037711,0.959948",,,0.673600,1.282519,6.969227,-0.045224
130,3163,10.0,25.39,,6.86017370223999,2.3026187419891357,9,,"0.951359,0.946498,1.037711,0.959948",,,0.673600,1.282519,6.969227,-0.045224
131,3181,18.0,25.34,,6.86017370223999,2.3026187419891357,9,,"0.951359,0.946498,1.037711,0.959948",,,0.673600,1.282519,6.969227,-0.045224
132,3240,59.0,25.75,,6.86017370223999,2.3026187419891357,9,,"0.951359,0.946498,1.037711,0.959948",,,0.673600,1.282519,6.969227,-0.045224
133,3260,20.0,25.79,,6.86017370223999,2.3026187419891357,9,,"0.951359,0.946498,1.037711,0.959948",,,0.673600,1.282519,6.969227,-0.045224
134,3305,45.0,26.13,,6.86017370223999,2.3026187419891357,9,,"0.951359,0.946498,1.037711,0.959948",,,0.673600,1.282519,6.969227,-0.045224
135,3320,15.0,25.99,,6.86017370223999,2.3026187419891357,9,,"0.951359,0.946498,1.037711,0.959948",,,0.673600,1.282519,6.969227,-0.045224
136,3360,40.0,26.26,,6.86017370223999,2.3026187419891357,9,,"0.951359,0.946498,1.037711,0.959948",,,0.673600,1.282519,6.969227,-0.045224
137,3374,14.0,26.2,,6.86017370223999,2.3026187419891357,9,,"0.951359,0.946498,1.037711,0.959948",,,0.673600,1.282519,6.969227,-0.045224
138,3390,16.0,26.25,,6.86017370223999,2.3026187419891357,9,,"0.951359,0.946498,1.037711,0.959948",,,0.673600,1.282519,6.969227,-0.045224
139,3405,15.0,26.14,,6.86017370223999,2.3026187419891357,9,,"0.951359,0.946498,1.037711,0.959948",,,0.673600,1.282519,6.969227,-0.045224
140,3420,15.0,26.17,,6.86017370223999,2.3026187419891357,9,,"0.951359,0.946498,1.037711,0.959948",,,0.673600,1.282519,6.969227,-0.045224
141,3435,15.0,26.1,,6.86017370223999,2.3026187419891357,9,,"0.951359,0.946498,1.037711,0.959948",,,0.673600,1.282519,6.969227,-0.045224
142,3461,26.0,26.22,,6.86017370223999,2.3026187419891357,9,,"0.951359,0.946498,1.037711,0.959948",,,0.673600,1.282519,6.969227,-0.045224
143,3497,36.0,26.41,,6.86017370223999,2.3026187419891357,9,,"0.951359,0.946498,1.037711,0.959948",,,0.673600,1.282519,6.969227,-0.045224
144,3508,11.0,26.31,,6.540275716781617,2.6586968898773193,10,,"0.945229,0.943954,1.039732,0.956563",,,0.669792,1.342864,7.344436,-0.005669
145,3524,16.0,26.23,,6.540275716781617,2.6586968898773193,10,,"0.945229,0.943954,1.039732,0.956563",,,0.669792,1.342864,7.344436,-0.005669
146,3534,10.0,26.18,,6.540275716781617,2.6586968898773193,10,,"0.945229,0.943954,1.039732,0.956563",,,0.669792,1.342864,7.344436,-0.005669
147,3573,39.0,26.37,,6.540275716781617,2.6586968898773193,10,,"0.945229,0.943954,1.039732,0.956563",,,0.669792,1.342864,7.344436,-0.005669
148,3592,19.0,26.41,,6.540275716781617,2.6586968898773193,10,,"0.945229,0.943954,1.039732,0.956563",,,0.669792,1.342864,7.344436,-0.005669
149,3634,42.0,26.59,,6.540275716781617,2.6586968898773193,10,,"0.945229,0.943954,1.039732,0.956563",409.2,181.60000000000002,0.669792,1.342864,7.344436,-0.005669
150,3650,16.0,26.58,,6.540275716781617,2.6586968898773193,10,,"0.945229,0.943954,1.039732,0.956563",,,0.669792,1.342864,7.344436,-0.005669
151,3735,85.0,27.29,,6.540275716781617,2.6586968898773193,10,,"0.945229,0.943954,1.039732,0.956563",,,0.669792,1.342864,7.344436,-0.005669
152,3744,9.0,27.22,,6.540275716781617,2.6586968898773193,10,,"0.945229,0.943954,1.039732,0.956563",,,0.669792,1.342864,7.344436,-0.005669
153,3807,63.0,27.72,,6.540275716781617,2.6586968898773193,10,,"0.945229,0.943954,1.039732,0.956563",,,0.669792,1.342864,7.344436,-0.005669
154,3830,23.0,27.15,,6.540275716781617,2.6586968898773193,10,,"0.945229,0.943954,1.039732,0.956563",,,0.669792,1.342864,7.344436,-0.005669
155,3852,22.0,27.0,,6.540275716781617,2.6586968898773193,10,,"0.945229,0.943954,1.039732,0.956563",,,0.669792,1.342864,7.344436,-0.005669
156,3878,26.0,27.09,,6.540275716781617,2.6586968898773193,10,,"0.945229,0.943954,1.039732,0.956563",,,0.669792,1.342864,7.344436,-0.005669
157,3925,47.0,27.2,,6.540275716781617,2.6586968898773193,10,,"0.945229,0.943954,1.039732,0.956563",,,0.669792,1.342864,7.344436,-0.005669
158,3946,21.0,27.26,,6.540275716781617,2.6586968898773193,10,,"0.945229,0.943954,1.039732,0.956563",,,0.669792,1.342864,7.344436,-0.005669
159,4003,57.0,27.44,,6.540275716781617,2.6586968898773193,10,,"0.945229,0.943954,1.039732,0.956563",,,0.669792,1.342864,7.344436,-0.005669
160,4022,19.0,26.81,,6.216406128623269,2.9169414043426514,11,,"0.938107,0.945752,1.039033,0.956948",,,0.669854,1.404497,5.981172,0.073542
161,4040,18.0,26.84,,6.216406128623269,2.9169414043426514,11,,"0.938107,0.945752,1.039033,0.956948",,,0.669854,1.404497,5.981172,0.073542
162,4068,28.0,26.86,,6.216406128623269,2.9169414043426514,11,,"0.938107,0.945752,1.039033,0.956948",,,0.669854,1.404497,5.981172,0.073542
163,4113,45.0,27.15,,6.216406128623269,2.9169414043426514,11,,"0.938107,0.945752,1.039033,0.956948",,,0.669854,1.404497,5.981172,0.073542
164,4128,15.0,27.14,,6.216406128623269,2.9169414043426514,11,,"0.938107,0.945752,1.039033,0.956948",,,0.669854,1.404497,5.981172,0.073542
165,4176,48.0,27.41,,6.216406128623269,2.9169414043426514,11,,"0.938107,0.945752,1.039033,0.956948",,,0.669854,1.404497,5.981172,0.073542
166,4228,52.0,27.52,,6.216406128623269,2.9169414043426514,11,,"0.938107,0.945752,1.039033,0.956948",,,0.669854,1.404497,5.981172,0.073542
167,4265,37.0,26.85,,6.216406128623269,2.9169414043426514,11,,"0.938107,0.945752,1.039033,0.956948",,,0.669854,1.404497,5.981172,0.073542
168,4289,24.0,26.88,,6.216406128623269,2.9169414043426514,11,,"0.938107,0.945752,1.039033,0.956948",,,0.669854,1.404497,5.981172,0.073542
169,4314,25.0,26.99,,6.216406128623269,2.9169414043426514,11,,"0.938107,0.945752,1.039033,0.956948",,,0.669854,1.404497,5.981172,0.073542
170,4339,25.0,26.94,,6.216406128623269,2.9169414043426514,11,,"0.938107,0.945752,1.039033,0.956948",,,0.669854,1.404497,5.981172,0.073542
171,4363,24.0,26.9,,6.216406128623269,2.9169414043426514,11,,"0.938107,0.945752,1.039033,0.956948",,,0.669854,1.404497,5.981172,0.073542
172,4407,44.0,27.15,,6.216406128623269,2.9169414043426514,11,,"0.938107,0.945752,1.039033,0.956948",,,0.669854,1.404497,5.981172,0.073542
173,4424,17.0,26.92,,6.216406128623269,2.9169414043426514,11,,"0.938107,0.945752,1.039033,0.956948",,,0.669854,1.404497,5.981172,0.073542
174,4464,40.0,27.07,,6.216406128623269,2.9169414043426514,11,,"0.938107,0.945752,1.039033,0.956948",,,0.669854,1.404497,5.981172,0.073542
175,4482,18.0,27.05,,6.216406128623269,2.9169414043426514,11,,"0.938107,0.945752,1.039033,0.956948",,,0.669854,1.404497,5.981172,0.073542
176,4517,35.0,27.03,,6.012678583463033,3.377880811691284,12,,"0.930531,0.949165,1.036608,0.958306",,,0.669653,1.465958,7.568941,0.058229
177,4530,13.0,26.71,,6.012678583463033,3.377880811691284,12,,"0.930531,0.949165,1.036608,0.958306",,,0.669653,1.465958,7.568941,0.058229
178,4573,43.0,26.82,,6.012678583463033,3.377880811691284,12,,"0.930531,0.949165,1.036608,0.958306",,,0.669653,1.465958,7.568941,0.058229
179,4593,20.0,26.91,,6.012678583463033,3.377880811691284,12,,"0.930531,0.949165,1.036608,0.958306",,,0.669653,1.465958,7.568941,0.058229
180,4676,83.0,27.6,,6.012678583463033,3.377880811691284,12,,"0.930531,0.949165,1.036608,0.958306",,,0.669653,1.465958,7.568941,0.058229
181,4697,21.0,27.56,,6.012678583463033,3.377880811691284,12,,"0.930531,0.949165,1.036608,0.958306",,,0.669653,1.465958,7.568941,0.058229
182,4754,57.0,28.01,,6.012678583463033,3.377880811691284,12,,"0.930531,0.949165,1.036608,0.958306",,,0.669653,1.465958,7.568941,0.058229
183,4806,52.0,28.37,,6.012678583463033,3.377880811691284,12,,"0.930531,0.949165,1.036608,0.958306",,,0.669653,1.465958,7.568941,0.058229
184,4879,73.0,28.86,,6.012678583463033,3.377880811691284,12,,"0.930531,0.949165,1.036608,0.958306",,,0.669653,1.465958,7.568941,0.058229
185,4904,25.0,29.0,,6.012678583463033,3.377880811691284,12,,"0.930531,0.949165,1.036608,0.958306",,,0.669653,1.465958,7.568941,0.058229
186,4987,83.0,29.57,,6.012678583463033,3.378765106201172,12,,"0.930531,0.949165,1.036608,0.958306",,,0.669653,1.465958,7.568941,0.058229
187,5008,21.0,29.6,,6.012678583463033,3.378765106201172,12,,"0.930531,0.949165,1.036608,0.958306",,,0.669653,1.465958,7.568941,0.058229
188,5043,35.0,29.8,,6.012678583463033,3.378765106201172,12,,"0.930531,0.949165,1.036608,0.958306",,,0.669653,1.465958,7.568941,0.058229
189,5079,36.0,29.75,,6.012678583463033,3.378765106201172,12,,"0.930531,0.949165,1.036608,0.958306",,,0.669653,1.465958,7.568941,0.058229
190,5099,20.0,29.67,,6.012678583463033,3.378765106201172,12,,"0.930531,0.949165,1.036608,0.958306",,,0.669653,1.465958,7.568941,0.058229
191,5139,40.0,29.63,,6.012678583463033,3.378765106201172,12,,"0.930531,0.949165,1.036608,0.958306",,,0.669653,1.465958,7.568941,0.058229
192,5151,12.0,29.52,,5.782879774387066,3.6939451694488525,13,,"0.922366,0.954872,1.031565,0.962473",,,0.668503,1.531373,6.076648,0.088141
193,5204,53.0,29.68,,5.782879774387066,3.6949450969696045,13,,"0.922366,0.954872,1.031565,0.962473",,,0.668503,1.531373,6.076648,0.088141
194,5245,41.0,29.96,,5.782879774387066,3.6949450969696045,13,,"0.922366,0.954872,1.031565,0.962473",,,0.668503,1.531373,6.076648,0.088141
195,5263,18.0,29.94,,5.782879774387066,3.6949450969696045,13,,"0.922366,0.954872,1.031565,0.962473",,,0.668503,1.531373,6.076648,0.088141
196,5275,12.0,29.92,,5.782879774387066,3.6949450969696045,13,,"0.922366,0.954872,1.031565,0.962473",,,0.668503,1.531373,6.076648,0.088141
197,5287,12.0,29.76,,5.782879774387066,3.6949450969696045,13,,"0.922366,0.954872,1.031565,0.962473",,,0.668503,1.531373,6.076648,0.088141
198,5297,10.0,29.72,,5.782879774387066,3.6949450969696045,13,,"0.922366,0.954872,1.031565,0.962473",,,0.668503,1.531373,6.076648,0.088141
199,5317,20.0,29.43,,5.782879774387066,3.6949450969696045,13,,"0.922366,0.954872,1.031565,0.962473",409.6,180.8,0.668503,1.531373,6.076648,0.088141
200,5350,33.0,29.61,,5.782879774387066,3.6949450969696045,13,,"0.922366,0.954872,1.031565,0.962473",,,0.668503,1.531373,6.076648,0.088141
201,5361,11.0,29.58,,5.782879774387066,3.6949450969696045,13,,"0.922366,0.954872,1.031565,0.962473",,,0.668503,1.531373,6.076648,0.088141
202,5390,29.0,29.7,,5.782879774387066,3.6949450969696045,13,,"0.922366,0.954872,1.031565,0.962473",,,0.668503,1.531373,6.076648,0.088141
203,5403,13.0,29.68,,5.782879774387066,3.6949450969696045,13,,"0.922366,0.954872,1.031565,0.962473",,,0.668503,1.531373,6.076648,0.088141
204,5432,29.0,29.48,,5.782879774387066,3.6949450969696045,13,,"0.922366,0.954872,1.031565,0.962473",,,0.668503,1.531373,6.076648,0.088141
205,5466,34.0,29.59,,5.782879774387066,3.6949450969696045,13,,"0.922366,0.954872,1.031565,0.962473",,,0.668503,1.531373,6.076648,0.088141
206,5531,65.0,29.91,,5.782879774387066,3.6949450969696045,13,,"0.922366,0.954872,1.031565,0.962473",,,0.668503,1.531373,6.076648,0.088141
207,5568,37.0,30.03,,5.782879774387066,3.6949450969696045,13,,"0.922366,0.954872,1.031565,0.962473",,,0.668503,1.531373,6.076648,0.088141
208,5626,58.0,30.41,,5.651452575411115,4.054629564285278,14,,"0.913586,0.959378,1.026292,0.966529",,,0.661034,1.594767,7.900622,0.155020
209,5667,41.0,30.47,,5.651452575411115,4.054629564285278,14,,"0.913586,0.959378,1.026292,0.966529",,,0.661034,1.594767,7.900622,0.155020
210,5723,56.0,30.85,,5.651452575411115,4.054629564285278,14,,"0.913586,0.959378,1.026292,0.966529",,,0.661034,1.594767,7.900622,0.155020
211,5763,40.0,31.09,,5.651452575411115,4.054629564285278,14,,"0.913586,0.959378,1.026292,0.966529",,,0.661034,1.594767,7.900622,0.155020
212,5824,61.0,31.55,,5.651452575411115,4.054629564285278,14,,"0.913586,0.959378,1.026292,0.966529",,,0.661034,1.594767,7.900622,0.155020
213,5845,21.0,31.53,,5.651452575411115,4.054629564285278,14,,"0.913586,0.959378,1.026292,0.966529",,,0.661034,1.594767,7.900622,0.155020
214,5857,12.0,31.49,,5.651452575411115,4.054629564285278,14,,"0.913586,0.959378,1.026292,0.966529",,,0.661034,1.594767,7.900622,0.155020
215,5909,52.0,31.87,,5.651452575411115,4.054629564285278,14,,"0.913586,0.959378,1.026292,0.966529",,,0.661034,1.594767,7.900622,0.155020
216,5988,79.0,32.48,,5.651452575411115,4.054629564285278,14,,"0.913586,0.959378,1.026292,0.966529",,,0.661034,1.594767,7.900622,0.155020
217,6070,82.0,33.1,,5.651452575411115,4.054629564285278,14,,"0.913586,0.959378,1.026292,0.966529",,,0.661034,1.594767,7.900622,0.155020
218,6087,17.0,33.07,,5.651452575411115,4.054629564285278,14,,"0.913586,0.959378,1.026292,0.966529",,,0.661034,1.594767,7.900622,0.155020
219,6121,34.0,32.64,,5.651452575411115,4.054629564285278,14,,"0.913586,0.959378,1.026292,0.966529",,,0.661034,1.594767,7.900622,0.155020
220,6186,65.0,32.88,,5.651452575411115,4.054629564285278,14,,"0.913586,0.959378,1.026292,0.966529",,,0.661034,1.594767,7.900622,0.155020
221,6255,69.0,33.36,,5.651452575411115,4.054629564285278,14,,"0.913586,0.959378,1.026292,0.966529",,,0.661034,1.594767,7.900622,0.155020
222,6288,33.0,33.57,,5.651452575411115,4.054629564285278,14,,"0.913586,0.959378,1.026292,0.966529",,,0.661034,1.594767,7.900622,0.155020
223,6348,60.0,34.05,,5.651452575411115,4.054629564285278,14,,"0.913586,0.959378,1.026292,0.966529",,,0.661034,1.594767,7.900622,0.155020
224,6367,19.0,33.92,,5.505664078394572,4.462095499038696,15,,"0.909162,0.963150,1.021476,0.970147",,,0.647339,1.660238,6.952031,0.177657
225,6380,13.0,33.75,,5.505664078394572,4.462095499038696,15,,"0.909162,0.963150,1.021476,0.970147",,,0.647339,1.660238,6.952031,0.177657
226,6418,38.0,33.84,,5.505664078394572,4.462095499038696,15,,"0.909162,0.963150,1.021476,0.970147",,,0.647339,1.660238,6.952031,0.177657
227,6437,19.0,33.78,,5.505664078394572,4.462095499038696,15,,"0.909162,0.963150,1.021476,0.970147",,,0.647339,1.660238,6.952031,0.177657
228,6455,18.0,33.34,,5.505664078394572,4.462095499038696,15,,"0.909162,0.963150,1.021476,0.970147",,,0.647339,1.660238,6.952031,0.177657
229,6554,99.0,34.01,,5.505664078394572,4.462095499038696,15,,"0.909162,0.963150,1.021476,0.970147",,,0.647339,1.660238,6.952031,0.177657
230,6571,17.0,34.08,,5.505664078394572,4.462095499038696,15,,"0.909162,0.963150,1.021476,0.970147",,,0.647339,1.660238,6.952031,0.177657
231,6626,55.0,34.45,,5.505664078394572,4.462095499038696,15,,"0.909162,0.963150,1.021476,0.970147",,,0.647339,1.660238,6.952031,0.177657
232,6661,35.0,34.21,,5.505664078394572,4.462095499038696,15,,"0.909162,0.963150,1.021476,0.970147",,,0.647339,1.660238,6.952031,0.177657
233,6680,19.0,34.2,,5.505664078394572,4.462095499038696,15,,"0.909162,0.963150,1.021476,0.970147",,,0.647339,1.660238,6.952031,0.177657
234,6706,26.0,34.01,,5.505664078394572,4.462095499038696,15,,"0.909162,0.963150,1.021476,0.970147",,,0.647339,1.660238,6.952031,0.177657
235,6728,22.0,34.08,,5.505664078394572,4.462095499038696,15,,"0.909162,0.963150,1.021476,0.970147",,,0.647339,1.660238,6.952031,0.177657
236,6797,69.0,34.37,,5.505664078394572,4.462095499038696,15,,"0.909162,0.963150,1.021476,0.970147",,,0.647339,1.660238,6.952031,0.177657
237,6812,15.0,34.38,,5.505664078394572,4.463096618652344,15,,"0.909162,0.963150,1.021476,0.970147",,,0.647339,1.660238,6.952031,0.177657
238,6862,50.0,34.72,,5.505664078394572,4.463096618652344,15,,"0.909162,0.963150,1.021476,0.970147",,,0.647339,1.660238,6.952031,0.177657
239,6887,25.0,34.82,,5.505664078394572,4.463096618652344,15,,"0.909162,0.963150,1.021476,0.970147",,,0.647339,1.660238,6.952031,0.177657
240,6917,30.0,34.97,,5.368767112493515,4.888964653015137,16,,"0.904392,0.966486,1.017313,0.974003",,,0.653813,1.723938,6.626266,0.213053
241,6974,57.0,35.39,,5.368767112493515,4.888964653015137,16,,"0.904392,0.966486,1.017313,0.974003",,,0.653813,1.723938,6.626266,0.213053
242,7000,26.0,35.39,,5.368767112493515,4.888964653015137,16,,"0.904392,0.966486,1.017313,0.974003",,,0.653813,1.723938,6.626266,0.213053
243,7030,30.0,35.33,,5.368767112493515,4.888964653015137,16,,"0.904392,0.966486,1.017313,0.974003",,,0.653813,1.723938,6.626266,0.213053
244,7068,38.0,35.6,,5.368767112493515,4.888964653015137,16,,"0.904392,0.966486,1.017313,0.974003",,,0.653813,1.723938,6.626266,0.213053
245,7096,28.0,35.72,,5.368767112493515,4.888964653015137,16,,"0.904392,0.966486,1.017313,0.974003",,,0.653813,1.723938,6.626266,0.213053
246,7140,44.0,36.06,,5.368767112493515,4.888964653015137,16,,"0.904392,0.966486,1.017313,0.974003",,,0.653813,1.723938,6.626266,0.213053
247,7186,46.0,36.13,,5.368767112493515,4.888964653015137,16,,"0.904392,0.966486,1.017313,0.974003",,,0.653813,1.723938,6.626266,0.213053
248,7255,69.0,36.63,,5.368767112493515,4.888964653015137,16,,"0.904392,0.966486,1.017313,0.974003",,,0.653813,1.723938,6.626266,0.213053
249,7293,38.0,36.59,,5.368767112493515,4.888964653015137,16,,"0.904392,0.966486,1.017313,0.974003",413.0,174.0,0.653813,1.723938,6.626266,0.213053
250,7315,22.0,36.65,,5.368767112493515,4.888964653015137,16,,"0.904392,0.966486,1.017313,0.974003",,,0.653813,1.723938,6.626266,0.213053
251,7347,32.0,36.12,,5.368767112493515,4.888964653015137,16,,"0.904392,0.966486,1.017313,0.974003",,,0.653813,1.723938,6.626266,0.213053
252,7389,42.0,36.45,,5.368767112493515,4.888964653015137,16,,"0.904392,0.966486,1.017313,0.974003",,,0.653813,1.723938,6.626266,0.213053
253,7440,51.0,36.33,,5.368767112493515,4.888964653015137,16,,"0.904392,0.966486,1.017313,0.974003",,,0.653813,1.723938,6.626266,0.213053
254,7457,17.0,36.27,,5.368767112493515,4.888964653015137,16,,"0.904392,0.966486,1.017313,0.974003",,,0.653813,1.723938,6.626266,0.213053
255,7550,93.0,36.98,,5.368767112493515,4.888964653015137,16,,"0.904392,0.966486,1.017313,0.974003",,,0.653813,1.723938,6.626266,0.213053
256,7580,30.0,37.02,,5.241202284308041,5.2373058795928955,17,,"0.899759,0.968344,1.013452,0.977871",,,0.656734,1.794514,6.447706,0.159864
257,7601,21.0,36.76,,5.241202284308041,5.2373058795928955,17,,"0.899759,0.968344,1.013452,0.977871",,,0.656734,1.794514,6.447706,0.159864
258,7622,21.0,36.76,,5.241202284308041,5.2373058795928955,17,,"0.899759,0.968344,1.013452,0.977871",,,0.656734,1.794514,6.447706,0.159864
259,7651,29.0,36.48,,5.241202284308041,5.2373058795928955,17,,"0.899759,0.968344,1.013452,0.977871",,,0.656734,1.794514,6.447706,0.159864
260,7667,16.0,36.45,,5.241202284308041,5.2373058795928955,17,,"0.899759,0.968344,1.013452,0.977871",,,0.656734,1.794514,6.447706,0.159864
261,7737,70.0,36.97,,5.241202284308041,5.2373058795928955,17,,"0.899759,0.968344,1.013452,0.977871",,,0.656734,1.794514,6.447706,0.159864
262,7751,14.0,36.83,,5.241202284308041,5.2373058795928955,17,,"0.899759,0.968344,1.013452,0.977871",,,0.656734,1.794514,6.447706,0.159864
263,7769,18.0,36.56,,5.241202284308041,5.2373058795928955,17,,"0.899759,0.968344,1.013452,0.977871",,,0.656734,1.794514,6.447706,0.159864
264,7842,73.0,37.14,,5.241202284308041,5.23830509185791,17,,"0.899759,0.968344,1.013452,0.977871",,,0.656734,1.794514,6.447706,0.159864
265,7903,61.0,37.27,,5.241202284308041,5.23830509185791,17,,"0.899759,0.968344,1.013452,0.977871",,,0.656734,1.794514,6.447706,0.159864
266,7937,34.0,37.09,,5.241202284308041,5.23830509185791,17,,"0.899759,0.968344,1.013452,0.977871",,,0.656734,1.794514,6.447706,0.159864
267,7975,38.0,37.1,,5.241202284308041,5.23830509185791,17,,"0.899759,0.968344,1.013452,0.977871",,,0.656734,1.794514,6.447706,0.159864
268,7988,13.0,36.99,,5.241202284308041,5.23830509185791,17,,"0.899759,0.968344,1.013452,0.977871",,,0.656734,1.794514,6.447706,0.159864
269,8019,31.0,37.05,,5.241202284308041,5.23830509185791,17,,"0.899759,0.968344,1.013452,0.977871",,,0.656734,1.794514,6.447706,0.159864
270,8049,30.0,37.1,,5.241202284308041,5.23830509185791,17,,"0.899759,0.968344,1.013452,0.977871",,,0.656734,1.794514,6.447706,0.159864
271,8062,13.0,36.99,,5.241202284308041,5.23830509185791,17,,"0.899759,0.968344,1.013452,0.977871",,,0.656734,1.794514,6.447706,0.159864
272,8150,88.0,37.43,,5.160710242059496,5.7556822299957275,18,,"0.894578,0.969631,1.009218,0.982135",,,0.654444,1.863402,7.600285,0.280813
273,8209,59.0,37.85,,5.160710242059496,5.7556822299957275,18,,"0.894578,0.969631,1.009218,0.982135",,,0.654444,1.863402,7.600285,0.280813
274,8289,80.0,38.25,,5.160710242059496,5.7556822299957275,18,,"0.894578,0.969631,1.009218,0.982135",,,0.654444,1.863402,7.600285,0.280813
275,8329,40.0,38.47,,5.160710242059496,5.7556822299957275,18,,"0.894578,0.969631,1.009218,0.982135",,,0.654444,1.863402,7.600285,0.280813
276,8373,44.0,38.56,,5.160710242059496,5.7556822299957275,18,,"0.894578,0.969631,1.009218,0.982135",,,0.654444,1.863402,7.600285,0.280813
277,8425,52.0,38.95,,5.160710242059496,5.7556822299957275,18,,"0.894578,0.969631,1.009218,0.982135",,,0.654444,1.863402,7.600285,0.280813
278,8482,57.0,39.09,,5.160710242059496,5.7556822299957275,18,,"0.894578,0.969631,1.009218,0.982135",,,0.654444,1.863402,7.600285,0.280813
279,8529,47.0,39.36,,5.160710242059496,5.7556822299957275,18,,"0.894578,0.969631,1.009218,0.982135",,,0.654444,1.863402,7.600285,0.280813
280,8544,15.0,38.68,,5.160710242059496,5.7556822299957275,18,,"0.894578,0.969631,1.009218,0.982135",,,0.654444,1.863402,7.600285,0.280813
281,8616,72.0,39.19,,5.160710242059496,5.7556822299957275,18,,"0.894578,0.969631,1.009218,0.982135",,,0.654444,1.863402,7.600285,0.280813
282,8664,48.0,39.1,,5.160710242059496,5.7556822299957275,18,,"0.894578,0.969631,1.009218,0.982135",,,0.654444,1.863402,7.600285,0.280813
283,8686,22.0,38.8,,5.160710242059496,5.7556822299957275,18,,"0.894578,0.969631,1.009218,0.982135",,,0.654444,1.863402,7.600285,0.280813
284,8755,69.0,38.76,,5.160710242059496,5.7556822299957275,18,,"0.894578,0.969631,1.009218,0.982135",,,0.654444,1.863402,7.600285,0.280813
285,8839,84.0,39.35,,5.160710242059496,5.7556822299957275,18,,"0.894578,0.969631,1.009218,0.982135",,,0.654444,1.863402,7.600285,0.280813
286,8965,126.0,39.78,,5.160710242059496,5.756794214248657,18,,"0.894578,0.969631,1.009218,0.982135",,,0.654444,1.863402,7.600285,0.280813
287,8989,24.0,39.81,,5.160710242059496,5.756794214248657,18,,"0.894578,0.969631,1.009218,0.982135",,,0.654444,1.863402,7.600285,0.280813
288,9067,78.0,40.24,,5.08893188677336,6.328668594360352,19,,"0.890435,0.970071,1.004673,0.987607",,,0.644994,1.933922,7.597143,0.286437
289,9103,36.0,40.24,,5.08893188677336,6.328668594360352,19,,"0.890435,0.970071,1.004673,0.987607",,,0.644994,1.933922,7.597143,0.286437
290,9132,29.0,40.33,,5.08893188677336,6.328668594360352,19,,"0.890435,0.970071,1.004673,0.987607",,,0.644994,1.933922,7.597143,0.286437
291,9154,22.0,40.15,,5.08893188677336,6.328668594360352,19,,"0.890435,0.970071,1.004673,0.987607",,,0.644994,1.933922,7.597143,0.286437
292,9184,30.0,40.33,,5.08893188677336,6.328668594360352,19,,"0.890435,0.970071,1.004673,0.987607",,,0.644994,1.933922,7.597143,0.286437
293,9221,37.0,40.17,,5.08893188677336,6.328668594360352,19,,"0.890435,0.970071,1.004673,0.987607",,,0.644994,1.933922,7.597143,0.286437
294,9246,25.0,40.01,,5.08893188677336,6.328668594360352,19,,"0.890435,0.970071,1.004673,0.987607",,,0.644994,1.933922,7.597143,0.286437
295,9276,30.0,40.13,,5.08893188677336,6.328668594360352,19,,"0.890435,0.970071,1.004673,0.987607",,,0.644994,1.933922,7.597143,0.286437
296,9303,27.0,40.28,,5.08893188677336,6.329684019088745,19,,"0.890435,0.970071,1.004673,0.987607",,,0.644994,1.933922,7.597143,0.286437
297,9321,18.0,40.34,,5.08893188677336,6.329684019088745,19,,"0.890435,0.970071,1.004673,0.987607",,,0.644994,1.933922,7.597143,0.286437
298,9373,52.0,40.76,,5.08893188677336,6.329684019088745,19,,"0.890435,0.970071,1.004673,0.987607",,,0.644994,1.933922,7.597143,0.286437
299,9428,55.0,41.11,,5.08893188677336,6.329684019088745,19,,"0.890435,0.970071,1.004673,0.987607",416.2,167.6,0.644994,1.933922,7.597143,0.286437
300,9474,46.0,41.24,,5.08893188677336,6.329684019088745,19,,"0.890435,0.970071,1.004673,0.987607",,,0.644994,1.933922,7.597143,0.286437
301,9529,55.0,41.68,,5.08893188677336,6.329684019088745,19,,"0.890435,0.970071,1.004673,0.987607",,,0.644994,1.933922,7.597143,0.286437
302,9609,80.0,42.19,,5.08893188677336,6.329684019088745,19,,"0.890435,0.970071,1.004673,0.987607",,,0.644994,1.933922,7.597143,0.286437
303,9757,148.0,43.54,,5.08893188677336,6.329684019088745,19,,"0.890435,0.970071,1.004673,0.987607",,,0.644994,1.933922,7.597143,0.286437
304,9775,18.0,43.43,,5.026643311977386,7.0064733028411865,20,,"0.885506,0.969489,1.000308,0.993171",,,0.640663,2.001604,7.667603,0.340368
305,9817,42.0,43.51,,5.026643311977386,7.0064733028411865,20,,"0.885506,0.969489,1.000308,0.993171",,,0.640663,2.001604,7.667603,0.340368
306,9858,41.0,43.27,,5.026643311977386,7.0064733028411865,20,,"0.885506,0.969489,1.000308,0.993171",,,0.640663,2.001604,7.667603,0.340368
307,9889,31.0,43.21,,5.026643311977386,7.0064733028411865,20,,"0.885506,0.969489,1.000308,0.993171",,,0.640663,2.001604,7.667603,0.340368
308,9924,35.0,42.98,,5.026643311977386,7.0064733028411865,20,,"0.885506,0.969489,1.000308,0.993171",,,0.640663,2.001604,7.667603,0.340368
309,10057,133.0,43.9,,5.026643311977386,7.0064733028411865,20,,"0.885506,0.969489,1.000308,0.993171",,,0.640663,2.001604,7.667603,0.340368
310,10165,108.0,44.42,,5.026643311977386,7.0064733028411865,20,,"0.885506,0.969489,1.000308,0.993171",,,0.640663,2.001604,7.667603,0.340368
311,10187,22.0,44.24,,5.026643311977386,7.0064733028411865,20,,"0.885506,0.969489,1.000308,0.993171",,,0.640663,2.001604,7.667603,0.340368
312,10216,29.0,43.92,,5.026643311977386,7.0064733028411865,20,,"0.885506,0.969489,1.000308,0.993171",,,0.640663,2.001604,7.667603,0.340368
313,10281,65.0,44.36,,5.026643311977386,7.0064733028411865,20,,"0.885506,0.969489,1.000308,0.993171",,,0.640663,2.001604,7.667603,0.340368
314,10428,147.0,45.71,,5.026643311977386,7.0064733028411865,20,,"0.885506,0.969489,1.000308,0.993171",,,0.640663,2.001604,7.667603,0.340368
315,10476,48.0,45.67,,5.026643311977386,7.0064733028411865,20,,"0.885506,0.969489,1.000308,0.993171",,,0.640663,2.001604,7.667603,0.340368
316,10518,42.0,45.3,,5.026643311977386,7.0064733028411865,20,,"0.885506,0.969489,1.000308,0.993171",,,0.640663,2.001604,7.667603,0.340368
317,10567,49.0,44.97,,5.026643311977386,7.0064733028411865,20,,"0.885506,0.969489,1.000308,0.993171",,,0.640663,2.001604,7.667603,0.340368
318,10590,23.0,45.03,,5.026643311977386,7.0064733028411865,20,,"0.885506,0.969489,1.000308,0.993171",,,0.640663,2.001604,7.667603,0.340368
319,10647,57.0,45.26,,5.026643311977386,7.0064733028411865,20,,"0.885506,0.969489,1.000308,0.993171",,,0.640663,2.001604,7.667603,0.340368
320,10679,32.0,44.93,,4.95805743762425,7.393427610397339,21,,"0.886993,0.965967,0.993999,1.000193",,,0.640143,2.077091,7.181473,0.424926
321,10712,33.0,44.57,,4.95805743762425,7.393427610397339,21,,"0.886993,0.965967,0.993999,1.000193",,,0.640143,2.077091,7.181473,0.424926
322,10743,31.0,44.55,,4.95805743762425,7.393427610397339,21,,"0.886993,0.965967,0.993999,1.000193",,,0.640143,2.077091,7.181473,0.424926
323,10811,68.0,44.63,,4.95805743762425,7.393427610397339,21,,"0.886993,0.965967,0.993999,1.000193",,,0.640143,2.077091,7.181473,0.424926
324,10851,40.0,44.84,,4.95805743762425,7.393427610397339,21,,"0.886993,0.965967,0.993999,1.000193",,,0.640143,2.077091,7.181473,0.424926
325,10868,17.0,44.88,,4.95805743762425,7.393427610397339,21,,"0.886993,0.965967,0.993999,1.000193",,,0.640143,2.077091,7.181473,0.424926
326,10931,63.0,45.13,,4.95805743762425,7.393427610397339,21,,"0.886993,0.965967,0.993999,1.000193",,,0.640143,2.077091,7.181473,0.424926
327,10986,55.0,45.49,,4.95805743762425,7.393427610397339,21,,"0.886993,0.965967,0.993999,1.000193",,,0.640143,2.077091,7.181473,0.424926
328,11045,59.0,45.9,,4.95805743762425,7.393427610397339,21,,"0.886993,0.965967,0.993999,1.000193",,,0.640143,2.077091,7.181473,0.424926
329,11079,34.0,45.25,,4.95805743762425,7.393427610397339,21,,"0.886993,0.965967,0.993999,1.000193",,,0.640143,2.077091,7.181473,0.424926
330,11116,37.0,45.45,,4.95805743762425,7.393427610397339,21,,"0.886993,0.965967,0.993999,1.000193",,,0.640143,2.077091,7.181473,0.424926
331,11201,85.0,45.75,,4.95805743762425,7.393427610397339,21,,"0.886993,0.965967,0.993999,1.000193",,,0.640143,2.077091,7.181473,0.424926
332,11270,69.0,46.09,,4.95805743762425,7.393427610397339,21,,"0.886993,0.965967,0.993999,1.000193",,,0.640143,2.077091,7.181473,0.424926
333,11330,60.0,46.5,,4.95805743762425,7.393427610397339,21,,"0.886993,0.965967,0.993999,1.000193",,,0.640143,2.077091,7.181473,0.424926
334,11359,29.0,46.53,,4.95805743762425,7.393427610397339,21,,"0.886993,0.965967,0.993999,1.000193",,,0.640143,2.077091,7.181473,0.424926
335,11383,24.0,46.55,,4.95805743762425,7.393427610397339,21,,"0.886993,0.965967,0.993999,1.000193",,,0.640143,2.077091,7.181473,0.424926
336,11416,33.0,46.19,,4.931309689174999,7.92920184135437,22,,"0.885238,0.961601,0.987362,1.007079",,,0.635197,2.155911,8.752262,0.232612
337,11449,33.0,46.37,,4.931309689174999,7.930821180343628,22,,"0.885238,0.961601,0.987362,1.007079",,,0.635197,2.155911,8.752262,0.232612
338,11473,24.0,46.11,,4.931309689174999,7.930821180343628,22,,"0.885238,0.961601,0.987362,1.007079",,,0.635197,2.155911,8.752262,0.232612
339,11520,47.0,46.33,,4.931309689174999,7.930821180343628,22,,"0.885238,0.961601,0.987362,1.007079",,,0.635197,2.155911,8.752262,0.232612
340,11593,73.0,46.76,,4.931309689174999,7.930821180343628,22,,"0.885238,0.961601,0.987362,1.007079",,,0.635197,2.155911,8.752262,0.232612
341,11691,98.0,47.17,,4.931309689174999,7.930821180343628,22,,"0.885238,0.961601,0.987362,1.007079",,,0.635197,2.155911,8.752262,0.232612
342,11715,24.0,47.15,,4.931309689174999,7.930821180343628,22,,"0.885238,0.961601,0.987362,1.007079",,,0.635197,2.155911,8.752262,0.232612
343,11736,21.0,47.06,,4.931309689174999,7.930821180343628,22,,"0.885238,0.961601,0.987362,1.007079",,,0.635197,2.155911,8.752262,0.232612
344,11863,127.0,47.95,,4.931309689174999,7.930821180343628,22,,"0.885238,0.961601,0.987362,1.007079",,,0.635197,2.155911,8.752262,0.232612
345,11976,113.0,48.8,,4.931309689174999,7.930821180343628,22,,"0.885238,0.961601,0.987362,1.007079",,,0.635197,2.155911,8.752262,0.232612
346,12068,92.0,49.28,,4.931309689174999,7.930821180343628,22,,"0.885238,0.961601,0.987362,1.007079",,,0.635197,2.155911,8.752262,0.232612
347,12128,60.0,49.42,,4.931309689174999,7.930821180343628,22,,"0.885238,0.961601,0.987362,1.007079",,,0.635197,2.155911,8.752262,0.232612
348,12193,65.0,49.38,,4.931309689174999,7.930821180343628,22,,"0.885238,0.961601,0.987362,1.007079",,,0.635197,2.155911,8.752262,0.232612
349,12223,30.0,49.3,,4.931309689174999,7.930821180343628,22,,"0.885238,0.961601,0.987362,1.007079",429.4,141.2,0.635197,2.155911,8.752262,0.232612
350,12246,23.0,49.31,,4.931309689174999,7.930821180343628,22,,"0.885238,0.961601,0.987362,1.007079",,,0.635197,2.155911,8.752262,0.232612
351,12285,39.0,49.38,,4.931309689174999,7.930821180343628,22,,"0.885238,0.961601,0.987362,1.007079",,,0.635197,2.155911,8.752262,0.232612
352,12322,37.0,49.33,,4.892017623652583,8.395008563995361,23,,"0.879977,0.956698,0.979369,1.015222",,,0.628574,2.232277,8.033759,0.543182
353,12421,99.0,49.81,,4.892017623652583,8.395008563995361,23,,"0.879977,0.956698,0.979369,1.015222",,,0.628574,2.232277,8.033759,0.543182
354,12461,40.0,50.04,,4.892017623652583,8.396114826202393,23,,"0.879977,0.956698,0.979369,1.015222",,,0.628574,2.232277,8.033759,0.543182
355,12496,35.0,49.46,,4.892017623652583,8.396114826202393,23,,"0.879977,0.956698,0.979369,1.015222",,,0.628574,2.232277,8.033759,0.543182
356,12567,71.0,49.87,,4.892017623652583,8.396114826202393,23,,"0.879977,0.956698,0.979369,1.015222",,,0.628574,2.232277,8.033759,0.543182
357,12650,83.0,50.49,,4.892017623652583,8.396114826202393,23,,"0.879977,0.956698,0.979369,1.015222",,,0.628574,2.232277,8.033759,0.543182
358,12686,36.0,50.64,,4.892017623652583,8.396114826202393,23,,"0.879977,0.956698,0.979369,1.015222",,,0.628574,2.232277,8.033759,0.543182
359,12748,62.0,50.97,,4.892017623652583,8.396114826202393,23,,"0.879977,0.956698,0.979369,1.015222",,,0.628574,2.232277,8.033759,0.543182
360,12773,25.0,51.06,,4.892017623652583,8.396114826202393,23,,"0.879977,0.956698,0.979369,1.015222",,,0.628574,2.232277,8.033759,0.543182
361,12853,80.0,51.16,,4.892017623652583,8.396114826202393,23,,"0.879977,0.956698,0.979369,1.015222",,,0.628574,2.232277,8.033759,0.543182
362,12900,47.0,51.49,,4.892017623652583,8.396114826202393,23,,"0.879977,0.956698,0.979369,1.015222",,,0.628574,2.232277,8.033759,0.543182
363,12951,51.0,51.82,,4.892017623652583,8.396114826202393,23,,"0.879977,0.956698,0.979369,1.015222",,,0.628574,2.232277,8.033759,0.543182
364,13032,81.0,51.9,,4.892017623652583,8.396114826202393,23,,"0.879977,0.956698,0.979369,1.015222",,,0.628574,2.232277,8.033759,0.543182
365,13079,47.0,51.76,,4.892017623652583,8.396114826202393,23,,"0.879977,0.956698,0.979369,1.015222",,,0.628574,2.232277,8.033759,0.543182
366,13152,73.0,52.15,,4.892017623652583,8.396114826202393,23,,"0.879977,0.956698,0.979369,1.015222",,,0.628574,2.232277,8.033759,0.543182
367,13228,76.0,52.53,,4.892017623652583,8.396114826202393,23,,"0.879977,0.956698,0.979369,1.015222",,,0.628574,2.232277,8.033759,0.543182
368,13329,101.0,53.41,,4.8800077339013415,9.359480619430542,24,,"0.873939,0.951390,0.971287,1.023502",,,0.617523,2.307338,9.204794,0.444774
369,13465,136.0,54.46,,4.8800077339013415,9.359480619430542,24,,"0.873939,0.951390,0.971287,1.023502",,,0.617523,2.307338,9.204794,0.444774
370,13736,271.0,56.87,,4.8800077339013415,9.359480619430542,24,,"0.873939,0.951390,0.971287,1.023502",,,0.617523,2.307338,9.204794,0.444774
371,13856,120.0,57.94,,4.8800077339013415,9.359480619430542,24,,"0.873939,0.951390,0.971287,1.023502",,,0.617523,2.307338,9.204794,0.444774
372,13902,46.0,57.52,,4.8800077339013415,9.359480619430542,24,,"0.873939,0.951390,0.971287,1.023502",,,0.617523,2.307338,9.204794,0.444774
373,13918,16.0,57.09,,4.8800077339013415,9.359480619430542,24,,"0.873939,0.951390,0.971287,1.023502",,,0.617523,2.307338,9.204794,0.444774
374,14018,100.0,57.29,,4.8800077339013415,9.359480619430542,24,,"0.873939,0.951390,0.971287,1.023502",,,0.617523,2.307338,9.204794,0.444774
375,14065,47.0,57.36,,4.8800077339013415,9.359480619430542,24,,"0.873939,0.951390,0.971287,1.023502",,,0.617523,2.307338,9.204794,0.444774
376,14102,37.0,57.29,,4.8800077339013415,9.359480619430542,24,,"0.873939,0.951390,0.971287,1.023502",,,0.617523,2.307338,9.204794,0.444774
377,14132,30.0,57.07,,4.8800077339013415,9.359480619430542,24,,"0.873939,0.951390,0.971287,1.023502",,,0.617523,2.307338,9.204794,0.444774
378,14151,19.0,56.69,,4.8800077339013415,9.359480619430542,24,,"0.873939,0.951390,0.971287,1.023502",,,0.617523,2.307338,9.204794,0.444774
379,14185,34.0,56.56,,4.8800077339013415,9.359480619430542,24,,"0.873939,0.951390,0.971287,1.023502",,,0.617523,2.307338,9.204794,0.444774
380,14253,68.0,57.09,,4.8800077339013415,9.359480619430542,24,,"0.873939,0.951390,0.971287,1.023502",,,0.617523,2.307338,9.204794,0.444774
381,14319,66.0,57.03,,4.8800077339013415,9.359480619430542,24,,"0.873939,0.951390,0.971287,1.023502",,,0.617523,2.307338,9.204794,0.444774
382,14441,122.0,57.77,,4.8800077339013415,9.359480619430542,24,,"0.873939,0.951390,0.971287,1.023502",,,0.617523,2.307338,9.204794,0.444774
383,14499,58.0,58.13,,4.8800077339013415,9.359480619430542,24,,"0.873939,0.951390,0.971287,1.023502",,,0.617523,2.307338,9.204794,0.444774
384,14521,22.0,57.66,,4.8723639965057375,10.225786685943604,25,,"0.868968,0.944742,0.962695,1.032393",,,0.617812,2.384159,9.384580,0.491757
385,14543,22.0,57.04,,4.8723639965057375,10.225786685943604,25,,"0.868968,0.944742,0.962695,1.032393",,,0.617812,2.384159,9.384580,0.491757
386,14565,22.0,56.0,,4.8723639965057375,10.225786685943604,25,,"0.868968,0.944742,0.962695,1.032393",,,0.617812,2.384159,9.384580,0.491757
387,14635,70.0,56.46,,4.8723639965057375,10.225786685943604,25,,"0.868968,0.944742,0.962695,1.032393",,,0.617812,2.384159,9.384580,0.491757
388,14701,66.0,56.34,,4.8723639965057375,10.225786685943604,25,,"0.868968,0.944742,0.962695,1.032393",,,0.617812,2.384159,9.384580,0.491757
389,14757,56.0,56.54,,4.8723639965057375,10.225786685943604,25,,"0.868968,0.944742,0.962695,1.032393",,,0.617812,2.384159,9.384580,0.491757
390,14811,54.0,56.79,,4.8723639965057375,10.225786685943604,25,,"0.868968,0.944742,0.962695,1.032393",,,0.617812,2.384159,9.384580,0.491757
391,14946,135.0,57.92,,4.8723639965057375,10.225786685943604,25,,"0.868968,0.944742,0.962695,1.032393",,,0.617812,2.384159,9.384580,0.491757
392,14972,26.0,57.88,,4.8723639965057375,10.225786685943604,25,,"0.868968,0.944742,0.962695,1.032393",,,0.617812,2.384159,9.384580,0.491757
393,15036,64.0,58.15,,4.8723639965057375,10.225786685943604,25,,"0.868968,0.944742,0.962695,1.032393",,,0.617812,2.384159,9.384580,0.491757
394,15251,215.0,60.05,,4.8723639965057375,10.225786685943604,25,,"0.868968,0.944742,0.962695,1.032393",,,0.617812,2.384159,9.384580,0.491757
395,15393,142.0,61.17,,4.8723639965057375,10.225786685943604,25,,"0.868968,0.944742,0.962695,1.032393",,,0.617812,2.384159,9.384580,0.491757
396,15477,84.0,61.74,,4.8723639965057375,10.225786685943604,25,,"0.868968,0.944742,0.962695,1.032393",,,0.617812,2.384159,9.384580,0.491757
397,15567,90.0,62.46,,4.8723639965057375,10.225786685943604,25,,"0.868968,0.944742,0.962695,1.032393",,,0.617812,2.384159,9.384580,0.491757
398,15627,60.0,62.54,,4.8723639965057375,10.225786685943604,25,,"0.868968,0.944742,0.962695,1.032393",,,0.617812,2.384159,9.384580,0.491757
399,15663,36.0,62.35,,4.8723639965057375,10.225786685943604,25,,"0.868968,0.944742,0.962695,1.032393",495.6,8.8,0.617812,2.384159,9.384580,0.491757
400,15706,43.0,62.32,,4.870932349791894,10.852754592895508,26,,"0.862745,0.936996,0.953978,1.040936",,,0.619166,2.460615,9.701210,0.566153
401,15735,29.0,62.06,,4.870932349791894,10.852754592895508,26,,"0.862745,0.936996,0.953978,1.040936",,,0.619166,2.460615,9.701210,0.566153
402,15766,31.0,61.57,,4.870932349791894,10.852754592895508,26,,"0.862745,0.936996,0.953978,1.040936",,,0.619166,2.460615,9.701210,0.566153
403,15845,79.0,60.88,,4.870932349791894,10.852754592895508,26,,"0.862745,0.936996,0.953978,1.040936",,,0.619166,2.460615,9.701210,0.566153
404,15942,97.0,61.67,,4.870932349791894,10.852754592895508,26,,"0.862745,0.936996,0.953978,1.040936",,,0.619166,2.460615,9.701210,0.566153
405,15998,56.0,61.81,,4.870932349791894,10.852754592895508,26,,"0.862745,0.936996,0.953978,1.040936",,,0.619166,2.460615,9.701210,0.566153
406,16065,67.0,62.07,,4.870932349791894,10.852754592895508,26,,"0.862745,0.936996,0.953978,1.040936",,,0.619166,2.460615,9.701210,0.566153
407,16167,102.0,62.78,,4.870932349791894,10.852754592895508,26,,"0.862745,0.936996,0.953978,1.040936",,,0.619166,2.460615,9.701210,0.566153
408,16194,27.0,62.7,,4.870932349791894,10.852754592895508,26,,"0.862745,0.936996,0.953978,1.040936",,,0.619166,2.460615,9.701210,0.566153
409,16260,66.0,62.03,,4.870932349791894,10.852754592895508,26,,"0.862745,0.936996,0.953978,1.040936",,,0.619166,2.460615,9.701210,0.566153
410,16410,150.0,62.45,,4.870932349791894,10.852754592895508,26,,"0.862745,0.936996,0.953978,1.040936",,,0.619166,2.460615,9.701210,0.566153
411,16558,148.0,63.71,,4.870932349791894,10.852754592895508,26,,"0.862745,0.936996,0.953978,1.040936",,,0.619166,2.460615,9.701210,0.566153
412,16598,40.0,63.82,,4.870932349791894,10.852754592895508,26,,"0.862745,0.936996,0.953978,1.040936",,,0.619166,2.460615,9.701210,0.566153
413,16628,30.0,63.47,,4.870932349791894,10.852754592895508,26,,"0.862745,0.936996,0.953978,1.040936",,,0.619166,2.460615,9.701210,0.566153
414,16704,76.0,62.76,,4.870932349791894,10.852754592895508,26,,"0.862745,0.936996,0.953978,1.040936",,,0.619166,2.460615,9.701210,0.566153
415,16739,35.0,62.63,,4.870932349791894,10.852754592895508,26,,"0.862745,0.936996,0.953978,1.040936",,,0.619166,2.460615,9.701210,0.566153
416,16812,73.0,62.94,,4.877650004846078,11.730238199234009,27,,"0.854863,0.929238,0.944582,1.049616",,,0.608479,2.543085,10.140340,0.437976
417,16886,74.0,63.19,,4.877650004846078,11.730238199234009,27,,"0.854863,0.929238,0.944582,1.049616",,,0.608479,2.543085,10.140340,0.437976
418,16932,46.0,63.42,,4.877650004846078,11.730238199234009,27,,"0.854863,0.929238,0.944582,1.049616",,,0.608479,2.543085,10.140340,0.437976
419,17036,104.0,63.89,,4.877650004846078,11.730238199234009,27,,"0.854863,0.929238,0.944582,1.049616",,,0.608479,2.543085,10.140340,0.437976
420,17204,168.0,65.25,,4.877650004846078,11.730238199234009,27,,"0.854863,0.929238,0.944582,1.049616",,,0.608479,2.543085,10.140340,0.437976
421,17256,52.0,65.44,,4.877650004846078,11.730238199234009,27,,"0.854863,0.929238,0.944582,1.049616",,,0.608479,2.543085,10.140340,0.437976
422,17303,47.0,65.6,,4.877650004846078,11.730238199234009,27,,"0.854863,0.929238,0.944582,1.049616",,,0.608479,2.543085,10.140340,0.437976
423,17388,85.0,65.77,,4.877650004846078,11.730238199234009,27,,"0.854863,0.929238,0.944582,1.049616",,,0.608479,2.543085,10.140340,0.437976
424,17451,63.0,66.0,,4.877650004846078,11.730238199234009,27,,"0.854863,0.929238,0.944582,1.049616",,,0.608479,2.543085,10.140340,0.437976
425,17469,18.0,66.01,,4.877650004846078,11.730238199234009,27,,"0.854863,0.929238,0.944582,1.049616",,,0.608479,2.543085,10.140340,0.437976
426,17566,97.0,66.35,,4.877650004846078,11.730238199234009,27,,"0.854863,0.929238,0.944582,1.049616",,,0.608479,2.543085,10.140340,0.437976
427,17688,122.0,67.02,,4.877650004846078,11.730238199234009,27,,"0.854863,0.929238,0.944582,1.049616",,,0.608479,2.543085,10.140340,0.437976
428,17723,35.0,66.78,,4.877650004846078,11.730238199234009,27,,"0.854863,0.929238,0.944582,1.049616",,,0.608479,2.543085,10.140340,0.437976
429,17873,150.0,67.94,,4.877650004846078,11.730238199234009,27,,"0.854863,0.929238,0.944582,1.049616",,,0.608479,2.543085,10.140340,0.437976
430,17910,37.0,67.94,,4.877650004846078,11.730238199234009,27,,"0.854863,0.929238,0.944582,1.049616",,,0.608479,2.543085,10.140340,0.437976
431,17997,87.0,67.96,,4.877650004846078,11.731021642684937,27,,"0.854863,0.929238,0.944582,1.049616",,,0.608479,2.543085,10.140340,0.437976
432,18017,20.0,67.47,,4.878638991287777,12.539366245269775,28,,"0.845836,0.921289,0.934699,1.058288",,,0.608210,2.629190,9.837903,0.436538
433,18099,82.0,67.69,,4.878638991287777,12.539366245269775,28,,"0.845836,0.921289,0.934699,1.058288",,,0.608210,2.629190,9.837903,0.436538
434,18191,92.0,68.32,,4.878638991287777,12.539366245269775,28,,"0.845836,0.921289,0.934699,1.058288",,,0.608210,2.629190,9.837903,0.436538
435,18216,25.0,68.33,,4.878638991287777,12.539366245269775,28,,"0.845836,0.921289,0.934699,1.058288",,,0.608210,2.629190,9.837903,0.436538
436,18350,134.0,69.34,,4.878638991287777,12.539366245269775,28,,"0.845836,0.921289,0.934699,1.058288",,,0.608210,2.629190,9.837903,0.436538
437,18492,142.0,70.43,,4.878638991287777,12.539366245269775,28,,"0.845836,0.921289,0.934699,1.058288",,,0.608210,2.629190,9.837903,0.436538
438,18629,137.0,71.56,,4.878638991287777,12.539366245269775,28,,"0.845836,0.921289,0.934699,1.058288",,,0.608210,2.629190,9.837903,0.436538
439,18704,75.0,71.84,,4.878638991287777,12.539366245269775,28,,"0.845836,0.921289,0.934699,1.058288",,,0.608210,2.629190,9.837903,0.436538
440,18814,110.0,72.21,,4.878638991287777,12.539366245269775,28,,"0.845836,0.921289,0.934699,1.058288",,,0.608210,2.629190,9.837903,0.436538
441,18856,42.0,71.65,,4.878638991287777,12.539366245269775,28,,"0.845836,0.921289,0.934699,1.058288",,,0.608210,2.629190,9.837903,0.436538
442,19013,157.0,72.98,,4.878638991287777,12.539366245269775,28,,"0.845836,0.921289,0.934699,1.058288",,,0.608210,2.629190,9.837903,0.436538
443,19095,82.0,73.59,,4.878638991287777,12.539366245269775,28,,"0.845836,0.921289,0.934699,1.058288",,,0.608210,2.629190,9.837903,0.436538
444,19161,66.0,72.98,,4.878638991287777,12.539366245269775,28,,"0.845836,0.921289,0.934699,1.058288",,,0.608210,2.629190,9.837903,0.436538
445,19289,128.0,73.13,,4.878638991287777,12.539366245269775,28,,"0.845836,0.921289,0.934699,1.058288",,,0.608210,2.629190,9.837903,0.436538
446,19447,158.0,73.79,,4.878638991287777,12.539366245269775,28,,"0.845836,0.921289,0.934699,1.058288",,,0.608210,2.629190,9.837903,0.436538
447,19536,89.0,74.08,,4.878638991287777,12.539366245269775,28,,"0.845836,0.921289,0.934699,1.058288",,,0.608210,2.629190,9.837903,0.436538
448,19579,43.0,73.86,,4.885587486727484,13.551239728927612,29,,"0.836335,0.912996,0.924983,1.065897",,,0.611968,2.717490,10.198035,0.256408
449,19630,51.0,74.07,,4.885587486727484,13.551239728927612,29,,"0.836335,0.912996,0.924983,1.065897",295.6,9.457272334029511,0.611968,2.717490,10.198035,0.256408
450,19788,158.0,75.42,,4.885587486727484,13.551239728927612,29,,"0.836335,0.912996,0.924983,1.065897",,,0.611968,2.717490,10.198035,0.256408
451,19883,95.0,75.98,,4.885587486727484,13.551239728927612,29,,"0.836335,0.912996,0.924983,1.065897",,,0.611968,2.717490,10.198035,0.256408
452,20027,144.0,77.05,,4.885587486727484,13.551239728927612,29,,"0.836335,0.912996,0.924983,1.065897",,,0.611968,2.717490,10.198035,0.256408
453,20090,63.0,76.69,,4.885587486727484,13.551239728927612,29,,"0.836335,0.912996,0.924983,1.065897",,,0.611968,2.717490,10.198035,0.256408
454,20200,110.0,77.39,,4.885587486727484,13.551239728927612,29,,"0.836335,0.912996,0.924983,1.065897",,,0.611968,2.717490,10.198035,0.256408
455,20320,120.0,78.24,,4.885587486727484,13.551239728927612,29,,"0.836335,0.912996,0.924983,1.065897",,,0.611968,2.717490,10.198035,0.256408
456,20360,40.0,77.93,,4.885587486727484,13.551239728927612,29,,"0.836335,0.912996,0.924983,1.065897",,,0.611968,2.717490,10.198035,0.256408
457,20512,152.0,78.62,,4.885587486727484,13.551239728927612,29,,"0.836335,0.912996,0.924983,1.065897",,,0.611968,2.717490,10.198035,0.256408
458,20564,52.0,78.78,,4.885587486727484,13.551239728927612,29,,"0.836335,0.912996,0.924983,1.065897",,,0.611968,2.717490,10.198035,0.256408
459,20597,33.0,78.49,,4.885587486727484,13.551239728927612,29,,"0.836335,0.912996,0.924983,1.065897",,,0.611968,2.717490,10.198035,0.256408
460,20766,169.0,79.93,,4.885587486727484,13.551239728927612,29,,"0.836335,0.912996,0.924983,1.065897",,,0.611968,2.717490,10.198035,0.256408
461,20927,161.0,80.74,,4.885587486727484,13.551239728927612,29,,"0.836335,0.912996,0.924983,1.065897",,,0.611968,2.717490,10.198035,0.256408
462,21152,225.0,82.52,,4.885587486727484,13.551239728927612,29,,"0.836335,0.912996,0.924983,1.065897",,,0.611968,2.717490,10.198035,0.256408
463,21278,126.0,83.27,,4.885587486727484,13.551239728927612,29,,"0.836335,0.912996,0.924983,1.065897",,,0.611968,2.717490,10.198035,0.256408
464,21493,215.0,84.61,,4.894764542579651,14.400057315826416,30,,"0.826842,0.903985,0.915337,1.071574",,,0.601147,2.810680,10.379522,0.327025
465,21623,130.0,85.44,,4.894764542579651,14.401060581207275,30,,"0.826842,0.903985,0.915337,1.071574",,,0.601147,2.810680,10.379522,0.327025
466,21720,97.0,85.68,,4.894764542579651,14.401060581207275,30,,"0.826842,0.903985,0.915337,1.071574",,,0.601147,2.810680,10.379522,0.327025
467,21738,18.0,85.1,,4.894764542579651,14.401060581207275,30,,"0.826842,0.903985,0.915337,1.071574",,,0.601147,2.810680,10.379522,0.327025
468,21911,173.0,85.82,,4.894764542579651,14.401060581207275,30,,"0.826842,0.903985,0.915337,1.071574",,,0.601147,2.810680,10.379522,0.327025
469,22033,122.0,85.68,,4.894764542579651,14.401060581207275,30,,"0.826842,0.903985,0.915337,1.071574",,,0.601147,2.810680,10.379522,0.327025
470,22123,90.0,83.87,,4.894764542579651,14.401060581207275,30,,"0.826842,0.903985,0.915337,1.071574",,,0.601147,2.810680,10.379522,0.327025
471,22230,107.0,83.74,,4.894764542579651,14.401060581207275,30,,"0.826842,0.903985,0.915337,1.071574",,,0.601147,2.810680,10.379522,0.327025
472,22359,129.0,84.57,,4.894764542579651,14.401060581207275,30,,"0.826842,0.903985,0.915337,1.071574",,,0.601147,2.810680,10.379522,0.327025
473,22429,70.0,85.11,,4.894764542579651,14.401060581207275,30,,"0.826842,0.903985,0.915337,1.071574",,,0.601147,2.810680,10.379522,0.327025
474,22502,73.0,84.84,,4.894764542579651,14.401060581207275,30,,"0.826842,0.903985,0.915337,1.071574",,,0.601147,2.810680,10.379522,0.327025
475,22583,81.0,85.18,,4.894764542579651,14.401060581207275,30,,"0.826842,0.903985,0.915337,1.071574",,,0.601147,2.810680,10.379522,0.327025
476,22680,97.0,85.78,,4.894764542579651,14.401060581207275,30,,"0.826842,0.903985,0.915337,1.071574",,,0.601147,2.810680,10.379522,0.327025
477,22729,49.0,85.97,,4.894764542579651,14.401060581207275,30,,"0.826842,0.903985,0.915337,1.071574",,,0.601147,2.810680,10.379522,0.327025
478,22766,37.0,86.15,,4.894764542579651,14.401060581207275,30,,"0.826842,0.903985,0.915337,1.071574",,,0.601147,2.810680,10.379522,0.327025
479,22882,116.0,86.97,,4.894764542579651,14.401060581207275,30,,"0.826842,0.903985,0.915337,1.071574",,,0.601147,2.810680,10.379522,0.327025
480,22935,53.0,86.82,,4.894851092369326,15.421610832214355,31,,"0.816609,0.895310,0.905636,1.076289",,,0.596648,2.907742,9.858335,0.296015
481,23003,68.0,86.84,,4.894851092369326,15.421610832214355,31,,"0.816609,0.895310,0.905636,1.076289",,,0.596648,2.907742,9.858335,0.296015
482,23201,198.0,87.6,,4.894851092369326,15.421610832214355,31,,"0.816609,0.895310,0.905636,1.076289",,,0.596648,2.907742,9.858335,0.296015
483,23309,108.0,88.1,,4.894851092369326,15.421610832214355,31,,"0.816609,0.895310,0.905636,1.076289",,,0.596648,2.907742,9.858335,0.296015
484,23473,164.0,89.52,,4.894851092369326,15.421610832214355,31,,"0.816609,0.895310,0.905636,1.076289",,,0.596648,2.907742,9.858335,0.296015
485,23525,52.0,89.82,,4.894851092369326,15.421610832214355,31,,"0.816609,0.895310,0.905636,1.076289",,,0.596648,2.907742,9.858335,0.296015
486,23621,96.0,90.56,,4.894851092369326,15.421610832214355,31,,"0.816609,0.895310,0.905636,1.076289",,,0.596648,2.907742,9.858335,0.296015
487,23763,142.0,91.28,,4.894851092369326,15.421610832214355,31,,"0.816609,0.895310,0.905636,1.076289",,,0.596648,2.907742,9.858335,0.296015
488,23919,156.0,92.18,,4.894851092369326,15.421610832214355,31,,"0.816609,0.895310,0.905636,1.076289",,,0.596648,2.907742,9.858335,0.296015
489,24107,188.0,93.5,,4.894851092369326,15.421610832214355,31,,"0.816609,0.895310,0.905636,1.076289",,,0.596648,2.907742,9.858335,0.296015
490,24316,209.0,95.05,,4.894851092369326,15.421610832214355,31,,"0.816609,0.895310,0.905636,1.076289",,,0.596648,2.907742,9.858335,0.296015
491,24382,66.0,94.36,,4.894851092369326,15.421610832214355,31,,"0.816609,0.895310,0.905636,1.076289",,,0.596648,2.907742,9.858335,0.296015
492,24542,160.0,95.7,,4.894851092369326,15.421610832214355,31,,"0.816609,0.895310,0.905636,1.076289",,,0.596648,2.907742,9.858335,0.296015
493,24591,49.0,95.55,,4.894851092369326,15.421610832214355,31,,"0.816609,0.895310,0.905636,1.076289",,,0.596648,2.907742,9.858335,0.296015
494,24619,28.0,93.68,,4.894851092369326,15.421610832214355,31,,"0.816609,0.895310,0.905636,1.076289",,,0.596648,2.907742,9.858335,0.296015
495,24705,86.0,93.12,,4.894851092369326,15.421610832214355,31,,"0.816609,0.895310,0.905636,1.076289",,,0.596648,2.907742,9.858335,0.296015
496,24869,164.0,93.92,,4.880209006369114,16.816791534423828,32,,"0.806636,0.886683,0.896277,1.080896",,,0.595985,3.002614,8.909945,0.412265
497,24954,85.0,93.87,,4.880209006369114,16.816791534423828,32,,"0.806636,0.886683,0.896277,1.080896",,,0.595985,3.002614,8.909945,0.412265
498,25113,159.0,94.86,,4.880209006369114,16.816791534423828,32,,"0.806636,0.886683,0.896277,1.080896",,,0.595985,3.002614,8.909945,0.412265
499,25297,184.0,96.34,,4.880209006369114,16.816791534423828,32,,"0.806636,0.886683,0.896277,1.080896",216.0,20.0,0.595985,3.002614,8.909945,0.412265
500,25546,249.0,98.4,,4.880209006369114,16.816791534423828,32,,"0.806636,0.886683,0.896277,1.080896",,,0.595985,3.002614,8.909945,0.412265
501,25621,75.0,98.86,,4.880209006369114,16.816791534423828,32,,"0.806636,0.886683,0.896277,1.080896",,,0.595985,3.002614,8.909945,0.412265
502,25867,246.0,101.01,,4.880209006369114,16.816791534423828,32,,"0.806636,0.886683,0.896277,1.080896",,,0.595985,3.002614,8.909945,0.412265
503,25925,58.0,100.8,,4.880209006369114,16.816791534423828,32,,"0.806636,0.886683,0.896277,1.080896",,,0.595985,3.002614,8.909945,0.412265
504,26052,127.0,101.1,,4.880209006369114,16.816791534423828,32,,"0.806636,0.886683,0.896277,1.080896",,,0.595985,3.002614,8.909945,0.412265
505,26179,127.0,101.81,,4.880209006369114,16.816791534423828,32,,"0.806636,0.886683,0.896277,1.080896",,,0.595985,3.002614,8.909945,0.412265
506,26508,329.0,104.43,,4.880209006369114,16.816791534423828,32,,"0.806636,0.886683,0.896277,1.080896",,,0.595985,3.002614,8.909945,0.412265
507,26596,88.0,104.29,,4.880209006369114,16.816791534423828,32,,"0.806636,0.886683,0.896277,1.080896",,,0.595985,3.002614,8.909945,0.412265
508,26734,138.0,105.4,,4.880209006369114,16.816791534423828,32,,"0.806636,0.886683,0.896277,1.080896",,,0.595985,3.002614,8.909945,0.412265
509,26753,19.0,104.93,,4.880209006369114,16.816791534423828,32,,"0.806636,0.886683,0.896277,1.080896",,,0.595985,3.002614,8.909945,0.412265
510,26852,99.0,104.42,,4.880209006369114,16.816791534423828,32,,"0.806636,0.886683,0.896277,1.080896",,,0.595985,3.002614,8.909945,0.412265
511,26872,20.0,103.14,,4.880209006369114,16.816791534423828,32,,"0.806636,0.886683,0.896277,1.080896",,,0.595985,3.002614,8.909945,0.412265
512,27079,207.0,104.81,,4.859971920649211,18.011902809143066,33,,"0.798162,0.877845,0.886761,1.085339",,,0.606081,3.091933,8.470043,0.439172
513,27146,67.0,105.18,,4.859971920649211,18.011902809143066,33,,"0.798162,0.877845,0.886761,1.085339",,,0.606081,3.091933,8.470043,0.439172
514,27305,159.0,106.01,,4.859971920649211,18.011902809143066,33,,"0.798162,0.877845,0.886761,1.085339",,,0.606081,3.091933,8.470043,0.439172
515,27404,99.0,106.65,,4.859971920649211,18.011902809143066,33,,"0.798162,0.877845,0.886761,1.085339",,,0.606081,3.091933,8.470043,0.439172
516,27451,47.0,106.39,,4.859971920649211,18.01290488243103,33,,"0.798162,0.877845,0.886761,1.085339",,,0.606081,3.091933,8.470043,0.439172
517,27608,157.0,107.22,,4.859971920649211,18.01290488243103,33,,"0.798162,0.877845,0.886761,1.085339",,,0.606081,3.091933,8.470043,0.439172
518,27791,183.0,108.59,,4.859971920649211,18.01290488243103,33,,"0.798162,0.877845,0.886761,1.085339",,,0.606081,3.091933,8.470043,0.439172
519,27898,107.0,108.62,,4.859971920649211,18.01290488243103,33,,"0.798162,0.877845,0.886761,1.085339",,,0.606081,3.091933,8.470043,0.439172
520,27954,56.0,107.5,,4.859971920649211,18.01290488243103,33,,"0.798162,0.877845,0.886761,1.085339",,,0.606081,3.091933,8.470043,0.439172
521,28119,165.0,108.63,,4.859971920649211,18.01290488243103,33,,"0.798162,0.877845,0.886761,1.085339",,,0.606081,3.091933,8.470043,0.439172
522,28274,155.0,109.71,,4.859971920649211,18.01290488243103,33,,"0.798162,0.877845,0.886761,1.085339",,,0.606081,3.091933,8.470043,0.439172
523,28349,75.0,109.61,,4.859971920649211,18.01290488243103,33,,"0.798162,0.877845,0.886761,1.085339",,,0.606081,3.091933,8.470043,0.439172
524,28470,121.0,110.19,,4.859971920649211,18.01290488243103,33,,"0.798162,0.877845,0.886761,1.085339",,,0.606081,3.091933,8.470043,0.439172
525,28653,183.0,111.84,,4.859971920649211,18.01290488243103,33,,"0.798162,0.877845,0.886761,1.085339",,,0.606081,3.091933,8.470043,0.439172
526,28936,283.0,113.7,,4.859971920649211,18.01290488243103,33,,"0.798162,0.877845,0.886761,1.085339",,,0.606081,3.091933,8.470043,0.439172
527,29045,109.0,113.57,,4.859971920649211,18.01290488243103,33,,"0.798162,0.877845,0.886761,1.085339",,,0.606081,3.091933,8.470043,0.439172
528,29152,107.0,114.29,,4.86287284598631,18.808279037475586,34,,"0.788423,0.869296,0.877333,1.088310",,,0.590291,3.183362,10.008463,0.407009
529,29193,41.0,113.2,,4.86287284598631,18.808279037475586,34,,"0.788423,0.869296,0.877333,1.088310",,,0.590291,3.183362,10.008463,0.407009
530,29335,142.0,114.25,,4.86287284598631,18.808279037475586,34,,"0.788423,0.869296,0.877333,1.088310",,,0.590291,3.183362,10.008463,0.407009
531,29429,94.0,114.32,,4.86287284598631,18.808279037475586,34,,"0.788423,0.869296,0.877333,1.088310",,,0.590291,3.183362,10.008463,0.407009
532,29487,58.0,114.7,,4.86287284598631,18.809295415878296,34,,"0.788423,0.869296,0.877333,1.088310",,,0.590291,3.183362,10.008463,0.407009
533,29588,101.0,114.89,,4.86287284598631,18.809295415878296,34,,"0.788423,0.869296,0.877333,1.088310",,,0.590291,3.183362,10.008463,0.407009
534,29613,25.0,114.22,,4.86287284598631,18.809295415878296,34,,"0.788423,0.869296,0.877333,1.088310",,,0.590291,3.183362,10.008463,0.407009
535,29663,50.0,114.47,,4.86287284598631,18.809295415878296,34,,"0.788423,0.869296,0.877333,1.088310",,,0.590291,3.183362,10.008463,0.407009
536,29755,92.0,114.05,,4.86287284598631,18.809295415878296,34,,"0.788423,0.869296,0.877333,1.088310",,,0.590291,3.183362,10.008463,0.407009
537,29874,119.0,113.82,,4.86287284598631,18.809295415878296,34,,"0.788423,0.869296,0.877333,1.088310",,,0.590291,3.183362,10.008463,0.407009
538,29936,62.0,113.07,,4.86287284598631,18.809295415878296,34,,"0.788423,0.869296,0.877333,1.088310",,,0.590291,3.183362,10.008463,0.407009
539,30107,171.0,114.03,,4.86287284598631,18.809295415878296,34,,"0.788423,0.869296,0.877333,1.088310",,,0.590291,3.183362,10.008463,0.407009
540,30149,42.0,113.35,,4.86287284598631,18.809295415878296,34,,"0.788423,0.869296,0.877333,1.088310",,,0.590291,3.183362,10.008463,0.407009
541,30265,116.0,114.09,,4.86287284598631,18.809295415878296,34,,"0.788423,0.869296,0.877333,1.088310",,,0.590291,3.183362,10.008463,0.407009
542,30420,155.0,114.07,,4.86287284598631,18.809295415878296,34,,"0.788423,0.869296,0.877333,1.088310",,,0.590291,3.183362,10.008463,0.407009
543,30526,106.0,114.31,,4.86287284598631,18.809295415878296,34,,"0.788423,0.869296,0.877333,1.088310",,,0.590291,3.183362,10.008463,0.407009
544,30639,113.0,114.78,,4.832074526378086,19.697500705718994,35,,"0.778134,0.860868,0.868008,1.090528",,,0.593958,3.271602,7.644975,0.517344
545,30806,167.0,115.17,,4.832074526378086,19.697500705718994,35,,"0.778134,0.860868,0.868008,1.090528",,,0.593958,3.271602,7.644975,0.517344
546,30908,102.0,114.61,,4.832074526378086,19.697500705718994,35,,"0.778134,0.860868,0.868008,1.090528",,,0.593958,3.271602,7.644975,0.517344
547,31062,154.0,115.26,,4.832074526378086,19.697500705718994,35,,"0.778134,0.860868,0.868008,1.090528",,,0.593958,3.271602,7.644975,0.517344
548,31188,126.0,116.09,,4.832074526378086,19.697500705718994,35,,"0.778134,0.860868,0.868008,1.090528",,,0.593958,3.271602,7.644975,0.517344
549,31334,146.0,117.04,,4.832074526378086,19.697500705718994,35,,"0.778134,0.860868,0.868008,1.090528",177.8,13.731715115017497,0.593958,3.271602,7.644975,0.517344
550,31436,102.0,116.48,,4.832074526378086,19.698500871658325,35,,"0.778134,0.860868,0.868008,1.090528",,,0.593958,3.271602,7.644975,0.517344
551,31582,146.0,116.99,,4.832074526378086,19.698500871658325,35,,"0.778134,0.860868,0.868008,1.090528",,,0.593958,3.271602,7.644975,0.517344
552,31693,111.0,116.66,,4.832074526378086,19.698500871658325,35,,"0.778134,0.860868,0.868008,1.090528",,,0.593958,3.271602,7.644975,0.517344
553,31857,164.0,117.67,,4.832074526378086,19.698500871658325,35,,"0.778134,0.860868,0.868008,1.090528",,,0.593958,3.271602,7.644975,0.517344
554,32009,152.0,118.09,,4.832074526378086,19.698500871658325,35,,"0.778134,0.860868,0.868008,1.090528",,,0.593958,3.271602,7.644975,0.517344
555,32189,180.0,118.69,,4.832074526378086,19.698500871658325,35,,"0.778134,0.860868,0.868008,1.090528",,,0.593958,3.271602,7.644975,0.517344
556,32314,125.0,119.54,,4.832074526378086,19.698500871658325,35,,"0.778134,0.860868,0.868008,1.090528",,,0.593958,3.271602,7.644975,0.517344
557,32388,74.0,118.76,,4.832074526378086,19.698500871658325,35,,"0.778134,0.860868,0.868008,1.090528",,,0.593958,3.271602,7.644975,0.517344
558,32581,193.0,120.17,,4.832074526378086,19.698500871658325,35,,"0.778134,0.860868,0.868008,1.090528",,,0.593958,3.271602,7.644975,0.517344
559,32708,127.0,121.11,,4.832074526378086,19.698500871658325,35,,"0.778134,0.860868,0.868008,1.090528",,,0.593958,3.271602,7.644975,0.517344
560,32905,197.0,121.39,,4.800065815448761,20.7056667804718,36,,"0.767023,0.852170,0.859486,1.092215",,,0.593062,3.356232,7.452751,0.405099
561,33015,110.0,120.88,,4.800065815448761,20.7056667804718,36,,"0.767023,0.852170,0.859486,1.092215",,,0.593062,3.356232,7.452751,0.405099
562,33167,152.0,120.15,,4.800065815448761,20.7056667804718,36,,"0.767023,0.852170,0.859486,1.092215",,,0.593062,3.356232,7.452751,0.405099
563,33301,134.0,120.23,,4.800065815448761,20.7056667804718,36,,"0.767023,0.852170,0.859486,1.092215",,,0.593062,3.356232,7.452751,0.405099
564,33449,148.0,119.56,,4.800065815448761,20.7056667804718,36,,"0.767023,0.852170,0.859486,1.092215",,,0.593062,3.356232,7.452751,0.405099
565,33565,116.0,119.42,,4.800065815448761,20.7056667804718,36,,"0.767023,0.852170,0.859486,1.092215",,,0.593062,3.356232,7.452751,0.405099
566,33700,135.0,119.8,,4.800065815448761,20.7056667804718,36,,"0.767023,0.852170,0.859486,1.092215",,,0.593062,3.356232,7.452751,0.405099
567,33844,144.0,121.06,,4.800065815448761,20.7056667804718,36,,"0.767023,0.852170,0.859486,1.092215",,,0.593062,3.356232,7.452751,0.405099
568,33991,147.0,120.8,,4.800065815448761,20.7056667804718,36,,"0.767023,0.852170,0.859486,1.092215",,,0.593062,3.356232,7.452751,0.405099
569,34037,46.0,120.04,,4.800065815448761,20.7056667804718,36,,"0.767023,0.852170,0.859486,1.092215",,,0.593062,3.356232,7.452751,0.405099
570,34170,133.0,120.47,,4.800065815448761,20.706697940826416,36,,"0.767023,0.852170,0.859486,1.092215",,,0.593062,3.356232,7.452751,0.405099
571,34275,105.0,120.45,,4.800065815448761,20.706697940826416,36,,"0.767023,0.852170,0.859486,1.092215",,,0.593062,3.356232,7.452751,0.405099
572,34381,106.0,120.22,,4.800065815448761,20.706697940826416,36,,"0.767023,0.852170,0.859486,1.092215",,,0.593062,3.356232,7.452751,0.405099
573,34541,160.0,121.12,,4.800065815448761,20.706697940826416,36,,"0.767023,0.852170,0.859486,1.092215",,,0.593062,3.356232,7.452751,0.405099
574,34719,178.0,122.17,,4.800065815448761,20.706697940826416,36,,"0.767023,0.852170,0.859486,1.092215",,,0.593062,3.356232,7.452751,0.405099
575,34893,174.0,123.1,,4.800065815448761,20.706697940826416,36,,"0.767023,0.852170,0.859486,1.092215",,,0.593062,3.356232,7.452751,0.405099
576,34969,76.0,122.89,,4.775705434180595,21.68359065055847,37,,"0.755183,0.843071,0.851488,1.091765",,,0.582230,3.438627,7.884623,0.479704
577,35136,167.0,124.07,,4.775705434180595,21.68459129333496,37,,"0.755183,0.843071,0.851488,1.091765",,,0.582230,3.438627,7.884623,0.479704
578,35255,119.0,124.89,,4.775705434180595,21.68459129333496,37,,"0.755183,0.843071,0.851488,1.091765",,,0.582230,3.438627,7.884623,0.479704
579,35434,179.0,125.52,,4.775705434180595,21.68459129333496,37,,"0.755183,0.843071,0.851488,1.091765",,,0.582230,3.438627,7.884623,0.479704
580,35538,104.0,126.03,,4.775705434180595,21.68459129333496,37,,"0.755183,0.843071,0.851488,1.091765",,,0.582230,3.438627,7.884623,0.479704
581,35686,148.0,126.83,,4.775705434180595,21.68459129333496,37,,"0.755183,0.843071,0.851488,1.091765",,,0.582230,3.438627,7.884623,0.479704
582,35764,78.0,125.63,,4.775705434180595,21.68459129333496,37,,"0.755183,0.843071,0.851488,1.091765",,,0.582230,3.438627,7.884623,0.479704
583,35925,161.0,126.16,,4.775705434180595,21.68459129333496,37,,"0.755183,0.843071,0.851488,1.091765",,,0.582230,3.438627,7.884623,0.479704
584,35983,58.0,125.1,,4.775705434180595,21.68459129333496,37,,"0.755183,0.843071,0.851488,1.091765",,,0.582230,3.438627,7.884623,0.479704
585,36132,149.0,126.07,,4.775705434180595,21.68459129333496,37,,"0.755183,0.843071,0.851488,1.091765",,,0.582230,3.438627,7.884623,0.479704
586,36316,184.0,126.95,,4.775705434180595,21.68459129333496,37,,"0.755183,0.843071,0.851488,1.091765",,,0.582230,3.438627,7.884623,0.479704
587,36437,121.0,126.74,,4.775705434180595,21.68459129333496,37,,"0.755183,0.843071,0.851488,1.091765",,,0.582230,3.438627,7.884623,0.479704
588,36566,129.0,126.47,,4.775705434180595,21.68459129333496,37,,"0.755183,0.843071,0.851488,1.091765",,,0.582230,3.438627,7.884623,0.479704
589,36698,132.0,125.91,,4.775705434180595,21.68459129333496,37,,"0.755183,0.843071,0.851488,1.091765",,,0.582230,3.438627,7.884623,0.479704
590,36824,126.0,125.08,,4.775705434180595,21.68459129333496,37,,"0.755183,0.843071,0.851488,1.091765",,,0.582230,3.438627,7.884623,0.479704
591,36940,116.0,125.58,,4.775705434180595,21.68459129333496,37,,"0.755183,0.843071,0.851488,1.091765",,,0.582230,3.438627,7.884623,0.479704
592,37099,159.0,125.57,,4.748551807905498,22.549251556396484,38,,"0.743586,0.834034,0.844031,1.091027",,,0.587673,3.517671,7.554305,0.465056
593,37248,149.0,126.57,,4.748551807905498,22.549251556396484,38,,"0.743586,0.834034,0.844031,1.091027",,,0.587673,3.517671,7.554305,0.465056
594,37375,127.0,127.56,,4.748551807905498,22.549251556396484,38,,"0.743586,0.834034,0.844031,1.091027",,,0.587673,3.517671,7.554305,0.465056
595,37518,143.0,128.13,,4.748551807905498,22.549251556396484,38,,"0.743586,0.834034,0.844031,1.091027",,,0.587673,3.517671,7.554305,0.465056
596,37649,131.0,127.8,,4.748551807905498,22.549251556396484,38,,"0.743586,0.834034,0.844031,1.091027",,,0.587673,3.517671,7.554305,0.465056
597,37764,115.0,128.1,,4.748551807905498,22.549251556396484,38,,"0.743586,0.834034,0.844031,1.091027",,,0.587673,3.517671,7.554305,0.465056
598,37924,160.0,128.11,,4.748551807905498,22.549251556396484,38,,"0.743586,0.834034,0.844031,1.091027",,,0.587673,3.517671,7.554305,0.465056
599,38090,166.0,127.93,,4.748551807905498,22.549251556396484,38,,"0.743586,0.834034,0.844031,1.091027",165.2,9.239047569960876,0.587673,3.517671,7.554305,0.465056
600,38137,47.0,125.91,,4.748551807905498,22.549251556396484,38,,"0.743586,0.834034,0.844031,1.091027",,,0.587673,3.517671,7.554305,0.465056
601,38273,136.0,126.52,,4.748551807905498,22.549251556396484,38,,"0.743586,0.834034,0.844031,1.091027",,,0.587673,3.517671,7.554305,0.465056
602,38306,33.0,124.39,,4.748551807905498,22.549251556396484,38,,"0.743586,0.834034,0.844031,1.091027",,,0.587673,3.517671,7.554305,0.465056
603,38475,169.0,125.5,,4.748551807905498,22.549251556396484,38,,"0.743586,0.834034,0.844031,1.091027",,,0.587673,3.517671,7.554305,0.465056
604,38614,139.0,125.62,,4.748551807905498,22.549251556396484,38,,"0.743586,0.834034,0.844031,1.091027",,,0.587673,3.517671,7.554305,0.465056
605,38730,116.0,125.51,,4.748551807905498,22.549251556396484,38,,"0.743586,0.834034,0.844031,1.091027",,,0.587673,3.517671,7.554305,0.465056
606,38883,153.0,123.75,,4.748551807905498,22.549251556396484,38,,"0.743586,0.834034,0.844031,1.091027",,,0.587673,3.517671,7.554305,0.465056
607,39066,183.0,124.7,,4.748551807905498,22.549251556396484,38,,"0.743586,0.834034,0.844031,1.091027",,,0.587673,3.517671,7.554305,0.465056
608,39195,129.0,124.61,,4.718824796187572,23.466182470321655,39,,"0.732065,0.825189,0.836447,1.090279",,,0.581210,3.592248,7.227648,0.496621
609,39316,121.0,125.63,,4.718824796187572,23.466182470321655,39,,"0.732065,0.825189,0.836447,1.090279",,,0.581210,3.592248,7.227648,0.496621
610,39452,136.0,126.0,,4.718824796187572,23.466182470321655,39,,"0.732065,0.825189,0.836447,1.090279",,,0.581210,3.592248,7.227648,0.496621
611,39598,146.0,127.26,,4.718824796187572,23.466182470321655,39,,"0.732065,0.825189,0.836447,1.090279",,,0.581210,3.592248,7.227648,0.496621
612,39764,166.0,126.85,,4.718824796187572,23.466182470321655,39,,"0.732065,0.825189,0.836447,1.090279",,,0.581210,3.592248,7.227648,0.496621
613,39912,148.0,127.66,,4.718824796187572,23.466182470321655,39,,"0.732065,0.825189,0.836447,1.090279",,,0.581210,3.592248,7.227648,0.496621
614,40084,172.0,127.79,,4.718824796187572,23.466182470321655,39,,"0.732065,0.825189,0.836447,1.090279",,,0.581210,3.592248,7.227648,0.496621
615,40211,127.0,128.07,,4.718824796187572,23.466182470321655,39,,"0.732065,0.825189,0.836447,1.090279",,,0.581210,3.592248,7.227648,0.496621
616,40344,133.0,128.93,,4.718824796187572,23.466182470321655,39,,"0.732065,0.825189,0.836447,1.090279",,,0.581210,3.592248,7.227648,0.496621
617,40417,73.0,128.09,,4.718824796187572,23.466182470321655,39,,"0.732065,0.825189,0.836447,1.090279",,,0.581210,3.592248,7.227648,0.496621
618,40530,113.0,127.39,,4.718824796187572,23.466182470321655,39,,"0.732065,0.825189,0.836447,1.090279",,,0.581210,3.592248,7.227648,0.496621
619,40730,200.0,128.32,,4.718824796187572,23.466182470321655,39,,"0.732065,0.825189,0.836447,1.090279",,,0.581210,3.592248,7.227648,0.496621
620,40874,144.0,129.2,,4.718824796187572,23.466182470321655,39,,"0.732065,0.825189,0.836447,1.090279",,,0.581210,3.592248,7.227648,0.496621
621,41039,165.0,129.2,,4.718824796187572,23.466182470321655,39,,"0.732065,0.825189,0.836447,1.090279",,,0.581210,3.592248,7.227648,0.496621
622,41165,126.0,128.91,,4.718824796187572,23.466182470321655,39,,"0.732065,0.825189,0.836447,1.090279",,,0.581210,3.592248,7.227648,0.496621
623,41325,160.0,129.76,,4.718824796187572,23.466182470321655,39,,"0.732065,0.825189,0.836447,1.090279",,,0.581210,3.592248,7.227648,0.496621
624,41447,122.0,129.77,,4.687948727607727,24.298924684524536,40,,"0.721074,0.816626,0.829629,1.089406",,,0.575117,3.662182,7.040495,0.566460
625,41593,146.0,129.4,,4.687948727607727,24.298924684524536,40,,"0.721074,0.816626,0.829629,1.089406",,,0.575117,3.662182,7.040495,0.566460
626,41725,132.0,127.89,,4.687948727607727,24.298924684524536,40,,"0.721074,0.816626,0.829629,1.089406",,,0.575117,3.662182,7.040495,0.566460
627,41870,145.0,128.25,,4.687948727607727,24.298924684524536,40,,"0.721074,0.816626,0.829629,1.089406",,,0.575117,3.662182,7.040495,0.566460
628,41959,89.0,128.07,,4.687948727607727,24.29992651939392,40,,"0.721074,0.816626,0.829629,1.089406",,,0.575117,3.662182,7.040495,0.566460
629,42112,153.0,129.19,,4.687948727607727,24.29992651939392,40,,"0.721074,0.816626,0.829629,1.089406",,,0.575117,3.662182,7.040495,0.566460
630,42225,113.0,128.9,,4.687948727607727,24.29992651939392,40,,"0.721074,0.816626,0.829629,1.089406",,,0.575117,3.662182,7.040495,0.566460
631,42335,110.0,129.06,,4.687948727607727,24.29992651939392,40,,"0.721074,0.816626,0.829629,1.089406",,,0.575117,3.662182,7.040495,0.566460
632,42364,29.0,128.77,,4.687948727607727,24.29992651939392,40,,"0.721074,0.816626,0.829629,1.089406",,,0.575117,3.662182,7.040495,0.566460
633,42472,108.0,128.84,,4.687948727607727,24.29992651939392,40,,"0.721074,0.816626,0.829629,1.089406",,,0.575117,3.662182,7.040495,0.566460
634,42658,186.0,130.45,,4.687948727607727,24.29992651939392,40,,"0.721074,0.816626,0.829629,1.089406",,,0.575117,3.662182,7.040495,0.566460
635,42808,150.0,131.45,,4.687948727607727,24.29992651939392,40,,"0.721074,0.816626,0.829629,1.089406",,,0.575117,3.662182,7.040495,0.566460
636,42965,157.0,132.1,,4.687948727607727,24.29992651939392,40,,"0.721074,0.816626,0.829629,1.089406",,,0.575117,3.662182,7.040495,0.566460
637,43085,120.0,132.11,,4.687948727607727,24.29992651939392,40,,"0.721074,0.816626,0.829629,1.089406",,,0.575117,3.662182,7.040495,0.566460
638,43243,158.0,133.07,,4.687948727607727,24.29992651939392,40,,"0.721074,0.816626,0.829629,1.089406",,,0.575117,3.662182,7.040495,0.566460
639,43363,120.0,132.56,,4.687948727607727,24.29992651939392,40,,"0.721074,0.816626,0.829629,1.089406",,,0.575117,3.662182,7.040495,0.566460
640,43511,148.0,133.62,,4.653393902429721,25.114891290664673,41,,"0.711268,0.808889,0.823393,1.088753",,,0.570515,3.726631,6.587732,0.676338
641,43679,168.0,134.14,,4.653393902429721,25.114891290664673,41,,"0.711268,0.808889,0.823393,1.088753",,,0.570515,3.726631,6.587732,0.676338
642,43835,156.0,134.15,,4.653393902429721,25.114891290664673,41,,"0.711268,0.808889,0.823393,1.088753",,,0.570515,3.726631,6.587732,0.676338
643,43913,78.0,133.87,,4.653393902429721,25.115891933441162,41,,"0.711268,0.808889,0.823393,1.088753",,,0.570515,3.726631,6.587732,0.676338
644,44050,137.0,134.11,,4.653393902429721,25.115891933441162,41,,"0.711268,0.808889,0.823393,1.088753",,,0.570515,3.726631,6.587732,0.676338
645,44170,120.0,133.64,,4.653393902429721,25.115891933441162,41,,"0.711268,0.808889,0.823393,1.088753",,,0.570515,3.726631,6.587732,0.676338
646,44307,137.0,133.99,,4.653393902429721,25.115891933441162,41,,"0.711268,0.808889,0.823393,1.088753",,,0.570515,3.726631,6.587732,0.676338
647,44422,115.0,133.6,,4.653393902429721,25.115891933441162,41,,"0.711268,0.808889,0.823393,1.088753",,,0.570515,3.726631,6.587732,0.676338
648,44563,141.0,133.75,,4.653393902429721,25.115891933441162,41,,"0.711268,0.808889,0.823393,1.088753",,,0.570515,3.726631,6.587732,0.676338
649,44702,139.0,133.68,,4.653393902429721,25.115891933441162,41,,"0.711268,0.808889,0.823393,1.088753",151.4,7.418894796396564,0.570515,3.726631,6.587732,0.676338
650,44865,163.0,134.29,,4.653393902429721,25.115891933441162,41,,"0.711268,0.808889,0.823393,1.088753",,,0.570515,3.726631,6.587732,0.676338
651,44995,130.0,134.13,,4.653393902429721,25.115891933441162,41,,"0.711268,0.808889,0.823393,1.088753",,,0.570515,3.726631,6.587732,0.676338
652,45158,163.0,134.65,,4.653393902429721,25.115891933441162,41,,"0.711268,0.808889,0.823393,1.088753",,,0.570515,3.726631,6.587732,0.676338
653,45288,130.0,134.31,,4.653393902429721,25.115891933441162,41,,"0.711268,0.808889,0.823393,1.088753",,,0.570515,3.726631,6.587732,0.676338
654,45399,111.0,133.9,,4.653393902429721,25.115891933441162,41,,"0.711268,0.808889,0.823393,1.088753",,,0.570515,3.726631,6.587732,0.676338
655,45549,150.0,133.6,,4.653393902429721,25.115891933441162,41,,"0.711268,0.808889,0.823393,1.088753",,,0.570515,3.726631,6.587732,0.676338
656,45689,140.0,133.75,,4.6218352771940685,26.01364541053772,42,,"0.702001,0.801397,0.817835,1.088053",,,0.567510,3.787282,6.754508,0.721706
657,45720,31.0,133.32,,4.6218352771940685,26.01364541053772,42,,"0.702001,0.801397,0.817835,1.088053",,,0.567510,3.787282,6.754508,0.721706
658,45843,123.0,132.62,,4.6218352771940685,26.01364541053772,42,,"0.702001,0.801397,0.817835,1.088053",,,0.567510,3.787282,6.754508,0.721706
659,45966,123.0,132.58,,4.6218352771940685,26.01364541053772,42,,"0.702001,0.801397,0.817835,1.088053",,,0.567510,3.787282,6.754508,0.721706
660,46027,61.0,131.22,,4.6218352771940685,26.01364541053772,42,,"0.702001,0.801397,0.817835,1.088053",,,0.567510,3.787282,6.754508,0.721706
661,46125,98.0,131.1,,4.6218352771940685,26.01364541053772,42,,"0.702001,0.801397,0.817835,1.088053",,,0.567510,3.787282,6.754508,0.721706
662,46301,176.0,131.34,,4.6218352771940685,26.01364541053772,42,,"0.702001,0.801397,0.817835,1.088053",,,0.567510,3.787282,6.754508,0.721706
663,46440,139.0,131.39,,4.6218352771940685,26.01364541053772,42,,"0.702001,0.801397,0.817835,1.088053",,,0.567510,3.787282,6.754508,0.721706
664,46593,153.0,131.44,,4.6218352771940685,26.01364541053772,42,,"0.702001,0.801397,0.817835,1.088053",,,0.567510,3.787282,6.754508,0.721706
665,46758,165.0,131.93,,4.6218352771940685,26.01364541053772,42,,"0.702001,0.801397,0.817835,1.088053",,,0.567510,3.787282,6.754508,0.721706
666,46904,146.0,132.04,,4.6218352771940685,26.01364541053772,42,,"0.702001,0.801397,0.817835,1.088053",,,0.567510,3.787282,6.754508,0.721706
667,47009,105.0,131.65,,4.6218352771940685,26.01364541053772,42,,"0.702001,0.801397,0.817835,1.088053",,,0.567510,3.787282,6.754508,0.721706
668,47138,129.0,131.47,,4.6218352771940685,26.01364541053772,42,,"0.702001,0.801397,0.817835,1.088053",,,0.567510,3.787282,6.754508,0.721706
669,47269,131.0,132.32,,4.6218352771940685,26.01364541053772,42,,"0.702001,0.801397,0.817835,1.088053",,,0.567510,3.787282,6.754508,0.721706
670,47383,114.0,132.13,,4.6218352771940685,26.01364541053772,42,,"0.702001,0.801397,0.817835,1.088053",,,0.567510,3.787282,6.754508,0.721706
671,47501,118.0,132.26,,4.6218352771940685,26.01364541053772,42,,"0.702001,0.801397,0.817835,1.088053",,,0.567510,3.787282,6.754508,0.721706
672,47621,120.0,132.4,,4.59564273856407,26.757984161376953,43,,"0.693678,0.794241,0.812789,1.087491",,,0.565371,3.844730,7.090253,0.747177
673,47754,133.0,132.13,,4.59564273856407,26.757984161376953,43,,"0.693678,0.794241,0.812789,1.087491",,,0.565371,3.844730,7.090253,0.747177
674,47899,145.0,131.8,,4.59564273856407,26.757984161376953,43,,"0.693678,0.794241,0.812789,1.087491",,,0.565371,3.844730,7.090253,0.747177
675,48034,135.0,131.41,,4.59564273856407,26.757984161376953,43,,"0.693678,0.794241,0.812789,1.087491",,,0.565371,3.844730,7.090253,0.747177
676,48159,125.0,131.9,,4.59564273856407,26.757984161376953,43,,"0.693678,0.794241,0.812789,1.087491",,,0.565371,3.844730,7.090253,0.747177
677,48305,146.0,131.69,,4.59564273856407,26.757984161376953,43,,"0.693678,0.794241,0.812789,1.087491",,,0.565371,3.844730,7.090253,0.747177
678,48429,124.0,131.74,,4.59564273856407,26.75898575782776,43,,"0.693678,0.794241,0.812789,1.087491",,,0.565371,3.844730,7.090253,0.747177
679,48492,63.0,130.58,,4.59564273856407,26.75898575782776,43,,"0.693678,0.794241,0.812789,1.087491",,,0.565371,3.844730,7.090253,0.747177
680,48614,122.0,130.76,,4.59564273856407,26.75898575782776,43,,"0.693678,0.794241,0.812789,1.087491",,,0.565371,3.844730,7.090253,0.747177
681,48729,115.0,130.43,,4.59564273856407,26.75898575782776,43,,"0.693678,0.794241,0.812789,1.087491",,,0.565371,3.844730,7.090253,0.747177
682,48749,20.0,129.85,,4.59564273856407,26.75898575782776,43,,"0.693678,0.794241,0.812789,1.087491",,,0.565371,3.844730,7.090253,0.747177
683,48885,136.0,129.6,,4.59564273856407,26.75898575782776,43,,"0.693678,0.794241,0.812789,1.087491",,,0.565371,3.844730,7.090253,0.747177
684,48987,102.0,130.04,,4.59564273856407,26.75898575782776,43,,"0.693678,0.794241,0.812789,1.087491",,,0.565371,3.844730,7.090253,0.747177
685,49106,119.0,129.74,,4.59564273856407,26.75898575782776,43,,"0.693678,0.794241,0.812789,1.087491",,,0.565371,3.844730,7.090253,0.747177
686,49173,67.0,128.57,,4.59564273856407,26.75898575782776,43,,"0.693678,0.794241,0.812789,1.087491",,,0.565371,3.844730,7.090253,0.747177
687,49315,142.0,128.78,,4.59564273856407,26.75898575782776,43,,"0.693678,0.794241,0.812789,1.087491",,,0.565371,3.844730,7.090253,0.747177
688,49439,124.0,128.73,,4.553071157498793,27.519168853759766,44,,"0.685774,0.787501,0.808172,1.087037",,,0.559919,3.898372,5.517725,0.859249
689,49577,138.0,128.79,,4.553071157498793,27.519168853759766,44,,"0.685774,0.787501,0.808172,1.087037",,,0.559919,3.898372,5.517725,0.859249
690,49715,138.0,128.91,,4.553071157498793,27.519168853759766,44,,"0.685774,0.787501,0.808172,1.087037",,,0.559919,3.898372,5.517725,0.859249
691,49872,157.0,129.32,,4.553071157498793,27.519168853759766,44,,"0.685774,0.787501,0.808172,1.087037",,,0.559919,3.898372,5.517725,0.859249
692,50004,132.0,129.05,,4.553071157498793,27.519168853759766,44,,"0.685774,0.787501,0.808172,1.087037",,,0.559919,3.898372,5.517725,0.859249
693,50125,121.0,128.77,,4.553071157498793,27.519168853759766,44,,"0.685774,0.787501,0.808172,1.087037",,,0.559919,3.898372,5.517725,0.859249
694,50271,146.0,128.96,,4.553071157498793,27.519168853759766,44,,"0.685774,0.787501,0.808172,1.087037",,,0.559919,3.898372,5.517725,0.859249
695,50401,130.0,128.83,,4.553071157498793,27.519168853759766,44,,"0.685774,0.787501,0.808172,1.087037",,,0.559919,3.898372,5.517725,0.859249
696,50508,107.0,128.59,,4.553071157498793,27.519168853759766,44,,"0.685774,0.787501,0.808172,1.087037",,,0.559919,3.898372,5.517725,0.859249
697,50640,132.0,128.76,,4.553071157498793,27.519168853759766,44,,"0.685774,0.787501,0.808172,1.087037",,,0.559919,3.898372,5.517725,0.859249
698,50693,53.0,127.69,,4.553071157498793,27.519708156585693,44,,"0.685774,0.787501,0.808172,1.087037",,,0.559919,3.898372,5.517725,0.859249
699,50830,137.0,127.4,,4.553071157498793,27.519708156585693,44,,"0.685774,0.787501,0.808172,1.087037",142.0,5.932958789676531,0.559919,3.898372,5.517725,0.859249
700,50971,141.0,128.34,,4.553071157498793,27.519708156585693,44,,"0.685774,0.787501,0.808172,1.087037",,,0.559919,3.898372,5.517725,0.859249
701,51088,117.0,128.15,,4.553071157498793,27.519708156585693,44,,"0.685774,0.787501,0.808172,1.087037",,,0.559919,3.898372,5.517725,0.859249
702,51226,138.0,129.2,,4.553071157498793,27.519708156585693,44,,"0.685774,0.787501,0.808172,1.087037",,,0.559919,3.898372,5.517725,0.859249
703,51352,126.0,128.77,,4.553071157498793,27.519708156585693,44,,"0.685774,0.787501,0.808172,1.087037",,,0.559919,3.898372,5.517725,0.859249
704,51485,133.0,128.71,,4.496349048614502,28.22728967666626,45,,"0.679026,0.780867,0.803761,1.086725",,,0.566548,3.946954,4.021916,0.955890
705,51616,131.0,128.86,,4.496349048614502,28.22728967666626,45,,"0.679026,0.780867,0.803761,1.086725",,,0.566548,3.946954,4.021916,0.955890
706,51747,131.0,128.64,,4.496349048614502,28.22728967666626,45,,"0.679026,0.780867,0.803761,1.086725",,,0.566548,3.946954,4.021916,0.955890
707,51876,129.0,128.1,,4.496349048614502,28.22728967666626,45,,"0.679026,0.780867,0.803761,1.086725",,,0.566548,3.946954,4.021916,0.955890
708,52002,126.0,128.07,,4.496349048614502,28.22728967666626,45,,"0.679026,0.780867,0.803761,1.086725",,,0.566548,3.946954,4.021916,0.955890
709,52139,137.0,128.23,,4.496349048614502,28.22728967666626,45,,"0.679026,0.780867,0.803761,1.086725",,,0.566548,3.946954,4.021916,0.955890
710,52253,114.0,128.01,,4.496349048614502,28.22728967666626,45,,"0.679026,0.780867,0.803761,1.086725",,,0.566548,3.946954,4.021916,0.955890
711,52378,125.0,127.8,,4.496349048614502,28.22728967666626,45,,"0.679026,0.780867,0.803761,1.086725",,,0.566548,3.946954,4.021916,0.955890
712,52504,126.0,127.4,,4.496349048614502,28.22728967666626,45,,"0.679026,0.780867,0.803761,1.086725",,,0.566548,3.946954,4.021916,0.955890
713,52623,119.0,127.11,,4.496349048614502,28.22728967666626,45,,"0.679026,0.780867,0.803761,1.086725",,,0.566548,3.946954,4.021916,0.955890
714,52752,129.0,126.68,,4.496349048614502,28.22728967666626,45,,"0.679026,0.780867,0.803761,1.086725",,,0.566548,3.946954,4.021916,0.955890
715,52874,122.0,126.63,,4.496349048614502,28.22728967666626,45,,"0.679026,0.780867,0.803761,1.086725",,,0.566548,3.946954,4.021916,0.955890
716,53005,131.0,126.61,,4.496349048614502,28.22728967666626,45,,"0.679026,0.780867,0.803761,1.086725",,,0.566548,3.946954,4.021916,0.955890
717,53155,150.0,127.38,,4.496349048614502,28.22728967666626,45,,"0.679026,0.780867,0.803761,1.086725",,,0.566548,3.946954,4.021916,0.955890
718,53304,149.0,127.74,,4.496349048614502,28.22728967666626,45,,"0.679026,0.780867,0.803761,1.086725",,,0.566548,3.946954,4.021916,0.955890
719,53427,123.0,126.97,,4.496349048614502,28.22728967666626,45,,"0.679026,0.780867,0.803761,1.086725",,,0.566548,3.946954,4.021916,0.955890
720,53541,114.0,126.67,,4.46975066350854,28.903944969177246,46,,"0.672930,0.774651,0.800228,1.086594",,,0.554954,3.993161,6.600746,0.778121
721,53664,123.0,126.25,,4.46975066350854,28.90496587753296,46,,"0.672930,0.774651,0.800228,1.086594",,,0.554954,3.993161,6.600746,0.778121
722,53782,118.0,126.17,,4.46975066350854,28.90496587753296,46,,"0.672930,0.774651,0.800228,1.086594",,,0.554954,3.993161,6.600746,0.778121
723,53893,111.0,125.68,,4.46975066350854,28.90496587753296,46,,"0.672930,0.774651,0.800228,1.086594",,,0.554954,3.993161,6.600746,0.778121
724,53953,60.0,125.06,,4.46975066350854,28.90496587753296,46,,"0.672930,0.774651,0.800228,1.086594",,,0.554954,3.993161,6.600746,0.778121
725,53983,30.0,123.9,,4.46975066350854,28.90496587753296,46,,"0.672930,0.774651,0.800228,1.086594",,,0.554954,3.993161,6.600746,0.778121
726,54094,111.0,123.69,,4.46975066350854,28.90496587753296,46,,"0.672930,0.774651,0.800228,1.086594",,,0.554954,3.993161,6.600746,0.778121
727,54124,30.0,122.54,,4.46975066350854,28.90496587753296,46,,"0.672930,0.774651,0.800228,1.086594",,,0.554954,3.993161,6.600746,0.778121
728,54257,133.0,122.98,,4.46975066350854,28.90496587753296,46,,"0.672930,0.774651,0.800228,1.086594",,,0.554954,3.993161,6.600746,0.778121
729,54377,120.0,122.65,,4.46975066350854,28.90496587753296,46,,"0.672930,0.774651,0.800228,1.086594",,,0.554954,3.993161,6.600746,0.778121
730,54510,133.0,122.85,,4.46975066350854,28.90496587753296,46,,"0.672930,0.774651,0.800228,1.086594",,,0.554954,3.993161,6.600746,0.778121
731,54586,76.0,122.51,,4.46975066350854,28.90496587753296,46,,"0.672930,0.774651,0.800228,1.086594",,,0.554954,3.993161,6.600746,0.778121
732,54731,145.0,123.67,,4.46975066350854,28.90496587753296,46,,"0.672930,0.774651,0.800228,1.086594",,,0.554954,3.993161,6.600746,0.778121
733,54859,128.0,123.87,,4.46975066350854,28.90496587753296,46,,"0.672930,0.774651,0.800228,1.086594",,,0.554954,3.993161,6.600746,0.778121
734,55009,150.0,123.51,,4.46975066350854,28.90496587753296,46,,"0.672930,0.774651,0.800228,1.086594",,,0.554954,3.993161,6.600746,0.778121
735,55123,114.0,123.15,,4.46975066350854,28.90496587753296,46,,"0.672930,0.774651,0.800228,1.086594",,,0.554954,3.993161,6.600746,0.778121
736,55265,142.0,123.0,,4.427273405359147,29.579383850097656,47,,"0.667338,0.768662,0.796734,1.086568",,,0.550049,4.037146,5.019501,0.891771
737,55390,125.0,123.05,,4.427273405359147,29.579383850097656,47,,"0.667338,0.768662,0.796734,1.086568",,,0.550049,4.037146,5.019501,0.891771
738,55505,115.0,122.62,,4.427273405359147,29.579383850097656,47,,"0.667338,0.768662,0.796734,1.086568",,,0.550049,4.037146,5.019501,0.891771
739,55613,108.0,122.5,,4.427273405359147,29.579383850097656,47,,"0.667338,0.768662,0.796734,1.086568",,,0.550049,4.037146,5.019501,0.891771
740,55746,133.0,122.35,,4.427273405359147,29.579383850097656,47,,"0.667338,0.768662,0.796734,1.086568",,,0.550049,4.037146,5.019501,0.891771
741,55807,61.0,121.28,,4.427273405359147,29.580390691757202,47,,"0.667338,0.768662,0.796734,1.086568",,,0.550049,4.037146,5.019501,0.891771
742,55920,113.0,120.85,,4.427273405359147,29.580390691757202,47,,"0.667338,0.768662,0.796734,1.086568",,,0.550049,4.037146,5.019501,0.891771
743,55976,56.0,120.63,,4.427273405359147,29.580390691757202,47,,"0.667338,0.768662,0.796734,1.086568",,,0.550049,4.037146,5.019501,0.891771
744,56105,129.0,120.55,,4.427273405359147,29.580390691757202,47,,"0.667338,0.768662,0.796734,1.086568",,,0.550049,4.037146,5.019501,0.891771
745,56203,98.0,120.33,,4.427273405359147,29.580390691757202,47,,"0.667338,0.768662,0.796734,1.086568",,,0.550049,4.037146,5.019501,0.891771
746,56308,105.0,120.01,,4.427273405359147,29.580390691757202,47,,"0.667338,0.768662,0.796734,1.086568",,,0.550049,4.037146,5.019501,0.891771
747,56426,118.0,120.04,,4.427273405359147,29.580390691757202,47,,"0.667338,0.768662,0.796734,1.086568",,,0.550049,4.037146,5.019501,0.891771
748,56555,129.0,119.92,,4.427273405359147,29.580390691757202,47,,"0.667338,0.768662,0.796734,1.086568",,,0.550049,4.037146,5.019501,0.891771
749,56675,120.0,119.73,,4.427273405359147,29.580390691757202,47,,"0.667338,0.768662,0.796734,1.086568",133.4,4.586937976471886,0.550049,4.037146,5.019501,0.891771
750,56794,119.0,119.29,,4.427273405359147,29.580390691757202,47,,"0.667338,0.768662,0.796734,1.086568",,,0.550049,4.037146,5.019501,0.891771
751,56914,120.0,119.19,,4.427273405359147,29.580390691757202,47,,"0.667338,0.768662,0.796734,1.086568",,,0.550049,4.037146,5.019501,0.891771
752,57023,109.0,118.65,,4.381862839063008,30.377172708511353,48,,"0.662171,0.762819,0.793468,1.086754",,,0.551937,4.077200,4.490108,0.897603
753,57134,111.0,118.46,,4.381862839063008,30.377172708511353,48,,"0.662171,0.762819,0.793468,1.086754",,,0.551937,4.077200,4.490108,0.897603
754,57278,144.0,118.79,,4.381862839063008,30.377172708511353,48,,"0.662171,0.762819,0.793468,1.086754",,,0.551937,4.077200,4.490108,0.897603
755,57406,128.0,118.57,,4.381862839063008,30.377172708511353,48,,"0.662171,0.762819,0.793468,1.086754",,,0.551937,4.077200,4.490108,0.897603
756,57511,105.0,118.22,,4.381862839063008,30.377172708511353,48,,"0.662171,0.762819,0.793468,1.086754",,,0.551937,4.077200,4.490108,0.897603
757,57624,113.0,119.04,,4.381862839063008,30.377172708511353,48,,"0.662171,0.762819,0.793468,1.086754",,,0.551937,4.077200,4.490108,0.897603
758,57755,131.0,119.12,,4.381862839063008,30.377172708511353,48,,"0.662171,0.762819,0.793468,1.086754",,,0.551937,4.077200,4.490108,0.897603
759,57871,116.0,119.05,,4.381862839063008,30.377172708511353,48,,"0.662171,0.762819,0.793468,1.086754",,,0.551937,4.077200,4.490108,0.897603
760,57990,119.0,119.63,,4.381862839063008,30.377172708511353,48,,"0.662171,0.762819,0.793468,1.086754",,,0.551937,4.077200,4.490108,0.897603
761,58104,114.0,119.79,,4.381862839063008,30.377172708511353,48,,"0.662171,0.762819,0.793468,1.086754",,,0.551937,4.077200,4.490108,0.897603
762,58235,131.0,119.34,,4.381862839063008,30.377172708511353,48,,"0.662171,0.762819,0.793468,1.086754",,,0.551937,4.077200,4.490108,0.897603
763,58286,51.0,118.46,,4.381862839063008,30.378960132598877,48,,"0.662171,0.762819,0.793468,1.086754",,,0.551937,4.077200,4.490108,0.897603
764,58404,118.0,118.11,,4.381862839063008,30.378960132598877,48,,"0.662171,0.762819,0.793468,1.086754",,,0.551937,4.077200,4.490108,0.897603
765,58516,112.0,117.58,,4.381862839063008,30.378960132598877,48,,"0.662171,0.762819,0.793468,1.086754",,,0.551937,4.077200,4.490108,0.897603
766,58676,160.0,117.72,,4.381862839063008,30.378960132598877,48,,"0.662171,0.762819,0.793468,1.086754",,,0.551937,4.077200,4.490108,0.897603
767,58787,111.0,117.78,,4.381862839063008,30.378960132598877,48,,"0.662171,0.762819,0.793468,1.086754",,,0.551937,4.077200,4.490108,0.897603
768,58900,113.0,117.62,,4.350249859751488,31.193549633026123,49,,"0.657781,0.757437,0.790745,1.086749",,,0.543933,4.113055,5.665984,0.833131
769,59038,138.0,117.69,,4.350249859751488,31.193549633026123,49,,"0.657781,0.757437,0.790745,1.086749",,,0.543933,4.113055,5.665984,0.833131
770,59145,107.0,117.62,,4.350249859751488,31.193549633026123,49,,"0.657781,0.757437,0.790745,1.086749",,,0.543933,4.113055,5.665984,0.833131
771,59256,111.0,117.55,,4.350249859751488,31.193549633026123,49,,"0.657781,0.757437,0.790745,1.086749",,,0.543933,4.113055,5.665984,0.833131
772,59416,160.0,117.95,,4.350249859751488,31.193549633026123,49,,"0.657781,0.757437,0.790745,1.086749",,,0.543933,4.113055,5.665984,0.833131
773,59557,141.0,118.03,,4.350249859751488,31.193549633026123,49,,"0.657781,0.757437,0.790745,1.086749",,,0.543933,4.113055,5.665984,0.833131
774,59691,134.0,117.92,,4.350249859751488,31.193549633026123,49,,"0.657781,0.757437,0.790745,1.086749",,,0.543933,4.113055,5.665984,0.833131
775,59826,135.0,117.92,,4.350249859751488,31.193549633026123,49,,"0.657781,0.757437,0.790745,1.086749",,,0.543933,4.113055,5.665984,0.833131
776,59942,116.0,117.83,,4.350249859751488,31.193549633026123,49,,"0.657781,0.757437,0.790745,1.086749",,,0.543933,4.113055,5.665984,0.833131
777,60074,132.0,117.69,,4.350249859751488,31.193549633026123,49,,"0.657781,0.757437,0.790745,1.086749",,,0.543933,4.113055,5.665984,0.833131
778,60217,143.0,117.88,,4.350249859751488,31.193549633026123,49,,"0.657781,0.757437,0.790745,1.086749",,,0.543933,4.113055,5.665984,0.833131
779,60327,110.0,118.35,,4.350249859751488,31.193549633026123,49,,"0.657781,0.757437,0.790745,1.086749",,,0.543933,4.113055,5.665984,0.833131
780,60445,118.0,118.31,,4.350249859751488,31.193549633026123,49,,"0.657781,0.757437,0.790745,1.086749",,,0.543933,4.113055,5.665984,0.833131
781,60484,39.0,117.55,,4.350249859751488,31.193549633026123,49,,"0.657781,0.757437,0.790745,1.086749",,,0.543933,4.113055,5.665984,0.833131
782,60580,96.0,118.31,,4.350249859751488,31.193549633026123,49,,"0.657781,0.757437,0.790745,1.086749",,,0.543933,4.113055,5.665984,0.833131
783,60705,125.0,118.2,,4.350249859751488,31.193549633026123,49,,"0.657781,0.757437,0.790745,1.086749",,,0.543933,4.113055,5.665984,0.833131
784,60824,119.0,118.37,,4.31541907787323,32.006776332855225,50,,"0.653967,0.752540,0.788791,1.086969",,,0.550141,4.147458,5.262351,0.857020
785,60933,109.0,118.27,,4.31541907787323,32.00828719139099,50,,"0.653967,0.752540,0.788791,1.086969",,,0.550141,4.147458,5.262351,0.857020
786,61042,109.0,118.69,,4.31541907787323,32.00828719139099,50,,"0.653967,0.752540,0.788791,1.086969",,,0.550141,4.147458,5.262351,0.857020
787,61209,167.0,118.94,,4.31541907787323,32.00828719139099,50,,"0.653967,0.752540,0.788791,1.086969",,,0.550141,4.147458,5.262351,0.857020
788,61232,23.0,117.93,,4.31541907787323,32.00828719139099,50,,"0.653967,0.752540,0.788791,1.086969",,,0.550141,4.147458,5.262351,0.857020
789,61352,120.0,117.75,,4.31541907787323,32.00828719139099,50,,"0.653967,0.752540,0.788791,1.086969",,,0.550141,4.147458,5.262351,0.857020
790,61465,113.0,117.5,,4.31541907787323,32.00828719139099,50,,"0.653967,0.752540,0.788791,1.086969",,,0.550141,4.147458,5.262351,0.857020
791,61595,130.0,117.23,,4.31541907787323,32.00828719139099,50,,"0.653967,0.752540,0.788791,1.086969",,,0.550141,4.147458,5.262351,0.857020
792,61706,111.0,117.02,,4.31541907787323,32.00828719139099,50,,"0.653967,0.752540,0.788791,1.086969",,,0.550141,4.147458,5.262351,0.857020
793,61823,117.0,116.98,,4.31541907787323,32.00828719139099,50,,"0.653967,0.752540,0.788791,1.086969",,,0.550141,4.147458,5.262351,0.857020
794,61946,123.0,116.75,,4.31541907787323,32.00828719139099,50,,"0.653967,0.752540,0.788791,1.086969",,,0.550141,4.147458,5.262351,0.857020
795,62063,117.0,116.62,,4.31541907787323,32.00828719139099,50,,"0.653967,0.752540,0.788791,1.086969",,,0.550141,4.147458,5.262351,0.857020
796,62198,135.0,116.9,,4.31541907787323,32.00828719139099,50,,"0.653967,0.752540,0.788791,1.086969",,,0.550141,4.147458,5.262351,0.857020
797,62307,109.0,116.67,,4.31541907787323,32.00828719139099,50,,"0.653967,0.752540,0.788791,1.086969",,,0.550141,4.147458,5.262351,0.857020
798,62427,120.0,117.34,,4.31541907787323,32.00828719139099,50,,"0.653967,0.752540,0.788791,1.086969",,,0.550141,4.147458,5.262351,0.857020
799,62538,111.0,117.08,,4.31541907787323,32.00828719139099,50,,"0.653967,0.752540,0.788791,1.086969",129.6,4.317406628984581,0.550141,4.147458,5.262351,0.857020
800,62658,120.0,116.87,,4.1277881479263305,32.69991970062256,51,,"0.650478,0.747827,0.786845,1.087214",,,0.544548,4.177982,5.446331,0.850290
801,62708,50.0,116.2,,4.1277881479263305,32.70142602920532,51,,"0.650478,0.747827,0.786845,1.087214",,,0.544548,4.177982,5.446331,0.850290
802,62854,146.0,116.28,,4.1277881479263305,32.70142602920532,51,,"0.650478,0.747827,0.786845,1.087214",,,0.544548,4.177982,5.446331,0.850290
803,62986,132.0,116.34,,4.1277881479263305,32.70142602920532,51,,"0.650478,0.747827,0.786845,1.087214",,,0.544548,4.177982,5.446331,0.850290
804,63110,124.0,116.25,,4.1277881479263305,32.70142602920532,51,,"0.650478,0.747827,0.786845,1.087214",,,0.544548,4.177982,5.446331,0.850290
805,63242,132.0,116.26,,4.1277881479263305,32.70142602920532,51,,"0.650478,0.747827,0.786845,1.087214",,,0.544548,4.177982,5.446331,0.850290
806,63358,116.0,116.11,,4.1277881479263305,32.70142602920532,51,,"0.650478,0.747827,0.786845,1.087214",,,0.544548,4.177982,5.446331,0.850290
807,63460,102.0,115.84,,4.1277881479263305,32.70142602920532,51,,"0.650478,0.747827,0.786845,1.087214",,,0.544548,4.177982,5.446331,0.850290
808,63568,108.0,115.66,,4.1277881479263305,32.70142602920532,51,,"0.650478,0.747827,0.786845,1.087214",,,0.544548,4.177982,5.446331,0.850290
809,63693,125.0,115.54,,4.1277881479263305,32.70142602920532,51,,"0.650478,0.747827,0.786845,1.087214",,,0.544548,4.177982,5.446331,0.850290
810,63825,132.0,115.72,,4.1277881479263305,32.70142602920532,51,,"0.650478,0.747827,0.786845,1.087214",,,0.544548,4.177982,5.446331,0.850290
811,63942,117.0,115.64,,4.1277881479263305,32.70142602920532,51,,"0.650478,0.747827,0.786845,1.087214",,,0.544548,4.177982,5.446331,0.850290
812,64067,125.0,115.63,,4.1277881479263305,32.70142602920532,51,,"0.650478,0.747827,0.786845,1.087214",,,0.544548,4.177982,5.446331,0.850290
813,64179,112.0,115.56,,4.1277881479263305,32.70142602920532,51,,"0.650478,0.747827,0.786845,1.087214",,,0.544548,4.177982,5.446331,0.850290
814,64298,119.0,115.46,,4.1277881479263305,32.70142602920532,51,,"0.650478,0.747827,0.786845,1.087214",,,0.544548,4.177982,5.446331,0.850290
815,64412,114.0,115.38,,4.1277881479263305,32.70142602920532,51,,"0.650478,0.747827,0.786845,1.087214",,,0.544548,4.177982,5.446331,0.850290
816,64528,116.0,115.23,,3.9598476696014404,33.38340735435486,52,,"0.647461,0.743318,0.784903,1.087477",,,0.544961,4.205107,5.553338,0.858488
817,64646,118.0,114.91,,3.9598476696014404,33.38340735435486,52,,"0.647461,0.743318,0.784903,1.087477",,,0.544961,4.205107,5.553338,0.858488
818,64764,118.0,114.6,,3.9598476696014404,33.38340735435486,52,,"0.647461,0.743318,0.784903,1.087477",,,0.544961,4.205107,5.553338,0.858488
819,64895,131.0,114.68,,3.9598476696014404,33.38340735435486,52,,"0.647461,0.743318,0.784903,1.087477",,,0.544961,4.205107,5.553338,0.858488
820,65011,116.0,114.7,,3.9598476696014404,33.38440990447998,52,,"0.647461,0.743318,0.784903,1.087477",,,0.544961,4.205107,5.553338,0.858488
821,65123,112.0,114.59,,3.9598476696014404,33.38440990447998,52,,"0.647461,0.743318,0.784903,1.087477",,,0.544961,4.205107,5.553338,0.858488
822,65262,139.0,114.8,,3.9598476696014404,33.38440990447998,52,,"0.647461,0.743318,0.784903,1.087477",,,0.544961,4.205107,5.553338,0.858488
823,65394,132.0,115.01,,3.9598476696014404,33.38440990447998,52,,"0.647461,0.743318,0.784903,1.087477",,,0.544961,4.205107,5.553338,0.858488
824,65516,122.0,115.63,,3.9598476696014404,33.38440990447998,52,,"0.647461,0.743318,0.784903,1.087477",,,0.544961,4.205107,5.553338,0.858488
825,65635,119.0,116.52,,3.9598476696014404,33.38440990447998,52,,"0.647461,0.743318,0.784903,1.087477",,,0.544961,4.205107,5.553338,0.858488
826,65771,136.0,116.77,,3.9598476696014404,33.38440990447998,52,,"0.647461,0.743318,0.784903,1.087477",,,0.544961,4.205107,5.553338,0.858488
827,65888,117.0,117.64,,3.9598476696014404,33.38440990447998,52,,"0.647461,0.743318,0.784903,1.087477",,,0.544961,4.205107,5.553338,0.858488
828,66000,112.0,117.43,,3.9598476696014404,33.38440990447998,52,,"0.647461,0.743318,0.784903,1.087477",,,0.544961,4.205107,5.553338,0.858488
829,66122,122.0,117.45,,3.9598476696014404,33.38440990447998,52,,"0.647461,0.743318,0.784903,1.087477",,,0.544961,4.205107,5.553338,0.858488
830,66248,126.0,117.38,,3.9598476696014404,33.38440990447998,52,,"0.647461,0.743318,0.784903,1.087477",,,0.544961,4.205107,5.553338,0.858488
831,66360,112.0,117.74,,3.9598476696014404,33.38440990447998,52,,"0.647461,0.743318,0.784903,1.087477",,,0.544961,4.205107,5.553338,0.858488
832,66392,32.0,116.61,,3.8182080507278444,34.026384592056274,53,,"0.644514,0.739273,0.783733,1.088144",,,0.540339,4.231815,6.179369,0.718585
833,66460,68.0,116.01,,3.8182080507278444,34.026384592056274,53,,"0.644514,0.739273,0.783733,1.088144",,,0.540339,4.231815,6.179369,0.718585
834,66577,117.0,115.68,,3.8182080507278444,34.026384592056274,53,,"0.644514,0.739273,0.783733,1.088144",,,0.540339,4.231815,6.179369,0.718585
835,66691,114.0,115.68,,3.8182080507278444,34.026384592056274,53,,"0.644514,0.739273,0.783733,1.088144",,,0.540339,4.231815,6.179369,0.718585
836,66794,103.0,115.29,,3.8182080507278444,34.027382612228394,53,,"0.644514,0.739273,0.783733,1.088144",,,0.540339,4.231815,6.179369,0.718585
837,66918,124.0,115.28,,3.8182080507278444,34.027382612228394,53,,"0.644514,0.739273,0.783733,1.088144",,,0.540339,4.231815,6.179369,0.718585
838,67031,113.0,115.26,,3.8182080507278444,34.027382612228394,53,,"0.644514,0.739273,0.783733,1.088144",,,0.540339,4.231815,6.179369,0.718585
839,67144,113.0,115.31,,3.8182080507278444,34.027382612228394,53,,"0.644514,0.739273,0.783733,1.088144",,,0.540339,4.231815,6.179369,0.718585
840,67166,22.0,114.2,,3.8182080507278444,34.027382612228394,53,,"0.644514,0.739273,0.783733,1.088144",,,0.540339,4.231815,6.179369,0.718585
841,67294,128.0,114.87,,3.8182080507278444,34.027382612228394,53,,"0.644514,0.739273,0.783733,1.088144",,,0.540339,4.231815,6.179369,0.718585
842,67410,116.0,114.9,,3.8182080507278444,34.027382612228394,53,,"0.644514,0.739273,0.783733,1.088144",,,0.540339,4.231815,6.179369,0.718585
843,67534,124.0,115.58,,3.8182080507278444,34.027382612228394,53,,"0.644514,0.739273,0.783733,1.088144",,,0.540339,4.231815,6.179369,0.718585
844,67659,125.0,115.54,,3.8182080507278444,34.027382612228394,53,,"0.644514,0.739273,0.783733,1.088144",,,0.540339,4.231815,6.179369,0.718585
845,67771,112.0,115.68,,3.8182080507278444,34.027382612228394,53,,"0.644514,0.739273,0.783733,1.088144",,,0.540339,4.231815,6.179369,0.718585
846,67881,110.0,115.73,,3.8182080507278444,34.027382612228394,53,,"0.644514,0.739273,0.783733,1.088144",,,0.540339,4.231815,6.179369,0.718585
847,67988,107.0,115.62,,3.8182080507278444,34.027382612228394,53,,"0.644514,0.739273,0.783733,1.088144",,,0.540339,4.231815,6.179369,0.718585
848,68110,122.0,115.55,,3.743895411491394,34.72593021392822,54,,"0.642219,0.736011,0.782700,1.089041",,,0.536080,4.256473,5.678304,0.839673
849,68221,111.0,115.46,,3.743895411491394,34.72593021392822,54,,"0.642219,0.736011,0.782700,1.089041",126.8,3.4871191548325386,0.536080,4.256473,5.678304,0.839673
850,68338,117.0,115.44,,3.743895411491394,34.72693753242493,54,,"0.642219,0.736011,0.782700,1.089041",,,0.536080,4.256473,5.678304,0.839673
851,68454,116.0,115.4,,3.743895411491394,34.72693753242493,54,,"0.642219,0.736011,0.782700,1.089041",,,0.536080,4.256473,5.678304,0.839673
852,68562,108.0,115.39,,3.743895411491394,34.72693753242493,54,,"0.642219,0.736011,0.782700,1.089041",,,0.536080,4.256473,5.678304,0.839673
853,68660,98.0,115.26,,3.743895411491394,34.72693753242493,54,,"0.642219,0.736011,0.782700,1.089041",,,0.536080,4.256473,5.678304,0.839673
854,68802,142.0,115.24,,3.743895411491394,34.72693753242493,54,,"0.642219,0.736011,0.782700,1.089041",,,0.536080,4.256473,5.678304,0.839673
855,68926,124.0,115.2,,3.743895411491394,34.72693753242493,54,,"0.642219,0.736011,0.782700,1.089041",,,0.536080,4.256473,5.678304,0.839673
856,69047,121.0,115.36,,3.743895411491394,34.72693753242493,54,,"0.642219,0.736011,0.782700,1.089041",,,0.536080,4.256473,5.678304,0.839673
857,69150,103.0,115.26,,3.743895411491394,34.72693753242493,54,,"0.642219,0.736011,0.782700,1.089041",,,0.536080,4.256473,5.678304,0.839673
858,69255,105.0,115.0,,3.743895411491394,34.72693753242493,54,,"0.642219,0.736011,0.782700,1.089041",,,0.536080,4.256473,5.678304,0.839673
859,69393,138.0,115.22,,3.743895411491394,34.72693753242493,54,,"0.642219,0.736011,0.782700,1.089041",,,0.536080,4.256473,5.678304,0.839673
860,69507,114.0,115.17,,3.743895411491394,34.72693753242493,54,,"0.642219,0.736011,0.782700,1.089041",,,0.536080,4.256473,5.678304,0.839673
861,69614,107.0,115.1,,3.743895411491394,34.72693753242493,54,,"0.642219,0.736011,0.782700,1.089041",,,0.536080,4.256473,5.678304,0.839673
862,69729,115.0,114.94,,3.743895411491394,34.72693753242493,54,,"0.642219,0.736011,0.782700,1.089041",,,0.536080,4.256473,5.678304,0.839673
863,69846,117.0,115.6,,3.743895411491394,34.72693753242493,54,,"0.642219,0.736011,0.782700,1.089041",,,0.536080,4.256473,5.678304,0.839673
864,69964,118.0,115.6,,3.694918165206909,35.42571020126343,55,,"0.640385,0.733090,0.782105,1.090028",,,0.541833,4.279542,5.851532,0.790045
865,70087,123.0,115.71,,3.694918165206909,35.42571020126343,55,,"0.640385,0.733090,0.782105,1.090028",,,0.541833,4.279542,5.851532,0.790045
866,70209,122.0,115.33,,3.694918165206909,35.42571020126343,55,,"0.640385,0.733090,0.782105,1.090028",,,0.541833,4.279542,5.851532,0.790045
867,70262,53.0,114.75,,3.694918165206909,35.42571020126343,55,,"0.640385,0.733090,0.782105,1.090028",,,0.541833,4.279542,5.851532,0.790045
868,70379,117.0,114.79,,3.694918165206909,35.42571020126343,55,,"0.640385,0.733090,0.782105,1.090028",,,0.541833,4.279542,5.851532,0.790045
869,70508,129.0,114.7,,3.694918165206909,35.42571020126343,55,,"0.640385,0.733090,0.782105,1.090028",,,0.541833,4.279542,5.851532,0.790045
870,70627,119.0,114.82,,3.694918165206909,35.42571020126343,55,,"0.640385,0.733090,0.782105,1.090028",,,0.541833,4.279542,5.851532,0.790045
871,70735,108.0,114.79,,3.694918165206909,35.42571020126343,55,,"0.640385,0.733090,0.782105,1.090028",,,0.541833,4.279542,5.851532,0.790045
872,70857,122.0,114.41,,3.694918165206909,35.42571020126343,55,,"0.640385,0.733090,0.782105,1.090028",,,0.541833,4.279542,5.851532,0.790045
873,70971,114.0,114.14,,3.694918165206909,35.42571020126343,55,,"0.640385,0.733090,0.782105,1.090028",,,0.541833,4.279542,5.851532,0.790045
874,71077,106.0,113.86,,3.694918165206909,35.42571020126343,55,,"0.640385,0.733090,0.782105,1.090028",,,0.541833,4.279542,5.851532,0.790045
875,71197,120.0,113.71,,3.694918165206909,35.42571020126343,55,,"0.640385,0.733090,0.782105,1.090028",,,0.541833,4.279542,5.851532,0.790045
876,71323,126.0,113.81,,3.694918165206909,35.42571020126343,55,,"0.640385,0.733090,0.782105,1.090028",,,0.541833,4.279542,5.851532,0.790045
877,71433,110.0,113.59,,3.694918165206909,35.42571020126343,55,,"0.640385,0.733090,0.782105,1.090028",,,0.541833,4.279542,5.851532,0.790045
878,71586,153.0,113.69,,3.694918165206909,35.42571020126343,55,,"0.640385,0.733090,0.782105,1.090028",,,0.541833,4.279542,5.851532,0.790045
879,71632,46.0,113.05,,3.694918165206909,35.42571020126343,55,,"0.640385,0.733090,0.782105,1.090028",,,0.541833,4.279542,5.851532,0.790045
880,71779,147.0,113.34,,3.6449012851715086,36.19512128829956,56,,"0.639073,0.730382,0.781813,1.090994",,,0.538045,4.300565,5.099580,0.880506
881,71898,119.0,114.14,,3.6449012851715086,36.19512128829956,56,,"0.639073,0.730382,0.781813,1.090994",,,0.538045,4.300565,5.099580,0.880506
882,72035,137.0,114.55,,3.6449012851715086,36.19512128829956,56,,"0.639073,0.730382,0.781813,1.090994",,,0.538045,4.300565,5.099580,0.880506
883,72156,121.0,114.51,,3.6449012851715086,36.19613766670227,56,,"0.639073,0.730382,0.781813,1.090994",,,0.538045,4.300565,5.099580,0.880506
884,72266,110.0,114.42,,3.6449012851715086,36.19613766670227,56,,"0.639073,0.730382,0.781813,1.090994",,,0.538045,4.300565,5.099580,0.880506
885,72376,110.0,114.43,,3.6449012851715086,36.19613766670227,56,,"0.639073,0.730382,0.781813,1.090994",,,0.538045,4.300565,5.099580,0.880506
886,72492,116.0,114.5,,3.6449012851715086,36.19613766670227,56,,"0.639073,0.730382,0.781813,1.090994",,,0.538045,4.300565,5.099580,0.880506
887,72620,128.0,114.11,,3.6449012851715086,36.19613766670227,56,,"0.639073,0.730382,0.781813,1.090994",,,0.538045,4.300565,5.099580,0.880506
888,72669,49.0,114.37,,3.6449012851715086,36.19613766670227,56,,"0.639073,0.730382,0.781813,1.090994",,,0.538045,4.300565,5.099580,0.880506
889,72805,136.0,114.53,,3.6449012851715086,36.19613766670227,56,,"0.639073,0.730382,0.781813,1.090994",,,0.538045,4.300565,5.099580,0.880506
890,72922,117.0,114.57,,3.6449012851715086,36.19613766670227,56,,"0.639073,0.730382,0.781813,1.090994",,,0.538045,4.300565,5.099580,0.880506
891,73076,154.0,114.81,,3.6449012851715086,36.19613766670227,56,,"0.639073,0.730382,0.781813,1.090994",,,0.538045,4.300565,5.099580,0.880506
892,73204,128.0,114.98,,3.6449012851715086,36.19613766670227,56,,"0.639073,0.730382,0.781813,1.090994",,,0.538045,4.300565,5.099580,0.880506
893,73320,116.0,114.97,,3.6449012851715086,36.19613766670227,56,,"0.639073,0.730382,0.781813,1.090994",,,0.538045,4.300565,5.099580,0.880506
894,73443,123.0,114.97,,3.6449012851715086,36.19613766670227,56,,"0.639073,0.730382,0.781813,1.090994",,,0.538045,4.300565,5.099580,0.880506
895,73585,142.0,115.22,,3.6449012851715086,36.19613766670227,56,,"0.639073,0.730382,0.781813,1.090994",,,0.538045,4.300565,5.099580,0.880506
896,73725,140.0,115.27,,3.6108174562454223,36.87670874595642,57,,"0.638073,0.728005,0.781942,1.091997",,,0.532734,4.322156,5.200675,0.791530
897,73852,127.0,115.45,,3.6108174562454223,36.87670874595642,57,,"0.638073,0.728005,0.781942,1.091997",,,0.532734,4.322156,5.200675,0.791530
898,73988,136.0,115.61,,3.6108174562454223,36.87670874595642,57,,"0.638073,0.728005,0.781942,1.091997",,,0.532734,4.322156,5.200675,0.791530
899,74089,101.0,115.51,,3.6108174562454223,36.87670874595642,57,,"0.638073,0.728005,0.781942,1.091997",126.2,3.867815921162743,0.532734,4.322156,5.200675,0.791530
900,74188,99.0,115.3,,3.6108174562454223,36.87670874595642,57,,"0.638073,0.728005,0.781942,1.091997",,,0.532734,4.322156,5.200675,0.791530
901,74306,118.0,115.98,,3.6108174562454223,36.87670874595642,57,,"0.638073,0.728005,0.781942,1.091997",,,0.532734,4.322156,5.200675,0.791530
902,74432,126.0,115.78,,3.6108174562454223,36.87670874595642,57,,"0.638073,0.728005,0.781942,1.091997",,,0.532734,4.322156,5.200675,0.791530
903,74530,98.0,115.44,,3.6108174562454223,36.87670874595642,57,,"0.638073,0.728005,0.781942,1.091997",,,0.532734,4.322156,5.200675,0.791530
904,74642,112.0,115.32,,3.6108174562454223,36.87670874595642,57,,"0.638073,0.728005,0.781942,1.091997",,,0.532734,4.322156,5.200675,0.791530
905,74752,110.0,115.1,,3.6108174562454223,36.87670874595642,57,,"0.638073,0.728005,0.781942,1.091997",,,0.532734,4.322156,5.200675,0.791530
906,74887,135.0,115.29,,3.6108174562454223,36.87670874595642,57,,"0.638073,0.728005,0.781942,1.091997",,,0.532734,4.322156,5.200675,0.791530
907,74936,49.0,114.76,,3.6108174562454223,36.87670874595642,57,,"0.638073,0.728005,0.781942,1.091997",,,0.532734,4.322156,5.200675,0.791530
908,75052,116.0,114.84,,3.6108174562454223,36.87670874595642,57,,"0.638073,0.728005,0.781942,1.091997",,,0.532734,4.322156,5.200675,0.791530
909,75105,53.0,114.12,,3.6108174562454223,36.87670874595642,57,,"0.638073,0.728005,0.781942,1.091997",,,0.532734,4.322156,5.200675,0.791530
910,75145,40.0,113.2,,3.6108174562454223,36.87670874595642,57,,"0.638073,0.728005,0.781942,1.091997",,,0.532734,4.322156,5.200675,0.791530
911,75283,138.0,113.41,,3.6108174562454223,36.87670874595642,57,,"0.638073,0.728005,0.781942,1.091997",,,0.532734,4.322156,5.200675,0.791530
912,75393,110.0,113.26,,3.592043566703796,37.56179881095886,58,,"0.636637,0.725905,0.782333,1.092934",,,0.539974,4.342422,5.472060,0.823297
913,75516,123.0,113.37,,3.592043566703796,37.56179881095886,58,,"0.636637,0.725905,0.782333,1.092934",,,0.539974,4.342422,5.472060,0.823297
914,75621,105.0,113.23,,3.592043566703796,37.56179881095886,58,,"0.636637,0.725905,0.782333,1.092934",,,0.539974,4.342422,5.472060,0.823297
915,75720,99.0,113.08,,3.592043566703796,37.56179881095886,58,,"0.636637,0.725905,0.782333,1.092934",,,0.539974,4.342422,5.472060,0.823297
916,75853,133.0,113.25,,3.592043566703796,37.56179881095886,58,,"0.636637,0.725905,0.782333,1.092934",,,0.539974,4.342422,5.472060,0.823297
917,75977,124.0,113.31,,3.592043566703796,37.56179881095886,58,,"0.636637,0.725905,0.782333,1.092934",,,0.539974,4.342422,5.472060,0.823297
918,76089,112.0,113.25,,3.592043566703796,37.56179881095886,58,,"0.636637,0.725905,0.782333,1.092934",,,0.539974,4.342422,5.472060,0.823297
919,76213,124.0,113.18,,3.592043566703796,37.56179881095886,58,,"0.636637,0.725905,0.782333,1.092934",,,0.539974,4.342422,5.472060,0.823297
920,76323,110.0,113.12,,3.592043566703796,37.56179881095886,58,,"0.636637,0.725905,0.782333,1.092934",,,0.539974,4.342422,5.472060,0.823297
921,76444,121.0,113.21,,3.592043566703796,37.56179881095886,58,,"0.636637,0.725905,0.782333,1.092934",,,0.539974,4.342422,5.472060,0.823297
922,76577,133.0,113.15,,3.592043566703796,37.56179881095886,58,,"0.636637,0.725905,0.782333,1.092934",,,0.539974,4.342422,5.472060,0.823297
923,76705,128.0,113.11,,3.592043566703796,37.56179881095886,58,,"0.636637,0.725905,0.782333,1.092934",,,0.539974,4.342422,5.472060,0.823297
924,76848,143.0,113.32,,3.592043566703796,37.56179881095886,58,,"0.636637,0.725905,0.782333,1.092934",,,0.539974,4.342422,5.472060,0.823297
925,76958,110.0,113.23,,3.592043566703796,37.56279897689819,58,,"0.636637,0.725905,0.782333,1.092934",,,0.539974,4.342422,5.472060,0.823297
926,77071,113.0,113.0,,3.592043566703796,37.56279897689819,58,,"0.636637,0.725905,0.782333,1.092934",,,0.539974,4.342422,5.472060,0.823297
927,77193,122.0,113.05,,3.592043566703796,37.56279897689819,58,,"0.636637,0.725905,0.782333,1.092934",,,0.539974,4.342422,5.472060,0.823297
928,77325,132.0,113.25,,3.5671393203735353,38.26815986633301,59,,"0.634945,0.723886,0.782538,1.093883",,,0.532007,4.360739,4.473492,0.884052
929,77444,119.0,113.22,,3.5671393203735353,38.26815986633301,59,,"0.634945,0.723886,0.782538,1.093883",,,0.532007,4.360739,4.473492,0.884052
930,77554,110.0,113.06,,3.5671393203735353,38.26815986633301,59,,"0.634945,0.723886,0.782538,1.093883",,,0.532007,4.360739,4.473492,0.884052
931,77690,136.0,113.3,,3.5671393203735353,38.26815986633301,59,,"0.634945,0.723886,0.782538,1.093883",,,0.532007,4.360739,4.473492,0.884052
932,77824,134.0,114.32,,3.5671393203735353,38.26815986633301,59,,"0.634945,0.723886,0.782538,1.093883",,,0.532007,4.360739,4.473492,0.884052
933,77936,112.0,114.76,,3.5671393203735353,38.26815986633301,59,,"0.634945,0.723886,0.782538,1.093883",,,0.532007,4.360739,4.473492,0.884052
934,78056,120.0,114.79,,3.5671393203735353,38.26815986633301,59,,"0.634945,0.723886,0.782538,1.093883",,,0.532007,4.360739,4.473492,0.884052
935,78166,110.0,114.75,,3.5671393203735353,38.26815986633301,59,,"0.634945,0.723886,0.782538,1.093883",,,0.532007,4.360739,4.473492,0.884052
936,78276,110.0,114.82,,3.5671393203735353,38.26815986633301,59,,"0.634945,0.723886,0.782538,1.093883",,,0.532007,4.360739,4.473492,0.884052
937,78423,147.0,115.05,,3.5671393203735353,38.26815986633301,59,,"0.634945,0.723886,0.782538,1.093883",,,0.532007,4.360739,4.473492,0.884052
938,78541,118.0,115.1,,3.5671393203735353,38.26815986633301,59,,"0.634945,0.723886,0.782538,1.093883",,,0.532007,4.360739,4.473492,0.884052
939,78646,105.0,115.02,,3.5671393203735353,38.26815986633301,59,,"0.634945,0.723886,0.782538,1.093883",,,0.532007,4.360739,4.473492,0.884052
940,78755,109.0,115.89,,3.5671393203735353,38.26815986633301,59,,"0.634945,0.723886,0.782538,1.093883",,,0.532007,4.360739,4.473492,0.884052
941,78856,101.0,115.62,,3.5671393203735353,38.26815986633301,59,,"0.634945,0.723886,0.782538,1.093883",,,0.532007,4.360739,4.473492,0.884052
942,78966,110.0,115.56,,3.5671393203735353,38.26815986633301,59,,"0.634945,0.723886,0.782538,1.093883",,,0.532007,4.360739,4.473492,0.884052
943,79073,107.0,115.39,,3.5671393203735353,38.26815986633301,59,,"0.634945,0.723886,0.782538,1.093883",,,0.532007,4.360739,4.473492,0.884052
944,79189,116.0,115.3,,3.5383501148223875,38.951335191726685,60,,"0.632319,0.721857,0.782721,1.094627",,,0.534275,4.377357,4.482653,0.848287
945,79333,144.0,115.62,,3.5383501148223875,38.951335191726685,60,,"0.632319,0.721857,0.782721,1.094627",,,0.534275,4.377357,4.482653,0.848287
946,79462,129.0,115.81,,3.5383501148223875,38.951335191726685,60,,"0.632319,0.721857,0.782721,1.094627",,,0.534275,4.377357,4.482653,0.848287
947,79578,116.0,115.9,,3.5383501148223875,38.951335191726685,60,,"0.632319,0.721857,0.782721,1.094627",,,0.534275,4.377357,4.482653,0.848287
948,79697,119.0,115.87,,3.5383501148223875,38.951335191726685,60,,"0.632319,0.721857,0.782721,1.094627",,,0.534275,4.377357,4.482653,0.848287
949,79817,120.0,115.96,,3.5383501148223875,38.951335191726685,60,,"0.632319,0.721857,0.782721,1.094627",128.0,4.69041575982343,0.534275,4.377357,4.482653,0.848287
950,79930,113.0,115.92,,3.5383501148223875,38.951335191726685,60,,"0.632319,0.721857,0.782721,1.094627",,,0.534275,4.377357,4.482653,0.848287
951,80050,120.0,115.96,,3.5383501148223875,38.951335191726685,60,,"0.632319,0.721857,0.782721,1.094627",,,0.534275,4.377357,4.482653,0.848287
952,80168,118.0,116.06,,3.5383501148223875,38.951335191726685,60,,"0.632319,0.721857,0.782721,1.094627",,,0.534275,4.377357,4.482653,0.848287
953,80278,110.0,116.18,,3.5383501148223875,38.951335191726685,60,,"0.632319,0.721857,0.782721,1.094627",,,0.534275,4.377357,4.482653,0.848287
954,80404,126.0,116.02,,3.5383501148223875,38.951335191726685,60,,"0.632319,0.721857,0.782721,1.094627",,,0.534275,4.377357,4.482653,0.848287
955,80530,126.0,116.04,,3.5383501148223875,38.951335191726685,60,,"0.632319,0.721857,0.782721,1.094627",,,0.534275,4.377357,4.482653,0.848287
956,80653,123.0,116.06,,3.5383501148223875,38.951335191726685,60,,"0.632319,0.721857,0.782721,1.094627",,,0.534275,4.377357,4.482653,0.848287
957,80781,128.0,116.31,,3.5383501148223875,38.951335191726685,60,,"0.632319,0.721857,0.782721,1.094627",,,0.534275,4.377357,4.482653,0.848287
958,80897,116.0,116.42,,3.5383501148223875,38.951335191726685,60,,"0.632319,0.721857,0.782721,1.094627",,,0.534275,4.377357,4.482653,0.848287
959,80998,101.0,116.05,,3.5383501148223875,38.951335191726685,60,,"0.632319,0.721857,0.782721,1.094627",,,0.534275,4.377357,4.482653,0.848287
960,81124,126.0,116.17,,3.5260488557815552,39.65378403663635,61,,"0.630118,0.720187,0.783184,1.095539",,,0.534541,4.393631,4.784225,0.786432
961,81256,132.0,116.42,,3.5260488557815552,39.65378403663635,61,,"0.630118,0.720187,0.783184,1.095539",,,0.534541,4.393631,4.784225,0.786432
962,81367,111.0,116.38,,3.5260488557815552,39.65378403663635,61,,"0.630118,0.720187,0.783184,1.095539",,,0.534541,4.393631,4.784225,0.786432
963,81504,137.0,116.58,,3.5260488557815552,39.65378403663635,61,,"0.630118,0.720187,0.783184,1.095539",,,0.534541,4.393631,4.784225,0.786432
964,81638,134.0,116.74,,3.5260488557815552,39.65378403663635,61,,"0.630118,0.720187,0.783184,1.095539",,,0.534541,4.393631,4.784225,0.786432
965,81673,35.0,115.86,,3.5260488557815552,39.65378403663635,61,,"0.630118,0.720187,0.783184,1.095539",,,0.534541,4.393631,4.784225,0.786432
966,81801,128.0,115.92,,3.5260488557815552,39.65378403663635,61,,"0.630118,0.720187,0.783184,1.095539",,,0.534541,4.393631,4.784225,0.786432
967,81916,115.0,116.54,,3.5260488557815552,39.65378403663635,61,,"0.630118,0.720187,0.783184,1.095539",,,0.534541,4.393631,4.784225,0.786432
968,82050,134.0,116.71,,3.5260488557815552,39.65378403663635,61,,"0.630118,0.720187,0.783184,1.095539",,,0.534541,4.393631,4.784225,0.786432
969,82179,129.0,116.71,,3.5260488557815552,39.65378403663635,61,,"0.630118,0.720187,0.783184,1.095539",,,0.534541,4.393631,4.784225,0.786432
970,82288,109.0,116.61,,3.5260488557815552,39.65378403663635,61,,"0.630118,0.720187,0.783184,1.095539",,,0.534541,4.393631,4.784225,0.786432
971,82428,140.0,116.93,,3.5260488557815552,39.65378403663635,61,,"0.630118,0.720187,0.783184,1.095539",,,0.534541,4.393631,4.784225,0.786432
972,82536,108.0,116.79,,3.5260488557815552,39.65378403663635,61,,"0.630118,0.720187,0.783184,1.095539",,,0.534541,4.393631,4.784225,0.786432
973,82652,116.0,116.81,,3.5260488557815552,39.65378403663635,61,,"0.630118,0.720187,0.783184,1.095539",,,0.534541,4.393631,4.784225,0.786432
974,82763,111.0,116.86,,3.5260488557815552,39.65378403663635,61,,"0.630118,0.720187,0.783184,1.095539",,,0.534541,4.393631,4.784225,0.786432
975,82899,136.0,117.02,,3.5260488557815552,39.65378403663635,61,,"0.630118,0.720187,0.783184,1.095539",,,0.534541,4.393631,4.784225,0.786432
976,83017,118.0,116.94,,3.498413672447205,40.364378213882446,62,,"0.628788,0.718885,0.783528,1.096519",,,0.534997,4.407619,4.781453,0.793132
977,83143,126.0,117.1,,3.498413672447205,40.36538243293762,62,,"0.628788,0.718885,0.783528,1.096519",,,0.534997,4.407619,4.781453,0.793132
978,83262,119.0,116.76,,3.498413672447205,40.36538243293762,62,,"0.628788,0.718885,0.783528,1.096519",,,0.534997,4.407619,4.781453,0.793132
979,83409,147.0,117.77,,3.498413672447205,40.36538243293762,62,,"0.628788,0.718885,0.783528,1.096519",,,0.534997,4.407619,4.781453,0.793132
980,83526,117.0,117.47,,3.498413672447205,40.36538243293762,62,,"0.628788,0.718885,0.783528,1.096519",,,0.534997,4.407619,4.781453,0.793132
981,83646,120.0,117.48,,3.498413672447205,40.36538243293762,62,,"0.628788,0.718885,0.783528,1.096519",,,0.534997,4.407619,4.781453,0.793132
982,83755,109.0,117.2,,3.498413672447205,40.36538243293762,62,,"0.628788,0.718885,0.783528,1.096519",,,0.534997,4.407619,4.781453,0.793132
983,83865,110.0,117.09,,3.498413672447205,40.36538243293762,62,,"0.628788,0.718885,0.783528,1.096519",,,0.534997,4.407619,4.781453,0.793132
984,83977,112.0,117.11,,3.498413672447205,40.36538243293762,62,,"0.628788,0.718885,0.783528,1.096519",,,0.534997,4.407619,4.781453,0.793132
985,84102,125.0,117.26,,3.498413672447205,40.36538243293762,62,,"0.628788,0.718885,0.783528,1.096519",,,0.534997,4.407619,4.781453,0.793132
986,84224,122.0,117.32,,3.498413672447205,40.36538243293762,62,,"0.628788,0.718885,0.783528,1.096519",,,0.534997,4.407619,4.781453,0.793132
987,84327,103.0,117.07,,3.498413672447205,40.36538243293762,62,,"0.628788,0.718885,0.783528,1.096519",,,0.534997,4.407619,4.781453,0.793132
988,84465,138.0,117.96,,3.498413672447205,40.36538243293762,62,,"0.628788,0.718885,0.783528,1.096519",,,0.534997,4.407619,4.781453,0.793132
989,84588,123.0,117.83,,3.498413672447205,40.36538243293762,62,,"0.628788,0.718885,0.783528,1.096519",,,0.534997,4.407619,4.781453,0.793132
990,84696,108.0,117.74,,3.498413672447205,40.36538243293762,62,,"0.628788,0.718885,0.783528,1.096519",,,0.534997,4.407619,4.781453,0.793132
991,84820,124.0,117.44,,3.498413672447205,40.36538243293762,62,,"0.628788,0.718885,0.783528,1.096519",,,0.534997,4.407619,4.781453,0.793132
992,84938,118.0,117.34,,3.487115421295166,41.023722410202026,63,,"0.628610,0.717958,0.783740,1.097658",,,0.531723,4.419969,4.938918,0.742739
993,85053,115.0,117.33,,3.487115421295166,41.023722410202026,63,,"0.628610,0.717958,0.783740,1.097658",,,0.531723,4.419969,4.938918,0.742739
994,85167,114.0,117.24,,3.487115421295166,41.024986028671265,63,,"0.628610,0.717958,0.783740,1.097658",,,0.531723,4.419969,4.938918,0.742739
995,85307,140.0,117.22,,3.487115421295166,41.024986028671265,63,,"0.628610,0.717958,0.783740,1.097658",,,0.531723,4.419969,4.938918,0.742739
996,85441,134.0,117.16,,3.487115421295166,41.024986028671265,63,,"0.628610,0.717958,0.783740,1.097658",,,0.531723,4.419969,4.938918,0.742739
997,85558,117.0,117.06,,3.487115421295166,41.024986028671265,63,,"0.628610,0.717958,0.783740,1.097658",,,0.531723,4.419969,4.938918,0.742739
998,85676,118.0,116.88,,3.487115421295166,41.024986028671265,63,,"0.628610,0.717958,0.783740,1.097658",,,0.531723,4.419969,4.938918,0.742739
999,85804,128.0,117.15,,3.487115421295166,41.024986028671265,63,,"0.628610,0.717958,0.783740,1.097658",130.0,6.870225614927067,0.531723,4.419969,4.938918,0.742739
1000,85918,114.0,117.3,,3.487115421295166,41.024986028671265,63,,"0.628610,0.717958,0.783740,1.097658",,,0.531723,4.419969,4.938918,0.742739
1001,86041,123.0,117.35,,3.487115421295166,41.024986028671265,63,,"0.628610,0.717958,0.783740,1.097658",,,0.531723,4.419969,4.938918,0.742739
1002,86148,107.0,117.16,,3.487115421295166,41.024986028671265,63,,"0.628610,0.717958,0.783740,1.097658",,,0.531723,4.419969,4.938918,0.742739
1003,86257,109.0,117.27,,3.487115421295166,41.024986028671265,63,,"0.628610,0.717958,0.783740,1.097658",,,0.531723,4.419969,4.938918,0.742739
1004,86363,106.0,117.21,,3.487115421295166,41.024986028671265,63,,"0.628610,0.717958,0.783740,1.097658",,,0.531723,4.419969,4.938918,0.742739
1005,86490,127.0,117.38,,3.487115421295166,41.024986028671265,63,,"0.628610,0.717958,0.783740,1.097658",,,0.531723,4.419969,4.938918,0.742739
1006,86611,121.0,117.24,,3.487115421295166,41.024986028671265,63,,"0.628610,0.717958,0.783740,1.097658",,,0.531723,4.419969,4.938918,0.742739
1007,86737,126.0,118.01,,3.487115421295166,41.024986028671265,63,,"0.628610,0.717958,0.783740,1.097658",,,0.531723,4.419969,4.938918,0.742739
1008,86839,102.0,117.87,,3.4669552087783813,41.709399700164795,64,,"0.628147,0.717176,0.783754,1.098843",,,0.529493,4.431736,5.909686,0.707593
1009,86969,130.0,118.64,,3.4669552087783813,41.709399700164795,64,,"0.628147,0.717176,0.783754,1.098843",,,0.529493,4.431736,5.909686,0.707593
1010,87105,136.0,119.6,,3.4669552087783813,41.709399700164795,64,,"0.628147,0.717176,0.783754,1.098843",,,0.529493,4.431736,5.909686,0.707593
1011,87237,132.0,119.54,,3.4669552087783813,41.709399700164795,64,,"0.628147,0.717176,0.783754,1.098843",,,0.529493,4.431736,5.909686,0.707593
1012,87343,106.0,119.5,,3.4669552087783813,41.709399700164795,64,,"0.628147,0.717176,0.783754,1.098843",,,0.529493,4.431736,5.909686,0.707593
1013,87498,155.0,119.82,,3.4669552087783813,41.709399700164795,64,,"0.628147,0.717176,0.783754,1.098843",,,0.529493,4.431736,5.909686,0.707593
1014,87619,121.0,119.98,,3.4669552087783813,41.709399700164795,64,,"0.628147,0.717176,0.783754,1.098843",,,0.529493,4.431736,5.909686,0.707593
1015,87738,119.0,120.18,,3.4669552087783813,41.709399700164795,64,,"0.628147,0.717176,0.783754,1.098843",,,0.529493,4.431736,5.909686,0.707593
1016,87847,109.0,119.94,,3.4669552087783813,41.709399700164795,64,,"0.628147,0.717176,0.783754,1.098843",,,0.529493,4.431736,5.909686,0.707593
1017,87904,57.0,119.27,,3.4669552087783813,41.709399700164795,64,,"0.628147,0.717176,0.783754,1.098843",,,0.529493,4.431736,5.909686,0.707593
1018,88022,118.0,119.33,,3.4669552087783813,41.709399700164795,64,,"0.628147,0.717176,0.783754,1.098843",,,0.529493,4.431736,5.909686,0.707593
1019,88150,128.0,119.37,,3.4669552087783813,41.709399700164795,64,,"0.628147,0.717176,0.783754,1.098843",,,0.529493,4.431736,5.909686,0.707593
1020,88277,127.0,119.54,,3.4669552087783813,41.709399700164795,64,,"0.628147,0.717176,0.783754,1.098843",,,0.529493,4.431736,5.909686,0.707593
1021,88383,106.0,119.39,,3.4669552087783813,41.709399700164795,64,,"0.628147,0.717176,0.783754,1.098843",,,0.529493,4.431736,5.909686,0.707593
1022,88490,107.0,119.13,,3.4669552087783813,41.710922718048096,64,,"0.628147,0.717176,0.783754,1.098843",,,0.529493,4.431736,5.909686,0.707593
1023,88613,123.0,119.08,,3.4669552087783813,41.710922718048096,64,,"0.628147,0.717176,0.783754,1.098843",,,0.529493,4.431736,5.909686,0.707593
1024,88723,110.0,118.75,,3.460487685203552,42.36420750617981,65,,"0.629185,0.716557,0.783662,1.100114",,,0.529117,4.442008,6.305144,0.689943
1025,88842,119.0,118.84,,3.460487685203552,42.36420750617981,65,,"0.629185,0.716557,0.783662,1.100114",,,0.529117,4.442008,6.305144,0.689943
1026,88952,110.0,118.81,,3.460487685203552,42.36420750617981,65,,"0.629185,0.716557,0.783662,1.100114",,,0.529117,4.442008,6.305144,0.689943
1027,89056,104.0,118.63,,3.460487685203552,42.36420750617981,65,,"0.629185,0.716557,0.783662,1.100114",,,0.529117,4.442008,6.305144,0.689943
1028,89180,124.0,118.55,,3.460487685203552,42.36420750617981,65,,"0.629185,0.716557,0.783662,1.100114",,,0.529117,4.442008,6.305144,0.689943
1029,89292,112.0,118.48,,3.460487685203552,42.36420750617981,65,,"0.629185,0.716557,0.783662,1.100114",,,0.529117,4.442008,6.305144,0.689943
1030,89402,110.0,118.48,,3.460487685203552,42.36420750617981,65,,"0.629185,0.716557,0.783662,1.100114",,,0.529117,4.442008,6.305144,0.689943
1031,89525,123.0,118.35,,3.460487685203552,42.36420750617981,65,,"0.629185,0.716557,0.783662,1.100114",,,0.529117,4.442008,6.305144,0.689943
1032,89638,113.0,118.14,,3.460487685203552,42.36420750617981,65,,"0.629185,0.716557,0.783662,1.100114",,,0.529117,4.442008,6.305144,0.689943
1033,89752,114.0,118.16,,3.460487685203552,42.36420750617981,65,,"0.629185,0.716557,0.783662,1.100114",,,0.529117,4.442008,6.305144,0.689943
1034,89889,137.0,118.33,,3.460487685203552,42.36420750617981,65,,"0.629185,0.716557,0.783662,1.100114",,,0.529117,4.442008,6.305144,0.689943
1035,90003,114.0,118.37,,3.460487685203552,42.36420750617981,65,,"0.629185,0.716557,0.783662,1.100114",,,0.529117,4.442008,6.305144,0.689943
1036,90116,113.0,118.4,,3.460487685203552,42.36420750617981,65,,"0.629185,0.716557,0.783662,1.100114",,,0.529117,4.442008,6.305144,0.689943
1037,90237,121.0,118.14,,3.460487685203552,42.36420750617981,65,,"0.629185,0.716557,0.783662,1.100114",,,0.529117,4.442008,6.305144,0.689943
1038,90376,139.0,118.35,,3.460487685203552,42.36420750617981,65,,"0.629185,0.716557,0.783662,1.100114",,,0.529117,4.442008,6.305144,0.689943
1039,90496,120.0,118.5,,3.460487685203552,42.36420750617981,65,,"0.629185,0.716557,0.783662,1.100114",,,0.529117,4.442008,6.305144,0.689943
1040,90613,117.0,118.58,,3.4651368284225463,43.13402438163757,66,,"0.630687,0.715992,0.784368,1.101670",,,0.532331,4.454710,7.169410,0.597092
1041,90736,123.0,118.8,,3.4651368284225463,43.13402438163757,66,,"0.630687,0.715992,0.784368,1.101670",,,0.532331,4.454710,7.169410,0.597092
1042,90857,121.0,118.91,,3.4651368284225463,43.13402438163757,66,,"0.630687,0.715992,0.784368,1.101670",,,0.532331,4.454710,7.169410,0.597092
1043,90962,105.0,118.89,,3.4651368284225463,43.13402438163757,66,,"0.630687,0.715992,0.784368,1.101670",,,0.532331,4.454710,7.169410,0.597092
1044,91084,122.0,118.95,,3.4651368284225463,43.13402438163757,66,,"0.630687,0.715992,0.784368,1.101670",,,0.532331,4.454710,7.169410,0.597092
1045,91226,142.0,118.93,,3.4651368284225463,43.13402438163757,66,,"0.630687,0.715992,0.784368,1.101670",,,0.532331,4.454710,7.169410,0.597092
1046,91334,108.0,118.72,,3.4651368284225463,43.13402438163757,66,,"0.630687,0.715992,0.784368,1.101670",,,0.532331,4.454710,7.169410,0.597092
1047,91375,41.0,117.97,,3.4651368284225463,43.13402438163757,66,,"0.630687,0.715992,0.784368,1.101670",,,0.532331,4.454710,7.169410,0.597092
1048,91502,127.0,118.05,,3.4651368284225463,43.13402438163757,66,,"0.630687,0.715992,0.784368,1.101670",,,0.532331,4.454710,7.169410,0.597092
1049,91618,116.0,118.01,,3.4651368284225463,43.13402438163757,66,,"0.630687,0.715992,0.784368,1.101670",129.8,6.968500556073738,0.532331,4.454710,7.169410,0.597092
1050,91674,56.0,117.44,,3.4651368284225463,43.13402438163757,66,,"0.630687,0.715992,0.784368,1.101670",,,0.532331,4.454710,7.169410,0.597092
1051,91808,134.0,117.58,,3.4651368284225463,43.13506269454956,66,,"0.630687,0.715992,0.784368,1.101670",,,0.532331,4.454710,7.169410,0.597092
1052,91922,114.0,117.54,,3.4651368284225463,43.13506269454956,66,,"0.630687,0.715992,0.784368,1.101670",,,0.532331,4.454710,7.169410,0.597092
1053,92035,113.0,117.57,,3.4651368284225463,43.13506269454956,66,,"0.630687,0.715992,0.784368,1.101670",,,0.532331,4.454710,7.169410,0.597092
1054,92146,111.0,117.42,,3.4651368284225463,43.13506269454956,66,,"0.630687,0.715992,0.784368,1.101670",,,0.532331,4.454710,7.169410,0.597092
1055,92294,148.0,117.64,,3.4651368284225463,43.13506269454956,66,,"0.630687,0.715992,0.784368,1.101670",,,0.532331,4.454710,7.169410,0.597092
1056,92406,112.0,117.53,,3.470427236557007,43.813807010650635,67,,"0.632304,0.715569,0.785170,1.103248",,,0.529399,4.467222,6.967247,0.673537
1057,92530,124.0,117.49,,3.470427236557007,43.813807010650635,67,,"0.632304,0.715569,0.785170,1.103248",,,0.529399,4.467222,6.967247,0.673537
1058,92647,117.0,117.5,,3.470427236557007,43.813807010650635,67,,"0.632304,0.715569,0.785170,1.103248",,,0.529399,4.467222,6.967247,0.673537
1059,92760,113.0,117.62,,3.470427236557007,43.813807010650635,67,,"0.632304,0.715569,0.785170,1.103248",,,0.529399,4.467222,6.967247,0.673537
1060,92898,138.0,117.74,,3.470427236557007,43.813807010650635,67,,"0.632304,0.715569,0.785170,1.103248",,,0.529399,4.467222,6.967247,0.673537
1061,93017,119.0,117.61,,3.470427236557007,43.813807010650635,67,,"0.632304,0.715569,0.785170,1.103248",,,0.529399,4.467222,6.967247,0.673537
1062,93132,115.0,117.65,,3.470427236557007,43.813807010650635,67,,"0.632304,0.715569,0.785170,1.103248",,,0.529399,4.467222,6.967247,0.673537
1063,93244,112.0,117.4,,3.470427236557007,43.813807010650635,67,,"0.632304,0.715569,0.785170,1.103248",,,0.529399,4.467222,6.967247,0.673537
1064,93378,134.0,117.4,,3.470427236557007,43.813807010650635,67,,"0.632304,0.715569,0.785170,1.103248",,,0.529399,4.467222,6.967247,0.673537
1065,93506,128.0,118.33,,3.470427236557007,43.813807010650635,67,,"0.632304,0.715569,0.785170,1.103248",,,0.529399,4.467222,6.967247,0.673537
1066,93634,128.0,118.33,,3.470427236557007,43.813807010650635,67,,"0.632304,0.715569,0.785170,1.103248",,,0.529399,4.467222,6.967247,0.673537
1067,93762,128.0,118.46,,3.470427236557007,43.813807010650635,67,,"0.632304,0.715569,0.785170,1.103248",,,0.529399,4.467222,6.967247,0.673537
1068,93842,80.0,117.92,,3.470427236557007,43.813807010650635,67,,"0.632304,0.715569,0.785170,1.103248",,,0.529399,4.467222,6.967247,0.673537
1069,93963,121.0,117.84,,3.470427236557007,43.813807010650635,67,,"0.632304,0.715569,0.785170,1.103248",,,0.529399,4.467222,6.967247,0.673537
1070,94097,134.0,118.09,,3.470427236557007,43.813807010650635,67,,"0.632304,0.715569,0.785170,1.103248",,,0.529399,4.467222,6.967247,0.673537
1071,94228,131.0,118.0,,3.470427236557007,43.813807010650635,67,,"0.632304,0.715569,0.785170,1.103248",,,0.529399,4.467222,6.967247,0.673537
1072,94353,125.0,118.17,,3.4687441873550413,44.52406048774719,68,,"0.632978,0.715035,0.785984,1.104214",,,0.532564,4.480355,7.481398,0.669271
1073,94471,118.0,118.19,,3.4687441873550413,44.52406048774719,68,,"0.632978,0.715035,0.785984,1.104214",,,0.532564,4.480355,7.481398,0.669271
1074,94595,124.0,118.32,,3.4687441873550413,44.52557682991028,68,,"0.632978,0.715035,0.785984,1.104214",,,0.532564,4.480355,7.481398,0.669271
1075,94730,135.0,118.31,,3.4687441873550413,44.52557682991028,68,,"0.632978,0.715035,0.785984,1.104214",,,0.532564,4.480355,7.481398,0.669271
1076,94855,125.0,118.38,,3.4687441873550413,44.52557682991028,68,,"0.632978,0.715035,0.785984,1.104214",,,0.532564,4.480355,7.481398,0.669271
1077,94983,128.0,118.4,,3.4687441873550413,44.52557682991028,68,,"0.632978,0.715035,0.785984,1.104214",,,0.532564,4.480355,7.481398,0.669271
1078,95106,123.0,118.44,,3.4687441873550413,44.52557682991028,68,,"0.632978,0.715035,0.785984,1.104214",,,0.532564,4.480355,7.481398,0.669271
1079,95223,117.0,118.14,,3.4687441873550413,44.52557682991028,68,,"0.632978,0.715035,0.785984,1.104214",,,0.532564,4.480355,7.481398,0.669271
1080,95343,120.0,118.17,,3.4687441873550413,44.52557682991028,68,,"0.632978,0.715035,0.785984,1.104214",,,0.532564,4.480355,7.481398,0.669271
1081,95461,118.0,118.15,,3.4687441873550413,44.52557682991028,68,,"0.632978,0.715035,0.785984,1.104214",,,0.532564,4.480355,7.481398,0.669271
1082,95572,111.0,118.17,,3.4687441873550413,44.52557682991028,68,,"0.632978,0.715035,0.785984,1.104214",,,0.532564,4.480355,7.481398,0.669271
1083,95691,119.0,118.26,,3.4687441873550413,44.52557682991028,68,,"0.632978,0.715035,0.785984,1.104214",,,0.532564,4.480355,7.481398,0.669271
1084,95800,109.0,118.23,,3.4687441873550413,44.52557682991028,68,,"0.632978,0.715035,0.785984,1.104214",,,0.532564,4.480355,7.481398,0.669271
1085,95816,16.0,117.14,,3.4687441873550413,44.52557682991028,68,,"0.632978,0.715035,0.785984,1.104214",,,0.532564,4.480355,7.481398,0.669271
1086,95927,111.0,117.03,,3.4687441873550413,44.52557682991028,68,,"0.632978,0.715035,0.785984,1.104214",,,0.532564,4.480355,7.481398,0.669271
1087,96072,145.0,117.45,,3.4687441873550413,44.52557682991028,68,,"0.632978,0.715035,0.785984,1.104214",,,0.532564,4.480355,7.481398,0.669271
1088,96202,130.0,117.37,,3.46419038772583,45.20111608505249,69,,"0.634018,0.714653,0.786716,1.105234",,,0.524822,4.493292,7.191880,0.768038
1089,96329,127.0,117.41,,3.46419038772583,45.20111608505249,69,,"0.634018,0.714653,0.786716,1.105234",,,0.524822,4.493292,7.191880,0.768038
1090,96466,137.0,117.7,,3.46419038772583,45.20111608505249,69,,"0.634018,0.714653,0.786716,1.105234",,,0.524822,4.493292,7.191880,0.768038
1091,96582,116.0,117.62,,3.46419038772583,45.20111608505249,69,,"0.634018,0.714653,0.786716,1.105234",,,0.524822,4.493292,7.191880,0.768038
1092,96708,126.0,117.7,,3.46419038772583,45.20111608505249,69,,"0.634018,0.714653,0.786716,1.105234",,,0.524822,4.493292,7.191880,0.768038
1093,96830,122.0,117.77,,3.46419038772583,45.20111608505249,69,,"0.634018,0.714653,0.786716,1.105234",,,0.524822,4.493292,7.191880,0.768038
1094,96949,119.0,117.82,,3.46419038772583,45.20111608505249,69,,"0.634018,0.714653,0.786716,1.105234",,,0.524822,4.493292,7.191880,0.768038
1095,97056,107.0,117.49,,3.46419038772583,45.20211911201477,69,,"0.634018,0.714653,0.786716,1.105234",,,0.524822,4.493292,7.191880,0.768038
1096,97182,126.0,117.41,,3.46419038772583,45.20211911201477,69,,"0.634018,0.714653,0.786716,1.105234",,,0.524822,4.493292,7.191880,0.768038
1097,97306,124.0,117.48,,3.46419038772583,45.20211911201477,69,,"0.634018,0.714653,0.786716,1.105234",,,0.524822,4.493292,7.191880,0.768038
1098,97342,36.0,116.66,,3.46419038772583,45.20211911201477,69,,"0.634018,0.714653,0.786716,1.105234",,,0.524822,4.493292,7.191880,0.768038
1099,97462,120.0,116.58,,3.46419038772583,45.20211911201477,69,,"0.634018,0.714653,0.786716,1.105234",130.8,7.249827584156743,0.524822,4.493292,7.191880,0.768038
1100,97593,131.0,116.75,,3.46419038772583,45.20211911201477,69,,"0.634018,0.714653,0.786716,1.105234",,,0.524822,4.493292,7.191880,0.768038
1101,97729,136.0,116.88,,3.46419038772583,45.20211911201477,69,,"0.634018,0.714653,0.786716,1.105234",,,0.524822,4.493292,7.191880,0.768038
1102,97843,114.0,116.95,,3.46419038772583,45.20211911201477,69,,"0.634018,0.714653,0.786716,1.105234",,,0.524822,4.493292,7.191880,0.768038
1103,97958,115.0,117.01,,3.46419038772583,45.20211911201477,69,,"0.634018,0.714653,0.786716,1.105234",,,0.524822,4.493292,7.191880,0.768038
1104,98079,121.0,117.16,,3.452293472290039,45.86015963554382,70,,"0.634215,0.714006,0.787261,1.105914",,,0.526645,4.504871,6.528224,0.823075
1105,98207,128.0,117.17,,3.452293472290039,45.86015963554382,70,,"0.634215,0.714006,0.787261,1.105914",,,0.526645,4.504871,6.528224,0.823075
1106,98335,128.0,117.24,,3.452293472290039,45.86015963554382,70,,"0.634215,0.714006,0.787261,1.105914",,,0.526645,4.504871,6.528224,0.823075
1107,98461,126.0,117.24,,3.452293472290039,45.86015963554382,70,,"0.634215,0.714006,0.787261,1.105914",,,0.526645,4.504871,6.528224,0.823075
1108,98572,111.0,117.33,,3.452293472290039,45.86015963554382,70,,"0.634215,0.714006,0.787261,1.105914",,,0.526645,4.504871,6.528224,0.823075
1109,98681,109.0,117.12,,3.452293472290039,45.86015963554382,70,,"0.634215,0.714006,0.787261,1.105914",,,0.526645,4.504871,6.528224,0.823075
1110,98805,124.0,117.0,,3.452293472290039,45.86015963554382,70,,"0.634215,0.714006,0.787261,1.105914",,,0.526645,4.504871,6.528224,0.823075
1111,98918,113.0,116.81,,3.452293472290039,45.86015963554382,70,,"0.634215,0.714006,0.787261,1.105914",,,0.526645,4.504871,6.528224,0.823075
1112,99037,119.0,116.94,,3.452293472290039,45.86015963554382,70,,"0.634215,0.714006,0.787261,1.105914",,,0.526645,4.504871,6.528224,0.823075
1113,99156,119.0,116.58,,3.452293472290039,45.86015963554382,70,,"0.634215,0.714006,0.787261,1.105914",,,0.526645,4.504871,6.528224,0.823075
1114,99281,125.0,116.62,,3.452293472290039,45.86015963554382,70,,"0.634215,0.714006,0.787261,1.105914",,,0.526645,4.504871,6.528224,0.823075
1115,99413,132.0,116.75,,3.452293472290039,45.86015963554382,70,,"0.634215,0.714006,0.787261,1.105914",,,0.526645,4.504871,6.528224,0.823075
1116,99534,121.0,116.87,,3.452293472290039,45.86015963554382,70,,"0.634215,0.714006,0.787261,1.105914",,,0.526645,4.504871,6.528224,0.823075
1117,99657,123.0,117.53,,3.452293472290039,45.86015963554382,70,,"0.634215,0.714006,0.787261,1.105914",,,0.526645,4.504871,6.528224,0.823075
1118,99797,140.0,117.75,,3.452293472290039,45.86015963554382,70,,"0.634215,0.714006,0.787261,1.105914",,,0.526645,4.504871,6.528224,0.823075
1119,99925,128.0,117.75,,3.452293472290039,45.86015963554382,70,,"0.634215,0.714006,0.787261,1.105914",,,0.526645,4.504871,6.528224,0.823075
1120,100038,113.0,117.61,,3.4486045265197753,46.63191032409668,71,,"0.634661,0.713652,0.787962,1.106898",,,0.524695,4.517228,6.863440,0.807534
1121,100156,118.0,117.73,,3.4486045265197753,46.63291835784912,71,,"0.634661,0.713652,0.787962,1.106898",,,0.524695,4.517228,6.863440,0.807534
1122,100283,127.0,117.93,,3.4486045265197753,46.63291835784912,71,,"0.634661,0.713652,0.787962,1.106898",,,0.524695,4.517228,6.863440,0.807534
1123,100425,142.0,118.12,,3.4486045265197753,46.63291835784912,71,,"0.634661,0.713652,0.787962,1.106898",,,0.524695,4.517228,6.863440,0.807534
1124,100556,131.0,118.33,,3.4486045265197753,46.63291835784912,71,,"0.634661,0.713652,0.787962,1.106898",,,0.524695,4.517228,6.863440,0.807534
1125,100694,138.0,118.52,,3.4486045265197753,46.63291835784912,71,,"0.634661,0.713652,0.787962,1.106898",,,0.524695,4.517228,6.863440,0.807534
1126,100733,39.0,117.81,,3.4486045265197753,46.63291835784912,71,,"0.634661,0.713652,0.787962,1.106898",,,0.524695,4.517228,6.863440,0.807534
1127,100894,161.0,118.38,,3.4486045265197753,46.63291835784912,71,,"0.634661,0.713652,0.787962,1.106898",,,0.524695,4.517228,6.863440,0.807534
1128,101044,150.0,118.64,,3.4486045265197753,46.63291835784912,71,,"0.634661,0.713652,0.787962,1.106898",,,0.524695,4.517228,6.863440,0.807534
1129,101173,129.0,118.81,,3.4486045265197753,46.63291835784912,71,,"0.634661,0.713652,0.787962,1.106898",,,0.524695,4.517228,6.863440,0.807534
1130,101191,18.0,117.89,,3.4486045265197753,46.63291835784912,71,,"0.634661,0.713652,0.787962,1.106898",,,0.524695,4.517228,6.863440,0.807534
1131,101317,126.0,117.92,,3.4486045265197753,46.63291835784912,71,,"0.634661,0.713652,0.787962,1.106898",,,0.524695,4.517228,6.863440,0.807534
1132,101440,123.0,118.02,,3.4486045265197753,46.63291835784912,71,,"0.634661,0.713652,0.787962,1.106898",,,0.524695,4.517228,6.863440,0.807534
1133,101569,129.0,118.17,,3.4486045265197753,46.63291835784912,71,,"0.634661,0.713652,0.787962,1.106898",,,0.524695,4.517228,6.863440,0.807534
1134,101689,120.0,118.0,,3.4486045265197753,46.63291835784912,71,,"0.634661,0.713652,0.787962,1.106898",,,0.524695,4.517228,6.863440,0.807534
1135,101817,128.0,118.14,,3.4486045265197753,46.63291835784912,71,,"0.634661,0.713652,0.787962,1.106898",,,0.524695,4.517228,6.863440,0.807534
1136,101859,42.0,117.43,,3.420347194671631,47.439704179763794,72,,"0.635977,0.713684,0.788730,1.108083",,,0.528950,4.529576,5.965721,0.867304
1137,101999,140.0,117.62,,3.420347194671631,47.439704179763794,72,,"0.635977,0.713684,0.788730,1.108083",,,0.528950,4.529576,5.965721,0.867304
1138,102158,159.0,117.82,,3.420347194671631,47.439704179763794,72,,"0.635977,0.713684,0.788730,1.108083",,,0.528950,4.529576,5.965721,0.867304
1139,102290,132.0,117.94,,3.420347194671631,47.439704179763794,72,,"0.635977,0.713684,0.788730,1.108083",,,0.528950,4.529576,5.965721,0.867304
1140,102432,142.0,118.19,,3.420347194671631,47.439704179763794,72,,"0.635977,0.713684,0.788730,1.108083",,,0.528950,4.529576,5.965721,0.867304
1141,102557,125.0,118.21,,3.420347194671631,47.439704179763794,72,,"0.635977,0.713684,0.788730,1.108083",,,0.528950,4.529576,5.965721,0.867304
1142,102703,146.0,118.46,,3.420347194671631,47.439704179763794,72,,"0.635977,0.713684,0.788730,1.108083",,,0.528950,4.529576,5.965721,0.867304
1143,102820,117.0,118.58,,3.420347194671631,47.439704179763794,72,,"0.635977,0.713684,0.788730,1.108083",,,0.528950,4.529576,5.965721,0.867304
1144,102946,126.0,118.62,,3.420347194671631,47.439704179763794,72,,"0.635977,0.713684,0.788730,1.108083",,,0.528950,4.529576,5.965721,0.867304
1145,103082,136.0,118.56,,3.420347194671631,47.439704179763794,72,,"0.635977,0.713684,0.788730,1.108083",,,0.528950,4.529576,5.965721,0.867304
1146,103247,165.0,119.13,,3.420347194671631,47.439704179763794,72,,"0.635977,0.713684,0.788730,1.108083",,,0.528950,4.529576,5.965721,0.867304
1147,103365,118.0,119.9,,3.420347194671631,47.439704179763794,72,,"0.635977,0.713684,0.788730,1.108083",,,0.528950,4.529576,5.965721,0.867304
1148,103489,124.0,119.87,,3.420347194671631,47.439704179763794,72,,"0.635977,0.713684,0.788730,1.108083",,,0.528950,4.529576,5.965721,0.867304
1149,103592,103.0,119.74,,3.420347194671631,47.439704179763794,72,,"0.635977,0.713684,0.788730,1.108083",132.0,8.78635305459552,0.528950,4.529576,5.965721,0.867304
1150,103718,126.0,120.44,,3.420347194671631,47.439704179763794,72,,"0.635977,0.713684,0.788730,1.108083",,,0.528950,4.529576,5.965721,0.867304
1151,103860,142.0,120.52,,3.420347194671631,47.439704179763794,72,,"0.635977,0.713684,0.788730,1.108083",,,0.528950,4.529576,5.965721,0.867304
1152,103974,114.0,120.52,,3.3954900169372557,48.14845371246338,73,,"0.636994,0.713911,0.788767,1.109015",,,0.528579,4.540092,5.577218,0.910690
1153,104085,111.0,120.5,,3.3954900169372557,48.14845371246338,73,,"0.636994,0.713911,0.788767,1.109015",,,0.528579,4.540092,5.577218,0.910690
1154,104227,142.0,120.81,,3.3954900169372557,48.14845371246338,73,,"0.636994,0.713911,0.788767,1.109015",,,0.528579,4.540092,5.577218,0.910690
1155,104336,109.0,120.42,,3.3954900169372557,48.14845371246338,73,,"0.636994,0.713911,0.788767,1.109015",,,0.528579,4.540092,5.577218,0.910690
1156,104464,128.0,120.58,,3.3954900169372557,48.14845371246338,73,,"0.636994,0.713911,0.788767,1.109015",,,0.528579,4.540092,5.577218,0.910690
1157,104575,111.0,120.45,,3.3954900169372557,48.14845371246338,73,,"0.636994,0.713911,0.788767,1.109015",,,0.528579,4.540092,5.577218,0.910690
1158,104694,119.0,120.47,,3.3954900169372557,48.14845371246338,73,,"0.636994,0.713911,0.788767,1.109015",,,0.528579,4.540092,5.577218,0.910690
1159,104821,127.0,120.61,,3.3954900169372557,48.14845371246338,73,,"0.636994,0.713911,0.788767,1.109015",,,0.528579,4.540092,5.577218,0.910690
1160,104933,112.0,120.35,,3.3954900169372557,48.14845371246338,73,,"0.636994,0.713911,0.788767,1.109015",,,0.528579,4.540092,5.577218,0.910690
1161,105076,143.0,120.59,,3.3954900169372557,48.14845371246338,73,,"0.636994,0.713911,0.788767,1.109015",,,0.528579,4.540092,5.577218,0.910690
1162,105188,112.0,120.56,,3.3954900169372557,48.14845371246338,73,,"0.636994,0.713911,0.788767,1.109015",,,0.528579,4.540092,5.577218,0.910690
1163,105305,117.0,120.61,,3.3954900169372557,48.14845371246338,73,,"0.636994,0.713911,0.788767,1.109015",,,0.528579,4.540092,5.577218,0.910690
1164,105440,135.0,120.62,,3.3954900169372557,48.14845371246338,73,,"0.636994,0.713911,0.788767,1.109015",,,0.528579,4.540092,5.577218,0.910690
1165,105554,114.0,120.48,,3.3954900169372557,48.14845371246338,73,,"0.636994,0.713911,0.788767,1.109015",,,0.528579,4.540092,5.577218,0.910690
1166,105671,117.0,120.37,,3.3954900169372557,48.14845371246338,73,,"0.636994,0.713911,0.788767,1.109015",,,0.528579,4.540092,5.577218,0.910690
1167,105801,130.0,120.39,,3.3954900169372557,48.14845371246338,73,,"0.636994,0.713911,0.788767,1.109015",,,0.528579,4.540092,5.577218,0.910690
1168,105911,110.0,120.69,,3.354361305236816,48.910151720047,74,,"0.637757,0.714542,0.788365,1.109984",,,0.531340,4.548449,5.082411,0.922340
1169,106030,119.0,120.67,,3.354361305236816,48.910151720047,74,,"0.637757,0.714542,0.788365,1.109984",,,0.531340,4.548449,5.082411,0.922340
1170,106146,116.0,120.49,,3.354361305236816,48.910151720047,74,,"0.637757,0.714542,0.788365,1.109984",,,0.531340,4.548449,5.082411,0.922340
1171,106266,120.0,120.38,,3.354361305236816,48.910151720047,74,,"0.637757,0.714542,0.788365,1.109984",,,0.531340,4.548449,5.082411,0.922340
1172,106376,110.0,120.23,,3.354361305236816,48.910151720047,74,,"0.637757,0.714542,0.788365,1.109984",,,0.531340,4.548449,5.082411,0.922340
1173,106512,136.0,120.41,,3.354361305236816,48.910151720047,74,,"0.637757,0.714542,0.788365,1.109984",,,0.531340,4.548449,5.082411,0.922340
1174,106635,123.0,120.4,,3.354361305236816,48.910151720047,74,,"0.637757,0.714542,0.788365,1.109984",,,0.531340,4.548449,5.082411,0.922340
1175,106745,110.0,120.15,,3.354361305236816,48.910151720047,74,,"0.637757,0.714542,0.788365,1.109984",,,0.531340,4.548449,5.082411,0.922340
1176,106864,119.0,120.09,,3.354361305236816,48.910151720047,74,,"0.637757,0.714542,0.788365,1.109984",,,0.531340,4.548449,5.082411,0.922340
1177,107016,152.0,120.33,,3.354361305236816,48.911166191101074,74,,"0.637757,0.714542,0.788365,1.109984",,,0.531340,4.548449,5.082411,0.922340
1178,107142,126.0,120.36,,3.354361305236816,48.911166191101074,74,,"0.637757,0.714542,0.788365,1.109984",,,0.531340,4.548449,5.082411,0.922340
1179,107256,114.0,120.33,,3.354361305236816,48.911166191101074,74,,"0.637757,0.714542,0.788365,1.109984",,,0.531340,4.548449,5.082411,0.922340
1180,107382,126.0,120.39,,3.354361305236816,48.911166191101074,74,,"0.637757,0.714542,0.788365,1.109984",,,0.531340,4.548449,5.082411,0.922340
1181,107528,146.0,120.67,,3.354361305236816,48.911166191101074,74,,"0.637757,0.714542,0.788365,1.109984",,,0.531340,4.548449,5.082411,0.922340
1182,107661,133.0,120.89,,3.354361305236816,48.911166191101074,74,,"0.637757,0.714542,0.788365,1.109984",,,0.531340,4.548449,5.082411,0.922340
1183,107816,155.0,121.25,,3.354361305236816,48.911166191101074,74,,"0.637757,0.714542,0.788365,1.109984",,,0.531340,4.548449,5.082411,0.922340
1184,107929,113.0,121.29,,3.304342999458313,49.762526512145996,75,,"0.638928,0.715582,0.786957,1.111209",,,0.541281,4.556342,4.405169,0.938106
1185,108061,132.0,122.45,,3.304342999458313,49.762526512145996,75,,"0.638928,0.715582,0.786957,1.111209",,,0.541281,4.556342,4.405169,0.938106
1186,108232,171.0,123.05,,3.304342999458313,49.762526512145996,75,,"0.638928,0.715582,0.786957,1.111209",,,0.541281,4.556342,4.405169,0.938106
1187,108351,119.0,122.79,,3.304342999458313,49.762526512145996,75,,"0.638928,0.715582,0.786957,1.111209",,,0.541281,4.556342,4.405169,0.938106
1188,108500,149.0,122.98,,3.304342999458313,49.762526512145996,75,,"0.638928,0.715582,0.786957,1.111209",,,0.541281,4.556342,4.405169,0.938106
1189,108626,126.0,122.97,,3.304342999458313,49.762526512145996,75,,"0.638928,0.715582,0.786957,1.111209",,,0.541281,4.556342,4.405169,0.938106
1190,108732,106.0,122.66,,3.304342999458313,49.762526512145996,75,,"0.638928,0.715582,0.786957,1.111209",,,0.541281,4.556342,4.405169,0.938106
1191,108853,121.0,122.71,,3.304342999458313,49.762526512145996,75,,"0.638928,0.715582,0.786957,1.111209",,,0.541281,4.556342,4.405169,0.938106
1192,108969,116.0,122.61,,3.304342999458313,49.762526512145996,75,,"0.638928,0.715582,0.786957,1.111209",,,0.541281,4.556342,4.405169,0.938106
1193,109080,111.0,122.5,,3.304342999458313,49.762526512145996,75,,"0.638928,0.715582,0.786957,1.111209",,,0.541281,4.556342,4.405169,0.938106
1194,109211,131.0,122.62,,3.304342999458313,49.762526512145996,75,,"0.638928,0.715582,0.786957,1.111209",,,0.541281,4.556342,4.405169,0.938106
1195,109351,140.0,122.95,,3.304342999458313,49.762526512145996,75,,"0.638928,0.715582,0.786957,1.111209",,,0.541281,4.556342,4.405169,0.938106
1196,109509,158.0,123.27,,3.304342999458313,49.762526512145996,75,,"0.638928,0.715582,0.786957,1.111209",,,0.541281,4.556342,4.405169,0.938106
1197,109647,138.0,123.41,,3.304342999458313,49.762526512145996,75,,"0.638928,0.715582,0.786957,1.111209",,,0.541281,4.556342,4.405169,0.938106
1198,109754,107.0,124.12,,3.304342999458313,49.762526512145996,75,,"0.638928,0.715582,0.786957,1.111209",,,0.541281,4.556342,4.405169,0.938106
1199,109878,124.0,124.16,,3.304342999458313,49.762526512145996,75,,"0.638928,0.715582,0.786957,1.111209",130.2,8.47112743381895,0.541281,4.556342,4.405169,0.938106
1200,109975,97.0,123.82,,3.2505926132202148,50.511547565460205,76,,"0.639630,0.716642,0.784910,1.112277",,,0.534990,4.563592,4.294103,0.943067
1201,110109,134.0,123.8,,3.2505926132202148,50.511547565460205,76,,"0.639630,0.716642,0.784910,1.112277",,,0.534990,4.563592,4.294103,0.943067
1202,110192,83.0,123.49,,3.2505926132202148,50.511547565460205,76,,"0.639630,0.716642,0.784910,1.112277",,,0.534990,4.563592,4.294103,0.943067
1203,110313,121.0,123.55,,3.2505926132202148,50.511547565460205,76,,"0.639630,0.716642,0.784910,1.112277",,,0.534990,4.563592,4.294103,0.943067
1204,110441,128.0,123.62,,3.2505926132202148,50.511547565460205,76,,"0.639630,0.716642,0.784910,1.112277",,,0.534990,4.563592,4.294103,0.943067
1205,110581,140.0,123.74,,3.2505926132202148,50.511547565460205,76,,"0.639630,0.716642,0.784910,1.112277",,,0.534990,4.563592,4.294103,0.943067
1206,110685,104.0,123.5,,3.2505926132202148,50.511547565460205,76,,"0.639630,0.716642,0.784910,1.112277",,,0.534990,4.563592,4.294103,0.943067
1207,110807,122.0,123.46,,3.2505926132202148,50.511547565460205,76,,"0.639630,0.716642,0.784910,1.112277",,,0.534990,4.563592,4.294103,0.943067
1208,110921,114.0,123.49,,3.2505926132202148,50.511547565460205,76,,"0.639630,0.716642,0.784910,1.112277",,,0.534990,4.563592,4.294103,0.943067
1209,111045,124.0,123.64,,3.2505926132202148,50.511547565460205,76,,"0.639630,0.716642,0.784910,1.112277",,,0.534990,4.563592,4.294103,0.943067
1210,111162,117.0,123.57,,3.2505926132202148,50.511547565460205,76,,"0.639630,0.716642,0.784910,1.112277",,,0.534990,4.563592,4.294103,0.943067
1211,111309,147.0,123.91,,3.2505926132202148,50.511547565460205,76,,"0.639630,0.716642,0.784910,1.112277",,,0.534990,4.563592,4.294103,0.943067
1212,111435,126.0,123.98,,3.2505926132202148,50.511547565460205,76,,"0.639630,0.716642,0.784910,1.112277",,,0.534990,4.563592,4.294103,0.943067
1213,111552,117.0,123.96,,3.2505926132202148,50.511547565460205,76,,"0.639630,0.716642,0.784910,1.112277",,,0.534990,4.563592,4.294103,0.943067
1214,111665,113.0,123.84,,3.2505926132202148,50.51254677772522,76,,"0.639630,0.716642,0.784910,1.112277",,,0.534990,4.563592,4.294103,0.943067
1215,111792,127.0,123.79,,3.2505926132202148,50.51254677772522,76,,"0.639630,0.716642,0.784910,1.112277",,,0.534990,4.563592,4.294103,0.943067
1216,111931,139.0,123.97,,3.1903964567184446,51.19319558143616,77,,"0.640588,0.717523,0.782598,1.113214",,,0.529681,4.570693,4.083531,0.937578
1217,112047,116.0,123.9,,3.1903964567184446,51.19319558143616,77,,"0.640588,0.717523,0.782598,1.113214",,,0.529681,4.570693,4.083531,0.937578
1218,112161,114.0,123.64,,3.1903964567184446,51.19319558143616,77,,"0.640588,0.717523,0.782598,1.113214",,,0.529681,4.570693,4.083531,0.937578
1219,112276,115.0,123.51,,3.1903964567184446,51.19319558143616,77,,"0.640588,0.717523,0.782598,1.113214",,,0.529681,4.570693,4.083531,0.937578
1220,112396,120.0,123.58,,3.1903964567184446,51.19319558143616,77,,"0.640588,0.717523,0.782598,1.113214",,,0.529681,4.570693,4.083531,0.937578
1221,112515,119.0,123.59,,3.1903964567184446,51.19319558143616,77,,"0.640588,0.717523,0.782598,1.113214",,,0.529681,4.570693,4.083531,0.937578
1222,112620,105.0,123.37,,3.1903964567184446,51.19319558143616,77,,"0.640588,0.717523,0.782598,1.113214",,,0.529681,4.570693,4.083531,0.937578
1223,112726,106.0,123.01,,3.1903964567184446,51.19319558143616,77,,"0.640588,0.717523,0.782598,1.113214",,,0.529681,4.570693,4.083531,0.937578
1224,112837,111.0,122.81,,3.1903964567184446,51.19319558143616,77,,"0.640588,0.717523,0.782598,1.113214",,,0.529681,4.570693,4.083531,0.937578
1225,112955,118.0,122.61,,3.1903964567184446,51.19319558143616,77,,"0.640588,0.717523,0.782598,1.113214",,,0.529681,4.570693,4.083531,0.937578
1226,113084,129.0,123.51,,3.1903964567184446,51.19319558143616,77,,"0.640588,0.717523,0.782598,1.113214",,,0.529681,4.570693,4.083531,0.937578
1227,113211,127.0,123.17,,3.1903964567184446,51.19319558143616,77,,"0.640588,0.717523,0.782598,1.113214",,,0.529681,4.570693,4.083531,0.937578
1228,113325,114.0,122.81,,3.1903964567184446,51.19319558143616,77,,"0.640588,0.717523,0.782598,1.113214",,,0.529681,4.570693,4.083531,0.937578
1229,113430,105.0,122.57,,3.1903964567184446,51.19319558143616,77,,"0.640588,0.717523,0.782598,1.113214",,,0.529681,4.570693,4.083531,0.937578
1230,113553,123.0,123.62,,3.1903964567184446,51.19319558143616,77,,"0.640588,0.717523,0.782598,1.113214",,,0.529681,4.570693,4.083531,0.937578
1231,113671,118.0,123.54,,3.1903964567184446,51.19319558143616,77,,"0.640588,0.717523,0.782598,1.113214",,,0.529681,4.570693,4.083531,0.937578
1232,113789,118.0,123.49,,3.1322947549819946,51.94816994667053,78,,"0.639853,0.718094,0.779534,1.113959",,,0.533366,4.577185,3.976895,0.936888
1233,113910,121.0,123.41,,3.1322947549819946,51.94816994667053,78,,"0.639853,0.718094,0.779534,1.113959",,,0.533366,4.577185,3.976895,0.936888
1234,114035,125.0,123.46,,3.1322947549819946,51.94816994667053,78,,"0.639853,0.718094,0.779534,1.113959",,,0.533366,4.577185,3.976895,0.936888
1235,114140,105.0,123.23,,3.1322947549819946,51.94816994667053,78,,"0.639853,0.718094,0.779534,1.113959",,,0.533366,4.577185,3.976895,0.936888
1236,114267,127.0,124.08,,3.1322947549819946,51.94816994667053,78,,"0.639853,0.718094,0.779534,1.113959",,,0.533366,4.577185,3.976895,0.936888
1237,114377,110.0,123.78,,3.1322947549819946,51.94917035102844,78,,"0.639853,0.718094,0.779534,1.113959",,,0.533366,4.577185,3.976895,0.936888
1238,114526,149.0,123.68,,3.1322947549819946,51.94917035102844,78,,"0.639853,0.718094,0.779534,1.113959",,,0.533366,4.577185,3.976895,0.936888
1239,114646,120.0,123.56,,3.1322947549819946,51.94917035102844,78,,"0.639853,0.718094,0.779534,1.113959",,,0.533366,4.577185,3.976895,0.936888
1240,114762,116.0,123.3,,3.1322947549819946,51.94917035102844,78,,"0.639853,0.718094,0.779534,1.113959",,,0.533366,4.577185,3.976895,0.936888
1241,114835,73.0,122.78,,3.1322947549819946,51.94917035102844,78,,"0.639853,0.718094,0.779534,1.113959",,,0.533366,4.577185,3.976895,0.936888
1242,114945,110.0,122.42,,3.1322947549819946,51.94917035102844,78,,"0.639853,0.718094,0.779534,1.113959",,,0.533366,4.577185,3.976895,0.936888
1243,115052,107.0,122.32,,3.1322947549819946,51.94917035102844,78,,"0.639853,0.718094,0.779534,1.113959",,,0.533366,4.577185,3.976895,0.936888
1244,115161,109.0,122.15,,3.1322947549819946,51.94917035102844,78,,"0.639853,0.718094,0.779534,1.113959",,,0.533366,4.577185,3.976895,0.936888
1245,115264,103.0,121.82,,3.1322947549819946,51.94917035102844,78,,"0.639853,0.718094,0.779534,1.113959",,,0.533366,4.577185,3.976895,0.936888
1246,115412,148.0,121.65,,3.1322947549819946,51.94917035102844,78,,"0.639853,0.718094,0.779534,1.113959",,,0.533366,4.577185,3.976895,0.936888
1247,115522,110.0,121.57,,3.1322947549819946,51.94917035102844,78,,"0.639853,0.718094,0.779534,1.113959",,,0.533366,4.577185,3.976895,0.936888
1248,115635,113.0,121.46,,3.079041404724121,52.59784126281738,79,,"0.638798,0.718195,0.777811,1.114760",,,0.529761,4.586679,4.868416,0.855358
1249,115763,128.0,121.71,,3.079041404724121,52.59784126281738,79,,"0.638798,0.718195,0.777811,1.114760",127.0,7.8230428862431785,0.529761,4.586679,4.868416,0.855358
1250,115868,105.0,121.5,,3.079041404724121,52.59784126281738,79,,"0.638798,0.718195,0.777811,1.114760",,,0.529761,4.586679,4.868416,0.855358
1251,115901,33.0,120.41,,3.079041404724121,52.59784126281738,79,,"0.638798,0.718195,0.777811,1.114760",,,0.529761,4.586679,4.868416,0.855358
1252,116006,105.0,120.32,,3.079041404724121,52.59784126281738,79,,"0.638798,0.718195,0.777811,1.114760",,,0.529761,4.586679,4.868416,0.855358
1253,116114,108.0,120.29,,3.079041404724121,52.59784126281738,79,,"0.638798,0.718195,0.777811,1.114760",,,0.529761,4.586679,4.868416,0.855358
1254,116228,114.0,120.01,,3.079041404724121,52.59784126281738,79,,"0.638798,0.718195,0.777811,1.114760",,,0.529761,4.586679,4.868416,0.855358
1255,116341,113.0,120.05,,3.079041404724121,52.59883737564087,79,,"0.638798,0.718195,0.777811,1.114760",,,0.529761,4.586679,4.868416,0.855358
1256,116455,114.0,119.91,,3.079041404724121,52.59883737564087,79,,"0.638798,0.718195,0.777811,1.114760",,,0.529761,4.586679,4.868416,0.855358
1257,116559,104.0,119.84,,3.079041404724121,52.59883737564087,79,,"0.638798,0.718195,0.777811,1.114760",,,0.529761,4.586679,4.868416,0.855358
1258,116677,118.0,119.83,,3.079041404724121,52.59883737564087,79,,"0.638798,0.718195,0.777811,1.114760",,,0.529761,4.586679,4.868416,0.855358
1259,116788,111.0,119.67,,3.079041404724121,52.59883737564087,79,,"0.638798,0.718195,0.777811,1.114760",,,0.529761,4.586679,4.868416,0.855358
1260,116848,60.0,119.15,,3.079041404724121,52.59883737564087,79,,"0.638798,0.718195,0.777811,1.114760",,,0.529761,4.586679,4.868416,0.855358
1261,116961,113.0,118.85,,3.079041404724121,52.59883737564087,79,,"0.638798,0.718195,0.777811,1.114760",,,0.529761,4.586679,4.868416,0.855358
1262,117075,114.0,118.87,,3.079041404724121,52.59883737564087,79,,"0.638798,0.718195,0.777811,1.114760",,,0.529761,4.586679,4.868416,0.855358
1263,117187,112.0,118.82,,3.079041404724121,52.59883737564087,79,,"0.638798,0.718195,0.777811,1.114760",,,0.529761,4.586679,4.868416,0.855358
1264,117304,117.0,118.64,,3.014109470844269,53.27661156654358,80,,"0.637147,0.718290,0.775296,1.115526",,,0.531989,4.596478,3.804188,0.928027
1265,117453,149.0,118.99,,3.014109470844269,53.27661156654358,80,,"0.637147,0.718290,0.775296,1.115526",,,0.531989,4.596478,3.804188,0.928027
1266,117573,120.0,119.02,,3.014109470844269,53.27661156654358,80,,"0.637147,0.718290,0.775296,1.115526",,,0.531989,4.596478,3.804188,0.928027
1267,117683,110.0,118.82,,3.014109470844269,53.27661156654358,80,,"0.637147,0.718290,0.775296,1.115526",,,0.531989,4.596478,3.804188,0.928027
1268,117799,116.0,118.88,,3.014109470844269,53.27661156654358,80,,"0.637147,0.718290,0.775296,1.115526",,,0.531989,4.596478,3.804188,0.928027
1269,117917,118.0,118.87,,3.014109470844269,53.27661156654358,80,,"0.637147,0.718290,0.775296,1.115526",,,0.531989,4.596478,3.804188,0.928027
1270,118025,108.0,118.79,,3.014109470844269,53.27661156654358,80,,"0.637147,0.718290,0.775296,1.115526",,,0.531989,4.596478,3.804188,0.928027
1271,118153,128.0,118.87,,3.014109470844269,53.27661156654358,80,,"0.637147,0.718290,0.775296,1.115526",,,0.531989,4.596478,3.804188,0.928027
1272,118272,119.0,118.96,,3.014109470844269,53.27661156654358,80,,"0.637147,0.718290,0.775296,1.115526",,,0.531989,4.596478,3.804188,0.928027
1273,118371,99.0,118.59,,3.014109470844269,53.27661156654358,80,,"0.637147,0.718290,0.775296,1.115526",,,0.531989,4.596478,3.804188,0.928027
1274,118478,107.0,118.43,,3.014109470844269,53.27661156654358,80,,"0.637147,0.718290,0.775296,1.115526",,,0.531989,4.596478,3.804188,0.928027
1275,118551,73.0,118.06,,3.014109470844269,53.27661156654358,80,,"0.637147,0.718290,0.775296,1.115526",,,0.531989,4.596478,3.804188,0.928027
1276,118665,114.0,118.01,,3.014109470844269,53.27661156654358,80,,"0.637147,0.718290,0.775296,1.115526",,,0.531989,4.596478,3.804188,0.928027
1277,118762,97.0,117.46,,3.014109470844269,53.27661156654358,80,,"0.637147,0.718290,0.775296,1.115526",,,0.531989,4.596478,3.804188,0.928027
1278,118884,122.0,117.42,,3.014109470844269,53.27661156654358,80,,"0.637147,0.718290,0.775296,1.115526",,,0.531989,4.596478,3.804188,0.928027
1279,118994,110.0,117.38,,3.014109470844269,53.27661156654358,80,,"0.637147,0.718290,0.775296,1.115526",,,0.531989,4.596478,3.804188,0.928027
1280,119108,114.0,117.26,,2.962894823551178,53.91389441490173,81,,"0.634159,0.717877,0.772890,1.116149",,,0.529995,4.606652,4.692698,0.818441
1281,119203,95.0,116.75,,2.962894823551178,53.91389441490173,81,,"0.634159,0.717877,0.772890,1.116149",,,0.529995,4.606652,4.692698,0.818441
1282,119299,96.0,116.38,,2.962894823551178,53.91389441490173,81,,"0.634159,0.717877,0.772890,1.116149",,,0.529995,4.606652,4.692698,0.818441
1283,119403,104.0,115.87,,2.962894823551178,53.91389441490173,81,,"0.634159,0.717877,0.772890,1.116149",,,0.529995,4.606652,4.692698,0.818441
1284,119507,104.0,115.78,,2.962894823551178,53.91389441490173,81,,"0.634159,0.717877,0.772890,1.116149",,,0.529995,4.606652,4.692698,0.818441
1285,119622,115.0,115.61,,2.962894823551178,53.91389441490173,81,,"0.634159,0.717877,0.772890,1.116149",,,0.529995,4.606652,4.692698,0.818441
1286,119709,87.0,114.77,,2.962894823551178,53.91389441490173,81,,"0.634159,0.717877,0.772890,1.116149",,,0.529995,4.606652,4.692698,0.818441
1287,119835,126.0,114.84,,2.962894823551178,53.91389441490173,81,,"0.634159,0.717877,0.772890,1.116149",,,0.529995,4.606652,4.692698,0.818441
1288,119944,109.0,114.44,,2.962894823551178,53.91389441490173,81,,"0.634159,0.717877,0.772890,1.116149",,,0.529995,4.606652,4.692698,0.818441
1289,120062,118.0,114.36,,2.962894823551178,53.91389441490173,81,,"0.634159,0.717877,0.772890,1.116149",,,0.529995,4.606652,4.692698,0.818441
1290,120171,109.0,114.39,,2.962894823551178,53.91389441490173,81,,"0.634159,0.717877,0.772890,1.116149",,,0.529995,4.606652,4.692698,0.818441
1291,120259,88.0,114.06,,2.962894823551178,53.91389441490173,81,,"0.634159,0.717877,0.772890,1.116149",,,0.529995,4.606652,4.692698,0.818441
1292,120361,102.0,113.92,,2.962894823551178,53.91389441490173,81,,"0.634159,0.717877,0.772890,1.116149",,,0.529995,4.606652,4.692698,0.818441
1293,120435,74.0,113.55,,2.962894823551178,53.91389441490173,81,,"0.634159,0.717877,0.772890,1.116149",,,0.529995,4.606652,4.692698,0.818441
1294,120541,106.0,113.3,,2.962894823551178,53.91489505767822,81,,"0.634159,0.717877,0.772890,1.116149",,,0.529995,4.606652,4.692698,0.818441
1295,120670,129.0,113.19,,2.962894823551178,53.91489505767822,81,,"0.634159,0.717877,0.772890,1.116149",,,0.529995,4.606652,4.692698,0.818441
1296,120788,118.0,112.79,,2.926223361492157,54.56170082092285,82,,"0.631370,0.717489,0.771271,1.117103",,,0.527070,4.620941,5.213192,0.815752
1297,120905,117.0,112.58,,2.926223361492157,54.56170082092285,82,,"0.631370,0.717489,0.771271,1.117103",,,0.527070,4.620941,5.213192,0.815752
1298,120962,57.0,112.08,,2.926223361492157,54.56170082092285,82,,"0.631370,0.717489,0.771271,1.117103",,,0.527070,4.620941,5.213192,0.815752
1299,121095,133.0,112.17,,2.926223361492157,54.56170082092285,82,,"0.631370,0.717489,0.771271,1.117103",123.4,7.863841300534999,0.527070,4.620941,5.213192,0.815752
1300,121205,110.0,112.3,,2.926223361492157,54.562724113464355,82,,"0.631370,0.717489,0.771271,1.117103",,,0.527070,4.620941,5.213192,0.815752
1301,121300,95.0,111.91,,2.926223361492157,54.562724113464355,82,,"0.631370,0.717489,0.771271,1.117103",,,0.527070,4.620941,5.213192,0.815752
1302,121420,120.0,112.28,,2.926223361492157,54.562724113464355,82,,"0.631370,0.717489,0.771271,1.117103",,,0.527070,4.620941,5.213192,0.815752
1303,121521,101.0,112.08,,2.926223361492157,54.562724113464355,82,,"0.631370,0.717489,0.771271,1.117103",,,0.527070,4.620941,5.213192,0.815752
1304,121631,110.0,111.9,,2.926223361492157,54.562724113464355,82,,"0.631370,0.717489,0.771271,1.117103",,,0.527070,4.620941,5.213192,0.815752
1305,121679,48.0,110.98,,2.926223361492157,54.562724113464355,82,,"0.631370,0.717489,0.771271,1.117103",,,0.527070,4.620941,5.213192,0.815752
1306,121801,122.0,111.16,,2.926223361492157,54.562724113464355,82,,"0.631370,0.717489,0.771271,1.117103",,,0.527070,4.620941,5.213192,0.815752
1307,121916,115.0,111.09,,2.926223361492157,54.562724113464355,82,,"0.631370,0.717489,0.771271,1.117103",,,0.527070,4.620941,5.213192,0.815752
1308,122040,124.0,111.19,,2.926223361492157,54.562724113464355,82,,"0.631370,0.717489,0.771271,1.117103",,,0.527070,4.620941,5.213192,0.815752
1309,122173,133.0,111.28,,2.926223361492157,54.562724113464355,82,,"0.631370,0.717489,0.771271,1.117103",,,0.527070,4.620941,5.213192,0.815752
1310,122286,113.0,111.24,,2.926223361492157,54.562724113464355,82,,"0.631370,0.717489,0.771271,1.117103",,,0.527070,4.620941,5.213192,0.815752
1311,122401,115.0,110.92,,2.926223361492157,54.562724113464355,82,,"0.631370,0.717489,0.771271,1.117103",,,0.527070,4.620941,5.213192,0.815752
1312,122517,116.0,110.82,,2.893305547237396,55.23227119445801,83,,"0.628618,0.717108,0.770172,1.117908",,,0.525473,4.634331,5.120578,0.876742
1313,122628,111.0,110.76,,2.893305547237396,55.23227119445801,83,,"0.628618,0.717108,0.770172,1.117908",,,0.525473,4.634331,5.120578,0.876742
1314,122756,128.0,110.91,,2.893305547237396,55.23227119445801,83,,"0.628618,0.717108,0.770172,1.117908",,,0.525473,4.634331,5.120578,0.876742
1315,122868,112.0,110.76,,2.893305547237396,55.23227119445801,83,,"0.628618,0.717108,0.770172,1.117908",,,0.525473,4.634331,5.120578,0.876742
1316,122925,57.0,109.94,,2.893305547237396,55.23227119445801,83,,"0.628618,0.717108,0.770172,1.117908",,,0.525473,4.634331,5.120578,0.876742
1317,123048,123.0,110.01,,2.893305547237396,55.23227119445801,83,,"0.628618,0.717108,0.770172,1.117908",,,0.525473,4.634331,5.120578,0.876742
1318,123131,83.0,109.7,,2.893305547237396,55.23227119445801,83,,"0.628618,0.717108,0.770172,1.117908",,,0.525473,4.634331,5.120578,0.876742
1319,123234,103.0,109.58,,2.893305547237396,55.23227119445801,83,,"0.628618,0.717108,0.770172,1.117908",,,0.525473,4.634331,5.120578,0.876742
1320,123350,116.0,109.54,,2.893305547237396,55.2338080406189,83,,"0.628618,0.717108,0.770172,1.117908",,,0.525473,4.634331,5.120578,0.876742
1321,123457,107.0,109.42,,2.893305547237396,55.2338080406189,83,,"0.628618,0.717108,0.770172,1.117908",,,0.525473,4.634331,5.120578,0.876742
1322,123600,143.0,109.8,,2.893305547237396,55.2338080406189,83,,"0.628618,0.717108,0.770172,1.117908",,,0.525473,4.634331,5.120578,0.876742
1323,123734,134.0,110.08,,2.893305547237396,55.2338080406189,83,,"0.628618,0.717108,0.770172,1.117908",,,0.525473,4.634331,5.120578,0.876742
1324,123850,116.0,110.13,,2.893305547237396,55.2338080406189,83,,"0.628618,0.717108,0.770172,1.117908",,,0.525473,4.634331,5.120578,0.876742
1325,123989,139.0,110.34,,2.893305547237396,55.2338080406189,83,,"0.628618,0.717108,0.770172,1.117908",,,0.525473,4.634331,5.120578,0.876742
1326,124122,133.0,110.38,,2.893305547237396,55.2338080406189,83,,"0.628618,0.717108,0.770172,1.117908",,,0.525473,4.634331,5.120578,0.876742
1327,124226,104.0,110.15,,2.893305547237396,55.2338080406189,83,,"0.628618,0.717108,0.770172,1.117908",,,0.525473,4.634331,5.120578,0.876742
1328,124327,101.0,110.02,,2.8483981680870056,56.01394295692444,84,,"0.624425,0.716025,0.769186,1.118479",,,0.532664,4.647629,5.442649,0.900789
1329,124392,65.0,109.62,,2.8483981680870056,56.01394295692444,84,,"0.624425,0.716025,0.769186,1.118479",,,0.532664,4.647629,5.442649,0.900789
1330,124509,117.0,109.56,,2.8483981680870056,56.01394295692444,84,,"0.624425,0.716025,0.769186,1.118479",,,0.532664,4.647629,5.442649,0.900789
1331,124613,104.0,109.42,,2.8483981680870056,56.01394295692444,84,,"0.624425,0.716025,0.769186,1.118479",,,0.532664,4.647629,5.442649,0.900789
1332,124738,125.0,109.49,,2.8483981680870056,56.01394295692444,84,,"0.624425,0.716025,0.769186,1.118479",,,0.532664,4.647629,5.442649,0.900789
1333,124840,102.0,109.3,,2.8483981680870056,56.01394295692444,84,,"0.624425,0.716025,0.769186,1.118479",,,0.532664,4.647629,5.442649,0.900789
1334,125009,169.0,109.74,,2.8483981680870056,56.01394295692444,84,,"0.624425,0.716025,0.769186,1.118479",,,0.532664,4.647629,5.442649,0.900789
1335,125125,116.0,109.85,,2.8483981680870056,56.01394295692444,84,,"0.624425,0.716025,0.769186,1.118479",,,0.532664,4.647629,5.442649,0.900789
1336,125231,106.0,109.64,,2.8483981680870056,56.01394295692444,84,,"0.624425,0.716025,0.769186,1.118479",,,0.532664,4.647629,5.442649,0.900789
1337,125351,120.0,109.74,,2.8483981680870056,56.01394295692444,84,,"0.624425,0.716025,0.769186,1.118479",,,0.532664,4.647629,5.442649,0.900789
1338,125458,107.0,109.32,,2.8483981680870056,56.01394295692444,84,,"0.624425,0.716025,0.769186,1.118479",,,0.532664,4.647629,5.442649,0.900789
1339,125561,103.0,109.15,,2.8483981680870056,56.01394295692444,84,,"0.624425,0.716025,0.769186,1.118479",,,0.532664,4.647629,5.442649,0.900789
1340,125682,121.0,109.2,,2.8483981680870056,56.01394295692444,84,,"0.624425,0.716025,0.769186,1.118479",,,0.532664,4.647629,5.442649,0.900789
1341,125792,110.0,109.57,,2.8483981680870056,56.01445937156677,84,,"0.624425,0.716025,0.769186,1.118479",,,0.532664,4.647629,5.442649,0.900789
1342,125919,127.0,109.74,,2.8483981680870056,56.01445937156677,84,,"0.624425,0.716025,0.769186,1.118479",,,0.532664,4.647629,5.442649,0.900789
1343,126049,130.0,109.97,,2.8483981680870056,56.01445937156677,84,,"0.624425,0.716025,0.769186,1.118479",,,0.532664,4.647629,5.442649,0.900789
1344,126137,88.0,109.76,,2.8258395409584045,56.761722803115845,85,,"0.620777,0.714768,0.768621,1.119195",,,0.522345,4.661826,5.363014,0.898646
1345,126242,105.0,109.78,,2.8258395409584045,56.761722803115845,85,,"0.620777,0.714768,0.768621,1.119195",,,0.522345,4.661826,5.363014,0.898646
1346,126354,112.0,109.42,,2.8258395409584045,56.761722803115845,85,,"0.620777,0.714768,0.768621,1.119195",,,0.522345,4.661826,5.363014,0.898646
1347,126459,105.0,109.37,,2.8258395409584045,56.761722803115845,85,,"0.620777,0.714768,0.768621,1.119195",,,0.522345,4.661826,5.363014,0.898646
1348,126576,117.0,109.41,,2.8258395409584045,56.761722803115845,85,,"0.620777,0.714768,0.768621,1.119195",,,0.522345,4.661826,5.363014,0.898646
1349,126692,116.0,109.29,,2.8258395409584045,56.762725591659546,85,,"0.620777,0.714768,0.768621,1.119195",122.4,9.457272334029511,0.522345,4.661826,5.363014,0.898646
1350,126798,106.0,109.3,,2.8258395409584045,56.762725591659546,85,,"0.620777,0.714768,0.768621,1.119195",,,0.522345,4.661826,5.363014,0.898646
1351,126921,123.0,110.2,,2.8258395409584045,56.762725591659546,85,,"0.620777,0.714768,0.768621,1.119195",,,0.522345,4.661826,5.363014,0.898646
1352,126998,77.0,109.92,,2.8258395409584045,56.762725591659546,85,,"0.620777,0.714768,0.768621,1.119195",,,0.522345,4.661826,5.363014,0.898646
1353,127177,179.0,110.63,,2.8258395409584045,56.762725591659546,85,,"0.620777,0.714768,0.768621,1.119195",,,0.522345,4.661826,5.363014,0.898646
1354,127297,120.0,110.69,,2.8258395409584045,56.762725591659546,85,,"0.620777,0.714768,0.768621,1.119195",,,0.522345,4.661826,5.363014,0.898646
1355,127413,116.0,110.72,,2.8258395409584045,56.762725591659546,85,,"0.620777,0.714768,0.768621,1.119195",,,0.522345,4.661826,5.363014,0.898646
1356,127515,102.0,110.6,,2.8258395409584045,56.76325440406799,85,,"0.620777,0.714768,0.768621,1.119195",,,0.522345,4.661826,5.363014,0.898646
1357,127631,116.0,110.72,,2.8258395409584045,56.76325440406799,85,,"0.620777,0.714768,0.768621,1.119195",,,0.522345,4.661826,5.363014,0.898646
1358,127745,114.0,110.68,,2.8258395409584045,56.76325440406799,85,,"0.620777,0.714768,0.768621,1.119195",,,0.522345,4.661826,5.363014,0.898646
1359,127850,105.0,110.62,,2.8258395409584045,56.76325440406799,85,,"0.620777,0.714768,0.768621,1.119195",,,0.522345,4.661826,5.363014,0.898646
1360,127956,106.0,111.08,,2.8131295609474183,57.47232484817505,86,,"0.616684,0.713347,0.768022,1.119371",,,0.532925,4.675401,6.127855,0.755756
1361,128054,98.0,110.93,,2.8131295609474183,57.47332525253296,86,,"0.616684,0.713347,0.768022,1.119371",,,0.532925,4.675401,6.127855,0.755756
1362,128212,158.0,111.37,,2.8131295609474183,57.47332525253296,86,,"0.616684,0.713347,0.768022,1.119371",,,0.532925,4.675401,6.127855,0.755756
1363,128319,107.0,111.32,,2.8131295609474183,57.47332525253296,86,,"0.616684,0.713347,0.768022,1.119371",,,0.532925,4.675401,6.127855,0.755756
1364,128442,123.0,111.38,,2.8131295609474183,57.47332525253296,86,,"0.616684,0.713347,0.768022,1.119371",,,0.532925,4.675401,6.127855,0.755756
1365,128563,121.0,111.1,,2.8131295609474183,57.47332525253296,86,,"0.616684,0.713347,0.768022,1.119371",,,0.532925,4.675401,6.127855,0.755756
1366,128671,108.0,110.98,,2.8131295609474183,57.47332525253296,86,,"0.616684,0.713347,0.768022,1.119371",,,0.532925,4.675401,6.127855,0.755756
1367,128778,107.0,110.95,,2.8131295609474183,57.47332525253296,86,,"0.616684,0.713347,0.768022,1.119371",,,0.532925,4.675401,6.127855,0.755756
1368,128878,100.0,110.79,,2.8131295609474183,57.47332525253296,86,,"0.616684,0.713347,0.768022,1.119371",,,0.532925,4.675401,6.127855,0.755756
1369,128949,71.0,110.32,,2.8131295609474183,57.47332525253296,86,,"0.616684,0.713347,0.768022,1.119371",,,0.532925,4.675401,6.127855,0.755756
1370,129000,51.0,109.75,,2.8131295609474183,57.47332525253296,86,,"0.616684,0.713347,0.768022,1.119371",,,0.532925,4.675401,6.127855,0.755756
1371,129119,119.0,109.66,,2.8131295609474183,57.47332525253296,86,,"0.616684,0.713347,0.768022,1.119371",,,0.532925,4.675401,6.127855,0.755756
1372,129245,126.0,109.73,,2.8131295609474183,57.47332525253296,86,,"0.616684,0.713347,0.768022,1.119371",,,0.532925,4.675401,6.127855,0.755756
1373,129354,109.0,109.83,,2.8131295609474183,57.47332525253296,86,,"0.616684,0.713347,0.768022,1.119371",,,0.532925,4.675401,6.127855,0.755756
1374,129475,121.0,109.97,,2.8131295609474183,57.47332525253296,86,,"0.616684,0.713347,0.768022,1.119371",,,0.532925,4.675401,6.127855,0.755756
1375,129598,123.0,110.47,,2.8131295609474183,57.47332525253296,86,,"0.616684,0.713347,0.768022,1.119371",,,0.532925,4.675401,6.127855,0.755756
1376,129648,50.0,109.83,,2.792601044178009,58.17094898223877,87,,"0.613097,0.712293,0.767597,1.119745",,,0.526439,4.687627,5.745423,0.892480
1377,129770,122.0,110.08,,2.792601044178009,58.17094898223877,87,,"0.613097,0.712293,0.767597,1.119745",,,0.526439,4.687627,5.745423,0.892480
1378,129891,121.0,110.07,,2.792601044178009,58.17094898223877,87,,"0.613097,0.712293,0.767597,1.119745",,,0.526439,4.687627,5.745423,0.892480
1379,129993,102.0,109.99,,2.792601044178009,58.17094898223877,87,,"0.613097,0.712293,0.767597,1.119745",,,0.526439,4.687627,5.745423,0.892480
1380,130114,121.0,110.06,,2.792601044178009,58.17094898223877,87,,"0.613097,0.712293,0.767597,1.119745",,,0.526439,4.687627,5.745423,0.892480
1381,130230,116.0,110.27,,2.792601044178009,58.17094898223877,87,,"0.613097,0.712293,0.767597,1.119745",,,0.526439,4.687627,5.745423,0.892480
1382,130340,110.0,110.41,,2.792601044178009,58.17094898223877,87,,"0.613097,0.712293,0.767597,1.119745",,,0.526439,4.687627,5.745423,0.892480
1383,130499,159.0,110.96,,2.792601044178009,58.17094898223877,87,,"0.613097,0.712293,0.767597,1.119745",,,0.526439,4.687627,5.745423,0.892480
1384,130620,121.0,111.13,,2.792601044178009,58.17094898223877,87,,"0.613097,0.712293,0.767597,1.119745",,,0.526439,4.687627,5.745423,0.892480
1385,130738,118.0,111.16,,2.792601044178009,58.17094898223877,87,,"0.613097,0.712293,0.767597,1.119745",,,0.526439,4.687627,5.745423,0.892480
1386,130859,121.0,111.5,,2.792601044178009,58.17094898223877,87,,"0.613097,0.712293,0.767597,1.119745",,,0.526439,4.687627,5.745423,0.892480
1387,130981,122.0,111.46,,2.792601044178009,58.17094898223877,87,,"0.613097,0.712293,0.767597,1.119745",,,0.526439,4.687627,5.745423,0.892480
1388,131091,110.0,111.47,,2.792601044178009,58.17094898223877,87,,"0.613097,0.712293,0.767597,1.119745",,,0.526439,4.687627,5.745423,0.892480
1389,131194,103.0,111.32,,2.792601044178009,58.17094898223877,87,,"0.613097,0.712293,0.767597,1.119745",,,0.526439,4.687627,5.745423,0.892480
1390,131315,121.0,111.44,,2.792601044178009,58.17094898223877,87,,"0.613097,0.712293,0.767597,1.119745",,,0.526439,4.687627,5.745423,0.892480
1391,131417,102.0,111.58,,2.792601044178009,58.17094898223877,87,,"0.613097,0.712293,0.767597,1.119745",,,0.526439,4.687627,5.745423,0.892480
1392,131509,92.0,111.48,,2.7746495270729064,58.791160345077515,88,,"0.608987,0.710873,0.767784,1.119921",,,0.522162,4.699591,5.731763,0.866832
1393,131636,127.0,112.01,,2.7746495270729064,58.791160345077515,88,,"0.608987,0.710873,0.767784,1.119921",,,0.522162,4.699591,5.731763,0.866832
1394,131742,106.0,112.01,,2.7746495270729064,58.791160345077515,88,,"0.608987,0.710873,0.767784,1.119921",,,0.522162,4.699591,5.731763,0.866832
1395,131870,128.0,112.0,,2.7746495270729064,58.791160345077515,88,,"0.608987,0.710873,0.767784,1.119921",,,0.522162,4.699591,5.731763,0.866832
1396,131983,113.0,111.95,,2.7746495270729064,58.791160345077515,88,,"0.608987,0.710873,0.767784,1.119921",,,0.522162,4.699591,5.731763,0.866832
1397,132089,106.0,111.84,,2.7746495270729064,58.791160345077515,88,,"0.608987,0.710873,0.767784,1.119921",,,0.522162,4.699591,5.731763,0.866832
1398,132210,121.0,112.48,,2.7746495270729064,58.79216289520264,88,,"0.608987,0.710873,0.767784,1.119921",,,0.522162,4.699591,5.731763,0.866832
1399,132339,129.0,112.44,,2.7746495270729064,58.79216289520264,88,,"0.608987,0.710873,0.767784,1.119921",124.0,10.545141061171254,0.522162,4.699591,5.731763,0.866832
1400,132401,62.0,111.96,,2.7746495270729064,58.79216289520264,88,,"0.608987,0.710873,0.767784,1.119921",,,0.522162,4.699591,5.731763,0.866832
1401,132519,118.0,112.19,,2.7746495270729064,58.79216289520264,88,,"0.608987,0.710873,0.767784,1.119921",,,0.522162,4.699591,5.731763,0.866832
1402,132632,113.0,112.12,,2.7746495270729064,58.79216289520264,88,,"0.608987,0.710873,0.767784,1.119921",,,0.522162,4.699591,5.731763,0.866832
1403,132738,106.0,112.17,,2.7746495270729064,58.79216289520264,88,,"0.608987,0.710873,0.767784,1.119921",,,0.522162,4.699591,5.731763,0.866832
1404,132843,105.0,112.12,,2.7746495270729064,58.79216289520264,88,,"0.608987,0.710873,0.767784,1.119921",,,0.522162,4.699591,5.731763,0.866832
1405,132960,117.0,112.81,,2.7746495270729064,58.79216289520264,88,,"0.608987,0.710873,0.767784,1.119921",,,0.522162,4.699591,5.731763,0.866832
1406,133043,83.0,112.42,,2.7746495270729064,58.79216289520264,88,,"0.608987,0.710873,0.767784,1.119921",,,0.522162,4.699591,5.731763,0.866832
1407,133156,113.0,112.4,,2.7746495270729064,58.79216289520264,88,,"0.608987,0.710873,0.767784,1.119921",,,0.522162,4.699591,5.731763,0.866832
1408,133251,95.0,112.11,,2.75768239736557,59.45205521583557,89,,"0.605330,0.709360,0.768322,1.120173",,,0.519663,4.711029,5.525269,0.881527
1409,133378,127.0,112.05,,2.75768239736557,59.45205521583557,89,,"0.605330,0.709360,0.768322,1.120173",,,0.519663,4.711029,5.525269,0.881527
1410,133474,96.0,111.88,,2.75768239736557,59.45205521583557,89,,"0.605330,0.709360,0.768322,1.120173",,,0.519663,4.711029,5.525269,0.881527
1411,133563,89.0,111.62,,2.75768239736557,59.45205521583557,89,,"0.605330,0.709360,0.768322,1.120173",,,0.519663,4.711029,5.525269,0.881527
1412,133667,104.0,111.5,,2.75768239736557,59.45205521583557,89,,"0.605330,0.709360,0.768322,1.120173",,,0.519663,4.711029,5.525269,0.881527
1413,133782,115.0,111.54,,2.75768239736557,59.45205521583557,89,,"0.605330,0.709360,0.768322,1.120173",,,0.519663,4.711029,5.525269,0.881527
1414,133912,130.0,111.56,,2.75768239736557,59.45205521583557,89,,"0.605330,0.709360,0.768322,1.120173",,,0.519663,4.711029,5.525269,0.881527
1415,134024,112.0,111.56,,2.75768239736557,59.45205521583557,89,,"0.605330,0.709360,0.768322,1.120173",,,0.519663,4.711029,5.525269,0.881527
1416,134136,112.0,112.11,,2.75768239736557,59.45205521583557,89,,"0.605330,0.709360,0.768322,1.120173",,,0.519663,4.711029,5.525269,0.881527
1417,134231,95.0,111.83,,2.75768239736557,59.45205521583557,89,,"0.605330,0.709360,0.768322,1.120173",,,0.519663,4.711029,5.525269,0.881527
1418,134340,109.0,112.09,,2.75768239736557,59.45205521583557,89,,"0.605330,0.709360,0.768322,1.120173",,,0.519663,4.711029,5.525269,0.881527
1419,134456,116.0,112.22,,2.75768239736557,59.45205521583557,89,,"0.605330,0.709360,0.768322,1.120173",,,0.519663,4.711029,5.525269,0.881527
1420,134568,112.0,112.18,,2.75768239736557,59.45205521583557,89,,"0.605330,0.709360,0.768322,1.120173",,,0.519663,4.711029,5.525269,0.881527
1421,134698,130.0,112.41,,2.75768239736557,59.45205521583557,89,,"0.605330,0.709360,0.768322,1.120173",,,0.519663,4.711029,5.525269,0.881527
1422,134781,83.0,111.81,,2.75768239736557,59.45306205749512,89,,"0.605330,0.709360,0.768322,1.120173",,,0.519663,4.711029,5.525269,0.881527
1423,134894,113.0,111.6,,2.75768239736557,59.45306205749512,89,,"0.605330,0.709360,0.768322,1.120173",,,0.519663,4.711029,5.525269,0.881527
1424,135002,108.0,111.52,,2.735904538631439,60.05748510360718,90,,"0.601963,0.707286,0.770362,1.120510",,,0.513509,4.723958,4.857051,0.826795
1425,135102,100.0,111.13,,2.735904538631439,60.05748510360718,90,,"0.601963,0.707286,0.770362,1.120510",,,0.513509,4.723958,4.857051,0.826795
1426,135210,108.0,110.88,,2.735904538631439,60.05748510360718,90,,"0.601963,0.707286,0.770362,1.120510",,,0.513509,4.723958,4.857051,0.826795
1427,135319,109.0,110.93,,2.735904538631439,60.05748510360718,90,,"0.601963,0.707286,0.770362,1.120510",,,0.513509,4.723958,4.857051,0.826795
1428,135411,92.0,110.84,,2.735904538631439,60.05748510360718,90,,"0.601963,0.707286,0.770362,1.120510",,,0.513509,4.723958,4.857051,0.826795
1429,135533,122.0,111.41,,2.735904538631439,60.05748510360718,90,,"0.601963,0.707286,0.770362,1.120510",,,0.513509,4.723958,4.857051,0.826795
1430,135655,122.0,111.46,,2.735904538631439,60.05748510360718,90,,"0.601963,0.707286,0.770362,1.120510",,,0.513509,4.723958,4.857051,0.826795
1431,135707,52.0,110.94,,2.735904538631439,60.05748510360718,90,,"0.601963,0.707286,0.770362,1.120510",,,0.513509,4.723958,4.857051,0.826795
1432,135758,51.0,110.2,,2.735904538631439,60.05748510360718,90,,"0.601963,0.707286,0.770362,1.120510",,,0.513509,4.723958,4.857051,0.826795
1433,135848,90.0,110.08,,2.735904538631439,60.05748510360718,90,,"0.601963,0.707286,0.770362,1.120510",,,0.513509,4.723958,4.857051,0.826795
1434,135925,77.0,109.16,,2.735904538631439,60.05748510360718,90,,"0.601963,0.707286,0.770362,1.120510",,,0.513509,4.723958,4.857051,0.826795
1435,136042,117.0,109.17,,2.735904538631439,60.05748510360718,90,,"0.601963,0.707286,0.770362,1.120510",,,0.513509,4.723958,4.857051,0.826795
1436,136150,108.0,109.19,,2.735904538631439,60.05748510360718,90,,"0.601963,0.707286,0.770362,1.120510",,,0.513509,4.723958,4.857051,0.826795
1437,136256,106.0,109.05,,2.735904538631439,60.058491945266724,90,,"0.601963,0.707286,0.770362,1.120510",,,0.513509,4.723958,4.857051,0.826795
1438,136373,117.0,109.15,,2.735904538631439,60.058491945266724,90,,"0.601963,0.707286,0.770362,1.120510",,,0.513509,4.723958,4.857051,0.826795
1439,136481,108.0,109.2,,2.735904538631439,60.058491945266724,90,,"0.601963,0.707286,0.770362,1.120510",,,0.513509,4.723958,4.857051,0.826795
1440,136584,103.0,109.02,,2.7208004069328307,60.78337240219116,91,,"0.598605,0.705019,0.772541,1.120937",,,0.513638,4.736735,5.088680,0.744806
1441,136694,110.0,109.02,,2.7208004069328307,60.78337240219116,91,,"0.598605,0.705019,0.772541,1.120937",,,0.513638,4.736735,5.088680,0.744806
1442,136738,44.0,108.19,,2.7208004069328307,60.78337240219116,91,,"0.598605,0.705019,0.772541,1.120937",,,0.513638,4.736735,5.088680,0.744806
1443,136817,79.0,107.68,,2.7208004069328307,60.78337240219116,91,,"0.598605,0.705019,0.772541,1.120937",,,0.513638,4.736735,5.088680,0.744806
1444,136940,123.0,108.03,,2.7208004069328307,60.78337240219116,91,,"0.598605,0.705019,0.772541,1.120937",,,0.513638,4.736735,5.088680,0.744806
1445,137013,73.0,107.71,,2.7208004069328307,60.78337240219116,91,,"0.598605,0.705019,0.772541,1.120937",,,0.513638,4.736735,5.088680,0.744806
1446,137174,161.0,108.2,,2.7208004069328307,60.78337240219116,91,,"0.598605,0.705019,0.772541,1.120937",,,0.513638,4.736735,5.088680,0.744806
1447,137275,101.0,108.16,,2.7208004069328307,60.78337240219116,91,,"0.598605,0.705019,0.772541,1.120937",,,0.513638,4.736735,5.088680,0.744806
1448,137373,98.0,107.97,,2.7208004069328307,60.78337240219116,91,,"0.598605,0.705019,0.772541,1.120937",,,0.513638,4.736735,5.088680,0.744806
1449,137478,105.0,107.86,,2.7208004069328307,60.78337240219116,91,,"0.598605,0.705019,0.772541,1.120937",126.2,13.46699669562594,0.513638,4.736735,5.088680,0.744806
1450,137601,123.0,108.03,,2.7208004069328307,60.78434705734253,91,,"0.598605,0.705019,0.772541,1.120937",,,0.513638,4.736735,5.088680,0.744806
1451,137736,135.0,108.15,,2.7208004069328307,60.78434705734253,91,,"0.598605,0.705019,0.772541,1.120937",,,0.513638,4.736735,5.088680,0.744806
1452,137854,118.0,108.56,,2.7208004069328307,60.78434705734253,91,,"0.598605,0.705019,0.772541,1.120937",,,0.513638,4.736735,5.088680,0.744806
1453,137983,129.0,108.06,,2.7208004069328307,60.78434705734253,91,,"0.598605,0.705019,0.772541,1.120937",,,0.513638,4.736735,5.088680,0.744806
1454,138079,96.0,107.82,,2.7208004069328307,60.78434705734253,91,,"0.598605,0.705019,0.772541,1.120937",,,0.513638,4.736735,5.088680,0.744806
1455,138165,86.0,107.52,,2.7208004069328307,60.78434705734253,91,,"0.598605,0.705019,0.772541,1.120937",,,0.513638,4.736735,5.088680,0.744806
1456,138281,116.0,107.66,,2.694512360095978,61.45892882347107,92,,"0.594456,0.702877,0.774336,1.121177",,,0.515586,4.748055,4.054454,0.910074
1457,138416,135.0,107.85,,2.694512360095978,61.45892882347107,92,,"0.594456,0.702877,0.774336,1.121177",,,0.515586,4.748055,4.054454,0.910074
1458,138525,109.0,107.8,,2.694512360095978,61.45892882347107,92,,"0.594456,0.702877,0.774336,1.121177",,,0.515586,4.748055,4.054454,0.910074
1459,138640,115.0,107.9,,2.694512360095978,61.45892882347107,92,,"0.594456,0.702877,0.774336,1.121177",,,0.515586,4.748055,4.054454,0.910074
1460,138753,113.0,107.97,,2.694512360095978,61.45892882347107,92,,"0.594456,0.702877,0.774336,1.121177",,,0.515586,4.748055,4.054454,0.910074
1461,138878,125.0,108.24,,2.694512360095978,61.45892882347107,92,,"0.594456,0.702877,0.774336,1.121177",,,0.515586,4.748055,4.054454,0.910074
1462,139009,131.0,107.97,,2.694512360095978,61.45892882347107,92,,"0.594456,0.702877,0.774336,1.121177",,,0.515586,4.748055,4.054454,0.910074
1463,139124,115.0,108.05,,2.694512360095978,61.45892882347107,92,,"0.594456,0.702877,0.774336,1.121177",,,0.515586,4.748055,4.054454,0.910074
1464,139243,119.0,108.01,,2.694512360095978,61.45892882347107,92,,"0.594456,0.702877,0.774336,1.121177",,,0.515586,4.748055,4.054454,0.910074
1465,139377,134.0,108.14,,2.694512360095978,61.45892882347107,92,,"0.594456,0.702877,0.774336,1.121177",,,0.515586,4.748055,4.054454,0.910074
1466,139507,130.0,108.36,,2.694512360095978,61.45892882347107,92,,"0.594456,0.702877,0.774336,1.121177",,,0.515586,4.748055,4.054454,0.910074
1467,139625,118.0,108.47,,2.694512360095978,61.45892882347107,92,,"0.594456,0.702877,0.774336,1.121177",,,0.515586,4.748055,4.054454,0.910074
1468,139759,134.0,108.81,,2.694512360095978,61.45892882347107,92,,"0.594456,0.702877,0.774336,1.121177",,,0.515586,4.748055,4.054454,0.910074
1469,139879,120.0,109.3,,2.694512360095978,61.45892882347107,92,,"0.594456,0.702877,0.774336,1.121177",,,0.515586,4.748055,4.054454,0.910074
1470,139983,104.0,109.83,,2.694512360095978,61.45892882347107,92,,"0.594456,0.702877,0.774336,1.121177",,,0.515586,4.748055,4.054454,0.910074
1471,140085,102.0,109.66,,2.694512360095978,61.45892882347107,92,,"0.594456,0.702877,0.774336,1.121177",,,0.515586,4.748055,4.054454,0.910074
1472,140183,98.0,109.38,,2.663823890686035,62.2200710773468,93,,"0.589899,0.701011,0.775681,1.121213",,,0.519712,4.757802,3.921251,0.905079
1473,140307,124.0,109.53,,2.663823890686035,62.2200710773468,93,,"0.589899,0.701011,0.775681,1.121213",,,0.519712,4.757802,3.921251,0.905079
1474,140453,146.0,109.78,,2.663823890686035,62.22107529640198,93,,"0.589899,0.701011,0.775681,1.121213",,,0.519712,4.757802,3.921251,0.905079
1475,140561,108.0,109.63,,2.663823890686035,62.22107529640198,93,,"0.589899,0.701011,0.775681,1.121213",,,0.519712,4.757802,3.921251,0.905079
1476,140663,102.0,110.15,,2.663823890686035,62.22107529640198,93,,"0.589899,0.701011,0.775681,1.121213",,,0.519712,4.757802,3.921251,0.905079
1477,140785,122.0,110.15,,2.663823890686035,62.22107529640198,93,,"0.589899,0.701011,0.775681,1.121213",,,0.519712,4.757802,3.921251,0.905079
1478,140889,104.0,109.98,,2.663823890686035,62.22107529640198,93,,"0.589899,0.701011,0.775681,1.121213",,,0.519712,4.757802,3.921251,0.905079
1479,141030,141.0,110.37,,2.663823890686035,62.22107529640198,93,,"0.589899,0.701011,0.775681,1.121213",,,0.519712,4.757802,3.921251,0.905079
1480,141185,155.0,110.71,,2.663823890686035,62.22107529640198,93,,"0.589899,0.701011,0.775681,1.121213",,,0.519712,4.757802,3.921251,0.905079
1481,141312,127.0,110.82,,2.663823890686035,62.22107529640198,93,,"0.589899,0.701011,0.775681,1.121213",,,0.519712,4.757802,3.921251,0.905079
1482,141442,130.0,111.02,,2.663823890686035,62.22107529640198,93,,"0.589899,0.701011,0.775681,1.121213",,,0.519712,4.757802,3.921251,0.905079
1483,141553,111.0,110.54,,2.663823890686035,62.22107529640198,93,,"0.589899,0.701011,0.775681,1.121213",,,0.519712,4.757802,3.921251,0.905079
1484,141664,111.0,110.44,,2.663823890686035,62.22107529640198,93,,"0.589899,0.701011,0.775681,1.121213",,,0.519712,4.757802,3.921251,0.905079
1485,141778,114.0,110.4,,2.663823890686035,62.22107529640198,93,,"0.589899,0.701011,0.775681,1.121213",,,0.519712,4.757802,3.921251,0.905079
1486,141890,112.0,110.31,,2.663823890686035,62.22107529640198,93,,"0.589899,0.701011,0.775681,1.121213",,,0.519712,4.757802,3.921251,0.905079
1487,142027,137.0,110.46,,2.663823890686035,62.22107529640198,93,,"0.589899,0.701011,0.775681,1.121213",,,0.519712,4.757802,3.921251,0.905079
1488,142167,140.0,110.76,,2.6476327204704284,62.97298002243042,94,,"0.584873,0.699428,0.776590,1.121436",,,0.511734,4.767767,3.862316,0.889722
1489,142301,134.0,111.07,,2.6476327204704284,62.97298002243042,94,,"0.584873,0.699428,0.776590,1.121436",,,0.511734,4.767767,3.862316,0.889722
1490,142445,144.0,111.3,,2.6476327204704284,62.97298002243042,94,,"0.584873,0.699428,0.776590,1.121436",,,0.511734,4.767767,3.862316,0.889722
1491,142548,103.0,111.31,,2.6476327204704284,62.97298002243042,94,,"0.584873,0.699428,0.776590,1.121436",,,0.511734,4.767767,3.862316,0.889722
1492,142654,106.0,111.45,,2.6476327204704284,62.97298002243042,94,,"0.584873,0.699428,0.776590,1.121436",,,0.511734,4.767767,3.862316,0.889722
1493,142751,97.0,111.15,,2.6476327204704284,62.97298002243042,94,,"0.584873,0.699428,0.776590,1.121436",,,0.511734,4.767767,3.862316,0.889722
1494,142880,129.0,111.38,,2.6476327204704284,62.97298002243042,94,,"0.584873,0.699428,0.776590,1.121436",,,0.511734,4.767767,3.862316,0.889722
1495,143010,130.0,111.4,,2.6476327204704284,62.97298002243042,94,,"0.584873,0.699428,0.776590,1.121436",,,0.511734,4.767767,3.862316,0.889722
1496,143140,130.0,111.57,,2.6476327204704284,62.97298002243042,94,,"0.584873,0.699428,0.776590,1.121436",,,0.511734,4.767767,3.862316,0.889722
1497,143266,126.0,111.77,,2.6476327204704284,62.97298002243042,94,,"0.584873,0.699428,0.776590,1.121436",,,0.511734,4.767767,3.862316,0.889722
1498,143421,155.0,112.11,,2.6476327204704284,62.97298002243042,94,,"0.584873,0.699428,0.776590,1.121436",,,0.511734,4.767767,3.862316,0.889722
1499,143538,117.0,111.99,,2.6476327204704284,62.97298002243042,94,,"0.584873,0.699428,0.776590,1.121436",130.4,17.41952927033334,0.511734,4.767767,3.862316,0.889722
1500,143646,108.0,112.45,,2.6476327204704284,62.97398042678833,94,,"0.584873,0.699428,0.776590,1.121436",,,0.511734,4.767767,3.862316,0.889722
1501,143768,122.0,112.49,,2.6476327204704284,62.97398042678833,94,,"0.584873,0.699428,0.776590,1.121436",,,0.511734,4.767767,3.862316,0.889722
1502,143844,76.0,112.12,,2.6476327204704284,62.97398042678833,94,,"0.584873,0.699428,0.776590,1.121436",,,0.511734,4.767767,3.862316,0.889722
1503,144010,166.0,112.72,,2.6476327204704284,62.97398042678833,94,,"0.584873,0.699428,0.776590,1.121436",,,0.511734,4.767767,3.862316,0.889722
1504,144091,81.0,112.48,,2.646884632110596,63.73649263381958,95,,"0.579747,0.697717,0.777591,1.121241",,,0.509066,4.777680,3.964987,0.857388
1505,144234,143.0,112.74,,2.646884632110596,63.73649263381958,95,,"0.579747,0.697717,0.777591,1.121241",,,0.509066,4.777680,3.964987,0.857388
1506,144347,113.0,113.04,,2.646884632110596,63.73649263381958,95,,"0.579747,0.697717,0.777591,1.121241",,,0.509066,4.777680,3.964987,0.857388
1507,144494,147.0,113.38,,2.646884632110596,63.73649263381958,95,,"0.579747,0.697717,0.777591,1.121241",,,0.509066,4.777680,3.964987,0.857388
1508,144612,118.0,113.61,,2.646884632110596,63.73649263381958,95,,"0.579747,0.697717,0.777591,1.121241",,,0.509066,4.777680,3.964987,0.857388
1509,144735,123.0,113.57,,2.646884632110596,63.73649263381958,95,,"0.579747,0.697717,0.777591,1.121241",,,0.509066,4.777680,3.964987,0.857388
1510,144882,147.0,114.08,,2.646884632110596,63.73649263381958,95,,"0.579747,0.697717,0.777591,1.121241",,,0.509066,4.777680,3.964987,0.857388
1511,144998,116.0,114.35,,2.646884632110596,63.73649263381958,95,,"0.579747,0.697717,0.777591,1.121241",,,0.509066,4.777680,3.964987,0.857388
1512,145106,108.0,114.39,,2.646884632110596,63.73649263381958,95,,"0.579747,0.697717,0.777591,1.121241",,,0.509066,4.777680,3.964987,0.857388
1513,145221,115.0,114.39,,2.646884632110596,63.73649263381958,95,,"0.579747,0.697717,0.777591,1.121241",,,0.509066,4.777680,3.964987,0.857388
1514,145342,121.0,114.3,,2.646884632110596,63.73649263381958,95,,"0.579747,0.697717,0.777591,1.121241",,,0.509066,4.777680,3.964987,0.857388
1515,145484,142.0,114.6,,2.646884632110596,63.73649263381958,95,,"0.579747,0.697717,0.777591,1.121241",,,0.509066,4.777680,3.964987,0.857388
1516,145594,110.0,114.58,,2.646884632110596,63.73649263381958,95,,"0.579747,0.697717,0.777591,1.121241",,,0.509066,4.777680,3.964987,0.857388
1517,145736,142.0,115.05,,2.646884632110596,63.73649263381958,95,,"0.579747,0.697717,0.777591,1.121241",,,0.509066,4.777680,3.964987,0.857388
1518,145866,130.0,115.26,,2.646884632110596,63.73649263381958,95,,"0.579747,0.697717,0.777591,1.121241",,,0.509066,4.777680,3.964987,0.857388
1519,145977,111.0,115.21,,2.646884632110596,63.73649263381958,95,,"0.579747,0.697717,0.777591,1.121241",,,0.509066,4.777680,3.964987,0.857388
1520,146118,141.0,115.5,,2.6306646156311033,64.52181077003479,96,,"0.574045,0.695863,0.778388,1.120512",,,0.512265,4.787885,4.970697,0.754033
1521,146235,117.0,115.37,,2.6306646156311033,64.52181077003479,96,,"0.574045,0.695863,0.778388,1.120512",,,0.512265,4.787885,4.970697,0.754033
1522,146345,110.0,115.64,,2.6306646156311033,64.52181077003479,96,,"0.574045,0.695863,0.778388,1.120512",,,0.512265,4.787885,4.970697,0.754033
1523,146395,50.0,115.01,,2.6306646156311033,64.52181077003479,96,,"0.574045,0.695863,0.778388,1.120512",,,0.512265,4.787885,4.970697,0.754033
1524,146512,117.0,115.1,,2.6306646156311033,64.52181077003479,96,,"0.574045,0.695863,0.778388,1.120512",,,0.512265,4.787885,4.970697,0.754033
1525,146651,139.0,115.49,,2.6306646156311033,64.52181077003479,96,,"0.574045,0.695863,0.778388,1.120512",,,0.512265,4.787885,4.970697,0.754033
1526,146750,99.0,115.4,,2.6306646156311033,64.52181077003479,96,,"0.574045,0.695863,0.778388,1.120512",,,0.512265,4.787885,4.970697,0.754033
1527,146878,128.0,115.59,,2.6306646156311033,64.52181077003479,96,,"0.574045,0.695863,0.778388,1.120512",,,0.512265,4.787885,4.970697,0.754033
1528,146993,115.0,115.82,,2.6306646156311033,64.52181077003479,96,,"0.574045,0.695863,0.778388,1.120512",,,0.512265,4.787885,4.970697,0.754033
1529,147114,121.0,115.81,,2.6306646156311033,64.52181077003479,96,,"0.574045,0.695863,0.778388,1.120512",,,0.512265,4.787885,4.970697,0.754033
1530,147207,93.0,115.52,,2.6306646156311033,64.52181077003479,96,,"0.574045,0.695863,0.778388,1.120512",,,0.512265,4.787885,4.970697,0.754033
1531,147378,171.0,116.71,,2.6306646156311033,64.52181077003479,96,,"0.574045,0.695863,0.778388,1.120512",,,0.512265,4.787885,4.970697,0.754033
1532,147503,125.0,117.45,,2.6306646156311033,64.52181077003479,96,,"0.574045,0.695863,0.778388,1.120512",,,0.512265,4.787885,4.970697,0.754033
1533,147623,120.0,117.75,,2.6306646156311033,64.52181077003479,96,,"0.574045,0.695863,0.778388,1.120512",,,0.512265,4.787885,4.970697,0.754033
1534,147741,118.0,118.16,,2.6306646156311033,64.52181077003479,96,,"0.574045,0.695863,0.778388,1.120512",,,0.512265,4.787885,4.970697,0.754033
1535,147862,121.0,118.2,,2.6306646156311033,64.52181077003479,96,,"0.574045,0.695863,0.778388,1.120512",,,0.512265,4.787885,4.970697,0.754033
1536,148012,150.0,118.62,,2.6425891971588134,65.27280449867249,97,,"0.568974,0.693557,0.779489,1.120203",,,0.508401,4.798991,6.192103,0.707514
1537,148125,113.0,118.69,,2.6425891971588134,65.27280449867249,97,,"0.568974,0.693557,0.779489,1.120203",,,0.508401,4.798991,6.192103,0.707514
1538,148231,106.0,118.58,,2.6425891971588134,65.27280449867249,97,,"0.568974,0.693557,0.779489,1.120203",,,0.508401,4.798991,6.192103,0.707514
1539,148253,22.0,117.72,,2.6425891971588134,65.27280449867249,97,,"0.568974,0.693557,0.779489,1.120203",,,0.508401,4.798991,6.192103,0.707514
1540,148364,111.0,117.8,,2.6425891971588134,65.27280449867249,97,,"0.568974,0.693557,0.779489,1.120203",,,0.508401,4.798991,6.192103,0.707514
1541,148469,105.0,117.75,,2.6425891971588134,65.27280449867249,97,,"0.568974,0.693557,0.779489,1.120203",,,0.508401,4.798991,6.192103,0.707514
1542,148591,122.0,118.53,,2.6425891971588134,65.27280449867249,97,,"0.568974,0.693557,0.779489,1.120203",,,0.508401,4.798991,6.192103,0.707514
1543,148722,131.0,119.05,,2.6425891971588134,65.27280449867249,97,,"0.568974,0.693557,0.779489,1.120203",,,0.508401,4.798991,6.192103,0.707514
1544,148743,21.0,118.03,,2.6425891971588134,65.27280449867249,97,,"0.568974,0.693557,0.779489,1.120203",,,0.508401,4.798991,6.192103,0.707514
1545,148868,125.0,118.55,,2.6425891971588134,65.27280449867249,97,,"0.568974,0.693557,0.779489,1.120203",,,0.508401,4.798991,6.192103,0.707514
1546,148894,26.0,117.2,,2.6425891971588134,65.27280449867249,97,,"0.568974,0.693557,0.779489,1.120203",,,0.508401,4.798991,6.192103,0.707514
1547,149030,136.0,117.55,,2.6425891971588134,65.27280449867249,97,,"0.568974,0.693557,0.779489,1.120203",,,0.508401,4.798991,6.192103,0.707514
1548,149189,159.0,118.16,,2.6425891971588134,65.27280449867249,97,,"0.568974,0.693557,0.779489,1.120203",,,0.508401,4.798991,6.192103,0.707514
1549,149326,137.0,118.48,,2.6425891971588134,65.27280449867249,97,,"0.568974,0.693557,0.779489,1.120203",137.2,23.978323544401515,0.508401,4.798991,6.192103,0.707514
1550,149449,123.0,118.48,,2.6425891971588134,65.27280449867249,97,,"0.568974,0.693557,0.779489,1.120203",,,0.508401,4.798991,6.192103,0.707514
1551,149579,130.0,118.43,,2.6425891971588134,65.27280449867249,97,,"0.568974,0.693557,0.779489,1.120203",,,0.508401,4.798991,6.192103,0.707514
1552,149701,122.0,118.47,,2.6553535938262938,65.98131918907166,98,,"0.564318,0.690925,0.780887,1.120020",,,0.506104,4.813460,5.862143,0.744324
1553,149828,127.0,118.45,,2.6553535938262938,65.98131918907166,98,,"0.564318,0.690925,0.780887,1.120020",,,0.506104,4.813460,5.862143,0.744324
1554,149942,114.0,118.63,,2.6553535938262938,65.98131918907166,98,,"0.564318,0.690925,0.780887,1.120020",,,0.506104,4.813460,5.862143,0.744324
1555,150058,116.0,118.93,,2.6553535938262938,65.98131918907166,98,,"0.564318,0.690925,0.780887,1.120020",,,0.506104,4.813460,5.862143,0.744324
1556,150186,128.0,119.05,,2.6553535938262938,65.98282551765442,98,,"0.564318,0.690925,0.780887,1.120020",,,0.506104,4.813460,5.862143,0.744324
1557,150298,112.0,118.82,,2.6553535938262938,65.98282551765442,98,,"0.564318,0.690925,0.780887,1.120020",,,0.506104,4.813460,5.862143,0.744324
1558,150399,101.0,118.74,,2.6553535938262938,65.98282551765442,98,,"0.564318,0.690925,0.780887,1.120020",,,0.506104,4.813460,5.862143,0.744324
1559,150534,135.0,118.94,,2.6553535938262938,65.98282551765442,98,,"0.564318,0.690925,0.780887,1.120020",,,0.506104,4.813460,5.862143,0.744324
1560,150657,123.0,119.04,,2.6553535938262938,65.98282551765442,98,,"0.564318,0.690925,0.780887,1.120020",,,0.506104,4.813460,5.862143,0.744324
1561,150779,122.0,119.01,,2.6553535938262938,65.98282551765442,98,,"0.564318,0.690925,0.780887,1.120020",,,0.506104,4.813460,5.862143,0.744324
1562,150807,28.0,117.98,,2.6553535938262938,65.98282551765442,98,,"0.564318,0.690925,0.780887,1.120020",,,0.506104,4.813460,5.862143,0.744324
1563,150941,134.0,118.17,,2.6553535938262938,65.98282551765442,98,,"0.564318,0.690925,0.780887,1.120020",,,0.506104,4.813460,5.862143,0.744324
1564,151065,124.0,118.22,,2.6553535938262938,65.98282551765442,98,,"0.564318,0.690925,0.780887,1.120020",,,0.506104,4.813460,5.862143,0.744324
1565,151194,129.0,118.17,,2.6553535938262938,65.98282551765442,98,,"0.564318,0.690925,0.780887,1.120020",,,0.506104,4.813460,5.862143,0.744324
1566,151330,136.0,118.23,,2.6553535938262938,65.98282551765442,98,,"0.564318,0.690925,0.780887,1.120020",,,0.506104,4.813460,5.862143,0.744324
1567,151436,106.0,118.11,,2.6553535938262938,65.98282551765442,98,,"0.564318,0.690925,0.780887,1.120020",,,0.506104,4.813460,5.862143,0.744324
1568,151583,147.0,118.24,,2.666325511932373,66.69762897491455,99,,"0.559658,0.688283,0.782061,1.119663",,,0.507592,4.826648,6.780711,0.713784
1569,151710,127.0,118.31,,2.666325511932373,66.69762897491455,99,,"0.559658,0.688283,0.782061,1.119663",,,0.507592,4.826648,6.780711,0.713784
1570,151816,106.0,118.33,,2.666325511932373,66.69762897491455,99,,"0.559658,0.688283,0.782061,1.119663",,,0.507592,4.826648,6.780711,0.713784
1571,151850,34.0,117.65,,2.666325511932373,66.69762897491455,99,,"0.559658,0.688283,0.782061,1.119663",,,0.507592,4.826648,6.780711,0.713784
1572,151993,143.0,118.1,,2.666325511932373,66.69762897491455,99,,"0.559658,0.688283,0.782061,1.119663",,,0.507592,4.826648,6.780711,0.713784
1573,152121,128.0,118.14,,2.666325511932373,66.69762897491455,99,,"0.559658,0.688283,0.782061,1.119663",,,0.507592,4.826648,6.780711,0.713784
1574,152226,105.0,117.73,,2.666325511932373,66.69762897491455,99,,"0.559658,0.688283,0.782061,1.119663",,,0.507592,4.826648,6.780711,0.713784
1575,152336,110.0,117.75,,2.666325511932373,66.69762897491455,99,,"0.559658,0.688283,0.782061,1.119663",,,0.507592,4.826648,6.780711,0.713784
1576,152463,127.0,118.0,,2.666325511932373,66.69762897491455,99,,"0.559658,0.688283,0.782061,1.119663",,,0.507592,4.826648,6.780711,0.713784
1577,152611,148.0,118.26,,2.666325511932373,66.69762897491455,99,,"0.559658,0.688283,0.782061,1.119663",,,0.507592,4.826648,6.780711,0.713784
1578,152722,111.0,118.33,,2.666325511932373,66.69762897491455,99,,"0.559658,0.688283,0.782061,1.119663",,,0.507592,4.826648,6.780711,0.713784
1579,152832,110.0,118.02,,2.666325511932373,66.69762897491455,99,,"0.559658,0.688283,0.782061,1.119663",,,0.507592,4.826648,6.780711,0.713784
1580,152850,18.0,116.65,,2.666325511932373,66.69762897491455,99,,"0.559658,0.688283,0.782061,1.119663",,,0.507592,4.826648,6.780711,0.713784
1581,152983,133.0,116.71,,2.666325511932373,66.69762897491455,99,,"0.559658,0.688283,0.782061,1.119663",,,0.507592,4.826648,6.780711,0.713784
1582,153101,118.0,116.59,,2.666325511932373,66.69762897491455,99,,"0.559658,0.688283,0.782061,1.119663",,,0.507592,4.826648,6.780711,0.713784
1583,153160,59.0,116.07,,2.666325511932373,66.69762897491455,99,,"0.559658,0.688283,0.782061,1.119663",,,0.507592,4.826648,6.780711,0.713784
1584,153295,135.0,116.31,,2.670495638847351,67.4068922996521,100,,"0.554733,0.685825,0.782766,1.119216",,,0.506877,4.838450,5.635589,0.842242
1585,153415,120.0,116.37,,2.670495638847351,67.4068922996521,100,,"0.554733,0.685825,0.782766,1.119216",,,0.506877,4.838450,5.635589,0.842242
1586,153529,114.0,116.39,,2.670495638847351,67.4068922996521,100,,"0.554733,0.685825,0.782766,1.119216",,,0.506877,4.838450,5.635589,0.842242
1587,153645,116.0,116.18,,2.670495638847351,67.4068922996521,100,,"0.554733,0.685825,0.782766,1.119216",,,0.506877,4.838450,5.635589,0.842242
1588,153757,112.0,115.9,,2.670495638847351,67.4068922996521,100,,"0.554733,0.685825,0.782766,1.119216",,,0.506877,4.838450,5.635589,0.842242
1589,153874,117.0,115.73,,2.670495638847351,67.4068922996521,100,,"0.554733,0.685825,0.782766,1.119216",,,0.506877,4.838450,5.635589,0.842242
1590,153981,107.0,115.36,,2.670495638847351,67.4068922996521,100,,"0.554733,0.685825,0.782766,1.119216",,,0.506877,4.838450,5.635589,0.842242
1591,154127,146.0,115.79,,2.670495638847351,67.4068922996521,100,,"0.554733,0.685825,0.782766,1.119216",,,0.506877,4.838450,5.635589,0.842242
1592,154273,146.0,116.19,,2.670495638847351,67.4068922996521,100,,"0.554733,0.685825,0.782766,1.119216",,,0.506877,4.838450,5.635589,0.842242
1593,154377,104.0,116.26,,2.670495638847351,67.4068922996521,100,,"0.554733,0.685825,0.782766,1.119216",,,0.506877,4.838450,5.635589,0.842242
1594,154524,147.0,116.44,,2.670495638847351,67.40789365768433,100,,"0.554733,0.685825,0.782766,1.119216",,,0.506877,4.838450,5.635589,0.842242
1595,154646,122.0,116.36,,2.670495638847351,67.40789365768433,100,,"0.554733,0.685825,0.782766,1.119216",,,0.506877,4.838450,5.635589,0.842242
1596,154769,123.0,116.29,,2.670495638847351,67.40789365768433,100,,"0.554733,0.685825,0.782766,1.119216",,,0.506877,4.838450,5.635589,0.842242
1597,154884,115.0,116.18,,2.670495638847351,67.40789365768433,100,,"0.554733,0.685825,0.782766,1.119216",,,0.506877,4.838450,5.635589,0.842242
1598,155008,124.0,115.87,,2.670495638847351,67.40789365768433,100,,"0.554733,0.685825,0.782766,1.119216",,,0.506877,4.838450,5.635589,0.842242
1599,155082,74.0,115.44,,2.670495638847351,67.40789365768433,100,,"0.554733,0.685825,0.782766,1.119216",138.6,21.36913662270893,0.506877,4.838450,5.635589,0.842242
1600,155207,125.0,115.61,,2.6725565576553345,68.2063627243042,101,,"0.550292,0.683727,0.783014,1.118998",,,0.500102,4.849591,5.641612,0.865182
1601,155343,136.0,115.75,,2.6725565576553345,68.2063627243042,101,,"0.550292,0.683727,0.783014,1.118998",,,0.500102,4.849591,5.641612,0.865182
1602,155470,127.0,116.26,,2.6725565576553345,68.2063627243042,101,,"0.550292,0.683727,0.783014,1.118998",,,0.500102,4.849591,5.641612,0.865182
1603,155615,145.0,116.05,,2.6725565576553345,68.2063627243042,101,,"0.550292,0.683727,0.783014,1.118998",,,0.500102,4.849591,5.641612,0.865182
1604,155760,145.0,116.69,,2.6725565576553345,68.2063627243042,101,,"0.550292,0.683727,0.783014,1.118998",,,0.500102,4.849591,5.641612,0.865182
1605,155870,110.0,116.36,,2.6725565576553345,68.2063627243042,101,,"0.550292,0.683727,0.783014,1.118998",,,0.500102,4.849591,5.641612,0.865182
1606,156004,134.0,116.57,,2.6725565576553345,68.2063627243042,101,,"0.550292,0.683727,0.783014,1.118998",,,0.500102,4.849591,5.641612,0.865182
1607,156111,107.0,116.17,,2.6725565576553345,68.2063627243042,101,,"0.550292,0.683727,0.783014,1.118998",,,0.500102,4.849591,5.641612,0.865182
1608,156247,136.0,116.35,,2.6725565576553345,68.2063627243042,101,,"0.550292,0.683727,0.783014,1.118998",,,0.500102,4.849591,5.641612,0.865182
1609,156372,125.0,116.37,,2.6725565576553345,68.2063627243042,101,,"0.550292,0.683727,0.783014,1.118998",,,0.500102,4.849591,5.641612,0.865182
1610,156499,127.0,116.17,,2.6725565576553345,68.2063627243042,101,,"0.550292,0.683727,0.783014,1.118998",,,0.500102,4.849591,5.641612,0.865182
1611,156604,105.0,116.06,,2.6725565576553345,68.2063627243042,101,,"0.550292,0.683727,0.783014,1.118998",,,0.500102,4.849591,5.641612,0.865182
1612,156745,141.0,116.39,,2.6725565576553345,68.20737099647522,101,,"0.550292,0.683727,0.783014,1.118998",,,0.500102,4.849591,5.641612,0.865182
1613,156848,103.0,116.27,,2.6725565576553345,68.20737099647522,101,,"0.550292,0.683727,0.783014,1.118998",,,0.500102,4.849591,5.641612,0.865182
1614,157004,156.0,116.62,,2.6725565576553345,68.20737099647522,101,,"0.550292,0.683727,0.783014,1.118998",,,0.500102,4.849591,5.641612,0.865182
1615,157032,28.0,115.48,,2.6725565576553345,68.20737099647522,101,,"0.550292,0.683727,0.783014,1.118998",,,0.500102,4.849591,5.641612,0.865182
1616,157156,124.0,115.62,,2.6781107568740845,69.10468125343323,102,,"0.546331,0.682208,0.782790,1.119006",,,0.504155,4.860312,6.135792,0.856412
1617,157292,136.0,115.56,,2.6781107568740845,69.10468125343323,102,,"0.546331,0.682208,0.782790,1.119006",,,0.504155,4.860312,6.135792,0.856412
1618,157401,109.0,115.35,,2.6781107568740845,69.10468125343323,102,,"0.546331,0.682208,0.782790,1.119006",,,0.504155,4.860312,6.135792,0.856412
1619,157553,152.0,115.76,,2.6781107568740845,69.10468125343323,102,,"0.546331,0.682208,0.782790,1.119006",,,0.504155,4.860312,6.135792,0.856412
1620,157576,23.0,114.58,,2.6781107568740845,69.10468125343323,102,,"0.546331,0.682208,0.782790,1.119006",,,0.504155,4.860312,6.135792,0.856412
1621,157689,113.0,114.54,,2.6781107568740845,69.10468125343323,102,,"0.546331,0.682208,0.782790,1.119006",,,0.504155,4.860312,6.135792,0.856412
1622,157790,101.0,114.45,,2.6781107568740845,69.10468125343323,102,,"0.546331,0.682208,0.782790,1.119006",,,0.504155,4.860312,6.135792,0.856412
1623,157912,122.0,115.17,,2.6781107568740845,69.10468125343323,102,,"0.546331,0.682208,0.782790,1.119006",,,0.504155,4.860312,6.135792,0.856412
1624,158050,138.0,115.38,,2.6781107568740845,69.10468125343323,102,,"0.546331,0.682208,0.782790,1.119006",,,0.504155,4.860312,6.135792,0.856412
1625,158177,127.0,115.26,,2.6781107568740845,69.1056821346283,102,,"0.546331,0.682208,0.782790,1.119006",,,0.504155,4.860312,6.135792,0.856412
1626,158368,191.0,116.18,,2.6781107568740845,69.1056821346283,102,,"0.546331,0.682208,0.782790,1.119006",,,0.504155,4.860312,6.135792,0.856412
1627,158426,58.0,115.48,,2.6781107568740845,69.1056821346283,102,,"0.546331,0.682208,0.782790,1.119006",,,0.504155,4.860312,6.135792,0.856412
1628,158460,34.0,114.67,,2.6781107568740845,69.1056821346283,102,,"0.546331,0.682208,0.782790,1.119006",,,0.504155,4.860312,6.135792,0.856412
1629,158596,136.0,114.82,,2.6781107568740845,69.1056821346283,102,,"0.546331,0.682208,0.782790,1.119006",,,0.504155,4.860312,6.135792,0.856412
1630,158712,116.0,115.05,,2.6781107568740845,69.1056821346283,102,,"0.546331,0.682208,0.782790,1.119006",,,0.504155,4.860312,6.135792,0.856412
1631,158829,117.0,114.51,,2.6781107568740845,69.1056821346283,102,,"0.546331,0.682208,0.782790,1.119006",,,0.504155,4.860312,6.135792,0.856412
1632,158945,116.0,114.42,,2.6698638200759888,70.02167701721191,103,,"0.542667,0.681309,0.781778,1.119129",,,0.502321,4.870360,5.321008,0.899645
1633,159068,123.0,114.45,,2.6698638200759888,70.02167701721191,103,,"0.542667,0.681309,0.781778,1.119129",,,0.502321,4.870360,5.321008,0.899645
1634,159086,18.0,113.45,,2.6698638200759888,70.02167701721191,103,,"0.542667,0.681309,0.781778,1.119129",,,0.502321,4.870360,5.321008,0.899645
1635,159193,107.0,113.31,,2.6698638200759888,70.02167701721191,103,,"0.542667,0.681309,0.781778,1.119129",,,0.502321,4.870360,5.321008,0.899645
1636,159236,43.0,112.24,,2.6698638200759888,70.02167701721191,103,,"0.542667,0.681309,0.781778,1.119129",,,0.502321,4.870360,5.321008,0.899645
1637,159371,135.0,112.46,,2.6698638200759888,70.02167701721191,103,,"0.542667,0.681309,0.781778,1.119129",,,0.502321,4.870360,5.321008,0.899645
1638,159483,112.0,112.52,,2.6698638200759888,70.02167701721191,103,,"0.542667,0.681309,0.781778,1.119129",,,0.502321,4.870360,5.321008,0.899645
1639,159593,110.0,113.4,,2.6698638200759888,70.02167701721191,103,,"0.542667,0.681309,0.781778,1.119129",,,0.502321,4.870360,5.321008,0.899645
1640,159711,118.0,113.47,,2.6698638200759888,70.02167701721191,103,,"0.542667,0.681309,0.781778,1.119129",,,0.502321,4.870360,5.321008,0.899645
1641,159859,148.0,113.9,,2.6698638200759888,70.02167701721191,103,,"0.542667,0.681309,0.781778,1.119129",,,0.502321,4.870360,5.321008,0.899645
1642,159977,118.0,113.86,,2.6698638200759888,70.02167701721191,103,,"0.542667,0.681309,0.781778,1.119129",,,0.502321,4.870360,5.321008,0.899645
1643,160118,141.0,113.96,,2.6698638200759888,70.02167701721191,103,,"0.542667,0.681309,0.781778,1.119129",,,0.502321,4.870360,5.321008,0.899645
1644,160283,165.0,115.4,,2.6698638200759888,70.02167701721191,103,,"0.542667,0.681309,0.781778,1.119129",,,0.502321,4.870360,5.321008,0.899645
1645,160492,209.0,116.24,,2.6698638200759888,70.02167701721191,103,,"0.542667,0.681309,0.781778,1.119129",,,0.502321,4.870360,5.321008,0.899645
1646,160620,128.0,117.26,,2.6698638200759888,70.02167701721191,103,,"0.542667,0.681309,0.781778,1.119129",,,0.502321,4.870360,5.321008,0.899645
1647,160767,147.0,117.37,,2.6698638200759888,70.02167701721191,103,,"0.542667,0.681309,0.781778,1.119129",,,0.502321,4.870360,5.321008,0.899645
1648,160831,64.0,116.42,,2.6710367727279665,70.75174570083618,104,,"0.539429,0.680894,0.780178,1.119104",,,0.499190,4.879665,5.786942,0.873630
1649,160955,124.0,116.29,,2.6710367727279665,70.75174570083618,104,,"0.539429,0.680894,0.780178,1.119104",136.4,17.01293625450939,0.499190,4.879665,5.786942,0.873630
1650,161074,119.0,116.25,,2.6710367727279665,70.75174570083618,104,,"0.539429,0.680894,0.780178,1.119104",,,0.499190,4.879665,5.786942,0.873630
1651,161198,124.0,116.19,,2.6710367727279665,70.75174570083618,104,,"0.539429,0.680894,0.780178,1.119104",,,0.499190,4.879665,5.786942,0.873630
1652,161354,156.0,116.53,,2.6710367727279665,70.75272130966187,104,,"0.539429,0.680894,0.780178,1.119104",,,0.499190,4.879665,5.786942,0.873630
1653,161501,147.0,116.73,,2.6710367727279665,70.75272130966187,104,,"0.539429,0.680894,0.780178,1.119104",,,0.499190,4.879665,5.786942,0.873630
1654,161648,147.0,117.06,,2.6710367727279665,70.75272130966187,104,,"0.539429,0.680894,0.780178,1.119104",,,0.499190,4.879665,5.786942,0.873630
1655,161670,22.0,116.12,,2.6710367727279665,70.75272130966187,104,,"0.539429,0.680894,0.780178,1.119104",,,0.499190,4.879665,5.786942,0.873630
1656,161799,129.0,116.13,,2.6710367727279665,70.75272130966187,104,,"0.539429,0.680894,0.780178,1.119104",,,0.499190,4.879665,5.786942,0.873630
1657,161911,112.0,116.13,,2.6710367727279665,70.75272130966187,104,,"0.539429,0.680894,0.780178,1.119104",,,0.499190,4.879665,5.786942,0.873630
1658,162030,119.0,116.31,,2.6710367727279665,70.75272130966187,104,,"0.539429,0.680894,0.780178,1.119104",,,0.499190,4.879665,5.786942,0.873630
1659,162154,124.0,116.2,,2.6710367727279665,70.75272130966187,104,,"0.539429,0.680894,0.780178,1.119104",,,0.499190,4.879665,5.786942,0.873630
1660,162268,114.0,116.11,,2.6710367727279665,70.75272130966187,104,,"0.539429,0.680894,0.780178,1.119104",,,0.499190,4.879665,5.786942,0.873630
1661,162294,26.0,115.15,,2.6710367727279665,70.75272130966187,104,,"0.539429,0.680894,0.780178,1.119104",,,0.499190,4.879665,5.786942,0.873630
1662,162424,130.0,116.17,,2.6710367727279665,70.75272130966187,104,,"0.539429,0.680894,0.780178,1.119104",,,0.499190,4.879665,5.786942,0.873630
1663,162545,121.0,116.04,,2.6710367727279665,70.75272130966187,104,,"0.539429,0.680894,0.780178,1.119104",,,0.499190,4.879665,5.786942,0.873630
1664,162677,132.0,116.12,,2.6661633539199827,71.58773183822632,105,,"0.536426,0.680731,0.778363,1.119208",,,0.498139,4.888415,5.333285,0.893301
1665,162780,103.0,115.86,,2.6661633539199827,71.58773183822632,105,,"0.536426,0.680731,0.778363,1.119208",,,0.498139,4.888415,5.333285,0.893301
1666,162810,30.0,114.8,,2.6661633539199827,71.58859205245972,105,,"0.536426,0.680731,0.778363,1.119208",,,0.498139,4.888415,5.333285,0.893301
1667,162939,129.0,115.03,,2.6661633539199827,71.58859205245972,105,,"0.536426,0.680731,0.778363,1.119208",,,0.498139,4.888415,5.333285,0.893301
1668,163067,128.0,114.84,,2.6661633539199827,71.58859205245972,105,,"0.536426,0.680731,0.778363,1.119208",,,0.498139,4.888415,5.333285,0.893301
1669,163201,134.0,114.91,,2.6661633539199827,71.58859205245972,105,,"0.536426,0.680731,0.778363,1.119208",,,0.498139,4.888415,5.333285,0.893301
1670,163319,118.0,115.03,,2.6661633539199827,71.58859205245972,105,,"0.536426,0.680731,0.778363,1.119208",,,0.498139,4.888415,5.333285,0.893301
1671,163446,127.0,115.96,,2.6661633539199827,71.58859205245972,105,,"0.536426,0.680731,0.778363,1.119208",,,0.498139,4.888415,5.333285,0.893301
1672,163513,67.0,115.2,,2.6661633539199827,71.58859205245972,105,,"0.536426,0.680731,0.778363,1.119208",,,0.498139,4.888415,5.333285,0.893301
1673,163705,192.0,115.84,,2.6661633539199827,71.58859205245972,105,,"0.536426,0.680731,0.778363,1.119208",,,0.498139,4.888415,5.333285,0.893301
1674,163839,134.0,116.13,,2.6661633539199827,71.58859205245972,105,,"0.536426,0.680731,0.778363,1.119208",,,0.498139,4.888415,5.333285,0.893301
1675,163998,159.0,116.62,,2.6661633539199827,71.58859205245972,105,,"0.536426,0.680731,0.778363,1.119208",,,0.498139,4.888415,5.333285,0.893301
1676,164154,156.0,116.91,,2.6661633539199827,71.58909821510315,105,,"0.536426,0.680731,0.778363,1.119208",,,0.498139,4.888415,5.333285,0.893301
1677,164273,119.0,116.62,,2.6661633539199827,71.58909821510315,105,,"0.536426,0.680731,0.778363,1.119208",,,0.498139,4.888415,5.333285,0.893301
1678,164392,119.0,116.7,,2.6661633539199827,71.58909821510315,105,,"0.536426,0.680731,0.778363,1.119208",,,0.498139,4.888415,5.333285,0.893301
1679,164555,163.0,117.23,,2.6661633539199827,71.58909821510315,105,,"0.536426,0.680731,0.778363,1.119208",,,0.498139,4.888415,5.333285,0.893301
1680,164699,144.0,118.49,,2.672318739891052,72.33191871643066,106,,"0.533732,0.680922,0.776172,1.119178",,,0.493590,4.897043,5.715386,0.883271
1681,164720,21.0,117.37,,2.672318739891052,72.33191871643066,106,,"0.533732,0.680922,0.776172,1.119178",,,0.493590,4.897043,5.715386,0.883271
1682,164834,114.0,117.33,,2.672318739891052,72.33191871643066,106,,"0.533732,0.680922,0.776172,1.119178",,,0.493590,4.897043,5.715386,0.883271
1683,164956,122.0,117.96,,2.672318739891052,72.33293843269348,106,,"0.533732,0.680922,0.776172,1.119178",,,0.493590,4.897043,5.715386,0.883271
1684,165102,146.0,118.07,,2.672318739891052,72.33293843269348,106,,"0.533732,0.680922,0.776172,1.119178",,,0.493590,4.897043,5.715386,0.883271
1685,165218,116.0,118.03,,2.672318739891052,72.33293843269348,106,,"0.533732,0.680922,0.776172,1.119178",,,0.493590,4.897043,5.715386,0.883271
1686,165392,174.0,118.63,,2.672318739891052,72.33293843269348,106,,"0.533732,0.680922,0.776172,1.119178",,,0.493590,4.897043,5.715386,0.883271
1687,165502,110.0,118.57,,2.672318739891052,72.33293843269348,106,,"0.533732,0.680922,0.776172,1.119178",,,0.493590,4.897043,5.715386,0.883271
1688,165636,134.0,118.79,,2.672318739891052,72.33293843269348,106,,"0.533732,0.680922,0.776172,1.119178",,,0.493590,4.897043,5.715386,0.883271
1689,165655,19.0,117.81,,2.672318739891052,72.33293843269348,106,,"0.533732,0.680922,0.776172,1.119178",,,0.493590,4.897043,5.715386,0.883271
1690,165756,101.0,117.75,,2.672318739891052,72.33293843269348,106,,"0.533732,0.680922,0.776172,1.119178",,,0.493590,4.897043,5.715386,0.883271
1691,165890,134.0,117.63,,2.672318739891052,72.33293843269348,106,,"0.533732,0.680922,0.776172,1.119178",,,0.493590,4.897043,5.715386,0.883271
1692,165912,22.0,116.39,,2.672318739891052,72.33293843269348,106,,"0.533732,0.680922,0.776172,1.119178",,,0.493590,4.897043,5.715386,0.883271
1693,166018,106.0,116.41,,2.672318739891052,72.33293843269348,106,,"0.533732,0.680922,0.776172,1.119178",,,0.493590,4.897043,5.715386,0.883271
1694,166143,125.0,116.19,,2.672318739891052,72.33293843269348,106,,"0.533732,0.680922,0.776172,1.119178",,,0.493590,4.897043,5.715386,0.883271
1695,166274,131.0,116.28,,2.672318739891052,72.33293843269348,106,,"0.533732,0.680922,0.776172,1.119178",,,0.493590,4.897043,5.715386,0.883271
1696,166404,130.0,116.35,,2.6735693073272704,73.12238001823425,107,,"0.531270,0.681393,0.773655,1.119456",,,0.492895,4.906641,5.261861,0.899760
1697,166600,196.0,117.16,,2.6735693073272704,73.12238001823425,107,,"0.531270,0.681393,0.773655,1.119456",,,0.492895,4.906641,5.261861,0.899760
1698,166708,108.0,117.0,,2.6735693073272704,73.12338304519653,107,,"0.531270,0.681393,0.773655,1.119456",,,0.492895,4.906641,5.261861,0.899760
1699,166836,128.0,117.54,,2.6735693073272704,73.12338304519653,107,,"0.531270,0.681393,0.773655,1.119456",133.8,17.72455923288362,0.492895,4.906641,5.261861,0.899760
1700,166950,114.0,117.43,,2.6735693073272704,73.12338304519653,107,,"0.531270,0.681393,0.773655,1.119456",,,0.492895,4.906641,5.261861,0.899760
1701,167005,55.0,116.62,,2.6735693073272704,73.12338304519653,107,,"0.531270,0.681393,0.773655,1.119456",,,0.492895,4.906641,5.261861,0.899760
1702,167158,153.0,116.88,,2.6735693073272704,73.12338304519653,107,,"0.531270,0.681393,0.773655,1.119456",,,0.492895,4.906641,5.261861,0.899760
1703,167286,128.0,116.71,,2.6735693073272704,73.12338304519653,107,,"0.531270,0.681393,0.773655,1.119456",,,0.492895,4.906641,5.261861,0.899760
1704,167420,134.0,116.6,,2.6735693073272704,73.12338304519653,107,,"0.531270,0.681393,0.773655,1.119456",,,0.492895,4.906641,5.261861,0.899760
1705,167538,118.0,116.68,,2.6735693073272704,73.12338304519653,107,,"0.531270,0.681393,0.773655,1.119456",,,0.492895,4.906641,5.261861,0.899760
1706,167647,109.0,116.43,,2.6735693073272704,73.12338304519653,107,,"0.531270,0.681393,0.773655,1.119456",,,0.492895,4.906641,5.261861,0.899760
1707,167774,127.0,116.63,,2.6735693073272704,73.12338304519653,107,,"0.531270,0.681393,0.773655,1.119456",,,0.492895,4.906641,5.261861,0.899760
1708,167903,129.0,116.56,,2.6735693073272704,73.12338304519653,107,,"0.531270,0.681393,0.773655,1.119456",,,0.492895,4.906641,5.261861,0.899760
1709,168036,133.0,116.64,,2.6735693073272704,73.12338304519653,107,,"0.531270,0.681393,0.773655,1.119456",,,0.492895,4.906641,5.261861,0.899760
1710,168143,107.0,116.44,,2.6735693073272704,73.12338304519653,107,,"0.531270,0.681393,0.773655,1.119456",,,0.492895,4.906641,5.261861,0.899760
1711,168255,112.0,116.51,,2.6735693073272704,73.12338304519653,107,,"0.531270,0.681393,0.773655,1.119456",,,0.492895,4.906641,5.261861,0.899760
1712,168385,130.0,116.4,,2.6715899181365965,73.86324882507324,108,,"0.528700,0.682087,0.770217,1.119644",,,0.501338,4.915037,5.220002,0.916439
1713,168416,31.0,115.68,,2.6715899181365965,73.86324882507324,108,,"0.528700,0.682087,0.770217,1.119644",,,0.501338,4.915037,5.220002,0.916439
1714,168540,124.0,115.36,,2.6715899181365965,73.86324882507324,108,,"0.528700,0.682087,0.770217,1.119644",,,0.501338,4.915037,5.220002,0.916439
1715,168676,136.0,116.44,,2.6715899181365965,73.86324882507324,108,,"0.528700,0.682087,0.770217,1.119644",,,0.501338,4.915037,5.220002,0.916439
1716,168808,132.0,116.52,,2.6715899181365965,73.86324882507324,108,,"0.528700,0.682087,0.770217,1.119644",,,0.501338,4.915037,5.220002,0.916439
1717,168934,126.0,116.42,,2.6715899181365965,73.86324882507324,108,,"0.528700,0.682087,0.770217,1.119644",,,0.501338,4.915037,5.220002,0.916439
1718,169062,128.0,116.61,,2.6715899181365965,73.86324882507324,108,,"0.528700,0.682087,0.770217,1.119644",,,0.501338,4.915037,5.220002,0.916439
1719,169183,121.0,116.3,,2.6715899181365965,73.86324882507324,108,,"0.528700,0.682087,0.770217,1.119644",,,0.501338,4.915037,5.220002,0.916439
1720,169309,126.0,117.33,,2.6715899181365965,73.86324882507324,108,,"0.528700,0.682087,0.770217,1.119644",,,0.501338,4.915037,5.220002,0.916439
1721,169474,165.0,117.85,,2.6715899181365965,73.86324882507324,108,,"0.528700,0.682087,0.770217,1.119644",,,0.501338,4.915037,5.220002,0.916439
1722,169623,149.0,118.33,,2.6715899181365965,73.86324882507324,108,,"0.528700,0.682087,0.770217,1.119644",,,0.501338,4.915037,5.220002,0.916439
1723,169727,104.0,118.15,,2.6715899181365965,73.86324882507324,108,,"0.528700,0.682087,0.770217,1.119644",,,0.501338,4.915037,5.220002,0.916439
1724,169860,133.0,118.1,,2.6715899181365965,73.86424994468689,108,,"0.528700,0.682087,0.770217,1.119644",,,0.501338,4.915037,5.220002,0.916439
1725,169966,106.0,117.89,,2.6715899181365965,73.86424994468689,108,,"0.528700,0.682087,0.770217,1.119644",,,0.501338,4.915037,5.220002,0.916439
1726,170128,162.0,117.6,,2.6715899181365965,73.86424994468689,108,,"0.528700,0.682087,0.770217,1.119644",,,0.501338,4.915037,5.220002,0.916439
1727,170240,112.0,118.14,,2.6715899181365965,73.86424994468689,108,,"0.528700,0.682087,0.770217,1.119644",,,0.501338,4.915037,5.220002,0.916439
1728,170348,108.0,118.88,,2.681254906654358,74.5508861541748,109,,"0.526281,0.682787,0.766623,1.120087",,,0.483920,4.925092,5.427549,0.913106
1729,170479,131.0,118.83,,2.681254906654358,74.5508861541748,109,,"0.526281,0.682787,0.766623,1.120087",,,0.483920,4.925092,5.427549,0.913106
1730,170612,133.0,119.0,,2.681254906654358,74.5508861541748,109,,"0.526281,0.682787,0.766623,1.120087",,,0.483920,4.925092,5.427549,0.913106
1731,170714,102.0,118.85,,2.681254906654358,74.5508861541748,109,,"0.526281,0.682787,0.766623,1.120087",,,0.483920,4.925092,5.427549,0.913106
1732,170841,127.0,118.96,,2.681254906654358,74.5508861541748,109,,"0.526281,0.682787,0.766623,1.120087",,,0.483920,4.925092,5.427549,0.913106
1733,170954,113.0,118.86,,2.681254906654358,74.5508861541748,109,,"0.526281,0.682787,0.766623,1.120087",,,0.483920,4.925092,5.427549,0.913106
1734,171072,118.0,119.86,,2.681254906654358,74.5508861541748,109,,"0.526281,0.682787,0.766623,1.120087",,,0.483920,4.925092,5.427549,0.913106
1735,171174,102.0,119.81,,2.681254906654358,74.5508861541748,109,,"0.526281,0.682787,0.766623,1.120087",,,0.483920,4.925092,5.427549,0.913106
1736,171258,84.0,120.22,,2.681254906654358,74.5508861541748,109,,"0.526281,0.682787,0.766623,1.120087",,,0.483920,4.925092,5.427549,0.913106
1737,171360,102.0,119.89,,2.681254906654358,74.5508861541748,109,,"0.526281,0.682787,0.766623,1.120087",,,0.483920,4.925092,5.427549,0.913106
1738,171504,144.0,120.21,,2.681254906654358,74.5508861541748,109,,"0.526281,0.682787,0.766623,1.120087",,,0.483920,4.925092,5.427549,0.913106
1739,171617,113.0,120.24,,2.681254906654358,74.5508861541748,109,,"0.526281,0.682787,0.766623,1.120087",,,0.483920,4.925092,5.427549,0.913106
1740,171752,135.0,120.41,,2.681254906654358,74.55191087722778,109,,"0.526281,0.682787,0.766623,1.120087",,,0.483920,4.925092,5.427549,0.913106
1741,171884,132.0,120.25,,2.681254906654358,74.55191087722778,109,,"0.526281,0.682787,0.766623,1.120087",,,0.483920,4.925092,5.427549,0.913106
1742,172016,132.0,120.39,,2.681254906654358,74.55191087722778,109,,"0.526281,0.682787,0.766623,1.120087",,,0.483920,4.925092,5.427549,0.913106
1743,172131,115.0,120.13,,2.681254906654358,74.55191087722778,109,,"0.526281,0.682787,0.766623,1.120087",,,0.483920,4.925092,5.427549,0.913106
1744,172153,22.0,118.7,,2.7015782594680786,75.24164152145386,110,,"0.523960,0.684037,0.762007,1.120208",,,0.487346,4.934364,6.505251,0.817566
1745,172291,138.0,117.99,,2.7015782594680786,75.24164152145386,110,,"0.523960,0.684037,0.762007,1.120208",,,0.487346,4.934364,6.505251,0.817566
1746,172417,126.0,117.97,,2.7015782594680786,75.24164152145386,110,,"0.523960,0.684037,0.762007,1.120208",,,0.487346,4.934364,6.505251,0.817566
1747,172537,120.0,117.7,,2.7015782594680786,75.24164152145386,110,,"0.523960,0.684037,0.762007,1.120208",,,0.487346,4.934364,6.505251,0.817566
1748,172655,118.0,118.24,,2.7015782594680786,75.24164152145386,110,,"0.523960,0.684037,0.762007,1.120208",,,0.487346,4.934364,6.505251,0.817566
1749,172776,121.0,118.21,,2.7015782594680786,75.24164152145386,110,,"0.523960,0.684037,0.762007,1.120208",128.0,14.099645385611653,0.487346,4.934364,6.505251,0.817566
1750,172887,111.0,118.13,,2.7015782594680786,75.24164152145386,110,,"0.523960,0.684037,0.762007,1.120208",,,0.487346,4.934364,6.505251,0.817566
1751,173001,114.0,118.03,,2.7015782594680786,75.24164152145386,110,,"0.523960,0.684037,0.762007,1.120208",,,0.487346,4.934364,6.505251,0.817566
1752,173108,107.0,117.54,,2.7015782594680786,75.24164152145386,110,,"0.523960,0.684037,0.762007,1.120208",,,0.487346,4.934364,6.505251,0.817566
1753,173225,117.0,117.24,,2.7015782594680786,75.24164152145386,110,,"0.523960,0.684037,0.762007,1.120208",,,0.487346,4.934364,6.505251,0.817566
1754,173353,128.0,117.05,,2.7015782594680786,75.24164152145386,110,,"0.523960,0.684037,0.762007,1.120208",,,0.487346,4.934364,6.505251,0.817566
1755,173459,106.0,117.89,,2.7015782594680786,75.24164152145386,110,,"0.523960,0.684037,0.762007,1.120208",,,0.487346,4.934364,6.505251,0.817566
1756,173511,52.0,117.12,,2.7015782594680786,75.24164152145386,110,,"0.523960,0.684037,0.762007,1.120208",,,0.487346,4.934364,6.505251,0.817566
1757,173624,113.0,117.13,,2.7015782594680786,75.24164152145386,110,,"0.523960,0.684037,0.762007,1.120208",,,0.487346,4.934364,6.505251,0.817566
1758,173765,141.0,117.35,,2.7015782594680786,75.24164152145386,110,,"0.523960,0.684037,0.762007,1.120208",,,0.487346,4.934364,6.505251,0.817566
1759,173883,118.0,117.29,,2.7015782594680786,75.24164152145386,110,,"0.523960,0.684037,0.762007,1.120208",,,0.487346,4.934364,6.505251,0.817566
1760,174004,121.0,117.36,,2.712808952331543,76.03720116615295,111,,"0.521753,0.684941,0.757685,1.120106",,,0.487932,4.944509,5.868973,0.889390
1761,174131,127.0,118.37,,2.712808952331543,76.03821563720703,111,,"0.521753,0.684941,0.757685,1.120106",,,0.487932,4.944509,5.868973,0.889390
1762,174255,124.0,118.31,,2.712808952331543,76.03821563720703,111,,"0.521753,0.684941,0.757685,1.120106",,,0.487932,4.944509,5.868973,0.889390
1763,174379,124.0,118.34,,2.712808952331543,76.03821563720703,111,,"0.521753,0.684941,0.757685,1.120106",,,0.487932,4.944509,5.868973,0.889390
1764,174499,120.0,118.22,,2.712808952331543,76.03821563720703,111,,"0.521753,0.684941,0.757685,1.120106",,,0.487932,4.944509,5.868973,0.889390
1765,174612,113.0,118.32,,2.712808952331543,76.03821563720703,111,,"0.521753,0.684941,0.757685,1.120106",,,0.487932,4.944509,5.868973,0.889390
1766,174726,114.0,119.16,,2.712808952331543,76.03821563720703,111,,"0.521753,0.684941,0.757685,1.120106",,,0.487932,4.944509,5.868973,0.889390
1767,174863,137.0,119.24,,2.712808952331543,76.03821563720703,111,,"0.521753,0.684941,0.757685,1.120106",,,0.487932,4.944509,5.868973,0.889390
1768,174995,132.0,119.28,,2.712808952331543,76.03821563720703,111,,"0.521753,0.684941,0.757685,1.120106",,,0.487932,4.944509,5.868973,0.889390
1769,175109,114.0,119.08,,2.712808952331543,76.03821563720703,111,,"0.521753,0.684941,0.757685,1.120106",,,0.487932,4.944509,5.868973,0.889390
1770,175162,53.0,118.43,,2.712808952331543,76.03821563720703,111,,"0.521753,0.684941,0.757685,1.120106",,,0.487932,4.944509,5.868973,0.889390
1771,175272,110.0,118.26,,2.712808952331543,76.03821563720703,111,,"0.521753,0.684941,0.757685,1.120106",,,0.487932,4.944509,5.868973,0.889390
1772,175389,117.0,118.76,,2.712808952331543,76.03821563720703,111,,"0.521753,0.684941,0.757685,1.120106",,,0.487932,4.944509,5.868973,0.889390
1773,175509,120.0,118.04,,2.712808952331543,76.03821563720703,111,,"0.521753,0.684941,0.757685,1.120106",,,0.487932,4.944509,5.868973,0.889390
1774,175692,183.0,118.53,,2.712808952331543,76.03821563720703,111,,"0.521753,0.684941,0.757685,1.120106",,,0.487932,4.944509,5.868973,0.889390
1775,175780,88.0,117.82,,2.712808952331543,76.03821563720703,111,,"0.521753,0.684941,0.757685,1.120106",,,0.487932,4.944509,5.868973,0.889390
1776,175922,142.0,117.68,,2.7240204095840452,76.7618339061737,112,,"0.519641,0.685540,0.754465,1.120117",,,0.484579,4.954680,5.891978,0.870392
1777,176028,106.0,117.55,,2.7240204095840452,76.7618339061737,112,,"0.519641,0.685540,0.754465,1.120117",,,0.484579,4.954680,5.891978,0.870392
1778,176141,113.0,117.49,,2.7240204095840452,76.7618339061737,112,,"0.519641,0.685540,0.754465,1.120117",,,0.484579,4.954680,5.891978,0.870392
1779,176255,114.0,117.0,,2.7240204095840452,76.7618339061737,112,,"0.519641,0.685540,0.754465,1.120117",,,0.484579,4.954680,5.891978,0.870392
1780,176377,122.0,116.78,,2.7240204095840452,76.7618339061737,112,,"0.519641,0.685540,0.754465,1.120117",,,0.484579,4.954680,5.891978,0.870392
1781,176517,140.0,117.97,,2.7240204095840452,76.7618339061737,112,,"0.519641,0.685540,0.754465,1.120117",,,0.484579,4.954680,5.891978,0.870392
1782,176635,118.0,118.01,,2.7240204095840452,76.7618339061737,112,,"0.519641,0.685540,0.754465,1.120117",,,0.484579,4.954680,5.891978,0.870392
1783,176735,100.0,117.79,,2.7240204095840452,76.7618339061737,112,,"0.519641,0.685540,0.754465,1.120117",,,0.484579,4.954680,5.891978,0.870392
1784,176788,53.0,116.86,,2.7240204095840452,76.7618339061737,112,,"0.519641,0.685540,0.754465,1.120117",,,0.484579,4.954680,5.891978,0.870392
1785,176920,132.0,117.02,,2.7240204095840452,76.7618339061737,112,,"0.519641,0.685540,0.754465,1.120117",,,0.484579,4.954680,5.891978,0.870392
1786,177032,112.0,116.4,,2.7240204095840452,76.7618339061737,112,,"0.519641,0.685540,0.754465,1.120117",,,0.484579,4.954680,5.891978,0.870392
1787,177154,122.0,116.52,,2.7240204095840452,76.7618339061737,112,,"0.519641,0.685540,0.754465,1.120117",,,0.484579,4.954680,5.891978,0.870392
1788,177276,122.0,116.4,,2.7240204095840452,76.7618339061737,112,,"0.519641,0.685540,0.754465,1.120117",,,0.484579,4.954680,5.891978,0.870392
1789,177389,113.0,117.34,,2.7240204095840452,76.7618339061737,112,,"0.519641,0.685540,0.754465,1.120117",,,0.484579,4.954680,5.891978,0.870392
1790,177497,108.0,117.41,,2.7240204095840452,76.7618339061737,112,,"0.519641,0.685540,0.754465,1.120117",,,0.484579,4.954680,5.891978,0.870392
1791,177603,106.0,117.13,,2.7240204095840452,76.7618339061737,112,,"0.519641,0.685540,0.754465,1.120117",,,0.484579,4.954680,5.891978,0.870392
1792,177729,126.0,118.17,,2.732653651237488,77.46035408973694,113,,"0.517465,0.686272,0.750579,1.119705",,,0.490089,4.960567,5.751829,0.871741
1793,177852,123.0,118.34,,2.732653651237488,77.46035408973694,113,,"0.517465,0.686272,0.750579,1.119705",,,0.490089,4.960567,5.751829,0.871741
1794,177965,113.0,118.22,,2.732653651237488,77.46035408973694,113,,"0.517465,0.686272,0.750579,1.119705",,,0.490089,4.960567,5.751829,0.871741
1795,178076,111.0,118.02,,2.732653651237488,77.46035408973694,113,,"0.517465,0.686272,0.750579,1.119705",,,0.490089,4.960567,5.751829,0.871741
1796,178202,126.0,117.98,,2.732653651237488,77.46035408973694,113,,"0.517465,0.686272,0.750579,1.119705",,,0.490089,4.960567,5.751829,0.871741
1797,178313,111.0,117.13,,2.732653651237488,77.46035408973694,113,,"0.517465,0.686272,0.750579,1.119705",,,0.490089,4.960567,5.751829,0.871741
1798,178434,121.0,117.26,,2.732653651237488,77.46035408973694,113,,"0.517465,0.686272,0.750579,1.119705",,,0.490089,4.960567,5.751829,0.871741
1799,178543,109.0,117.07,,2.732653651237488,77.46035408973694,113,,"0.517465,0.686272,0.750579,1.119705",123.4,10.855413396089528,0.490089,4.960567,5.751829,0.871741
1800,178659,116.0,117.09,,2.732653651237488,77.46035408973694,113,,"0.517465,0.686272,0.750579,1.119705",,,0.490089,4.960567,5.751829,0.871741
1801,178786,127.0,117.81,,2.732653651237488,77.46035408973694,113,,"0.517465,0.686272,0.750579,1.119705",,,0.490089,4.960567,5.751829,0.871741
1802,178888,102.0,117.3,,2.732653651237488,77.46035408973694,113,,"0.517465,0.686272,0.750579,1.119705",,,0.490089,4.960567,5.751829,0.871741
1803,178998,110.0,117.12,,2.732653651237488,77.46035408973694,113,,"0.517465,0.686272,0.750579,1.119705",,,0.490089,4.960567,5.751829,0.871741
1804,179105,107.0,116.85,,2.732653651237488,77.46035408973694,113,,"0.517465,0.686272,0.750579,1.119705",,,0.490089,4.960567,5.751829,0.871741
1805,179222,117.0,116.84,,2.732653651237488,77.46035408973694,113,,"0.517465,0.686272,0.750579,1.119705",,,0.490089,4.960567,5.751829,0.871741
1806,179379,157.0,117.32,,2.732653651237488,77.46035408973694,113,,"0.517465,0.686272,0.750579,1.119705",,,0.490089,4.960567,5.751829,0.871741
1807,179524,145.0,117.5,,2.732653651237488,77.46035408973694,113,,"0.517465,0.686272,0.750579,1.119705",,,0.490089,4.960567,5.751829,0.871741
1808,179638,114.0,117.35,,2.7346255922317506,78.1751594543457,114,,"0.515243,0.687006,0.745986,1.119184",,,0.488594,4.966288,6.095621,0.793960
1809,179777,139.0,117.41,,2.7346255922317506,78.1751594543457,114,,"0.515243,0.687006,0.745986,1.119184",,,0.488594,4.966288,6.095621,0.793960
1810,179885,108.0,117.42,,2.7346255922317506,78.1751594543457,114,,"0.515243,0.687006,0.745986,1.119184",,,0.488594,4.966288,6.095621,0.793960
1811,179995,110.0,117.4,,2.7346255922317506,78.1751594543457,114,,"0.515243,0.687006,0.745986,1.119184",,,0.488594,4.966288,6.095621,0.793960
1812,180115,120.0,117.3,,2.7346255922317506,78.1751594543457,114,,"0.515243,0.687006,0.745986,1.119184",,,0.488594,4.966288,6.095621,0.793960
1813,180207,92.0,117.91,,2.7346255922317506,78.1751594543457,114,,"0.515243,0.687006,0.745986,1.119184",,,0.488594,4.966288,6.095621,0.793960
1814,180331,124.0,117.91,,2.7346255922317506,78.1751594543457,114,,"0.515243,0.687006,0.745986,1.119184",,,0.488594,4.966288,6.095621,0.793960
1815,180360,29.0,116.84,,2.7346255922317506,78.1751594543457,114,,"0.515243,0.687006,0.745986,1.119184",,,0.488594,4.966288,6.095621,0.793960
1816,180517,157.0,117.09,,2.7346255922317506,78.1751594543457,114,,"0.515243,0.687006,0.745986,1.119184",,,0.488594,4.966288,6.095621,0.793960
1817,180625,108.0,116.91,,2.7346255922317506,78.1751594543457,114,,"0.515243,0.687006,0.745986,1.119184",,,0.488594,4.966288,6.095621,0.793960
1818,180762,137.0,117.0,,2.7346255922317506,78.1751594543457,114,,"0.515243,0.687006,0.745986,1.119184",,,0.488594,4.966288,6.095621,0.793960
1819,180794,32.0,116.11,,2.7346255922317506,78.1751594543457,114,,"0.515243,0.687006,0.745986,1.119184",,,0.488594,4.966288,6.095621,0.793960
1820,180908,114.0,115.99,,2.7346255922317506,78.1751594543457,114,,"0.515243,0.687006,0.745986,1.119184",,,0.488594,4.966288,6.095621,0.793960
1821,181018,110.0,115.44,,2.7346255922317506,78.1751594543457,114,,"0.515243,0.687006,0.745986,1.119184",,,0.488594,4.966288,6.095621,0.793960
1822,181138,120.0,115.15,,2.7346255922317506,78.1751594543457,114,,"0.515243,0.687006,0.745986,1.119184",,,0.488594,4.966288,6.095621,0.793960
1823,181248,110.0,115.21,,2.7346255922317506,78.1751594543457,114,,"0.515243,0.687006,0.745986,1.119184",,,0.488594,4.966288,6.095621,0.793960
1824,181371,123.0,115.11,,2.7334435033798217,78.8597731590271,115,,"0.513349,0.688217,0.740911,1.118477",,,0.488020,4.971165,6.198373,0.724386
1825,181515,144.0,115.49,,2.7334435033798217,78.8597731590271,115,,"0.513349,0.688217,0.740911,1.118477",,,0.488020,4.971165,6.198373,0.724386
1826,181648,133.0,115.2,,2.7334435033798217,78.8597731590271,115,,"0.513349,0.688217,0.740911,1.118477",,,0.488020,4.971165,6.198373,0.724386
1827,181773,125.0,115.33,,2.7334435033798217,78.8597731590271,115,,"0.513349,0.688217,0.740911,1.118477",,,0.488020,4.971165,6.198373,0.724386
1828,181889,116.0,115.41,,2.7334435033798217,78.8597731590271,115,,"0.513349,0.688217,0.740911,1.118477",,,0.488020,4.971165,6.198373,0.724386
1829,182013,124.0,115.34,,2.7334435033798217,78.8597731590271,115,,"0.513349,0.688217,0.740911,1.118477",,,0.488020,4.971165,6.198373,0.724386
1830,182120,107.0,115.08,,2.7334435033798217,78.8597731590271,115,,"0.513349,0.688217,0.740911,1.118477",,,0.488020,4.971165,6.198373,0.724386
1831,182228,108.0,115.14,,2.7334435033798217,78.8597731590271,115,,"0.513349,0.688217,0.740911,1.118477",,,0.488020,4.971165,6.198373,0.724386
1832,182338,110.0,114.97,,2.7334435033798217,78.8597731590271,115,,"0.513349,0.688217,0.740911,1.118477",,,0.488020,4.971165,6.198373,0.724386
1833,182379,41.0,114.25,,2.7334435033798217,78.86077404022217,115,,"0.513349,0.688217,0.740911,1.118477",,,0.488020,4.971165,6.198373,0.724386
1834,182513,134.0,114.41,,2.7334435033798217,78.86077404022217,115,,"0.513349,0.688217,0.740911,1.118477",,,0.488020,4.971165,6.198373,0.724386
1835,182633,120.0,114.59,,2.7334435033798217,78.86077404022217,115,,"0.513349,0.688217,0.740911,1.118477",,,0.488020,4.971165,6.198373,0.724386
1836,182756,123.0,114.98,,2.7334435033798217,78.86077404022217,115,,"0.513349,0.688217,0.740911,1.118477",,,0.488020,4.971165,6.198373,0.724386
1837,182867,111.0,115.07,,2.7334435033798217,78.86077404022217,115,,"0.513349,0.688217,0.740911,1.118477",,,0.488020,4.971165,6.198373,0.724386
1838,182903,36.0,113.99,,2.7334435033798217,78.86077404022217,115,,"0.513349,0.688217,0.740911,1.118477",,,0.488020,4.971165,6.198373,0.724386
1839,183017,114.0,114.0,,2.7334435033798217,78.86077404022217,115,,"0.513349,0.688217,0.740911,1.118477",,,0.488020,4.971165,6.198373,0.724386
1840,183062,45.0,113.1,,2.7238604688644408,79.52175116539001,116,,"0.511694,0.689532,0.735685,1.117661",,,0.489901,4.974776,6.159487,0.752319
1841,183198,136.0,113.14,,2.7238604688644408,79.52175116539001,116,,"0.511694,0.689532,0.735685,1.117661",,,0.489901,4.974776,6.159487,0.752319
1842,183308,110.0,112.92,,2.7238604688644408,79.52175116539001,116,,"0.511694,0.689532,0.735685,1.117661",,,0.489901,4.974776,6.159487,0.752319
1843,183411,103.0,112.8,,2.7238604688644408,79.52175116539001,116,,"0.511694,0.689532,0.735685,1.117661",,,0.489901,4.974776,6.159487,0.752319
1844,183549,138.0,113.96,,2.7238604688644408,79.52175116539001,116,,"0.511694,0.689532,0.735685,1.117661",,,0.489901,4.974776,6.159487,0.752319
1845,183662,113.0,113.71,,2.7238604688644408,79.52175116539001,116,,"0.511694,0.689532,0.735685,1.117661",,,0.489901,4.974776,6.159487,0.752319
1846,183799,137.0,113.82,,2.7238604688644408,79.52175116539001,116,,"0.511694,0.689532,0.735685,1.117661",,,0.489901,4.974776,6.159487,0.752319
1847,183925,126.0,113.88,,2.7238604688644408,79.52175116539001,116,,"0.511694,0.689532,0.735685,1.117661",,,0.489901,4.974776,6.159487,0.752319
1848,184037,112.0,113.82,,2.7238604688644408,79.52175116539001,116,,"0.511694,0.689532,0.735685,1.117661",,,0.489901,4.974776,6.159487,0.752319
1849,184154,117.0,113.78,,2.7238604688644408,79.52175116539001,116,,"0.511694,0.689532,0.735685,1.117661",120.4,9.478396488858229,0.489901,4.974776,6.159487,0.752319
1850,184277,123.0,113.9,,2.7238604688644408,79.52175116539001,116,,"0.511694,0.689532,0.735685,1.117661",,,0.489901,4.974776,6.159487,0.752319
1851,184381,104.0,113.8,,2.7238604688644408,79.52175116539001,116,,"0.511694,0.689532,0.735685,1.117661",,,0.489901,4.974776,6.159487,0.752319
1852,184502,121.0,113.94,,2.7238604688644408,79.5227563381195,116,,"0.511694,0.689532,0.735685,1.117661",,,0.489901,4.974776,6.159487,0.752319
1853,184633,131.0,114.08,,2.7238604688644408,79.5227563381195,116,,"0.511694,0.689532,0.735685,1.117661",,,0.489901,4.974776,6.159487,0.752319
1854,184752,119.0,113.99,,2.7238604688644408,79.5227563381195,116,,"0.511694,0.689532,0.735685,1.117661",,,0.489901,4.974776,6.159487,0.752319
1855,184855,103.0,113.96,,2.7238604688644408,79.5227563381195,116,,"0.511694,0.689532,0.735685,1.117661",,,0.489901,4.974776,6.159487,0.752319
1856,184930,75.0,114.19,,2.7089482498168946,80.31636691093445,117,,"0.510214,0.690714,0.730966,1.117468",,,0.484732,4.979913,5.481323,0.901658
1857,185053,123.0,114.29,,2.7089482498168946,80.31837153434753,117,,"0.510214,0.690714,0.730966,1.117468",,,0.484732,4.979913,5.481323,0.901658
1858,185194,141.0,114.29,,2.7089482498168946,80.31837153434753,117,,"0.510214,0.690714,0.730966,1.117468",,,0.484732,4.979913,5.481323,0.901658
1859,185358,164.0,114.75,,2.7089482498168946,80.31837153434753,117,,"0.510214,0.690714,0.730966,1.117468",,,0.484732,4.979913,5.481323,0.901658
1860,185456,98.0,114.52,,2.7089482498168946,80.31837153434753,117,,"0.510214,0.690714,0.730966,1.117468",,,0.484732,4.979913,5.481323,0.901658
1861,185567,111.0,114.36,,2.7089482498168946,80.31837153434753,117,,"0.510214,0.690714,0.730966,1.117468",,,0.484732,4.979913,5.481323,0.901658
1862,185682,115.0,114.27,,2.7089482498168946,80.31837153434753,117,,"0.510214,0.690714,0.730966,1.117468",,,0.484732,4.979913,5.481323,0.901658
1863,185784,102.0,114.05,,2.7089482498168946,80.31837153434753,117,,"0.510214,0.690714,0.730966,1.117468",,,0.484732,4.979913,5.481323,0.901658
1864,185898,114.0,113.99,,2.7089482498168946,80.31837153434753,117,,"0.510214,0.690714,0.730966,1.117468",,,0.484732,4.979913,5.481323,0.901658
1865,186018,120.0,114.06,,2.7089482498168946,80.31837153434753,117,,"0.510214,0.690714,0.730966,1.117468",,,0.484732,4.979913,5.481323,0.901658
1866,186126,108.0,114.0,,2.7089482498168946,80.31837153434753,117,,"0.510214,0.690714,0.730966,1.117468",,,0.484732,4.979913,5.481323,0.901658
1867,186242,116.0,113.79,,2.7089482498168946,80.31837153434753,117,,"0.510214,0.690714,0.730966,1.117468",,,0.484732,4.979913,5.481323,0.901658
1868,186352,110.0,113.57,,2.7089482498168946,80.31837153434753,117,,"0.510214,0.690714,0.730966,1.117468",,,0.484732,4.979913,5.481323,0.901658
1869,186481,129.0,113.72,,2.7089482498168946,80.31837153434753,117,,"0.510214,0.690714,0.730966,1.117468",,,0.484732,4.979913,5.481323,0.901658
1870,186630,149.0,114.68,,2.7089482498168946,80.31837153434753,117,,"0.510214,0.690714,0.730966,1.117468",,,0.484732,4.979913,5.481323,0.901658
1871,186714,84.0,114.42,,2.7089482498168946,80.31837153434753,117,,"0.510214,0.690714,0.730966,1.117468",,,0.484732,4.979913,5.481323,0.901658
1872,186788,74.0,113.99,,2.6904901933670042,80.97949290275574,118,,"0.509030,0.691738,0.726917,1.117285",,,0.486333,4.984513,5.571713,0.898762
1873,186913,125.0,114.04,,2.6904901933670042,80.97949290275574,118,,"0.509030,0.691738,0.726917,1.117285",,,0.486333,4.984513,5.571713,0.898762
1874,187028,115.0,113.36,,2.6904901933670042,80.97949290275574,118,,"0.509030,0.691738,0.726917,1.117285",,,0.486333,4.984513,5.571713,0.898762
1875,187149,121.0,113.69,,2.6904901933670042,80.97949290275574,118,,"0.509030,0.691738,0.726917,1.117285",,,0.486333,4.984513,5.571713,0.898762
1876,187253,104.0,113.31,,2.6904901933670042,80.97949290275574,118,,"0.509030,0.691738,0.726917,1.117285",,,0.486333,4.984513,5.571713,0.898762
1877,187365,112.0,113.37,,2.6904901933670042,80.97949290275574,118,,"0.509030,0.691738,0.726917,1.117285",,,0.486333,4.984513,5.571713,0.898762
1878,187480,115.0,113.39,,2.6904901933670042,80.97949290275574,118,,"0.509030,0.691738,0.726917,1.117285",,,0.486333,4.984513,5.571713,0.898762
1879,187613,133.0,113.58,,2.6904901933670042,80.97949290275574,118,,"0.509030,0.691738,0.726917,1.117285",,,0.486333,4.984513,5.571713,0.898762
1880,187730,117.0,113.53,,2.6904901933670042,80.97949290275574,118,,"0.509030,0.691738,0.726917,1.117285",,,0.486333,4.984513,5.571713,0.898762
1881,187856,126.0,113.39,,2.6904901933670042,80.97949290275574,118,,"0.509030,0.691738,0.726917,1.117285",,,0.486333,4.984513,5.571713,0.898762
1882,187961,105.0,113.26,,2.6904901933670042,80.97949290275574,118,,"0.509030,0.691738,0.726917,1.117285",,,0.486333,4.984513,5.571713,0.898762
1883,188083,122.0,113.48,,2.6904901933670042,80.97949290275574,118,,"0.509030,0.691738,0.726917,1.117285",,,0.486333,4.984513,5.571713,0.898762
1884,188201,118.0,114.13,,2.6904901933670042,80.97949290275574,118,,"0.509030,0.691738,0.726917,1.117285",,,0.486333,4.984513,5.571713,0.898762
1885,188316,115.0,113.96,,2.6904901933670042,80.97949290275574,118,,"0.509030,0.691738,0.726917,1.117285",,,0.486333,4.984513,5.571713,0.898762
1886,188429,113.0,113.97,,2.6904901933670042,80.97949290275574,118,,"0.509030,0.691738,0.726917,1.117285",,,0.486333,4.984513,5.571713,0.898762
1887,188530,101.0,113.76,,2.6904901933670042,80.97949290275574,118,,"0.509030,0.691738,0.726917,1.117285",,,0.486333,4.984513,5.571713,0.898762
1888,188655,125.0,113.79,,2.6749007368087767,81.6027626991272,119,,"0.507742,0.692131,0.724077,1.117589",,,0.488276,4.992774,5.673005,0.858536
1889,188761,106.0,113.72,,2.6749007368087767,81.6027626991272,119,,"0.507742,0.692131,0.724077,1.117589",,,0.488276,4.992774,5.673005,0.858536
1890,188878,117.0,113.81,,2.6749007368087767,81.6027626991272,119,,"0.507742,0.692131,0.724077,1.117589",,,0.488276,4.992774,5.673005,0.858536
1891,188976,98.0,113.73,,2.6749007368087767,81.6027626991272,119,,"0.507742,0.692131,0.724077,1.117589",,,0.488276,4.992774,5.673005,0.858536
1892,189030,54.0,113.01,,2.6749007368087767,81.6027626991272,119,,"0.507742,0.692131,0.724077,1.117589",,,0.488276,4.992774,5.673005,0.858536
1893,189135,105.0,112.83,,2.6749007368087767,81.6027626991272,119,,"0.507742,0.692131,0.724077,1.117589",,,0.488276,4.992774,5.673005,0.858536
1894,189235,100.0,112.7,,2.6749007368087767,81.6027626991272,119,,"0.507742,0.692131,0.724077,1.117589",,,0.488276,4.992774,5.673005,0.858536
1895,189274,39.0,111.98,,2.6749007368087767,81.6027626991272,119,,"0.507742,0.692131,0.724077,1.117589",,,0.488276,4.992774,5.673005,0.858536
1896,189382,108.0,111.8,,2.6749007368087767,81.6027626991272,119,,"0.507742,0.692131,0.724077,1.117589",,,0.488276,4.992774,5.673005,0.858536
1897,189485,103.0,111.72,,2.6749007368087767,81.6027626991272,119,,"0.507742,0.692131,0.724077,1.117589",,,0.488276,4.992774,5.673005,0.858536
1898,189600,115.0,111.66,,2.6749007368087767,81.6027626991272,119,,"0.507742,0.692131,0.724077,1.117589",,,0.488276,4.992774,5.673005,0.858536
1899,189712,112.0,111.69,,2.6749007368087767,81.6027626991272,119,,"0.507742,0.692131,0.724077,1.117589",117.6,8.42852300228219,0.488276,4.992774,5.673005,0.858536
1900,189815,103.0,111.56,,2.6749007368087767,81.60377049446106,119,,"0.507742,0.692131,0.724077,1.117589",,,0.488276,4.992774,5.673005,0.858536
1901,189930,115.0,111.44,,2.6749007368087767,81.60377049446106,119,,"0.507742,0.692131,0.724077,1.117589",,,0.488276,4.992774,5.673005,0.858536
1902,190015,85.0,111.27,,2.6749007368087767,81.60377049446106,119,,"0.507742,0.692131,0.724077,1.117589",,,0.488276,4.992774,5.673005,0.858536
1903,190131,116.0,111.33,,2.6749007368087767,81.60377049446106,119,,"0.507742,0.692131,0.724077,1.117589",,,0.488276,4.992774,5.673005,0.858536
1904,190233,102.0,111.28,,2.6715008640289306,82.25570607185364,120,,"0.506303,0.692130,0.721493,1.117892",,,0.486890,5.002811,6.261433,0.798975
1905,190340,107.0,111.18,,2.6715008640289306,82.25570607185364,120,,"0.506303,0.692130,0.721493,1.117892",,,0.486890,5.002811,6.261433,0.798975
1906,190448,108.0,110.69,,2.6715008640289306,82.25570607185364,120,,"0.506303,0.692130,0.721493,1.117892",,,0.486890,5.002811,6.261433,0.798975
1907,190571,123.0,110.47,,2.6715008640289306,82.25570607185364,120,,"0.506303,0.692130,0.721493,1.117892",,,0.486890,5.002811,6.261433,0.798975
1908,190697,126.0,110.59,,2.6715008640289306,82.25570607185364,120,,"0.506303,0.692130,0.721493,1.117892",,,0.486890,5.002811,6.261433,0.798975
1909,190806,109.0,110.29,,2.6715008640289306,82.25570607185364,120,,"0.506303,0.692130,0.721493,1.117892",,,0.486890,5.002811,6.261433,0.798975
1910,190836,30.0,109.51,,2.6715008640289306,82.25570607185364,120,,"0.506303,0.692130,0.721493,1.117892",,,0.486890,5.002811,6.261433,0.798975
1911,190947,111.0,109.52,,2.6715008640289306,82.25570607185364,120,,"0.506303,0.692130,0.721493,1.117892",,,0.486890,5.002811,6.261433,0.798975
1912,191080,133.0,109.65,,2.6715008640289306,82.25670504570007,120,,"0.506303,0.692130,0.721493,1.117892",,,0.486890,5.002811,6.261433,0.798975
1913,191205,125.0,109.98,,2.6715008640289306,82.25670504570007,120,,"0.506303,0.692130,0.721493,1.117892",,,0.486890,5.002811,6.261433,0.798975
1914,191314,109.0,109.83,,2.6715008640289306,82.25670504570007,120,,"0.506303,0.692130,0.721493,1.117892",,,0.486890,5.002811,6.261433,0.798975
1915,191390,76.0,110.3,,2.6715008640289306,82.25670504570007,120,,"0.506303,0.692130,0.721493,1.117892",,,0.486890,5.002811,6.261433,0.798975
1916,191489,99.0,109.72,,2.6715008640289306,82.25670504570007,120,,"0.506303,0.692130,0.721493,1.117892",,,0.486890,5.002811,6.261433,0.798975
1917,191593,104.0,109.68,,2.6715008640289306,82.25670504570007,120,,"0.506303,0.692130,0.721493,1.117892",,,0.486890,5.002811,6.261433,0.798975
1918,191682,89.0,109.2,,2.6715008640289306,82.25670504570007,120,,"0.506303,0.692130,0.721493,1.117892",,,0.486890,5.002811,6.261433,0.798975
1919,191794,112.0,110.0,,2.6715008640289306,82.25670504570007,120,,"0.506303,0.692130,0.721493,1.117892",,,0.486890,5.002811,6.261433,0.798975
1920,191902,108.0,109.94,,2.6515508842468263,82.85994839668274,121,,"0.505156,0.691251,0.720455,1.118419",,,0.472800,5.014807,4.862452,0.887739
1921,191955,53.0,109.37,,2.6515508842468263,82.85994839668274,121,,"0.505156,0.691251,0.720455,1.118419",,,0.472800,5.014807,4.862452,0.887739
1922,192079,124.0,109.41,,2.6515508842468263,82.85994839668274,121,,"0.505156,0.691251,0.720455,1.118419",,,0.472800,5.014807,4.862452,0.887739
1923,192206,127.0,109.58,,2.6515508842468263,82.85994839668274,121,,"0.505156,0.691251,0.720455,1.118419",,,0.472800,5.014807,4.862452,0.887739
1924,192316,110.0,109.45,,2.6515508842468263,82.85994839668274,121,,"0.505156,0.691251,0.720455,1.118419",,,0.472800,5.014807,4.862452,0.887739
1925,192430,114.0,109.15,,2.6515508842468263,82.85994839668274,121,,"0.505156,0.691251,0.720455,1.118419",,,0.472800,5.014807,4.862452,0.887739
1926,192548,118.0,109.0,,2.6515508842468263,82.85994839668274,121,,"0.505156,0.691251,0.720455,1.118419",,,0.472800,5.014807,4.862452,0.887739
1927,192623,75.0,108.5,,2.6515508842468263,82.85994839668274,121,,"0.505156,0.691251,0.720455,1.118419",,,0.472800,5.014807,4.862452,0.887739
1928,192706,83.0,108.17,,2.6515508842468263,82.85994839668274,121,,"0.505156,0.691251,0.720455,1.118419",,,0.472800,5.014807,4.862452,0.887739
1929,192772,66.0,107.59,,2.6515508842468263,82.85994839668274,121,,"0.505156,0.691251,0.720455,1.118419",,,0.472800,5.014807,4.862452,0.887739
1930,192862,90.0,107.42,,2.6515508842468263,82.85994839668274,121,,"0.505156,0.691251,0.720455,1.118419",,,0.472800,5.014807,4.862452,0.887739
1931,192969,107.0,107.41,,2.6515508842468263,82.85994839668274,121,,"0.505156,0.691251,0.720455,1.118419",,,0.472800,5.014807,4.862452,0.887739
1932,193078,109.0,107.4,,2.6515508842468263,82.85994839668274,121,,"0.505156,0.691251,0.720455,1.118419",,,0.472800,5.014807,4.862452,0.887739
1933,193176,98.0,107.97,,2.6515508842468263,82.85994839668274,121,,"0.505156,0.691251,0.720455,1.118419",,,0.472800,5.014807,4.862452,0.887739
1934,193291,115.0,107.78,,2.6515508842468263,82.85994839668274,121,,"0.505156,0.691251,0.720455,1.118419",,,0.472800,5.014807,4.862452,0.887739
1935,193365,74.0,107.32,,2.6515508842468263,82.85994839668274,121,,"0.505156,0.691251,0.720455,1.118419",,,0.472800,5.014807,4.862452,0.887739
1936,193476,111.0,107.2,,2.6459057426452635,83.51954507827759,122,,"0.504129,0.690685,0.719449,1.119016",,,0.481245,5.024973,5.324225,0.948008
1937,193600,124.0,107.33,,2.6459057426452635,83.51954507827759,122,,"0.504129,0.690685,0.719449,1.119016",,,0.481245,5.024973,5.324225,0.948008
1938,193706,106.0,108.03,,2.6459057426452635,83.51954507827759,122,,"0.504129,0.690685,0.719449,1.119016",,,0.481245,5.024973,5.324225,0.948008
1939,193835,129.0,108.18,,2.6459057426452635,83.51954507827759,122,,"0.504129,0.690685,0.719449,1.119016",,,0.481245,5.024973,5.324225,0.948008
1940,193966,131.0,109.04,,2.6459057426452635,83.51954507827759,122,,"0.504129,0.690685,0.719449,1.119016",,,0.481245,5.024973,5.324225,0.948008
1941,194086,120.0,108.88,,2.6459057426452635,83.51954507827759,122,,"0.504129,0.690685,0.719449,1.119016",,,0.481245,5.024973,5.324225,0.948008
1942,194190,104.0,108.82,,2.6459057426452635,83.51954507827759,122,,"0.504129,0.690685,0.719449,1.119016",,,0.481245,5.024973,5.324225,0.948008
1943,194319,129.0,109.08,,2.6459057426452635,83.51954507827759,122,,"0.504129,0.690685,0.719449,1.119016",,,0.481245,5.024973,5.324225,0.948008
1944,194454,135.0,109.05,,2.6459057426452635,83.51954507827759,122,,"0.504129,0.690685,0.719449,1.119016",,,0.481245,5.024973,5.324225,0.948008
1945,194565,111.0,109.03,,2.6459057426452635,83.51954507827759,122,,"0.504129,0.690685,0.719449,1.119016",,,0.481245,5.024973,5.324225,0.948008
1946,194681,116.0,108.82,,2.6459057426452635,83.51954507827759,122,,"0.504129,0.690685,0.719449,1.119016",,,0.481245,5.024973,5.324225,0.948008
1947,194811,130.0,108.86,,2.6459057426452635,83.51954507827759,122,,"0.504129,0.690685,0.719449,1.119016",,,0.481245,5.024973,5.324225,0.948008
1948,194914,103.0,108.77,,2.6459057426452635,83.51954507827759,122,,"0.504129,0.690685,0.719449,1.119016",,,0.481245,5.024973,5.324225,0.948008
1949,195012,98.0,108.58,,2.6459057426452635,83.51954507827759,122,,"0.504129,0.690685,0.719449,1.119016",118.0,8.024961059095553,0.481245,5.024973,5.324225,0.948008
1950,195115,103.0,108.38,,2.6459057426452635,83.52055191993713,122,,"0.504129,0.690685,0.719449,1.119016",,,0.481245,5.024973,5.324225,0.948008
1951,195233,118.0,108.52,,2.6459057426452635,83.52055191993713,122,,"0.504129,0.690685,0.719449,1.119016",,,0.481245,5.024973,5.324225,0.948008
1952,195343,110.0,108.41,,2.638928837776184,84.19186234474182,123,,"0.503206,0.689987,0.718802,1.119811",,,0.481596,5.035941,4.908321,0.922723
1953,195452,109.0,108.19,,2.638928837776184,84.19186234474182,123,,"0.503206,0.689987,0.718802,1.119811",,,0.481596,5.035941,4.908321,0.922723
1954,195533,81.0,107.81,,2.638928837776184,84.19186234474182,123,,"0.503206,0.689987,0.718802,1.119811",,,0.481596,5.035941,4.908321,0.922723
1955,195669,136.0,108.14,,2.638928837776184,84.19186234474182,123,,"0.503206,0.689987,0.718802,1.119811",,,0.481596,5.035941,4.908321,0.922723
1956,195795,126.0,108.65,,2.638928837776184,84.19186234474182,123,,"0.503206,0.689987,0.718802,1.119811",,,0.481596,5.035941,4.908321,0.922723
1957,195920,125.0,108.67,,2.638928837776184,84.19186234474182,123,,"0.503206,0.689987,0.718802,1.119811",,,0.481596,5.035941,4.908321,0.922723
1958,196022,102.0,108.28,,2.638928837776184,84.19186234474182,123,,"0.503206,0.689987,0.718802,1.119811",,,0.481596,5.035941,4.908321,0.922723
1959,196127,105.0,107.69,,2.638928837776184,84.19186234474182,123,,"0.503206,0.689987,0.718802,1.119811",,,0.481596,5.035941,4.908321,0.922723
1960,196161,34.0,107.05,,2.638928837776184,84.19186234474182,123,,"0.503206,0.689987,0.718802,1.119811",,,0.481596,5.035941,4.908321,0.922723
1961,196262,101.0,106.95,,2.638928837776184,84.19186234474182,123,,"0.503206,0.689987,0.718802,1.119811",,,0.481596,5.035941,4.908321,0.922723
1962,196379,117.0,106.97,,2.638928837776184,84.19186234474182,123,,"0.503206,0.689987,0.718802,1.119811",,,0.481596,5.035941,4.908321,0.922723
1963,196487,108.0,107.03,,2.638928837776184,84.19186234474182,123,,"0.503206,0.689987,0.718802,1.119811",,,0.481596,5.035941,4.908321,0.922723
1964,196597,110.0,106.99,,2.638928837776184,84.19186234474182,123,,"0.503206,0.689987,0.718802,1.119811",,,0.481596,5.035941,4.908321,0.922723
1965,196734,137.0,107.16,,2.638928837776184,84.19186234474182,123,,"0.503206,0.689987,0.718802,1.119811",,,0.481596,5.035941,4.908321,0.922723
1966,196866,132.0,107.4,,2.638928837776184,84.19186234474182,123,,"0.503206,0.689987,0.718802,1.119811",,,0.481596,5.035941,4.908321,0.922723
1967,196973,107.0,107.31,,2.638928837776184,84.19186234474182,123,,"0.503206,0.689987,0.718802,1.119811",,,0.481596,5.035941,4.908321,0.922723
1968,197084,111.0,107.32,,2.629349322319031,84.89328026771545,124,,"0.502307,0.688805,0.718546,1.120666",,,0.480676,5.047136,4.166006,0.961023
1969,197208,124.0,107.27,,2.629349322319031,84.89328026771545,124,,"0.502307,0.688805,0.718546,1.120666",,,0.480676,5.047136,4.166006,0.961023
1970,197325,117.0,106.95,,2.629349322319031,84.89430212974548,124,,"0.502307,0.688805,0.718546,1.120666",,,0.480676,5.047136,4.166006,0.961023
1971,197436,111.0,107.22,,2.629349322319031,84.89430212974548,124,,"0.502307,0.688805,0.718546,1.120666",,,0.480676,5.047136,4.166006,0.961023
1972,197542,106.0,107.54,,2.629349322319031,84.89430212974548,124,,"0.502307,0.688805,0.718546,1.120666",,,0.480676,5.047136,4.166006,0.961023
1973,197670,128.0,107.57,,2.629349322319031,84.89430212974548,124,,"0.502307,0.688805,0.718546,1.120666",,,0.480676,5.047136,4.166006,0.961023
1974,197800,130.0,107.72,,2.629349322319031,84.89430212974548,124,,"0.502307,0.688805,0.718546,1.120666",,,0.480676,5.047136,4.166006,0.961023
1975,197888,88.0,107.39,,2.629349322319031,84.89430212974548,124,,"0.502307,0.688805,0.718546,1.120666",,,0.480676,5.047136,4.166006,0.961023
1976,198039,151.0,107.86,,2.629349322319031,84.89430212974548,124,,"0.502307,0.688805,0.718546,1.120666",,,0.480676,5.047136,4.166006,0.961023
1977,198151,112.0,107.86,,2.629349322319031,84.89430212974548,124,,"0.502307,0.688805,0.718546,1.120666",,,0.480676,5.047136,4.166006,0.961023
1978,198259,108.0,107.79,,2.629349322319031,84.89430212974548,124,,"0.502307,0.688805,0.718546,1.120666",,,0.480676,5.047136,4.166006,0.961023
1979,198402,143.0,107.89,,2.629349322319031,84.89430212974548,124,,"0.502307,0.688805,0.718546,1.120666",,,0.480676,5.047136,4.166006,0.961023
1980,198507,105.0,107.77,,2.629349322319031,84.89430212974548,124,,"0.502307,0.688805,0.718546,1.120666",,,0.480676,5.047136,4.166006,0.961023
1981,198618,111.0,107.62,,2.629349322319031,84.89430212974548,124,,"0.502307,0.688805,0.718546,1.120666",,,0.480676,5.047136,4.166006,0.961023
1982,198732,114.0,107.71,,2.629349322319031,84.89430212974548,124,,"0.502307,0.688805,0.718546,1.120666",,,0.480676,5.047136,4.166006,0.961023
1983,198859,127.0,107.76,,2.629349322319031,84.89430212974548,124,,"0.502307,0.688805,0.718546,1.120666",,,0.480676,5.047136,4.166006,0.961023
1984,198965,106.0,107.64,,2.620791320800781,85.52120184898376,125,,"0.501570,0.687335,0.718605,1.121568",,,0.474777,5.058562,3.539638,0.943746
1985,199074,109.0,107.58,,2.620791320800781,85.52120184898376,125,,"0.501570,0.687335,0.718605,1.121568",,,0.474777,5.058562,3.539638,0.943746
1986,199178,104.0,107.49,,2.620791320800781,85.52120184898376,125,,"0.501570,0.687335,0.718605,1.121568",,,0.474777,5.058562,3.539638,0.943746
1987,199255,77.0,107.25,,2.620791320800781,85.52120184898376,125,,"0.501570,0.687335,0.718605,1.121568",,,0.474777,5.058562,3.539638,0.943746
1988,199361,106.0,107.06,,2.620791320800781,85.52120184898376,125,,"0.501570,0.687335,0.718605,1.121568",,,0.474777,5.058562,3.539638,0.943746
1989,199482,121.0,107.21,,2.620791320800781,85.52120184898376,125,,"0.501570,0.687335,0.718605,1.121568",,,0.474777,5.058562,3.539638,0.943746
1990,199603,121.0,107.25,,2.620791320800781,85.52120184898376,125,,"0.501570,0.687335,0.718605,1.121568",,,0.474777,5.058562,3.539638,0.943746
1991,199709,106.0,107.33,,2.620791320800781,85.52120184898376,125,,"0.501570,0.687335,0.718605,1.121568",,,0.474777,5.058562,3.539638,0.943746
1992,199814,105.0,107.84,,2.620791320800781,85.52120184898376,125,,"0.501570,0.687335,0.718605,1.121568",,,0.474777,5.058562,3.539638,0.943746
1993,199918,104.0,107.83,,2.620791320800781,85.52120184898376,125,,"0.501570,0.687335,0.718605,1.121568",,,0.474777,5.058562,3.539638,0.943746
1994,200036,118.0,108.01,,2.620791320800781,85.52120184898376,125,,"0.501570,0.687335,0.718605,1.121568",,,0.474777,5.058562,3.539638,0.943746
1995,200167,131.0,108.93,,2.620791320800781,85.52120184898376,125,,"0.501570,0.687335,0.718605,1.121568",,,0.474777,5.058562,3.539638,0.943746
1996,200283,116.0,109.01,,2.620791320800781,85.52120184898376,125,,"0.501570,0.687335,0.718605,1.121568",,,0.474777,5.058562,3.539638,0.943746
1997,200387,104.0,109.02,,2.620791320800781,85.52120184898376,125,,"0.501570,0.687335,0.718605,1.121568",,,0.474777,5.058562,3.539638,0.943746
1998,200506,119.0,109.06,,2.620791320800781,85.52120184898376,125,,"0.501570,0.687335,0.718605,1.121568",,,0.474777,5.058562,3.539638,0.943746
1999,200588,82.0,108.76,,2.620791320800781,85.52120184898376,125,,"0.501570,0.687335,0.718605,1.121568",120.8,8.182909018191515,0.474777,5.058562,3.539638,0.943746
2000,200685,97.0,108.7,,2.6106142687797544,86.1392982006073,126,,"0.501175,0.685279,0.719997,1.122559",,,0.469896,5.071853,3.298887,0.894200
2001,200747,62.0,108.17,,2.6106142687797544,86.14030075073242,126,,"0.501175,0.685279,0.719997,1.122559",,,0.469896,5.071853,3.298887,0.894200
2002,200876,129.0,108.61,,2.6106142687797544,86.14030075073242,126,,"0.501175,0.685279,0.719997,1.122559",,,0.469896,5.071853,3.298887,0.894200
2003,200993,117.0,108.62,,2.6106142687797544,86.14030075073242,126,,"0.501175,0.685279,0.719997,1.122559",,,0.469896,5.071853,3.298887,0.894200
2004,201098,105.0,108.65,,2.6106142687797544,86.14030075073242,126,,"0.501175,0.685279,0.719997,1.122559",,,0.469896,5.071853,3.298887,0.894200
2005,201225,127.0,108.85,,2.6106142687797544,86.14030075073242,126,,"0.501175,0.685279,0.719997,1.122559",,,0.469896,5.071853,3.298887,0.894200
2006,201334,109.0,108.86,,2.6106142687797544,86.14030075073242,126,,"0.501175,0.685279,0.719997,1.122559",,,0.469896,5.071853,3.298887,0.894200
2007,201434,100.0,108.63,,2.6106142687797544,86.14030075073242,126,,"0.501175,0.685279,0.719997,1.122559",,,0.469896,5.071853,3.298887,0.894200
2008,201530,96.0,108.33,,2.6106142687797544,86.14030075073242,126,,"0.501175,0.685279,0.719997,1.122559",,,0.469896,5.071853,3.298887,0.894200
2009,201643,113.0,108.37,,2.6106142687797544,86.14030075073242,126,,"0.501175,0.685279,0.719997,1.122559",,,0.469896,5.071853,3.298887,0.894200
2010,201756,113.0,109.2,,2.6106142687797544,86.14030075073242,126,,"0.501175,0.685279,0.719997,1.122559",,,0.469896,5.071853,3.298887,0.894200
2011,201854,98.0,109.07,,2.6106142687797544,86.14030075073242,126,,"0.501175,0.685279,0.719997,1.122559",,,0.469896,5.071853,3.298887,0.894200
2012,201971,117.0,108.91,,2.6106142687797544,86.14030075073242,126,,"0.501175,0.685279,0.719997,1.122559",,,0.469896,5.071853,3.298887,0.894200
2013,202090,119.0,108.85,,2.6106142687797544,86.14030075073242,126,,"0.501175,0.685279,0.719997,1.122559",,,0.469896,5.071853,3.298887,0.894200
2014,202183,93.0,108.69,,2.6106142687797544,86.14030075073242,126,,"0.501175,0.685279,0.719997,1.122559",,,0.469896,5.071853,3.298887,0.894200
2015,202222,39.0,108.32,,2.6106142687797544,86.14030075073242,126,,"0.501175,0.685279,0.719997,1.122559",,,0.469896,5.071853,3.298887,0.894200
2016,202342,120.0,108.53,,2.596668152809143,86.78927373886108,127,,"0.500791,0.683880,0.721310,1.123793",,,0.476694,5.084755,2.665095,0.941116
2017,202453,111.0,108.6,,2.596668152809143,86.78927373886108,127,,"0.500791,0.683880,0.721310,1.123793",,,0.476694,5.084755,2.665095,0.941116
2018,202589,136.0,109.07,,2.596668152809143,86.78927373886108,127,,"0.500791,0.683880,0.721310,1.123793",,,0.476694,5.084755,2.665095,0.941116
2019,202691,102.0,108.97,,2.596668152809143,86.78927373886108,127,,"0.500791,0.683880,0.721310,1.123793",,,0.476694,5.084755,2.665095,0.941116
2020,202827,136.0,109.25,,2.596668152809143,86.78927373886108,127,,"0.500791,0.683880,0.721310,1.123793",,,0.476694,5.084755,2.665095,0.941116
2021,202945,118.0,109.9,,2.596668152809143,86.78927373886108,127,,"0.500791,0.683880,0.721310,1.123793",,,0.476694,5.084755,2.665095,0.941116
2022,203060,115.0,109.81,,2.596668152809143,86.78927373886108,127,,"0.500791,0.683880,0.721310,1.123793",,,0.476694,5.084755,2.665095,0.941116
2023,203171,111.0,109.65,,2.596668152809143,86.78927373886108,127,,"0.500791,0.683880,0.721310,1.123793",,,0.476694,5.084755,2.665095,0.941116
2024,203289,118.0,109.73,,2.596668152809143,86.78927373886108,127,,"0.500791,0.683880,0.721310,1.123793",,,0.476694,5.084755,2.665095,0.941116
2025,203345,56.0,109.15,,2.596668152809143,86.78927373886108,127,,"0.500791,0.683880,0.721310,1.123793",,,0.476694,5.084755,2.665095,0.941116
2026,203468,123.0,109.2,,2.596668152809143,86.78927373886108,127,,"0.500791,0.683880,0.721310,1.123793",,,0.476694,5.084755,2.665095,0.941116
2027,203584,116.0,109.61,,2.596668152809143,86.78927373886108,127,,"0.500791,0.683880,0.721310,1.123793",,,0.476694,5.084755,2.665095,0.941116
2028,203698,114.0,109.92,,2.596668152809143,86.78927373886108,127,,"0.500791,0.683880,0.721310,1.123793",,,0.476694,5.084755,2.665095,0.941116
2029,203824,126.0,110.52,,2.596668152809143,86.78927373886108,127,,"0.500791,0.683880,0.721310,1.123793",,,0.476694,5.084755,2.665095,0.941116
2030,203949,125.0,110.87,,2.596668152809143,86.78927373886108,127,,"0.500791,0.683880,0.721310,1.123793",,,0.476694,5.084755,2.665095,0.941116
2031,204072,123.0,111.03,,2.596668152809143,86.78927373886108,127,,"0.500791,0.683880,0.721310,1.123793",,,0.476694,5.084755,2.665095,0.941116
2032,204185,113.0,111.07,,2.587713150978088,87.46840620040894,128,,"0.500376,0.683082,0.721938,1.125418",,,0.464735,5.095871,3.034194,0.949305
2033,204308,123.0,111.32,,2.587713150978088,87.46840620040894,128,,"0.500376,0.683082,0.721938,1.125418",,,0.464735,5.095871,3.034194,0.949305
2034,204418,110.0,111.27,,2.587713150978088,87.46840620040894,128,,"0.500376,0.683082,0.721938,1.125418",,,0.464735,5.095871,3.034194,0.949305
2035,204532,114.0,111.67,,2.587713150978088,87.46840620040894,128,,"0.500376,0.683082,0.721938,1.125418",,,0.464735,5.095871,3.034194,0.949305
2036,204665,133.0,111.89,,2.587713150978088,87.46840620040894,128,,"0.500376,0.683082,0.721938,1.125418",,,0.464735,5.095871,3.034194,0.949305
2037,204774,109.0,111.74,,2.587713150978088,87.46840620040894,128,,"0.500376,0.683082,0.721938,1.125418",,,0.464735,5.095871,3.034194,0.949305
2038,204876,102.0,111.7,,2.587713150978088,87.46840620040894,128,,"0.500376,0.683082,0.721938,1.125418",,,0.464735,5.095871,3.034194,0.949305
2039,204978,102.0,111.43,,2.587713150978088,87.46840620040894,128,,"0.500376,0.683082,0.721938,1.125418",,,0.464735,5.095871,3.034194,0.949305
2040,205117,139.0,111.51,,2.587713150978088,87.46840620040894,128,,"0.500376,0.683082,0.721938,1.125418",,,0.464735,5.095871,3.034194,0.949305
2041,205251,134.0,111.65,,2.587713150978088,87.46840620040894,128,,"0.500376,0.683082,0.721938,1.125418",,,0.464735,5.095871,3.034194,0.949305
2042,205359,108.0,111.69,,2.587713150978088,87.46840620040894,128,,"0.500376,0.683082,0.721938,1.125418",,,0.464735,5.095871,3.034194,0.949305
2043,205490,131.0,111.71,,2.587713150978088,87.46840620040894,128,,"0.500376,0.683082,0.721938,1.125418",,,0.464735,5.095871,3.034194,0.949305
2044,205621,131.0,111.67,,2.587713150978088,87.46840620040894,128,,"0.500376,0.683082,0.721938,1.125418",,,0.464735,5.095871,3.034194,0.949305
2045,205720,99.0,111.55,,2.587713150978088,87.46840620040894,128,,"0.500376,0.683082,0.721938,1.125418",,,0.464735,5.095871,3.034194,0.949305
2046,205857,137.0,111.76,,2.587713150978088,87.46840620040894,128,,"0.500376,0.683082,0.721938,1.125418",,,0.464735,5.095871,3.034194,0.949305
2047,205987,130.0,111.76,,2.587713150978088,87.46840620040894,128,,"0.500376,0.683082,0.721938,1.125418",,,0.464735,5.095871,3.034194,0.949305
2048,206109,122.0,111.95,,2.573448896408081,88.31733870506287,129,,"0.498078,0.681924,0.721644,1.127135",,,0.471326,5.107463,3.396266,0.942582
2049,206223,114.0,112.11,,2.573448896408081,88.31733870506287,129,,"0.498078,0.681924,0.721644,1.127135",124.4,9.393614852653903,0.471326,5.107463,3.396266,0.942582
2050,206346,123.0,112.31,,2.573448896408081,88.31733870506287,129,,"0.498078,0.681924,0.721644,1.127135",,,0.471326,5.107463,3.396266,0.942582
2051,206457,111.0,112.24,,2.573448896408081,88.31733870506287,129,,"0.498078,0.681924,0.721644,1.127135",,,0.471326,5.107463,3.396266,0.942582
2052,206590,133.0,112.47,,2.573448896408081,88.31733870506287,129,,"0.498078,0.681924,0.721644,1.127135",,,0.471326,5.107463,3.396266,0.942582
2053,206745,155.0,112.93,,2.573448896408081,88.31733870506287,129,,"0.498078,0.681924,0.721644,1.127135",,,0.471326,5.107463,3.396266,0.942582
2054,206855,110.0,113.22,,2.573448896408081,88.31733870506287,129,,"0.498078,0.681924,0.721644,1.127135",,,0.471326,5.107463,3.396266,0.942582
2055,206974,119.0,113.05,,2.573448896408081,88.31733870506287,129,,"0.498078,0.681924,0.721644,1.127135",,,0.471326,5.107463,3.396266,0.942582
2056,207101,127.0,113.06,,2.573448896408081,88.31733870506287,129,,"0.498078,0.681924,0.721644,1.127135",,,0.471326,5.107463,3.396266,0.942582
2057,207221,120.0,113.01,,2.573448896408081,88.31733870506287,129,,"0.498078,0.681924,0.721644,1.127135",,,0.471326,5.107463,3.396266,0.942582
2058,207341,120.0,113.19,,2.573448896408081,88.31733870506287,129,,"0.498078,0.681924,0.721644,1.127135",,,0.471326,5.107463,3.396266,0.942582
2059,207462,121.0,113.35,,2.573448896408081,88.31833863258362,129,,"0.498078,0.681924,0.721644,1.127135",,,0.471326,5.107463,3.396266,0.942582
2060,207616,154.0,114.55,,2.573448896408081,88.31833863258362,129,,"0.498078,0.681924,0.721644,1.127135",,,0.471326,5.107463,3.396266,0.942582
2061,207753,137.0,114.91,,2.573448896408081,88.31833863258362,129,,"0.498078,0.681924,0.721644,1.127135",,,0.471326,5.107463,3.396266,0.942582
2062,207859,106.0,114.8,,2.573448896408081,88.31833863258362,129,,"0.498078,0.681924,0.721644,1.127135",,,0.471326,5.107463,3.396266,0.942582
2063,207977,118.0,114.9,,2.573448896408081,88.31833863258362,129,,"0.498078,0.681924,0.721644,1.127135",,,0.471326,5.107463,3.396266,0.942582
2064,208093,116.0,114.96,,2.5772761368751524,89.01610231399536,130,,"0.496087,0.680715,0.721334,1.129021",,,0.468503,5.119984,4.202696,0.913975
2065,208223,130.0,114.89,,2.5772761368751524,89.01610231399536,130,,"0.496087,0.680715,0.721334,1.129021",,,0.468503,5.119984,4.202696,0.913975
2066,208353,130.0,114.87,,2.5772761368751524,89.01610231399536,130,,"0.496087,0.680715,0.721334,1.129021",,,0.468503,5.119984,4.202696,0.913975
2067,208460,107.0,114.87,,2.5772761368751524,89.01610231399536,130,,"0.496087,0.680715,0.721334,1.129021",,,0.468503,5.119984,4.202696,0.913975
2068,208560,100.0,114.76,,2.5772761368751524,89.01610231399536,130,,"0.496087,0.680715,0.721334,1.129021",,,0.468503,5.119984,4.202696,0.913975
2069,208668,108.0,114.6,,2.5772761368751524,89.01610231399536,130,,"0.496087,0.680715,0.721334,1.129021",,,0.468503,5.119984,4.202696,0.913975
2070,208805,137.0,114.8,,2.5772761368751524,89.01610231399536,130,,"0.496087,0.680715,0.721334,1.129021",,,0.468503,5.119984,4.202696,0.913975
2071,208925,120.0,114.89,,2.5772761368751524,89.01610231399536,130,,"0.496087,0.680715,0.721334,1.129021",,,0.468503,5.119984,4.202696,0.913975
2072,209048,123.0,115.06,,2.5772761368751524,89.01610231399536,130,,"0.496087,0.680715,0.721334,1.129021",,,0.468503,5.119984,4.202696,0.913975
2073,209173,125.0,115.03,,2.5772761368751524,89.01610231399536,130,,"0.496087,0.680715,0.721334,1.129021",,,0.468503,5.119984,4.202696,0.913975
2074,209299,126.0,114.99,,2.5772761368751524,89.01610231399536,130,,"0.496087,0.680715,0.721334,1.129021",,,0.468503,5.119984,4.202696,0.913975
2075,209389,90.0,115.01,,2.5772761368751524,89.01610231399536,130,,"0.496087,0.680715,0.721334,1.129021",,,0.468503,5.119984,4.202696,0.913975
2076,209508,119.0,114.69,,2.5772761368751524,89.01610231399536,130,,"0.496087,0.680715,0.721334,1.129021",,,0.468503,5.119984,4.202696,0.913975
2077,209633,125.0,114.82,,2.5772761368751524,89.01610231399536,130,,"0.496087,0.680715,0.721334,1.129021",,,0.468503,5.119984,4.202696,0.913975
2078,209759,126.0,115.0,,2.5772761368751524,89.01710247993469,130,,"0.496087,0.680715,0.721334,1.129021",,,0.468503,5.119984,4.202696,0.913975
2079,209885,126.0,114.83,,2.5772761368751524,89.01710247993469,130,,"0.496087,0.680715,0.721334,1.129021",,,0.468503,5.119984,4.202696,0.913975
2080,210003,118.0,114.96,,2.5800062584877015,89.73083901405334,131,,"0.494257,0.680076,0.720287,1.130735",,,0.460742,5.130323,4.868492,0.928004
2081,210130,127.0,115.12,,2.5800062584877015,89.73083901405334,131,,"0.494257,0.680076,0.720287,1.130735",,,0.460742,5.130323,4.868492,0.928004
2082,210254,124.0,115.22,,2.5800062584877015,89.7318549156189,131,,"0.494257,0.680076,0.720287,1.130735",,,0.460742,5.130323,4.868492,0.928004
2083,210382,128.0,115.23,,2.5800062584877015,89.7318549156189,131,,"0.494257,0.680076,0.720287,1.130735",,,0.460742,5.130323,4.868492,0.928004
2084,210493,111.0,115.28,,2.5800062584877015,89.7318549156189,131,,"0.494257,0.680076,0.720287,1.130735",,,0.460742,5.130323,4.868492,0.928004
2085,210617,124.0,115.43,,2.5800062584877015,89.7318549156189,131,,"0.494257,0.680076,0.720287,1.130735",,,0.460742,5.130323,4.868492,0.928004
2086,210728,111.0,115.5,,2.5800062584877015,89.7318549156189,131,,"0.494257,0.680076,0.720287,1.130735",,,0.460742,5.130323,4.868492,0.928004
2087,210858,130.0,116.03,,2.5800062584877015,89.7318549156189,131,,"0.494257,0.680076,0.720287,1.130735",,,0.460742,5.130323,4.868492,0.928004
2088,210978,120.0,116.17,,2.5800062584877015,89.7318549156189,131,,"0.494257,0.680076,0.720287,1.130735",,,0.460742,5.130323,4.868492,0.928004
2089,211083,105.0,116.01,,2.5800062584877015,89.7318549156189,131,,"0.494257,0.680076,0.720287,1.130735",,,0.460742,5.130323,4.868492,0.928004
2090,211189,106.0,115.86,,2.5800062584877015,89.7318549156189,131,,"0.494257,0.680076,0.720287,1.130735",,,0.460742,5.130323,4.868492,0.928004
2091,211328,139.0,116.19,,2.5800062584877015,89.7318549156189,131,,"0.494257,0.680076,0.720287,1.130735",,,0.460742,5.130323,4.868492,0.928004
2092,211448,120.0,116.34,,2.5800062584877015,89.7318549156189,131,,"0.494257,0.680076,0.720287,1.130735",,,0.460742,5.130323,4.868492,0.928004
2093,211562,114.0,116.44,,2.5800062584877015,89.7318549156189,131,,"0.494257,0.680076,0.720287,1.130735",,,0.460742,5.130323,4.868492,0.928004
2094,211669,107.0,116.33,,2.5800062584877015,89.7318549156189,131,,"0.494257,0.680076,0.720287,1.130735",,,0.460742,5.130323,4.868492,0.928004
2095,211785,116.0,116.18,,2.5800062584877015,89.7318549156189,131,,"0.494257,0.680076,0.720287,1.130735",,,0.460742,5.130323,4.868492,0.928004
2096,211922,137.0,116.39,,2.580085189342499,90.5058810710907,132,,"0.492504,0.679982,0.719079,1.132761",,,0.467560,5.141698,5.197544,0.901341
2097,212054,132.0,116.67,,2.580085189342499,90.5058810710907,132,,"0.492504,0.679982,0.719079,1.132761",,,0.467560,5.141698,5.197544,0.901341
2098,212168,114.0,116.62,,2.580085189342499,90.5058810710907,132,,"0.492504,0.679982,0.719079,1.132761",,,0.467560,5.141698,5.197544,0.901341
2099,212340,172.0,117.52,,2.580085189342499,90.5058810710907,132,,"0.492504,0.679982,0.719079,1.132761",126.2,10.533755265810953,0.467560,5.141698,5.197544,0.901341
2100,212478,138.0,117.93,,2.580085189342499,90.5058810710907,132,,"0.492504,0.679982,0.719079,1.132761",,,0.467560,5.141698,5.197544,0.901341
2101,212521,43.0,117.74,,2.580085189342499,90.5058810710907,132,,"0.492504,0.679982,0.719079,1.132761",,,0.467560,5.141698,5.197544,0.901341
2102,212645,124.0,117.69,,2.580085189342499,90.5058810710907,132,,"0.492504,0.679982,0.719079,1.132761",,,0.467560,5.141698,5.197544,0.901341
2103,212772,127.0,117.79,,2.580085189342499,90.5058810710907,132,,"0.492504,0.679982,0.719079,1.132761",,,0.467560,5.141698,5.197544,0.901341
2104,212877,105.0,117.79,,2.580085189342499,90.5058810710907,132,,"0.492504,0.679982,0.719079,1.132761",,,0.467560,5.141698,5.197544,0.901341
2105,213003,126.0,117.78,,2.580085189342499,90.5058810710907,132,,"0.492504,0.679982,0.719079,1.132761",,,0.467560,5.141698,5.197544,0.901341
2106,213120,117.0,117.86,,2.580085189342499,90.50699210166931,132,,"0.492504,0.679982,0.719079,1.132761",,,0.467560,5.141698,5.197544,0.901341
2107,213232,112.0,117.98,,2.580085189342499,90.50699210166931,132,,"0.492504,0.679982,0.719079,1.132761",,,0.467560,5.141698,5.197544,0.901341
2108,213357,125.0,118.27,,2.580085189342499,90.50699210166931,132,,"0.492504,0.679982,0.719079,1.132761",,,0.467560,5.141698,5.197544,0.901341
2109,213490,133.0,118.47,,2.580085189342499,90.50699210166931,132,,"0.492504,0.679982,0.719079,1.132761",,,0.467560,5.141698,5.197544,0.901341
2110,213605,115.0,118.49,,2.580085189342499,90.50699210166931,132,,"0.492504,0.679982,0.719079,1.132761",,,0.467560,5.141698,5.197544,0.901341
2111,213712,107.0,118.58,,2.580085189342499,90.50699210166931,132,,"0.492504,0.679982,0.719079,1.132761",,,0.467560,5.141698,5.197544,0.901341
2112,213836,124.0,118.65,,2.577719438076019,91.2257330417633,133,,"0.490808,0.680301,0.717135,1.134793",,,0.466635,5.152496,4.867849,0.931280
2113,213948,112.0,118.58,,2.577719438076019,91.2257330417633,133,,"0.490808,0.680301,0.717135,1.134793",,,0.466635,5.152496,4.867849,0.931280
2114,214084,136.0,119.01,,2.577719438076019,91.2257330417633,133,,"0.490808,0.680301,0.717135,1.134793",,,0.466635,5.152496,4.867849,0.931280
2115,214203,119.0,119.81,,2.577719438076019,91.2257330417633,133,,"0.490808,0.680301,0.717135,1.134793",,,0.466635,5.152496,4.867849,0.931280
2116,214317,114.0,119.75,,2.577719438076019,91.2257330417633,133,,"0.490808,0.680301,0.717135,1.134793",,,0.466635,5.152496,4.867849,0.931280
2117,214430,113.0,119.77,,2.577719438076019,91.2257330417633,133,,"0.490808,0.680301,0.717135,1.134793",,,0.466635,5.152496,4.867849,0.931280
2118,214563,133.0,119.74,,2.577719438076019,91.2257330417633,133,,"0.490808,0.680301,0.717135,1.134793",,,0.466635,5.152496,4.867849,0.931280
2119,214691,128.0,120.0,,2.577719438076019,91.2257330417633,133,,"0.490808,0.680301,0.717135,1.134793",,,0.466635,5.152496,4.867849,0.931280
2120,214820,129.0,119.93,,2.577719438076019,91.2257330417633,133,,"0.490808,0.680301,0.717135,1.134793",,,0.466635,5.152496,4.867849,0.931280
2121,214937,117.0,119.92,,2.577719438076019,91.2257330417633,133,,"0.490808,0.680301,0.717135,1.134793",,,0.466635,5.152496,4.867849,0.931280
2122,215084,147.0,120.24,,2.577719438076019,91.2257330417633,133,,"0.490808,0.680301,0.717135,1.134793",,,0.466635,5.152496,4.867849,0.931280
2123,215201,117.0,120.3,,2.577719438076019,91.2257330417633,133,,"0.490808,0.680301,0.717135,1.134793",,,0.466635,5.152496,4.867849,0.931280
2124,215310,109.0,120.21,,2.577719438076019,91.2257330417633,133,,"0.490808,0.680301,0.717135,1.134793",,,0.466635,5.152496,4.867849,0.931280
2125,215447,137.0,121.02,,2.577719438076019,91.2257330417633,133,,"0.490808,0.680301,0.717135,1.134793",,,0.466635,5.152496,4.867849,0.931280
2126,215559,112.0,120.91,,2.577719438076019,91.2257330417633,133,,"0.490808,0.680301,0.717135,1.134793",,,0.466635,5.152496,4.867849,0.931280
2127,215715,156.0,121.31,,2.577719438076019,91.2257330417633,133,,"0.490808,0.680301,0.717135,1.134793",,,0.466635,5.152496,4.867849,0.931280
2128,215831,116.0,121.33,,2.573759377002716,91.9001715183258,134,,"0.489136,0.680741,0.715499,1.136910",,,0.460206,5.164071,5.045328,0.918450
2129,215941,110.0,121.17,,2.573759377002716,91.9001715183258,134,,"0.489136,0.680741,0.715499,1.136910",,,0.460206,5.164071,5.045328,0.918450
2130,216081,140.0,121.32,,2.573759377002716,91.9001715183258,134,,"0.489136,0.680741,0.715499,1.136910",,,0.460206,5.164071,5.045328,0.918450
2131,216194,113.0,121.22,,2.573759377002716,91.9001715183258,134,,"0.489136,0.680741,0.715499,1.136910",,,0.460206,5.164071,5.045328,0.918450
2132,216315,121.0,121.3,,2.573759377002716,91.9001715183258,134,,"0.489136,0.680741,0.715499,1.136910",,,0.460206,5.164071,5.045328,0.918450
2133,216431,116.0,121.23,,2.573759377002716,91.9001715183258,134,,"0.489136,0.680741,0.715499,1.136910",,,0.460206,5.164071,5.045328,0.918450
2134,216548,117.0,121.3,,2.573759377002716,91.9001715183258,134,,"0.489136,0.680741,0.715499,1.136910",,,0.460206,5.164071,5.045328,0.918450
2135,216658,110.0,121.26,,2.573759377002716,91.9001715183258,134,,"0.489136,0.680741,0.715499,1.136910",,,0.460206,5.164071,5.045328,0.918450
2136,216777,119.0,121.12,,2.573759377002716,91.9001715183258,134,,"0.489136,0.680741,0.715499,1.136910",,,0.460206,5.164071,5.045328,0.918450
2137,216895,118.0,121.21,,2.573759377002716,91.9001715183258,134,,"0.489136,0.680741,0.715499,1.136910",,,0.460206,5.164071,5.045328,0.918450
2138,217006,111.0,121.3,,2.573759377002716,91.9001715183258,134,,"0.489136,0.680741,0.715499,1.136910",,,0.460206,5.164071,5.045328,0.918450
2139,217113,107.0,121.35,,2.573759377002716,91.9001715183258,134,,"0.489136,0.680741,0.715499,1.136910",,,0.460206,5.164071,5.045328,0.918450
2140,217239,126.0,121.22,,2.573759377002716,91.9001715183258,134,,"0.489136,0.680741,0.715499,1.136910",,,0.460206,5.164071,5.045328,0.918450
2141,217365,126.0,121.14,,2.573759377002716,91.9001715183258,134,,"0.489136,0.680741,0.715499,1.136910",,,0.460206,5.164071,5.045328,0.918450
2142,217498,133.0,121.39,,2.573759377002716,91.9001715183258,134,,"0.489136,0.680741,0.715499,1.136910",,,0.460206,5.164071,5.045328,0.918450
2143,217615,117.0,121.25,,2.573759377002716,91.9001715183258,134,,"0.489136,0.680741,0.715499,1.136910",,,0.460206,5.164071,5.045328,0.918450
2144,217757,142.0,121.36,,2.5648866486549378,92.58200240135193,135,,"0.487565,0.681527,0.713558,1.138938",,,0.458420,5.174181,4.353283,0.956754
2145,217873,116.0,121.53,,2.5648866486549378,92.58200240135193,135,,"0.487565,0.681527,0.713558,1.138938",,,0.458420,5.174181,4.353283,0.956754
2146,217995,122.0,121.38,,2.5648866486549378,92.58200240135193,135,,"0.487565,0.681527,0.713558,1.138938",,,0.458420,5.174181,4.353283,0.956754
2147,218116,121.0,121.29,,2.5648866486549378,92.58200240135193,135,,"0.487565,0.681527,0.713558,1.138938",,,0.458420,5.174181,4.353283,0.956754
2148,218228,112.0,121.19,,2.5648866486549378,92.58200240135193,135,,"0.487565,0.681527,0.713558,1.138938",,,0.458420,5.174181,4.353283,0.956754
2149,218361,133.0,121.38,,2.5648866486549378,92.58200240135193,135,,"0.487565,0.681527,0.713558,1.138938",125.4,11.482160075525858,0.458420,5.174181,4.353283,0.956754
2150,218480,119.0,121.34,,2.5648866486549378,92.58200240135193,135,,"0.487565,0.681527,0.713558,1.138938",,,0.458420,5.174181,4.353283,0.956754
2151,218598,118.0,121.41,,2.5648866486549378,92.58200240135193,135,,"0.487565,0.681527,0.713558,1.138938",,,0.458420,5.174181,4.353283,0.956754
2152,218710,112.0,121.2,,2.5648866486549378,92.58200240135193,135,,"0.487565,0.681527,0.713558,1.138938",,,0.458420,5.174181,4.353283,0.956754
2153,218823,113.0,120.78,,2.5648866486549378,92.58200240135193,135,,"0.487565,0.681527,0.713558,1.138938",,,0.458420,5.174181,4.353283,0.956754
2154,218939,116.0,120.84,,2.5648866486549378,92.58200240135193,135,,"0.487565,0.681527,0.713558,1.138938",,,0.458420,5.174181,4.353283,0.956754
2155,219070,131.0,120.96,,2.5648866486549378,92.58200240135193,135,,"0.487565,0.681527,0.713558,1.138938",,,0.458420,5.174181,4.353283,0.956754
2156,219190,120.0,120.89,,2.5648866486549378,92.58200240135193,135,,"0.487565,0.681527,0.713558,1.138938",,,0.458420,5.174181,4.353283,0.956754
2157,219313,123.0,120.92,,2.5648866486549378,92.58298182487488,135,,"0.487565,0.681527,0.713558,1.138938",,,0.458420,5.174181,4.353283,0.956754
2158,219437,124.0,120.96,,2.5648866486549378,92.58298182487488,135,,"0.487565,0.681527,0.713558,1.138938",,,0.458420,5.174181,4.353283,0.956754
2159,219552,115.0,120.9,,2.5648866486549378,92.58298182487488,135,,"0.487565,0.681527,0.713558,1.138938",,,0.458420,5.174181,4.353283,0.956754
2160,219672,120.0,120.56,,2.546384217739105,93.33725595474243,136,,"0.486014,0.682644,0.711312,1.140976",,,0.460438,5.183268,4.172696,0.961793
2161,219792,120.0,120.39,,2.546384217739105,93.33725595474243,136,,"0.486014,0.682644,0.711312,1.140976",,,0.460438,5.183268,4.172696,0.961793
2162,219956,164.0,120.97,,2.546384217739105,93.33725595474243,136,,"0.486014,0.682644,0.711312,1.140976",,,0.460438,5.183268,4.172696,0.961793
2163,220058,102.0,120.81,,2.546384217739105,93.33725595474243,136,,"0.486014,0.682644,0.711312,1.140976",,,0.460438,5.183268,4.172696,0.961793
2164,220165,107.0,120.72,,2.546384217739105,93.33725595474243,136,,"0.486014,0.682644,0.711312,1.140976",,,0.460438,5.183268,4.172696,0.961793
2165,220304,139.0,120.81,,2.546384217739105,93.33725595474243,136,,"0.486014,0.682644,0.711312,1.140976",,,0.460438,5.183268,4.172696,0.961793
2166,220424,120.0,120.71,,2.546384217739105,93.33725595474243,136,,"0.486014,0.682644,0.711312,1.140976",,,0.460438,5.183268,4.172696,0.961793
2167,220541,117.0,120.81,,2.546384217739105,93.33725595474243,136,,"0.486014,0.682644,0.711312,1.140976",,,0.460438,5.183268,4.172696,0.961793
2168,220657,116.0,120.97,,2.546384217739105,93.33725595474243,136,,"0.486014,0.682644,0.711312,1.140976",,,0.460438,5.183268,4.172696,0.961793
2169,220776,119.0,121.08,,2.546384217739105,93.33725595474243,136,,"0.486014,0.682644,0.711312,1.140976",,,0.460438,5.183268,4.172696,0.961793
2170,220893,117.0,120.88,,2.546384217739105,93.33725595474243,136,,"0.486014,0.682644,0.711312,1.140976",,,0.460438,5.183268,4.172696,0.961793
2171,221007,114.0,120.82,,2.546384217739105,93.33725595474243,136,,"0.486014,0.682644,0.711312,1.140976",,,0.460438,5.183268,4.172696,0.961793
2172,221113,106.0,120.65,,2.546384217739105,93.33725595474243,136,,"0.486014,0.682644,0.711312,1.140976",,,0.460438,5.183268,4.172696,0.961793
2173,221223,110.0,120.5,,2.546384217739105,93.33725595474243,136,,"0.486014,0.682644,0.711312,1.140976",,,0.460438,5.183268,4.172696,0.961793
2174,221364,141.0,120.65,,2.546384217739105,93.33725595474243,136,,"0.486014,0.682644,0.711312,1.140976",,,0.460438,5.183268,4.172696,0.961793
2175,221473,109.0,120.84,,2.546384217739105,93.33725595474243,136,,"0.486014,0.682644,0.711312,1.140976",,,0.460438,5.183268,4.172696,0.961793
2176,221583,110.0,120.75,,2.5308555483818056,94.09403967857361,137,,"0.484680,0.683481,0.709435,1.142922",,,0.457960,5.192142,4.159280,0.948023
2177,221720,137.0,120.87,,2.5308555483818056,94.09505534172058,137,,"0.484680,0.683481,0.709435,1.142922",,,0.457960,5.192142,4.159280,0.948023
2178,221841,121.0,120.82,,2.5308555483818056,94.09505534172058,137,,"0.484680,0.683481,0.709435,1.142922",,,0.457960,5.192142,4.159280,0.948023
2179,221960,119.0,120.75,,2.5308555483818056,94.09505534172058,137,,"0.484680,0.683481,0.709435,1.142922",,,0.457960,5.192142,4.159280,0.948023
2180,222124,164.0,121.21,,2.5308555483818056,94.09505534172058,137,,"0.484680,0.683481,0.709435,1.142922",,,0.457960,5.192142,4.159280,0.948023
2181,222271,147.0,121.41,,2.5308555483818056,94.09505534172058,137,,"0.484680,0.683481,0.709435,1.142922",,,0.457960,5.192142,4.159280,0.948023
2182,222406,135.0,121.52,,2.5308555483818056,94.09505534172058,137,,"0.484680,0.683481,0.709435,1.142922",,,0.457960,5.192142,4.159280,0.948023
2183,222520,114.0,121.38,,2.5308555483818056,94.09505534172058,137,,"0.484680,0.683481,0.709435,1.142922",,,0.457960,5.192142,4.159280,0.948023
2184,222647,127.0,121.54,,2.5308555483818056,94.09505534172058,137,,"0.484680,0.683481,0.709435,1.142922",,,0.457960,5.192142,4.159280,0.948023
2185,222759,112.0,121.42,,2.5308555483818056,94.09505534172058,137,,"0.484680,0.683481,0.709435,1.142922",,,0.457960,5.192142,4.159280,0.948023
2186,222877,118.0,121.49,,2.5308555483818056,94.09505534172058,137,,"0.484680,0.683481,0.709435,1.142922",,,0.457960,5.192142,4.159280,0.948023
2187,223019,142.0,121.61,,2.5308555483818056,94.09505534172058,137,,"0.484680,0.683481,0.709435,1.142922",,,0.457960,5.192142,4.159280,0.948023
2188,223131,112.0,121.53,,2.5308555483818056,94.09505534172058,137,,"0.484680,0.683481,0.709435,1.142922",,,0.457960,5.192142,4.159280,0.948023
2189,223216,85.0,121.33,,2.5308555483818056,94.09505534172058,137,,"0.484680,0.683481,0.709435,1.142922",,,0.457960,5.192142,4.159280,0.948023
2190,223339,123.0,121.5,,2.5308555483818056,94.09505534172058,137,,"0.484680,0.683481,0.709435,1.142922",,,0.457960,5.192142,4.159280,0.948023
2191,223474,135.0,121.46,,2.5308555483818056,94.09505534172058,137,,"0.484680,0.683481,0.709435,1.142922",,,0.457960,5.192142,4.159280,0.948023
2192,223601,127.0,121.53,,2.519752242565155,94.8326153755188,138,,"0.483481,0.684329,0.708143,1.144761",,,0.463332,5.200686,4.581892,0.909944
2193,223718,117.0,121.56,,2.519752242565155,94.8326153755188,138,,"0.483481,0.684329,0.708143,1.144761",,,0.463332,5.200686,4.581892,0.909944
2194,223824,106.0,121.55,,2.519752242565155,94.8326153755188,138,,"0.483481,0.684329,0.708143,1.144761",,,0.463332,5.200686,4.581892,0.909944
2195,223964,140.0,121.79,,2.519752242565155,94.8326153755188,138,,"0.483481,0.684329,0.708143,1.144761",,,0.463332,5.200686,4.581892,0.909944
2196,224104,140.0,121.82,,2.519752242565155,94.8326153755188,138,,"0.483481,0.684329,0.708143,1.144761",,,0.463332,5.200686,4.581892,0.909944
2197,224224,120.0,121.7,,2.519752242565155,94.8326153755188,138,,"0.483481,0.684329,0.708143,1.144761",,,0.463332,5.200686,4.581892,0.909944
2198,224341,117.0,121.73,,2.519752242565155,94.8326153755188,138,,"0.483481,0.684329,0.708143,1.144761",,,0.463332,5.200686,4.581892,0.909944
2199,224434,93.0,120.94,,2.519752242565155,94.8326153755188,138,,"0.483481,0.684329,0.708143,1.144761",126.2,12.607934009979589,0.463332,5.200686,4.581892,0.909944
2200,224487,53.0,120.09,,2.519752242565155,94.8326153755188,138,,"0.483481,0.684329,0.708143,1.144761",,,0.463332,5.200686,4.581892,0.909944
2201,224614,127.0,120.93,,2.519752242565155,94.8326153755188,138,,"0.483481,0.684329,0.708143,1.144761",,,0.463332,5.200686,4.581892,0.909944
2202,224744,130.0,120.99,,2.519752242565155,94.8326153755188,138,,"0.483481,0.684329,0.708143,1.144761",,,0.463332,5.200686,4.581892,0.909944
2203,224884,140.0,121.12,,2.519752242565155,94.8326153755188,138,,"0.483481,0.684329,0.708143,1.144761",,,0.463332,5.200686,4.581892,0.909944
2204,224992,108.0,121.15,,2.519752242565155,94.8326153755188,138,,"0.483481,0.684329,0.708143,1.144761",,,0.463332,5.200686,4.581892,0.909944
2205,225119,127.0,121.16,,2.519752242565155,94.8326153755188,138,,"0.483481,0.684329,0.708143,1.144761",,,0.463332,5.200686,4.581892,0.909944
2206,225227,108.0,121.07,,2.519752242565155,94.8326153755188,138,,"0.483481,0.684329,0.708143,1.144761",,,0.463332,5.200686,4.581892,0.909944
2207,225391,164.0,121.59,,2.519752242565155,94.8326153755188,138,,"0.483481,0.684329,0.708143,1.144761",,,0.463332,5.200686,4.581892,0.909944
2208,225501,110.0,121.44,,2.5011604976654054,95.52433729171753,139,,"0.482207,0.685236,0.706446,1.146060",,,0.461520,5.206476,3.552786,0.964443
2209,225612,111.0,121.22,,2.5011604976654054,95.52433729171753,139,,"0.482207,0.685236,0.706446,1.146060",,,0.461520,5.206476,3.552786,0.964443
2210,225724,112.0,121.19,,2.5011604976654054,95.52433729171753,139,,"0.482207,0.685236,0.706446,1.146060",,,0.461520,5.206476,3.552786,0.964443
2211,225837,113.0,121.25,,2.5011604976654054,95.52433729171753,139,,"0.482207,0.685236,0.706446,1.146060",,,0.461520,5.206476,3.552786,0.964443
2212,225956,119.0,121.2,,2.5011604976654054,95.52433729171753,139,,"0.482207,0.685236,0.706446,1.146060",,,0.461520,5.206476,3.552786,0.964443
2213,226084,128.0,121.36,,2.5011604976654054,95.52433729171753,139,,"0.482207,0.685236,0.706446,1.146060",,,0.461520,5.206476,3.552786,0.964443
2214,226212,128.0,121.28,,2.5011604976654054,95.52433729171753,139,,"0.482207,0.685236,0.706446,1.146060",,,0.461520,5.206476,3.552786,0.964443
2215,226348,136.0,121.45,,2.5011604976654054,95.52433729171753,139,,"0.482207,0.685236,0.706446,1.146060",,,0.461520,5.206476,3.552786,0.964443
2216,226490,142.0,121.73,,2.5011604976654054,95.52433729171753,139,,"0.482207,0.685236,0.706446,1.146060",,,0.461520,5.206476,3.552786,0.964443
2217,226601,111.0,121.71,,2.5011604976654054,95.52433729171753,139,,"0.482207,0.685236,0.706446,1.146060",,,0.461520,5.206476,3.552786,0.964443
2218,226728,127.0,121.65,,2.5011604976654054,95.52433729171753,139,,"0.482207,0.685236,0.706446,1.146060",,,0.461520,5.206476,3.552786,0.964443
2219,226849,121.0,121.58,,2.5011604976654054,95.52433729171753,139,,"0.482207,0.685236,0.706446,1.146060",,,0.461520,5.206476,3.552786,0.964443
2220,226995,146.0,121.75,,2.5011604976654054,95.52433729171753,139,,"0.482207,0.685236,0.706446,1.146060",,,0.461520,5.206476,3.552786,0.964443
2221,227122,127.0,121.85,,2.5011604976654054,95.52433729171753,139,,"0.482207,0.685236,0.706446,1.146060",,,0.461520,5.206476,3.552786,0.964443
2222,227242,120.0,121.58,,2.5011604976654054,95.52433729171753,139,,"0.482207,0.685236,0.706446,1.146060",,,0.461520,5.206476,3.552786,0.964443
2223,227382,140.0,121.81,,2.5011604976654054,95.52433729171753,139,,"0.482207,0.685236,0.706446,1.146060",,,0.461520,5.206476,3.552786,0.964443
2224,227499,117.0,121.89,,2.4992298221588136,96.21982717514038,140,,"0.481090,0.685759,0.705235,1.147491",,,0.453634,5.213077,4.596583,0.935817
2225,227606,107.0,121.59,,2.4992298221588136,96.21982717514038,140,,"0.481090,0.685759,0.705235,1.147491",,,0.453634,5.213077,4.596583,0.935817
2226,227710,104.0,121.51,,2.4992298221588136,96.21982717514038,140,,"0.481090,0.685759,0.705235,1.147491",,,0.453634,5.213077,4.596583,0.935817
2227,227833,123.0,121.18,,2.4992298221588136,96.21982717514038,140,,"0.481090,0.685759,0.705235,1.147491",,,0.453634,5.213077,4.596583,0.935817
2228,227946,113.0,121.15,,2.4992298221588136,96.21982717514038,140,,"0.481090,0.685759,0.705235,1.147491",,,0.453634,5.213077,4.596583,0.935817
2229,228091,145.0,121.5,,2.4992298221588136,96.21982717514038,140,,"0.481090,0.685759,0.705235,1.147491",,,0.453634,5.213077,4.596583,0.935817
2230,228203,112.0,121.22,,2.4992298221588136,96.21982717514038,140,,"0.481090,0.685759,0.705235,1.147491",,,0.453634,5.213077,4.596583,0.935817
2231,228332,129.0,121.38,,2.4992298221588136,96.21982717514038,140,,"0.481090,0.685759,0.705235,1.147491",,,0.453634,5.213077,4.596583,0.935817
2232,228440,108.0,121.25,,2.4992298221588136,96.21982717514038,140,,"0.481090,0.685759,0.705235,1.147491",,,0.453634,5.213077,4.596583,0.935817
2233,228532,92.0,121.01,,2.4992298221588136,96.21982717514038,140,,"0.481090,0.685759,0.705235,1.147491",,,0.453634,5.213077,4.596583,0.935817
2234,228646,114.0,120.98,,2.4992298221588136,96.21982717514038,140,,"0.481090,0.685759,0.705235,1.147491",,,0.453634,5.213077,4.596583,0.935817
2235,228759,113.0,121.01,,2.4992298221588136,96.22034406661987,140,,"0.481090,0.685759,0.705235,1.147491",,,0.453634,5.213077,4.596583,0.935817
2236,228895,136.0,121.18,,2.4992298221588136,96.22034406661987,140,,"0.481090,0.685759,0.705235,1.147491",,,0.453634,5.213077,4.596583,0.935817
2237,229017,122.0,121.22,,2.4992298221588136,96.22034406661987,140,,"0.481090,0.685759,0.705235,1.147491",,,0.453634,5.213077,4.596583,0.935817
2238,229112,95.0,121.06,,2.4992298221588136,96.22034406661987,140,,"0.481090,0.685759,0.705235,1.147491",,,0.453634,5.213077,4.596583,0.935817
2239,229251,139.0,121.38,,2.4992298221588136,96.22034406661987,140,,"0.481090,0.685759,0.705235,1.147491",,,0.453634,5.213077,4.596583,0.935817
2240,229340,89.0,121.01,,2.495351719856262,96.96444988250732,141,,"0.479677,0.686142,0.704190,1.149289",,,0.459337,5.221937,4.679362,0.906946
2241,229457,117.0,120.92,,2.495351719856262,96.96444988250732,141,,"0.479677,0.686142,0.704190,1.149289",,,0.459337,5.221937,4.679362,0.906946
2242,229574,117.0,120.76,,2.495351719856262,96.96444988250732,141,,"0.479677,0.686142,0.704190,1.149289",,,0.459337,5.221937,4.679362,0.906946
2243,229703,129.0,120.88,,2.495351719856262,96.96444988250732,141,,"0.479677,0.686142,0.704190,1.149289",,,0.459337,5.221937,4.679362,0.906946
2244,229834,131.0,120.77,,2.495351719856262,96.96444988250732,141,,"0.479677,0.686142,0.704190,1.149289",,,0.459337,5.221937,4.679362,0.906946
2245,229946,112.0,120.73,,2.495351719856262,96.96444988250732,141,,"0.479677,0.686142,0.704190,1.149289",,,0.459337,5.221937,4.679362,0.906946
2246,230083,137.0,120.88,,2.495351719856262,96.96444988250732,141,,"0.479677,0.686142,0.704190,1.149289",,,0.459337,5.221937,4.679362,0.906946
2247,230193,110.0,120.77,,2.495351719856262,96.96444988250732,141,,"0.479677,0.686142,0.704190,1.149289",,,0.459337,5.221937,4.679362,0.906946
2248,230309,116.0,120.81,,2.495351719856262,96.96444988250732,141,,"0.479677,0.686142,0.704190,1.149289",,,0.459337,5.221937,4.679362,0.906946
2249,230433,124.0,120.72,,2.495351719856262,96.96444988250732,141,,"0.479677,0.686142,0.704190,1.149289",127.0,14.01427843308388,0.459337,5.221937,4.679362,0.906946
2250,230515,82.0,120.35,,2.495351719856262,96.96536493301392,141,,"0.479677,0.686142,0.704190,1.149289",,,0.459337,5.221937,4.679362,0.906946
2251,230632,117.0,120.34,,2.495351719856262,96.96536493301392,141,,"0.479677,0.686142,0.704190,1.149289",,,0.459337,5.221937,4.679362,0.906946
2252,230742,110.0,120.32,,2.495351719856262,96.96536493301392,141,,"0.479677,0.686142,0.704190,1.149289",,,0.459337,5.221937,4.679362,0.906946
2253,230913,171.0,120.9,,2.495351719856262,96.96536493301392,141,,"0.479677,0.686142,0.704190,1.149289",,,0.459337,5.221937,4.679362,0.906946
2254,231020,107.0,120.81,,2.495351719856262,96.96536493301392,141,,"0.479677,0.686142,0.704190,1.149289",,,0.459337,5.221937,4.679362,0.906946
2255,231127,107.0,120.57,,2.495351719856262,96.96536493301392,141,,"0.479677,0.686142,0.704190,1.149289",,,0.459337,5.221937,4.679362,0.906946
2256,231203,76.0,120.13,,2.5036227655410768,97.6322808265686,142,,"0.478377,0.686504,0.703613,1.151053",,,0.451134,5.230903,4.858595,0.909979
2257,231314,111.0,120.01,,2.5036227655410768,97.6322808265686,142,,"0.478377,0.686504,0.703613,1.151053",,,0.451134,5.230903,4.858595,0.909979
2258,231441,127.0,120.04,,2.5036227655410768,97.6322808265686,142,,"0.478377,0.686504,0.703613,1.151053",,,0.451134,5.230903,4.858595,0.909979
2259,231553,112.0,120.01,,2.5036227655410768,97.6322808265686,142,,"0.478377,0.686504,0.703613,1.151053",,,0.451134,5.230903,4.858595,0.909979
2260,231676,123.0,120.04,,2.5036227655410768,97.6322808265686,142,,"0.478377,0.686504,0.703613,1.151053",,,0.451134,5.230903,4.858595,0.909979
2261,231798,122.0,120.06,,2.5036227655410768,97.6322808265686,142,,"0.478377,0.686504,0.703613,1.151053",,,0.451134,5.230903,4.858595,0.909979
2262,231847,49.0,118.91,,2.5036227655410768,97.6322808265686,142,,"0.478377,0.686504,0.703613,1.151053",,,0.451134,5.230903,4.858595,0.909979
2263,231968,121.0,119.1,,2.5036227655410768,97.6322808265686,142,,"0.478377,0.686504,0.703613,1.151053",,,0.451134,5.230903,4.858595,0.909979
2264,232079,111.0,119.14,,2.5036227655410768,97.6322808265686,142,,"0.478377,0.686504,0.703613,1.151053",,,0.451134,5.230903,4.858595,0.909979
2265,232221,142.0,119.17,,2.5036227655410768,97.6322808265686,142,,"0.478377,0.686504,0.703613,1.151053",,,0.451134,5.230903,4.858595,0.909979
2266,232319,98.0,118.95,,2.5036227655410768,97.6322808265686,142,,"0.478377,0.686504,0.703613,1.151053",,,0.451134,5.230903,4.858595,0.909979
2267,232465,146.0,119.24,,2.5036227655410768,97.6322808265686,142,,"0.478377,0.686504,0.703613,1.151053",,,0.451134,5.230903,4.858595,0.909979
2268,232592,127.0,119.35,,2.5036227655410768,97.6322808265686,142,,"0.478377,0.686504,0.703613,1.151053",,,0.451134,5.230903,4.858595,0.909979
2269,232700,108.0,119.24,,2.5036227655410768,97.6322808265686,142,,"0.478377,0.686504,0.703613,1.151053",,,0.451134,5.230903,4.858595,0.909979
2270,232822,122.0,119.29,,2.5036227655410768,97.6322808265686,142,,"0.478377,0.686504,0.703613,1.151053",,,0.451134,5.230903,4.858595,0.909979
2271,232938,116.0,119.31,,2.5036227655410768,97.6322808265686,142,,"0.478377,0.686504,0.703613,1.151053",,,0.451134,5.230903,4.858595,0.909979
2272,233050,112.0,119.37,,2.5146868062019347,98.38000822067261,143,,"0.476895,0.686550,0.703607,1.152633",,,0.458904,5.238948,5.036542,0.889493
2273,233172,122.0,119.49,,2.5146868062019347,98.38000822067261,143,,"0.476895,0.686550,0.703607,1.152633",,,0.458904,5.238948,5.036542,0.889493
2274,233292,120.0,119.28,,2.5146868062019347,98.38000822067261,143,,"0.476895,0.686550,0.703607,1.152633",,,0.458904,5.238948,5.036542,0.889493
2275,233383,91.0,119.1,,2.5146868062019347,98.38000822067261,143,,"0.476895,0.686550,0.703607,1.152633",,,0.458904,5.238948,5.036542,0.889493
2276,233521,138.0,119.38,,2.5146868062019347,98.38000822067261,143,,"0.476895,0.686550,0.703607,1.152633",,,0.458904,5.238948,5.036542,0.889493
2277,233651,130.0,119.31,,2.5146868062019347,98.38000822067261,143,,"0.476895,0.686550,0.703607,1.152633",,,0.458904,5.238948,5.036542,0.889493
2278,233776,125.0,119.35,,2.5146868062019347,98.38000822067261,143,,"0.476895,0.686550,0.703607,1.152633",,,0.458904,5.238948,5.036542,0.889493
2279,233905,129.0,119.45,,2.5146868062019347,98.38000822067261,143,,"0.476895,0.686550,0.703607,1.152633",,,0.458904,5.238948,5.036542,0.889493
2280,234027,122.0,119.03,,2.5146868062019347,98.38000822067261,143,,"0.476895,0.686550,0.703607,1.152633",,,0.458904,5.238948,5.036542,0.889493
2281,234127,100.0,118.56,,2.5146868062019347,98.38000822067261,143,,"0.476895,0.686550,0.703607,1.152633",,,0.458904,5.238948,5.036542,0.889493
2282,234231,104.0,118.25,,2.5146868062019347,98.38000822067261,143,,"0.476895,0.686550,0.703607,1.152633",,,0.458904,5.238948,5.036542,0.889493
2283,234354,123.0,118.34,,2.5146868062019347,98.38000822067261,143,,"0.476895,0.686550,0.703607,1.152633",,,0.458904,5.238948,5.036542,0.889493
2284,234466,112.0,118.19,,2.5146868062019347,98.38000822067261,143,,"0.476895,0.686550,0.703607,1.152633",,,0.458904,5.238948,5.036542,0.889493
2285,234576,110.0,118.17,,2.5146868062019347,98.38000822067261,143,,"0.476895,0.686550,0.703607,1.152633",,,0.458904,5.238948,5.036542,0.889493
2286,234681,105.0,118.04,,2.5146868062019347,98.38000822067261,143,,"0.476895,0.686550,0.703607,1.152633",,,0.458904,5.238948,5.036542,0.889493
2287,234844,163.0,118.25,,2.5146868062019347,98.38000822067261,143,,"0.476895,0.686550,0.703607,1.152633",,,0.458904,5.238948,5.036542,0.889493
2288,234999,155.0,118.68,,2.5262773561477663,99.22218894958496,144,,"0.475754,0.686135,0.703884,1.153928",,,0.464303,5.246720,5.014327,0.884218
2289,235072,73.0,118.56,,2.5262773561477663,99.22320985794067,144,,"0.475754,0.686135,0.703884,1.153928",,,0.464303,5.246720,5.014327,0.884218
2290,235265,193.0,119.26,,2.5262773561477663,99.22320985794067,144,,"0.475754,0.686135,0.703884,1.153928",,,0.464303,5.246720,5.014327,0.884218
2291,235374,109.0,119.0,,2.5262773561477663,99.22320985794067,144,,"0.475754,0.686135,0.703884,1.153928",,,0.464303,5.246720,5.014327,0.884218
2292,235490,116.0,118.89,,2.5262773561477663,99.22320985794067,144,,"0.475754,0.686135,0.703884,1.153928",,,0.464303,5.246720,5.014327,0.884218
2293,235567,77.0,118.49,,2.5262773561477663,99.22320985794067,144,,"0.475754,0.686135,0.703884,1.153928",,,0.464303,5.246720,5.014327,0.884218
2294,235684,117.0,118.6,,2.5262773561477663,99.22320985794067,144,,"0.475754,0.686135,0.703884,1.153928",,,0.464303,5.246720,5.014327,0.884218
2295,235821,137.0,118.57,,2.5262773561477663,99.22320985794067,144,,"0.475754,0.686135,0.703884,1.153928",,,0.464303,5.246720,5.014327,0.884218
2296,235948,127.0,118.44,,2.5262773561477663,99.22320985794067,144,,"0.475754,0.686135,0.703884,1.153928",,,0.464303,5.246720,5.014327,0.884218
2297,236096,148.0,118.72,,2.5262773561477663,99.22320985794067,144,,"0.475754,0.686135,0.703884,1.153928",,,0.464303,5.246720,5.014327,0.884218
2298,236251,155.0,119.1,,2.5262773561477663,99.22320985794067,144,,"0.475754,0.686135,0.703884,1.153928",,,0.464303,5.246720,5.014327,0.884218
2299,236310,59.0,118.76,,2.5262773561477663,99.22320985794067,144,,"0.475754,0.686135,0.703884,1.153928",128.6,16.25546062097288,0.464303,5.246720,5.014327,0.884218
2300,236441,131.0,119.54,,2.5262773561477663,99.22320985794067,144,,"0.475754,0.686135,0.703884,1.153928",,,0.464303,5.246720,5.014327,0.884218
2301,236562,121.0,119.48,,2.5262773561477663,99.22320985794067,144,,"0.475754,0.686135,0.703884,1.153928",,,0.464303,5.246720,5.014327,0.884218
2302,236618,56.0,118.74,,2.5262773561477663,99.22320985794067,144,,"0.475754,0.686135,0.703884,1.153928",,,0.464303,5.246720,5.014327,0.884218
2303,236762,144.0,118.78,,2.5262773561477663,99.22320985794067,144,,"0.475754,0.686135,0.703884,1.153928",,,0.464303,5.246720,5.014327,0.884218
2304,236910,148.0,119.18,,2.5432343649864197,99.91454195976257,145,,"0.474982,0.685072,0.703895,1.154562",,,0.453455,5.252494,5.653489,0.801623
2305,237018,108.0,118.99,,2.5432343649864197,99.91454195976257,145,,"0.474982,0.685072,0.703895,1.154562",,,0.453455,5.252494,5.653489,0.801623
2306,237159,141.0,119.32,,2.5432343649864197,99.91454195976257,145,,"0.474982,0.685072,0.703895,1.154562",,,0.453455,5.252494,5.653489,0.801623
2307,237283,124.0,118.92,,2.5432343649864197,99.91454195976257,145,,"0.474982,0.685072,0.703895,1.154562",,,0.453455,5.252494,5.653489,0.801623
2308,237404,121.0,119.03,,2.5432343649864197,99.91454195976257,145,,"0.474982,0.685072,0.703895,1.154562",,,0.453455,5.252494,5.653489,0.801623
2309,237504,100.0,118.92,,2.5432343649864197,99.91454195976257,145,,"0.474982,0.685072,0.703895,1.154562",,,0.453455,5.252494,5.653489,0.801623
2310,237602,98.0,118.78,,2.5432343649864197,99.91454195976257,145,,"0.474982,0.685072,0.703895,1.154562",,,0.453455,5.252494,5.653489,0.801623
2311,237728,126.0,118.91,,2.5432343649864197,99.91454195976257,145,,"0.474982,0.685072,0.703895,1.154562",,,0.453455,5.252494,5.653489,0.801623
2312,237859,131.0,119.03,,2.5432343649864197,99.91454195976257,145,,"0.474982,0.685072,0.703895,1.154562",,,0.453455,5.252494,5.653489,0.801623
2313,237904,45.0,118.2,,2.5432343649864197,99.91454195976257,145,,"0.474982,0.685072,0.703895,1.154562",,,0.453455,5.252494,5.653489,0.801623
2314,238009,105.0,117.97,,2.5432343649864197,99.91454195976257,145,,"0.474982,0.685072,0.703895,1.154562",,,0.453455,5.252494,5.653489,0.801623
2315,238111,102.0,117.63,,2.5432343649864197,99.91454195976257,145,,"0.474982,0.685072,0.703895,1.154562",,,0.453455,5.252494,5.653489,0.801623
2316,238240,129.0,117.5,,2.5432343649864197,99.91454195976257,145,,"0.474982,0.685072,0.703895,1.154562",,,0.453455,5.252494,5.653489,0.801623
2317,238354,114.0,117.53,,2.5432343649864197,99.91454195976257,145,,"0.474982,0.685072,0.703895,1.154562",,,0.453455,5.252494,5.653489,0.801623
2318,238483,129.0,117.55,,2.5432343649864197,99.91454195976257,145,,"0.474982,0.685072,0.703895,1.154562",,,0.453455,5.252494,5.653489,0.801623
2319,238613,130.0,117.64,,2.5432343649864197,99.91454195976257,145,,"0.474982,0.685072,0.703895,1.154562",,,0.453455,5.252494,5.653489,0.801623
2320,238755,142.0,117.6,,2.5470726466178895,100.77007150650024,146,,"0.474185,0.684323,0.703502,1.155395",,,0.456383,5.258476,5.346200,0.914881
2321,238910,155.0,117.88,,2.5470726466178895,100.77159881591797,146,,"0.474185,0.684323,0.703502,1.155395",,,0.456383,5.258476,5.346200,0.914881
2322,239089,179.0,118.47,,2.5470726466178895,100.77159881591797,146,,"0.474185,0.684323,0.703502,1.155395",,,0.456383,5.258476,5.346200,0.914881
2323,239185,96.0,118.03,,2.5470726466178895,100.77159881591797,146,,"0.474185,0.684323,0.703502,1.155395",,,0.456383,5.258476,5.346200,0.914881
2324,239302,117.0,118.03,,2.5470726466178895,100.77159881591797,146,,"0.474185,0.684323,0.703502,1.155395",,,0.456383,5.258476,5.346200,0.914881
2325,239471,169.0,118.65,,2.5470726466178895,100.77159881591797,146,,"0.474185,0.684323,0.703502,1.155395",,,0.456383,5.258476,5.346200,0.914881
2326,239606,135.0,118.96,,2.5470726466178895,100.77159881591797,146,,"0.474185,0.684323,0.703502,1.155395",,,0.456383,5.258476,5.346200,0.914881
2327,239715,109.0,118.82,,2.5470726466178895,100.77159881591797,146,,"0.474185,0.684323,0.703502,1.155395",,,0.456383,5.258476,5.346200,0.914881
2328,239824,109.0,118.78,,2.5470726466178895,100.77159881591797,146,,"0.474185,0.684323,0.703502,1.155395",,,0.456383,5.258476,5.346200,0.914881
2329,239932,108.0,118.41,,2.5470726466178895,100.77159881591797,146,,"0.474185,0.684323,0.703502,1.155395",,,0.456383,5.258476,5.346200,0.914881
2330,240107,175.0,119.04,,2.5470726466178895,100.77159881591797,146,,"0.474185,0.684323,0.703502,1.155395",,,0.456383,5.258476,5.346200,0.914881
2331,240255,148.0,119.23,,2.5470726466178895,100.77159881591797,146,,"0.474185,0.684323,0.703502,1.155395",,,0.456383,5.258476,5.346200,0.914881
2332,240386,131.0,119.46,,2.5470726466178895,100.77159881591797,146,,"0.474185,0.684323,0.703502,1.155395",,,0.456383,5.258476,5.346200,0.914881
2333,240499,113.0,119.67,,2.5470726466178895,100.77159881591797,146,,"0.474185,0.684323,0.703502,1.155395",,,0.456383,5.258476,5.346200,0.914881
2334,240618,119.0,119.72,,2.5470726466178895,100.77159881591797,146,,"0.474185,0.684323,0.703502,1.155395",,,0.456383,5.258476,5.346200,0.914881
2335,240764,146.0,120.05,,2.5470726466178895,100.77159881591797,146,,"0.474185,0.684323,0.703502,1.155395",,,0.456383,5.258476,5.346200,0.914881
2336,240914,150.0,120.19,,2.551888225078583,101.48851013183594,147,,"0.473532,0.682944,0.703542,1.157035",,,0.453743,5.267636,6.727421,0.654948
2337,241052,138.0,120.35,,2.551888225078583,101.48851013183594,147,,"0.473532,0.682944,0.703542,1.157035",,,0.453743,5.267636,6.727421,0.654948
2338,241164,112.0,120.52,,2.551888225078583,101.48851013183594,147,,"0.473532,0.682944,0.703542,1.157035",,,0.453743,5.267636,6.727421,0.654948
2339,241206,42.0,119.55,,2.551888225078583,101.48851013183594,147,,"0.473532,0.682944,0.703542,1.157035",,,0.453743,5.267636,6.727421,0.654948
2340,241318,112.0,119.78,,2.551888225078583,101.48851013183594,147,,"0.473532,0.682944,0.703542,1.157035",,,0.453743,5.267636,6.727421,0.654948
2341,241437,119.0,119.8,,2.551888225078583,101.48851013183594,147,,"0.473532,0.682944,0.703542,1.157035",,,0.453743,5.267636,6.727421,0.654948
2342,241482,45.0,119.08,,2.551888225078583,101.48851013183594,147,,"0.473532,0.682944,0.703542,1.157035",,,0.453743,5.267636,6.727421,0.654948
2343,241612,130.0,119.09,,2.551888225078583,101.48851013183594,147,,"0.473532,0.682944,0.703542,1.157035",,,0.453743,5.267636,6.727421,0.654948
2344,241698,86.0,118.64,,2.551888225078583,101.48851013183594,147,,"0.473532,0.682944,0.703542,1.157035",,,0.453743,5.267636,6.727421,0.654948
2345,241802,104.0,118.56,,2.551888225078583,101.48851013183594,147,,"0.473532,0.682944,0.703542,1.157035",,,0.453743,5.267636,6.727421,0.654948
2346,241904,102.0,118.21,,2.551888225078583,101.48851013183594,147,,"0.473532,0.682944,0.703542,1.157035",,,0.453743,5.267636,6.727421,0.654948
2347,242045,141.0,118.52,,2.551888225078583,101.48851013183594,147,,"0.473532,0.682944,0.703542,1.157035",,,0.453743,5.267636,6.727421,0.654948
2348,242115,70.0,118.06,,2.551888225078583,101.48851013183594,147,,"0.473532,0.682944,0.703542,1.157035",,,0.453743,5.267636,6.727421,0.654948
2349,242234,119.0,118.01,,2.551888225078583,101.48851013183594,147,,"0.473532,0.682944,0.703542,1.157035",133.6,18.895502110290693,0.453743,5.267636,6.727421,0.654948
2350,242352,118.0,118.37,,2.551888225078583,101.48851013183594,147,,"0.473532,0.682944,0.703542,1.157035",,,0.453743,5.267636,6.727421,0.654948
2351,242458,106.0,118.26,,2.551888225078583,101.48851013183594,147,,"0.473532,0.682944,0.703542,1.157035",,,0.453743,5.267636,6.727421,0.654948
2352,242635,177.0,118.93,,2.561058485507965,102.28552389144897,148,,"0.473046,0.681370,0.703632,1.158335",,,0.458249,5.275708,6.732378,0.791865
2353,242800,165.0,118.87,,2.561058485507965,102.28652739524841,148,,"0.473046,0.681370,0.703632,1.158335",,,0.458249,5.275708,6.732378,0.791865
2354,242891,91.0,118.71,,2.561058485507965,102.28652739524841,148,,"0.473046,0.681370,0.703632,1.158335",,,0.458249,5.275708,6.732378,0.791865
2355,242989,98.0,118.62,,2.561058485507965,102.28652739524841,148,,"0.473046,0.681370,0.703632,1.158335",,,0.458249,5.275708,6.732378,0.791865
2356,243124,135.0,119.21,,2.561058485507965,102.28652739524841,148,,"0.473046,0.681370,0.703632,1.158335",,,0.458249,5.275708,6.732378,0.791865
2357,243271,147.0,119.57,,2.561058485507965,102.28652739524841,148,,"0.473046,0.681370,0.703632,1.158335",,,0.458249,5.275708,6.732378,0.791865
2358,243396,125.0,119.55,,2.561058485507965,102.28652739524841,148,,"0.473046,0.681370,0.703632,1.158335",,,0.458249,5.275708,6.732378,0.791865
2359,243508,112.0,119.55,,2.561058485507965,102.28652739524841,148,,"0.473046,0.681370,0.703632,1.158335",,,0.458249,5.275708,6.732378,0.791865
2360,243620,112.0,119.44,,2.561058485507965,102.28652739524841,148,,"0.473046,0.681370,0.703632,1.158335",,,0.458249,5.275708,6.732378,0.791865
2361,243757,137.0,119.59,,2.561058485507965,102.28652739524841,148,,"0.473046,0.681370,0.703632,1.158335",,,0.458249,5.275708,6.732378,0.791865
2362,243877,120.0,120.3,,2.561058485507965,102.28652739524841,148,,"0.473046,0.681370,0.703632,1.158335",,,0.458249,5.275708,6.732378,0.791865
2363,243994,117.0,120.26,,2.561058485507965,102.28652739524841,148,,"0.473046,0.681370,0.703632,1.158335",,,0.458249,5.275708,6.732378,0.791865
2364,244126,132.0,120.47,,2.561058485507965,102.28652739524841,148,,"0.473046,0.681370,0.703632,1.158335",,,0.458249,5.275708,6.732378,0.791865
2365,244242,116.0,120.21,,2.561058485507965,102.28652739524841,148,,"0.473046,0.681370,0.703632,1.158335",,,0.458249,5.275708,6.732378,0.791865
2366,244354,112.0,120.35,,2.561058485507965,102.28652739524841,148,,"0.473046,0.681370,0.703632,1.158335",,,0.458249,5.275708,6.732378,0.791865
2367,244483,129.0,120.18,,2.561058485507965,102.28652739524841,148,,"0.473046,0.681370,0.703632,1.158335",,,0.458249,5.275708,6.732378,0.791865
2368,244590,107.0,119.98,,2.5666452479362487,103.07251214981079,149,,"0.472910,0.680403,0.703615,1.159667",,,0.455374,5.283482,7.386376,0.822690
2369,244716,126.0,120.16,,2.5666452479362487,103.07301735877991,149,,"0.472910,0.680403,0.703615,1.159667",,,0.455374,5.283482,7.386376,0.822690
2370,244835,119.0,120.13,,2.5666452479362487,103.07301735877991,149,,"0.472910,0.680403,0.703615,1.159667",,,0.455374,5.283482,7.386376,0.822690
2371,244985,150.0,120.47,,2.5666452479362487,103.07301735877991,149,,"0.472910,0.680403,0.703615,1.159667",,,0.455374,5.283482,7.386376,0.822690
2372,245100,115.0,120.5,,2.5666452479362487,103.07301735877991,149,,"0.472910,0.680403,0.703615,1.159667",,,0.455374,5.283482,7.386376,0.822690
2373,245265,165.0,120.93,,2.5666452479362487,103.07301735877991,149,,"0.472910,0.680403,0.703615,1.159667",,,0.455374,5.283482,7.386376,0.822690
2374,245381,116.0,120.89,,2.5666452479362487,103.07301735877991,149,,"0.472910,0.680403,0.703615,1.159667",,,0.455374,5.283482,7.386376,0.822690
2375,245511,130.0,121.28,,2.5666452479362487,103.07301735877991,149,,"0.472910,0.680403,0.703615,1.159667",,,0.455374,5.283482,7.386376,0.822690
2376,245623,112.0,121.02,,2.5666452479362487,103.07301735877991,149,,"0.472910,0.680403,0.703615,1.159667",,,0.455374,5.283482,7.386376,0.822690
2377,245732,109.0,120.81,,2.5666452479362487,103.07301735877991,149,,"0.472910,0.680403,0.703615,1.159667",,,0.455374,5.283482,7.386376,0.822690
2378,245859,127.0,120.83,,2.5666452479362487,103.07301735877991,149,,"0.472910,0.680403,0.703615,1.159667",,,0.455374,5.283482,7.386376,0.822690
2379,245981,122.0,120.76,,2.5666452479362487,103.07301735877991,149,,"0.472910,0.680403,0.703615,1.159667",,,0.455374,5.283482,7.386376,0.822690
2380,246119,138.0,120.92,,2.5666452479362487,103.07301735877991,149,,"0.472910,0.680403,0.703615,1.159667",,,0.455374,5.283482,7.386376,0.822690
2381,246235,116.0,121.08,,2.5666452479362487,103.07301735877991,149,,"0.472910,0.680403,0.703615,1.159667",,,0.455374,5.283482,7.386376,0.822690
2382,246390,155.0,121.59,,2.5666452479362487,103.07301735877991,149,,"0.472910,0.680403,0.703615,1.159667",,,0.455374,5.283482,7.386376,0.822690
2383,246523,133.0,121.69,,2.5666452479362487,103.07301735877991,149,,"0.472910,0.680403,0.703615,1.159667",,,0.455374,5.283482,7.386376,0.822690
2384,246642,119.0,121.76,,2.588969147205353,104.03748059272766,150,,"0.472796,0.679544,0.703644,1.161081",,,0.451251,5.290488,7.923602,0.759810
2385,246765,123.0,121.89,,2.588969147205353,104.03748059272766,150,,"0.472796,0.679544,0.703644,1.161081",,,0.451251,5.290488,7.923602,0.759810
2386,246896,131.0,122.15,,2.588969147205353,104.03748059272766,150,,"0.472796,0.679544,0.703644,1.161081",,,0.451251,5.290488,7.923602,0.759810
2387,246985,89.0,121.41,,2.588969147205353,104.03748059272766,150,,"0.472796,0.679544,0.703644,1.161081",,,0.451251,5.290488,7.923602,0.759810
2388,247114,129.0,121.15,,2.588969147205353,104.03748059272766,150,,"0.472796,0.679544,0.703644,1.161081",,,0.451251,5.290488,7.923602,0.759810
2389,247236,122.0,121.64,,2.588969147205353,104.03748059272766,150,,"0.472796,0.679544,0.703644,1.161081",,,0.451251,5.290488,7.923602,0.759810
2390,247464,228.0,121.99,,2.588969147205353,104.03848338127136,150,,"0.472796,0.679544,0.703644,1.161081",,,0.451251,5.290488,7.923602,0.759810
2391,247572,108.0,121.98,,2.588969147205353,104.03848338127136,150,,"0.472796,0.679544,0.703644,1.161081",,,0.451251,5.290488,7.923602,0.759810
2392,247682,110.0,121.92,,2.588969147205353,104.03848338127136,150,,"0.472796,0.679544,0.703644,1.161081",,,0.451251,5.290488,7.923602,0.759810
2393,247856,174.0,122.89,,2.588969147205353,104.03848338127136,150,,"0.472796,0.679544,0.703644,1.161081",,,0.451251,5.290488,7.923602,0.759810
2394,247975,119.0,122.91,,2.588969147205353,104.03848338127136,150,,"0.472796,0.679544,0.703644,1.161081",,,0.451251,5.290488,7.923602,0.759810
2395,248122,147.0,123.01,,2.588969147205353,104.03848338127136,150,,"0.472796,0.679544,0.703644,1.161081",,,0.451251,5.290488,7.923602,0.759810
2396,248228,106.0,122.8,,2.588969147205353,104.03848338127136,150,,"0.472796,0.679544,0.703644,1.161081",,,0.451251,5.290488,7.923602,0.759810
2397,248353,125.0,122.57,,2.588969147205353,104.03848338127136,150,,"0.472796,0.679544,0.703644,1.161081",,,0.451251,5.290488,7.923602,0.759810
2398,248427,74.0,121.76,,2.588969147205353,104.03848338127136,150,,"0.472796,0.679544,0.703644,1.161081",,,0.451251,5.290488,7.923602,0.759810
2399,248445,18.0,121.35,,2.588969147205353,104.03848338127136,150,,"0.472796,0.679544,0.703644,1.161081",137.4,20.35288677313368,0.451251,5.290488,7.923602,0.759810
2400,248590,145.0,121.49,,2.6128920769691466,104.8762035369873,151,,"0.471758,0.678562,0.703897,1.162766",,,0.462440,5.297130,8.110951,0.742397
2401,248694,104.0,121.32,,2.6128920769691466,104.8762035369873,151,,"0.471758,0.678562,0.703897,1.162766",,,0.462440,5.297130,8.110951,0.742397
2402,248822,128.0,122.04,,2.6128920769691466,104.8762035369873,151,,"0.471758,0.678562,0.703897,1.162766",,,0.462440,5.297130,8.110951,0.742397
2403,248942,120.0,121.8,,2.6128920769691466,104.8762035369873,151,,"0.471758,0.678562,0.703897,1.162766",,,0.462440,5.297130,8.110951,0.742397
2404,249023,81.0,121.13,,2.6128920769691466,104.8762035369873,151,,"0.471758,0.678562,0.703897,1.162766",,,0.462440,5.297130,8.110951,0.742397
2405,249173,150.0,121.55,,2.6128920769691466,104.8762035369873,151,,"0.471758,0.678562,0.703897,1.162766",,,0.462440,5.297130,8.110951,0.742397
2406,249321,148.0,121.62,,2.6128920769691466,104.8762035369873,151,,"0.471758,0.678562,0.703897,1.162766",,,0.462440,5.297130,8.110951,0.742397
2407,249493,172.0,122.1,,2.6128920769691466,104.8762035369873,151,,"0.471758,0.678562,0.703897,1.162766",,,0.462440,5.297130,8.110951,0.742397
2408,249534,41.0,121.3,,2.6128920769691466,104.8762035369873,151,,"0.471758,0.678562,0.703897,1.162766",,,0.462440,5.297130,8.110951,0.742397
2409,249679,145.0,121.75,,2.6128920769691466,104.8762035369873,151,,"0.471758,0.678562,0.703897,1.162766",,,0.462440,5.297130,8.110951,0.742397
2410,249814,135.0,122.12,,2.6128920769691466,104.8762035369873,151,,"0.471758,0.678562,0.703897,1.162766",,,0.462440,5.297130,8.110951,0.742397
2411,249948,134.0,122.2,,2.6128920769691466,104.8762035369873,151,,"0.471758,0.678562,0.703897,1.162766",,,0.462440,5.297130,8.110951,0.742397
2412,250094,146.0,122.35,,2.6128920769691466,104.8762035369873,151,,"0.471758,0.678562,0.703897,1.162766",,,0.462440,5.297130,8.110951,0.742397
2413,250232,138.0,123.28,,2.6128920769691466,104.8762035369873,151,,"0.471758,0.678562,0.703897,1.162766",,,0.462440,5.297130,8.110951,0.742397
2414,250377,145.0,123.68,,2.6128920769691466,104.8762035369873,151,,"0.471758,0.678562,0.703897,1.162766",,,0.462440,5.297130,8.110951,0.742397
2415,250544,167.0,124.33,,2.6128920769691466,104.8762035369873,151,,"0.471758,0.678562,0.703897,1.162766",,,0.462440,5.297130,8.110951,0.742397
2416,250710,166.0,124.7,,2.6211945939064027,105.62982845306396,152,,"0.470739,0.677598,0.704284,1.164571",,,0.439715,5.304019,6.974890,0.882361
2417,250831,121.0,124.77,,2.6211945939064027,105.62982845306396,152,,"0.470739,0.677598,0.704284,1.164571",,,0.439715,5.304019,6.974890,0.882361
2418,250941,110.0,124.58,,2.6211945939064027,105.62982845306396,152,,"0.470739,0.677598,0.704284,1.164571",,,0.439715,5.304019,6.974890,0.882361
2419,251083,142.0,124.7,,2.6211945939064027,105.62982845306396,152,,"0.470739,0.677598,0.704284,1.164571",,,0.439715,5.304019,6.974890,0.882361
2420,251200,117.0,124.45,,2.6211945939064027,105.62982845306396,152,,"0.470739,0.677598,0.704284,1.164571",,,0.439715,5.304019,6.974890,0.882361
2421,251331,131.0,124.21,,2.6211945939064027,105.62982845306396,152,,"0.470739,0.677598,0.704284,1.164571",,,0.439715,5.304019,6.974890,0.882361
2422,251445,114.0,123.56,,2.6211945939064027,105.62982845306396,152,,"0.470739,0.677598,0.704284,1.164571",,,0.439715,5.304019,6.974890,0.882361
2423,251603,158.0,124.18,,2.6211945939064027,105.62982845306396,152,,"0.470739,0.677598,0.704284,1.164571",,,0.439715,5.304019,6.974890,0.882361
2424,251716,113.0,124.14,,2.6211945939064027,105.62982845306396,152,,"0.470739,0.677598,0.704284,1.164571",,,0.439715,5.304019,6.974890,0.882361
2425,251827,111.0,123.56,,2.6211945939064027,105.62982845306396,152,,"0.470739,0.677598,0.704284,1.164571",,,0.439715,5.304019,6.974890,0.882361
2426,251938,111.0,123.32,,2.6211945939064027,105.62982845306396,152,,"0.470739,0.677598,0.704284,1.164571",,,0.439715,5.304019,6.974890,0.882361
2427,252060,122.0,123.45,,2.6211945939064027,105.62982845306396,152,,"0.470739,0.677598,0.704284,1.164571",,,0.439715,5.304019,6.974890,0.882361
2428,252194,134.0,123.7,,2.6211945939064027,105.62982845306396,152,,"0.470739,0.677598,0.704284,1.164571",,,0.439715,5.304019,6.974890,0.882361
2429,252314,120.0,123.82,,2.6211945939064027,105.62982845306396,152,,"0.470739,0.677598,0.704284,1.164571",,,0.439715,5.304019,6.974890,0.882361
2430,252438,124.0,123.31,,2.6211945939064027,105.62982845306396,152,,"0.470739,0.677598,0.704284,1.164571",,,0.439715,5.304019,6.974890,0.882361
2431,252572,134.0,123.17,,2.6211945939064027,105.62982845306396,152,,"0.470739,0.677598,0.704284,1.164571",,,0.439715,5.304019,6.974890,0.882361
2432,252692,120.0,123.06,,2.6374899888038636,106.49387264251709,153,,"0.469829,0.676693,0.704464,1.165716",,,0.446584,5.309841,6.972445,0.800187
2433,252846,154.0,123.47,,2.6374899888038636,106.49387264251709,153,,"0.469829,0.676693,0.704464,1.165716",,,0.446584,5.309841,6.972445,0.800187
2434,252904,58.0,122.86,,2.6374899888038636,106.49387264251709,153,,"0.469829,0.676693,0.704464,1.165716",,,0.446584,5.309841,6.972445,0.800187
2435,253052,148.0,122.88,,2.6374899888038636,106.49387264251709,153,,"0.469829,0.676693,0.704464,1.165716",,,0.446584,5.309841,6.972445,0.800187
2436,253188,136.0,122.74,,2.6374899888038636,106.49387264251709,153,,"0.469829,0.676693,0.704464,1.165716",,,0.446584,5.309841,6.972445,0.800187
2437,253333,145.0,122.81,,2.6374899888038636,106.49387264251709,153,,"0.469829,0.676693,0.704464,1.165716",,,0.446584,5.309841,6.972445,0.800187
2438,253453,120.0,122.89,,2.6374899888038636,106.49387264251709,153,,"0.469829,0.676693,0.704464,1.165716",,,0.446584,5.309841,6.972445,0.800187
2439,253620,167.0,124.14,,2.6374899888038636,106.49387264251709,153,,"0.469829,0.676693,0.704464,1.165716",,,0.446584,5.309841,6.972445,0.800187
2440,253779,159.0,124.61,,2.6374899888038636,106.49387264251709,153,,"0.469829,0.676693,0.704464,1.165716",,,0.446584,5.309841,6.972445,0.800187
2441,253889,110.0,124.52,,2.6374899888038636,106.49387264251709,153,,"0.469829,0.676693,0.704464,1.165716",,,0.446584,5.309841,6.972445,0.800187
2442,254005,116.0,125.23,,2.6374899888038636,106.49387264251709,153,,"0.469829,0.676693,0.704464,1.165716",,,0.446584,5.309841,6.972445,0.800187
2443,254124,119.0,125.12,,2.6374899888038636,106.49387264251709,153,,"0.469829,0.676693,0.704464,1.165716",,,0.446584,5.309841,6.972445,0.800187
2444,254245,121.0,125.47,,2.6374899888038636,106.49387264251709,153,,"0.469829,0.676693,0.704464,1.165716",,,0.446584,5.309841,6.972445,0.800187
2445,254374,129.0,125.72,,2.6374899888038636,106.49387264251709,153,,"0.469829,0.676693,0.704464,1.165716",,,0.446584,5.309841,6.972445,0.800187
2446,254502,128.0,125.98,,2.6374899888038636,106.49387264251709,153,,"0.469829,0.676693,0.704464,1.165716",,,0.446584,5.309841,6.972445,0.800187
2447,254683,181.0,126.38,,2.6374899888038636,106.49387264251709,153,,"0.469829,0.676693,0.704464,1.165716",,,0.446584,5.309841,6.972445,0.800187
2448,254801,118.0,126.86,,2.6464367508888245,107.3465530872345,154,,"0.469009,0.675885,0.704503,1.166583",,,0.445460,5.315362,6.713367,0.793198
2449,254935,134.0,127.01,,2.6464367508888245,107.34755897521973,154,,"0.469009,0.675885,0.704503,1.166583",156.4,23.2946345753695,0.445460,5.315362,6.713367,0.793198
2450,255068,133.0,127.16,,2.6464367508888245,107.34755897521973,154,,"0.469009,0.675885,0.704503,1.166583",,,0.445460,5.315362,6.713367,0.793198
2451,255216,148.0,127.58,,2.6464367508888245,107.34755897521973,154,,"0.469009,0.675885,0.704503,1.166583",,,0.445460,5.315362,6.713367,0.793198
2452,255368,152.0,127.33,,2.6464367508888245,107.34755897521973,154,,"0.469009,0.675885,0.704503,1.166583",,,0.445460,5.315362,6.713367,0.793198
2453,255478,110.0,126.78,,2.6464367508888245,107.34755897521973,154,,"0.469009,0.675885,0.704503,1.166583",,,0.445460,5.315362,6.713367,0.793198
2454,255607,129.0,127.16,,2.6464367508888245,107.34755897521973,154,,"0.469009,0.675885,0.704503,1.166583",,,0.445460,5.315362,6.713367,0.793198
2455,255775,168.0,127.86,,2.6464367508888245,107.34755897521973,154,,"0.469009,0.675885,0.704503,1.166583",,,0.445460,5.315362,6.713367,0.793198
2456,255821,46.0,126.97,,2.6464367508888245,107.34755897521973,154,,"0.469009,0.675885,0.704503,1.166583",,,0.445460,5.315362,6.713367,0.793198
2457,255953,132.0,126.82,,2.6464367508888245,107.34755897521973,154,,"0.469009,0.675885,0.704503,1.166583",,,0.445460,5.315362,6.713367,0.793198
2458,256080,127.0,126.84,,2.6464367508888245,107.34755897521973,154,,"0.469009,0.675885,0.704503,1.166583",,,0.445460,5.315362,6.713367,0.793198
2459,256226,146.0,127.18,,2.6464367508888245,107.34755897521973,154,,"0.469009,0.675885,0.704503,1.166583",,,0.445460,5.315362,6.713367,0.793198
2460,256323,97.0,127.03,,2.6464367508888245,107.34755897521973,154,,"0.469009,0.675885,0.704503,1.166583",,,0.445460,5.315362,6.713367,0.793198
2461,256439,116.0,126.82,,2.6464367508888245,107.34755897521973,154,,"0.469009,0.675885,0.704503,1.166583",,,0.445460,5.315362,6.713367,0.793198
2462,256589,150.0,127.12,,2.6464367508888245,107.34755897521973,154,,"0.469009,0.675885,0.704503,1.166583",,,0.445460,5.315362,6.713367,0.793198
2463,256760,171.0,127.66,,2.6464367508888245,107.34755897521973,154,,"0.469009,0.675885,0.704503,1.166583",,,0.445460,5.315362,6.713367,0.793198
2464,256898,138.0,127.72,,2.656017520427704,108.33442330360413,155,,"0.468320,0.675348,0.704407,1.167328",,,0.450832,5.321033,6.367948,0.804816
2465,257074,176.0,128.32,,2.656017520427704,108.33442330360413,155,,"0.468320,0.675348,0.704407,1.167328",,,0.450832,5.321033,6.367948,0.804816
2466,257213,139.0,128.59,,2.656017520427704,108.33442330360413,155,,"0.468320,0.675348,0.704407,1.167328",,,0.450832,5.321033,6.367948,0.804816
2467,257345,132.0,128.62,,2.656017520427704,108.33442330360413,155,,"0.468320,0.675348,0.704407,1.167328",,,0.450832,5.321033,6.367948,0.804816
2468,257560,215.0,129.7,,2.656017520427704,108.33442330360413,155,,"0.468320,0.675348,0.704407,1.167328",,,0.450832,5.321033,6.367948,0.804816
2469,257713,153.0,129.97,,2.656017520427704,108.33442330360413,155,,"0.468320,0.675348,0.704407,1.167328",,,0.450832,5.321033,6.367948,0.804816
2470,257842,129.0,130.07,,2.656017520427704,108.33442330360413,155,,"0.468320,0.675348,0.704407,1.167328",,,0.450832,5.321033,6.367948,0.804816
2471,257978,136.0,129.93,,2.656017520427704,108.33442330360413,155,,"0.468320,0.675348,0.704407,1.167328",,,0.450832,5.321033,6.367948,0.804816
2472,258125,147.0,130.25,,2.656017520427704,108.33442330360413,155,,"0.468320,0.675348,0.704407,1.167328",,,0.450832,5.321033,6.367948,0.804816
2473,258246,121.0,129.81,,2.656017520427704,108.33442330360413,155,,"0.468320,0.675348,0.704407,1.167328",,,0.450832,5.321033,6.367948,0.804816
2474,258389,143.0,130.08,,2.656017520427704,108.33442330360413,155,,"0.468320,0.675348,0.704407,1.167328",,,0.450832,5.321033,6.367948,0.804816
2475,258457,68.0,129.46,,2.656017520427704,108.33442330360413,155,,"0.468320,0.675348,0.704407,1.167328",,,0.450832,5.321033,6.367948,0.804816
2476,258493,36.0,128.7,,2.656017520427704,108.33442330360413,155,,"0.468320,0.675348,0.704407,1.167328",,,0.450832,5.321033,6.367948,0.804816
2477,258657,164.0,129.25,,2.656017520427704,108.33442330360413,155,,"0.468320,0.675348,0.704407,1.167328",,,0.450832,5.321033,6.367948,0.804816
2478,258793,136.0,129.34,,2.656017520427704,108.33442330360413,155,,"0.468320,0.675348,0.704407,1.167328",,,0.450832,5.321033,6.367948,0.804816
2479,258894,101.0,129.13,,2.656017520427704,108.33442330360413,155,,"0.468320,0.675348,0.704407,1.167328",,,0.450832,5.321033,6.367948,0.804816
2480,258970,76.0,128.51,,2.6609496426582337,109.58218193054199,156,,"0.467837,0.674778,0.704010,1.167898",,,0.460842,5.326924,6.271391,0.769083
2481,259213,243.0,129.78,,2.6609496426582337,109.58218193054199,156,,"0.467837,0.674778,0.704010,1.167898",,,0.460842,5.326924,6.271391,0.769083
2482,259337,124.0,129.47,,2.6609496426582337,109.5837414264679,156,,"0.467837,0.674778,0.704010,1.167898",,,0.460842,5.326924,6.271391,0.769083
2483,259477,140.0,129.54,,2.6609496426582337,109.5837414264679,156,,"0.467837,0.674778,0.704010,1.167898",,,0.460842,5.326924,6.271391,0.769083
2484,259516,39.0,128.74,,2.6609496426582337,109.5837414264679,156,,"0.467837,0.674778,0.704010,1.167898",,,0.460842,5.326924,6.271391,0.769083
2485,259640,124.0,128.75,,2.6609496426582337,109.5837414264679,156,,"0.467837,0.674778,0.704010,1.167898",,,0.460842,5.326924,6.271391,0.769083
2486,259752,112.0,128.56,,2.6609496426582337,109.5837414264679,156,,"0.467837,0.674778,0.704010,1.167898",,,0.460842,5.326924,6.271391,0.769083
2487,259945,193.0,129.6,,2.6609496426582337,109.5837414264679,156,,"0.467837,0.674778,0.704010,1.167898",,,0.460842,5.326924,6.271391,0.769083
2488,260101,156.0,129.87,,2.6609496426582337,109.5837414264679,156,,"0.467837,0.674778,0.704010,1.167898",,,0.460842,5.326924,6.271391,0.769083
2489,260225,124.0,129.89,,2.6609496426582337,109.5837414264679,156,,"0.467837,0.674778,0.704010,1.167898",,,0.460842,5.326924,6.271391,0.769083
2490,260352,127.0,128.88,,2.6609496426582337,109.5837414264679,156,,"0.467837,0.674778,0.704010,1.167898",,,0.460842,5.326924,6.271391,0.769083
2491,260485,133.0,129.13,,2.6609496426582337,109.5837414264679,156,,"0.467837,0.674778,0.704010,1.167898",,,0.460842,5.326924,6.271391,0.769083
2492,260728,243.0,130.46,,2.6609496426582337,109.5837414264679,156,,"0.467837,0.674778,0.704010,1.167898",,,0.460842,5.326924,6.271391,0.769083
2493,260888,160.0,130.32,,2.6609496426582337,109.5837414264679,156,,"0.467837,0.674778,0.704010,1.167898",,,0.460842,5.326924,6.271391,0.769083
2494,260938,50.0,129.63,,2.6609496426582337,109.5837414264679,156,,"0.467837,0.674778,0.704010,1.167898",,,0.460842,5.326924,6.271391,0.769083
2495,261054,116.0,129.32,,2.6609496426582337,109.5837414264679,156,,"0.467837,0.674778,0.704010,1.167898",,,0.460842,5.326924,6.271391,0.769083
2496,261337,283.0,131.09,,2.655990569591522,110.70871615409851,157,,"0.467135,0.674393,0.703331,1.168334",,,0.446078,5.331506,4.773592,0.904419
2497,261493,156.0,131.4,,2.655990569591522,110.70871615409851,157,,"0.467135,0.674393,0.703331,1.168334",,,0.446078,5.331506,4.773592,0.904419
2498,261697,204.0,132.7,,2.655990569591522,110.7097237110138,157,,"0.467135,0.674393,0.703331,1.168334",,,0.446078,5.331506,4.773592,0.904419
2499,261851,154.0,134.06,,2.655990569591522,110.7097237110138,157,,"0.467135,0.674393,0.703331,1.168334",243.8,130.0559879436545,0.446078,5.331506,4.773592,0.904419
2500,261886,35.0,132.96,,2.655990569591522,110.7097237110138,157,,"0.467135,0.674393,0.703331,1.168334",,,0.446078,5.331506,4.773592,0.904419
2501,262031,145.0,133.37,,2.655990569591522,110.7097237110138,157,,"0.467135,0.674393,0.703331,1.168334",,,0.446078,5.331506,4.773592,0.904419
2502,262179,148.0,133.57,,2.655990569591522,110.7097237110138,157,,"0.467135,0.674393,0.703331,1.168334",,,0.446078,5.331506,4.773592,0.904419
2503,262297,118.0,133.55,,2.655990569591522,110.7097237110138,157,,"0.467135,0.674393,0.703331,1.168334",,,0.446078,5.331506,4.773592,0.904419
2504,262432,135.0,134.09,,2.655990569591522,110.7097237110138,157,,"0.467135,0.674393,0.703331,1.168334",,,0.446078,5.331506,4.773592,0.904419
2505,262566,134.0,133.93,,2.655990569591522,110.7097237110138,157,,"0.467135,0.674393,0.703331,1.168334",,,0.446078,5.331506,4.773592,0.904419
2506,262707,141.0,133.86,,2.655990569591522,110.7097237110138,157,,"0.467135,0.674393,0.703331,1.168334",,,0.446078,5.331506,4.773592,0.904419
2507,262836,129.0,133.43,,2.655990569591522,110.7097237110138,157,,"0.467135,0.674393,0.703331,1.168334",,,0.446078,5.331506,4.773592,0.904419
2508,263000,164.0,134.66,,2.655990569591522,110.7097237110138,157,,"0.467135,0.674393,0.703331,1.168334",,,0.446078,5.331506,4.773592,0.904419
2509,263133,133.0,134.54,,2.655990569591522,110.7097237110138,157,,"0.467135,0.674393,0.703331,1.168334",,,0.446078,5.331506,4.773592,0.904419
2510,263315,182.0,135.01,,2.655990569591522,110.7097237110138,157,,"0.467135,0.674393,0.703331,1.168334",,,0.446078,5.331506,4.773592,0.904419
2511,263489,174.0,135.41,,2.655990569591522,110.7097237110138,157,,"0.467135,0.674393,0.703331,1.168334",,,0.446078,5.331506,4.773592,0.904419
2512,263686,197.0,135.92,,2.651936876773834,111.7355546951294,158,,"0.466261,0.674515,0.702795,1.169268",,,0.450045,5.336506,4.899184,0.821218
2513,263862,176.0,136.3,,2.651936876773834,111.7355546951294,158,,"0.466261,0.674515,0.702795,1.169268",,,0.450045,5.336506,4.899184,0.821218
2514,263991,129.0,136.14,,2.651936876773834,111.7355546951294,158,,"0.466261,0.674515,0.702795,1.169268",,,0.450045,5.336506,4.899184,0.821218
2515,264169,178.0,136.25,,2.651936876773834,111.7355546951294,158,,"0.466261,0.674515,0.702795,1.169268",,,0.450045,5.336506,4.899184,0.821218
2516,264297,128.0,135.87,,2.651936876773834,111.7355546951294,158,,"0.466261,0.674515,0.702795,1.169268",,,0.450045,5.336506,4.899184,0.821218
2517,264424,127.0,135.93,,2.651936876773834,111.7355546951294,158,,"0.466261,0.674515,0.702795,1.169268",,,0.450045,5.336506,4.899184,0.821218
2518,264513,89.0,135.72,,2.651936876773834,111.7355546951294,158,,"0.466261,0.674515,0.702795,1.169268",,,0.450045,5.336506,4.899184,0.821218
2519,264668,155.0,135.85,,2.651936876773834,111.7355546951294,158,,"0.466261,0.674515,0.702795,1.169268",,,0.450045,5.336506,4.899184,0.821218
2520,264862,194.0,136.62,,2.651936876773834,111.7355546951294,158,,"0.466261,0.674515,0.702795,1.169268",,,0.450045,5.336506,4.899184,0.821218
2521,265004,142.0,136.73,,2.651936876773834,111.7355546951294,158,,"0.466261,0.674515,0.702795,1.169268",,,0.450045,5.336506,4.899184,0.821218
2522,265147,143.0,137.02,,2.651936876773834,111.7355546951294,158,,"0.466261,0.674515,0.702795,1.169268",,,0.450045,5.336506,4.899184,0.821218
2523,265185,38.0,135.82,,2.651936876773834,111.7355546951294,158,,"0.466261,0.674515,0.702795,1.169268",,,0.450045,5.336506,4.899184,0.821218
2524,265333,148.0,136.17,,2.651936876773834,111.7355546951294,158,,"0.466261,0.674515,0.702795,1.169268",,,0.450045,5.336506,4.899184,0.821218
2525,265467,134.0,136.4,,2.651936876773834,111.7355546951294,158,,"0.466261,0.674515,0.702795,1.169268",,,0.450045,5.336506,4.899184,0.821218
2526,265632,165.0,136.94,,2.651936876773834,111.7355546951294,158,,"0.466261,0.674515,0.702795,1.169268",,,0.450045,5.336506,4.899184,0.821218
2527,265755,123.0,136.95,,2.651936876773834,111.7355546951294,158,,"0.466261,0.674515,0.702795,1.169268",,,0.450045,5.336506,4.899184,0.821218
2528,265893,138.0,136.99,,2.662150328159332,112.67856764793396,159,,"0.465883,0.674227,0.701595,1.169553",,,0.460666,5.341574,6.528555,0.638813
2529,266038,145.0,137.24,,2.662150328159332,112.67856764793396,159,,"0.465883,0.674227,0.701595,1.169553",,,0.460666,5.341574,6.528555,0.638813
2530,266176,138.0,137.38,,2.662150328159332,112.67856764793396,159,,"0.465883,0.674227,0.701595,1.169553",,,0.460666,5.341574,6.528555,0.638813
2531,266314,138.0,137.42,,2.662150328159332,112.67856764793396,159,,"0.465883,0.674227,0.701595,1.169553",,,0.460666,5.341574,6.528555,0.638813
2532,266372,58.0,136.8,,2.662150328159332,112.67856764793396,159,,"0.465883,0.674227,0.701595,1.169553",,,0.460666,5.341574,6.528555,0.638813
2533,266519,147.0,136.73,,2.662150328159332,112.67856764793396,159,,"0.465883,0.674227,0.701595,1.169553",,,0.460666,5.341574,6.528555,0.638813
2534,266556,37.0,136.52,,2.662150328159332,112.67856764793396,159,,"0.465883,0.674227,0.701595,1.169553",,,0.460666,5.341574,6.528555,0.638813
2535,266706,150.0,136.54,,2.662150328159332,112.67856764793396,159,,"0.465883,0.674227,0.701595,1.169553",,,0.460666,5.341574,6.528555,0.638813
2536,266859,153.0,136.71,,2.662150328159332,112.67856764793396,159,,"0.465883,0.674227,0.701595,1.169553",,,0.460666,5.341574,6.528555,0.638813
2537,266911,52.0,135.78,,2.662150328159332,112.67958211898804,159,,"0.465883,0.674227,0.701595,1.169553",,,0.460666,5.341574,6.528555,0.638813
2538,267029,118.0,135.76,,2.662150328159332,112.67958211898804,159,,"0.465883,0.674227,0.701595,1.169553",,,0.460666,5.341574,6.528555,0.638813
2539,267269,240.0,136.49,,2.662150328159332,112.67958211898804,159,,"0.465883,0.674227,0.701595,1.169553",,,0.460666,5.341574,6.528555,0.638813
2540,267429,160.0,136.5,,2.662150328159332,112.67958211898804,159,,"0.465883,0.674227,0.701595,1.169553",,,0.460666,5.341574,6.528555,0.638813
2541,267519,90.0,136.3,,2.662150328159332,112.67958211898804,159,,"0.465883,0.674227,0.701595,1.169553",,,0.460666,5.341574,6.528555,0.638813
2542,267609,90.0,136.04,,2.662150328159332,112.67958211898804,159,,"0.465883,0.674227,0.701595,1.169553",,,0.460666,5.341574,6.528555,0.638813
2543,267642,33.0,135.18,,2.662150328159332,112.67958211898804,159,,"0.465883,0.674227,0.701595,1.169553",,,0.460666,5.341574,6.528555,0.638813
2544,267853,211.0,136.08,,2.634121446609497,113.68325281143188,160,,"0.465345,0.674913,0.699375,1.168919",,,0.452171,5.351765,3.756064,0.882305
2545,267919,66.0,135.45,,2.634121446609497,113.68325281143188,160,,"0.465345,0.674913,0.699375,1.168919",,,0.452171,5.351765,3.756064,0.882305
2546,268057,138.0,135.55,,2.634121446609497,113.68325281143188,160,,"0.465345,0.674913,0.699375,1.168919",,,0.452171,5.351765,3.756064,0.882305
2547,268271,214.0,135.88,,2.634121446609497,113.68377566337585,160,,"0.465345,0.674913,0.699375,1.168919",,,0.452171,5.351765,3.756064,0.882305
2548,268429,158.0,136.28,,2.634121446609497,113.68377566337585,160,,"0.465345,0.674913,0.699375,1.168919",,,0.452171,5.351765,3.756064,0.882305
2549,268567,138.0,136.32,,2.634121446609497,113.68377566337585,160,,"0.465345,0.674913,0.699375,1.168919",316.2,151.33591774592045,0.452171,5.351765,3.756064,0.882305
2550,268781,214.0,137.13,,2.634121446609497,113.68377566337585,160,,"0.465345,0.674913,0.699375,1.168919",,,0.452171,5.351765,3.756064,0.882305
2551,268902,121.0,136.86,,2.634121446609497,113.68377566337585,160,,"0.465345,0.674913,0.699375,1.168919",,,0.452171,5.351765,3.756064,0.882305
2552,269038,136.0,136.7,,2.634121446609497,113.68377566337585,160,,"0.465345,0.674913,0.699375,1.168919",,,0.452171,5.351765,3.756064,0.882305
2553,269187,149.0,137.09,,2.634121446609497,113.68377566337585,160,,"0.465345,0.674913,0.699375,1.168919",,,0.452171,5.351765,3.756064,0.882305
2554,269352,165.0,137.45,,2.634121446609497,113.68377566337585,160,,"0.465345,0.674913,0.699375,1.168919",,,0.452171,5.351765,3.756064,0.882305
2555,269520,168.0,137.45,,2.634121446609497,113.68377566337585,160,,"0.465345,0.674913,0.699375,1.168919",,,0.452171,5.351765,3.756064,0.882305
2556,269667,147.0,138.46,,2.634121446609497,113.68377566337585,160,,"0.465345,0.674913,0.699375,1.168919",,,0.452171,5.351765,3.756064,0.882305
2557,269858,191.0,139.05,,2.634121446609497,113.68377566337585,160,,"0.465345,0.674913,0.699375,1.168919",,,0.452171,5.351765,3.756064,0.882305
2558,270039,181.0,139.59,,2.634121446609497,113.68377566337585,160,,"0.465345,0.674913,0.699375,1.168919",,,0.452171,5.351765,3.756064,0.882305
2559,270105,66.0,138.79,,2.634121446609497,113.68377566337585,160,,"0.465345,0.674913,0.699375,1.168919",,,0.452171,5.351765,3.756064,0.882305
2560,270381,276.0,140.58,,2.6193036079406737,114.9049870967865,161,,"0.464334,0.675947,0.695736,1.170310",,,0.457673,5.366420,4.452549,0.818661
2561,270554,173.0,141.15,,2.6193036079406737,114.9049870967865,161,,"0.464334,0.675947,0.695736,1.170310",,,0.457673,5.366420,4.452549,0.818661
2562,270775,221.0,141.86,,2.6193036079406737,114.9049870967865,161,,"0.464334,0.675947,0.695736,1.170310",,,0.457673,5.366420,4.452549,0.818661
2563,270896,121.0,141.36,,2.6193036079406737,114.9049870967865,161,,"0.464334,0.675947,0.695736,1.170310",,,0.457673,5.366420,4.452549,0.818661
2564,271038,142.0,141.4,,2.6193036079406737,114.9049870967865,161,,"0.464334,0.675947,0.695736,1.170310",,,0.457673,5.366420,4.452549,0.818661
2565,271215,177.0,141.41,,2.6193036079406737,114.9049870967865,161,,"0.464334,0.675947,0.695736,1.170310",,,0.457673,5.366420,4.452549,0.818661
2566,271261,46.0,140.48,,2.6193036079406737,114.9049870967865,161,,"0.464334,0.675947,0.695736,1.170310",,,0.457673,5.366420,4.452549,0.818661
2567,271458,197.0,141.13,,2.6193036079406737,114.9049870967865,161,,"0.464334,0.675947,0.695736,1.170310",,,0.457673,5.366420,4.452549,0.818661
2568,271623,165.0,140.63,,2.6193036079406737,114.9049870967865,161,,"0.464334,0.675947,0.695736,1.170310",,,0.457673,5.366420,4.452549,0.818661
2569,271850,227.0,141.37,,2.6193036079406737,114.9049870967865,161,,"0.464334,0.675947,0.695736,1.170310",,,0.457673,5.366420,4.452549,0.818661
2570,271977,127.0,141.35,,2.6193036079406737,114.9049870967865,161,,"0.464334,0.675947,0.695736,1.170310",,,0.457673,5.366420,4.452549,0.818661
2571,272012,35.0,140.34,,2.6193036079406737,114.9049870967865,161,,"0.464334,0.675947,0.695736,1.170310",,,0.457673,5.366420,4.452549,0.818661
2572,272122,110.0,139.97,,2.6193036079406737,114.9049870967865,161,,"0.464334,0.675947,0.695736,1.170310",,,0.457673,5.366420,4.452549,0.818661
2573,272260,138.0,140.14,,2.6193036079406737,114.9049870967865,161,,"0.464334,0.675947,0.695736,1.170310",,,0.457673,5.366420,4.452549,0.818661
2574,272404,144.0,140.15,,2.6193036079406737,114.9049870967865,161,,"0.464334,0.675947,0.695736,1.170310",,,0.457673,5.366420,4.452549,0.818661
2575,272464,60.0,140.07,,2.6193036079406737,114.9049870967865,161,,"0.464334,0.675947,0.695736,1.170310",,,0.457673,5.366420,4.452549,0.818661
2576,272515,51.0,140.22,,2.6004625034332274,115.83072924613953,162,,"0.464721,0.679245,0.690812,1.170453",,,0.448065,5.391550,4.120457,0.826795
2577,272631,116.0,139.74,,2.6004625034332274,115.83072924613953,162,,"0.464721,0.679245,0.690812,1.170453",,,0.448065,5.391550,4.120457,0.826795
2578,272808,177.0,140.15,,2.6004625034332274,115.83172941207886,162,,"0.464721,0.679245,0.690812,1.170453",,,0.448065,5.391550,4.120457,0.826795
2579,272944,136.0,140.5,,2.6004625034332274,115.83172941207886,162,,"0.464721,0.679245,0.690812,1.170453",,,0.448065,5.391550,4.120457,0.826795
2580,273079,135.0,141.09,,2.6004625034332274,115.83172941207886,162,,"0.464721,0.679245,0.690812,1.170453",,,0.448065,5.391550,4.120457,0.826795
2581,273218,139.0,140.05,,2.6004625034332274,115.83172941207886,162,,"0.464721,0.679245,0.690812,1.170453",,,0.448065,5.391550,4.120457,0.826795
2582,273395,177.0,140.58,,2.6004625034332274,115.83172941207886,162,,"0.464721,0.679245,0.690812,1.170453",,,0.448065,5.391550,4.120457,0.826795
2583,273522,127.0,140.45,,2.6004625034332274,115.83172941207886,162,,"0.464721,0.679245,0.690812,1.170453",,,0.448065,5.391550,4.120457,0.826795
2584,273678,156.0,141.62,,2.6004625034332274,115.83172941207886,162,,"0.464721,0.679245,0.690812,1.170453",,,0.448065,5.391550,4.120457,0.826795
2585,273838,160.0,141.98,,2.6004625034332274,115.83172941207886,162,,"0.464721,0.679245,0.690812,1.170453",,,0.448065,5.391550,4.120457,0.826795
2586,273959,121.0,142.07,,2.6004625034332274,115.83172941207886,162,,"0.464721,0.679245,0.690812,1.170453",,,0.448065,5.391550,4.120457,0.826795
2587,274083,124.0,141.38,,2.6004625034332274,115.83172941207886,162,,"0.464721,0.679245,0.690812,1.170453",,,0.448065,5.391550,4.120457,0.826795
2588,274130,47.0,140.29,,2.6004625034332274,115.83172941207886,162,,"0.464721,0.679245,0.690812,1.170453",,,0.448065,5.391550,4.120457,0.826795
2589,274325,195.0,141.0,,2.6004625034332274,115.83172941207886,162,,"0.464721,0.679245,0.690812,1.170453",,,0.448065,5.391550,4.120457,0.826795
2590,274447,122.0,140.95,,2.6004625034332274,115.83172941207886,162,,"0.464721,0.679245,0.690812,1.170453",,,0.448065,5.391550,4.120457,0.826795
2591,274624,177.0,141.39,,2.6004625034332274,115.83172941207886,162,,"0.464721,0.679245,0.690812,1.170453",,,0.448065,5.391550,4.120457,0.826795
2592,274808,184.0,140.8,,2.5709726500511167,116.90712523460388,163,,"0.461193,0.682146,0.687094,1.171655",,,0.446789,5.416457,2.825347,0.933255
2593,274956,148.0,140.68,,2.5709726500511167,116.90712523460388,163,,"0.461193,0.682146,0.687094,1.171655",,,0.446789,5.416457,2.825347,0.933255
2594,275176,220.0,142.38,,2.5709726500511167,116.90812659263611,163,,"0.461193,0.682146,0.687094,1.171655",,,0.446789,5.416457,2.825347,0.933255
2595,275327,151.0,142.73,,2.5709726500511167,116.90812659263611,163,,"0.461193,0.682146,0.687094,1.171655",,,0.446789,5.416457,2.825347,0.933255
2596,275471,144.0,141.34,,2.5709726500511167,116.90812659263611,163,,"0.461193,0.682146,0.687094,1.171655",,,0.446789,5.416457,2.825347,0.933255
2597,275732,261.0,142.39,,2.5709726500511167,116.90812659263611,163,,"0.461193,0.682146,0.687094,1.171655",,,0.446789,5.416457,2.825347,0.933255
2598,275897,165.0,142.0,,2.5709726500511167,116.90812659263611,163,,"0.461193,0.682146,0.687094,1.171655",,,0.446789,5.416457,2.825347,0.933255
2599,276028,131.0,141.77,,2.5709726500511167,116.90812659263611,163,,"0.461193,0.682146,0.687094,1.171655",180.0,15.620499351813308,0.446789,5.416457,2.825347,0.933255
2600,276175,147.0,142.89,,2.5709726500511167,116.90911936759949,163,,"0.461193,0.682146,0.687094,1.171655",,,0.446789,5.416457,2.825347,0.933255
2601,276317,142.0,142.86,,2.5709726500511167,116.90911936759949,163,,"0.461193,0.682146,0.687094,1.171655",,,0.446789,5.416457,2.825347,0.933255
2602,276454,137.0,142.75,,2.5709726500511167,116.90911936759949,163,,"0.461193,0.682146,0.687094,1.171655",,,0.446789,5.416457,2.825347,0.933255
2603,276591,137.0,142.94,,2.5709726500511167,116.90911936759949,163,,"0.461193,0.682146,0.687094,1.171655",,,0.446789,5.416457,2.825347,0.933255
2604,276752,161.0,143.2,,2.5709726500511167,116.90911936759949,163,,"0.461193,0.682146,0.687094,1.171655",,,0.446789,5.416457,2.825347,0.933255
2605,276899,147.0,143.33,,2.5709726500511167,116.90911936759949,163,,"0.461193,0.682146,0.687094,1.171655",,,0.446789,5.416457,2.825347,0.933255
2606,277076,177.0,143.69,,2.5709726500511167,116.90911936759949,163,,"0.461193,0.682146,0.687094,1.171655",,,0.446789,5.416457,2.825347,0.933255
2607,277252,176.0,144.16,,2.5709726500511167,116.90911936759949,163,,"0.461193,0.682146,0.687094,1.171655",,,0.446789,5.416457,2.825347,0.933255
2608,277448,196.0,144.48,,2.539968571662903,117.8275420665741,164,,"0.458819,0.684789,0.683615,1.172514",,,0.442137,5.437943,2.939548,0.919153
2609,277627,179.0,144.94,,2.539968571662903,117.8275420665741,164,,"0.458819,0.684789,0.683615,1.172514",,,0.442137,5.437943,2.939548,0.919153
2610,277800,173.0,144.85,,2.539968571662903,117.8275420665741,164,,"0.458819,0.684789,0.683615,1.172514",,,0.442137,5.437943,2.939548,0.919153
2611,277970,170.0,144.81,,2.539968571662903,117.8275420665741,164,,"0.458819,0.684789,0.683615,1.172514",,,0.442137,5.437943,2.939548,0.919153
2612,278096,126.0,144.1,,2.539968571662903,117.8275420665741,164,,"0.458819,0.684789,0.683615,1.172514",,,0.442137,5.437943,2.939548,0.919153
2613,278236,140.0,143.74,,2.539968571662903,117.8275420665741,164,,"0.458819,0.684789,0.683615,1.172514",,,0.442137,5.437943,2.939548,0.919153
2614,278386,150.0,143.95,,2.539968571662903,117.8275420665741,164,,"0.458819,0.684789,0.683615,1.172514",,,0.442137,5.437943,2.939548,0.919153
2615,278529,143.0,143.6,,2.539968571662903,117.8275420665741,164,,"0.458819,0.684789,0.683615,1.172514",,,0.442137,5.437943,2.939548,0.919153
2616,278710,181.0,144.13,,2.539968571662903,117.8275420665741,164,,"0.458819,0.684789,0.683615,1.172514",,,0.442137,5.437943,2.939548,0.919153
2617,278858,148.0,144.34,,2.539968571662903,117.8275420665741,164,,"0.458819,0.684789,0.683615,1.172514",,,0.442137,5.437943,2.939548,0.919153
2618,279009,151.0,144.96,,2.539968571662903,117.8275420665741,164,,"0.458819,0.684789,0.683615,1.172514",,,0.442137,5.437943,2.939548,0.919153
2619,279141,132.0,144.73,,2.539968571662903,117.8275420665741,164,,"0.458819,0.684789,0.683615,1.172514",,,0.442137,5.437943,2.939548,0.919153
2620,279313,172.0,144.51,,2.539968571662903,117.8275420665741,164,,"0.458819,0.684789,0.683615,1.172514",,,0.442137,5.437943,2.939548,0.919153
2621,279462,149.0,144.58,,2.539968571662903,117.8275420665741,164,,"0.458819,0.684789,0.683615,1.172514",,,0.442137,5.437943,2.939548,0.919153
2622,279599,137.0,144.52,,2.539968571662903,117.8275420665741,164,,"0.458819,0.684789,0.683615,1.172514",,,0.442137,5.437943,2.939548,0.919153
2623,279756,157.0,145.71,,2.539968571662903,117.8275420665741,164,,"0.458819,0.684789,0.683615,1.172514",,,0.442137,5.437943,2.939548,0.919153
2624,279879,123.0,145.46,,2.506626298427582,119.02373433113098,165,,"0.455873,0.687217,0.680548,1.173221",,,0.437673,5.456861,2.796651,0.941087
2625,280012,133.0,145.45,,2.506626298427582,119.02373433113098,165,,"0.455873,0.687217,0.680548,1.173221",,,0.437673,5.456861,2.796651,0.941087
2626,280190,178.0,145.58,,2.506626298427582,119.02373433113098,165,,"0.455873,0.687217,0.680548,1.173221",,,0.437673,5.456861,2.796651,0.941087
2627,280327,137.0,145.72,,2.506626298427582,119.02373433113098,165,,"0.455873,0.687217,0.680548,1.173221",,,0.437673,5.456861,2.796651,0.941087
2628,280538,211.0,146.45,,2.506626298427582,119.02373433113098,165,,"0.455873,0.687217,0.680548,1.173221",,,0.437673,5.456861,2.796651,0.941087
2629,280652,114.0,146.14,,2.506626298427582,119.02373433113098,165,,"0.455873,0.687217,0.680548,1.173221",,,0.437673,5.456861,2.796651,0.941087
2630,280887,235.0,147.11,,2.506626298427582,119.02373433113098,165,,"0.455873,0.687217,0.680548,1.173221",,,0.437673,5.456861,2.796651,0.941087
2631,281085,198.0,147.71,,2.506626298427582,119.02373433113098,165,,"0.455873,0.687217,0.680548,1.173221",,,0.437673,5.456861,2.796651,0.941087
2632,281226,141.0,148.54,,2.506626298427582,119.02373433113098,165,,"0.455873,0.687217,0.680548,1.173221",,,0.437673,5.456861,2.796651,0.941087
2633,281427,201.0,149.08,,2.506626298427582,119.02373433113098,165,,"0.455873,0.687217,0.680548,1.173221",,,0.437673,5.456861,2.796651,0.941087
2634,281588,161.0,150.32,,2.506626298427582,119.02473998069763,165,,"0.455873,0.687217,0.680548,1.173221",,,0.437673,5.456861,2.796651,0.941087
2635,281753,165.0,150.47,,2.506626298427582,119.02473998069763,165,,"0.455873,0.687217,0.680548,1.173221",,,0.437673,5.456861,2.796651,0.941087
2636,281933,180.0,150.74,,2.506626298427582,119.02473998069763,165,,"0.455873,0.687217,0.680548,1.173221",,,0.437673,5.456861,2.796651,0.941087
2637,282063,130.0,151.52,,2.506626298427582,119.02473998069763,165,,"0.455873,0.687217,0.680548,1.173221",,,0.437673,5.456861,2.796651,0.941087
2638,282304,241.0,152.75,,2.506626298427582,119.02473998069763,165,,"0.455873,0.687217,0.680548,1.173221",,,0.437673,5.456861,2.796651,0.941087
2639,282444,140.0,151.75,,2.506626298427582,119.02473998069763,165,,"0.455873,0.687217,0.680548,1.173221",,,0.437673,5.456861,2.796651,0.941087
2640,282647,203.0,152.18,,2.474841883182526,120.06567478179932,166,,"0.452785,0.689361,0.677683,1.173946",,,0.438712,5.474520,2.944600,0.932453
2641,282800,153.0,152.81,,2.474841883182526,120.06567478179932,166,,"0.452785,0.689361,0.677683,1.173946",,,0.438712,5.474520,2.944600,0.932453
2642,282962,162.0,153.53,,2.474841883182526,120.06567478179932,166,,"0.452785,0.689361,0.677683,1.173946",,,0.438712,5.474520,2.944600,0.932453
2643,283177,215.0,155.35,,2.474841883182526,120.06567478179932,166,,"0.452785,0.689361,0.677683,1.173946",,,0.438712,5.474520,2.944600,0.932453
2644,283328,151.0,154.75,,2.474841883182526,120.06567478179932,166,,"0.452785,0.689361,0.677683,1.173946",,,0.438712,5.474520,2.944600,0.932453
2645,283502,174.0,155.83,,2.474841883182526,120.06567478179932,166,,"0.452785,0.689361,0.677683,1.173946",,,0.438712,5.474520,2.944600,0.932453
2646,283625,123.0,155.68,,2.474841883182526,120.06567478179932,166,,"0.452785,0.689361,0.677683,1.173946",,,0.438712,5.474520,2.944600,0.932453
2647,283799,174.0,155.28,,2.474841883182526,120.06567478179932,166,,"0.452785,0.689361,0.677683,1.173946",,,0.438712,5.474520,2.944600,0.932453
2648,283921,122.0,154.92,,2.474841883182526,120.06567478179932,166,,"0.452785,0.689361,0.677683,1.173946",,,0.438712,5.474520,2.944600,0.932453
2649,284046,125.0,154.79,,2.474841883182526,120.06567478179932,166,,"0.452785,0.689361,0.677683,1.173946",188.0,18.536450577173614,0.438712,5.474520,2.944600,0.932453
2650,284179,133.0,153.98,,2.474841883182526,120.06567478179932,166,,"0.452785,0.689361,0.677683,1.173946",,,0.438712,5.474520,2.944600,0.932453
2651,284310,131.0,154.08,,2.474841883182526,120.06567478179932,166,,"0.452785,0.689361,0.677683,1.173946",,,0.438712,5.474520,2.944600,0.932453
2652,284450,140.0,154.12,,2.474841883182526,120.06567478179932,166,,"0.452785,0.689361,0.677683,1.173946",,,0.438712,5.474520,2.944600,0.932453
2653,284654,204.0,154.67,,2.474841883182526,120.06567478179932,166,,"0.452785,0.689361,0.677683,1.173946",,,0.438712,5.474520,2.944600,0.932453
2654,284854,200.0,155.02,,2.474841883182526,120.06567478179932,166,,"0.452785,0.689361,0.677683,1.173946",,,0.438712,5.474520,2.944600,0.932453
2655,285020,166.0,155.0,,2.474841883182526,120.06567478179932,166,,"0.452785,0.689361,0.677683,1.173946",,,0.438712,5.474520,2.944600,0.932453
2656,285245,225.0,155.78,,2.449968020915985,121.37097477912903,167,,"0.449907,0.691629,0.674758,1.174979",,,0.441445,5.490408,2.926256,0.926010
2657,285409,164.0,155.51,,2.449968020915985,121.37097477912903,167,,"0.449907,0.691629,0.674758,1.174979",,,0.441445,5.490408,2.926256,0.926010
2658,285554,145.0,155.15,,2.449968020915985,121.37097477912903,167,,"0.449907,0.691629,0.674758,1.174979",,,0.441445,5.490408,2.926256,0.926010
2659,285683,129.0,155.78,,2.449968020915985,121.3719744682312,167,,"0.449907,0.691629,0.674758,1.174979",,,0.441445,5.490408,2.926256,0.926010
2660,285880,197.0,154.99,,2.449968020915985,121.3719744682312,167,,"0.449907,0.691629,0.674758,1.174979",,,0.441445,5.490408,2.926256,0.926010
2661,286048,168.0,154.94,,2.449968020915985,121.3719744682312,167,,"0.449907,0.691629,0.674758,1.174979",,,0.441445,5.490408,2.926256,0.926010
2662,286181,133.0,154.06,,2.449968020915985,121.3719744682312,167,,"0.449907,0.691629,0.674758,1.174979",,,0.441445,5.490408,2.926256,0.926010
2663,286462,281.0,155.66,,2.449968020915985,121.3719744682312,167,,"0.449907,0.691629,0.674758,1.174979",,,0.441445,5.490408,2.926256,0.926010
2664,286622,160.0,155.84,,2.449968020915985,121.3719744682312,167,,"0.449907,0.691629,0.674758,1.174979",,,0.441445,5.490408,2.926256,0.926010
2665,286758,136.0,155.43,,2.449968020915985,121.3719744682312,167,,"0.449907,0.691629,0.674758,1.174979",,,0.441445,5.490408,2.926256,0.926010
2666,286894,136.0,156.33,,2.449968020915985,121.3719744682312,167,,"0.449907,0.691629,0.674758,1.174979",,,0.441445,5.490408,2.926256,0.926010
2667,287078,184.0,156.2,,2.449968020915985,121.3719744682312,167,,"0.449907,0.691629,0.674758,1.174979",,,0.441445,5.490408,2.926256,0.926010
2668,287250,172.0,156.27,,2.449968020915985,121.3719744682312,167,,"0.449907,0.691629,0.674758,1.174979",,,0.441445,5.490408,2.926256,0.926010
2669,287489,239.0,156.39,,2.449968020915985,121.3719744682312,167,,"0.449907,0.691629,0.674758,1.174979",,,0.441445,5.490408,2.926256,0.926010
2670,287684,195.0,157.07,,2.449968020915985,121.3719744682312,167,,"0.449907,0.691629,0.674758,1.174979",,,0.441445,5.490408,2.926256,0.926010
2671,287870,186.0,158.58,,2.449968020915985,121.3719744682312,167,,"0.449907,0.691629,0.674758,1.174979",,,0.441445,5.490408,2.926256,0.926010
2672,288095,225.0,159.73,,2.420394632816315,122.7829155921936,168,,"0.447467,0.694372,0.672073,1.176162",,,0.442820,5.503267,2.576375,0.931823
2673,288333,238.0,160.73,,2.420394632816315,122.7829155921936,168,,"0.447467,0.694372,0.672073,1.176162",,,0.442820,5.503267,2.576375,0.931823
2674,288534,201.0,161.3,,2.420394632816315,122.7829155921936,168,,"0.447467,0.694372,0.672073,1.176162",,,0.442820,5.503267,2.576375,0.931823
2675,288737,203.0,162.73,,2.420394632816315,122.7829155921936,168,,"0.447467,0.694372,0.672073,1.176162",,,0.442820,5.503267,2.576375,0.931823
2676,288888,151.0,163.73,,2.420394632816315,122.7829155921936,168,,"0.447467,0.694372,0.672073,1.176162",,,0.442820,5.503267,2.576375,0.931823
2677,289049,161.0,164.18,,2.420394632816315,122.7829155921936,168,,"0.447467,0.694372,0.672073,1.176162",,,0.442820,5.503267,2.576375,0.931823
2678,289283,234.0,164.75,,2.420394632816315,122.7829155921936,168,,"0.447467,0.694372,0.672073,1.176162",,,0.442820,5.503267,2.576375,0.931823
2679,289463,180.0,165.19,,2.420394632816315,122.7829155921936,168,,"0.447467,0.694372,0.672073,1.176162",,,0.442820,5.503267,2.576375,0.931823
2680,289604,141.0,165.25,,2.420394632816315,122.7829155921936,168,,"0.447467,0.694372,0.672073,1.176162",,,0.442820,5.503267,2.576375,0.931823
2681,289815,211.0,165.97,,2.420394632816315,122.7829155921936,168,,"0.447467,0.694372,0.672073,1.176162",,,0.442820,5.503267,2.576375,0.931823
2682,289975,160.0,165.8,,2.420394632816315,122.7829155921936,168,,"0.447467,0.694372,0.672073,1.176162",,,0.442820,5.503267,2.576375,0.931823
2683,290126,151.0,166.04,,2.420394632816315,122.7829155921936,168,,"0.447467,0.694372,0.672073,1.176162",,,0.442820,5.503267,2.576375,0.931823
2684,290340,214.0,166.62,,2.420394632816315,122.7829155921936,168,,"0.447467,0.694372,0.672073,1.176162",,,0.442820,5.503267,2.576375,0.931823
2685,290679,339.0,168.41,,2.420394632816315,122.7829155921936,168,,"0.447467,0.694372,0.672073,1.176162",,,0.442820,5.503267,2.576375,0.931823
2686,290852,173.0,168.93,,2.420394632816315,122.7829155921936,168,,"0.447467,0.694372,0.672073,1.176162",,,0.442820,5.503267,2.576375,0.931823
2687,291023,171.0,169.4,,2.420394632816315,122.7829155921936,168,,"0.447467,0.694372,0.672073,1.176162",,,0.442820,5.503267,2.576375,0.931823
2688,291172,149.0,170.42,,2.392977967262268,123.79007625579834,169,,"0.445324,0.696840,0.669619,1.177746",,,0.437557,5.516309,2.831749,0.922580
2689,291322,150.0,169.97,,2.392977967262268,123.79007625579834,169,,"0.445324,0.696840,0.669619,1.177746",,,0.437557,5.516309,2.831749,0.922580
2690,291477,155.0,170.3,,2.392977967262268,123.79007625579834,169,,"0.445324,0.696840,0.669619,1.177746",,,0.437557,5.516309,2.831749,0.922580
2691,291702,225.0,170.78,,2.392977967262268,123.79007625579834,169,,"0.445324,0.696840,0.669619,1.177746",,,0.437557,5.516309,2.831749,0.922580
2692,291859,157.0,170.51,,2.392977967262268,123.79007625579834,169,,"0.445324,0.696840,0.669619,1.177746",,,0.437557,5.516309,2.831749,0.922580
2693,292014,155.0,170.58,,2.392977967262268,123.79007625579834,169,,"0.445324,0.696840,0.669619,1.177746",,,0.437557,5.516309,2.831749,0.922580
2694,292151,137.0,169.75,,2.392977967262268,123.79007625579834,169,,"0.445324,0.696840,0.669619,1.177746",,,0.437557,5.516309,2.831749,0.922580
2695,292362,211.0,170.35,,2.392977967262268,123.79007625579834,169,,"0.445324,0.696840,0.669619,1.177746",,,0.437557,5.516309,2.831749,0.922580
2696,292540,178.0,170.69,,2.392977967262268,123.79007625579834,169,,"0.445324,0.696840,0.669619,1.177746",,,0.437557,5.516309,2.831749,0.922580
2697,292692,152.0,169.6,,2.392977967262268,123.79007625579834,169,,"0.445324,0.696840,0.669619,1.177746",,,0.437557,5.516309,2.831749,0.922580
2698,292837,145.0,169.4,,2.392977967262268,123.79007625579834,169,,"0.445324,0.696840,0.669619,1.177746",,,0.437557,5.516309,2.831749,0.922580
2699,293006,169.0,169.78,,2.392977967262268,123.79007625579834,169,,"0.445324,0.696840,0.669619,1.177746",335.2,134.99540732928656,0.437557,5.516309,2.831749,0.922580
2700,293183,177.0,170.08,,2.392977967262268,123.79007625579834,169,,"0.445324,0.696840,0.669619,1.177746",,,0.437557,5.516309,2.831749,0.922580
2701,293326,143.0,170.09,,2.392977967262268,123.79007625579834,169,,"0.445324,0.696840,0.669619,1.177746",,,0.437557,5.516309,2.831749,0.922580
2702,293509,183.0,170.55,,2.392977967262268,123.79007625579834,169,,"0.445324,0.696840,0.669619,1.177746",,,0.437557,5.516309,2.831749,0.922580
2703,293699,190.0,171.08,,2.392977967262268,123.79007625579834,169,,"0.445324,0.696840,0.669619,1.177746",,,0.437557,5.516309,2.831749,0.922580
2704,294004,305.0,172.52,,2.3653209352493287,125.12959480285645,170,,"0.436546,0.697426,0.667660,1.179872",,,0.444242,5.528623,3.382511,0.881806
2705,294151,147.0,172.52,,2.3653209352493287,125.12959480285645,170,,"0.436546,0.697426,0.667660,1.179872",,,0.444242,5.528623,3.382511,0.881806
2706,294350,199.0,172.74,,2.3653209352493287,125.12959480285645,170,,"0.436546,0.697426,0.667660,1.179872",,,0.444242,5.528623,3.382511,0.881806
2707,294507,157.0,172.55,,2.3653209352493287,125.12959480285645,170,,"0.436546,0.697426,0.667660,1.179872",,,0.444242,5.528623,3.382511,0.881806
2708,294675,168.0,172.27,,2.3653209352493287,125.12959480285645,170,,"0.436546,0.697426,0.667660,1.179872",,,0.444242,5.528623,3.382511,0.881806
2709,294824,149.0,171.97,,2.3653209352493287,125.12959480285645,170,,"0.436546,0.697426,0.667660,1.179872",,,0.444242,5.528623,3.382511,0.881806
2710,295037,213.0,172.37,,2.3653209352493287,125.12959480285645,170,,"0.436546,0.697426,0.667660,1.179872",,,0.444242,5.528623,3.382511,0.881806
2711,295296,259.0,173.26,,2.3653209352493287,125.12959480285645,170,,"0.436546,0.697426,0.667660,1.179872",,,0.444242,5.528623,3.382511,0.881806
2712,295490,194.0,173.94,,2.3653209352493287,125.12959480285645,170,,"0.436546,0.697426,0.667660,1.179872",,,0.444242,5.528623,3.382511,0.881806
2713,295663,173.0,174.27,,2.3653209352493287,125.12959480285645,170,,"0.436546,0.697426,0.667660,1.179872",,,0.444242,5.528623,3.382511,0.881806
2714,295837,174.0,174.51,,2.3653209352493287,125.12959480285645,170,,"0.436546,0.697426,0.667660,1.179872",,,0.444242,5.528623,3.382511,0.881806
2715,295979,142.0,174.5,,2.3653209352493287,125.12959480285645,170,,"0.436546,0.697426,0.667660,1.179872",,,0.444242,5.528623,3.382511,0.881806
2716,296207,228.0,174.97,,2.3653209352493287,125.12959480285645,170,,"0.436546,0.697426,0.667660,1.179872",,,0.444242,5.528623,3.382511,0.881806
2717,296387,180.0,175.29,,2.3653209352493287,125.12959480285645,170,,"0.436546,0.697426,0.667660,1.179872",,,0.444242,5.528623,3.382511,0.881806
2718,296545,158.0,175.36,,2.3653209352493287,125.12959480285645,170,,"0.436546,0.697426,0.667660,1.179872",,,0.444242,5.528623,3.382511,0.881806
2719,296695,150.0,175.54,,2.3653209352493287,125.12959480285645,170,,"0.436546,0.697426,0.667660,1.179872",,,0.444242,5.528623,3.382511,0.881806
2720,296880,185.0,175.67,,2.350841450691223,126.65139532089233,171,,"0.428826,0.697641,0.666137,1.181765",,,0.438962,5.540181,3.357995,0.889231
2721,297020,140.0,175.58,,2.350841450691223,126.65139532089233,171,,"0.428826,0.697641,0.666137,1.181765",,,0.438962,5.540181,3.357995,0.889231
2722,297220,200.0,176.21,,2.350841450691223,126.65139532089233,171,,"0.428826,0.697641,0.666137,1.181765",,,0.438962,5.540181,3.357995,0.889231
2723,297502,282.0,177.46,,2.350841450691223,126.65139532089233,171,,"0.428826,0.697641,0.666137,1.181765",,,0.438962,5.540181,3.357995,0.889231
2724,297710,208.0,178.31,,2.350841450691223,126.65139532089233,171,,"0.428826,0.697641,0.666137,1.181765",,,0.438962,5.540181,3.357995,0.889231
2725,297900,190.0,178.88,,2.350841450691223,126.65139532089233,171,,"0.428826,0.697641,0.666137,1.181765",,,0.438962,5.540181,3.357995,0.889231
2726,298076,176.0,178.86,,2.350841450691223,126.65139532089233,171,,"0.428826,0.697641,0.666137,1.181765",,,0.438962,5.540181,3.357995,0.889231
2727,298257,181.0,179.3,,2.350841450691223,126.65139532089233,171,,"0.428826,0.697641,0.666137,1.181765",,,0.438962,5.540181,3.357995,0.889231
2728,298459,202.0,179.21,,2.350841450691223,126.65139532089233,171,,"0.428826,0.697641,0.666137,1.181765",,,0.438962,5.540181,3.357995,0.889231
2729,298613,154.0,179.61,,2.350841450691223,126.65139532089233,171,,"0.428826,0.697641,0.666137,1.181765",,,0.438962,5.540181,3.357995,0.889231
2730,298784,171.0,178.97,,2.350841450691223,126.65139532089233,171,,"0.428826,0.697641,0.666137,1.181765",,,0.438962,5.540181,3.357995,0.889231
2731,298994,210.0,179.09,,2.350841450691223,126.65139532089233,171,,"0.428826,0.697641,0.666137,1.181765",,,0.438962,5.540181,3.357995,0.889231
2732,299179,185.0,179.53,,2.350841450691223,126.65139532089233,171,,"0.428826,0.697641,0.666137,1.181765",,,0.438962,5.540181,3.357995,0.889231
2733,299423,244.0,179.96,,2.350841450691223,126.65139532089233,171,,"0.428826,0.697641,0.666137,1.181765",,,0.438962,5.540181,3.357995,0.889231
2734,299751,328.0,181.63,,2.350841450691223,126.65139532089233,171,,"0.428826,0.697641,0.666137,1.181765",,,0.438962,5.540181,3.357995,0.889231
2735,299973,222.0,182.2,,2.350841450691223,126.65139532089233,171,,"0.428826,0.697641,0.666137,1.181765",,,0.438962,5.540181,3.357995,0.889231
2736,300267,294.0,183.34,,2.334069993495941,128.52054715156555,172,,"0.420204,0.697745,0.664774,1.183718",,,0.457830,5.552926,3.732920,0.828745
2737,300505,238.0,184.42,,2.334069993495941,128.52054715156555,172,,"0.420204,0.697745,0.664774,1.183718",,,0.457830,5.552926,3.732920,0.828745
2738,300755,250.0,184.51,,2.334069993495941,128.52054715156555,172,,"0.420204,0.697745,0.664774,1.183718",,,0.457830,5.552926,3.732920,0.828745
2739,301075,320.0,186.31,,2.334069993495941,128.52054715156555,172,,"0.420204,0.697745,0.664774,1.183718",,,0.457830,5.552926,3.732920,0.828745
2740,301390,315.0,187.43,,2.334069993495941,128.52054715156555,172,,"0.420204,0.697745,0.664774,1.183718",,,0.457830,5.552926,3.732920,0.828745
2741,301890,500.0,190.9,,2.334069993495941,128.52054715156555,172,,"0.420204,0.697745,0.664774,1.183718",,,0.457830,5.552926,3.732920,0.828745
2742,302107,217.0,191.45,,2.334069993495941,128.52054715156555,172,,"0.420204,0.697745,0.664774,1.183718",,,0.457830,5.552926,3.732920,0.828745
2743,302341,234.0,191.64,,2.334069993495941,128.52054715156555,172,,"0.420204,0.697745,0.664774,1.183718",,,0.457830,5.552926,3.732920,0.828745
2744,302586,245.0,192.58,,2.334069993495941,128.52054715156555,172,,"0.420204,0.697745,0.664774,1.183718",,,0.457830,5.552926,3.732920,0.828745
2745,302847,261.0,193.45,,2.334069993495941,128.52054715156555,172,,"0.420204,0.697745,0.664774,1.183718",,,0.457830,5.552926,3.732920,0.828745
2746,303097,250.0,194.72,,2.334069993495941,128.52054715156555,172,,"0.420204,0.697745,0.664774,1.183718",,,0.457830,5.552926,3.732920,0.828745
2747,303287,190.0,194.88,,2.334069993495941,128.52054715156555,172,,"0.420204,0.697745,0.664774,1.183718",,,0.457830,5.552926,3.732920,0.828745
2748,303536,249.0,196.15,,2.334069993495941,128.52054715156555,172,,"0.420204,0.697745,0.664774,1.183718",,,0.457830,5.552926,3.732920,0.828745
2749,303808,272.0,197.62,,2.334069993495941,128.52054715156555,172,,"0.420204,0.697745,0.664774,1.183718",495.6,8.8,0.457830,5.552926,3.732920,0.828745
2750,304022,214.0,198.43,,2.334069993495941,128.52054715156555,172,,"0.420204,0.697745,0.664774,1.183718",,,0.457830,5.552926,3.732920,0.828745
2751,304302,280.0,199.92,,2.334069993495941,128.52054715156555,172,,"0.420204,0.697745,0.664774,1.183718",,,0.457830,5.552926,3.732920,0.828745
2752,304699,397.0,202.49,,2.327290813922882,130.55730891227722,173,,"0.411880,0.697813,0.663600,1.185088",,,0.459184,5.564381,4.213274,0.769042
2753,304996,297.0,203.42,,2.327290813922882,130.55730891227722,173,,"0.411880,0.697813,0.663600,1.185088",,,0.459184,5.564381,4.213274,0.769042
2754,305234,238.0,203.8,,2.327290813922882,130.55730891227722,173,,"0.411880,0.697813,0.663600,1.185088",,,0.459184,5.564381,4.213274,0.769042
2755,305529,295.0,205.09,,2.327290813922882,130.55730891227722,173,,"0.411880,0.697813,0.663600,1.185088",,,0.459184,5.564381,4.213274,0.769042
2756,305706,177.0,204.61,,2.327290813922882,130.55730891227722,173,,"0.411880,0.697813,0.663600,1.185088",,,0.459184,5.564381,4.213274,0.769042
2757,305944,238.0,205.35,,2.327290813922882,130.55730891227722,173,,"0.411880,0.697813,0.663600,1.185088",,,0.459184,5.564381,4.213274,0.769042
2758,306261,317.0,207.07,,2.327290813922882,130.55730891227722,173,,"0.411880,0.697813,0.663600,1.185088",,,0.459184,5.564381,4.213274,0.769042
2759,306469,208.0,207.86,,2.327290813922882,130.55730891227722,173,,"0.411880,0.697813,0.663600,1.185088",,,0.459184,5.564381,4.213274,0.769042
2760,306669,200.0,207.89,,2.327290813922882,130.55730891227722,173,,"0.411880,0.697813,0.663600,1.185088",,,0.459184,5.564381,4.213274,0.769042
2761,307100,431.0,210.52,,2.327290813922882,130.55730891227722,173,,"0.411880,0.697813,0.663600,1.185088",,,0.459184,5.564381,4.213274,0.769042
2762,307312,212.0,211.31,,2.327290813922882,130.55730891227722,173,,"0.411880,0.697813,0.663600,1.185088",,,0.459184,5.564381,4.213274,0.769042
2763,307516,204.0,210.54,,2.327290813922882,130.55830264091492,173,,"0.411880,0.697813,0.663600,1.185088",,,0.459184,5.564381,4.213274,0.769042
2764,307706,190.0,210.84,,2.327290813922882,130.55830264091492,173,,"0.411880,0.697813,0.663600,1.185088",,,0.459184,5.564381,4.213274,0.769042
2765,308206,500.0,214.48,,2.327290813922882,130.55830264091492,173,,"0.411880,0.697813,0.663600,1.185088",,,0.459184,5.564381,4.213274,0.769042
2766,308390,184.0,214.96,,2.327290813922882,130.55830264091492,173,,"0.411880,0.697813,0.663600,1.185088",,,0.459184,5.564381,4.213274,0.769042
2767,308765,375.0,216.87,,2.327290813922882,130.55830264091492,173,,"0.411880,0.697813,0.663600,1.185088",,,0.459184,5.564381,4.213274,0.769042
2768,309071,306.0,218.21,,2.3297113728523255,132.69702339172363,174,,"0.403377,0.698077,0.663057,1.186386",,,0.469024,5.577131,4.438743,0.671659
2769,309387,316.0,218.98,,2.3297113728523255,132.69702339172363,174,,"0.403377,0.698077,0.663057,1.186386",,,0.469024,5.577131,4.438743,0.671659
2770,309608,221.0,219.24,,2.3297113728523255,132.69702339172363,174,,"0.403377,0.698077,0.663057,1.186386",,,0.469024,5.577131,4.438743,0.671659
2771,309835,227.0,219.65,,2.3297113728523255,132.69702339172363,174,,"0.403377,0.698077,0.663057,1.186386",,,0.469024,5.577131,4.438743,0.671659
2772,310129,294.0,220.34,,2.3297113728523255,132.6980264186859,174,,"0.403377,0.698077,0.663057,1.186386",,,0.469024,5.577131,4.438743,0.671659
2773,310398,269.0,220.65,,2.3297113728523255,132.6980264186859,174,,"0.403377,0.698077,0.663057,1.186386",,,0.469024,5.577131,4.438743,0.671659
2774,310839,441.0,223.05,,2.3297113728523255,132.6980264186859,174,,"0.403377,0.698077,0.663057,1.186386",,,0.469024,5.577131,4.438743,0.671659
2775,311206,367.0,224.69,,2.3297113728523255,132.6980264186859,174,,"0.403377,0.698077,0.663057,1.186386",,,0.469024,5.577131,4.438743,0.671659
2776,311574,368.0,226.86,,2.3297113728523255,132.6980264186859,174,,"0.403377,0.698077,0.663057,1.186386",,,0.469024,5.577131,4.438743,0.671659
2777,312074,500.0,230.25,,2.3297113728523255,132.6980264186859,174,,"0.403377,0.698077,0.663057,1.186386",,,0.469024,5.577131,4.438743,0.671659
2778,312324,250.0,230.41,,2.3297113728523255,132.6980264186859,174,,"0.403377,0.698077,0.663057,1.186386",,,0.469024,5.577131,4.438743,0.671659
2779,312803,479.0,233.4,,2.3297113728523255,132.6980264186859,174,,"0.403377,0.698077,0.663057,1.186386",,,0.469024,5.577131,4.438743,0.671659
2780,313271,468.0,236.67,,2.3297113728523255,132.6980264186859,174,,"0.403377,0.698077,0.663057,1.186386",,,0.469024,5.577131,4.438743,0.671659
2781,313560,289.0,237.45,,2.3297113728523255,132.6980264186859,174,,"0.403377,0.698077,0.663057,1.186386",,,0.469024,5.577131,4.438743,0.671659
2782,314041,481.0,240.66,,2.3297113728523255,132.6980264186859,174,,"0.403377,0.698077,0.663057,1.186386",,,0.469024,5.577131,4.438743,0.671659
2783,314312,271.0,241.86,,2.3297113728523255,132.6980264186859,174,,"0.403377,0.698077,0.663057,1.186386",,,0.469024,5.577131,4.438743,0.671659
2784,314670,358.0,243.3,,2.333455879688263,134.97317957878113,175,,"0.394947,0.698349,0.662814,1.187509",,,0.476742,5.589369,3.928866,0.445050
2785,315170,500.0,244.91,,2.333455879688263,134.97317957878113,175,,"0.394947,0.698349,0.662814,1.187509",,,0.476742,5.589369,3.928866,0.445050
2786,315670,500.0,248.18,,2.333455879688263,134.97317957878113,175,,"0.394947,0.698349,0.662814,1.187509",,,0.476742,5.589369,3.928866,0.445050
2787,316059,389.0,250.36,,2.333455879688263,134.97317957878113,175,,"0.394947,0.698349,0.662814,1.187509",,,0.476742,5.589369,3.928866,0.445050
2788,316559,500.0,253.87,,2.333455879688263,134.97317957878113,175,,"0.394947,0.698349,0.662814,1.187509",,,0.476742,5.589369,3.928866,0.445050
2789,316861,302.0,255.39,,2.333455879688263,134.97317957878113,175,,"0.394947,0.698349,0.662814,1.187509",,,0.476742,5.589369,3.928866,0.445050
2790,317172,311.0,256.95,,2.333455879688263,134.97317957878113,175,,"0.394947,0.698349,0.662814,1.187509",,,0.476742,5.589369,3.928866,0.445050
2791,317622,450.0,259.2,,2.333455879688263,134.97417998313904,175,,"0.394947,0.698349,0.662814,1.187509",,,0.476742,5.589369,3.928866,0.445050
2792,317823,201.0,259.64,,2.333455879688263,134.97417998313904,175,,"0.394947,0.698349,0.662814,1.187509",,,0.476742,5.589369,3.928866,0.445050
2793,318255,432.0,262.41,,2.333455879688263,134.97417998313904,175,,"0.394947,0.698349,0.662814,1.187509",,,0.476742,5.589369,3.928866,0.445050
2794,318755,500.0,266.04,,2.333455879688263,134.97417998313904,175,,"0.394947,0.698349,0.662814,1.187509",,,0.476742,5.589369,3.928866,0.445050
2795,319106,351.0,267.44,,2.333455879688263,134.97417998313904,175,,"0.394947,0.698349,0.662814,1.187509",,,0.476742,5.589369,3.928866,0.445050
2796,319565,459.0,270.25,,2.333455879688263,134.97417998313904,175,,"0.394947,0.698349,0.662814,1.187509",,,0.476742,5.589369,3.928866,0.445050
2797,320052,487.0,273.6,,2.333455879688263,134.97417998313904,175,,"0.394947,0.698349,0.662814,1.187509",,,0.476742,5.589369,3.928866,0.445050
2798,320552,500.0,277.15,,2.333455879688263,134.97417998313904,175,,"0.394947,0.698349,0.662814,1.187509",,,0.476742,5.589369,3.928866,0.445050
2799,320764,212.0,277.58,,2.333455879688263,134.97417998313904,175,,"0.394947,0.698349,0.662814,1.187509",500.0,0.0,0.476742,5.589369,3.928866,0.445050
2800,321249,485.0,280.66,,2.3341538763046263,137.26665711402893,176,,"0.387455,0.698370,0.662845,1.188364",,,0.481661,5.600870,3.355718,0.598294
2801,321749,500.0,284.23,,2.3341538763046263,137.26665711402893,176,,"0.387455,0.698370,0.662845,1.188364",,,0.481661,5.600870,3.355718,0.598294
2802,322072,323.0,285.63,,2.3341538763046263,137.26665711402893,176,,"0.387455,0.698370,0.662845,1.188364",,,0.481661,5.600870,3.355718,0.598294
2803,322269,197.0,285.7,,2.3341538763046263,137.26665711402893,176,,"0.387455,0.698370,0.662845,1.188364",,,0.481661,5.600870,3.355718,0.598294
2804,322655,386.0,286.51,,2.3341538763046263,137.26665711402893,176,,"0.387455,0.698370,0.662845,1.188364",,,0.481661,5.600870,3.355718,0.598294
2805,323074,419.0,289.23,,2.3341538763046263,137.26665711402893,176,,"0.387455,0.698370,0.662845,1.188364",,,0.481661,5.600870,3.355718,0.598294
2806,323574,500.0,292.24,,2.3341538763046263,137.26765894889832,176,,"0.387455,0.698370,0.662845,1.188364",,,0.481661,5.600870,3.355718,0.598294
2807,323916,342.0,294.09,,2.3341538763046263,137.26765894889832,176,,"0.387455,0.698370,0.662845,1.188364",,,0.481661,5.600870,3.355718,0.598294
2808,324275,359.0,296.0,,2.3341538763046263,137.26765894889832,176,,"0.387455,0.698370,0.662845,1.188364",,,0.481661,5.600870,3.355718,0.598294
2809,324775,500.0,299.51,,2.3341538763046263,137.26765894889832,176,,"0.387455,0.698370,0.662845,1.188364",,,0.481661,5.600870,3.355718,0.598294
2810,325275,500.0,302.38,,2.3341538763046263,137.26765894889832,176,,"0.387455,0.698370,0.662845,1.188364",,,0.481661,5.600870,3.355718,0.598294
2811,325628,353.0,303.32,,2.3341538763046263,137.26765894889832,176,,"0.387455,0.698370,0.662845,1.188364",,,0.481661,5.600870,3.355718,0.598294
2812,326125,497.0,306.35,,2.3341538763046263,137.26765894889832,176,,"0.387455,0.698370,0.662845,1.188364",,,0.481661,5.600870,3.355718,0.598294
2813,326625,500.0,309.62,,2.3341538763046263,137.26765894889832,176,,"0.387455,0.698370,0.662845,1.188364",,,0.481661,5.600870,3.355718,0.598294
2814,327107,482.0,312.7,,2.3341538763046263,137.26765894889832,176,,"0.387455,0.698370,0.662845,1.188364",,,0.481661,5.600870,3.355718,0.598294
2815,327607,500.0,316.28,,2.3341538763046263,137.26765894889832,176,,"0.387455,0.698370,0.662845,1.188364",,,0.481661,5.600870,3.355718,0.598294
2816,328107,500.0,319.0,,2.336459834575653,139.56203389167786,177,,"0.378987,0.698765,0.663834,1.189135",,,0.479729,5.613869,2.961194,0.561621
2817,328492,385.0,321.05,,2.336459834575653,139.56203389167786,177,,"0.378987,0.698765,0.663834,1.189135",,,0.479729,5.613869,2.961194,0.561621
2818,328992,500.0,324.47,,2.336459834575653,139.56203389167786,177,,"0.378987,0.698765,0.663834,1.189135",,,0.479729,5.613869,2.961194,0.561621
2819,329492,500.0,327.97,,2.336459834575653,139.56203389167786,177,,"0.378987,0.698765,0.663834,1.189135",,,0.479729,5.613869,2.961194,0.561621
2820,329688,196.0,328.08,,2.336459834575653,139.56203389167786,177,,"0.378987,0.698765,0.663834,1.189135",,,0.479729,5.613869,2.961194,0.561621
2821,330188,500.0,331.68,,2.336459834575653,139.56203389167786,177,,"0.378987,0.698765,0.663834,1.189135",,,0.479729,5.613869,2.961194,0.561621
2822,330553,365.0,333.33,,2.336459834575653,139.56203389167786,177,,"0.378987,0.698765,0.663834,1.189135",,,0.479729,5.613869,2.961194,0.561621
2823,331053,500.0,335.51,,2.336459834575653,139.56203389167786,177,,"0.378987,0.698765,0.663834,1.189135",,,0.479729,5.613869,2.961194,0.561621
2824,331279,226.0,335.69,,2.336459834575653,139.56203389167786,177,,"0.378987,0.698765,0.663834,1.189135",,,0.479729,5.613869,2.961194,0.561621
2825,331662,383.0,337.62,,2.336459834575653,139.56203389167786,177,,"0.378987,0.698765,0.663834,1.189135",,,0.479729,5.613869,2.961194,0.561621
2826,332155,493.0,340.79,,2.336459834575653,139.56203389167786,177,,"0.378987,0.698765,0.663834,1.189135",,,0.479729,5.613869,2.961194,0.561621
2827,332655,500.0,343.98,,2.336459834575653,139.56203389167786,177,,"0.378987,0.698765,0.663834,1.189135",,,0.479729,5.613869,2.961194,0.561621
2828,333155,500.0,346.96,,2.336459834575653,139.56203389167786,177,,"0.378987,0.698765,0.663834,1.189135",,,0.479729,5.613869,2.961194,0.561621
2829,333588,433.0,349.75,,2.336459834575653,139.56304955482483,177,,"0.378987,0.698765,0.663834,1.189135",,,0.479729,5.613869,2.961194,0.561621
2830,333878,290.0,350.94,,2.336459834575653,139.56304955482483,177,,"0.378987,0.698765,0.663834,1.189135",,,0.479729,5.613869,2.961194,0.561621
2831,334153,275.0,351.59,,2.336459834575653,139.56304955482483,177,,"0.378987,0.698765,0.663834,1.189135",,,0.479729,5.613869,2.961194,0.561621
2832,334653,500.0,354.74,,2.3327123379707335,141.8568880558014,178,,"0.369029,0.698980,0.664966,1.189370",,,0.482392,5.627008,2.755551,0.636439
2833,335071,418.0,356.48,,2.3327123379707335,141.8568880558014,178,,"0.369029,0.698980,0.664966,1.189370",,,0.482392,5.627008,2.755551,0.636439
2834,335510,439.0,357.59,,2.3327123379707335,141.8568880558014,178,,"0.369029,0.698980,0.664966,1.189370",,,0.482392,5.627008,2.755551,0.636439
2835,336010,500.0,360.37,,2.3327123379707335,141.8568880558014,178,,"0.369029,0.698980,0.664966,1.189370",,,0.482392,5.627008,2.755551,0.636439
2836,336190,180.0,359.23,,2.3327123379707335,141.8568880558014,178,,"0.369029,0.698980,0.664966,1.189370",,,0.482392,5.627008,2.755551,0.636439
2837,336690,500.0,361.85,,2.3327123379707335,141.8568880558014,178,,"0.369029,0.698980,0.664966,1.189370",,,0.482392,5.627008,2.755551,0.636439
2838,337190,500.0,364.35,,2.3327123379707335,141.8568880558014,178,,"0.369029,0.698980,0.664966,1.189370",,,0.482392,5.627008,2.755551,0.636439
2839,337452,262.0,363.77,,2.3327123379707335,141.8568880558014,178,,"0.369029,0.698980,0.664966,1.189370",,,0.482392,5.627008,2.755551,0.636439
2840,337952,500.0,365.62,,2.3327123379707335,141.8568880558014,178,,"0.369029,0.698980,0.664966,1.189370",,,0.482392,5.627008,2.755551,0.636439
2841,338452,500.0,365.62,,2.3327123379707335,141.8568880558014,178,,"0.369029,0.698980,0.664966,1.189370",,,0.482392,5.627008,2.755551,0.636439
2842,338871,419.0,367.64,,2.3327123379707335,141.8568880558014,178,,"0.369029,0.698980,0.664966,1.189370",,,0.482392,5.627008,2.755551,0.636439
2843,339369,498.0,370.28,,2.3327123379707335,141.8568880558014,178,,"0.369029,0.698980,0.664966,1.189370",,,0.482392,5.627008,2.755551,0.636439
2844,339782,413.0,371.96,,2.3327123379707335,141.85789012908936,178,,"0.369029,0.698980,0.664966,1.189370",,,0.482392,5.627008,2.755551,0.636439
2845,340069,287.0,372.22,,2.3327123379707335,141.85789012908936,178,,"0.369029,0.698980,0.664966,1.189370",,,0.482392,5.627008,2.755551,0.636439
2846,340569,500.0,374.72,,2.3327123379707335,141.85789012908936,178,,"0.369029,0.698980,0.664966,1.189370",,,0.482392,5.627008,2.755551,0.636439
2847,341020,451.0,377.33,,2.3327123379707335,141.85789012908936,178,,"0.369029,0.698980,0.664966,1.189370",,,0.482392,5.627008,2.755551,0.636439
2848,341257,237.0,377.21,,2.3354334306716917,144.13029527664185,179,,"0.359388,0.700001,0.666669,1.189482",,,0.482722,5.641718,3.712379,0.395907
2849,341696,439.0,378.88,,2.3354334306716917,144.13029527664185,179,,"0.359388,0.700001,0.666669,1.189482",500.0,0.0,0.482722,5.641718,3.712379,0.395907
2850,342196,500.0,381.74,,2.3354334306716917,144.13029527664185,179,,"0.359388,0.700001,0.666669,1.189482",,,0.482722,5.641718,3.712379,0.395907
2851,342696,500.0,383.94,,2.3354334306716917,144.13029527664185,179,,"0.359388,0.700001,0.666669,1.189482",,,0.482722,5.641718,3.712379,0.395907
2852,342897,201.0,381.98,,2.3354334306716917,144.13029527664185,179,,"0.359388,0.700001,0.666669,1.189482",,,0.482722,5.641718,3.712379,0.395907
2853,343069,172.0,380.73,,2.3354334306716917,144.13029527664185,179,,"0.359388,0.700001,0.666669,1.189482",,,0.482722,5.641718,3.712379,0.395907
2854,343452,383.0,382.18,,2.3354334306716917,144.13029527664185,179,,"0.359388,0.700001,0.666669,1.189482",,,0.482722,5.641718,3.712379,0.395907
2855,343789,337.0,382.6,,2.3354334306716917,144.13029527664185,179,,"0.359388,0.700001,0.666669,1.189482",,,0.482722,5.641718,3.712379,0.395907
2856,344193,404.0,384.87,,2.3354334306716917,144.13029527664185,179,,"0.359388,0.700001,0.666669,1.189482",,,0.482722,5.641718,3.712379,0.395907
2857,344589,396.0,386.45,,2.3354334306716917,144.13029527664185,179,,"0.359388,0.700001,0.666669,1.189482",,,0.482722,5.641718,3.712379,0.395907
2858,344987,398.0,387.26,,2.3354334306716917,144.13128018379211,179,,"0.359388,0.700001,0.666669,1.189482",,,0.482722,5.641718,3.712379,0.395907
2859,345487,500.0,390.18,,2.3354334306716917,144.13128018379211,179,,"0.359388,0.700001,0.666669,1.189482",,,0.482722,5.641718,3.712379,0.395907
2860,345890,403.0,392.21,,2.3354334306716917,144.13128018379211,179,,"0.359388,0.700001,0.666669,1.189482",,,0.482722,5.641718,3.712379,0.395907
2861,346262,372.0,391.62,,2.3354334306716917,144.13128018379211,179,,"0.359388,0.700001,0.666669,1.189482",,,0.482722,5.641718,3.712379,0.395907
2862,346457,195.0,391.45,,2.3354334306716917,144.13128018379211,179,,"0.359388,0.700001,0.666669,1.189482",,,0.482722,5.641718,3.712379,0.395907
2863,346862,405.0,393.46,,2.3354334306716917,144.13128018379211,179,,"0.359388,0.700001,0.666669,1.189482",,,0.482722,5.641718,3.712379,0.395907
2864,347072,210.0,393.66,,2.3303790616989137,146.41468858718872,180,,"0.350135,0.700521,0.668267,1.189902",,,0.482365,5.655846,3.709750,0.446221
2865,347226,154.0,390.2,,2.3303790616989137,146.41568875312805,180,,"0.350135,0.700521,0.668267,1.189902",,,0.482365,5.655846,3.709750,0.446221
2866,347726,500.0,393.36,,2.3303790616989137,146.41568875312805,180,,"0.350135,0.700521,0.668267,1.189902",,,0.482365,5.655846,3.709750,0.446221
2867,347989,263.0,392.24,,2.3303790616989137,146.41568875312805,180,,"0.350135,0.700521,0.668267,1.189902",,,0.482365,5.655846,3.709750,0.446221
2868,348390,401.0,393.19,,2.3303790616989137,146.41568875312805,180,,"0.350135,0.700521,0.668267,1.189902",,,0.482365,5.655846,3.709750,0.446221
2869,348890,500.0,395.03,,2.3303790616989137,146.41568875312805,180,,"0.350135,0.700521,0.668267,1.189902",,,0.482365,5.655846,3.709750,0.446221
2870,349068,178.0,394.6,,2.3303790616989137,146.41568875312805,180,,"0.350135,0.700521,0.668267,1.189902",,,0.482365,5.655846,3.709750,0.446221
2871,349519,451.0,396.84,,2.3303790616989137,146.41568875312805,180,,"0.350135,0.700521,0.668267,1.189902",,,0.482365,5.655846,3.709750,0.446221
2872,349686,167.0,395.57,,2.3303790616989137,146.41568875312805,180,,"0.350135,0.700521,0.668267,1.189902",,,0.482365,5.655846,3.709750,0.446221
2873,350084,398.0,396.86,,2.3303790616989137,146.41568875312805,180,,"0.350135,0.700521,0.668267,1.189902",,,0.482365,5.655846,3.709750,0.446221
2874,350477,393.0,396.38,,2.3303790616989137,146.41568875312805,180,,"0.350135,0.700521,0.668267,1.189902",,,0.482365,5.655846,3.709750,0.446221
2875,350637,160.0,394.31,,2.3303790616989137,146.41568875312805,180,,"0.350135,0.700521,0.668267,1.189902",,,0.482365,5.655846,3.709750,0.446221
2876,351137,500.0,395.63,,2.3303790616989137,146.41568875312805,180,,"0.350135,0.700521,0.668267,1.189902",,,0.482365,5.655846,3.709750,0.446221
2877,351304,167.0,392.3,,2.3303790616989137,146.41568875312805,180,,"0.350135,0.700521,0.668267,1.189902",,,0.482365,5.655846,3.709750,0.446221
2878,351515,211.0,391.91,,2.3303790616989137,146.41568875312805,180,,"0.350135,0.700521,0.668267,1.189902",,,0.482365,5.655846,3.709750,0.446221
2879,352015,500.0,392.12,,2.3303790616989137,146.41568875312805,180,,"0.350135,0.700521,0.668267,1.189902",,,0.482365,5.655846,3.709750,0.446221
2880,352210,195.0,389.39,,2.3061769723892214,148.68962407112122,181,,"0.338600,0.701362,0.669616,1.190413",,,0.485787,5.671057,2.544394,0.403612
2881,352422,212.0,388.62,,2.3061769723892214,148.68962407112122,181,,"0.338600,0.701362,0.669616,1.190413",,,0.485787,5.671057,2.544394,0.403612
2882,352647,225.0,386.06,,2.3061769723892214,148.68962407112122,181,,"0.338600,0.701362,0.669616,1.190413",,,0.485787,5.671057,2.544394,0.403612
2883,353147,500.0,388.35,,2.3061769723892214,148.68962407112122,181,,"0.338600,0.701362,0.669616,1.190413",,,0.485787,5.671057,2.544394,0.403612
2884,353647,500.0,389.77,,2.3061769723892214,148.68962407112122,181,,"0.338600,0.701362,0.669616,1.190413",,,0.485787,5.671057,2.544394,0.403612
2885,354147,500.0,389.77,,2.3061769723892214,148.68962407112122,181,,"0.338600,0.701362,0.669616,1.190413",,,0.485787,5.671057,2.544394,0.403612
2886,354608,461.0,389.38,,2.3061769723892214,148.68962407112122,181,,"0.338600,0.701362,0.669616,1.190413",,,0.485787,5.671057,2.544394,0.403612
2887,355108,500.0,390.49,,2.3061769723892214,148.68962407112122,181,,"0.338600,0.701362,0.669616,1.190413",,,0.485787,5.671057,2.544394,0.403612
2888,355306,198.0,387.47,,2.3061769723892214,148.68962407112122,181,,"0.338600,0.701362,0.669616,1.190413",,,0.485787,5.671057,2.544394,0.403612
2889,355548,242.0,386.87,,2.3061769723892214,148.68962407112122,181,,"0.338600,0.701362,0.669616,1.190413",,,0.485787,5.671057,2.544394,0.403612
2890,355783,235.0,386.11,,2.3061769723892214,148.68962407112122,181,,"0.338600,0.701362,0.669616,1.190413",,,0.485787,5.671057,2.544394,0.403612
2891,356283,500.0,386.61,,2.3061769723892214,148.68962407112122,181,,"0.338600,0.701362,0.669616,1.190413",,,0.485787,5.671057,2.544394,0.403612
2892,356783,500.0,389.6,,2.3061769723892214,148.68962407112122,181,,"0.338600,0.701362,0.669616,1.190413",,,0.485787,5.671057,2.544394,0.403612
2893,357273,490.0,390.18,,2.3061769723892214,148.68962407112122,181,,"0.338600,0.701362,0.669616,1.190413",,,0.485787,5.671057,2.544394,0.403612
2894,357773,500.0,390.18,,2.3061769723892214,148.68962407112122,181,,"0.338600,0.701362,0.669616,1.190413",,,0.485787,5.671057,2.544394,0.403612
2895,358243,470.0,391.37,,2.3061769723892214,148.68962407112122,181,,"0.338600,0.701362,0.669616,1.190413",,,0.485787,5.671057,2.544394,0.403612
2896,358743,500.0,391.78,,2.2867522835731506,150.97824716567993,182,,"0.331876,0.701891,0.670905,1.190272",,,0.481640,5.686889,3.251075,0.438523
2897,358960,217.0,389.08,,2.2867522835731506,150.97824716567993,182,,"0.331876,0.701891,0.670905,1.190272",,,0.481640,5.686889,3.251075,0.438523
2898,359242,282.0,386.9,,2.2867522835731506,150.97824716567993,182,,"0.331876,0.701891,0.670905,1.190272",,,0.481640,5.686889,3.251075,0.438523
2899,359742,500.0,389.78,,2.2867522835731506,150.9792492389679,182,,"0.331876,0.701891,0.670905,1.190272",461.2,51.16795872418598,0.481640,5.686889,3.251075,0.438523
2900,359889,147.0,386.4,,2.2867522835731506,150.98022627830505,182,,"0.331876,0.701891,0.670905,1.190272",,,0.481640,5.686889,3.251075,0.438523
2901,360389,500.0,386.4,,2.2867522835731506,150.98022627830505,182,,"0.331876,0.701891,0.670905,1.190272",,,0.481640,5.686889,3.251075,0.438523
2902,360553,164.0,384.81,,2.2867522835731506,150.98022627830505,182,,"0.331876,0.701891,0.670905,1.190272",,,0.481640,5.686889,3.251075,0.438523
2903,361025,472.0,387.56,,2.2867522835731506,150.98022627830505,182,,"0.331876,0.701891,0.670905,1.190272",,,0.481640,5.686889,3.251075,0.438523
2904,361195,170.0,385.4,,2.2867522835731506,150.98022627830505,182,,"0.331876,0.701891,0.670905,1.190272",,,0.481640,5.686889,3.251075,0.438523
2905,361695,500.0,386.21,,2.2867522835731506,150.98022627830505,182,,"0.331876,0.701891,0.670905,1.190272",,,0.481640,5.686889,3.251075,0.438523
2906,361965,270.0,383.91,,2.2867522835731506,150.98022627830505,182,,"0.331876,0.701891,0.670905,1.190272",,,0.481640,5.686889,3.251075,0.438523
2907,362118,153.0,382.02,,2.2867522835731506,150.98022627830505,182,,"0.331876,0.701891,0.670905,1.190272",,,0.481640,5.686889,3.251075,0.438523
2908,362323,205.0,380.48,,2.2867522835731506,150.98022627830505,182,,"0.331876,0.701891,0.670905,1.190272",,,0.481640,5.686889,3.251075,0.438523
2909,362601,278.0,378.26,,2.2867522835731506,150.98022627830505,182,,"0.331876,0.701891,0.670905,1.190272",,,0.481640,5.686889,3.251075,0.438523
2910,363101,500.0,378.26,,2.2867522835731506,150.98022627830505,182,,"0.331876,0.701891,0.670905,1.190272",,,0.481640,5.686889,3.251075,0.438523
2911,363404,303.0,377.76,,2.2867522835731506,150.98022627830505,182,,"0.331876,0.701891,0.670905,1.190272",,,0.481640,5.686889,3.251075,0.438523
2912,363904,500.0,377.79,,2.2645214414596557,153.2443459033966,183,,"0.321837,0.702143,0.672539,1.190733",,,0.488508,5.701334,2.666941,0.402353
2913,364045,141.0,374.2,,2.2645214414596557,153.2443459033966,183,,"0.321837,0.702143,0.672539,1.190733",,,0.488508,5.701334,2.666941,0.402353
2914,364545,500.0,374.38,,2.2645214414596557,153.2443459033966,183,,"0.321837,0.702143,0.672539,1.190733",,,0.488508,5.701334,2.666941,0.402353
2915,365045,500.0,374.38,,2.2645214414596557,153.2443459033966,183,,"0.321837,0.702143,0.672539,1.190733",,,0.488508,5.701334,2.666941,0.402353
2916,365461,416.0,373.54,,2.2645214414596557,153.2443459033966,183,,"0.321837,0.702143,0.672539,1.190733",,,0.488508,5.701334,2.666941,0.402353
2917,365653,192.0,371.61,,2.2645214414596557,153.2443459033966,183,,"0.321837,0.702143,0.672539,1.190733",,,0.488508,5.701334,2.666941,0.402353
2918,366153,500.0,371.61,,2.2645214414596557,153.2443459033966,183,,"0.321837,0.702143,0.672539,1.190733",,,0.488508,5.701334,2.666941,0.402353
2919,366653,500.0,371.61,,2.2645214414596557,153.2443459033966,183,,"0.321837,0.702143,0.672539,1.190733",,,0.488508,5.701334,2.666941,0.402353
2920,366869,216.0,371.81,,2.2645214414596557,153.2443459033966,183,,"0.321837,0.702143,0.672539,1.190733",,,0.488508,5.701334,2.666941,0.402353
2921,367038,169.0,368.5,,2.2645214414596557,153.2443459033966,183,,"0.321837,0.702143,0.672539,1.190733",,,0.488508,5.701334,2.666941,0.402353
2922,367538,500.0,369.85,,2.2645214414596557,153.2443459033966,183,,"0.321837,0.702143,0.672539,1.190733",,,0.488508,5.701334,2.666941,0.402353
2923,368038,500.0,369.85,,2.2645214414596557,153.2443459033966,183,,"0.321837,0.702143,0.672539,1.190733",,,0.488508,5.701334,2.666941,0.402353
2924,368234,196.0,369.55,,2.2645214414596557,153.2443459033966,183,,"0.321837,0.702143,0.672539,1.190733",,,0.488508,5.701334,2.666941,0.402353
2925,368392,158.0,367.3,,2.2645214414596557,153.2443459033966,183,,"0.321837,0.702143,0.672539,1.190733",,,0.488508,5.701334,2.666941,0.402353
2926,368629,237.0,364.74,,2.2645214414596557,153.2443459033966,183,,"0.321837,0.702143,0.672539,1.190733",,,0.488508,5.701334,2.666941,0.402353
2927,368806,177.0,361.51,,2.2645214414596557,153.2443459033966,183,,"0.321837,0.702143,0.672539,1.190733",,,0.488508,5.701334,2.666941,0.402353
2928,368974,168.0,358.19,,2.2563373231887818,155.50163173675537,184,,"0.313622,0.702184,0.674041,1.191168",,,0.484475,5.713433,4.197535,0.432424
2929,369201,227.0,356.13,,2.2563373231887818,155.50163173675537,184,,"0.313622,0.702184,0.674041,1.191168",,,0.484475,5.713433,4.197535,0.432424
2930,369701,500.0,358.23,,2.2563373231887818,155.50163173675537,184,,"0.313622,0.702184,0.674041,1.191168",,,0.484475,5.713433,4.197535,0.432424
2931,369877,176.0,357.24,,2.2563373231887818,155.50163173675537,184,,"0.313622,0.702184,0.674041,1.191168",,,0.484475,5.713433,4.197535,0.432424
2932,370113,236.0,354.6,,2.2563373231887818,155.50163173675537,184,,"0.313622,0.702184,0.674041,1.191168",,,0.484475,5.713433,4.197535,0.432424
2933,370290,177.0,352.19,,2.2563373231887818,155.50163173675537,184,,"0.313622,0.702184,0.674041,1.191168",,,0.484475,5.713433,4.197535,0.432424
2934,370542,252.0,350.32,,2.2563373231887818,155.50163173675537,184,,"0.313622,0.702184,0.674041,1.191168",,,0.484475,5.713433,4.197535,0.432424
2935,370708,166.0,346.98,,2.2563373231887818,155.50163173675537,184,,"0.313622,0.702184,0.674041,1.191168",,,0.484475,5.713433,4.197535,0.432424
2936,370977,269.0,347.87,,2.2563373231887818,155.50163173675537,184,,"0.313622,0.702184,0.674041,1.191168",,,0.484475,5.713433,4.197535,0.432424
2937,371477,500.0,347.87,,2.2563373231887818,155.50163173675537,184,,"0.313622,0.702184,0.674041,1.191168",,,0.484475,5.713433,4.197535,0.432424
2938,371801,324.0,346.11,,2.2563373231887818,155.50163173675537,184,,"0.313622,0.702184,0.674041,1.191168",,,0.484475,5.713433,4.197535,0.432424
2939,372019,218.0,345.67,,2.2563373231887818,155.50163173675537,184,,"0.313622,0.702184,0.674041,1.191168",,,0.484475,5.713433,4.197535,0.432424
2940,372519,500.0,345.67,,2.2563373231887818,155.50163173675537,184,,"0.313622,0.702184,0.674041,1.191168",,,0.484475,5.713433,4.197535,0.432424
2941,372728,209.0,342.76,,2.2563373231887818,155.50163173675537,184,,"0.313622,0.702184,0.674041,1.191168",,,0.484475,5.713433,4.197535,0.432424
2942,372912,184.0,340.41,,2.2563373231887818,155.50163173675537,184,,"0.313622,0.702184,0.674041,1.191168",,,0.484475,5.713433,4.197535,0.432424
2943,373075,163.0,337.06,,2.2563373231887818,155.50163173675537,184,,"0.313622,0.702184,0.674041,1.191168",,,0.484475,5.713433,4.197535,0.432424
2944,373267,192.0,334.85,,2.236499547958374,157.7943024635315,185,,"0.306737,0.701809,0.675591,1.190871",,,0.493374,5.722089,2.428928,0.435064
2945,373767,500.0,336.98,,2.236499547958374,157.7943024635315,185,,"0.306737,0.701809,0.675591,1.190871",,,0.493374,5.722089,2.428928,0.435064
2946,374267,500.0,336.98,,2.236499547958374,157.7943024635315,185,,"0.306737,0.701809,0.675591,1.190871",,,0.493374,5.722089,2.428928,0.435064
2947,374472,205.0,334.52,,2.236499547958374,157.7943024635315,185,,"0.306737,0.701809,0.675591,1.190871",,,0.493374,5.722089,2.428928,0.435064
2948,374719,247.0,334.62,,2.236499547958374,157.7943024635315,185,,"0.306737,0.701809,0.675591,1.190871",,,0.493374,5.722089,2.428928,0.435064
2949,374881,162.0,331.85,,2.236499547958374,157.7943024635315,185,,"0.306737,0.701809,0.675591,1.190871",460.4,51.852097353916164,0.493374,5.722089,2.428928,0.435064
2950,375122,241.0,329.26,,2.236499547958374,157.7943024635315,185,,"0.306737,0.701809,0.675591,1.190871",,,0.493374,5.722089,2.428928,0.435064
2951,375622,500.0,329.26,,2.236499547958374,157.7943024635315,185,,"0.306737,0.701809,0.675591,1.190871",,,0.493374,5.722089,2.428928,0.435064
2952,375850,228.0,329.53,,2.236499547958374,157.7943024635315,185,,"0.306737,0.701809,0.675591,1.190871",,,0.493374,5.722089,2.428928,0.435064
2953,376350,500.0,332.81,,2.236499547958374,157.7943024635315,185,,"0.306737,0.701809,0.675591,1.190871",,,0.493374,5.722089,2.428928,0.435064
2954,376612,262.0,331.6,,2.236499547958374,157.7943024635315,185,,"0.306737,0.701809,0.675591,1.190871",,,0.493374,5.722089,2.428928,0.435064
2955,377112,500.0,333.23,,2.236499547958374,157.7943024635315,185,,"0.306737,0.701809,0.675591,1.190871",,,0.493374,5.722089,2.428928,0.435064
2956,377289,177.0,330.96,,2.236499547958374,157.7943024635315,185,,"0.306737,0.701809,0.675591,1.190871",,,0.493374,5.722089,2.428928,0.435064
2957,377478,189.0,328.89,,2.236499547958374,157.7943024635315,185,,"0.306737,0.701809,0.675591,1.190871",,,0.493374,5.722089,2.428928,0.435064
2958,377978,500.0,329.91,,2.236499547958374,157.7943024635315,185,,"0.306737,0.701809,0.675591,1.190871",,,0.493374,5.722089,2.428928,0.435064
2959,378478,500.0,329.91,,2.236499547958374,157.7943024635315,185,,"0.306737,0.701809,0.675591,1.190871",,,0.493374,5.722089,2.428928,0.435064
2960,378660,182.0,327.7,,2.2155439853668213,160.06391501426697,186,,"0.304623,0.701329,0.676803,1.190789",,,0.491407,5.732310,2.137969,0.484062
2961,379160,500.0,328.98,,2.2155439853668213,160.06491589546204,186,,"0.304623,0.701329,0.676803,1.190789",,,0.491407,5.732310,2.137969,0.484062
2962,379374,214.0,329.17,,2.2155439853668213,160.06491589546204,186,,"0.304623,0.701329,0.676803,1.190789",,,0.491407,5.732310,2.137969,0.484062
2963,379874,500.0,330.12,,2.2155439853668213,160.06491589546204,186,,"0.304623,0.701329,0.676803,1.190789",,,0.491407,5.732310,2.137969,0.484062
2964,380374,500.0,333.02,,2.2155439853668213,160.06491589546204,186,,"0.304623,0.701329,0.676803,1.190789",,,0.491407,5.732310,2.137969,0.484062
2965,380547,173.0,333.21,,2.2155439853668213,160.06491589546204,186,,"0.304623,0.701329,0.676803,1.190789",,,0.491407,5.732310,2.137969,0.484062
2966,381047,500.0,333.21,,2.2155439853668213,160.06491589546204,186,,"0.304623,0.701329,0.676803,1.190789",,,0.491407,5.732310,2.137969,0.484062
2967,381206,159.0,332.17,,2.2155439853668213,160.06491589546204,186,,"0.304623,0.701329,0.676803,1.190789",,,0.491407,5.732310,2.137969,0.484062
2968,381706,500.0,333.16,,2.2155439853668213,160.06491589546204,186,,"0.304623,0.701329,0.676803,1.190789",,,0.491407,5.732310,2.137969,0.484062
2969,381931,225.0,330.41,,2.2155439853668213,160.06491589546204,186,,"0.304623,0.701329,0.676803,1.190789",,,0.491407,5.732310,2.137969,0.484062
2970,382295,364.0,332.27,,2.2155439853668213,160.06491589546204,186,,"0.304623,0.701329,0.676803,1.190789",,,0.491407,5.732310,2.137969,0.484062
2971,382542,247.0,330.23,,2.2155439853668213,160.06491589546204,186,,"0.304623,0.701329,0.676803,1.190789",,,0.491407,5.732310,2.137969,0.484062
2972,382690,148.0,330.04,,2.2155439853668213,160.06491589546204,186,,"0.304623,0.701329,0.676803,1.190789",,,0.491407,5.732310,2.137969,0.484062
2973,383190,500.0,331.06,,2.2155439853668213,160.06491589546204,186,,"0.304623,0.701329,0.676803,1.190789",,,0.491407,5.732310,2.137969,0.484062
2974,383690,500.0,332.13,,2.2155439853668213,160.06491589546204,186,,"0.304623,0.701329,0.676803,1.190789",,,0.491407,5.732310,2.137969,0.484062
2975,384190,500.0,335.53,,2.2155439853668213,160.06491589546204,186,,"0.304623,0.701329,0.676803,1.190789",,,0.491407,5.732310,2.137969,0.484062
2976,384690,500.0,335.53,,2.181316422224045,162.439799785614,187,,"0.306539,0.700638,0.677439,1.191113",,,0.492314,5.742527,0.772082,0.557507
2977,385190,500.0,338.86,,2.181316422224045,162.44080018997192,187,,"0.306539,0.700638,0.677439,1.191113",,,0.492314,5.742527,0.772082,0.557507
2978,385329,139.0,338.14,,2.181316422224045,162.44080018997192,187,,"0.306539,0.700638,0.677439,1.191113",,,0.492314,5.742527,0.772082,0.557507
2979,385829,500.0,338.14,,2.181316422224045,162.44080018997192,187,,"0.306539,0.700638,0.677439,1.191113",,,0.492314,5.742527,0.772082,0.557507
2980,386329,500.0,341.19,,2.181316422224045,162.44080018997192,187,,"0.306539,0.700638,0.677439,1.191113",,,0.492314,5.742527,0.772082,0.557507
2981,386829,500.0,344.07,,2.181316422224045,162.44080018997192,187,,"0.306539,0.700638,0.677439,1.191113",,,0.492314,5.742527,0.772082,0.557507
2982,387329,500.0,346.82,,2.181316422224045,162.44080018997192,187,,"0.306539,0.700638,0.677439,1.191113",,,0.492314,5.742527,0.772082,0.557507
2983,387829,500.0,346.82,,2.181316422224045,162.44080018997192,187,,"0.306539,0.700638,0.677439,1.191113",,,0.492314,5.742527,0.772082,0.557507
2984,388329,500.0,346.82,,2.181316422224045,162.44080018997192,187,,"0.306539,0.700638,0.677439,1.191113",,,0.492314,5.742527,0.772082,0.557507
2985,388595,266.0,344.48,,2.181316422224045,162.44080018997192,187,,"0.306539,0.700638,0.677439,1.191113",,,0.492314,5.742527,0.772082,0.557507
2986,389095,500.0,344.87,,2.181316422224045,162.44080018997192,187,,"0.306539,0.700638,0.677439,1.191113",,,0.492314,5.742527,0.772082,0.557507
2987,389595,500.0,344.87,,2.181316422224045,162.44080018997192,187,,"0.306539,0.700638,0.677439,1.191113",,,0.492314,5.742527,0.772082,0.557507
2988,390095,500.0,347.89,,2.181316422224045,162.44080018997192,187,,"0.306539,0.700638,0.677439,1.191113",,,0.492314,5.742527,0.772082,0.557507
2989,390263,168.0,347.15,,2.181316422224045,162.44080018997192,187,,"0.306539,0.700638,0.677439,1.191113",,,0.492314,5.742527,0.772082,0.557507
2990,390763,500.0,349.8,,2.181316422224045,162.44080018997192,187,,"0.306539,0.700638,0.677439,1.191113",,,0.492314,5.742527,0.772082,0.557507
2991,391263,500.0,349.8,,2.181316422224045,162.44080018997192,187,,"0.306539,0.700638,0.677439,1.191113",,,0.492314,5.742527,0.772082,0.557507
2992,391763,500.0,349.8,,2.139131583869457,164.86696815490723,188,,"0.310204,0.700305,0.677748,1.190410",,,0.494365,5.751135,0.367380,0.594581
2993,392263,500.0,349.9,,2.139131583869457,164.86696815490723,188,,"0.310204,0.700305,0.677748,1.190410",,,0.494365,5.751135,0.367380,0.594581
2994,392763,500.0,349.9,,2.139131583869457,164.86696815490723,188,,"0.310204,0.700305,0.677748,1.190410",,,0.494365,5.751135,0.367380,0.594581
2995,392931,168.0,346.88,,2.139131583869457,164.86696815490723,188,,"0.310204,0.700305,0.677748,1.190410",,,0.494365,5.751135,0.367380,0.594581
2996,393431,500.0,346.88,,2.139131583869457,164.86696815490723,188,,"0.310204,0.700305,0.677748,1.190410",,,0.494365,5.751135,0.367380,0.594581
2997,393931,500.0,349.71,,2.139131583869457,164.86696815490723,188,,"0.310204,0.700305,0.677748,1.190410",,,0.494365,5.751135,0.367380,0.594581
2998,394431,500.0,351.89,,2.139131583869457,164.86696815490723,188,,"0.310204,0.700305,0.677748,1.190410",,,0.494365,5.751135,0.367380,0.594581
2999,394931,500.0,351.89,,2.139131583869457,164.86696815490723,188,,"0.310204,0.700305,0.677748,1.190410",500.0,0.0,0.494365,5.751135,0.367380,0.594581
3000,395431,500.0,355.42,,2.139131583869457,164.86696815490723,188,,"0.310204,0.700305,0.677748,1.190410",,,0.494365,5.751135,0.367380,0.594581
3001,395931,500.0,355.42,,2.139131583869457,164.86696815490723,188,,"0.310204,0.700305,0.677748,1.190410",,,0.494365,5.751135,0.367380,0.594581
3002,396431,500.0,358.78,,2.139131583869457,164.86696815490723,188,,"0.310204,0.700305,0.677748,1.190410",,,0.494365,5.751135,0.367380,0.594581
3003,396931,500.0,359.06,,2.139131583869457,164.86696815490723,188,,"0.310204,0.700305,0.677748,1.190410",,,0.494365,5.751135,0.367380,0.594581
3004,397431,500.0,362.36,,2.139131583869457,164.86696815490723,188,,"0.310204,0.700305,0.677748,1.190410",,,0.494365,5.751135,0.367380,0.594581
3005,397931,500.0,362.36,,2.139131583869457,164.86696815490723,188,,"0.310204,0.700305,0.677748,1.190410",,,0.494365,5.751135,0.367380,0.594581
3006,398431,500.0,364.66,,2.139131583869457,164.86696815490723,188,,"0.310204,0.700305,0.677748,1.190410",,,0.494365,5.751135,0.367380,0.594581
3007,398931,500.0,368.13,,2.139131583869457,164.86696815490723,188,,"0.310204,0.700305,0.677748,1.190410",,,0.494365,5.751135,0.367380,0.594581
3008,399431,500.0,371.08,,2.1033736895024777,167.17052030563354,189,,"0.316947,0.700867,0.678281,1.190070",,,0.496754,5.770337,0.089582,0.725298
3009,399931,500.0,373.3,,2.1033736895024777,167.17052030563354,189,,"0.316947,0.700867,0.678281,1.190070",,,0.496754,5.770337,0.089582,0.725298
3010,400431,500.0,373.3,,2.1033736895024777,167.17052030563354,189,,"0.316947,0.700867,0.678281,1.190070",,,0.496754,5.770337,0.089582,0.725298
3011,400931,500.0,375.27,,2.1033736895024777,167.17052030563354,189,,"0.316947,0.700867,0.678281,1.190070",,,0.496754,5.770337,0.089582,0.725298
3012,401431,500.0,375.27,,2.1033736895024777,167.17052030563354,189,,"0.316947,0.700867,0.678281,1.190070",,,0.496754,5.770337,0.089582,0.725298
3013,401931,500.0,378.86,,2.1033736895024777,167.17052030563354,189,,"0.316947,0.700867,0.678281,1.190070",,,0.496754,5.770337,0.089582,0.725298
3014,402431,500.0,378.86,,2.1033736895024777,167.17052030563354,189,,"0.316947,0.700867,0.678281,1.190070",,,0.496754,5.770337,0.089582,0.725298
3015,402931,500.0,378.86,,2.1033736895024777,167.17052030563354,189,,"0.316947,0.700867,0.678281,1.190070",,,0.496754,5.770337,0.089582,0.725298
3016,403431,500.0,379.7,,2.1033736895024777,167.17052030563354,189,,"0.316947,0.700867,0.678281,1.190070",,,0.496754,5.770337,0.089582,0.725298
3017,403931,500.0,382.78,,2.1033736895024777,167.17052030563354,189,,"0.316947,0.700867,0.678281,1.190070",,,0.496754,5.770337,0.089582,0.725298
3018,404431,500.0,382.78,,2.1033736895024777,167.17052030563354,189,,"0.316947,0.700867,0.678281,1.190070",,,0.496754,5.770337,0.089582,0.725298
3019,404931,500.0,382.78,,2.1033736895024777,167.17052030563354,189,,"0.316947,0.700867,0.678281,1.190070",,,0.496754,5.770337,0.089582,0.725298
3020,405431,500.0,385.62,,2.1033736895024777,167.17052030563354,189,,"0.316947,0.700867,0.678281,1.190070",,,0.496754,5.770337,0.089582,0.725298
3021,405931,500.0,388.93,,2.1033736895024777,167.17052030563354,189,,"0.316947,0.700867,0.678281,1.190070",,,0.496754,5.770337,0.089582,0.725298
3022,406431,500.0,388.93,,2.1033736895024777,167.1715202331543,189,,"0.316947,0.700867,0.678281,1.190070",,,0.496754,5.770337,0.089582,0.725298
3023,406931,500.0,388.93,,2.1033736895024777,167.1715202331543,189,,"0.316947,0.700867,0.678281,1.190070",,,0.496754,5.770337,0.089582,0.725298
3024,407431,500.0,391.97,,2.0563279048353436,169.5021035671234,190,,"0.322783,0.702767,0.680219,1.191245",,,0.498584,5.813963,0.010938,0.643193
3025,407931,500.0,395.39,,2.0563279048353436,169.5021035671234,190,,"0.322783,0.702767,0.680219,1.191245",,,0.498584,5.813963,0.010938,0.643193
3026,408431,500.0,398.02,,2.0563279048353436,169.5021035671234,190,,"0.322783,0.702767,0.680219,1.191245",,,0.498584,5.813963,0.010938,0.643193
3027,408931,500.0,401.25,,2.0563279048353436,169.5021035671234,190,,"0.322783,0.702767,0.680219,1.191245",,,0.498584,5.813963,0.010938,0.643193
3028,409431,500.0,404.57,,2.0563279048353436,169.5021035671234,190,,"0.322783,0.702767,0.680219,1.191245",,,0.498584,5.813963,0.010938,0.643193
3029,409931,500.0,407.3,,2.0563279048353436,169.5021035671234,190,,"0.322783,0.702767,0.680219,1.191245",,,0.498584,5.813963,0.010938,0.643193
3030,410431,500.0,407.3,,2.0563279048353436,169.5021035671234,190,,"0.322783,0.702767,0.680219,1.191245",,,0.498584,5.813963,0.010938,0.643193
3031,410931,500.0,410.54,,2.0563279048353436,169.5021035671234,190,,"0.322783,0.702767,0.680219,1.191245",,,0.498584,5.813963,0.010938,0.643193
3032,411431,500.0,413.18,,2.0563279048353436,169.5021035671234,190,,"0.322783,0.702767,0.680219,1.191245",,,0.498584,5.813963,0.010938,0.643193
3033,411931,500.0,416.41,,2.0563279048353436,169.5021035671234,190,,"0.322783,0.702767,0.680219,1.191245",,,0.498584,5.813963,0.010938,0.643193
3034,412431,500.0,418.89,,2.0563279048353436,169.5021035671234,190,,"0.322783,0.702767,0.680219,1.191245",,,0.498584,5.813963,0.010938,0.643193
3035,412931,500.0,422.23,,2.0563279048353436,169.50264883041382,190,,"0.322783,0.702767,0.680219,1.191245",,,0.498584,5.813963,0.010938,0.643193
3036,413431,500.0,424.54,,2.0563279048353436,169.50264883041382,190,,"0.322783,0.702767,0.680219,1.191245",,,0.498584,5.813963,0.010938,0.643193
3037,413931,500.0,424.54,,2.0563279048353436,169.50264883041382,190,,"0.322783,0.702767,0.680219,1.191245",,,0.498584,5.813963,0.010938,0.643193
3038,414431,500.0,426.3,,2.0563279048353436,169.50264883041382,190,,"0.322783,0.702767,0.680219,1.191245",,,0.498584,5.813963,0.010938,0.643193
3039,414931,500.0,429.12,,2.0563279048353436,169.50264883041382,190,,"0.322783,0.702767,0.680219,1.191245",,,0.498584,5.813963,0.010938,0.643193
3040,415431,500.0,429.12,,2.0083305364102126,171.7884578704834,191,,"0.324299,0.704285,0.685105,1.195706",,,0.498298,5.883307,0.002923,0.470027
3041,415931,500.0,432.03,,2.0083305364102126,171.7884578704834,191,,"0.324299,0.704285,0.685105,1.195706",,,0.498298,5.883307,0.002923,0.470027
3042,416431,500.0,435.19,,2.0083305364102126,171.7884578704834,191,,"0.324299,0.704285,0.685105,1.195706",,,0.498298,5.883307,0.002923,0.470027
3043,416931,500.0,438.56,,2.0083305364102126,171.7884578704834,191,,"0.324299,0.704285,0.685105,1.195706",,,0.498298,5.883307,0.002923,0.470027
3044,417431,500.0,441.64,,2.0083305364102126,171.7884578704834,191,,"0.324299,0.704285,0.685105,1.195706",,,0.498298,5.883307,0.002923,0.470027
3045,417931,500.0,441.64,,2.0083305364102126,171.7884578704834,191,,"0.324299,0.704285,0.685105,1.195706",,,0.498298,5.883307,0.002923,0.470027
3046,418431,500.0,441.64,,2.0083305364102126,171.7884578704834,191,,"0.324299,0.704285,0.685105,1.195706",,,0.498298,5.883307,0.002923,0.470027
3047,418931,500.0,444.59,,2.0083305364102126,171.7884578704834,191,,"0.324299,0.704285,0.685105,1.195706",,,0.498298,5.883307,0.002923,0.470027
3048,419431,500.0,447.12,,2.0083305364102126,171.7884578704834,191,,"0.324299,0.704285,0.685105,1.195706",,,0.498298,5.883307,0.002923,0.470027
3049,419931,500.0,450.5,,2.0083305364102126,171.7884578704834,191,,"0.324299,0.704285,0.685105,1.195706",500.0,0.0,0.498298,5.883307,0.002923,0.470027
3050,420431,500.0,453.09,,2.0083305364102126,171.7884578704834,191,,"0.324299,0.704285,0.685105,1.195706",,,0.498298,5.883307,0.002923,0.470027
3051,420931,500.0,453.09,,2.0083305364102126,171.7884578704834,191,,"0.324299,0.704285,0.685105,1.195706",,,0.498298,5.883307,0.002923,0.470027
3052,421431,500.0,455.81,,2.0083305364102126,171.7884578704834,191,,"0.324299,0.704285,0.685105,1.195706",,,0.498298,5.883307,0.002923,0.470027
3053,421931,500.0,455.81,,2.0083305364102126,171.7884578704834,191,,"0.324299,0.704285,0.685105,1.195706",,,0.498298,5.883307,0.002923,0.470027
3054,422431,500.0,458.19,,2.0083305364102126,171.7884578704834,191,,"0.324299,0.704285,0.685105,1.195706",,,0.498298,5.883307,0.002923,0.470027
3055,422931,500.0,458.19,,2.0083305364102126,171.7884578704834,191,,"0.324299,0.704285,0.685105,1.195706",,,0.498298,5.883307,0.002923,0.470027
3056,423431,500.0,461.42,,1.959000559449196,174.06035375595093,192,,"0.327837,0.707690,0.691696,1.199839",,,0.499471,5.960157,0.006769,0.671135
3057,423931,500.0,464.53,,1.959000559449196,174.0613567829132,192,,"0.327837,0.707690,0.691696,1.199839",,,0.499471,5.960157,0.006769,0.671135
3058,424431,500.0,464.53,,1.959000559449196,174.0613567829132,192,,"0.327837,0.707690,0.691696,1.199839",,,0.499471,5.960157,0.006769,0.671135
3059,424931,500.0,464.53,,1.959000559449196,174.0613567829132,192,,"0.327837,0.707690,0.691696,1.199839",,,0.499471,5.960157,0.006769,0.671135
3060,425431,500.0,467.71,,1.959000559449196,174.0613567829132,192,,"0.327837,0.707690,0.691696,1.199839",,,0.499471,5.960157,0.006769,0.671135
3061,425931,500.0,467.71,,1.959000559449196,174.0613567829132,192,,"0.327837,0.707690,0.691696,1.199839",,,0.499471,5.960157,0.006769,0.671135
3062,426431,500.0,470.57,,1.959000559449196,174.0613567829132,192,,"0.327837,0.707690,0.691696,1.199839",,,0.499471,5.960157,0.006769,0.671135
3063,426931,500.0,470.57,,1.959000559449196,174.0613567829132,192,,"0.327837,0.707690,0.691696,1.199839",,,0.499471,5.960157,0.006769,0.671135
3064,427431,500.0,470.57,,1.959000559449196,174.0613567829132,192,,"0.327837,0.707690,0.691696,1.199839",,,0.499471,5.960157,0.006769,0.671135
3065,427931,500.0,473.84,,1.959000559449196,174.0613567829132,192,,"0.327837,0.707690,0.691696,1.199839",,,0.499471,5.960157,0.006769,0.671135
3066,428431,500.0,473.84,,1.959000559449196,174.0613567829132,192,,"0.327837,0.707690,0.691696,1.199839",,,0.499471,5.960157,0.006769,0.671135
3067,428931,500.0,477.25,,1.959000559449196,174.0613567829132,192,,"0.327837,0.707690,0.691696,1.199839",,,0.499471,5.960157,0.006769,0.671135
