episode,total_env_steps,episode_reward,avg_reward_100,epsilon,mean_loss,wall_clock_s,grad_steps,w,lam,eval_mean_reward,eval_std_reward,entropy,beta,value_loss,explained_variance
0,19,19.0,19.0,,18.99806022644043,0.29675936698913574,1,,"0.990001,1.010000,0.990000,1.010000",,,0.684516,1.064364,38.043030,0.575620
1,32,13.0,16.0,,18.99806022644043,0.29729652404785156,1,,"0.990001,1.010000,0.990000,1.010000",,,0.684516,1.064364,38.043030,0.575620
2,54,22.0,18.0,,18.99806022644043,0.29729652404785156,1,,"0.990001,1.010000,0.990000,1.010000",,,0.684516,1.064364,38.043030,0.575620
3,68,14.0,17.0,,18.99806022644043,0.29729652404785156,1,,"0.990001,1.010000,0.990000,1.010000",,,0.684516,1.064364,38.043030,0.575620
4,80,12.0,16.0,,18.99806022644043,0.29729652404785156,1,,"0.990001,1.010000,0.990000,1.010000",,,0.684516,1.064364,38.043030,0.575620
5,109,29.0,18.166666666666668,,18.99806022644043,0.29729652404785156,1,,"0.990001,1.010000,0.990000,1.010000",,,0.684516,1.064364,38.043030,0.575620
6,125,16.0,17.857142857142858,,18.99806022644043,0.29729652404785156,1,,"0.990001,1.010000,0.990000,1.010000",,,0.684516,1.064364,38.043030,0.575620
7,146,21.0,18.25,,18.99806022644043,0.29729652404785156,1,,"0.990001,1.010000,0.990000,1.010000",,,0.684516,1.064364,38.043030,0.575620
8,216,70.0,24.0,,18.99806022644043,0.29729652404785156,1,,"0.990001,1.010000,0.990000,1.010000",,,0.684516,1.064364,38.043030,0.575620
9,236,20.0,23.6,,18.99806022644043,0.29729652404785156,1,,"0.990001,1.010000,0.990000,1.010000",,,0.684516,1.064364,38.043030,0.575620
10,251,15.0,22.818181818181817,,18.99806022644043,0.29729652404785156,1,,"0.990001,1.010000,0.990000,1.010000",,,0.684516,1.064364,38.043030,0.575620
11,288,37.0,24.0,,18.99806022644043,0.29729652404785156,1,,"0.990001,1.010000,0.990000,1.010000",,,0.684516,1.064364,38.043030,0.575620
12,305,17.0,23.46153846153846,,18.99806022644043,0.29729652404785156,1,,"0.990001,1.010000,0.990000,1.010000",,,0.684516,1.064364,38.043030,0.575620
13,339,34.0,24.214285714285715,,18.99806022644043,0.29729652404785156,1,,"0.990001,1.010000,0.990000,1.010000",,,0.684516,1.064364,38.043030,0.575620
14,356,17.0,23.733333333333334,,18.99806022644043,0.29729652404785156,1,,"0.990001,1.010000,0.990000,1.010000",,,0.684516,1.064364,38.043030,0.575620
15,375,19.0,23.4375,,18.99806022644043,0.29729652404785156,1,,"0.990001,1.010000,0.990000,1.010000",,,0.684516,1.064364,38.043030,0.575620
16,390,15.0,22.941176470588236,,18.958799362182617,0.5823345184326172,2,,"0.984345,1.019799,0.980034,1.018229",,,0.680816,1.129281,37.882313,0.538366
17,408,18.0,22.666666666666668,,18.958799362182617,0.5823345184326172,2,,"0.984345,1.019799,0.980034,1.018229",,,0.680816,1.129281,37.882313,0.538366
18,428,20.0,22.526315789473685,,18.958799362182617,0.5823345184326172,2,,"0.984345,1.019799,0.980034,1.018229",,,0.680816,1.129281,37.882313,0.538366
19,443,15.0,22.15,,18.958799362182617,0.5823345184326172,2,,"0.984345,1.019799,0.980034,1.018229",,,0.680816,1.129281,37.882313,0.538366
20,473,30.0,22.523809523809526,,18.958799362182617,0.5823345184326172,2,,"0.984345,1.019799,0.980034,1.018229",,,0.680816,1.129281,37.882313,0.538366
21,525,52.0,23.863636363636363,,18.958799362182617,0.5823345184326172,2,,"0.984345,1.019799,0.980034,1.018229",,,0.680816,1.129281,37.882313,0.538366
22,541,16.0,23.52173913043478,,18.958799362182617,0.5823345184326172,2,,"0.984345,1.019799,0.980034,1.018229",,,0.680816,1.129281,37.882313,0.538366
23,563,22.0,23.458333333333332,,18.958799362182617,0.5823345184326172,2,,"0.984345,1.019799,0.980034,1.018229",,,0.680816,1.129281,37.882313,0.538366
24,585,22.0,23.4,,18.958799362182617,0.5823345184326172,2,,"0.984345,1.019799,0.980034,1.018229",,,0.680816,1.129281,37.882313,0.538366
25,600,15.0,23.076923076923077,,18.958799362182617,0.5823345184326172,2,,"0.984345,1.019799,0.980034,1.018229",,,0.680816,1.129281,37.882313,0.538366
26,617,17.0,22.85185185185185,,18.958799362182617,0.5823345184326172,2,,"0.984345,1.019799,0.980034,1.018229",,,0.680816,1.129281,37.882313,0.538366
27,658,41.0,23.5,,18.958799362182617,0.5823345184326172,2,,"0.984345,1.019799,0.980034,1.018229",,,0.680816,1.129281,37.882313,0.538366
28,669,11.0,23.06896551724138,,18.958799362182617,0.5833389759063721,2,,"0.984345,1.019799,0.980034,1.018229",,,0.680816,1.129281,37.882313,0.538366
29,686,17.0,22.866666666666667,,18.958799362182617,0.5833389759063721,2,,"0.984345,1.019799,0.980034,1.018229",,,0.680816,1.129281,37.882313,0.538366
30,715,29.0,23.06451612903226,,18.958799362182617,0.5833389759063721,2,,"0.984345,1.019799,0.980034,1.018229",,,0.680816,1.129281,37.882313,0.538366
31,728,13.0,22.75,,18.958799362182617,0.5833389759063721,2,,"0.984345,1.019799,0.980034,1.018229",,,0.680816,1.129281,37.882313,0.538366
32,740,12.0,22.424242424242426,,18.42989222208659,0.8781802654266357,3,,"0.978787,1.029023,0.971238,1.026919",,,0.679202,1.196578,34.821880,0.576822
33,756,16.0,22.235294117647058,,18.42989222208659,0.8781802654266357,3,,"0.978787,1.029023,0.971238,1.026919",,,0.679202,1.196578,34.821880,0.576822
34,769,13.0,21.97142857142857,,18.42989222208659,0.8781802654266357,3,,"0.978787,1.029023,0.971238,1.026919",,,0.679202,1.196578,34.821880,0.576822
35,785,16.0,21.805555555555557,,18.42989222208659,0.8781802654266357,3,,"0.978787,1.029023,0.971238,1.026919",,,0.679202,1.196578,34.821880,0.576822
36,829,44.0,22.405405405405407,,18.42989222208659,0.8781802654266357,3,,"0.978787,1.029023,0.971238,1.026919",,,0.679202,1.196578,34.821880,0.576822
37,841,12.0,22.13157894736842,,18.42989222208659,0.8781802654266357,3,,"0.978787,1.029023,0.971238,1.026919",,,0.679202,1.196578,34.821880,0.576822
38,863,22.0,22.128205128205128,,18.42989222208659,0.8781802654266357,3,,"0.978787,1.029023,0.971238,1.026919",,,0.679202,1.196578,34.821880,0.576822
39,890,27.0,22.25,,18.42989222208659,0.8781802654266357,3,,"0.978787,1.029023,0.971238,1.026919",,,0.679202,1.196578,34.821880,0.576822
40,900,10.0,21.951219512195124,,18.42989222208659,0.8781802654266357,3,,"0.978787,1.029023,0.971238,1.026919",,,0.679202,1.196578,34.821880,0.576822
41,935,35.0,22.261904761904763,,18.42989222208659,0.8781802654266357,3,,"0.978787,1.029023,0.971238,1.026919",,,0.679202,1.196578,34.821880,0.576822
42,971,36.0,22.58139534883721,,18.42989222208659,0.8781802654266357,3,,"0.978787,1.029023,0.971238,1.026919",,,0.679202,1.196578,34.821880,0.576822
43,1027,56.0,23.34090909090909,,18.42989222208659,0.8781802654266357,3,,"0.978787,1.029023,0.971238,1.026919",,,0.679202,1.196578,34.821880,0.576822
44,1039,12.0,23.08888888888889,,18.42989222208659,0.8781802654266357,3,,"0.978787,1.029023,0.971238,1.026919",,,0.679202,1.196578,34.821880,0.576822
45,1088,49.0,23.652173913043477,,18.42989222208659,0.8781802654266357,3,,"0.978787,1.029023,0.971238,1.026919",,,0.679202,1.196578,34.821880,0.576822
46,1111,23.0,23.638297872340427,,18.42989222208659,0.8781802654266357,3,,"0.978787,1.029023,0.971238,1.026919",,,0.679202,1.196578,34.821880,0.576822
47,1126,15.0,23.458333333333332,,18.42989222208659,0.8781802654266357,3,,"0.978787,1.029023,0.971238,1.026919",,,0.679202,1.196578,34.821880,0.576822
48,1173,47.0,23.93877551020408,,16.730977535247803,1.3812553882598877,4,,"0.972398,1.036174,0.962174,1.033418",,,0.676976,1.266577,23.317198,0.378864
49,1199,26.0,23.98,,16.730977535247803,1.3812553882598877,4,,"0.972398,1.036174,0.962174,1.033418",409.8,180.4,0.676976,1.266577,23.317198,0.378864
50,1289,90.0,25.274509803921568,,16.730977535247803,1.3812553882598877,4,,"0.972398,1.036174,0.962174,1.033418",,,0.676976,1.266577,23.317198,0.378864
51,1300,11.0,25.0,,16.730977535247803,1.3812553882598877,4,,"0.972398,1.036174,0.962174,1.033418",,,0.676976,1.266577,23.317198,0.378864
52,1320,20.0,24.90566037735849,,16.730977535247803,1.3812553882598877,4,,"0.972398,1.036174,0.962174,1.033418",,,0.676976,1.266577,23.317198,0.378864
53,1379,59.0,25.537037037037038,,16.730977535247803,1.3812553882598877,4,,"0.972398,1.036174,0.962174,1.033418",,,0.676976,1.266577,23.317198,0.378864
54,1433,54.0,26.054545454545455,,16.730977535247803,1.3812553882598877,4,,"0.972398,1.036174,0.962174,1.033418",,,0.676976,1.266577,23.317198,0.378864
55,1458,25.0,26.035714285714285,,16.730977535247803,1.3812553882598877,4,,"0.972398,1.036174,0.962174,1.033418",,,0.676976,1.266577,23.317198,0.378864
56,1516,58.0,26.596491228070175,,16.730977535247803,1.3812553882598877,4,,"0.972398,1.036174,0.962174,1.033418",,,0.676976,1.266577,23.317198,0.378864
57,1561,45.0,26.913793103448278,,16.730977535247803,1.3812553882598877,4,,"0.972398,1.036174,0.962174,1.033418",,,0.676976,1.266577,23.317198,0.378864
58,1582,21.0,26.8135593220339,,16.730977535247803,1.3812553882598877,4,,"0.972398,1.036174,0.962174,1.033418",,,0.676976,1.266577,23.317198,0.378864
59,1603,21.0,26.716666666666665,,16.730977535247803,1.3818645477294922,4,,"0.972398,1.036174,0.962174,1.033418",,,0.676976,1.266577,23.317198,0.378864
60,1658,55.0,27.18032786885246,,16.730977535247803,1.3818645477294922,4,,"0.972398,1.036174,0.962174,1.033418",,,0.676976,1.266577,23.317198,0.378864
61,1695,37.0,27.338709677419356,,16.730977535247803,1.3818645477294922,4,,"0.972398,1.036174,0.962174,1.033418",,,0.676976,1.266577,23.317198,0.378864
62,1762,67.0,27.96825396825397,,16.730977535247803,1.3818645477294922,4,,"0.972398,1.036174,0.962174,1.033418",,,0.676976,1.266577,23.317198,0.378864
63,1859,97.0,29.046875,,16.730977535247803,1.3818645477294922,4,,"0.972398,1.036174,0.962174,1.033418",,,0.676976,1.266577,23.317198,0.378864
64,1872,13.0,28.8,,16.561453437805177,1.7505805492401123,5,,"0.965565,1.043223,0.952866,1.041145",,,0.674109,1.339208,31.852110,0.420658
65,1887,15.0,28.59090909090909,,16.561453437805177,1.7515802383422852,5,,"0.965565,1.043223,0.952866,1.041145",,,0.674109,1.339208,31.852110,0.420658
66,1935,48.0,28.880597014925375,,16.561453437805177,1.7515802383422852,5,,"0.965565,1.043223,0.952866,1.041145",,,0.674109,1.339208,31.852110,0.420658
67,1975,40.0,29.044117647058822,,16.561453437805177,1.7515802383422852,5,,"0.965565,1.043223,0.952866,1.041145",,,0.674109,1.339208,31.852110,0.420658
68,1997,22.0,28.942028985507246,,16.561453437805177,1.7515802383422852,5,,"0.965565,1.043223,0.952866,1.041145",,,0.674109,1.339208,31.852110,0.420658
69,2047,50.0,29.242857142857144,,16.561453437805177,1.7515802383422852,5,,"0.965565,1.043223,0.952866,1.041145",,,0.674109,1.339208,31.852110,0.420658
70,2070,23.0,29.154929577464788,,16.561453437805177,1.7515802383422852,5,,"0.965565,1.043223,0.952866,1.041145",,,0.674109,1.339208,31.852110,0.420658
71,2094,24.0,29.083333333333332,,16.561453437805177,1.7515802383422852,5,,"0.965565,1.043223,0.952866,1.041145",,,0.674109,1.339208,31.852110,0.420658
72,2115,21.0,28.972602739726028,,16.561453437805177,1.7515802383422852,5,,"0.965565,1.043223,0.952866,1.041145",,,0.674109,1.339208,31.852110,0.420658
73,2205,90.0,29.7972972972973,,16.561453437805177,1.7515802383422852,5,,"0.965565,1.043223,0.952866,1.041145",,,0.674109,1.339208,31.852110,0.420658
74,2220,15.0,29.6,,16.561453437805177,1.7515802383422852,5,,"0.965565,1.043223,0.952866,1.041145",,,0.674109,1.339208,31.852110,0.420658
75,2233,13.0,29.38157894736842,,16.561453437805177,1.7515802383422852,5,,"0.965565,1.043223,0.952866,1.041145",,,0.674109,1.339208,31.852110,0.420658
76,2253,20.0,29.25974025974026,,16.561453437805177,1.7515802383422852,5,,"0.965565,1.043223,0.952866,1.041145",,,0.674109,1.339208,31.852110,0.420658
77,2289,36.0,29.346153846153847,,16.561453437805177,1.7515802383422852,5,,"0.965565,1.043223,0.952866,1.041145",,,0.674109,1.339208,31.852110,0.420658
78,2311,22.0,29.253164556962027,,16.561453437805177,1.7515802383422852,5,,"0.965565,1.043223,0.952866,1.041145",,,0.674109,1.339208,31.852110,0.420658
79,2330,19.0,29.125,,16.561453437805177,1.7515802383422852,5,,"0.965565,1.043223,0.952866,1.041145",,,0.674109,1.339208,31.852110,0.420658
80,2379,49.0,29.37037037037037,,16.063986778259277,2.1119625568389893,6,,"0.957738,1.050624,0.943477,1.049231",,,0.666432,1.414327,27.241993,0.452408
81,2394,15.0,29.195121951219512,,16.063986778259277,2.1119625568389893,6,,"0.957738,1.050624,0.943477,1.049231",,,0.666432,1.414327,27.241993,0.452408
82,2407,13.0,29.0,,16.063986778259277,2.1119625568389893,6,,"0.957738,1.050624,0.943477,1.049231",,,0.666432,1.414327,27.241993,0.452408
83,2453,46.0,29.202380952380953,,16.063986778259277,2.1119625568389893,6,,"0.957738,1.050624,0.943477,1.049231",,,0.666432,1.414327,27.241993,0.452408
84,2487,34.0,29.258823529411764,,16.063986778259277,2.1119625568389893,6,,"0.957738,1.050624,0.943477,1.049231",,,0.666432,1.414327,27.241993,0.452408
85,2572,85.0,29.906976744186046,,16.063986778259277,2.1119625568389893,6,,"0.957738,1.050624,0.943477,1.049231",,,0.666432,1.414327,27.241993,0.452408
86,2593,21.0,29.804597701149426,,16.063986778259277,2.1119625568389893,6,,"0.957738,1.050624,0.943477,1.049231",,,0.666432,1.414327,27.241993,0.452408
87,2629,36.0,29.875,,16.063986778259277,2.1119625568389893,6,,"0.957738,1.050624,0.943477,1.049231",,,0.666432,1.414327,27.241993,0.452408
88,2665,36.0,29.9438202247191,,16.063986778259277,2.1119625568389893,6,,"0.957738,1.050624,0.943477,1.049231",,,0.666432,1.414327,27.241993,0.452408
89,2699,34.0,29.988888888888887,,16.063986778259277,2.1119625568389893,6,,"0.957738,1.050624,0.943477,1.049231",,,0.666432,1.414327,27.241993,0.452408
90,2710,11.0,29.78021978021978,,16.063986778259277,2.1119625568389893,6,,"0.957738,1.050624,0.943477,1.049231",,,0.666432,1.414327,27.241993,0.452408
91,2756,46.0,29.956521739130434,,16.063986778259277,2.1119625568389893,6,,"0.957738,1.050624,0.943477,1.049231",,,0.666432,1.414327,27.241993,0.452408
92,2770,14.0,29.78494623655914,,16.063986778259277,2.1119625568389893,6,,"0.957738,1.050624,0.943477,1.049231",,,0.666432,1.414327,27.241993,0.452408
93,2829,59.0,30.095744680851062,,16.063986778259277,2.1119625568389893,6,,"0.957738,1.050624,0.943477,1.049231",,,0.666432,1.414327,27.241993,0.452408
94,2858,29.0,30.08421052631579,,16.063986778259277,2.1119625568389893,6,,"0.957738,1.050624,0.943477,1.049231",,,0.666432,1.414327,27.241993,0.452408
95,2877,19.0,29.96875,,16.063986778259277,2.1119625568389893,6,,"0.957738,1.050624,0.943477,1.049231",,,0.666432,1.414327,27.241993,0.452408
96,2896,19.0,29.855670103092784,,15.582618713378906,2.4802823066711426,7,,"0.949269,1.058605,0.934113,1.057408",,,0.664830,1.491825,25.501026,0.489754
97,2966,70.0,30.26530612244898,,15.582618713378906,2.4802823066711426,7,,"0.949269,1.058605,0.934113,1.057408",,,0.664830,1.491825,25.501026,0.489754
98,2977,11.0,30.07070707070707,,15.582618713378906,2.4802823066711426,7,,"0.949269,1.058605,0.934113,1.057408",,,0.664830,1.491825,25.501026,0.489754
99,3034,57.0,30.34,,15.582618713378906,2.4802823066711426,7,,"0.949269,1.058605,0.934113,1.057408",412.0,176.0,0.664830,1.491825,25.501026,0.489754
100,3114,80.0,30.95,,15.582618713378906,2.4802823066711426,7,,"0.949269,1.058605,0.934113,1.057408",,,0.664830,1.491825,25.501026,0.489754
101,3127,13.0,30.95,,15.582618713378906,2.4802823066711426,7,,"0.949269,1.058605,0.934113,1.057408",,,0.664830,1.491825,25.501026,0.489754
102,3171,44.0,31.17,,15.582618713378906,2.4802823066711426,7,,"0.949269,1.058605,0.934113,1.057408",,,0.664830,1.491825,25.501026,0.489754
103,3214,43.0,31.46,,15.582618713378906,2.4802823066711426,7,,"0.949269,1.058605,0.934113,1.057408",,,0.664830,1.491825,25.501026,0.489754
104,3252,38.0,31.72,,15.582618713378906,2.4802823066711426,7,,"0.949269,1.058605,0.934113,1.057408",,,0.664830,1.491825,25.501026,0.489754
105,3269,17.0,31.6,,15.582618713378906,2.4802823066711426,7,,"0.949269,1.058605,0.934113,1.057408",,,0.664830,1.491825,25.501026,0.489754
106,3288,19.0,31.63,,15.582618713378906,2.4802823066711426,7,,"0.949269,1.058605,0.934113,1.057408",,,0.664830,1.491825,25.501026,0.489754
107,3346,58.0,32.0,,15.582618713378906,2.4802823066711426,7,,"0.949269,1.058605,0.934113,1.057408",,,0.664830,1.491825,25.501026,0.489754
108,3391,45.0,31.75,,15.582618713378906,2.4802823066711426,7,,"0.949269,1.058605,0.934113,1.057408",,,0.664830,1.491825,25.501026,0.489754
109,3421,30.0,31.85,,15.582618713378906,2.4802823066711426,7,,"0.949269,1.058605,0.934113,1.057408",,,0.664830,1.491825,25.501026,0.489754
110,3439,18.0,31.88,,15.582618713378906,2.4802823066711426,7,,"0.949269,1.058605,0.934113,1.057408",,,0.664830,1.491825,25.501026,0.489754
111,3488,49.0,32.0,,15.582618713378906,2.4802823066711426,7,,"0.949269,1.058605,0.934113,1.057408",,,0.664830,1.491825,25.501026,0.489754
112,3502,14.0,31.97,,15.569190979003906,2.747586727142334,8,,"0.942545,1.066805,0.924492,1.066039",,,0.662055,1.570881,31.056217,0.416731
113,3514,12.0,31.75,,15.569190979003906,2.747586727142334,8,,"0.942545,1.066805,0.924492,1.066039",,,0.662055,1.570881,31.056217,0.416731
114,3541,27.0,31.85,,15.569190979003906,2.747586727142334,8,,"0.942545,1.066805,0.924492,1.066039",,,0.662055,1.570881,31.056217,0.416731
115,3593,52.0,32.18,,15.569190979003906,2.747586727142334,8,,"0.942545,1.066805,0.924492,1.066039",,,0.662055,1.570881,31.056217,0.416731
116,3633,40.0,32.43,,15.569190979003906,2.747586727142334,8,,"0.942545,1.066805,0.924492,1.066039",,,0.662055,1.570881,31.056217,0.416731
117,3691,58.0,32.83,,15.569190979003906,2.747586727142334,8,,"0.942545,1.066805,0.924492,1.066039",,,0.662055,1.570881,31.056217,0.416731
118,3719,28.0,32.91,,15.569190979003906,2.747586727142334,8,,"0.942545,1.066805,0.924492,1.066039",,,0.662055,1.570881,31.056217,0.416731
119,3736,17.0,32.93,,15.569190979003906,2.747586727142334,8,,"0.942545,1.066805,0.924492,1.066039",,,0.662055,1.570881,31.056217,0.416731
120,3752,16.0,32.79,,15.569190979003906,2.747586727142334,8,,"0.942545,1.066805,0.924492,1.066039",,,0.662055,1.570881,31.056217,0.416731
121,3777,25.0,32.52,,15.569190979003906,2.747586727142334,8,,"0.942545,1.066805,0.924492,1.066039",,,0.662055,1.570881,31.056217,0.416731
122,3792,15.0,32.51,,15.569190979003906,2.747586727142334,8,,"0.942545,1.066805,0.924492,1.066039",,,0.662055,1.570881,31.056217,0.416731
123,3830,38.0,32.67,,15.569190979003906,2.748586893081665,8,,"0.942545,1.066805,0.924492,1.066039",,,0.662055,1.570881,31.056217,0.416731
124,3855,25.0,32.7,,15.569190979003906,2.748586893081665,8,,"0.942545,1.066805,0.924492,1.066039",,,0.662055,1.570881,31.056217,0.416731
125,3872,17.0,32.72,,15.569190979003906,2.748586893081665,8,,"0.942545,1.066805,0.924492,1.066039",,,0.662055,1.570881,31.056217,0.416731
126,3919,47.0,33.02,,15.569190979003906,2.748586893081665,8,,"0.942545,1.066805,0.924492,1.066039",,,0.662055,1.570881,31.056217,0.416731
127,3933,14.0,32.75,,15.569190979003906,2.748586893081665,8,,"0.942545,1.066805,0.924492,1.066039",,,0.662055,1.570881,31.056217,0.416731
128,3957,24.0,32.88,,15.271611001756456,3.1060781478881836,9,,"0.935006,1.074751,0.914709,1.075041",,,0.649295,1.651142,25.889187,0.446636
129,3975,18.0,32.89,,15.271611001756456,3.1060781478881836,9,,"0.935006,1.074751,0.914709,1.075041",,,0.649295,1.651142,25.889187,0.446636
130,4002,27.0,32.87,,15.271611001756456,3.1060781478881836,9,,"0.935006,1.074751,0.914709,1.075041",,,0.649295,1.651142,25.889187,0.446636
131,4035,33.0,33.07,,15.271611001756456,3.1060781478881836,9,,"0.935006,1.074751,0.914709,1.075041",,,0.649295,1.651142,25.889187,0.446636
132,4100,65.0,33.6,,15.271611001756456,3.1060781478881836,9,,"0.935006,1.074751,0.914709,1.075041",,,0.649295,1.651142,25.889187,0.446636
133,4161,61.0,34.05,,15.271611001756456,3.1060781478881836,9,,"0.935006,1.074751,0.914709,1.075041",,,0.649295,1.651142,25.889187,0.446636
134,4195,34.0,34.26,,15.271611001756456,3.1060781478881836,9,,"0.935006,1.074751,0.914709,1.075041",,,0.649295,1.651142,25.889187,0.446636
135,4207,12.0,34.22,,15.271611001756456,3.1060781478881836,9,,"0.935006,1.074751,0.914709,1.075041",,,0.649295,1.651142,25.889187,0.446636
136,4221,14.0,33.92,,15.271611001756456,3.1060781478881836,9,,"0.935006,1.074751,0.914709,1.075041",,,0.649295,1.651142,25.889187,0.446636
137,4232,11.0,33.91,,15.271611001756456,3.1060781478881836,9,,"0.935006,1.074751,0.914709,1.075041",,,0.649295,1.651142,25.889187,0.446636
138,4282,50.0,34.19,,15.271611001756456,3.1060781478881836,9,,"0.935006,1.074751,0.914709,1.075041",,,0.649295,1.651142,25.889187,0.446636
139,4298,16.0,34.08,,15.271611001756456,3.1060781478881836,9,,"0.935006,1.074751,0.914709,1.075041",,,0.649295,1.651142,25.889187,0.446636
140,4320,22.0,34.2,,15.271611001756456,3.1060781478881836,9,,"0.935006,1.074751,0.914709,1.075041",,,0.649295,1.651142,25.889187,0.446636
141,4403,83.0,34.68,,15.271611001756456,3.1060781478881836,9,,"0.935006,1.074751,0.914709,1.075041",,,0.649295,1.651142,25.889187,0.446636
142,4453,50.0,34.82,,15.271611001756456,3.1060781478881836,9,,"0.935006,1.074751,0.914709,1.075041",,,0.649295,1.651142,25.889187,0.446636
143,4470,17.0,34.43,,15.271611001756456,3.1060781478881836,9,,"0.935006,1.074751,0.914709,1.075041",,,0.649295,1.651142,25.889187,0.446636
144,4529,59.0,34.9,,14.945974540710449,3.458035469055176,10,,"0.926761,1.079191,0.904732,1.083107",,,0.651616,1.731229,24.117931,0.355290
145,4559,30.0,34.71,,14.945974540710449,3.458035469055176,10,,"0.926761,1.079191,0.904732,1.083107",,,0.651616,1.731229,24.117931,0.355290
146,4634,75.0,35.23,,14.945974540710449,3.458035469055176,10,,"0.926761,1.079191,0.904732,1.083107",,,0.651616,1.731229,24.117931,0.355290
147,4704,70.0,35.78,,14.945974540710449,3.458035469055176,10,,"0.926761,1.079191,0.904732,1.083107",,,0.651616,1.731229,24.117931,0.355290
148,4754,50.0,35.81,,14.945974540710449,3.458035469055176,10,,"0.926761,1.079191,0.904732,1.083107",,,0.651616,1.731229,24.117931,0.355290
149,4802,48.0,36.03,,14.945974540710449,3.458035469055176,10,,"0.926761,1.079191,0.904732,1.083107",413.8,172.4,0.651616,1.731229,24.117931,0.355290
150,4830,28.0,35.41,,14.945974540710449,3.458035469055176,10,,"0.926761,1.079191,0.904732,1.083107",,,0.651616,1.731229,24.117931,0.355290
151,4864,34.0,35.64,,14.945974540710449,3.458035469055176,10,,"0.926761,1.079191,0.904732,1.083107",,,0.651616,1.731229,24.117931,0.355290
152,4927,63.0,36.07,,14.945974540710449,3.458035469055176,10,,"0.926761,1.079191,0.904732,1.083107",,,0.651616,1.731229,24.117931,0.355290
153,4952,25.0,35.73,,14.945974540710449,3.458035469055176,10,,"0.926761,1.079191,0.904732,1.083107",,,0.651616,1.731229,24.117931,0.355290
154,4984,32.0,35.51,,14.945974540710449,3.458035469055176,10,,"0.926761,1.079191,0.904732,1.083107",,,0.651616,1.731229,24.117931,0.355290
155,5022,38.0,35.64,,14.945974540710449,3.458035469055176,10,,"0.926761,1.079191,0.904732,1.083107",,,0.651616,1.731229,24.117931,0.355290
156,5073,51.0,35.57,,14.945974540710449,3.458035469055176,10,,"0.926761,1.079191,0.904732,1.083107",,,0.651616,1.731229,24.117931,0.355290
157,5133,60.0,35.72,,14.945974540710449,3.458035469055176,10,,"0.926761,1.079191,0.904732,1.083107",,,0.651616,1.731229,24.117931,0.355290
158,5152,19.0,35.7,,14.945974540710449,3.458035469055176,10,,"0.926761,1.079191,0.904732,1.083107",,,0.651616,1.731229,24.117931,0.355290
159,5199,47.0,35.96,,14.945974540710449,3.458035469055176,10,,"0.926761,1.079191,0.904732,1.083107",,,0.651616,1.731229,24.117931,0.355290
160,5251,52.0,35.93,,14.558216094970703,4.0435614585876465,11,,"0.919385,1.082941,0.894669,1.090605",,,0.649566,1.813186,21.484776,0.415956
161,5267,16.0,35.72,,14.558216094970703,4.0435614585876465,11,,"0.919385,1.082941,0.894669,1.090605",,,0.649566,1.813186,21.484776,0.415956
162,5300,33.0,35.38,,14.558216094970703,4.0435614585876465,11,,"0.919385,1.082941,0.894669,1.090605",,,0.649566,1.813186,21.484776,0.415956
163,5341,41.0,34.82,,14.558216094970703,4.0435614585876465,11,,"0.919385,1.082941,0.894669,1.090605",,,0.649566,1.813186,21.484776,0.415956
164,5377,36.0,35.05,,14.558216094970703,4.0435614585876465,11,,"0.919385,1.082941,0.894669,1.090605",,,0.649566,1.813186,21.484776,0.415956
165,5433,56.0,35.46,,14.558216094970703,4.0435614585876465,11,,"0.919385,1.082941,0.894669,1.090605",,,0.649566,1.813186,21.484776,0.415956
166,5449,16.0,35.14,,14.558216094970703,4.0435614585876465,11,,"0.919385,1.082941,0.894669,1.090605",,,0.649566,1.813186,21.484776,0.415956
167,5516,67.0,35.41,,14.558216094970703,4.0435614585876465,11,,"0.919385,1.082941,0.894669,1.090605",,,0.649566,1.813186,21.484776,0.415956
168,5534,18.0,35.37,,14.558216094970703,4.0435614585876465,11,,"0.919385,1.082941,0.894669,1.090605",,,0.649566,1.813186,21.484776,0.415956
169,5591,57.0,35.44,,14.558216094970703,4.0435614585876465,11,,"0.919385,1.082941,0.894669,1.090605",,,0.649566,1.813186,21.484776,0.415956
170,5722,131.0,36.52,,14.558216094970703,4.0435614585876465,11,,"0.919385,1.082941,0.894669,1.090605",,,0.649566,1.813186,21.484776,0.415956
171,5749,27.0,36.55,,14.558216094970703,4.0435614585876465,11,,"0.919385,1.082941,0.894669,1.090605",,,0.649566,1.813186,21.484776,0.415956
172,5812,63.0,36.97,,14.558216094970703,4.0435614585876465,11,,"0.919385,1.082941,0.894669,1.090605",,,0.649566,1.813186,21.484776,0.415956
173,5862,50.0,36.57,,14.558216094970703,4.0435614585876465,11,,"0.919385,1.082941,0.894669,1.090605",,,0.649566,1.813186,21.484776,0.415956
174,5876,14.0,36.56,,14.558216094970703,4.0435614585876465,11,,"0.919385,1.082941,0.894669,1.090605",,,0.649566,1.813186,21.484776,0.415956
175,5922,46.0,36.89,,14.558216094970703,4.0435614585876465,11,,"0.919385,1.082941,0.894669,1.090605",,,0.649566,1.813186,21.484776,0.415956
176,5965,43.0,37.12,,14.168582995732626,4.461803436279297,12,,"0.912985,1.084214,0.885208,1.097194",,,0.634853,1.897922,19.915461,0.473775
177,5996,31.0,37.07,,14.168582995732626,4.461803436279297,12,,"0.912985,1.084214,0.885208,1.097194",,,0.634853,1.897922,19.915461,0.473775
178,6029,33.0,37.18,,14.168582995732626,4.461803436279297,12,,"0.912985,1.084214,0.885208,1.097194",,,0.634853,1.897922,19.915461,0.473775
179,6093,64.0,37.63,,14.168582995732626,4.461803436279297,12,,"0.912985,1.084214,0.885208,1.097194",,,0.634853,1.897922,19.915461,0.473775
180,6150,57.0,37.71,,14.168582995732626,4.461803436279297,12,,"0.912985,1.084214,0.885208,1.097194",,,0.634853,1.897922,19.915461,0.473775
181,6194,44.0,38.0,,14.168582995732626,4.461803436279297,12,,"0.912985,1.084214,0.885208,1.097194",,,0.634853,1.897922,19.915461,0.473775
182,6225,31.0,38.18,,14.168582995732626,4.461803436279297,12,,"0.912985,1.084214,0.885208,1.097194",,,0.634853,1.897922,19.915461,0.473775
183,6276,51.0,38.23,,14.168582995732626,4.461803436279297,12,,"0.912985,1.084214,0.885208,1.097194",,,0.634853,1.897922,19.915461,0.473775
184,6320,44.0,38.33,,14.168582995732626,4.461803436279297,12,,"0.912985,1.084214,0.885208,1.097194",,,0.634853,1.897922,19.915461,0.473775
185,6401,81.0,38.29,,14.168582995732626,4.461803436279297,12,,"0.912985,1.084214,0.885208,1.097194",,,0.634853,1.897922,19.915461,0.473775
186,6431,30.0,38.38,,14.168582995732626,4.461803436279297,12,,"0.912985,1.084214,0.885208,1.097194",,,0.634853,1.897922,19.915461,0.473775
187,6518,87.0,38.89,,14.168582995732626,4.461803436279297,12,,"0.912985,1.084214,0.885208,1.097194",,,0.634853,1.897922,19.915461,0.473775
188,6592,74.0,39.27,,14.168582995732626,4.461803436279297,12,,"0.912985,1.084214,0.885208,1.097194",,,0.634853,1.897922,19.915461,0.473775
189,6660,68.0,39.61,,14.168582995732626,4.461803436279297,12,,"0.912985,1.084214,0.885208,1.097194",,,0.634853,1.897922,19.915461,0.473775
190,6741,81.0,40.31,,14.168582995732626,4.461803436279297,12,,"0.912985,1.084214,0.885208,1.097194",,,0.634853,1.897922,19.915461,0.473775
191,6766,25.0,40.1,,14.168582995732626,4.461803436279297,12,,"0.912985,1.084214,0.885208,1.097194",,,0.634853,1.897922,19.915461,0.473775
192,6860,94.0,40.9,,13.784197147075947,5.0601654052734375,13,,"0.905735,1.082126,0.876138,1.101968",,,0.632950,1.983035,18.456573,0.387545
193,6954,94.0,41.25,,13.784197147075947,5.0601654052734375,13,,"0.905735,1.082126,0.876138,1.101968",,,0.632950,1.983035,18.456573,0.387545
194,7100,146.0,42.42,,13.784197147075947,5.0601654052734375,13,,"0.905735,1.082126,0.876138,1.101968",,,0.632950,1.983035,18.456573,0.387545
195,7118,18.0,42.41,,13.784197147075947,5.0601654052734375,13,,"0.905735,1.082126,0.876138,1.101968",,,0.632950,1.983035,18.456573,0.387545
196,7140,22.0,42.44,,13.784197147075947,5.0601654052734375,13,,"0.905735,1.082126,0.876138,1.101968",,,0.632950,1.983035,18.456573,0.387545
197,7183,43.0,42.17,,13.784197147075947,5.0601654052734375,13,,"0.905735,1.082126,0.876138,1.101968",,,0.632950,1.983035,18.456573,0.387545
198,7232,49.0,42.55,,13.784197147075947,5.0601654052734375,13,,"0.905735,1.082126,0.876138,1.101968",,,0.632950,1.983035,18.456573,0.387545
199,7257,25.0,42.23,,13.784197147075947,5.0601654052734375,13,,"0.905735,1.082126,0.876138,1.101968",415.2,169.60000000000002,0.632950,1.983035,18.456573,0.387545
200,7329,72.0,42.15,,13.784197147075947,5.0601654052734375,13,,"0.905735,1.082126,0.876138,1.101968",,,0.632950,1.983035,18.456573,0.387545
201,7395,66.0,42.68,,13.784197147075947,5.0601654052734375,13,,"0.905735,1.082126,0.876138,1.101968",,,0.632950,1.983035,18.456573,0.387545
202,7467,72.0,42.96,,13.784197147075947,5.0601654052734375,13,,"0.905735,1.082126,0.876138,1.101968",,,0.632950,1.983035,18.456573,0.387545
203,7509,42.0,42.95,,13.784197147075947,5.0601654052734375,13,,"0.905735,1.082126,0.876138,1.101968",,,0.632950,1.983035,18.456573,0.387545
204,7581,72.0,43.29,,13.784197147075947,5.0601654052734375,13,,"0.905735,1.082126,0.876138,1.101968",,,0.632950,1.983035,18.456573,0.387545
205,7625,44.0,43.56,,13.784197147075947,5.0601654052734375,13,,"0.905735,1.082126,0.876138,1.101968",,,0.632950,1.983035,18.456573,0.387545
206,7694,69.0,44.06,,13.784197147075947,5.0601654052734375,13,,"0.905735,1.082126,0.876138,1.101968",,,0.632950,1.983035,18.456573,0.387545
207,7756,62.0,44.1,,13.784197147075947,5.0601654052734375,13,,"0.905735,1.082126,0.876138,1.101968",,,0.632950,1.983035,18.456573,0.387545
208,7818,62.0,44.27,,13.502680710383824,5.5796167850494385,14,,"0.898660,1.078436,0.866625,1.107645",,,0.622563,2.070991,19.869907,0.465988
209,7866,48.0,44.45,,13.502680710383824,5.580617904663086,14,,"0.898660,1.078436,0.866625,1.107645",,,0.622563,2.070991,19.869907,0.465988
210,7912,46.0,44.73,,13.502680710383824,5.580617904663086,14,,"0.898660,1.078436,0.866625,1.107645",,,0.622563,2.070991,19.869907,0.465988
211,7984,72.0,44.96,,13.502680710383824,5.580617904663086,14,,"0.898660,1.078436,0.866625,1.107645",,,0.622563,2.070991,19.869907,0.465988
212,8076,92.0,45.74,,13.502680710383824,5.580617904663086,14,,"0.898660,1.078436,0.866625,1.107645",,,0.622563,2.070991,19.869907,0.465988
213,8193,117.0,46.79,,13.502680710383824,5.580617904663086,14,,"0.898660,1.078436,0.866625,1.107645",,,0.622563,2.070991,19.869907,0.465988
214,8206,13.0,46.65,,13.502680710383824,5.580617904663086,14,,"0.898660,1.078436,0.866625,1.107645",,,0.622563,2.070991,19.869907,0.465988
215,8267,61.0,46.74,,13.502680710383824,5.580617904663086,14,,"0.898660,1.078436,0.866625,1.107645",,,0.622563,2.070991,19.869907,0.465988
216,8299,32.0,46.66,,13.502680710383824,5.580617904663086,14,,"0.898660,1.078436,0.866625,1.107645",,,0.622563,2.070991,19.869907,0.465988
217,8346,47.0,46.55,,13.502680710383824,5.580617904663086,14,,"0.898660,1.078436,0.866625,1.107645",,,0.622563,2.070991,19.869907,0.465988
218,8372,26.0,46.53,,13.502680710383824,5.580617904663086,14,,"0.898660,1.078436,0.866625,1.107645",,,0.622563,2.070991,19.869907,0.465988
219,8392,20.0,46.56,,13.502680710383824,5.580617904663086,14,,"0.898660,1.078436,0.866625,1.107645",,,0.622563,2.070991,19.869907,0.465988
220,8410,18.0,46.58,,13.502680710383824,5.580617904663086,14,,"0.898660,1.078436,0.866625,1.107645",,,0.622563,2.070991,19.869907,0.465988
221,8445,35.0,46.68,,13.502680710383824,5.580617904663086,14,,"0.898660,1.078436,0.866625,1.107645",,,0.622563,2.070991,19.869907,0.465988
222,8470,25.0,46.78,,13.502680710383824,5.580617904663086,14,,"0.898660,1.078436,0.866625,1.107645",,,0.622563,2.070991,19.869907,0.465988
223,8548,78.0,47.18,,13.502680710383824,5.580617904663086,14,,"0.898660,1.078436,0.866625,1.107645",,,0.622563,2.070991,19.869907,0.465988
224,8626,78.0,47.71,,13.129397583007812,6.479507684707642,15,,"0.891935,1.074017,0.856946,1.113301",,,0.611498,2.160393,15.972574,0.360775
225,8818,192.0,49.46,,13.129397583007812,6.479507684707642,15,,"0.891935,1.074017,0.856946,1.113301",,,0.611498,2.160393,15.972574,0.360775
226,8877,59.0,49.58,,13.129397583007812,6.4805076122283936,15,,"0.891935,1.074017,0.856946,1.113301",,,0.611498,2.160393,15.972574,0.360775
227,8909,32.0,49.76,,13.129397583007812,6.4805076122283936,15,,"0.891935,1.074017,0.856946,1.113301",,,0.611498,2.160393,15.972574,0.360775
228,8956,47.0,49.99,,13.129397583007812,6.4805076122283936,15,,"0.891935,1.074017,0.856946,1.113301",,,0.611498,2.160393,15.972574,0.360775
229,9006,50.0,50.31,,13.129397583007812,6.4805076122283936,15,,"0.891935,1.074017,0.856946,1.113301",,,0.611498,2.160393,15.972574,0.360775
230,9124,118.0,51.22,,13.129397583007812,6.4805076122283936,15,,"0.891935,1.074017,0.856946,1.113301",,,0.611498,2.160393,15.972574,0.360775
231,9297,173.0,52.62,,13.129397583007812,6.4805076122283936,15,,"0.891935,1.074017,0.856946,1.113301",,,0.611498,2.160393,15.972574,0.360775
232,9351,54.0,52.51,,13.129397583007812,6.4805076122283936,15,,"0.891935,1.074017,0.856946,1.113301",,,0.611498,2.160393,15.972574,0.360775
233,9402,51.0,52.41,,13.129397583007812,6.4805076122283936,15,,"0.891935,1.074017,0.856946,1.113301",,,0.611498,2.160393,15.972574,0.360775
234,9423,21.0,52.28,,13.129397583007812,6.4805076122283936,15,,"0.891935,1.074017,0.856946,1.113301",,,0.611498,2.160393,15.972574,0.360775
235,9458,35.0,52.51,,13.129397583007812,6.4805076122283936,15,,"0.891935,1.074017,0.856946,1.113301",,,0.611498,2.160393,15.972574,0.360775
236,9614,156.0,53.93,,13.129397583007812,6.4805076122283936,15,,"0.891935,1.074017,0.856946,1.113301",,,0.611498,2.160393,15.972574,0.360775
237,9648,34.0,54.16,,13.129397583007812,6.4805076122283936,15,,"0.891935,1.074017,0.856946,1.113301",,,0.611498,2.160393,15.972574,0.360775
238,9725,77.0,54.43,,13.129397583007812,6.4805076122283936,15,,"0.891935,1.074017,0.856946,1.113301",,,0.611498,2.160393,15.972574,0.360775
239,9785,60.0,54.87,,13.129397583007812,6.4805076122283936,15,,"0.891935,1.074017,0.856946,1.113301",,,0.611498,2.160393,15.972574,0.360775
240,9823,38.0,55.03,,12.796309888362885,7.132063627243042,16,,"0.884223,1.068752,0.846904,1.118744",,,0.609612,2.252225,15.766659,0.395991
241,9877,54.0,54.74,,12.796309888362885,7.132063627243042,16,,"0.884223,1.068752,0.846904,1.118744",,,0.609612,2.252225,15.766659,0.395991
242,9961,84.0,55.08,,12.796309888362885,7.132063627243042,16,,"0.884223,1.068752,0.846904,1.118744",,,0.609612,2.252225,15.766659,0.395991
243,10019,58.0,55.49,,12.796309888362885,7.132063627243042,16,,"0.884223,1.068752,0.846904,1.118744",,,0.609612,2.252225,15.766659,0.395991
244,10053,34.0,55.24,,12.796309888362885,7.132063627243042,16,,"0.884223,1.068752,0.846904,1.118744",,,0.609612,2.252225,15.766659,0.395991
245,10102,49.0,55.43,,12.796309888362885,7.132063627243042,16,,"0.884223,1.068752,0.846904,1.118744",,,0.609612,2.252225,15.766659,0.395991
246,10147,45.0,55.13,,12.796309888362885,7.132063627243042,16,,"0.884223,1.068752,0.846904,1.118744",,,0.609612,2.252225,15.766659,0.395991
247,10177,30.0,54.73,,12.796309888362885,7.132063627243042,16,,"0.884223,1.068752,0.846904,1.118744",,,0.609612,2.252225,15.766659,0.395991
248,10314,137.0,55.6,,12.796309888362885,7.132063627243042,16,,"0.884223,1.068752,0.846904,1.118744",,,0.609612,2.252225,15.766659,0.395991
249,10468,154.0,56.66,,12.796309888362885,7.132063627243042,16,,"0.884223,1.068752,0.846904,1.118744",287.6,130.19001497810805,0.609612,2.252225,15.766659,0.395991
250,10589,121.0,57.59,,12.796309888362885,7.132063627243042,16,,"0.884223,1.068752,0.846904,1.118744",,,0.609612,2.252225,15.766659,0.395991
251,10726,137.0,58.62,,12.796309888362885,7.132063627243042,16,,"0.884223,1.068752,0.846904,1.118744",,,0.609612,2.252225,15.766659,0.395991
252,10769,43.0,58.42,,12.796309888362885,7.132063627243042,16,,"0.884223,1.068752,0.846904,1.118744",,,0.609612,2.252225,15.766659,0.395991
253,10787,18.0,58.35,,12.796309888362885,7.132063627243042,16,,"0.884223,1.068752,0.846904,1.118744",,,0.609612,2.252225,15.766659,0.395991
254,10860,73.0,58.76,,12.796309888362885,7.132063627243042,16,,"0.884223,1.068752,0.846904,1.118744",,,0.609612,2.252225,15.766659,0.395991
255,11021,161.0,59.99,,12.796309888362885,7.132063627243042,16,,"0.884223,1.068752,0.846904,1.118744",,,0.609612,2.252225,15.766659,0.395991
256,11174,153.0,61.01,,12.482581250807819,7.930915832519531,17,,"0.877301,1.061956,0.837288,1.122509",,,0.603758,2.345571,15.097518,0.388237
257,11209,35.0,60.76,,12.482581250807819,7.930915832519531,17,,"0.877301,1.061956,0.837288,1.122509",,,0.603758,2.345571,15.097518,0.388237
258,11268,59.0,61.16,,12.482581250807819,7.930915832519531,17,,"0.877301,1.061956,0.837288,1.122509",,,0.603758,2.345571,15.097518,0.388237
259,11297,29.0,60.98,,12.482581250807819,7.930915832519531,17,,"0.877301,1.061956,0.837288,1.122509",,,0.603758,2.345571,15.097518,0.388237
260,11421,124.0,61.7,,12.482581250807819,7.930915832519531,17,,"0.877301,1.061956,0.837288,1.122509",,,0.603758,2.345571,15.097518,0.388237
261,11644,223.0,63.77,,12.482581250807819,7.930915832519531,17,,"0.877301,1.061956,0.837288,1.122509",,,0.603758,2.345571,15.097518,0.388237
262,11708,64.0,64.08,,12.482581250807819,7.930915832519531,17,,"0.877301,1.061956,0.837288,1.122509",,,0.603758,2.345571,15.097518,0.388237
263,11730,22.0,63.89,,12.482581250807819,7.931921482086182,17,,"0.877301,1.061956,0.837288,1.122509",,,0.603758,2.345571,15.097518,0.388237
264,11766,36.0,63.89,,12.482581250807819,7.931921482086182,17,,"0.877301,1.061956,0.837288,1.122509",,,0.603758,2.345571,15.097518,0.388237
265,11818,52.0,63.85,,12.482581250807819,7.931921482086182,17,,"0.877301,1.061956,0.837288,1.122509",,,0.603758,2.345571,15.097518,0.388237
266,11907,89.0,64.58,,12.482581250807819,7.931921482086182,17,,"0.877301,1.061956,0.837288,1.122509",,,0.603758,2.345571,15.097518,0.388237
267,11981,74.0,64.65,,12.482581250807819,7.931921482086182,17,,"0.877301,1.061956,0.837288,1.122509",,,0.603758,2.345571,15.097518,0.388237
268,12074,93.0,65.4,,12.482581250807819,7.931921482086182,17,,"0.877301,1.061956,0.837288,1.122509",,,0.603758,2.345571,15.097518,0.388237
269,12181,107.0,65.9,,12.482581250807819,7.931921482086182,17,,"0.877301,1.061956,0.837288,1.122509",,,0.603758,2.345571,15.097518,0.388237
270,12211,30.0,64.89,,12.482581250807819,7.931921482086182,17,,"0.877301,1.061956,0.837288,1.122509",,,0.603758,2.345571,15.097518,0.388237
271,12253,42.0,65.04,,12.482581250807819,7.931921482086182,17,,"0.877301,1.061956,0.837288,1.122509",,,0.603758,2.345571,15.097518,0.388237
272,12354,101.0,65.42,,12.177833980984158,8.63535737991333,18,,"0.869331,1.054082,0.827241,1.123864",,,0.593960,2.440330,14.149698,0.471965
273,12473,119.0,66.11,,12.177833980984158,8.63535737991333,18,,"0.869331,1.054082,0.827241,1.123864",,,0.593960,2.440330,14.149698,0.471965
274,12531,58.0,66.55,,12.177833980984158,8.63535737991333,18,,"0.869331,1.054082,0.827241,1.123864",,,0.593960,2.440330,14.149698,0.471965
275,12592,61.0,66.7,,12.177833980984158,8.63535737991333,18,,"0.869331,1.054082,0.827241,1.123864",,,0.593960,2.440330,14.149698,0.471965
276,12621,29.0,66.56,,12.177833980984158,8.63535737991333,18,,"0.869331,1.054082,0.827241,1.123864",,,0.593960,2.440330,14.149698,0.471965
277,12707,86.0,67.11,,12.177833980984158,8.63535737991333,18,,"0.869331,1.054082,0.827241,1.123864",,,0.593960,2.440330,14.149698,0.471965
278,12727,20.0,66.98,,12.177833980984158,8.63535737991333,18,,"0.869331,1.054082,0.827241,1.123864",,,0.593960,2.440330,14.149698,0.471965
279,12804,77.0,67.11,,12.177833980984158,8.63535737991333,18,,"0.869331,1.054082,0.827241,1.123864",,,0.593960,2.440330,14.149698,0.471965
280,12832,28.0,66.82,,12.177833980984158,8.63535737991333,18,,"0.869331,1.054082,0.827241,1.123864",,,0.593960,2.440330,14.149698,0.471965
281,12997,165.0,68.03,,12.177833980984158,8.63535737991333,18,,"0.869331,1.054082,0.827241,1.123864",,,0.593960,2.440330,14.149698,0.471965
282,13035,38.0,68.1,,12.177833980984158,8.63535737991333,18,,"0.869331,1.054082,0.827241,1.123864",,,0.593960,2.440330,14.149698,0.471965
283,13093,58.0,68.17,,12.177833980984158,8.63535737991333,18,,"0.869331,1.054082,0.827241,1.123864",,,0.593960,2.440330,14.149698,0.471965
284,13195,102.0,68.75,,12.177833980984158,8.63535737991333,18,,"0.869331,1.054082,0.827241,1.123864",,,0.593960,2.440330,14.149698,0.471965
285,13351,156.0,69.5,,12.177833980984158,8.63535737991333,18,,"0.869331,1.054082,0.827241,1.123864",,,0.593960,2.440330,14.149698,0.471965
286,13385,34.0,69.54,,12.177833980984158,8.63535737991333,18,,"0.869331,1.054082,0.827241,1.123864",,,0.593960,2.440330,14.149698,0.471965
287,13455,70.0,69.37,,12.177833980984158,8.63535737991333,18,,"0.869331,1.054082,0.827241,1.123864",,,0.593960,2.440330,14.149698,0.471965
288,13512,57.0,69.2,,11.907614707946777,9.397732496261597,19,,"0.860581,1.045402,0.816821,1.122330",,,0.588205,2.533067,14.229350,0.338386
289,13595,83.0,69.35,,11.907614707946777,9.397732496261597,19,,"0.860581,1.045402,0.816821,1.122330",,,0.588205,2.533067,14.229350,0.338386
290,13720,125.0,69.79,,11.907614707946777,9.397732496261597,19,,"0.860581,1.045402,0.816821,1.122330",,,0.588205,2.533067,14.229350,0.338386
291,13825,105.0,70.59,,11.907614707946777,9.398735523223877,19,,"0.860581,1.045402,0.816821,1.122330",,,0.588205,2.533067,14.229350,0.338386
292,13871,46.0,70.11,,11.907614707946777,9.398735523223877,19,,"0.860581,1.045402,0.816821,1.122330",,,0.588205,2.533067,14.229350,0.338386
293,13953,82.0,69.99,,11.907614707946777,9.398735523223877,19,,"0.860581,1.045402,0.816821,1.122330",,,0.588205,2.533067,14.229350,0.338386
294,14050,97.0,69.5,,11.907614707946777,9.398735523223877,19,,"0.860581,1.045402,0.816821,1.122330",,,0.588205,2.533067,14.229350,0.338386
295,14114,64.0,69.96,,11.907614707946777,9.398735523223877,19,,"0.860581,1.045402,0.816821,1.122330",,,0.588205,2.533067,14.229350,0.338386
296,14273,159.0,71.33,,11.907614707946777,9.398735523223877,19,,"0.860581,1.045402,0.816821,1.122330",,,0.588205,2.533067,14.229350,0.338386
297,14334,61.0,71.51,,11.907614707946777,9.398735523223877,19,,"0.860581,1.045402,0.816821,1.122330",,,0.588205,2.533067,14.229350,0.338386
298,14440,106.0,72.08,,11.907614707946777,9.398735523223877,19,,"0.860581,1.045402,0.816821,1.122330",,,0.588205,2.533067,14.229350,0.338386
299,14475,35.0,72.18,,11.907614707946777,9.398735523223877,19,,"0.860581,1.045402,0.816821,1.122330",224.0,52.00769173881879,0.588205,2.533067,14.229350,0.338386
300,14515,40.0,71.86,,11.907614707946777,9.398735523223877,19,,"0.860581,1.045402,0.816821,1.122330",,,0.588205,2.533067,14.229350,0.338386
301,14705,190.0,73.1,,11.907614707946777,9.398735523223877,19,,"0.860581,1.045402,0.816821,1.122330",,,0.588205,2.533067,14.229350,0.338386
302,14806,101.0,73.39,,11.907614707946777,9.398735523223877,19,,"0.860581,1.045402,0.816821,1.122330",,,0.588205,2.533067,14.229350,0.338386
303,14850,44.0,73.41,,11.907614707946777,9.398735523223877,19,,"0.860581,1.045402,0.816821,1.122330",,,0.588205,2.533067,14.229350,0.338386
304,14969,119.0,73.88,,11.564335417747497,10.629830837249756,20,,"0.851161,1.037248,0.806106,1.124631",,,0.579310,2.628710,10.263210,0.483510
305,15011,42.0,73.86,,11.564335417747497,10.629830837249756,20,,"0.851161,1.037248,0.806106,1.124631",,,0.579310,2.628710,10.263210,0.483510
306,15110,99.0,74.16,,11.564335417747497,10.629830837249756,20,,"0.851161,1.037248,0.806106,1.124631",,,0.579310,2.628710,10.263210,0.483510
307,15199,89.0,74.43,,11.564335417747497,10.630845785140991,20,,"0.851161,1.037248,0.806106,1.124631",,,0.579310,2.628710,10.263210,0.483510
308,15229,30.0,74.11,,11.564335417747497,10.630845785140991,20,,"0.851161,1.037248,0.806106,1.124631",,,0.579310,2.628710,10.263210,0.483510
309,15320,91.0,74.54,,11.564335417747497,10.630845785140991,20,,"0.851161,1.037248,0.806106,1.124631",,,0.579310,2.628710,10.263210,0.483510
310,15458,138.0,75.46,,11.564335417747497,10.630845785140991,20,,"0.851161,1.037248,0.806106,1.124631",,,0.579310,2.628710,10.263210,0.483510
311,15649,191.0,76.65,,11.564335417747497,10.630845785140991,20,,"0.851161,1.037248,0.806106,1.124631",,,0.579310,2.628710,10.263210,0.483510
312,15883,234.0,78.07,,11.564335417747497,10.630845785140991,20,,"0.851161,1.037248,0.806106,1.124631",,,0.579310,2.628710,10.263210,0.483510
313,15947,64.0,77.54,,11.564335417747497,10.630845785140991,20,,"0.851161,1.037248,0.806106,1.124631",,,0.579310,2.628710,10.263210,0.483510
314,16181,234.0,79.75,,11.564335417747497,10.630845785140991,20,,"0.851161,1.037248,0.806106,1.124631",,,0.579310,2.628710,10.263210,0.483510
315,16276,95.0,80.09,,11.564335417747497,10.630845785140991,20,,"0.851161,1.037248,0.806106,1.124631",,,0.579310,2.628710,10.263210,0.483510
316,16593,317.0,82.94,,11.564335417747497,10.630845785140991,20,,"0.851161,1.037248,0.806106,1.124631",,,0.579310,2.628710,10.263210,0.483510
317,16769,176.0,84.23,,11.564335417747497,10.630845785140991,20,,"0.851161,1.037248,0.806106,1.124631",,,0.579310,2.628710,10.263210,0.483510
318,16850,81.0,84.78,,11.564335417747497,10.630845785140991,20,,"0.851161,1.037248,0.806106,1.124631",,,0.579310,2.628710,10.263210,0.483510
319,16879,29.0,84.87,,11.564335417747497,10.630845785140991,20,,"0.851161,1.037248,0.806106,1.124631",,,0.579310,2.628710,10.263210,0.483510
320,16947,68.0,85.37,,11.255233038039435,11.64628267288208,21,,"0.841497,1.030771,0.795121,1.128220",,,0.577766,2.725753,10.307019,0.507269
321,17033,86.0,85.88,,11.255233038039435,11.64628267288208,21,,"0.841497,1.030771,0.795121,1.128220",,,0.577766,2.725753,10.307019,0.507269
322,17085,52.0,86.15,,11.255233038039435,11.64628267288208,21,,"0.841497,1.030771,0.795121,1.128220",,,0.577766,2.725753,10.307019,0.507269
323,17159,74.0,86.11,,11.255233038039435,11.64628267288208,21,,"0.841497,1.030771,0.795121,1.128220",,,0.577766,2.725753,10.307019,0.507269
324,17355,196.0,87.29,,11.255233038039435,11.64628267288208,21,,"0.841497,1.030771,0.795121,1.128220",,,0.577766,2.725753,10.307019,0.507269
325,17466,111.0,86.48,,11.255233038039435,11.64628267288208,21,,"0.841497,1.030771,0.795121,1.128220",,,0.577766,2.725753,10.307019,0.507269
326,17556,90.0,86.79,,11.255233038039435,11.64628267288208,21,,"0.841497,1.030771,0.795121,1.128220",,,0.577766,2.725753,10.307019,0.507269
327,17659,103.0,87.5,,11.255233038039435,11.64628267288208,21,,"0.841497,1.030771,0.795121,1.128220",,,0.577766,2.725753,10.307019,0.507269
328,17883,224.0,89.27,,11.255233038039435,11.64628267288208,21,,"0.841497,1.030771,0.795121,1.128220",,,0.577766,2.725753,10.307019,0.507269
329,17925,42.0,89.19,,11.255233038039435,11.64628267288208,21,,"0.841497,1.030771,0.795121,1.128220",,,0.577766,2.725753,10.307019,0.507269
330,18116,191.0,89.92,,11.255233038039435,11.64628267288208,21,,"0.841497,1.030771,0.795121,1.128220",,,0.577766,2.725753,10.307019,0.507269
331,18244,128.0,89.47,,11.255233038039435,11.64628267288208,21,,"0.841497,1.030771,0.795121,1.128220",,,0.577766,2.725753,10.307019,0.507269
332,18312,68.0,89.61,,11.255233038039435,11.64628267288208,21,,"0.841497,1.030771,0.795121,1.128220",,,0.577766,2.725753,10.307019,0.507269
333,18411,99.0,90.09,,11.255233038039435,11.64628267288208,21,,"0.841497,1.030771,0.795121,1.128220",,,0.577766,2.725753,10.307019,0.507269
334,18548,137.0,91.25,,11.255233038039435,11.647283554077148,21,,"0.841497,1.030771,0.795121,1.128220",,,0.577766,2.725753,10.307019,0.507269
335,18635,87.0,91.77,,11.255233038039435,11.647283554077148,21,,"0.841497,1.030771,0.795121,1.128220",,,0.577766,2.725753,10.307019,0.507269
336,18861,226.0,92.47,,10.965591235594315,12.792471408843994,22,,"0.832249,1.023048,0.783882,1.131770",,,0.566950,2.826657,9.933595,0.322645
337,18940,79.0,92.92,,10.965591235594315,12.792471408843994,22,,"0.832249,1.023048,0.783882,1.131770",,,0.566950,2.826657,9.933595,0.322645
338,19011,71.0,92.86,,10.965591235594315,12.792471408843994,22,,"0.832249,1.023048,0.783882,1.131770",,,0.566950,2.826657,9.933595,0.322645
339,19115,104.0,93.3,,10.965591235594315,12.792471408843994,22,,"0.832249,1.023048,0.783882,1.131770",,,0.566950,2.826657,9.933595,0.322645
340,19229,114.0,94.06,,10.965591235594315,12.792471408843994,22,,"0.832249,1.023048,0.783882,1.131770",,,0.566950,2.826657,9.933595,0.322645
341,19390,161.0,95.13,,10.965591235594315,12.792471408843994,22,,"0.832249,1.023048,0.783882,1.131770",,,0.566950,2.826657,9.933595,0.322645
342,19509,119.0,95.48,,10.965591235594315,12.792471408843994,22,,"0.832249,1.023048,0.783882,1.131770",,,0.566950,2.826657,9.933595,0.322645
343,19622,113.0,96.03,,10.965591235594315,12.792471408843994,22,,"0.832249,1.023048,0.783882,1.131770",,,0.566950,2.826657,9.933595,0.322645
344,19865,243.0,98.12,,10.965591235594315,12.792471408843994,22,,"0.832249,1.023048,0.783882,1.131770",,,0.566950,2.826657,9.933595,0.322645
345,20041,176.0,99.39,,10.965591235594315,12.792471408843994,22,,"0.832249,1.023048,0.783882,1.131770",,,0.566950,2.826657,9.933595,0.322645
346,20250,209.0,101.03,,10.965591235594315,12.792471408843994,22,,"0.832249,1.023048,0.783882,1.131770",,,0.566950,2.826657,9.933595,0.322645
347,20283,33.0,101.06,,10.965591235594315,12.792471408843994,22,,"0.832249,1.023048,0.783882,1.131770",,,0.566950,2.826657,9.933595,0.322645
348,20494,211.0,101.8,,10.965591235594315,12.792471408843994,22,,"0.832249,1.023048,0.783882,1.131770",,,0.566950,2.826657,9.933595,0.322645
349,20647,153.0,101.79,,10.965591235594315,12.792471408843994,22,,"0.832249,1.023048,0.783882,1.131770",273.4,43.564205490287556,0.566950,2.826657,9.933595,0.322645
350,20721,74.0,101.32,,10.965591235594315,12.792471408843994,22,,"0.832249,1.023048,0.783882,1.131770",,,0.566950,2.826657,9.933595,0.322645
351,20922,201.0,101.96,,10.965591235594315,12.792471408843994,22,,"0.832249,1.023048,0.783882,1.131770",,,0.566950,2.826657,9.933595,0.322645
352,21012,90.0,102.43,,10.720039388407832,13.554153442382812,23,,"0.822472,1.015836,0.772631,1.134591",,,0.552411,2.924711,10.760426,0.413607
353,21132,120.0,103.45,,10.720039388407832,13.554153442382812,23,,"0.822472,1.015836,0.772631,1.134591",,,0.552411,2.924711,10.760426,0.413607
354,21202,70.0,103.42,,10.720039388407832,13.554153442382812,23,,"0.822472,1.015836,0.772631,1.134591",,,0.552411,2.924711,10.760426,0.413607
355,21325,123.0,103.04,,10.720039388407832,13.554153442382812,23,,"0.822472,1.015836,0.772631,1.134591",,,0.552411,2.924711,10.760426,0.413607
356,21459,134.0,102.85,,10.720039388407832,13.554153442382812,23,,"0.822472,1.015836,0.772631,1.134591",,,0.552411,2.924711,10.760426,0.413607
357,21565,106.0,103.56,,10.720039388407832,13.554153442382812,23,,"0.822472,1.015836,0.772631,1.134591",,,0.552411,2.924711,10.760426,0.413607
358,21665,100.0,103.97,,10.720039388407832,13.554153442382812,23,,"0.822472,1.015836,0.772631,1.134591",,,0.552411,2.924711,10.760426,0.413607
359,21775,110.0,104.78,,10.720039388407832,13.554153442382812,23,,"0.822472,1.015836,0.772631,1.134591",,,0.552411,2.924711,10.760426,0.413607
360,21940,165.0,105.19,,10.720039388407832,13.554153442382812,23,,"0.822472,1.015836,0.772631,1.134591",,,0.552411,2.924711,10.760426,0.413607
361,22058,118.0,104.14,,10.720039388407832,13.554153442382812,23,,"0.822472,1.015836,0.772631,1.134591",,,0.552411,2.924711,10.760426,0.413607
362,22171,113.0,104.63,,10.720039388407832,13.554153442382812,23,,"0.822472,1.015836,0.772631,1.134591",,,0.552411,2.924711,10.760426,0.413607
363,22328,157.0,105.98,,10.720039388407832,13.554153442382812,23,,"0.822472,1.015836,0.772631,1.134591",,,0.552411,2.924711,10.760426,0.413607
364,22399,71.0,106.33,,10.720039388407832,13.554153442382812,23,,"0.822472,1.015836,0.772631,1.134591",,,0.552411,2.924711,10.760426,0.413607
365,22534,135.0,107.16,,10.720039388407832,13.554153442382812,23,,"0.822472,1.015836,0.772631,1.134591",,,0.552411,2.924711,10.760426,0.413607
366,22653,119.0,107.46,,10.720039388407832,13.554153442382812,23,,"0.822472,1.015836,0.772631,1.134591",,,0.552411,2.924711,10.760426,0.413607
367,22706,53.0,107.25,,10.720039388407832,13.554153442382812,23,,"0.822472,1.015836,0.772631,1.134591",,,0.552411,2.924711,10.760426,0.413607
368,23033,327.0,109.59,,10.461454093456268,14.806113004684448,24,,"0.812384,1.007509,0.761485,1.134799",,,0.569493,3.024987,9.183266,0.328223
369,23130,97.0,109.49,,10.461454093456268,14.806113004684448,24,,"0.812384,1.007509,0.761485,1.134799",,,0.569493,3.024987,9.183266,0.328223
370,23292,162.0,110.81,,10.461454093456268,14.806113004684448,24,,"0.812384,1.007509,0.761485,1.134799",,,0.569493,3.024987,9.183266,0.328223
371,23376,84.0,111.23,,10.461454093456268,14.806113004684448,24,,"0.812384,1.007509,0.761485,1.134799",,,0.569493,3.024987,9.183266,0.328223
372,23464,88.0,111.1,,10.461454093456268,14.806113004684448,24,,"0.812384,1.007509,0.761485,1.134799",,,0.569493,3.024987,9.183266,0.328223
373,23610,146.0,111.37,,10.461454093456268,14.807115316390991,24,,"0.812384,1.007509,0.761485,1.134799",,,0.569493,3.024987,9.183266,0.328223
374,23729,119.0,111.98,,10.461454093456268,14.807115316390991,24,,"0.812384,1.007509,0.761485,1.134799",,,0.569493,3.024987,9.183266,0.328223
375,23782,53.0,111.9,,10.461454093456268,14.807115316390991,24,,"0.812384,1.007509,0.761485,1.134799",,,0.569493,3.024987,9.183266,0.328223
376,23913,131.0,112.92,,10.461454093456268,14.807115316390991,24,,"0.812384,1.007509,0.761485,1.134799",,,0.569493,3.024987,9.183266,0.328223
377,24108,195.0,114.01,,10.461454093456268,14.807115316390991,24,,"0.812384,1.007509,0.761485,1.134799",,,0.569493,3.024987,9.183266,0.328223
378,24311,203.0,115.84,,10.461454093456268,14.807115316390991,24,,"0.812384,1.007509,0.761485,1.134799",,,0.569493,3.024987,9.183266,0.328223
379,24471,160.0,116.67,,10.461454093456268,14.807115316390991,24,,"0.812384,1.007509,0.761485,1.134799",,,0.569493,3.024987,9.183266,0.328223
380,24609,138.0,117.77,,10.461454093456268,14.807115316390991,24,,"0.812384,1.007509,0.761485,1.134799",,,0.569493,3.024987,9.183266,0.328223
381,24771,162.0,117.74,,10.461454093456268,14.807115316390991,24,,"0.812384,1.007509,0.761485,1.134799",,,0.569493,3.024987,9.183266,0.328223
382,24906,135.0,118.71,,10.461454093456268,14.807115316390991,24,,"0.812384,1.007509,0.761485,1.134799",,,0.569493,3.024987,9.183266,0.328223
383,25051,145.0,119.58,,10.461454093456268,14.807115316390991,24,,"0.812384,1.007509,0.761485,1.134799",,,0.569493,3.024987,9.183266,0.328223
384,25190,139.0,119.95,,10.217938747406006,16.285087823867798,25,,"0.803082,0.999363,0.750409,1.137427",,,0.585622,3.127691,8.914902,0.191312
385,25371,181.0,120.2,,10.217938747406006,16.286091566085815,25,,"0.803082,0.999363,0.750409,1.137427",,,0.585622,3.127691,8.914902,0.191312
386,25552,181.0,121.67,,10.217938747406006,16.286091566085815,25,,"0.803082,0.999363,0.750409,1.137427",,,0.585622,3.127691,8.914902,0.191312
387,25879,327.0,124.24,,10.217938747406006,16.286091566085815,25,,"0.803082,0.999363,0.750409,1.137427",,,0.585622,3.127691,8.914902,0.191312
388,25978,99.0,124.66,,10.217938747406006,16.286091566085815,25,,"0.803082,0.999363,0.750409,1.137427",,,0.585622,3.127691,8.914902,0.191312
389,26184,206.0,125.89,,10.217938747406006,16.286091566085815,25,,"0.803082,0.999363,0.750409,1.137427",,,0.585622,3.127691,8.914902,0.191312
390,26335,151.0,126.15,,10.217938747406006,16.286091566085815,25,,"0.803082,0.999363,0.750409,1.137427",,,0.585622,3.127691,8.914902,0.191312
391,26598,263.0,127.73,,10.217938747406006,16.286091566085815,25,,"0.803082,0.999363,0.750409,1.137427",,,0.585622,3.127691,8.914902,0.191312
392,26859,261.0,129.88,,10.217938747406006,16.286091566085815,25,,"0.803082,0.999363,0.750409,1.137427",,,0.585622,3.127691,8.914902,0.191312
393,26900,41.0,129.47,,10.217938747406006,16.286091566085815,25,,"0.803082,0.999363,0.750409,1.137427",,,0.585622,3.127691,8.914902,0.191312
394,27068,168.0,130.18,,10.217938747406006,16.286091566085815,25,,"0.803082,0.999363,0.750409,1.137427",,,0.585622,3.127691,8.914902,0.191312
395,27284,216.0,131.7,,10.217938747406006,16.286091566085815,25,,"0.803082,0.999363,0.750409,1.137427",,,0.585622,3.127691,8.914902,0.191312
396,27423,139.0,131.5,,10.217938747406006,16.286091566085815,25,,"0.803082,0.999363,0.750409,1.137427",,,0.585622,3.127691,8.914902,0.191312
397,27629,206.0,132.95,,10.217938747406006,16.286091566085815,25,,"0.803082,0.999363,0.750409,1.137427",,,0.585622,3.127691,8.914902,0.191312
398,27858,229.0,134.18,,10.217938747406006,16.286091566085815,25,,"0.803082,0.999363,0.750409,1.137427",,,0.585622,3.127691,8.914902,0.191312
399,28088,230.0,136.13,,10.217938747406006,16.286091566085815,25,,"0.803082,0.999363,0.750409,1.137427",270.2,57.377347446531545,0.585622,3.127691,8.914902,0.191312
400,28209,121.0,136.94,,9.985222761447613,17.3679256439209,26,,"0.793030,0.990215,0.739076,1.135124",,,0.554021,3.232250,8.503658,0.401778
401,28327,118.0,136.22,,9.985222761447613,17.3679256439209,26,,"0.793030,0.990215,0.739076,1.135124",,,0.554021,3.232250,8.503658,0.401778
402,28409,82.0,136.03,,9.985222761447613,17.3679256439209,26,,"0.793030,0.990215,0.739076,1.135124",,,0.554021,3.232250,8.503658,0.401778
403,28635,226.0,137.85,,9.985222761447613,17.3679256439209,26,,"0.793030,0.990215,0.739076,1.135124",,,0.554021,3.232250,8.503658,0.401778
404,28833,198.0,138.64,,9.985222761447613,17.3679256439209,26,,"0.793030,0.990215,0.739076,1.135124",,,0.554021,3.232250,8.503658,0.401778
405,28938,105.0,139.27,,9.985222761447613,17.36892795562744,26,,"0.793030,0.990215,0.739076,1.135124",,,0.554021,3.232250,8.503658,0.401778
406,28999,61.0,138.89,,9.985222761447613,17.36892795562744,26,,"0.793030,0.990215,0.739076,1.135124",,,0.554021,3.232250,8.503658,0.401778
407,29183,184.0,139.84,,9.985222761447613,17.36892795562744,26,,"0.793030,0.990215,0.739076,1.135124",,,0.554021,3.232250,8.503658,0.401778
408,29259,76.0,140.3,,9.985222761447613,17.36892795562744,26,,"0.793030,0.990215,0.739076,1.135124",,,0.554021,3.232250,8.503658,0.401778
409,29323,64.0,140.03,,9.985222761447613,17.36892795562744,26,,"0.793030,0.990215,0.739076,1.135124",,,0.554021,3.232250,8.503658,0.401778
410,29404,81.0,139.46,,9.985222761447613,17.36892795562744,26,,"0.793030,0.990215,0.739076,1.135124",,,0.554021,3.232250,8.503658,0.401778
411,29624,220.0,139.75,,9.985222761447613,17.36892795562744,26,,"0.793030,0.990215,0.739076,1.135124",,,0.554021,3.232250,8.503658,0.401778
412,29800,176.0,139.17,,9.985222761447613,17.36892795562744,26,,"0.793030,0.990215,0.739076,1.135124",,,0.554021,3.232250,8.503658,0.401778
413,30021,221.0,140.74,,9.985222761447613,17.36892795562744,26,,"0.793030,0.990215,0.739076,1.135124",,,0.554021,3.232250,8.503658,0.401778
414,30165,144.0,139.84,,9.985222761447613,17.36892795562744,26,,"0.793030,0.990215,0.739076,1.135124",,,0.554021,3.232250,8.503658,0.401778
415,30387,222.0,141.11,,9.985222761447613,17.36892795562744,26,,"0.793030,0.990215,0.739076,1.135124",,,0.554021,3.232250,8.503658,0.401778
416,30480,93.0,138.87,,9.782834847768148,18.87198495864868,27,,"0.782673,0.980239,0.727415,1.131520",,,0.547894,3.332518,9.162806,0.297139
417,30810,330.0,140.41,,9.782834847768148,18.87198495864868,27,,"0.782673,0.980239,0.727415,1.131520",,,0.547894,3.332518,9.162806,0.297139
418,30945,135.0,140.95,,9.782834847768148,18.87198495864868,27,,"0.782673,0.980239,0.727415,1.131520",,,0.547894,3.332518,9.162806,0.297139
419,31099,154.0,142.2,,9.782834847768148,18.87198495864868,27,,"0.782673,0.980239,0.727415,1.131520",,,0.547894,3.332518,9.162806,0.297139
420,31326,227.0,143.79,,9.782834847768148,18.87198495864868,27,,"0.782673,0.980239,0.727415,1.131520",,,0.547894,3.332518,9.162806,0.297139
421,31491,165.0,144.58,,9.782834847768148,18.87198495864868,27,,"0.782673,0.980239,0.727415,1.131520",,,0.547894,3.332518,9.162806,0.297139
422,31573,82.0,144.88,,9.782834847768148,18.87198495864868,27,,"0.782673,0.980239,0.727415,1.131520",,,0.547894,3.332518,9.162806,0.297139
423,31730,157.0,145.71,,9.782834847768148,18.87198495864868,27,,"0.782673,0.980239,0.727415,1.131520",,,0.547894,3.332518,9.162806,0.297139
424,32041,311.0,146.86,,9.782834847768148,18.87198495864868,27,,"0.782673,0.980239,0.727415,1.131520",,,0.547894,3.332518,9.162806,0.297139
425,32134,93.0,146.68,,9.782834847768148,18.87198495864868,27,,"0.782673,0.980239,0.727415,1.131520",,,0.547894,3.332518,9.162806,0.297139
426,32256,122.0,147.0,,9.782834847768148,18.87198495864868,27,,"0.782673,0.980239,0.727415,1.131520",,,0.547894,3.332518,9.162806,0.297139
427,32401,145.0,147.42,,9.782834847768148,18.87198495864868,27,,"0.782673,0.980239,0.727415,1.131520",,,0.547894,3.332518,9.162806,0.297139
428,32625,224.0,147.42,,9.782834847768148,18.87198495864868,27,,"0.782673,0.980239,0.727415,1.131520",,,0.547894,3.332518,9.162806,0.297139
429,32695,70.0,147.7,,9.782834847768148,18.87198495864868,27,,"0.782673,0.980239,0.727415,1.131520",,,0.547894,3.332518,9.162806,0.297139
430,32767,72.0,146.51,,9.782834847768148,18.872984886169434,27,,"0.782673,0.980239,0.727415,1.131520",,,0.547894,3.332518,9.162806,0.297139
431,32843,76.0,145.99,,9.782834847768148,18.872984886169434,27,,"0.782673,0.980239,0.727415,1.131520",,,0.547894,3.332518,9.162806,0.297139
432,33071,228.0,147.59,,9.574869649750847,20.19970965385437,28,,"0.772286,0.971150,0.715518,1.129769",,,0.552240,3.427804,8.052051,0.327674
433,33253,182.0,148.42,,9.574869649750847,20.19970965385437,28,,"0.772286,0.971150,0.715518,1.129769",,,0.552240,3.427804,8.052051,0.327674
434,33414,161.0,148.66,,9.574869649750847,20.19970965385437,28,,"0.772286,0.971150,0.715518,1.129769",,,0.552240,3.427804,8.052051,0.327674
435,33522,108.0,148.87,,9.574869649750847,20.19970965385437,28,,"0.772286,0.971150,0.715518,1.129769",,,0.552240,3.427804,8.052051,0.327674
436,33683,161.0,148.22,,9.574869649750847,20.19970965385437,28,,"0.772286,0.971150,0.715518,1.129769",,,0.552240,3.427804,8.052051,0.327674
437,33874,191.0,149.34,,9.574869649750847,20.19970965385437,28,,"0.772286,0.971150,0.715518,1.129769",,,0.552240,3.427804,8.052051,0.327674
438,34062,188.0,150.51,,9.574869649750847,20.19970965385437,28,,"0.772286,0.971150,0.715518,1.129769",,,0.552240,3.427804,8.052051,0.327674
439,34228,166.0,151.13,,9.574869649750847,20.19970965385437,28,,"0.772286,0.971150,0.715518,1.129769",,,0.552240,3.427804,8.052051,0.327674
440,34389,161.0,151.6,,9.574869649750847,20.19970965385437,28,,"0.772286,0.971150,0.715518,1.129769",,,0.552240,3.427804,8.052051,0.327674
441,34629,240.0,152.39,,9.574869649750847,20.19970965385437,28,,"0.772286,0.971150,0.715518,1.129769",,,0.552240,3.427804,8.052051,0.327674
442,34953,324.0,154.44,,9.574869649750847,20.19970965385437,28,,"0.772286,0.971150,0.715518,1.129769",,,0.552240,3.427804,8.052051,0.327674
443,35113,160.0,154.91,,9.574869649750847,20.19970965385437,28,,"0.772286,0.971150,0.715518,1.129769",,,0.552240,3.427804,8.052051,0.327674
444,35254,141.0,153.89,,9.574869649750847,20.19970965385437,28,,"0.772286,0.971150,0.715518,1.129769",,,0.552240,3.427804,8.052051,0.327674
445,35384,130.0,153.43,,9.574869649750847,20.19970965385437,28,,"0.772286,0.971150,0.715518,1.129769",,,0.552240,3.427804,8.052051,0.327674
446,35503,119.0,152.53,,9.574869649750847,20.19970965385437,28,,"0.772286,0.971150,0.715518,1.129769",,,0.552240,3.427804,8.052051,0.327674
447,35686,183.0,154.03,,9.574869649750847,20.19970965385437,28,,"0.772286,0.971150,0.715518,1.129769",,,0.552240,3.427804,8.052051,0.327674
448,35739,53.0,152.45,,9.385084579730856,21.641178131103516,29,,"0.761816,0.961922,0.703313,1.128944",,,0.552406,3.519088,8.261021,0.257144
449,35931,192.0,152.84,,9.385084579730856,21.641178131103516,29,,"0.761816,0.961922,0.703313,1.128944",297.2,47.23727341835047,0.552406,3.519088,8.261021,0.257144
450,36278,347.0,155.57,,9.385084579730856,21.641178131103516,29,,"0.761816,0.961922,0.703313,1.128944",,,0.552406,3.519088,8.261021,0.257144
451,36515,237.0,155.93,,9.385084579730856,21.641178131103516,29,,"0.761816,0.961922,0.703313,1.128944",,,0.552406,3.519088,8.261021,0.257144
452,36636,121.0,156.24,,9.385084579730856,21.641178131103516,29,,"0.761816,0.961922,0.703313,1.128944",,,0.552406,3.519088,8.261021,0.257144
453,36760,124.0,156.28,,9.385084579730856,21.641178131103516,29,,"0.761816,0.961922,0.703313,1.128944",,,0.552406,3.519088,8.261021,0.257144
454,36937,177.0,157.35,,9.385084579730856,21.641178131103516,29,,"0.761816,0.961922,0.703313,1.128944",,,0.552406,3.519088,8.261021,0.257144
455,37174,237.0,158.49,,9.385084579730856,21.641178131103516,29,,"0.761816,0.961922,0.703313,1.128944",,,0.552406,3.519088,8.261021,0.257144
456,37240,66.0,157.81,,9.385084579730856,21.641178131103516,29,,"0.761816,0.961922,0.703313,1.128944",,,0.552406,3.519088,8.261021,0.257144
457,37406,166.0,158.41,,9.385084579730856,21.641178131103516,29,,"0.761816,0.961922,0.703313,1.128944",,,0.552406,3.519088,8.261021,0.257144
458,37482,76.0,158.17,,9.385084579730856,21.641178131103516,29,,"0.761816,0.961922,0.703313,1.128944",,,0.552406,3.519088,8.261021,0.257144
459,37675,193.0,159.0,,9.385084579730856,21.641178131103516,29,,"0.761816,0.961922,0.703313,1.128944",,,0.552406,3.519088,8.261021,0.257144
460,37925,250.0,159.85,,9.385084579730856,21.641178131103516,29,,"0.761816,0.961922,0.703313,1.128944",,,0.552406,3.519088,8.261021,0.257144
461,38178,253.0,161.2,,9.385084579730856,21.641178131103516,29,,"0.761816,0.961922,0.703313,1.128944",,,0.552406,3.519088,8.261021,0.257144
462,38300,122.0,161.29,,9.385084579730856,21.641178131103516,29,,"0.761816,0.961922,0.703313,1.128944",,,0.552406,3.519088,8.261021,0.257144
463,38464,164.0,161.36,,9.385084579730856,21.641178131103516,29,,"0.761816,0.961922,0.703313,1.128944",,,0.552406,3.519088,8.261021,0.257144
464,38574,110.0,161.75,,9.2012633005778,22.857301473617554,30,,"0.751689,0.952402,0.691928,1.128859",,,0.543081,3.609651,7.899076,0.390570
465,38737,163.0,162.03,,9.2012633005778,22.857301473617554,30,,"0.751689,0.952402,0.691928,1.128859",,,0.543081,3.609651,7.899076,0.390570
466,38861,124.0,162.08,,9.2012633005778,22.857301473617554,30,,"0.751689,0.952402,0.691928,1.128859",,,0.543081,3.609651,7.899076,0.390570
467,38984,123.0,162.78,,9.2012633005778,22.857301473617554,30,,"0.751689,0.952402,0.691928,1.128859",,,0.543081,3.609651,7.899076,0.390570
468,39237,253.0,162.04,,9.2012633005778,22.857301473617554,30,,"0.751689,0.952402,0.691928,1.128859",,,0.543081,3.609651,7.899076,0.390570
469,39373,136.0,162.43,,9.2012633005778,22.857301473617554,30,,"0.751689,0.952402,0.691928,1.128859",,,0.543081,3.609651,7.899076,0.390570
470,39540,167.0,162.48,,9.2012633005778,22.857301473617554,30,,"0.751689,0.952402,0.691928,1.128859",,,0.543081,3.609651,7.899076,0.390570
471,39769,229.0,163.93,,9.2012633005778,22.857301473617554,30,,"0.751689,0.952402,0.691928,1.128859",,,0.543081,3.609651,7.899076,0.390570
472,39984,215.0,165.2,,9.2012633005778,22.857301473617554,30,,"0.751689,0.952402,0.691928,1.128859",,,0.543081,3.609651,7.899076,0.390570
473,40171,187.0,165.61,,9.2012633005778,22.857301473617554,30,,"0.751689,0.952402,0.691928,1.128859",,,0.543081,3.609651,7.899076,0.390570
474,40307,136.0,165.78,,9.2012633005778,22.857301473617554,30,,"0.751689,0.952402,0.691928,1.128859",,,0.543081,3.609651,7.899076,0.390570
475,40458,151.0,166.76,,9.2012633005778,22.857301473617554,30,,"0.751689,0.952402,0.691928,1.128859",,,0.543081,3.609651,7.899076,0.390570
476,40628,170.0,167.15,,9.2012633005778,22.857301473617554,30,,"0.751689,0.952402,0.691928,1.128859",,,0.543081,3.609651,7.899076,0.390570
477,40804,176.0,166.96,,9.2012633005778,22.857301473617554,30,,"0.751689,0.952402,0.691928,1.128859",,,0.543081,3.609651,7.899076,0.390570
478,41010,206.0,166.99,,9.2012633005778,22.857301473617554,30,,"0.751689,0.952402,0.691928,1.128859",,,0.543081,3.609651,7.899076,0.390570
479,41158,148.0,166.87,,9.2012633005778,22.857301473617554,30,,"0.751689,0.952402,0.691928,1.128859",,,0.543081,3.609651,7.899076,0.390570
480,41275,117.0,166.66,,9.02935064992597,24.05538582801819,31,,"0.741576,0.942715,0.681469,1.126852",,,0.543950,3.693911,7.863986,0.346671
481,41463,188.0,166.92,,9.02935064992597,24.05538582801819,31,,"0.741576,0.942715,0.681469,1.126852",,,0.543950,3.693911,7.863986,0.346671
482,41669,206.0,167.63,,9.02935064992597,24.05538582801819,31,,"0.741576,0.942715,0.681469,1.126852",,,0.543950,3.693911,7.863986,0.346671
483,41853,184.0,168.02,,9.02935064992597,24.05538582801819,31,,"0.741576,0.942715,0.681469,1.126852",,,0.543950,3.693911,7.863986,0.346671
484,42047,194.0,168.57,,9.02935064992597,24.05644917488098,31,,"0.741576,0.942715,0.681469,1.126852",,,0.543950,3.693911,7.863986,0.346671
485,42173,126.0,168.02,,9.02935064992597,24.05644917488098,31,,"0.741576,0.942715,0.681469,1.126852",,,0.543950,3.693911,7.863986,0.346671
486,42344,171.0,167.92,,9.02935064992597,24.05644917488098,31,,"0.741576,0.942715,0.681469,1.126852",,,0.543950,3.693911,7.863986,0.346671
487,42484,140.0,166.05,,9.02935064992597,24.05644917488098,31,,"0.741576,0.942715,0.681469,1.126852",,,0.543950,3.693911,7.863986,0.346671
488,42692,208.0,167.14,,9.02935064992597,24.05644917488098,31,,"0.741576,0.942715,0.681469,1.126852",,,0.543950,3.693911,7.863986,0.346671
489,42951,259.0,167.67,,9.02935064992597,24.05644917488098,31,,"0.741576,0.942715,0.681469,1.126852",,,0.543950,3.693911,7.863986,0.346671
490,43056,105.0,167.21,,9.02935064992597,24.05644917488098,31,,"0.741576,0.942715,0.681469,1.126852",,,0.543950,3.693911,7.863986,0.346671
491,43110,54.0,165.12,,9.02935064992597,24.05644917488098,31,,"0.741576,0.942715,0.681469,1.126852",,,0.543950,3.693911,7.863986,0.346671
492,43269,159.0,164.1,,9.02935064992597,24.05644917488098,31,,"0.741576,0.942715,0.681469,1.126852",,,0.543950,3.693911,7.863986,0.346671
493,43411,142.0,165.11,,9.02935064992597,24.05644917488098,31,,"0.741576,0.942715,0.681469,1.126852",,,0.543950,3.693911,7.863986,0.346671
494,43610,199.0,165.42,,9.02935064992597,24.05644917488098,31,,"0.741576,0.942715,0.681469,1.126852",,,0.543950,3.693911,7.863986,0.346671
495,43771,161.0,164.87,,9.02935064992597,24.05644917488098,31,,"0.741576,0.942715,0.681469,1.126852",,,0.543950,3.693911,7.863986,0.346671
496,43902,131.0,164.79,,8.855550147593021,25.531591653823853,32,,"0.731715,0.933416,0.670749,1.126072",,,0.537161,3.775860,7.070189,0.417918
497,44201,299.0,165.72,,8.855550147593021,25.531591653823853,32,,"0.731715,0.933416,0.670749,1.126072",,,0.537161,3.775860,7.070189,0.417918
498,44590,389.0,167.32,,8.855550147593021,25.532598972320557,32,,"0.731715,0.933416,0.670749,1.126072",,,0.537161,3.775860,7.070189,0.417918
499,44720,130.0,166.32,,8.855550147593021,25.532598972320557,32,,"0.731715,0.933416,0.670749,1.126072",239.6,24.556872765073322,0.537161,3.775860,7.070189,0.417918
500,44975,255.0,167.66,,8.855550147593021,25.532598972320557,32,,"0.731715,0.933416,0.670749,1.126072",,,0.537161,3.775860,7.070189,0.417918
501,45143,168.0,168.16,,8.855550147593021,25.532598972320557,32,,"0.731715,0.933416,0.670749,1.126072",,,0.537161,3.775860,7.070189,0.417918
502,45329,186.0,169.2,,8.855550147593021,25.532598972320557,32,,"0.731715,0.933416,0.670749,1.126072",,,0.537161,3.775860,7.070189,0.417918
503,45559,230.0,169.24,,8.855550147593021,25.532598972320557,32,,"0.731715,0.933416,0.670749,1.126072",,,0.537161,3.775860,7.070189,0.417918
504,45687,128.0,168.54,,8.855550147593021,25.532598972320557,32,,"0.731715,0.933416,0.670749,1.126072",,,0.537161,3.775860,7.070189,0.417918
505,45875,188.0,169.37,,8.855550147593021,25.532598972320557,32,,"0.731715,0.933416,0.670749,1.126072",,,0.537161,3.775860,7.070189,0.417918
506,46053,178.0,170.54,,8.855550147593021,25.532598972320557,32,,"0.731715,0.933416,0.670749,1.126072",,,0.537161,3.775860,7.070189,0.417918
507,46196,143.0,170.13,,8.855550147593021,25.532598972320557,32,,"0.731715,0.933416,0.670749,1.126072",,,0.537161,3.775860,7.070189,0.417918
508,46420,224.0,171.61,,8.855550147593021,25.532598972320557,32,,"0.731715,0.933416,0.670749,1.126072",,,0.537161,3.775860,7.070189,0.417918
509,46575,155.0,172.52,,8.855550147593021,25.532598972320557,32,,"0.731715,0.933416,0.670749,1.126072",,,0.537161,3.775860,7.070189,0.417918
510,46799,224.0,173.95,,8.855550147593021,25.532598972320557,32,,"0.731715,0.933416,0.670749,1.126072",,,0.537161,3.775860,7.070189,0.417918
511,47010,211.0,173.86,,8.855550147593021,25.532598972320557,32,,"0.731715,0.933416,0.670749,1.126072",,,0.537161,3.775860,7.070189,0.417918
512,47215,205.0,174.15,,8.696090149156975,27.14397621154785,33,,"0.722431,0.923503,0.659786,1.123678",,,0.538688,3.856721,7.337094,0.375952
513,47300,85.0,172.79,,8.696090149156975,27.14397621154785,33,,"0.722431,0.923503,0.659786,1.123678",,,0.538688,3.856721,7.337094,0.375952
514,47620,320.0,174.55,,8.696090149156975,27.14397621154785,33,,"0.722431,0.923503,0.659786,1.123678",,,0.538688,3.856721,7.337094,0.375952
515,47782,162.0,173.95,,8.696090149156975,27.14397621154785,33,,"0.722431,0.923503,0.659786,1.123678",,,0.538688,3.856721,7.337094,0.375952
516,47922,140.0,174.42,,8.696090149156975,27.14397621154785,33,,"0.722431,0.923503,0.659786,1.123678",,,0.538688,3.856721,7.337094,0.375952
517,48077,155.0,172.67,,8.696090149156975,27.14397621154785,33,,"0.722431,0.923503,0.659786,1.123678",,,0.538688,3.856721,7.337094,0.375952
518,48167,90.0,172.22,,8.696090149156975,27.14397621154785,33,,"0.722431,0.923503,0.659786,1.123678",,,0.538688,3.856721,7.337094,0.375952
519,48362,195.0,172.63,,8.696090149156975,27.14397621154785,33,,"0.722431,0.923503,0.659786,1.123678",,,0.538688,3.856721,7.337094,0.375952
520,48552,190.0,172.26,,8.696090149156975,27.14497661590576,33,,"0.722431,0.923503,0.659786,1.123678",,,0.538688,3.856721,7.337094,0.375952
521,48756,204.0,172.65,,8.696090149156975,27.14497661590576,33,,"0.722431,0.923503,0.659786,1.123678",,,0.538688,3.856721,7.337094,0.375952
522,48978,222.0,174.05,,8.696090149156975,27.14497661590576,33,,"0.722431,0.923503,0.659786,1.123678",,,0.538688,3.856721,7.337094,0.375952
523,49293,315.0,175.63,,8.696090149156975,27.14497661590576,33,,"0.722431,0.923503,0.659786,1.123678",,,0.538688,3.856721,7.337094,0.375952
524,49363,70.0,173.22,,8.696090149156975,27.14497661590576,33,,"0.722431,0.923503,0.659786,1.123678",,,0.538688,3.856721,7.337094,0.375952
525,49508,145.0,173.74,,8.696090149156975,27.14497661590576,33,,"0.722431,0.923503,0.659786,1.123678",,,0.538688,3.856721,7.337094,0.375952
526,49879,371.0,176.23,,8.696090149156975,27.14497661590576,33,,"0.722431,0.923503,0.659786,1.123678",,,0.538688,3.856721,7.337094,0.375952
527,50003,124.0,176.02,,8.696090149156975,27.14497661590576,33,,"0.722431,0.923503,0.659786,1.123678",,,0.538688,3.856721,7.337094,0.375952
528,50203,200.0,175.78,,8.544670532731448,28.23962950706482,34,,"0.712719,0.914035,0.650580,1.121274",,,0.529694,3.932877,7.231434,0.357384
529,50388,185.0,176.93,,8.544670532731448,28.23962950706482,34,,"0.712719,0.914035,0.650580,1.121274",,,0.529694,3.932877,7.231434,0.357384
530,50542,154.0,177.75,,8.544670532731448,28.23962950706482,34,,"0.712719,0.914035,0.650580,1.121274",,,0.529694,3.932877,7.231434,0.357384
531,50688,146.0,178.45,,8.544670532731448,28.23962950706482,34,,"0.712719,0.914035,0.650580,1.121274",,,0.529694,3.932877,7.231434,0.357384
532,50859,171.0,177.88,,8.544670532731448,28.23962950706482,34,,"0.712719,0.914035,0.650580,1.121274",,,0.529694,3.932877,7.231434,0.357384
533,51029,170.0,177.76,,8.544670532731448,28.23962950706482,34,,"0.712719,0.914035,0.650580,1.121274",,,0.529694,3.932877,7.231434,0.357384
534,51206,177.0,177.92,,8.544670532731448,28.23962950706482,34,,"0.712719,0.914035,0.650580,1.121274",,,0.529694,3.932877,7.231434,0.357384
535,51372,166.0,178.5,,8.544670532731448,28.23962950706482,34,,"0.712719,0.914035,0.650580,1.121274",,,0.529694,3.932877,7.231434,0.357384
536,51544,172.0,178.61,,8.544670532731448,28.23962950706482,34,,"0.712719,0.914035,0.650580,1.121274",,,0.529694,3.932877,7.231434,0.357384
537,51698,154.0,178.24,,8.544670532731448,28.23962950706482,34,,"0.712719,0.914035,0.650580,1.121274",,,0.529694,3.932877,7.231434,0.357384
538,51893,195.0,178.31,,8.544670532731448,28.23962950706482,34,,"0.712719,0.914035,0.650580,1.121274",,,0.529694,3.932877,7.231434,0.357384
539,52073,180.0,178.45,,8.544670532731448,28.23962950706482,34,,"0.712719,0.914035,0.650580,1.121274",,,0.529694,3.932877,7.231434,0.357384
540,52154,81.0,177.65,,8.544670532731448,28.23962950706482,34,,"0.712719,0.914035,0.650580,1.121274",,,0.529694,3.932877,7.231434,0.357384
541,52335,181.0,177.06,,8.544670532731448,28.23962950706482,34,,"0.712719,0.914035,0.650580,1.121274",,,0.529694,3.932877,7.231434,0.357384
542,52586,251.0,176.33,,8.544670532731448,28.23962950706482,34,,"0.712719,0.914035,0.650580,1.121274",,,0.529694,3.932877,7.231434,0.357384
543,52762,176.0,176.49,,8.544670532731448,28.23962950706482,34,,"0.712719,0.914035,0.650580,1.121274",,,0.529694,3.932877,7.231434,0.357384
544,52949,187.0,176.95,,8.399739285877773,29.337146759033203,35,,"0.702777,0.904912,0.642892,1.118471",,,0.521363,4.004827,7.076693,0.434086
545,53133,184.0,177.49,,8.399739285877773,29.337146759033203,35,,"0.702777,0.904912,0.642892,1.118471",,,0.521363,4.004827,7.076693,0.434086
546,53386,253.0,178.83,,8.399739285877773,29.337146759033203,35,,"0.702777,0.904912,0.642892,1.118471",,,0.521363,4.004827,7.076693,0.434086
547,53655,269.0,179.69,,8.399739285877773,29.337146759033203,35,,"0.702777,0.904912,0.642892,1.118471",,,0.521363,4.004827,7.076693,0.434086
548,53813,158.0,180.74,,8.399739285877773,29.337146759033203,35,,"0.702777,0.904912,0.642892,1.118471",,,0.521363,4.004827,7.076693,0.434086
549,53974,161.0,180.43,,8.399739285877773,29.337146759033203,35,,"0.702777,0.904912,0.642892,1.118471",172.0,14.15627069534911,0.521363,4.004827,7.076693,0.434086
550,54171,197.0,178.93,,8.399739285877773,29.337146759033203,35,,"0.702777,0.904912,0.642892,1.118471",,,0.521363,4.004827,7.076693,0.434086
551,54280,109.0,177.65,,8.399739285877773,29.337146759033203,35,,"0.702777,0.904912,0.642892,1.118471",,,0.521363,4.004827,7.076693,0.434086
552,54438,158.0,178.02,,8.399739285877773,29.337146759033203,35,,"0.702777,0.904912,0.642892,1.118471",,,0.521363,4.004827,7.076693,0.434086
553,54607,169.0,178.47,,8.399739285877773,29.337146759033203,35,,"0.702777,0.904912,0.642892,1.118471",,,0.521363,4.004827,7.076693,0.434086
554,54774,167.0,178.37,,8.399739285877773,29.337146759033203,35,,"0.702777,0.904912,0.642892,1.118471",,,0.521363,4.004827,7.076693,0.434086
555,54866,92.0,176.92,,8.399739285877773,29.337146759033203,35,,"0.702777,0.904912,0.642892,1.118471",,,0.521363,4.004827,7.076693,0.434086
556,55053,187.0,178.13,,8.399739285877773,29.337146759033203,35,,"0.702777,0.904912,0.642892,1.118471",,,0.521363,4.004827,7.076693,0.434086
557,55226,173.0,178.2,,8.399739285877773,29.337146759033203,35,,"0.702777,0.904912,0.642892,1.118471",,,0.521363,4.004827,7.076693,0.434086
558,55378,152.0,178.96,,8.399739285877773,29.337146759033203,35,,"0.702777,0.904912,0.642892,1.118471",,,0.521363,4.004827,7.076693,0.434086
559,55544,166.0,178.69,,8.399739285877773,29.337146759033203,35,,"0.702777,0.904912,0.642892,1.118471",,,0.521363,4.004827,7.076693,0.434086
560,55720,176.0,177.95,,8.259868052270678,30.526696920394897,36,,"0.692971,0.896477,0.635394,1.116409",,,0.522294,4.073195,6.864860,0.409799
561,55947,227.0,177.69,,8.259868052270678,30.526696920394897,36,,"0.692971,0.896477,0.635394,1.116409",,,0.522294,4.073195,6.864860,0.409799
562,56076,129.0,177.76,,8.259868052270678,30.526696920394897,36,,"0.692971,0.896477,0.635394,1.116409",,,0.522294,4.073195,6.864860,0.409799
563,56243,167.0,177.79,,8.259868052270678,30.526696920394897,36,,"0.692971,0.896477,0.635394,1.116409",,,0.522294,4.073195,6.864860,0.409799
564,56380,137.0,178.06,,8.259868052270678,30.526696920394897,36,,"0.692971,0.896477,0.635394,1.116409",,,0.522294,4.073195,6.864860,0.409799
565,56627,247.0,178.9,,8.259868052270678,30.526696920394897,36,,"0.692971,0.896477,0.635394,1.116409",,,0.522294,4.073195,6.864860,0.409799
566,56773,146.0,179.12,,8.259868052270678,30.526696920394897,36,,"0.692971,0.896477,0.635394,1.116409",,,0.522294,4.073195,6.864860,0.409799
567,56962,189.0,179.78,,8.259868052270678,30.526696920394897,36,,"0.692971,0.896477,0.635394,1.116409",,,0.522294,4.073195,6.864860,0.409799
568,57171,209.0,179.34,,8.259868052270678,30.526696920394897,36,,"0.692971,0.896477,0.635394,1.116409",,,0.522294,4.073195,6.864860,0.409799
569,57358,187.0,179.85,,8.259868052270678,30.526696920394897,36,,"0.692971,0.896477,0.635394,1.116409",,,0.522294,4.073195,6.864860,0.409799
570,57525,167.0,179.85,,8.259868052270678,30.526696920394897,36,,"0.692971,0.896477,0.635394,1.116409",,,0.522294,4.073195,6.864860,0.409799
571,57770,245.0,180.01,,8.259868052270678,30.52769947052002,36,,"0.692971,0.896477,0.635394,1.116409",,,0.522294,4.073195,6.864860,0.409799
572,57893,123.0,179.09,,8.259868052270678,30.52769947052002,36,,"0.692971,0.896477,0.635394,1.116409",,,0.522294,4.073195,6.864860,0.409799
573,58061,168.0,178.9,,8.259868052270678,30.52769947052002,36,,"0.692971,0.896477,0.635394,1.116409",,,0.522294,4.073195,6.864860,0.409799
574,58227,166.0,179.2,,8.259868052270678,30.52769947052002,36,,"0.692971,0.896477,0.635394,1.116409",,,0.522294,4.073195,6.864860,0.409799
575,58419,192.0,179.61,,8.259868052270678,30.52769947052002,36,,"0.692971,0.896477,0.635394,1.116409",,,0.522294,4.073195,6.864860,0.409799
576,58549,130.0,179.21,,8.123414580886429,31.540273666381836,37,,"0.684259,0.888446,0.628508,1.114947",,,0.520128,4.138715,6.563118,0.511742
577,58699,150.0,178.95,,8.123414580886429,31.540273666381836,37,,"0.684259,0.888446,0.628508,1.114947",,,0.520128,4.138715,6.563118,0.511742
578,58878,179.0,178.68,,8.123414580886429,31.540273666381836,37,,"0.684259,0.888446,0.628508,1.114947",,,0.520128,4.138715,6.563118,0.511742
579,59017,139.0,178.59,,8.123414580886429,31.540273666381836,37,,"0.684259,0.888446,0.628508,1.114947",,,0.520128,4.138715,6.563118,0.511742
580,59160,143.0,178.85,,8.123414580886429,31.540273666381836,37,,"0.684259,0.888446,0.628508,1.114947",,,0.520128,4.138715,6.563118,0.511742
581,59356,196.0,178.93,,8.123414580886429,31.540273666381836,37,,"0.684259,0.888446,0.628508,1.114947",,,0.520128,4.138715,6.563118,0.511742
582,59503,147.0,178.34,,8.123414580886429,31.540273666381836,37,,"0.684259,0.888446,0.628508,1.114947",,,0.520128,4.138715,6.563118,0.511742
583,59673,170.0,178.2,,8.123414580886429,31.540273666381836,37,,"0.684259,0.888446,0.628508,1.114947",,,0.520128,4.138715,6.563118,0.511742
584,59839,166.0,177.92,,8.123414580886429,31.540273666381836,37,,"0.684259,0.888446,0.628508,1.114947",,,0.520128,4.138715,6.563118,0.511742
585,59994,155.0,178.21,,8.123414580886429,31.540273666381836,37,,"0.684259,0.888446,0.628508,1.114947",,,0.520128,4.138715,6.563118,0.511742
586,60141,147.0,177.97,,8.123414580886429,31.540273666381836,37,,"0.684259,0.888446,0.628508,1.114947",,,0.520128,4.138715,6.563118,0.511742
587,60303,162.0,178.19,,8.123414580886429,31.54127526283264,37,,"0.684259,0.888446,0.628508,1.114947",,,0.520128,4.138715,6.563118,0.511742
588,60519,216.0,178.27,,8.123414580886429,31.54127526283264,37,,"0.684259,0.888446,0.628508,1.114947",,,0.520128,4.138715,6.563118,0.511742
589,60656,137.0,177.05,,8.123414580886429,31.54127526283264,37,,"0.684259,0.888446,0.628508,1.114947",,,0.520128,4.138715,6.563118,0.511742
590,60869,213.0,178.13,,8.123414580886429,31.54127526283264,37,,"0.684259,0.888446,0.628508,1.114947",,,0.520128,4.138715,6.563118,0.511742
591,61031,162.0,179.21,,8.123414580886429,31.54127526283264,37,,"0.684259,0.888446,0.628508,1.114947",,,0.520128,4.138715,6.563118,0.511742
592,61174,143.0,179.05,,7.993031865672061,32.46034097671509,38,,"0.676635,0.880514,0.623087,1.113010",,,0.513456,4.200929,6.466528,0.542932
593,61317,143.0,179.06,,7.993031865672061,32.46034097671509,38,,"0.676635,0.880514,0.623087,1.113010",,,0.513456,4.200929,6.466528,0.542932
594,61471,154.0,178.61,,7.993031865672061,32.46034097671509,38,,"0.676635,0.880514,0.623087,1.113010",,,0.513456,4.200929,6.466528,0.542932
595,61642,171.0,178.71,,7.993031865672061,32.46034097671509,38,,"0.676635,0.880514,0.623087,1.113010",,,0.513456,4.200929,6.466528,0.542932
596,61790,148.0,178.88,,7.993031865672061,32.46034097671509,38,,"0.676635,0.880514,0.623087,1.113010",,,0.513456,4.200929,6.466528,0.542932
597,61948,158.0,177.47,,7.993031865672061,32.46034097671509,38,,"0.676635,0.880514,0.623087,1.113010",,,0.513456,4.200929,6.466528,0.542932
598,62122,174.0,175.32,,7.993031865672061,32.46034097671509,38,,"0.676635,0.880514,0.623087,1.113010",,,0.513456,4.200929,6.466528,0.542932
599,62271,149.0,175.51,,7.993031865672061,32.46034097671509,38,,"0.676635,0.880514,0.623087,1.113010",171.8,17.255723688098392,0.513456,4.200929,6.466528,0.542932
600,62455,184.0,174.8,,7.993031865672061,32.46034097671509,38,,"0.676635,0.880514,0.623087,1.113010",,,0.513456,4.200929,6.466528,0.542932
601,62644,189.0,175.01,,7.993031865672061,32.46034097671509,38,,"0.676635,0.880514,0.623087,1.113010",,,0.513456,4.200929,6.466528,0.542932
602,62781,137.0,174.52,,7.993031865672061,32.46034097671509,38,,"0.676635,0.880514,0.623087,1.113010",,,0.513456,4.200929,6.466528,0.542932
603,62926,145.0,173.67,,7.993031865672061,32.46034097671509,38,,"0.676635,0.880514,0.623087,1.113010",,,0.513456,4.200929,6.466528,0.542932
604,63119,193.0,174.32,,7.993031865672061,32.46034097671509,38,,"0.676635,0.880514,0.623087,1.113010",,,0.513456,4.200929,6.466528,0.542932
605,63270,151.0,173.95,,7.993031865672061,32.46034097671509,38,,"0.676635,0.880514,0.623087,1.113010",,,0.513456,4.200929,6.466528,0.542932
606,63435,165.0,173.82,,7.993031865672061,32.46034097671509,38,,"0.676635,0.880514,0.623087,1.113010",,,0.513456,4.200929,6.466528,0.542932
607,63612,177.0,174.16,,7.993031865672061,32.46034097671509,38,,"0.676635,0.880514,0.623087,1.113010",,,0.513456,4.200929,6.466528,0.542932
608,63780,168.0,173.6,,7.871662286611704,33.59302306175232,39,,"0.670566,0.872936,0.618764,1.111108",,,0.502473,4.259814,6.652835,0.431721
609,63864,84.0,172.89,,7.871662286611704,33.59302306175232,39,,"0.670566,0.872936,0.618764,1.111108",,,0.502473,4.259814,6.652835,0.431721
610,64043,179.0,172.44,,7.871662286611704,33.59302306175232,39,,"0.670566,0.872936,0.618764,1.111108",,,0.502473,4.259814,6.652835,0.431721
611,64275,232.0,172.65,,7.871662286611704,33.59302306175232,39,,"0.670566,0.872936,0.618764,1.111108",,,0.502473,4.259814,6.652835,0.431721
612,64451,176.0,172.36,,7.871662286611704,33.59302306175232,39,,"0.670566,0.872936,0.618764,1.111108",,,0.502473,4.259814,6.652835,0.431721
613,64622,171.0,173.22,,7.871662286611704,33.59302306175232,39,,"0.670566,0.872936,0.618764,1.111108",,,0.502473,4.259814,6.652835,0.431721
614,64836,214.0,172.16,,7.871662286611704,33.59302306175232,39,,"0.670566,0.872936,0.618764,1.111108",,,0.502473,4.259814,6.652835,0.431721
615,65056,220.0,172.74,,7.871662286611704,33.59302306175232,39,,"0.670566,0.872936,0.618764,1.111108",,,0.502473,4.259814,6.652835,0.431721
616,65237,181.0,173.15,,7.871662286611704,33.59302306175232,39,,"0.670566,0.872936,0.618764,1.111108",,,0.502473,4.259814,6.652835,0.431721
617,65376,139.0,172.99,,7.871662286611704,33.59302306175232,39,,"0.670566,0.872936,0.618764,1.111108",,,0.502473,4.259814,6.652835,0.431721
618,65541,165.0,173.74,,7.871662286611704,33.59302306175232,39,,"0.670566,0.872936,0.618764,1.111108",,,0.502473,4.259814,6.652835,0.431721
619,65680,139.0,173.18,,7.871662286611704,33.59302306175232,39,,"0.670566,0.872936,0.618764,1.111108",,,0.502473,4.259814,6.652835,0.431721
620,65915,235.0,173.63,,7.871662286611704,33.59302306175232,39,,"0.670566,0.872936,0.618764,1.111108",,,0.502473,4.259814,6.652835,0.431721
621,66127,212.0,173.71,,7.871662286611704,33.59302306175232,39,,"0.670566,0.872936,0.618764,1.111108",,,0.502473,4.259814,6.652835,0.431721
622,66311,184.0,173.33,,7.871662286611704,33.59302306175232,39,,"0.670566,0.872936,0.618764,1.111108",,,0.502473,4.259814,6.652835,0.431721
623,66524,213.0,172.31,,7.871662286611704,33.59302306175232,39,,"0.670566,0.872936,0.618764,1.111108",,,0.502473,4.259814,6.652835,0.431721
624,66615,91.0,172.52,,7.751455783843994,34.58205199241638,40,,"0.667276,0.866075,0.615962,1.109760",,,0.502822,4.315302,6.248013,0.562109
625,66784,169.0,172.76,,7.751455783843994,34.58205199241638,40,,"0.667276,0.866075,0.615962,1.109760",,,0.502822,4.315302,6.248013,0.562109
626,66919,135.0,170.4,,7.751455783843994,34.58205199241638,40,,"0.667276,0.866075,0.615962,1.109760",,,0.502822,4.315302,6.248013,0.562109
627,67085,166.0,170.82,,7.751455783843994,34.58205199241638,40,,"0.667276,0.866075,0.615962,1.109760",,,0.502822,4.315302,6.248013,0.562109
628,67222,137.0,170.19,,7.751455783843994,34.58205199241638,40,,"0.667276,0.866075,0.615962,1.109760",,,0.502822,4.315302,6.248013,0.562109
629,67414,192.0,170.26,,7.751455783843994,34.58205199241638,40,,"0.667276,0.866075,0.615962,1.109760",,,0.502822,4.315302,6.248013,0.562109
630,67628,214.0,170.86,,7.751455783843994,34.58205199241638,40,,"0.667276,0.866075,0.615962,1.109760",,,0.502822,4.315302,6.248013,0.562109
631,67774,146.0,170.86,,7.751455783843994,34.58205199241638,40,,"0.667276,0.866075,0.615962,1.109760",,,0.502822,4.315302,6.248013,0.562109
632,67966,192.0,171.07,,7.751455783843994,34.58205199241638,40,,"0.667276,0.866075,0.615962,1.109760",,,0.502822,4.315302,6.248013,0.562109
633,68135,169.0,171.06,,7.751455783843994,34.58205199241638,40,,"0.667276,0.866075,0.615962,1.109760",,,0.502822,4.315302,6.248013,0.562109
634,68310,175.0,171.04,,7.751455783843994,34.58205199241638,40,,"0.667276,0.866075,0.615962,1.109760",,,0.502822,4.315302,6.248013,0.562109
635,68494,184.0,171.22,,7.751455783843994,34.58205199241638,40,,"0.667276,0.866075,0.615962,1.109760",,,0.502822,4.315302,6.248013,0.562109
636,68666,172.0,171.22,,7.751455783843994,34.58205199241638,40,,"0.667276,0.866075,0.615962,1.109760",,,0.502822,4.315302,6.248013,0.562109
637,68824,158.0,171.26,,7.751455783843994,34.58205199241638,40,,"0.667276,0.866075,0.615962,1.109760",,,0.502822,4.315302,6.248013,0.562109
638,69000,176.0,171.07,,7.751455783843994,34.58205199241638,40,,"0.667276,0.866075,0.615962,1.109760",,,0.502822,4.315302,6.248013,0.562109
639,69150,150.0,170.77,,7.751455783843994,34.58205199241638,40,,"0.667276,0.866075,0.615962,1.109760",,,0.502822,4.315302,6.248013,0.562109
640,69341,191.0,171.87,,7.634672816206769,35.586034297943115,41,,"0.664110,0.859788,0.613912,1.108588",,,0.504728,4.368053,6.054435,0.567878
641,69504,163.0,171.69,,7.634672816206769,35.586034297943115,41,,"0.664110,0.859788,0.613912,1.108588",,,0.504728,4.368053,6.054435,0.567878
642,69689,185.0,171.03,,7.634672816206769,35.586034297943115,41,,"0.664110,0.859788,0.613912,1.108588",,,0.504728,4.368053,6.054435,0.567878
643,69848,159.0,170.86,,7.634672816206769,35.586034297943115,41,,"0.664110,0.859788,0.613912,1.108588",,,0.504728,4.368053,6.054435,0.567878
644,69991,143.0,170.42,,7.634672816206769,35.586034297943115,41,,"0.664110,0.859788,0.613912,1.108588",,,0.504728,4.368053,6.054435,0.567878
645,70167,176.0,170.34,,7.634672816206769,35.586034297943115,41,,"0.664110,0.859788,0.613912,1.108588",,,0.504728,4.368053,6.054435,0.567878
646,70366,199.0,169.8,,7.634672816206769,35.586034297943115,41,,"0.664110,0.859788,0.613912,1.108588",,,0.504728,4.368053,6.054435,0.567878
647,70523,157.0,168.68,,7.634672816206769,35.586034297943115,41,,"0.664110,0.859788,0.613912,1.108588",,,0.504728,4.368053,6.054435,0.567878
648,70709,186.0,168.96,,7.634672816206769,35.586034297943115,41,,"0.664110,0.859788,0.613912,1.108588",,,0.504728,4.368053,6.054435,0.567878
649,70914,205.0,169.4,,7.634672816206769,35.586034297943115,41,,"0.664110,0.859788,0.613912,1.108588",182.4,18.8849146145806,0.504728,4.368053,6.054435,0.567878
650,71095,181.0,169.24,,7.634672816206769,35.586034297943115,41,,"0.664110,0.859788,0.613912,1.108588",,,0.504728,4.368053,6.054435,0.567878
651,71278,183.0,169.98,,7.634672816206769,35.586034297943115,41,,"0.664110,0.859788,0.613912,1.108588",,,0.504728,4.368053,6.054435,0.567878
652,71428,150.0,169.9,,7.634672816206769,35.586034297943115,41,,"0.664110,0.859788,0.613912,1.108588",,,0.504728,4.368053,6.054435,0.567878
653,71572,144.0,169.65,,7.634672816206769,35.586034297943115,41,,"0.664110,0.859788,0.613912,1.108588",,,0.504728,4.368053,6.054435,0.567878
654,71727,155.0,169.53,,7.634672816206769,35.586034297943115,41,,"0.664110,0.859788,0.613912,1.108588",,,0.504728,4.368053,6.054435,0.567878
655,71875,148.0,170.09,,7.634672816206769,35.586034297943115,41,,"0.664110,0.859788,0.613912,1.108588",,,0.504728,4.368053,6.054435,0.567878
656,72010,135.0,169.57,,7.524588022913251,36.770678997039795,42,,"0.662109,0.853953,0.612079,1.107844",,,0.505188,4.418420,6.141602,0.572374
657,72116,106.0,168.9,,7.524588022913251,36.77168321609497,42,,"0.662109,0.853953,0.612079,1.107844",,,0.505188,4.418420,6.141602,0.572374
658,72275,159.0,168.97,,7.524588022913251,36.77168321609497,42,,"0.662109,0.853953,0.612079,1.107844",,,0.505188,4.418420,6.141602,0.572374
659,72407,132.0,168.63,,7.524588022913251,36.77168321609497,42,,"0.662109,0.853953,0.612079,1.107844",,,0.505188,4.418420,6.141602,0.572374
660,72580,173.0,168.6,,7.524588022913251,36.77168321609497,42,,"0.662109,0.853953,0.612079,1.107844",,,0.505188,4.418420,6.141602,0.572374
661,72744,164.0,167.97,,7.524588022913251,36.77168321609497,42,,"0.662109,0.853953,0.612079,1.107844",,,0.505188,4.418420,6.141602,0.572374
662,72897,153.0,168.21,,7.524588022913251,36.77168321609497,42,,"0.662109,0.853953,0.612079,1.107844",,,0.505188,4.418420,6.141602,0.572374
663,73105,208.0,168.62,,7.524588022913251,36.77168321609497,42,,"0.662109,0.853953,0.612079,1.107844",,,0.505188,4.418420,6.141602,0.572374
664,73291,186.0,169.11,,7.524588022913251,36.77168321609497,42,,"0.662109,0.853953,0.612079,1.107844",,,0.505188,4.418420,6.141602,0.572374
665,73522,231.0,168.95,,7.524588022913251,36.77168321609497,42,,"0.662109,0.853953,0.612079,1.107844",,,0.505188,4.418420,6.141602,0.572374
666,73675,153.0,169.02,,7.524588022913251,36.77168321609497,42,,"0.662109,0.853953,0.612079,1.107844",,,0.505188,4.418420,6.141602,0.572374
667,73841,166.0,168.79,,7.524588022913251,36.77168321609497,42,,"0.662109,0.853953,0.612079,1.107844",,,0.505188,4.418420,6.141602,0.572374
668,74118,277.0,169.47,,7.524588022913251,36.77168321609497,42,,"0.662109,0.853953,0.612079,1.107844",,,0.505188,4.418420,6.141602,0.572374
669,74244,126.0,168.86,,7.524588022913251,36.77168321609497,42,,"0.662109,0.853953,0.612079,1.107844",,,0.505188,4.418420,6.141602,0.572374
670,74406,162.0,168.81,,7.524588022913251,36.77168321609497,42,,"0.662109,0.853953,0.612079,1.107844",,,0.505188,4.418420,6.141602,0.572374
671,74590,184.0,168.2,,7.524588022913251,36.77168321609497,42,,"0.662109,0.853953,0.612079,1.107844",,,0.505188,4.418420,6.141602,0.572374
672,74767,177.0,168.74,,7.4162692691004555,37.86131715774536,43,,"0.660887,0.848716,0.611431,1.106932",,,0.493655,4.465184,5.846696,0.628875
673,74966,199.0,169.05,,7.4162692691004555,37.86131715774536,43,,"0.660887,0.848716,0.611431,1.106932",,,0.493655,4.465184,5.846696,0.628875
674,75117,151.0,168.9,,7.4162692691004555,37.86131715774536,43,,"0.660887,0.848716,0.611431,1.106932",,,0.493655,4.465184,5.846696,0.628875
675,75251,134.0,168.32,,7.4162692691004555,37.86131715774536,43,,"0.660887,0.848716,0.611431,1.106932",,,0.493655,4.465184,5.846696,0.628875
676,75381,130.0,168.32,,7.4162692691004555,37.86131715774536,43,,"0.660887,0.848716,0.611431,1.106932",,,0.493655,4.465184,5.846696,0.628875
677,75567,186.0,168.68,,7.4162692691004555,37.86131715774536,43,,"0.660887,0.848716,0.611431,1.106932",,,0.493655,4.465184,5.846696,0.628875
678,75730,163.0,168.52,,7.4162692691004555,37.86131715774536,43,,"0.660887,0.848716,0.611431,1.106932",,,0.493655,4.465184,5.846696,0.628875
679,75899,169.0,168.82,,7.4162692691004555,37.862332582473755,43,,"0.660887,0.848716,0.611431,1.106932",,,0.493655,4.465184,5.846696,0.628875
680,76067,168.0,169.07,,7.4162692691004555,37.862332582473755,43,,"0.660887,0.848716,0.611431,1.106932",,,0.493655,4.465184,5.846696,0.628875
681,76216,149.0,168.6,,7.4162692691004555,37.862332582473755,43,,"0.660887,0.848716,0.611431,1.106932",,,0.493655,4.465184,5.846696,0.628875
682,76467,251.0,169.64,,7.4162692691004555,37.862332582473755,43,,"0.660887,0.848716,0.611431,1.106932",,,0.493655,4.465184,5.846696,0.628875
683,76630,163.0,169.57,,7.4162692691004555,37.862332582473755,43,,"0.660887,0.848716,0.611431,1.106932",,,0.493655,4.465184,5.846696,0.628875
684,76800,170.0,169.61,,7.4162692691004555,37.862332582473755,43,,"0.660887,0.848716,0.611431,1.106932",,,0.493655,4.465184,5.846696,0.628875
685,76943,143.0,169.49,,7.4162692691004555,37.862332582473755,43,,"0.660887,0.848716,0.611431,1.106932",,,0.493655,4.465184,5.846696,0.628875
686,77161,218.0,170.2,,7.4162692691004555,37.862332582473755,43,,"0.660887,0.848716,0.611431,1.106932",,,0.493655,4.465184,5.846696,0.628875
687,77304,143.0,170.01,,7.4162692691004555,37.862332582473755,43,,"0.660887,0.848716,0.611431,1.106932",,,0.493655,4.465184,5.846696,0.628875
688,77455,151.0,169.36,,7.3105439652096145,39.22027516365051,44,,"0.659404,0.844090,0.611518,1.106855",,,0.495651,4.511699,5.675124,0.566216
689,77725,270.0,170.69,,7.3105439652096145,39.22027516365051,44,,"0.659404,0.844090,0.611518,1.106855",,,0.495651,4.511699,5.675124,0.566216
690,77940,215.0,170.71,,7.3105439652096145,39.22027516365051,44,,"0.659404,0.844090,0.611518,1.106855",,,0.495651,4.511699,5.675124,0.566216
691,78138,198.0,171.07,,7.3105439652096145,39.22027516365051,44,,"0.659404,0.844090,0.611518,1.106855",,,0.495651,4.511699,5.675124,0.566216
692,78343,205.0,171.69,,7.3105439652096145,39.22027516365051,44,,"0.659404,0.844090,0.611518,1.106855",,,0.495651,4.511699,5.675124,0.566216
693,78543,200.0,172.26,,7.3105439652096145,39.22027516365051,44,,"0.659404,0.844090,0.611518,1.106855",,,0.495651,4.511699,5.675124,0.566216
694,78802,259.0,173.31,,7.3105439652096145,39.220818281173706,44,,"0.659404,0.844090,0.611518,1.106855",,,0.495651,4.511699,5.675124,0.566216
695,79008,206.0,173.66,,7.3105439652096145,39.220818281173706,44,,"0.659404,0.844090,0.611518,1.106855",,,0.495651,4.511699,5.675124,0.566216
696,79189,181.0,173.99,,7.3105439652096145,39.220818281173706,44,,"0.659404,0.844090,0.611518,1.106855",,,0.495651,4.511699,5.675124,0.566216
697,79432,243.0,174.84,,7.3105439652096145,39.220818281173706,44,,"0.659404,0.844090,0.611518,1.106855",,,0.495651,4.511699,5.675124,0.566216
698,79652,220.0,175.3,,7.3105439652096145,39.220818281173706,44,,"0.659404,0.844090,0.611518,1.106855",,,0.495651,4.511699,5.675124,0.566216
699,79953,301.0,176.82,,7.3105439652096145,39.220818281173706,44,,"0.659404,0.844090,0.611518,1.106855",205.6,19.365949499056327,0.495651,4.511699,5.675124,0.566216
700,80135,182.0,176.8,,7.3105439652096145,39.220818281173706,44,,"0.659404,0.844090,0.611518,1.106855",,,0.495651,4.511699,5.675124,0.566216
701,80297,162.0,176.53,,7.3105439652096145,39.220818281173706,44,,"0.659404,0.844090,0.611518,1.106855",,,0.495651,4.511699,5.675124,0.566216
702,80472,175.0,176.91,,7.3105439652096145,39.220818281173706,44,,"0.659404,0.844090,0.611518,1.106855",,,0.495651,4.511699,5.675124,0.566216
703,80659,187.0,177.33,,7.3105439652096145,39.220818281173706,44,,"0.659404,0.844090,0.611518,1.106855",,,0.495651,4.511699,5.675124,0.566216
704,80832,173.0,177.13,,7.210540130403307,41.03348898887634,45,,"0.659420,0.840015,0.612179,1.106187",,,0.488140,4.555194,5.746104,0.615067
705,81206,374.0,179.36,,7.210540130403307,41.03348898887634,45,,"0.659420,0.840015,0.612179,1.106187",,,0.488140,4.555194,5.746104,0.615067
706,81433,227.0,179.98,,7.210540130403307,41.03348898887634,45,,"0.659420,0.840015,0.612179,1.106187",,,0.488140,4.555194,5.746104,0.615067
707,81685,252.0,180.73,,7.210540130403307,41.03348898887634,45,,"0.659420,0.840015,0.612179,1.106187",,,0.488140,4.555194,5.746104,0.615067
708,81837,152.0,180.57,,7.210540130403307,41.03348898887634,45,,"0.659420,0.840015,0.612179,1.106187",,,0.488140,4.555194,5.746104,0.615067
709,81981,144.0,181.17,,7.210540130403307,41.03348898887634,45,,"0.659420,0.840015,0.612179,1.106187",,,0.488140,4.555194,5.746104,0.615067
710,82133,152.0,180.9,,7.210540130403307,41.03348898887634,45,,"0.659420,0.840015,0.612179,1.106187",,,0.488140,4.555194,5.746104,0.615067
711,82312,179.0,180.37,,7.210540130403307,41.03348898887634,45,,"0.659420,0.840015,0.612179,1.106187",,,0.488140,4.555194,5.746104,0.615067
712,82511,199.0,180.6,,7.210540130403307,41.03348898887634,45,,"0.659420,0.840015,0.612179,1.106187",,,0.488140,4.555194,5.746104,0.615067
713,82859,348.0,182.37,,7.210540130403307,41.03348898887634,45,,"0.659420,0.840015,0.612179,1.106187",,,0.488140,4.555194,5.746104,0.615067
714,83052,193.0,182.16,,7.210540130403307,41.03348898887634,45,,"0.659420,0.840015,0.612179,1.106187",,,0.488140,4.555194,5.746104,0.615067
715,83366,314.0,183.1,,7.210540130403307,41.03348898887634,45,,"0.659420,0.840015,0.612179,1.106187",,,0.488140,4.555194,5.746104,0.615067
716,83580,214.0,183.43,,7.210540130403307,41.03348898887634,45,,"0.659420,0.840015,0.612179,1.106187",,,0.488140,4.555194,5.746104,0.615067
717,83734,154.0,183.58,,7.210540130403307,41.03348898887634,45,,"0.659420,0.840015,0.612179,1.106187",,,0.488140,4.555194,5.746104,0.615067
718,83974,240.0,184.33,,7.210540130403307,41.03348898887634,45,,"0.659420,0.840015,0.612179,1.106187",,,0.488140,4.555194,5.746104,0.615067
719,84112,138.0,184.32,,7.210540130403307,41.03348898887634,45,,"0.659420,0.840015,0.612179,1.106187",,,0.488140,4.555194,5.746104,0.615067
720,84327,215.0,184.12,,7.114457047503928,42.80358290672302,46,,"0.659899,0.835619,0.613177,1.106406",,,0.479082,4.603692,5.751238,0.654367
721,84538,211.0,184.11,,7.114457047503928,42.80358290672302,46,,"0.659899,0.835619,0.613177,1.106406",,,0.479082,4.603692,5.751238,0.654367
722,84752,214.0,184.41,,7.114457047503928,42.80358290672302,46,,"0.659899,0.835619,0.613177,1.106406",,,0.479082,4.603692,5.751238,0.654367
723,84866,114.0,183.42,,7.114457047503928,42.80358290672302,46,,"0.659899,0.835619,0.613177,1.106406",,,0.479082,4.603692,5.751238,0.654367
724,85033,167.0,184.18,,7.114457047503928,42.80358290672302,46,,"0.659899,0.835619,0.613177,1.106406",,,0.479082,4.603692,5.751238,0.654367
725,85320,287.0,185.36,,7.114457047503928,42.80358290672302,46,,"0.659899,0.835619,0.613177,1.106406",,,0.479082,4.603692,5.751238,0.654367
726,85523,203.0,186.04,,7.114457047503928,42.80358290672302,46,,"0.659899,0.835619,0.613177,1.106406",,,0.479082,4.603692,5.751238,0.654367
727,85684,161.0,185.99,,7.114457047503928,42.80358290672302,46,,"0.659899,0.835619,0.613177,1.106406",,,0.479082,4.603692,5.751238,0.654367
728,86066,382.0,188.44,,7.114457047503928,42.80358290672302,46,,"0.659899,0.835619,0.613177,1.106406",,,0.479082,4.603692,5.751238,0.654367
729,86317,251.0,189.03,,7.114457047503928,42.80358290672302,46,,"0.659899,0.835619,0.613177,1.106406",,,0.479082,4.603692,5.751238,0.654367
730,86413,96.0,187.85,,7.114457047503928,42.80358290672302,46,,"0.659899,0.835619,0.613177,1.106406",,,0.479082,4.603692,5.751238,0.654367
731,86625,212.0,188.51,,7.114457047503928,42.80358290672302,46,,"0.659899,0.835619,0.613177,1.106406",,,0.479082,4.603692,5.751238,0.654367
732,86924,299.0,189.58,,7.114457047503928,42.80358290672302,46,,"0.659899,0.835619,0.613177,1.106406",,,0.479082,4.603692,5.751238,0.654367
733,87135,211.0,190.0,,7.114457047503928,42.80358290672302,46,,"0.659899,0.835619,0.613177,1.106406",,,0.479082,4.603692,5.751238,0.654367
734,87235,100.0,189.25,,7.114457047503928,42.80358290672302,46,,"0.659899,0.835619,0.613177,1.106406",,,0.479082,4.603692,5.751238,0.654367
735,87392,157.0,188.98,,7.114457047503928,42.80358290672302,46,,"0.659899,0.835619,0.613177,1.106406",,,0.479082,4.603692,5.751238,0.654367
736,87536,144.0,188.7,,7.019140289184895,44.16605496406555,47,,"0.662588,0.831474,0.614380,1.106914",,,0.481627,4.649265,5.383224,0.674697
737,87719,183.0,188.95,,7.019140289184895,44.16605496406555,47,,"0.662588,0.831474,0.614380,1.106914",,,0.481627,4.649265,5.383224,0.674697
738,87902,183.0,189.02,,7.019140289184895,44.16605496406555,47,,"0.662588,0.831474,0.614380,1.106914",,,0.481627,4.649265,5.383224,0.674697
739,88072,170.0,189.22,,7.019140289184895,44.16605496406555,47,,"0.662588,0.831474,0.614380,1.106914",,,0.481627,4.649265,5.383224,0.674697
740,88326,254.0,189.85,,7.019140289184895,44.16605496406555,47,,"0.662588,0.831474,0.614380,1.106914",,,0.481627,4.649265,5.383224,0.674697
741,88520,194.0,190.16,,7.019140289184895,44.16605496406555,47,,"0.662588,0.831474,0.614380,1.106914",,,0.481627,4.649265,5.383224,0.674697
742,88793,273.0,191.04,,7.019140289184895,44.16605496406555,47,,"0.662588,0.831474,0.614380,1.106914",,,0.481627,4.649265,5.383224,0.674697
743,88953,160.0,191.05,,7.019140289184895,44.16605496406555,47,,"0.662588,0.831474,0.614380,1.106914",,,0.481627,4.649265,5.383224,0.674697
744,89105,152.0,191.14,,7.019140289184895,44.16605496406555,47,,"0.662588,0.831474,0.614380,1.106914",,,0.481627,4.649265,5.383224,0.674697
745,89323,218.0,191.56,,7.019140289184895,44.16605496406555,47,,"0.662588,0.831474,0.614380,1.106914",,,0.481627,4.649265,5.383224,0.674697
746,89503,180.0,191.37,,7.019140289184895,44.16605496406555,47,,"0.662588,0.831474,0.614380,1.106914",,,0.481627,4.649265,5.383224,0.674697
747,89682,179.0,191.59,,7.019140289184895,44.16605496406555,47,,"0.662588,0.831474,0.614380,1.106914",,,0.481627,4.649265,5.383224,0.674697
748,89945,263.0,192.36,,7.019140289184895,44.16605496406555,47,,"0.662588,0.831474,0.614380,1.106914",,,0.481627,4.649265,5.383224,0.674697
749,90142,197.0,192.28,,7.019140289184895,44.16605496406555,47,,"0.662588,0.831474,0.614380,1.106914",210.0,16.480291259562133,0.481627,4.649265,5.383224,0.674697
750,90324,182.0,192.29,,7.019140289184895,44.16605496406555,47,,"0.662588,0.831474,0.614380,1.106914",,,0.481627,4.649265,5.383224,0.674697
751,90520,196.0,192.42,,7.019140289184895,44.16605496406555,47,,"0.662588,0.831474,0.614380,1.106914",,,0.481627,4.649265,5.383224,0.674697
752,90733,213.0,193.05,,6.92299152414004,45.95472073554993,48,,"0.665337,0.827622,0.615536,1.107760",,,0.470755,4.692683,4.950570,0.724802
753,90907,174.0,193.35,,6.92299152414004,45.95472073554993,48,,"0.665337,0.827622,0.615536,1.107760",,,0.470755,4.692683,4.950570,0.724802
754,91407,500.0,196.8,,6.92299152414004,45.95472073554993,48,,"0.665337,0.827622,0.615536,1.107760",,,0.470755,4.692683,4.950570,0.724802
755,91592,185.0,197.17,,6.92299152414004,45.95472073554993,48,,"0.665337,0.827622,0.615536,1.107760",,,0.470755,4.692683,4.950570,0.724802
756,91814,222.0,198.04,,6.92299152414004,45.95472073554993,48,,"0.665337,0.827622,0.615536,1.107760",,,0.470755,4.692683,4.950570,0.724802
757,91988,174.0,198.72,,6.92299152414004,45.95472073554993,48,,"0.665337,0.827622,0.615536,1.107760",,,0.470755,4.692683,4.950570,0.724802
758,92153,165.0,198.78,,6.92299152414004,45.95472073554993,48,,"0.665337,0.827622,0.615536,1.107760",,,0.470755,4.692683,4.950570,0.724802
759,92349,196.0,199.42,,6.92299152414004,45.95472073554993,48,,"0.665337,0.827622,0.615536,1.107760",,,0.470755,4.692683,4.950570,0.724802
760,92521,172.0,199.41,,6.92299152414004,45.95472073554993,48,,"0.665337,0.827622,0.615536,1.107760",,,0.470755,4.692683,4.950570,0.724802
761,92741,220.0,199.97,,6.92299152414004,45.95472073554993,48,,"0.665337,0.827622,0.615536,1.107760",,,0.470755,4.692683,4.950570,0.724802
762,92962,221.0,200.65,,6.92299152414004,45.95472073554993,48,,"0.665337,0.827622,0.615536,1.107760",,,0.470755,4.692683,4.950570,0.724802
763,93142,180.0,200.37,,6.92299152414004,45.955721616744995,48,,"0.665337,0.827622,0.615536,1.107760",,,0.470755,4.692683,4.950570,0.724802
764,93331,189.0,200.4,,6.92299152414004,45.955721616744995,48,,"0.665337,0.827622,0.615536,1.107760",,,0.470755,4.692683,4.950570,0.724802
765,93597,266.0,200.75,,6.92299152414004,45.955721616744995,48,,"0.665337,0.827622,0.615536,1.107760",,,0.470755,4.692683,4.950570,0.724802
766,93784,187.0,201.09,,6.92299152414004,45.955721616744995,48,,"0.665337,0.827622,0.615536,1.107760",,,0.470755,4.692683,4.950570,0.724802
767,94010,226.0,201.69,,6.92299152414004,45.955721616744995,48,,"0.665337,0.827622,0.615536,1.107760",,,0.470755,4.692683,4.950570,0.724802
768,94263,253.0,201.45,,6.837044949434241,47.50491166114807,49,,"0.666369,0.824345,0.615790,1.108851",,,0.471144,4.731858,5.541280,0.678162
769,94500,237.0,202.56,,6.837044949434241,47.50491166114807,49,,"0.666369,0.824345,0.615790,1.108851",,,0.471144,4.731858,5.541280,0.678162
770,94689,189.0,202.83,,6.837044949434241,47.50491166114807,49,,"0.666369,0.824345,0.615790,1.108851",,,0.471144,4.731858,5.541280,0.678162
771,94881,192.0,202.91,,6.837044949434241,47.50491166114807,49,,"0.666369,0.824345,0.615790,1.108851",,,0.471144,4.731858,5.541280,0.678162
772,95018,137.0,202.51,,6.837044949434241,47.50491166114807,49,,"0.666369,0.824345,0.615790,1.108851",,,0.471144,4.731858,5.541280,0.678162
773,95240,222.0,202.74,,6.837044949434241,47.50491166114807,49,,"0.666369,0.824345,0.615790,1.108851",,,0.471144,4.731858,5.541280,0.678162
774,95471,231.0,203.54,,6.837044949434241,47.50591444969177,49,,"0.666369,0.824345,0.615790,1.108851",,,0.471144,4.731858,5.541280,0.678162
775,95644,173.0,203.93,,6.837044949434241,47.50591444969177,49,,"0.666369,0.824345,0.615790,1.108851",,,0.471144,4.731858,5.541280,0.678162
776,95915,271.0,205.34,,6.837044949434241,47.50591444969177,49,,"0.666369,0.824345,0.615790,1.108851",,,0.471144,4.731858,5.541280,0.678162
777,96176,261.0,206.09,,6.837044949434241,47.50591444969177,49,,"0.666369,0.824345,0.615790,1.108851",,,0.471144,4.731858,5.541280,0.678162
778,96440,264.0,207.1,,6.837044949434241,47.50591444969177,49,,"0.666369,0.824345,0.615790,1.108851",,,0.471144,4.731858,5.541280,0.678162
779,96673,233.0,207.74,,6.837044949434241,47.50591444969177,49,,"0.666369,0.824345,0.615790,1.108851",,,0.471144,4.731858,5.541280,0.678162
780,96807,134.0,207.4,,6.837044949434241,47.50591444969177,49,,"0.666369,0.824345,0.615790,1.108851",,,0.471144,4.731858,5.541280,0.678162
781,97170,363.0,209.54,,6.837044949434241,47.50591444969177,49,,"0.666369,0.824345,0.615790,1.108851",,,0.471144,4.731858,5.541280,0.678162
782,97402,232.0,209.35,,6.837044949434241,47.50591444969177,49,,"0.666369,0.824345,0.615790,1.108851",,,0.471144,4.731858,5.541280,0.678162
783,97638,236.0,210.08,,6.837044949434241,47.50591444969177,49,,"0.666369,0.824345,0.615790,1.108851",,,0.471144,4.731858,5.541280,0.678162
784,97879,241.0,210.79,,6.751089396476746,49.39416766166687,50,,"0.666683,0.821452,0.616471,1.109980",,,0.480545,4.767722,5.196978,0.692107
785,98100,221.0,211.57,,6.751089396476746,49.39416766166687,50,,"0.666683,0.821452,0.616471,1.109980",,,0.480545,4.767722,5.196978,0.692107
786,98365,265.0,212.04,,6.751089396476746,49.39416766166687,50,,"0.666683,0.821452,0.616471,1.109980",,,0.480545,4.767722,5.196978,0.692107
787,98865,500.0,215.61,,6.751089396476746,49.39416766166687,50,,"0.666683,0.821452,0.616471,1.109980",,,0.480545,4.767722,5.196978,0.692107
788,99054,189.0,215.99,,6.751089396476746,49.39416766166687,50,,"0.666683,0.821452,0.616471,1.109980",,,0.480545,4.767722,5.196978,0.692107
789,99278,224.0,215.53,,6.751089396476746,49.39416766166687,50,,"0.666683,0.821452,0.616471,1.109980",,,0.480545,4.767722,5.196978,0.692107
790,99444,166.0,215.04,,6.751089396476746,49.39416766166687,50,,"0.666683,0.821452,0.616471,1.109980",,,0.480545,4.767722,5.196978,0.692107
791,99613,169.0,214.75,,6.751089396476746,49.39416766166687,50,,"0.666683,0.821452,0.616471,1.109980",,,0.480545,4.767722,5.196978,0.692107
792,99878,265.0,215.35,,6.751089396476746,49.39416766166687,50,,"0.666683,0.821452,0.616471,1.109980",,,0.480545,4.767722,5.196978,0.692107
793,100094,216.0,215.51,,6.751089396476746,49.39416766166687,50,,"0.666683,0.821452,0.616471,1.109980",,,0.480545,4.767722,5.196978,0.692107
794,100403,309.0,216.01,,6.751089396476746,49.39416766166687,50,,"0.666683,0.821452,0.616471,1.109980",,,0.480545,4.767722,5.196978,0.692107
795,100602,199.0,215.94,,6.751089396476746,49.39416766166687,50,,"0.666683,0.821452,0.616471,1.109980",,,0.480545,4.767722,5.196978,0.692107
796,100753,151.0,215.64,,6.751089396476746,49.39416766166687,50,,"0.666683,0.821452,0.616471,1.109980",,,0.480545,4.767722,5.196978,0.692107
797,100964,211.0,215.32,,6.751089396476746,49.39416766166687,50,,"0.666683,0.821452,0.616471,1.109980",,,0.480545,4.767722,5.196978,0.692107
798,101155,191.0,215.03,,6.751089396476746,49.39416766166687,50,,"0.666683,0.821452,0.616471,1.109980",,,0.480545,4.767722,5.196978,0.692107
799,101438,283.0,214.85,,6.751089396476746,49.39416766166687,50,,"0.666683,0.821452,0.616471,1.109980",208.6,16.19382598399773,0.480545,4.767722,5.196978,0.692107
800,101610,172.0,214.75,,6.421142001152038,50.86147451400757,51,,"0.664438,0.818403,0.618666,1.111234",,,0.470988,4.806420,5.150517,0.725789
801,101758,148.0,214.61,,6.421142001152038,50.86147451400757,51,,"0.664438,0.818403,0.618666,1.111234",,,0.470988,4.806420,5.150517,0.725789
802,101950,192.0,214.78,,6.421142001152038,50.86147451400757,51,,"0.664438,0.818403,0.618666,1.111234",,,0.470988,4.806420,5.150517,0.725789
803,102175,225.0,215.16,,6.421142001152038,50.86147451400757,51,,"0.664438,0.818403,0.618666,1.111234",,,0.470988,4.806420,5.150517,0.725789
804,102384,209.0,215.52,,6.421142001152038,50.86147451400757,51,,"0.664438,0.818403,0.618666,1.111234",,,0.470988,4.806420,5.150517,0.725789
805,102557,173.0,213.51,,6.421142001152038,50.86147451400757,51,,"0.664438,0.818403,0.618666,1.111234",,,0.470988,4.806420,5.150517,0.725789
806,102712,155.0,212.79,,6.421142001152038,50.86147451400757,51,,"0.664438,0.818403,0.618666,1.111234",,,0.470988,4.806420,5.150517,0.725789
807,103005,293.0,213.2,,6.421142001152038,50.86147451400757,51,,"0.664438,0.818403,0.618666,1.111234",,,0.470988,4.806420,5.150517,0.725789
808,103261,256.0,214.24,,6.421142001152038,50.86147451400757,51,,"0.664438,0.818403,0.618666,1.111234",,,0.470988,4.806420,5.150517,0.725789
809,103498,237.0,215.17,,6.421142001152038,50.86147451400757,51,,"0.664438,0.818403,0.618666,1.111234",,,0.470988,4.806420,5.150517,0.725789
810,103680,182.0,215.47,,6.421142001152038,50.86147451400757,51,,"0.664438,0.818403,0.618666,1.111234",,,0.470988,4.806420,5.150517,0.725789
811,103954,274.0,216.42,,6.421142001152038,50.86147451400757,51,,"0.664438,0.818403,0.618666,1.111234",,,0.470988,4.806420,5.150517,0.725789
812,104153,199.0,216.42,,6.421142001152038,50.86147451400757,51,,"0.664438,0.818403,0.618666,1.111234",,,0.470988,4.806420,5.150517,0.725789
813,104474,321.0,216.15,,6.421142001152038,50.86147451400757,51,,"0.664438,0.818403,0.618666,1.111234",,,0.470988,4.806420,5.150517,0.725789
814,104668,194.0,216.16,,6.421142001152038,50.86147451400757,51,,"0.664438,0.818403,0.618666,1.111234",,,0.470988,4.806420,5.150517,0.725789
815,104822,154.0,214.56,,6.421142001152038,50.86147451400757,51,,"0.664438,0.818403,0.618666,1.111234",,,0.470988,4.806420,5.150517,0.725789
816,104976,154.0,213.96,,6.092597031593323,52.828460454940796,52,,"0.660736,0.815488,0.620546,1.113081",,,0.468220,4.847336,5.106769,0.711282
817,105175,199.0,214.41,,6.092597031593323,52.828460454940796,52,,"0.660736,0.815488,0.620546,1.113081",,,0.468220,4.847336,5.106769,0.711282
818,105354,179.0,213.8,,6.092597031593323,52.828460454940796,52,,"0.660736,0.815488,0.620546,1.113081",,,0.468220,4.847336,5.106769,0.711282
819,105544,190.0,214.32,,6.092597031593323,52.828460454940796,52,,"0.660736,0.815488,0.620546,1.113081",,,0.468220,4.847336,5.106769,0.711282
820,105695,151.0,213.68,,6.092597031593323,52.828460454940796,52,,"0.660736,0.815488,0.620546,1.113081",,,0.468220,4.847336,5.106769,0.711282
821,106195,500.0,216.57,,6.092597031593323,52.828460454940796,52,,"0.660736,0.815488,0.620546,1.113081",,,0.468220,4.847336,5.106769,0.711282
822,106371,176.0,216.19,,6.092597031593323,52.828460454940796,52,,"0.660736,0.815488,0.620546,1.113081",,,0.468220,4.847336,5.106769,0.711282
823,106492,121.0,216.26,,6.092597031593323,52.828460454940796,52,,"0.660736,0.815488,0.620546,1.113081",,,0.468220,4.847336,5.106769,0.711282
824,106793,301.0,217.6,,6.092597031593323,52.828460454940796,52,,"0.660736,0.815488,0.620546,1.113081",,,0.468220,4.847336,5.106769,0.711282
825,107077,284.0,217.57,,6.092597031593323,52.828460454940796,52,,"0.660736,0.815488,0.620546,1.113081",,,0.468220,4.847336,5.106769,0.711282
826,107253,176.0,217.3,,6.092597031593323,52.828460454940796,52,,"0.660736,0.815488,0.620546,1.113081",,,0.468220,4.847336,5.106769,0.711282
827,107461,208.0,217.77,,6.092597031593323,52.828460454940796,52,,"0.660736,0.815488,0.620546,1.113081",,,0.468220,4.847336,5.106769,0.711282
828,107636,175.0,215.7,,6.092597031593323,52.828460454940796,52,,"0.660736,0.815488,0.620546,1.113081",,,0.468220,4.847336,5.106769,0.711282
829,107820,184.0,215.03,,6.092597031593323,52.828460454940796,52,,"0.660736,0.815488,0.620546,1.113081",,,0.468220,4.847336,5.106769,0.711282
830,108084,264.0,216.71,,6.092597031593323,52.828460454940796,52,,"0.660736,0.815488,0.620546,1.113081",,,0.468220,4.847336,5.106769,0.711282
831,108432,348.0,218.07,,6.092597031593323,52.828460454940796,52,,"0.660736,0.815488,0.620546,1.113081",,,0.468220,4.847336,5.106769,0.711282
832,108607,175.0,216.83,,5.7955366802215575,54.512157678604126,53,,"0.656767,0.813162,0.622241,1.115396",,,0.474494,4.888515,5.154975,0.703429
833,108995,388.0,218.6,,5.7955366802215575,54.512157678604126,53,,"0.656767,0.813162,0.622241,1.115396",,,0.474494,4.888515,5.154975,0.703429
834,109148,153.0,219.13,,5.7955366802215575,54.512157678604126,53,,"0.656767,0.813162,0.622241,1.115396",,,0.474494,4.888515,5.154975,0.703429
835,109295,147.0,219.03,,5.7955366802215575,54.512157678604126,53,,"0.656767,0.813162,0.622241,1.115396",,,0.474494,4.888515,5.154975,0.703429
836,109601,306.0,220.65,,5.7955366802215575,54.512157678604126,53,,"0.656767,0.813162,0.622241,1.115396",,,0.474494,4.888515,5.154975,0.703429
837,109803,202.0,220.84,,5.7955366802215575,54.512157678604126,53,,"0.656767,0.813162,0.622241,1.115396",,,0.474494,4.888515,5.154975,0.703429
838,109996,193.0,220.94,,5.7955366802215575,54.512157678604126,53,,"0.656767,0.813162,0.622241,1.115396",,,0.474494,4.888515,5.154975,0.703429
839,110260,264.0,221.88,,5.7955366802215575,54.512157678604126,53,,"0.656767,0.813162,0.622241,1.115396",,,0.474494,4.888515,5.154975,0.703429
840,110449,189.0,221.23,,5.7955366802215575,54.512157678604126,53,,"0.656767,0.813162,0.622241,1.115396",,,0.474494,4.888515,5.154975,0.703429
841,110774,325.0,222.54,,5.7955366802215575,54.51317262649536,53,,"0.656767,0.813162,0.622241,1.115396",,,0.474494,4.888515,5.154975,0.703429
842,111016,242.0,222.23,,5.7955366802215575,54.51317262649536,53,,"0.656767,0.813162,0.622241,1.115396",,,0.474494,4.888515,5.154975,0.703429
843,111228,212.0,222.75,,5.7955366802215575,54.51317262649536,53,,"0.656767,0.813162,0.622241,1.115396",,,0.474494,4.888515,5.154975,0.703429
844,111432,204.0,223.27,,5.7955366802215575,54.51317262649536,53,,"0.656767,0.813162,0.622241,1.115396",,,0.474494,4.888515,5.154975,0.703429
845,111647,215.0,223.24,,5.7955366802215575,54.51317262649536,53,,"0.656767,0.813162,0.622241,1.115396",,,0.474494,4.888515,5.154975,0.703429
846,111853,206.0,223.5,,5.7955366802215575,54.51317262649536,53,,"0.656767,0.813162,0.622241,1.115396",,,0.474494,4.888515,5.154975,0.703429
847,112096,243.0,224.14,,5.7955366802215575,54.51317262649536,53,,"0.656767,0.813162,0.622241,1.115396",,,0.474494,4.888515,5.154975,0.703429
848,112295,199.0,223.5,,5.612701539993286,56.25628352165222,54,,"0.652880,0.811256,0.623563,1.117385",,,0.472020,4.926055,5.066444,0.713364
849,112475,180.0,223.33,,5.612701539993286,56.25728726387024,54,,"0.652880,0.811256,0.623563,1.117385",210.2,13.67333170810977,0.472020,4.926055,5.066444,0.713364
850,112929,454.0,226.05,,5.612701539993286,56.25728726387024,54,,"0.652880,0.811256,0.623563,1.117385",,,0.472020,4.926055,5.066444,0.713364
851,113171,242.0,226.51,,5.612701539993286,56.25728726387024,54,,"0.652880,0.811256,0.623563,1.117385",,,0.472020,4.926055,5.066444,0.713364
852,113389,218.0,226.56,,5.612701539993286,56.25728726387024,54,,"0.652880,0.811256,0.623563,1.117385",,,0.472020,4.926055,5.066444,0.713364
853,113559,170.0,226.52,,5.612701539993286,56.25728726387024,54,,"0.652880,0.811256,0.623563,1.117385",,,0.472020,4.926055,5.066444,0.713364
854,113751,192.0,223.44,,5.612701539993286,56.25728726387024,54,,"0.652880,0.811256,0.623563,1.117385",,,0.472020,4.926055,5.066444,0.713364
855,114046,295.0,224.54,,5.612701539993286,56.25728726387024,54,,"0.652880,0.811256,0.623563,1.117385",,,0.472020,4.926055,5.066444,0.713364
856,114244,198.0,224.3,,5.612701539993286,56.25728726387024,54,,"0.652880,0.811256,0.623563,1.117385",,,0.472020,4.926055,5.066444,0.713364
857,114464,220.0,224.76,,5.612701539993286,56.25728726387024,54,,"0.652880,0.811256,0.623563,1.117385",,,0.472020,4.926055,5.066444,0.713364
858,114683,219.0,225.3,,5.612701539993286,56.25728726387024,54,,"0.652880,0.811256,0.623563,1.117385",,,0.472020,4.926055,5.066444,0.713364
859,114913,230.0,225.64,,5.612701539993286,56.25728726387024,54,,"0.652880,0.811256,0.623563,1.117385",,,0.472020,4.926055,5.066444,0.713364
860,115076,163.0,225.55,,5.612701539993286,56.25728726387024,54,,"0.652880,0.811256,0.623563,1.117385",,,0.472020,4.926055,5.066444,0.713364
861,115250,174.0,225.09,,5.612701539993286,56.25728726387024,54,,"0.652880,0.811256,0.623563,1.117385",,,0.472020,4.926055,5.066444,0.713364
862,115546,296.0,225.84,,5.612701539993286,56.25728726387024,54,,"0.652880,0.811256,0.623563,1.117385",,,0.472020,4.926055,5.066444,0.713364
863,115759,213.0,226.17,,5.612701539993286,56.25728726387024,54,,"0.652880,0.811256,0.623563,1.117385",,,0.472020,4.926055,5.066444,0.713364
864,115999,240.0,226.68,,5.340971379280091,57.69096612930298,55,,"0.647368,0.809724,0.625463,1.118986",,,0.466824,4.959461,4.687293,0.745767
865,116195,196.0,225.98,,5.340971379280091,57.69096612930298,55,,"0.647368,0.809724,0.625463,1.118986",,,0.466824,4.959461,4.687293,0.745767
866,116423,228.0,226.39,,5.340971379280091,57.69096612930298,55,,"0.647368,0.809724,0.625463,1.118986",,,0.466824,4.959461,4.687293,0.745767
867,116604,181.0,225.94,,5.340971379280091,57.69096612930298,55,,"0.647368,0.809724,0.625463,1.118986",,,0.466824,4.959461,4.687293,0.745767
868,116805,201.0,225.42,,5.340971379280091,57.69096612930298,55,,"0.647368,0.809724,0.625463,1.118986",,,0.466824,4.959461,4.687293,0.745767
869,117056,251.0,225.56,,5.340971379280091,57.69096612930298,55,,"0.647368,0.809724,0.625463,1.118986",,,0.466824,4.959461,4.687293,0.745767
870,117219,163.0,225.3,,5.340971379280091,57.69096612930298,55,,"0.647368,0.809724,0.625463,1.118986",,,0.466824,4.959461,4.687293,0.745767
871,117416,197.0,225.35,,5.340971379280091,57.69096612930298,55,,"0.647368,0.809724,0.625463,1.118986",,,0.466824,4.959461,4.687293,0.745767
872,117774,358.0,227.56,,5.340971379280091,57.69096612930298,55,,"0.647368,0.809724,0.625463,1.118986",,,0.466824,4.959461,4.687293,0.745767
873,117907,133.0,226.67,,5.340971379280091,57.69096612930298,55,,"0.647368,0.809724,0.625463,1.118986",,,0.466824,4.959461,4.687293,0.745767
874,118077,170.0,226.06,,5.340971379280091,57.69096612930298,55,,"0.647368,0.809724,0.625463,1.118986",,,0.466824,4.959461,4.687293,0.745767
875,118253,176.0,226.09,,5.340971379280091,57.69096612930298,55,,"0.647368,0.809724,0.625463,1.118986",,,0.466824,4.959461,4.687293,0.745767
876,118415,162.0,225.0,,5.340971379280091,57.69096612930298,55,,"0.647368,0.809724,0.625463,1.118986",,,0.466824,4.959461,4.687293,0.745767
877,118677,262.0,225.01,,5.340971379280091,57.69096612930298,55,,"0.647368,0.809724,0.625463,1.118986",,,0.466824,4.959461,4.687293,0.745767
878,118872,195.0,224.32,,5.340971379280091,57.69096612930298,55,,"0.647368,0.809724,0.625463,1.118986",,,0.466824,4.959461,4.687293,0.745767
879,119106,234.0,224.33,,5.340971379280091,57.69096612930298,55,,"0.647368,0.809724,0.625463,1.118986",,,0.466824,4.959461,4.687293,0.745767
880,119368,262.0,225.61,,5.117948589324951,60.06254816055298,56,,"0.642640,0.808334,0.627562,1.120650",,,0.469464,4.991977,4.948621,0.656513
881,119614,246.0,224.44,,5.117948589324951,60.06254816055298,56,,"0.642640,0.808334,0.627562,1.120650",,,0.469464,4.991977,4.948621,0.656513
882,120063,449.0,226.61,,5.117948589324951,60.06254816055298,56,,"0.642640,0.808334,0.627562,1.120650",,,0.469464,4.991977,4.948621,0.656513
883,120563,500.0,229.25,,5.117948589324951,60.06254816055298,56,,"0.642640,0.808334,0.627562,1.120650",,,0.469464,4.991977,4.948621,0.656513
884,120780,217.0,229.01,,5.117948589324951,60.06254816055298,56,,"0.642640,0.808334,0.627562,1.120650",,,0.469464,4.991977,4.948621,0.656513
885,120959,179.0,228.59,,5.117948589324951,60.06254816055298,56,,"0.642640,0.808334,0.627562,1.120650",,,0.469464,4.991977,4.948621,0.656513
886,121459,500.0,230.94,,5.117948589324951,60.06254816055298,56,,"0.642640,0.808334,0.627562,1.120650",,,0.469464,4.991977,4.948621,0.656513
887,121882,423.0,230.17,,5.117948589324951,60.06254816055298,56,,"0.642640,0.808334,0.627562,1.120650",,,0.469464,4.991977,4.948621,0.656513
888,122106,224.0,230.52,,5.117948589324951,60.06254816055298,56,,"0.642640,0.808334,0.627562,1.120650",,,0.469464,4.991977,4.948621,0.656513
889,122296,190.0,230.18,,5.117948589324951,60.06254816055298,56,,"0.642640,0.808334,0.627562,1.120650",,,0.469464,4.991977,4.948621,0.656513
890,122796,500.0,233.52,,5.117948589324951,60.06254816055298,56,,"0.642640,0.808334,0.627562,1.120650",,,0.469464,4.991977,4.948621,0.656513
891,123296,500.0,236.83,,5.117948589324951,60.06254816055298,56,,"0.642640,0.808334,0.627562,1.120650",,,0.469464,4.991977,4.948621,0.656513
892,123796,500.0,239.18,,5.117948589324951,60.06354880332947,56,,"0.642640,0.808334,0.627562,1.120650",,,0.469464,4.991977,4.948621,0.656513
893,123967,171.0,238.73,,5.117948589324951,60.06354880332947,56,,"0.642640,0.808334,0.627562,1.120650",,,0.469464,4.991977,4.948621,0.656513
894,124203,236.0,238.0,,5.117948589324951,60.06354880332947,56,,"0.642640,0.808334,0.627562,1.120650",,,0.469464,4.991977,4.948621,0.656513
895,124391,188.0,237.89,,5.117948589324951,60.06354880332947,56,,"0.642640,0.808334,0.627562,1.120650",,,0.469464,4.991977,4.948621,0.656513
896,124891,500.0,241.38,,4.9117419624328615,62.399115800857544,57,,"0.638332,0.807008,0.629303,1.122151",,,0.471108,5.023140,4.876121,0.594508
897,125391,500.0,244.27,,4.9117419624328615,62.399115800857544,57,,"0.638332,0.807008,0.629303,1.122151",,,0.471108,5.023140,4.876121,0.594508
898,125843,452.0,246.88,,4.9117419624328615,62.399115800857544,57,,"0.638332,0.807008,0.629303,1.122151",,,0.471108,5.023140,4.876121,0.594508
899,126343,500.0,249.05,,4.9117419624328615,62.399115800857544,57,,"0.638332,0.807008,0.629303,1.122151",257.8,65.78267249055789,0.471108,5.023140,4.876121,0.594508
900,126533,190.0,249.23,,4.9117419624328615,62.399115800857544,57,,"0.638332,0.807008,0.629303,1.122151",,,0.471108,5.023140,4.876121,0.594508
901,126901,368.0,251.43,,4.9117419624328615,62.399115800857544,57,,"0.638332,0.807008,0.629303,1.122151",,,0.471108,5.023140,4.876121,0.594508
902,127131,230.0,251.81,,4.9117419624328615,62.399115800857544,57,,"0.638332,0.807008,0.629303,1.122151",,,0.471108,5.023140,4.876121,0.594508
903,127599,468.0,254.24,,4.9117419624328615,62.40011739730835,57,,"0.638332,0.807008,0.629303,1.122151",,,0.471108,5.023140,4.876121,0.594508
904,128099,500.0,257.15,,4.9117419624328615,62.40011739730835,57,,"0.638332,0.807008,0.629303,1.122151",,,0.471108,5.023140,4.876121,0.594508
905,128279,180.0,257.22,,4.9117419624328615,62.40011739730835,57,,"0.638332,0.807008,0.629303,1.122151",,,0.471108,5.023140,4.876121,0.594508
906,128645,366.0,259.33,,4.9117419624328615,62.40011739730835,57,,"0.638332,0.807008,0.629303,1.122151",,,0.471108,5.023140,4.876121,0.594508
907,129145,500.0,261.4,,4.9117419624328615,62.40011739730835,57,,"0.638332,0.807008,0.629303,1.122151",,,0.471108,5.023140,4.876121,0.594508
908,129645,500.0,263.84,,4.9117419624328615,62.40011739730835,57,,"0.638332,0.807008,0.629303,1.122151",,,0.471108,5.023140,4.876121,0.594508
909,129831,186.0,263.33,,4.9117419624328615,62.40011739730835,57,,"0.638332,0.807008,0.629303,1.122151",,,0.471108,5.023140,4.876121,0.594508
910,130331,500.0,266.51,,4.9117419624328615,62.40011739730835,57,,"0.638332,0.807008,0.629303,1.122151",,,0.471108,5.023140,4.876121,0.594508
911,130520,189.0,265.66,,4.9117419624328615,62.40011739730835,57,,"0.638332,0.807008,0.629303,1.122151",,,0.471108,5.023140,4.876121,0.594508
912,130838,318.0,266.85,,4.650474171638489,64.9270555973053,58,,"0.634283,0.805770,0.630995,1.123658",,,0.470561,5.052421,4.911563,0.607126
913,131338,500.0,268.64,,4.650474171638489,64.9270555973053,58,,"0.634283,0.805770,0.630995,1.123658",,,0.470561,5.052421,4.911563,0.607126
914,131631,293.0,269.63,,4.650474171638489,64.9270555973053,58,,"0.634283,0.805770,0.630995,1.123658",,,0.470561,5.052421,4.911563,0.607126
915,131868,237.0,270.46,,4.650474171638489,64.9270555973053,58,,"0.634283,0.805770,0.630995,1.123658",,,0.470561,5.052421,4.911563,0.607126
916,132367,499.0,273.91,,4.650474171638489,64.9270555973053,58,,"0.634283,0.805770,0.630995,1.123658",,,0.470561,5.052421,4.911563,0.607126
917,132867,500.0,276.92,,4.650474171638489,64.9270555973053,58,,"0.634283,0.805770,0.630995,1.123658",,,0.470561,5.052421,4.911563,0.607126
918,133067,200.0,277.13,,4.650474171638489,64.9270555973053,58,,"0.634283,0.805770,0.630995,1.123658",,,0.470561,5.052421,4.911563,0.607126
919,133567,500.0,280.23,,4.650474171638489,64.9270555973053,58,,"0.634283,0.805770,0.630995,1.123658",,,0.470561,5.052421,4.911563,0.607126
920,134067,500.0,283.72,,4.650474171638489,64.9270555973053,58,,"0.634283,0.805770,0.630995,1.123658",,,0.470561,5.052421,4.911563,0.607126
921,134288,221.0,280.93,,4.650474171638489,64.92808389663696,58,,"0.634283,0.805770,0.630995,1.123658",,,0.470561,5.052421,4.911563,0.607126
922,134788,500.0,284.17,,4.650474171638489,64.92808389663696,58,,"0.634283,0.805770,0.630995,1.123658",,,0.470561,5.052421,4.911563,0.607126
923,135288,500.0,287.96,,4.650474171638489,64.92808389663696,58,,"0.634283,0.805770,0.630995,1.123658",,,0.470561,5.052421,4.911563,0.607126
924,135720,432.0,289.27,,4.650474171638489,64.92808389663696,58,,"0.634283,0.805770,0.630995,1.123658",,,0.470561,5.052421,4.911563,0.607126
925,135941,221.0,288.64,,4.650474171638489,64.92808389663696,58,,"0.634283,0.805770,0.630995,1.123658",,,0.470561,5.052421,4.911563,0.607126
926,136441,500.0,291.88,,4.650474171638489,64.92808389663696,58,,"0.634283,0.805770,0.630995,1.123658",,,0.470561,5.052421,4.911563,0.607126
927,136941,500.0,294.8,,4.650474171638489,64.92808389663696,58,,"0.634283,0.805770,0.630995,1.123658",,,0.470561,5.052421,4.911563,0.607126
928,137441,500.0,298.05,,4.439924187660218,68.37199187278748,59,,"0.630246,0.804601,0.632460,1.125046",,,0.466299,5.080970,4.844981,0.547233
929,137941,500.0,301.21,,4.439924187660218,68.37199187278748,59,,"0.630246,0.804601,0.632460,1.125046",,,0.466299,5.080970,4.844981,0.547233
930,138441,500.0,303.57,,4.439924187660218,68.37199187278748,59,,"0.630246,0.804601,0.632460,1.125046",,,0.466299,5.080970,4.844981,0.547233
931,138941,500.0,305.09,,4.439924187660218,68.37199187278748,59,,"0.630246,0.804601,0.632460,1.125046",,,0.466299,5.080970,4.844981,0.547233
932,139441,500.0,308.34,,4.439924187660218,68.37199187278748,59,,"0.630246,0.804601,0.632460,1.125046",,,0.466299,5.080970,4.844981,0.547233
933,139704,263.0,307.09,,4.439924187660218,68.37199187278748,59,,"0.630246,0.804601,0.632460,1.125046",,,0.466299,5.080970,4.844981,0.547233
934,140077,373.0,309.29,,4.439924187660218,68.37199187278748,59,,"0.630246,0.804601,0.632460,1.125046",,,0.466299,5.080970,4.844981,0.547233
935,140329,252.0,310.34,,4.439924187660218,68.37298965454102,59,,"0.630246,0.804601,0.632460,1.125046",,,0.466299,5.080970,4.844981,0.547233
936,140829,500.0,312.28,,4.439924187660218,68.37298965454102,59,,"0.630246,0.804601,0.632460,1.125046",,,0.466299,5.080970,4.844981,0.547233
937,141063,234.0,312.6,,4.439924187660218,68.37298965454102,59,,"0.630246,0.804601,0.632460,1.125046",,,0.466299,5.080970,4.844981,0.547233
938,141563,500.0,315.67,,4.439924187660218,68.37298965454102,59,,"0.630246,0.804601,0.632460,1.125046",,,0.466299,5.080970,4.844981,0.547233
939,141814,251.0,315.54,,4.439924187660218,68.37298965454102,59,,"0.630246,0.804601,0.632460,1.125046",,,0.466299,5.080970,4.844981,0.547233
940,142314,500.0,318.65,,4.439924187660218,68.37298965454102,59,,"0.630246,0.804601,0.632460,1.125046",,,0.466299,5.080970,4.844981,0.547233
941,142814,500.0,320.4,,4.439924187660218,68.37298965454102,59,,"0.630246,0.804601,0.632460,1.125046",,,0.466299,5.080970,4.844981,0.547233
942,142946,132.0,319.3,,4.439924187660218,68.37298965454102,59,,"0.630246,0.804601,0.632460,1.125046",,,0.466299,5.080970,4.844981,0.547233
943,143304,358.0,320.76,,4.439924187660218,68.37298965454102,59,,"0.630246,0.804601,0.632460,1.125046",,,0.466299,5.080970,4.844981,0.547233
944,143804,500.0,323.72,,4.244280881881714,72.90773272514343,60,,"0.626048,0.803551,0.633863,1.126643",,,0.467547,5.108814,4.589748,0.556242
945,144304,500.0,326.57,,4.244280881881714,72.90773272514343,60,,"0.626048,0.803551,0.633863,1.126643",,,0.467547,5.108814,4.589748,0.556242
946,144804,500.0,329.51,,4.244280881881714,72.90773272514343,60,,"0.626048,0.803551,0.633863,1.126643",,,0.467547,5.108814,4.589748,0.556242
947,145304,500.0,332.08,,4.244280881881714,72.90773272514343,60,,"0.626048,0.803551,0.633863,1.126643",,,0.467547,5.108814,4.589748,0.556242
948,145804,500.0,335.09,,4.244280881881714,72.90773272514343,60,,"0.626048,0.803551,0.633863,1.126643",,,0.467547,5.108814,4.589748,0.556242
949,146304,500.0,338.29,,4.244280881881714,72.90773272514343,60,,"0.626048,0.803551,0.633863,1.126643",253.0,29.52287248897031,0.467547,5.108814,4.589748,0.556242
950,146804,500.0,338.75,,4.244280881881714,72.90773272514343,60,,"0.626048,0.803551,0.633863,1.126643",,,0.467547,5.108814,4.589748,0.556242
951,147304,500.0,341.33,,4.244280881881714,72.90773272514343,60,,"0.626048,0.803551,0.633863,1.126643",,,0.467547,5.108814,4.589748,0.556242
952,147553,249.0,341.64,,4.244280881881714,72.90773272514343,60,,"0.626048,0.803551,0.633863,1.126643",,,0.467547,5.108814,4.589748,0.556242
953,148053,500.0,344.94,,4.244280881881714,72.90773272514343,60,,"0.626048,0.803551,0.633863,1.126643",,,0.467547,5.108814,4.589748,0.556242
954,148553,500.0,348.02,,4.244280881881714,72.90773272514343,60,,"0.626048,0.803551,0.633863,1.126643",,,0.467547,5.108814,4.589748,0.556242
955,149053,500.0,350.07,,4.244280881881714,72.90773272514343,60,,"0.626048,0.803551,0.633863,1.126643",,,0.467547,5.108814,4.589748,0.556242
956,149553,500.0,353.09,,4.244280881881714,72.90773272514343,60,,"0.626048,0.803551,0.633863,1.126643",,,0.467547,5.108814,4.589748,0.556242
957,150053,500.0,355.89,,4.244280881881714,72.90773272514343,60,,"0.626048,0.803551,0.633863,1.126643",,,0.467547,5.108814,4.589748,0.556242
958,150540,487.0,358.57,,4.244280881881714,72.90773272514343,60,,"0.626048,0.803551,0.633863,1.126643",,,0.467547,5.108814,4.589748,0.556242
959,151040,500.0,361.27,,4.244280881881714,72.90773272514343,60,,"0.626048,0.803551,0.633863,1.126643",,,0.467547,5.108814,4.589748,0.556242
960,151540,500.0,364.64,,4.069916727542878,75.42055535316467,61,,"0.621999,0.802545,0.635631,1.128312",,,0.461324,5.136161,4.074828,0.496507
961,152040,500.0,367.9,,4.069916727542878,75.42055535316467,61,,"0.621999,0.802545,0.635631,1.128312",,,0.461324,5.136161,4.074828,0.496507
962,152540,500.0,369.94,,4.069916727542878,75.42055535316467,61,,"0.621999,0.802545,0.635631,1.128312",,,0.461324,5.136161,4.074828,0.496507
963,153040,500.0,372.81,,4.069916727542878,75.42055535316467,61,,"0.621999,0.802545,0.635631,1.128312",,,0.461324,5.136161,4.074828,0.496507
964,153540,500.0,375.41,,4.069916727542878,75.42055535316467,61,,"0.621999,0.802545,0.635631,1.128312",,,0.461324,5.136161,4.074828,0.496507
965,154040,500.0,378.45,,4.069916727542878,75.42055535316467,61,,"0.621999,0.802545,0.635631,1.128312",,,0.461324,5.136161,4.074828,0.496507
966,154540,500.0,381.17,,4.069916727542878,75.42055535316467,61,,"0.621999,0.802545,0.635631,1.128312",,,0.461324,5.136161,4.074828,0.496507
967,155040,500.0,384.36,,4.069916727542878,75.42055535316467,61,,"0.621999,0.802545,0.635631,1.128312",,,0.461324,5.136161,4.074828,0.496507
968,155540,500.0,387.35,,4.069916727542878,75.42055535316467,61,,"0.621999,0.802545,0.635631,1.128312",,,0.461324,5.136161,4.074828,0.496507
969,156040,500.0,389.84,,4.069916727542878,75.42055535316467,61,,"0.621999,0.802545,0.635631,1.128312",,,0.461324,5.136161,4.074828,0.496507
970,156331,291.0,391.12,,4.069916727542878,75.42055535316467,61,,"0.621999,0.802545,0.635631,1.128312",,,0.461324,5.136161,4.074828,0.496507
971,156831,500.0,394.15,,4.069916727542878,75.42055535316467,61,,"0.621999,0.802545,0.635631,1.128312",,,0.461324,5.136161,4.074828,0.496507
972,157036,205.0,392.62,,4.069916727542878,75.42055535316467,61,,"0.621999,0.802545,0.635631,1.128312",,,0.461324,5.136161,4.074828,0.496507
973,157536,500.0,396.29,,4.069916727542878,75.42055535316467,61,,"0.621999,0.802545,0.635631,1.128312",,,0.461324,5.136161,4.074828,0.496507
974,158036,500.0,399.59,,4.069916727542878,75.42055535316467,61,,"0.621999,0.802545,0.635631,1.128312",,,0.461324,5.136161,4.074828,0.496507
975,158536,500.0,402.83,,4.069916727542878,75.42055535316467,61,,"0.621999,0.802545,0.635631,1.128312",,,0.461324,5.136161,4.074828,0.496507
976,158780,244.0,403.65,,3.9121238780021668,77.92916512489319,62,,"0.617648,0.801654,0.637184,1.130418",,,0.461218,5.162785,4.122831,0.566804
977,159280,500.0,406.03,,3.9121238780021668,77.92916512489319,62,,"0.617648,0.801654,0.637184,1.130418",,,0.461218,5.162785,4.122831,0.566804
978,159780,500.0,409.08,,3.9121238780021668,77.92916512489319,62,,"0.617648,0.801654,0.637184,1.130418",,,0.461218,5.162785,4.122831,0.566804
979,160111,331.0,410.05,,3.9121238780021668,77.92916512489319,62,,"0.617648,0.801654,0.637184,1.130418",,,0.461218,5.162785,4.122831,0.566804
980,160611,500.0,412.43,,3.9121238780021668,77.92916512489319,62,,"0.617648,0.801654,0.637184,1.130418",,,0.461218,5.162785,4.122831,0.566804
981,160846,235.0,412.32,,3.9121238780021668,77.92916512489319,62,,"0.617648,0.801654,0.637184,1.130418",,,0.461218,5.162785,4.122831,0.566804
982,161346,500.0,412.83,,3.9121238780021668,77.92916512489319,62,,"0.617648,0.801654,0.637184,1.130418",,,0.461218,5.162785,4.122831,0.566804
983,161846,500.0,412.83,,3.9121238780021668,77.92916512489319,62,,"0.617648,0.801654,0.637184,1.130418",,,0.461218,5.162785,4.122831,0.566804
984,162346,500.0,415.66,,3.9121238780021668,77.92916512489319,62,,"0.617648,0.801654,0.637184,1.130418",,,0.461218,5.162785,4.122831,0.566804
985,162846,500.0,418.87,,3.9121238780021668,77.92916512489319,62,,"0.617648,0.801654,0.637184,1.130418",,,0.461218,5.162785,4.122831,0.566804
986,163346,500.0,418.87,,3.9121238780021668,77.92916512489319,62,,"0.617648,0.801654,0.637184,1.130418",,,0.461218,5.162785,4.122831,0.566804
987,163846,500.0,419.64,,3.9121238780021668,77.92916512489319,62,,"0.617648,0.801654,0.637184,1.130418",,,0.461218,5.162785,4.122831,0.566804
988,164346,500.0,422.4,,3.9121238780021668,77.92916512489319,62,,"0.617648,0.801654,0.637184,1.130418",,,0.461218,5.162785,4.122831,0.566804
989,164846,500.0,425.5,,3.9121238780021668,77.92916512489319,62,,"0.617648,0.801654,0.637184,1.130418",,,0.461218,5.162785,4.122831,0.566804
990,165127,281.0,423.31,,3.9121238780021668,77.92916512489319,62,,"0.617648,0.801654,0.637184,1.130418",,,0.461218,5.162785,4.122831,0.566804
991,165627,500.0,423.31,,3.9121238780021668,77.92916512489319,62,,"0.617648,0.801654,0.637184,1.130418",,,0.461218,5.162785,4.122831,0.566804
992,166127,500.0,423.31,,3.766251873970032,80.41915440559387,63,,"0.613661,0.800944,0.638932,1.132238",,,0.456513,5.187954,3.885812,0.468699
993,166389,262.0,424.22,,3.766251873970032,80.41915440559387,63,,"0.613661,0.800944,0.638932,1.132238",,,0.456513,5.187954,3.885812,0.468699
994,166889,500.0,426.86,,3.766251873970032,80.41915440559387,63,,"0.613661,0.800944,0.638932,1.132238",,,0.456513,5.187954,3.885812,0.468699
995,167389,500.0,429.98,,3.766251873970032,80.42016959190369,63,,"0.613661,0.800944,0.638932,1.132238",,,0.456513,5.187954,3.885812,0.468699
996,167889,500.0,429.98,,3.766251873970032,80.42016959190369,63,,"0.613661,0.800944,0.638932,1.132238",,,0.456513,5.187954,3.885812,0.468699
997,168389,500.0,429.98,,3.766251873970032,80.42016959190369,63,,"0.613661,0.800944,0.638932,1.132238",,,0.456513,5.187954,3.885812,0.468699
998,168889,500.0,430.46,,3.766251873970032,80.42016959190369,63,,"0.613661,0.800944,0.638932,1.132238",,,0.456513,5.187954,3.885812,0.468699
999,169389,500.0,430.46,,3.766251873970032,80.42016959190369,63,,"0.613661,0.800944,0.638932,1.132238",500.0,0.0,0.456513,5.187954,3.885812,0.468699
1000,169889,500.0,433.56,,3.766251873970032,80.42016959190369,63,,"0.613661,0.800944,0.638932,1.132238",,,0.456513,5.187954,3.885812,0.468699
1001,170389,500.0,434.88,,3.766251873970032,80.42016959190369,63,,"0.613661,0.800944,0.638932,1.132238",,,0.456513,5.187954,3.885812,0.468699
1002,170644,255.0,435.13,,3.766251873970032,80.42016959190369,63,,"0.613661,0.800944,0.638932,1.132238",,,0.456513,5.187954,3.885812,0.468699
1003,171144,500.0,435.45,,3.766251873970032,80.42016959190369,63,,"0.613661,0.800944,0.638932,1.132238",,,0.456513,5.187954,3.885812,0.468699
1004,171644,500.0,435.45,,3.766251873970032,80.42016959190369,63,,"0.613661,0.800944,0.638932,1.132238",,,0.456513,5.187954,3.885812,0.468699
1005,172144,500.0,438.65,,3.766251873970032,80.42016959190369,63,,"0.613661,0.800944,0.638932,1.132238",,,0.456513,5.187954,3.885812,0.468699
1006,172644,500.0,439.99,,3.766251873970032,80.42016959190369,63,,"0.613661,0.800944,0.638932,1.132238",,,0.456513,5.187954,3.885812,0.468699
1007,173144,500.0,439.99,,3.766251873970032,80.42016959190369,63,,"0.613661,0.800944,0.638932,1.132238",,,0.456513,5.187954,3.885812,0.468699
1008,173644,500.0,439.99,,3.605034976005554,83.03526401519775,64,,"0.609714,0.800017,0.641237,1.133973",,,0.448541,5.214306,3.740682,0.466767
1009,174068,424.0,442.37,,3.605034976005554,83.03526401519775,64,,"0.609714,0.800017,0.641237,1.133973",,,0.448541,5.214306,3.740682,0.466767
1010,174568,500.0,442.37,,3.605034976005554,83.03526401519775,64,,"0.609714,0.800017,0.641237,1.133973",,,0.448541,5.214306,3.740682,0.466767
1011,175068,500.0,445.48,,3.605034976005554,83.03526401519775,64,,"0.609714,0.800017,0.641237,1.133973",,,0.448541,5.214306,3.740682,0.466767
1012,175568,500.0,447.3,,3.605034976005554,83.03526401519775,64,,"0.609714,0.800017,0.641237,1.133973",,,0.448541,5.214306,3.740682,0.466767
1013,176068,500.0,447.3,,3.605034976005554,83.03526401519775,64,,"0.609714,0.800017,0.641237,1.133973",,,0.448541,5.214306,3.740682,0.466767
1014,176568,500.0,449.37,,3.605034976005554,83.03526401519775,64,,"0.609714,0.800017,0.641237,1.133973",,,0.448541,5.214306,3.740682,0.466767
1015,177068,500.0,452.0,,3.605034976005554,83.03526401519775,64,,"0.609714,0.800017,0.641237,1.133973",,,0.448541,5.214306,3.740682,0.466767
1016,177568,500.0,452.01,,3.605034976005554,83.03526401519775,64,,"0.609714,0.800017,0.641237,1.133973",,,0.448541,5.214306,3.740682,0.466767
1017,178068,500.0,452.01,,3.605034976005554,83.03526401519775,64,,"0.609714,0.800017,0.641237,1.133973",,,0.448541,5.214306,3.740682,0.466767
1018,178568,500.0,455.01,,3.605034976005554,83.03526401519775,64,,"0.609714,0.800017,0.641237,1.133973",,,0.448541,5.214306,3.740682,0.466767
1019,179068,500.0,455.01,,3.605034976005554,83.03526401519775,64,,"0.609714,0.800017,0.641237,1.133973",,,0.448541,5.214306,3.740682,0.466767
1020,179291,223.0,452.24,,3.605034976005554,83.03526401519775,64,,"0.609714,0.800017,0.641237,1.133973",,,0.448541,5.214306,3.740682,0.466767
1021,179791,500.0,455.03,,3.605034976005554,83.03526401519775,64,,"0.609714,0.800017,0.641237,1.133973",,,0.448541,5.214306,3.740682,0.466767
1022,180126,335.0,453.38,,3.605034976005554,83.03526401519775,64,,"0.609714,0.800017,0.641237,1.133973",,,0.448541,5.214306,3.740682,0.466767
1023,180626,500.0,453.38,,3.605034976005554,83.03526401519775,64,,"0.609714,0.800017,0.641237,1.133973",,,0.448541,5.214306,3.740682,0.466767
1024,181126,500.0,454.06,,3.4786784482002258,87.66700768470764,65,,"0.606163,0.799260,0.643825,1.135803",,,0.451964,5.240374,3.363395,-0.220827
1025,181626,500.0,456.85,,3.4786784482002258,87.66858005523682,65,,"0.606163,0.799260,0.643825,1.135803",,,0.451964,5.240374,3.363395,-0.220827
1026,182126,500.0,456.85,,3.4786784482002258,87.66858005523682,65,,"0.606163,0.799260,0.643825,1.135803",,,0.451964,5.240374,3.363395,-0.220827
1027,182626,500.0,456.85,,3.4786784482002258,87.66858005523682,65,,"0.606163,0.799260,0.643825,1.135803",,,0.451964,5.240374,3.363395,-0.220827
1028,183126,500.0,456.85,,3.4786784482002258,87.66858005523682,65,,"0.606163,0.799260,0.643825,1.135803",,,0.451964,5.240374,3.363395,-0.220827
1029,183626,500.0,456.85,,3.4786784482002258,87.66858005523682,65,,"0.606163,0.799260,0.643825,1.135803",,,0.451964,5.240374,3.363395,-0.220827
1030,184126,500.0,456.85,,3.4786784482002258,87.66858005523682,65,,"0.606163,0.799260,0.643825,1.135803",,,0.451964,5.240374,3.363395,-0.220827
1031,184626,500.0,456.85,,3.4786784482002258,87.66858005523682,65,,"0.606163,0.799260,0.643825,1.135803",,,0.451964,5.240374,3.363395,-0.220827
1032,185126,500.0,456.85,,3.4786784482002258,87.66858005523682,65,,"0.606163,0.799260,0.643825,1.135803",,,0.451964,5.240374,3.363395,-0.220827
1033,185626,500.0,459.22,,3.4786784482002258,87.66858005523682,65,,"0.606163,0.799260,0.643825,1.135803",,,0.451964,5.240374,3.363395,-0.220827
1034,186126,500.0,460.49,,3.4786784482002258,87.66858005523682,65,,"0.606163,0.799260,0.643825,1.135803",,,0.451964,5.240374,3.363395,-0.220827
1035,186626,500.0,462.97,,3.4786784482002258,87.66858005523682,65,,"0.606163,0.799260,0.643825,1.135803",,,0.451964,5.240374,3.363395,-0.220827
1036,187126,500.0,462.97,,3.4786784482002258,87.66858005523682,65,,"0.606163,0.799260,0.643825,1.135803",,,0.451964,5.240374,3.363395,-0.220827
1037,187626,500.0,465.63,,3.4786784482002258,87.66858005523682,65,,"0.606163,0.799260,0.643825,1.135803",,,0.451964,5.240374,3.363395,-0.220827
1038,188126,500.0,465.63,,3.4786784482002258,87.66858005523682,65,,"0.606163,0.799260,0.643825,1.135803",,,0.451964,5.240374,3.363395,-0.220827
1039,188626,500.0,468.12,,3.4786784482002258,87.66858005523682,65,,"0.606163,0.799260,0.643825,1.135803",,,0.451964,5.240374,3.363395,-0.220827
1040,189126,500.0,468.12,,3.355047492980957,90.24340438842773,66,,"0.602774,0.798614,0.646949,1.137754",,,0.448815,5.266356,3.410063,0.296909
1041,189626,500.0,468.12,,3.355047492980957,90.24340438842773,66,,"0.602774,0.798614,0.646949,1.137754",,,0.448815,5.266356,3.410063,0.296909
1042,190126,500.0,471.8,,3.355047492980957,90.24340438842773,66,,"0.602774,0.798614,0.646949,1.137754",,,0.448815,5.266356,3.410063,0.296909
1043,190626,500.0,473.22,,3.355047492980957,90.24340438842773,66,,"0.602774,0.798614,0.646949,1.137754",,,0.448815,5.266356,3.410063,0.296909
1044,191126,500.0,473.22,,3.355047492980957,90.24340438842773,66,,"0.602774,0.798614,0.646949,1.137754",,,0.448815,5.266356,3.410063,0.296909
1045,191328,202.0,470.24,,3.355047492980957,90.24340438842773,66,,"0.602774,0.798614,0.646949,1.137754",,,0.448815,5.266356,3.410063,0.296909
1046,191828,500.0,470.24,,3.355047492980957,90.24340438842773,66,,"0.602774,0.798614,0.646949,1.137754",,,0.448815,5.266356,3.410063,0.296909
1047,192328,500.0,470.24,,3.355047492980957,90.24340438842773,66,,"0.602774,0.798614,0.646949,1.137754",,,0.448815,5.266356,3.410063,0.296909
1048,192828,500.0,470.24,,3.355047492980957,90.24340438842773,66,,"0.602774,0.798614,0.646949,1.137754",,,0.448815,5.266356,3.410063,0.296909
1049,193328,500.0,470.24,,3.355047492980957,90.24340438842773,66,,"0.602774,0.798614,0.646949,1.137754",500.0,0.0,0.448815,5.266356,3.410063,0.296909
1050,193828,500.0,470.24,,3.355047492980957,90.24340438842773,66,,"0.602774,0.798614,0.646949,1.137754",,,0.448815,5.266356,3.410063,0.296909
1051,194328,500.0,470.24,,3.355047492980957,90.24340438842773,66,,"0.602774,0.798614,0.646949,1.137754",,,0.448815,5.266356,3.410063,0.296909
1052,194828,500.0,472.75,,3.355047492980957,90.24340438842773,66,,"0.602774,0.798614,0.646949,1.137754",,,0.448815,5.266356,3.410063,0.296909
1053,195328,500.0,472.75,,3.355047492980957,90.24340438842773,66,,"0.602774,0.798614,0.646949,1.137754",,,0.448815,5.266356,3.410063,0.296909
1054,195828,500.0,472.75,,3.355047492980957,90.24340438842773,66,,"0.602774,0.798614,0.646949,1.137754",,,0.448815,5.266356,3.410063,0.296909
1055,196328,500.0,472.75,,3.355047492980957,90.24340438842773,66,,"0.602774,0.798614,0.646949,1.137754",,,0.448815,5.266356,3.410063,0.296909
1056,196828,500.0,472.75,,3.2326440095901487,92.74104809761047,67,,"0.598933,0.798006,0.650513,1.139943",,,0.440959,5.292747,2.908253,-0.278018
1057,197328,500.0,472.75,,3.2326440095901487,92.74104809761047,67,,"0.598933,0.798006,0.650513,1.139943",,,0.440959,5.292747,2.908253,-0.278018
1058,197828,500.0,472.88,,3.2326440095901487,92.74206256866455,67,,"0.598933,0.798006,0.650513,1.139943",,,0.440959,5.292747,2.908253,-0.278018
1059,198328,500.0,472.88,,3.2326440095901487,92.74206256866455,67,,"0.598933,0.798006,0.650513,1.139943",,,0.440959,5.292747,2.908253,-0.278018
1060,198828,500.0,472.88,,3.2326440095901487,92.74206256866455,67,,"0.598933,0.798006,0.650513,1.139943",,,0.440959,5.292747,2.908253,-0.278018
1061,199328,500.0,472.88,,3.2326440095901487,92.74206256866455,67,,"0.598933,0.798006,0.650513,1.139943",,,0.440959,5.292747,2.908253,-0.278018
1062,199828,500.0,472.88,,3.2326440095901487,92.74206256866455,67,,"0.598933,0.798006,0.650513,1.139943",,,0.440959,5.292747,2.908253,-0.278018
1063,200328,500.0,472.88,,3.2326440095901487,92.74206256866455,67,,"0.598933,0.798006,0.650513,1.139943",,,0.440959,5.292747,2.908253,-0.278018
1064,200828,500.0,472.88,,3.2326440095901487,92.74206256866455,67,,"0.598933,0.798006,0.650513,1.139943",,,0.440959,5.292747,2.908253,-0.278018
1065,201328,500.0,472.88,,3.2326440095901487,92.74206256866455,67,,"0.598933,0.798006,0.650513,1.139943",,,0.440959,5.292747,2.908253,-0.278018
1066,201828,500.0,472.88,,3.2326440095901487,92.74206256866455,67,,"0.598933,0.798006,0.650513,1.139943",,,0.440959,5.292747,2.908253,-0.278018
1067,202328,500.0,472.88,,3.2326440095901487,92.74206256866455,67,,"0.598933,0.798006,0.650513,1.139943",,,0.440959,5.292747,2.908253,-0.278018
1068,202828,500.0,472.88,,3.2326440095901487,92.74206256866455,67,,"0.598933,0.798006,0.650513,1.139943",,,0.440959,5.292747,2.908253,-0.278018
1069,203328,500.0,472.88,,3.2326440095901487,92.74206256866455,67,,"0.598933,0.798006,0.650513,1.139943",,,0.440959,5.292747,2.908253,-0.278018
1070,203828,500.0,474.97,,3.2326440095901487,92.74206256866455,67,,"0.598933,0.798006,0.650513,1.139943",,,0.440959,5.292747,2.908253,-0.278018
1071,204328,500.0,474.97,,3.2326440095901487,92.74206256866455,67,,"0.598933,0.798006,0.650513,1.139943",,,0.440959,5.292747,2.908253,-0.278018
1072,204828,500.0,477.92,,3.120416769981384,95.19993448257446,68,,"0.595047,0.797505,0.654560,1.142343",,,0.442796,5.319641,2.973880,-0.184972
