episode,total_env_steps,episode_reward,avg_reward_100,epsilon,mean_loss,wall_clock_s,grad_steps,w,lam,eval_mean_reward,eval_std_reward,entropy,beta,value_loss,explained_variance
0,19,19.0,19.0,,18.933408737182617,0.7961382865905762,1,,"0.990003,1.010000,0.990000,1.010000",,,0.688678,1.064336,37.865356,0.591236
1,64,45.0,32.0,,18.933408737182617,0.7971563339233398,1,,"0.990003,1.010000,0.990000,1.010000",,,0.688678,1.064336,37.865356,0.591236
2,91,27.0,30.333333333333332,,18.933408737182617,0.7971563339233398,1,,"0.990003,1.010000,0.990000,1.010000",,,0.688678,1.064336,37.865356,0.591236
3,108,17.0,27.0,,18.933408737182617,0.7971563339233398,1,,"0.990003,1.010000,0.990000,1.010000",,,0.688678,1.064336,37.865356,0.591236
4,137,29.0,27.4,,18.933408737182617,0.8114449977874756,1,,"0.990003,1.010000,0.990000,1.010000",,,0.688678,1.064336,37.865356,0.591236
5,155,18.0,25.833333333333332,,18.933408737182617,0.8114449977874756,1,,"0.990003,1.010000,0.990000,1.010000",,,0.688678,1.064336,37.865356,0.591236
6,209,54.0,29.857142857142858,,18.933408737182617,0.8114449977874756,1,,"0.990003,1.010000,0.990000,1.010000",,,0.688678,1.064336,37.865356,0.591236
7,225,16.0,28.125,,18.933408737182617,0.8114449977874756,1,,"0.990003,1.010000,0.990000,1.010000",,,0.688678,1.064336,37.865356,0.591236
8,241,16.0,26.77777777777778,,18.933408737182617,0.8114449977874756,1,,"0.990003,1.010000,0.990000,1.010000",,,0.688678,1.064336,37.865356,0.591236
9,254,13.0,25.4,,18.933408737182617,0.8114449977874756,1,,"0.990003,1.010000,0.990000,1.010000",,,0.688678,1.064336,37.865356,0.591236
10,265,11.0,24.09090909090909,,18.933408737182617,0.8114449977874756,1,,"0.990003,1.010000,0.990000,1.010000",,,0.688678,1.064336,37.865356,0.591236
11,296,31.0,24.666666666666668,,18.933408737182617,0.8130505084991455,1,,"0.990003,1.010000,0.990000,1.010000",,,0.688678,1.064336,37.865356,0.591236
12,320,24.0,24.615384615384617,,18.933408737182617,0.8130505084991455,1,,"0.990003,1.010000,0.990000,1.010000",,,0.688678,1.064336,37.865356,0.591236
13,334,14.0,23.857142857142858,,18.933408737182617,0.8130505084991455,1,,"0.990003,1.010000,0.990000,1.010000",,,0.688678,1.064336,37.865356,0.591236
14,361,27.0,24.066666666666666,,18.933408737182617,0.8130505084991455,1,,"0.990003,1.010000,0.990000,1.010000",,,0.688678,1.064336,37.865356,0.591236
15,383,22.0,23.9375,,18.933408737182617,0.8130505084991455,1,,"0.990003,1.010000,0.990000,1.010000",,,0.688678,1.064336,37.865356,0.591236
16,434,51.0,25.529411764705884,,17.083900928497314,1.8837080001831055,2,,"0.995947,1.019942,0.979998,1.020005",,,0.686981,1.115129,30.486780,0.278469
17,450,16.0,25.0,,17.083900928497314,1.8837080001831055,2,,"0.995947,1.019942,0.979998,1.020005",,,0.686981,1.115129,30.486780,0.278469
18,479,29.0,25.210526315789473,,17.083900928497314,1.8837080001831055,2,,"0.995947,1.019942,0.979998,1.020005",,,0.686981,1.115129,30.486780,0.278469
19,488,9.0,24.4,,17.083900928497314,1.8852150440216064,2,,"0.995947,1.019942,0.979998,1.020005",,,0.686981,1.115129,30.486780,0.278469
20,506,18.0,24.095238095238095,,17.083900928497314,1.8852150440216064,2,,"0.995947,1.019942,0.979998,1.020005",,,0.686981,1.115129,30.486780,0.278469
21,541,35.0,24.59090909090909,,17.083900928497314,1.8852150440216064,2,,"0.995947,1.019942,0.979998,1.020005",,,0.686981,1.115129,30.486780,0.278469
22,555,14.0,24.130434782608695,,17.083900928497314,1.8852150440216064,2,,"0.995947,1.019942,0.979998,1.020005",,,0.686981,1.115129,30.486780,0.278469
23,594,39.0,24.75,,17.083900928497314,1.8852150440216064,2,,"0.995947,1.019942,0.979998,1.020005",,,0.686981,1.115129,30.486780,0.278469
24,624,30.0,24.96,,17.083900928497314,1.8852150440216064,2,,"0.995947,1.019942,0.979998,1.020005",,,0.686981,1.115129,30.486780,0.278469
25,677,53.0,26.03846153846154,,17.083900928497314,1.8852150440216064,2,,"0.995947,1.019942,0.979998,1.020005",,,0.686981,1.115129,30.486780,0.278469
26,688,11.0,25.48148148148148,,17.083900928497314,1.8852150440216064,2,,"0.995947,1.019942,0.979998,1.020005",,,0.686981,1.115129,30.486780,0.278469
27,702,14.0,25.071428571428573,,17.083900928497314,1.8852150440216064,2,,"0.995947,1.019942,0.979998,1.020005",,,0.686981,1.115129,30.486780,0.278469
28,713,11.0,24.586206896551722,,17.083900928497314,1.886223316192627,2,,"0.995947,1.019942,0.979998,1.020005",,,0.686981,1.115129,30.486780,0.278469
29,726,13.0,24.2,,17.083900928497314,1.886223316192627,2,,"0.995947,1.019942,0.979998,1.020005",,,0.686981,1.115129,30.486780,0.278469
30,800,74.0,25.806451612903224,,17.083900928497314,1.886223316192627,2,,"0.995947,1.019942,0.979998,1.020005",,,0.686981,1.115129,30.486780,0.278469
31,819,19.0,25.59375,,17.083900928497314,1.886223316192627,2,,"0.995947,1.019942,0.979998,1.020005",,,0.686981,1.115129,30.486780,0.278469
32,837,18.0,25.363636363636363,,16.795615832010906,2.879812002182007,3,,"0.993271,1.029658,0.977506,1.027145",,,0.686569,1.171493,32.480621,0.349322
33,874,37.0,25.705882352941178,,16.795615832010906,2.879812002182007,3,,"0.993271,1.029658,0.977506,1.027145",,,0.686569,1.171493,32.480621,0.349322
34,889,15.0,25.4,,16.795615832010906,2.879812002182007,3,,"0.993271,1.029658,0.977506,1.027145",,,0.686569,1.171493,32.480621,0.349322
35,899,10.0,24.97222222222222,,16.795615832010906,2.879812002182007,3,,"0.993271,1.029658,0.977506,1.027145",,,0.686569,1.171493,32.480621,0.349322
36,915,16.0,24.72972972972973,,16.795615832010906,2.879812002182007,3,,"0.993271,1.029658,0.977506,1.027145",,,0.686569,1.171493,32.480621,0.349322
37,976,61.0,25.68421052631579,,16.795615832010906,2.879812002182007,3,,"0.993271,1.029658,0.977506,1.027145",,,0.686569,1.171493,32.480621,0.349322
38,1008,32.0,25.846153846153847,,16.795615832010906,2.879812002182007,3,,"0.993271,1.029658,0.977506,1.027145",,,0.686569,1.171493,32.480621,0.349322
39,1020,12.0,25.5,,16.795615832010906,2.879812002182007,3,,"0.993271,1.029658,0.977506,1.027145",,,0.686569,1.171493,32.480621,0.349322
40,1059,39.0,25.829268292682926,,16.795615832010906,2.879812002182007,3,,"0.993271,1.029658,0.977506,1.027145",,,0.686569,1.171493,32.480621,0.349322
41,1083,24.0,25.785714285714285,,16.795615832010906,2.8808112144470215,3,,"0.993271,1.029658,0.977506,1.027145",,,0.686569,1.171493,32.480621,0.349322
42,1143,60.0,26.58139534883721,,16.795615832010906,2.8808112144470215,3,,"0.993271,1.029658,0.977506,1.027145",,,0.686569,1.171493,32.480621,0.349322
43,1161,18.0,26.386363636363637,,16.795615832010906,2.8808112144470215,3,,"0.993271,1.029658,0.977506,1.027145",,,0.686569,1.171493,32.480621,0.349322
44,1177,16.0,26.155555555555555,,16.795615832010906,2.8808112144470215,3,,"0.993271,1.029658,0.977506,1.027145",,,0.686569,1.171493,32.480621,0.349322
45,1197,20.0,26.02173913043478,,16.795615832010906,2.8808112144470215,3,,"0.993271,1.029658,0.977506,1.027145",,,0.686569,1.171493,32.480621,0.349322
46,1218,21.0,25.914893617021278,,16.795615832010906,2.8808112144470215,3,,"0.993271,1.029658,0.977506,1.027145",,,0.686569,1.171493,32.480621,0.349322
47,1245,27.0,25.9375,,16.795615832010906,2.8808112144470215,3,,"0.993271,1.029658,0.977506,1.027145",,,0.686569,1.171493,32.480621,0.349322
48,1266,21.0,25.836734693877553,,17.344286680221558,3.582796573638916,4,,"0.990602,1.039509,0.972543,1.035286",,,0.683726,1.231115,38.003990,0.510784
49,1306,40.0,26.12,,17.344286680221558,3.583791494369507,4,,"0.990602,1.039509,0.972543,1.035286",65.6,36.74016875301473,0.683726,1.231115,38.003990,0.510784
50,1330,24.0,26.07843137254902,,17.344286680221558,3.583791494369507,4,,"0.990602,1.039509,0.972543,1.035286",,,0.683726,1.231115,38.003990,0.510784
51,1342,12.0,25.807692307692307,,17.344286680221558,3.583791494369507,4,,"0.990602,1.039509,0.972543,1.035286",,,0.683726,1.231115,38.003990,0.510784
52,1364,22.0,25.735849056603772,,17.344286680221558,3.5847866535186768,4,,"0.990602,1.039509,0.972543,1.035286",,,0.683726,1.231115,38.003990,0.510784
53,1385,21.0,25.64814814814815,,17.344286680221558,3.5847866535186768,4,,"0.990602,1.039509,0.972543,1.035286",,,0.683726,1.231115,38.003990,0.510784
54,1424,39.0,25.89090909090909,,17.344286680221558,3.5847866535186768,4,,"0.990602,1.039509,0.972543,1.035286",,,0.683726,1.231115,38.003990,0.510784
55,1444,20.0,25.785714285714285,,17.344286680221558,3.5847866535186768,4,,"0.990602,1.039509,0.972543,1.035286",,,0.683726,1.231115,38.003990,0.510784
56,1482,38.0,26.0,,17.344286680221558,3.5847866535186768,4,,"0.990602,1.039509,0.972543,1.035286",,,0.683726,1.231115,38.003990,0.510784
57,1495,13.0,25.775862068965516,,17.344286680221558,3.5847866535186768,4,,"0.990602,1.039509,0.972543,1.035286",,,0.683726,1.231115,38.003990,0.510784
58,1517,22.0,25.71186440677966,,17.344286680221558,3.5847866535186768,4,,"0.990602,1.039509,0.972543,1.035286",,,0.683726,1.231115,38.003990,0.510784
59,1535,18.0,25.583333333333332,,17.344286680221558,3.5847866535186768,4,,"0.990602,1.039509,0.972543,1.035286",,,0.683726,1.231115,38.003990,0.510784
60,1555,20.0,25.491803278688526,,17.344286680221558,3.5847866535186768,4,,"0.990602,1.039509,0.972543,1.035286",,,0.683726,1.231115,38.003990,0.510784
61,1565,10.0,25.241935483870968,,17.344286680221558,3.5847866535186768,4,,"0.990602,1.039509,0.972543,1.035286",,,0.683726,1.231115,38.003990,0.510784
62,1579,14.0,25.063492063492063,,17.344286680221558,3.585789680480957,4,,"0.990602,1.039509,0.972543,1.035286",,,0.683726,1.231115,38.003990,0.510784
63,1599,20.0,24.984375,,17.344286680221558,3.585789680480957,4,,"0.990602,1.039509,0.972543,1.035286",,,0.683726,1.231115,38.003990,0.510784
64,1616,17.0,24.861538461538462,,17.054912757873534,4.489521026611328,5,,"0.986262,1.048113,0.967875,1.043825",,,0.681632,1.295680,31.844494,0.398005
65,1632,16.0,24.727272727272727,,17.054912757873534,4.4905219078063965,5,,"0.986262,1.048113,0.967875,1.043825",,,0.681632,1.295680,31.844494,0.398005
66,1659,27.0,24.761194029850746,,17.054912757873534,4.4905219078063965,5,,"0.986262,1.048113,0.967875,1.043825",,,0.681632,1.295680,31.844494,0.398005
67,1707,48.0,25.102941176470587,,17.054912757873534,4.4905219078063965,5,,"0.986262,1.048113,0.967875,1.043825",,,0.681632,1.295680,31.844494,0.398005
68,1724,17.0,24.985507246376812,,17.054912757873534,4.491517543792725,5,,"0.986262,1.048113,0.967875,1.043825",,,0.681632,1.295680,31.844494,0.398005
69,1737,13.0,24.814285714285713,,17.054912757873534,4.491517543792725,5,,"0.986262,1.048113,0.967875,1.043825",,,0.681632,1.295680,31.844494,0.398005
70,1763,26.0,24.830985915492956,,17.054912757873534,4.491517543792725,5,,"0.986262,1.048113,0.967875,1.043825",,,0.681632,1.295680,31.844494,0.398005
71,1785,22.0,24.791666666666668,,17.054912757873534,4.491517543792725,5,,"0.986262,1.048113,0.967875,1.043825",,,0.681632,1.295680,31.844494,0.398005
72,1803,18.0,24.698630136986303,,17.054912757873534,4.491517543792725,5,,"0.986262,1.048113,0.967875,1.043825",,,0.681632,1.295680,31.844494,0.398005
73,1861,58.0,25.14864864864865,,17.054912757873534,4.491517543792725,5,,"0.986262,1.048113,0.967875,1.043825",,,0.681632,1.295680,31.844494,0.398005
74,1907,46.0,25.426666666666666,,17.054912757873534,4.491517543792725,5,,"0.986262,1.048113,0.967875,1.043825",,,0.681632,1.295680,31.844494,0.398005
75,1924,17.0,25.31578947368421,,17.054912757873534,4.491517543792725,5,,"0.986262,1.048113,0.967875,1.043825",,,0.681632,1.295680,31.844494,0.398005
76,1961,37.0,25.467532467532468,,17.054912757873534,4.491517543792725,5,,"0.986262,1.048113,0.967875,1.043825",,,0.681632,1.295680,31.844494,0.398005
77,1982,21.0,25.41025641025641,,17.054912757873534,4.491517543792725,5,,"0.986262,1.048113,0.967875,1.043825",,,0.681632,1.295680,31.844494,0.398005
78,2034,52.0,25.746835443037973,,17.054912757873534,4.491517543792725,5,,"0.986262,1.048113,0.967875,1.043825",,,0.681632,1.295680,31.844494,0.398005
79,2056,22.0,25.7,,17.054912757873534,4.491517543792725,5,,"0.986262,1.048113,0.967875,1.043825",,,0.681632,1.295680,31.844494,0.398005
80,2117,61.0,26.135802469135804,,16.711913585662842,5.509793519973755,6,,"0.982915,1.057173,0.963422,1.052824",,,0.678298,1.364437,30.040205,0.434779
81,2134,17.0,26.024390243902438,,16.711913585662842,5.509793519973755,6,,"0.982915,1.057173,0.963422,1.052824",,,0.678298,1.364437,30.040205,0.434779
82,2169,35.0,26.132530120481928,,16.711913585662842,5.509793519973755,6,,"0.982915,1.057173,0.963422,1.052824",,,0.678298,1.364437,30.040205,0.434779
83,2184,15.0,26.0,,16.711913585662842,5.509793519973755,6,,"0.982915,1.057173,0.963422,1.052824",,,0.678298,1.364437,30.040205,0.434779
84,2208,24.0,25.976470588235294,,16.711913585662842,5.509793519973755,6,,"0.982915,1.057173,0.963422,1.052824",,,0.678298,1.364437,30.040205,0.434779
85,2227,19.0,25.8953488372093,,16.711913585662842,5.509793519973755,6,,"0.982915,1.057173,0.963422,1.052824",,,0.678298,1.364437,30.040205,0.434779
86,2254,27.0,25.908045977011493,,16.711913585662842,5.509793519973755,6,,"0.982915,1.057173,0.963422,1.052824",,,0.678298,1.364437,30.040205,0.434779
87,2268,14.0,25.772727272727273,,16.711913585662842,5.509793519973755,6,,"0.982915,1.057173,0.963422,1.052824",,,0.678298,1.364437,30.040205,0.434779
88,2280,12.0,25.617977528089888,,16.711913585662842,5.509793519973755,6,,"0.982915,1.057173,0.963422,1.052824",,,0.678298,1.364437,30.040205,0.434779
89,2293,13.0,25.477777777777778,,16.711913585662842,5.509793519973755,6,,"0.982915,1.057173,0.963422,1.052824",,,0.678298,1.364437,30.040205,0.434779
90,2351,58.0,25.835164835164836,,16.711913585662842,5.509793519973755,6,,"0.982915,1.057173,0.963422,1.052824",,,0.678298,1.364437,30.040205,0.434779
91,2368,17.0,25.73913043478261,,16.711913585662842,5.509793519973755,6,,"0.982915,1.057173,0.963422,1.052824",,,0.678298,1.364437,30.040205,0.434779
92,2400,32.0,25.806451612903224,,16.711913585662842,5.509793519973755,6,,"0.982915,1.057173,0.963422,1.052824",,,0.678298,1.364437,30.040205,0.434779
93,2439,39.0,25.9468085106383,,16.711913585662842,5.509793519973755,6,,"0.982915,1.057173,0.963422,1.052824",,,0.678298,1.364437,30.040205,0.434779
94,2484,45.0,26.147368421052633,,16.711913585662842,5.509793519973755,6,,"0.982915,1.057173,0.963422,1.052824",,,0.678298,1.364437,30.040205,0.434779
95,2514,30.0,26.1875,,16.711913585662842,5.509793519973755,6,,"0.982915,1.057173,0.963422,1.052824",,,0.678298,1.364437,30.040205,0.434779
96,2542,28.0,26.20618556701031,,16.456497192382812,6.429426908493042,7,,"0.977479,1.066519,0.961464,1.059430",,,0.675982,1.435712,29.935419,0.444462
97,2568,26.0,26.20408163265306,,16.456497192382812,6.429426908493042,7,,"0.977479,1.066519,0.961464,1.059430",,,0.675982,1.435712,29.935419,0.444462
98,2585,17.0,26.11111111111111,,16.456497192382812,6.429426908493042,7,,"0.977479,1.066519,0.961464,1.059430",,,0.675982,1.435712,29.935419,0.444462
99,2621,36.0,26.21,,16.456497192382812,6.429426908493042,7,,"0.977479,1.066519,0.961464,1.059430",218.4,148.30320293237097,0.675982,1.435712,29.935419,0.444462
100,2632,11.0,26.13,,16.456497192382812,6.429426908493042,7,,"0.977479,1.066519,0.961464,1.059430",,,0.675982,1.435712,29.935419,0.444462
101,2660,28.0,25.96,,16.456497192382812,6.429426908493042,7,,"0.977479,1.066519,0.961464,1.059430",,,0.675982,1.435712,29.935419,0.444462
102,2678,18.0,25.87,,16.456497192382812,6.429426908493042,7,,"0.977479,1.066519,0.961464,1.059430",,,0.675982,1.435712,29.935419,0.444462
103,2702,24.0,25.94,,16.456497192382812,6.43042254447937,7,,"0.977479,1.066519,0.961464,1.059430",,,0.675982,1.435712,29.935419,0.444462
104,2728,26.0,25.91,,16.456497192382812,6.43042254447937,7,,"0.977479,1.066519,0.961464,1.059430",,,0.675982,1.435712,29.935419,0.444462
105,2764,36.0,26.09,,16.456497192382812,6.43042254447937,7,,"0.977479,1.066519,0.961464,1.059430",,,0.675982,1.435712,29.935419,0.444462
106,2814,50.0,26.05,,16.456497192382812,6.43042254447937,7,,"0.977479,1.066519,0.961464,1.059430",,,0.675982,1.435712,29.935419,0.444462
107,2828,14.0,26.03,,16.456497192382812,6.431424856185913,7,,"0.977479,1.066519,0.961464,1.059430",,,0.675982,1.435712,29.935419,0.444462
108,2881,53.0,26.4,,16.456497192382812,6.431424856185913,7,,"0.977479,1.066519,0.961464,1.059430",,,0.675982,1.435712,29.935419,0.444462
109,2949,68.0,26.95,,16.456497192382812,6.431424856185913,7,,"0.977479,1.066519,0.961464,1.059430",,,0.675982,1.435712,29.935419,0.444462
110,2972,23.0,27.07,,16.456497192382812,6.431424856185913,7,,"0.977479,1.066519,0.961464,1.059430",,,0.675982,1.435712,29.935419,0.444462
111,2987,15.0,26.91,,16.456497192382812,6.43242883682251,7,,"0.977479,1.066519,0.961464,1.059430",,,0.675982,1.435712,29.935419,0.444462
112,3000,13.0,26.8,,16.734158039093018,7.1055357456207275,8,,"0.971761,1.076035,0.956675,1.067078",,,0.675725,1.507551,37.409866,0.554948
113,3029,29.0,26.95,,16.734158039093018,7.1055357456207275,8,,"0.971761,1.076035,0.956675,1.067078",,,0.675725,1.507551,37.409866,0.554948
114,3061,32.0,27.0,,16.734158039093018,7.1055357456207275,8,,"0.971761,1.076035,0.956675,1.067078",,,0.675725,1.507551,37.409866,0.554948
115,3074,13.0,26.91,,16.734158039093018,7.1055357456207275,8,,"0.971761,1.076035,0.956675,1.067078",,,0.675725,1.507551,37.409866,0.554948
116,3099,25.0,26.65,,16.734158039093018,7.1055357456207275,8,,"0.971761,1.076035,0.956675,1.067078",,,0.675725,1.507551,37.409866,0.554948
117,3115,16.0,26.65,,16.734158039093018,7.106541156768799,8,,"0.971761,1.076035,0.956675,1.067078",,,0.675725,1.507551,37.409866,0.554948
118,3130,15.0,26.51,,16.734158039093018,7.106541156768799,8,,"0.971761,1.076035,0.956675,1.067078",,,0.675725,1.507551,37.409866,0.554948
119,3157,27.0,26.69,,16.734158039093018,7.106541156768799,8,,"0.971761,1.076035,0.956675,1.067078",,,0.675725,1.507551,37.409866,0.554948
120,3188,31.0,26.82,,16.734158039093018,7.106541156768799,8,,"0.971761,1.076035,0.956675,1.067078",,,0.675725,1.507551,37.409866,0.554948
121,3207,19.0,26.66,,16.734158039093018,7.106541156768799,8,,"0.971761,1.076035,0.956675,1.067078",,,0.675725,1.507551,37.409866,0.554948
122,3229,22.0,26.74,,16.734158039093018,7.106541156768799,8,,"0.971761,1.076035,0.956675,1.067078",,,0.675725,1.507551,37.409866,0.554948
123,3239,10.0,26.45,,16.734158039093018,7.106541156768799,8,,"0.971761,1.076035,0.956675,1.067078",,,0.675725,1.507551,37.409866,0.554948
124,3253,14.0,26.29,,16.734158039093018,7.106541156768799,8,,"0.971761,1.076035,0.956675,1.067078",,,0.675725,1.507551,37.409866,0.554948
125,3273,20.0,25.96,,16.734158039093018,7.106541156768799,8,,"0.971761,1.076035,0.956675,1.067078",,,0.675725,1.507551,37.409866,0.554948
126,3296,23.0,26.08,,16.734158039093018,7.106541156768799,8,,"0.971761,1.076035,0.956675,1.067078",,,0.675725,1.507551,37.409866,0.554948
127,3319,23.0,26.17,,16.734158039093018,7.106541156768799,8,,"0.971761,1.076035,0.956675,1.067078",,,0.675725,1.507551,37.409866,0.554948
128,3374,55.0,26.61,,16.346955087449814,8.247450351715088,9,,"0.966038,1.085236,0.951827,1.074789",,,0.671158,1.583113,26.578259,0.492705
129,3403,29.0,26.77,,16.346955087449814,8.247450351715088,9,,"0.966038,1.085236,0.951827,1.074789",,,0.671158,1.583113,26.578259,0.492705
130,3418,15.0,26.18,,16.346955087449814,8.248449563980103,9,,"0.966038,1.085236,0.951827,1.074789",,,0.671158,1.583113,26.578259,0.492705
131,3485,67.0,26.66,,16.346955087449814,8.248449563980103,9,,"0.966038,1.085236,0.951827,1.074789",,,0.671158,1.583113,26.578259,0.492705
132,3508,23.0,26.71,,16.346955087449814,8.248449563980103,9,,"0.966038,1.085236,0.951827,1.074789",,,0.671158,1.583113,26.578259,0.492705
133,3524,16.0,26.5,,16.346955087449814,8.248449563980103,9,,"0.966038,1.085236,0.951827,1.074789",,,0.671158,1.583113,26.578259,0.492705
134,3564,40.0,26.75,,16.346955087449814,8.248449563980103,9,,"0.966038,1.085236,0.951827,1.074789",,,0.671158,1.583113,26.578259,0.492705
135,3598,34.0,26.99,,16.346955087449814,8.248449563980103,9,,"0.966038,1.085236,0.951827,1.074789",,,0.671158,1.583113,26.578259,0.492705
136,3621,23.0,27.06,,16.346955087449814,8.248449563980103,9,,"0.966038,1.085236,0.951827,1.074789",,,0.671158,1.583113,26.578259,0.492705
137,3644,23.0,26.68,,16.346955087449814,8.248449563980103,9,,"0.966038,1.085236,0.951827,1.074789",,,0.671158,1.583113,26.578259,0.492705
138,3677,33.0,26.69,,16.346955087449814,8.248449563980103,9,,"0.966038,1.085236,0.951827,1.074789",,,0.671158,1.583113,26.578259,0.492705
139,3728,51.0,27.08,,16.346955087449814,8.2494478225708,9,,"0.966038,1.085236,0.951827,1.074789",,,0.671158,1.583113,26.578259,0.492705
140,3750,22.0,26.91,,16.346955087449814,8.2494478225708,9,,"0.966038,1.085236,0.951827,1.074789",,,0.671158,1.583113,26.578259,0.492705
141,3793,43.0,27.1,,16.346955087449814,8.2494478225708,9,,"0.966038,1.085236,0.951827,1.074789",,,0.671158,1.583113,26.578259,0.492705
142,3815,22.0,26.72,,16.346955087449814,8.2494478225708,9,,"0.966038,1.085236,0.951827,1.074789",,,0.671158,1.583113,26.578259,0.492705
143,3878,63.0,27.17,,16.346955087449814,8.2494478225708,9,,"0.966038,1.085236,0.951827,1.074789",,,0.671158,1.583113,26.578259,0.492705
144,3901,23.0,27.24,,16.081839656829835,9.569569826126099,10,,"0.959084,1.094708,0.945347,1.083171",,,0.660403,1.661942,27.504837,0.287886
145,3920,19.0,27.23,,16.081839656829835,9.569569826126099,10,,"0.959084,1.094708,0.945347,1.083171",,,0.660403,1.661942,27.504837,0.287886
146,3929,9.0,27.11,,16.081839656829835,9.572084188461304,10,,"0.959084,1.094708,0.945347,1.083171",,,0.660403,1.661942,27.504837,0.287886
147,3945,16.0,27.0,,16.081839656829835,9.572084188461304,10,,"0.959084,1.094708,0.945347,1.083171",,,0.660403,1.661942,27.504837,0.287886
148,4010,65.0,27.44,,16.081839656829835,9.573095321655273,10,,"0.959084,1.094708,0.945347,1.083171",,,0.660403,1.661942,27.504837,0.287886
149,4027,17.0,27.21,,16.081839656829835,9.573095321655273,10,,"0.959084,1.094708,0.945347,1.083171",368.2,180.0159992889521,0.660403,1.661942,27.504837,0.287886
150,4061,34.0,27.31,,16.081839656829835,9.573095321655273,10,,"0.959084,1.094708,0.945347,1.083171",,,0.660403,1.661942,27.504837,0.287886
151,4090,29.0,27.48,,16.081839656829835,9.573095321655273,10,,"0.959084,1.094708,0.945347,1.083171",,,0.660403,1.661942,27.504837,0.287886
152,4109,19.0,27.45,,16.081839656829835,9.573095321655273,10,,"0.959084,1.094708,0.945347,1.083171",,,0.660403,1.661942,27.504837,0.287886
153,4156,47.0,27.71,,16.081839656829835,9.573095321655273,10,,"0.959084,1.094708,0.945347,1.083171",,,0.660403,1.661942,27.504837,0.287886
154,4170,14.0,27.46,,16.081839656829835,9.573095321655273,10,,"0.959084,1.094708,0.945347,1.083171",,,0.660403,1.661942,27.504837,0.287886
155,4194,24.0,27.5,,16.081839656829835,9.574094295501709,10,,"0.959084,1.094708,0.945347,1.083171",,,0.660403,1.661942,27.504837,0.287886
156,4211,17.0,27.29,,16.081839656829835,9.574094295501709,10,,"0.959084,1.094708,0.945347,1.083171",,,0.660403,1.661942,27.504837,0.287886
157,4255,44.0,27.6,,16.081839656829835,9.574094295501709,10,,"0.959084,1.094708,0.945347,1.083171",,,0.660403,1.661942,27.504837,0.287886
158,4317,62.0,28.0,,16.081839656829835,9.574094295501709,10,,"0.959084,1.094708,0.945347,1.083171",,,0.660403,1.661942,27.504837,0.287886
159,4342,25.0,28.07,,16.081839656829835,9.574094295501709,10,,"0.959084,1.094708,0.945347,1.083171",,,0.660403,1.661942,27.504837,0.287886
160,4354,12.0,27.99,,15.976161176508123,10.342815160751343,11,,"0.952867,1.104378,0.939080,1.091187",,,0.656998,1.743873,29.952818,0.444084
161,4373,19.0,28.08,,15.976161176508123,10.342815160751343,11,,"0.952867,1.104378,0.939080,1.091187",,,0.656998,1.743873,29.952818,0.444084
162,4411,38.0,28.32,,15.976161176508123,10.342815160751343,11,,"0.952867,1.104378,0.939080,1.091187",,,0.656998,1.743873,29.952818,0.444084
163,4464,53.0,28.65,,15.976161176508123,10.342815160751343,11,,"0.952867,1.104378,0.939080,1.091187",,,0.656998,1.743873,29.952818,0.444084
164,4494,30.0,28.78,,15.976161176508123,10.342815160751343,11,,"0.952867,1.104378,0.939080,1.091187",,,0.656998,1.743873,29.952818,0.444084
165,4531,37.0,28.99,,15.976161176508123,10.342815160751343,11,,"0.952867,1.104378,0.939080,1.091187",,,0.656998,1.743873,29.952818,0.444084
166,4572,41.0,29.13,,15.976161176508123,10.342815160751343,11,,"0.952867,1.104378,0.939080,1.091187",,,0.656998,1.743873,29.952818,0.444084
167,4594,22.0,28.87,,15.976161176508123,10.342815160751343,11,,"0.952867,1.104378,0.939080,1.091187",,,0.656998,1.743873,29.952818,0.444084
168,4631,37.0,29.07,,15.976161176508123,10.342815160751343,11,,"0.952867,1.104378,0.939080,1.091187",,,0.656998,1.743873,29.952818,0.444084
169,4664,33.0,29.27,,15.976161176508123,10.342815160751343,11,,"0.952867,1.104378,0.939080,1.091187",,,0.656998,1.743873,29.952818,0.444084
170,4676,12.0,29.13,,15.976161176508123,10.342815160751343,11,,"0.952867,1.104378,0.939080,1.091187",,,0.656998,1.743873,29.952818,0.444084
171,4703,27.0,29.18,,15.976161176508123,10.342815160751343,11,,"0.952867,1.104378,0.939080,1.091187",,,0.656998,1.743873,29.952818,0.444084
172,4732,29.0,29.29,,15.976161176508123,10.342815160751343,11,,"0.952867,1.104378,0.939080,1.091187",,,0.656998,1.743873,29.952818,0.444084
173,4745,13.0,28.84,,15.976161176508123,10.342815160751343,11,,"0.952867,1.104378,0.939080,1.091187",,,0.656998,1.743873,29.952818,0.444084
174,4769,24.0,28.62,,15.976161176508123,10.342815160751343,11,,"0.952867,1.104378,0.939080,1.091187",,,0.656998,1.743873,29.952818,0.444084
175,4786,17.0,28.62,,15.976161176508123,10.342815160751343,11,,"0.952867,1.104378,0.939080,1.091187",,,0.656998,1.743873,29.952818,0.444084
176,4843,57.0,28.82,,15.69395399093628,11.348693370819092,12,,"0.945886,1.114017,0.933487,1.099478",,,0.659675,1.828351,25.278831,0.522220
177,4881,38.0,28.99,,15.69395399093628,11.348693370819092,12,,"0.945886,1.114017,0.933487,1.099478",,,0.659675,1.828351,25.278831,0.522220
178,4951,70.0,29.17,,15.69395399093628,11.348693370819092,12,,"0.945886,1.114017,0.933487,1.099478",,,0.659675,1.828351,25.278831,0.522220
179,4970,19.0,29.14,,15.69395399093628,11.348693370819092,12,,"0.945886,1.114017,0.933487,1.099478",,,0.659675,1.828351,25.278831,0.522220
180,5026,56.0,29.09,,15.69395399093628,11.348693370819092,12,,"0.945886,1.114017,0.933487,1.099478",,,0.659675,1.828351,25.278831,0.522220
181,5088,62.0,29.54,,15.69395399093628,11.34971308708191,12,,"0.945886,1.114017,0.933487,1.099478",,,0.659675,1.828351,25.278831,0.522220
182,5103,15.0,29.34,,15.69395399093628,11.34971308708191,12,,"0.945886,1.114017,0.933487,1.099478",,,0.659675,1.828351,25.278831,0.522220
183,5147,44.0,29.63,,15.69395399093628,11.34971308708191,12,,"0.945886,1.114017,0.933487,1.099478",,,0.659675,1.828351,25.278831,0.522220
184,5171,24.0,29.63,,15.69395399093628,11.34971308708191,12,,"0.945886,1.114017,0.933487,1.099478",,,0.659675,1.828351,25.278831,0.522220
185,5191,20.0,29.64,,15.69395399093628,11.34971308708191,12,,"0.945886,1.114017,0.933487,1.099478",,,0.659675,1.828351,25.278831,0.522220
186,5217,26.0,29.63,,15.69395399093628,11.34971308708191,12,,"0.945886,1.114017,0.933487,1.099478",,,0.659675,1.828351,25.278831,0.522220
187,5245,28.0,29.77,,15.69395399093628,11.34971308708191,12,,"0.945886,1.114017,0.933487,1.099478",,,0.659675,1.828351,25.278831,0.522220
188,5277,32.0,29.97,,15.69395399093628,11.350814580917358,12,,"0.945886,1.114017,0.933487,1.099478",,,0.659675,1.828351,25.278831,0.522220
189,5324,47.0,30.31,,15.69395399093628,11.350814580917358,12,,"0.945886,1.114017,0.933487,1.099478",,,0.659675,1.828351,25.278831,0.522220
190,5340,16.0,29.89,,15.69395399093628,11.350814580917358,12,,"0.945886,1.114017,0.933487,1.099478",,,0.659675,1.828351,25.278831,0.522220
191,5370,30.0,30.02,,15.69395399093628,11.350814580917358,12,,"0.945886,1.114017,0.933487,1.099478",,,0.659675,1.828351,25.278831,0.522220
192,5388,18.0,29.88,,15.39749057476337,13.004637241363525,13,,"0.937959,1.123955,0.926527,1.107793",,,0.658100,1.915796,23.775728,0.351316
193,5433,45.0,29.94,,15.39749057476337,13.004637241363525,13,,"0.937959,1.123955,0.926527,1.107793",,,0.658100,1.915796,23.775728,0.351316
194,5448,15.0,29.64,,15.39749057476337,13.004637241363525,13,,"0.937959,1.123955,0.926527,1.107793",,,0.658100,1.915796,23.775728,0.351316
195,5465,17.0,29.51,,15.39749057476337,13.004637241363525,13,,"0.937959,1.123955,0.926527,1.107793",,,0.658100,1.915796,23.775728,0.351316
196,5530,65.0,29.88,,15.39749057476337,13.004637241363525,13,,"0.937959,1.123955,0.926527,1.107793",,,0.658100,1.915796,23.775728,0.351316
197,5555,25.0,29.87,,15.39749057476337,13.005652904510498,13,,"0.937959,1.123955,0.926527,1.107793",,,0.658100,1.915796,23.775728,0.351316
198,5666,111.0,30.81,,15.39749057476337,13.005652904510498,13,,"0.937959,1.123955,0.926527,1.107793",,,0.658100,1.915796,23.775728,0.351316
199,5708,42.0,30.87,,15.39749057476337,13.005652904510498,13,,"0.937959,1.123955,0.926527,1.107793",410.0,180.0,0.658100,1.915796,23.775728,0.351316
200,5767,59.0,31.35,,15.39749057476337,13.005652904510498,13,,"0.937959,1.123955,0.926527,1.107793",,,0.658100,1.915796,23.775728,0.351316
201,5792,25.0,31.32,,15.39749057476337,13.005652904510498,13,,"0.937959,1.123955,0.926527,1.107793",,,0.658100,1.915796,23.775728,0.351316
202,5816,24.0,31.38,,15.39749057476337,13.005652904510498,13,,"0.937959,1.123955,0.926527,1.107793",,,0.658100,1.915796,23.775728,0.351316
203,5863,47.0,31.61,,15.39749057476337,13.005652904510498,13,,"0.937959,1.123955,0.926527,1.107793",,,0.658100,1.915796,23.775728,0.351316
204,5954,91.0,32.26,,15.39749057476337,13.005652904510498,13,,"0.937959,1.123955,0.926527,1.107793",,,0.658100,1.915796,23.775728,0.351316
205,5984,30.0,32.2,,15.39749057476337,13.005652904510498,13,,"0.937959,1.123955,0.926527,1.107793",,,0.658100,1.915796,23.775728,0.351316
206,5995,11.0,31.81,,15.39749057476337,13.006643056869507,13,,"0.937959,1.123955,0.926527,1.107793",,,0.658100,1.915796,23.775728,0.351316
207,6035,40.0,32.07,,15.39749057476337,13.006643056869507,13,,"0.937959,1.123955,0.926527,1.107793",,,0.658100,1.915796,23.775728,0.351316
208,6076,41.0,31.95,,15.201119354793004,13.996124029159546,14,,"0.930560,1.133051,0.920015,1.116537",,,0.644645,2.005445,25.411238,0.266761
209,6109,33.0,31.6,,15.201119354793004,13.996124029159546,14,,"0.930560,1.133051,0.920015,1.116537",,,0.644645,2.005445,25.411238,0.266761
210,6146,37.0,31.74,,15.201119354793004,13.996124029159546,14,,"0.930560,1.133051,0.920015,1.116537",,,0.644645,2.005445,25.411238,0.266761
211,6165,19.0,31.78,,15.201119354793004,13.996124029159546,14,,"0.930560,1.133051,0.920015,1.116537",,,0.644645,2.005445,25.411238,0.266761
212,6195,30.0,31.95,,15.201119354793004,13.996124029159546,14,,"0.930560,1.133051,0.920015,1.116537",,,0.644645,2.005445,25.411238,0.266761
213,6227,32.0,31.98,,15.201119354793004,13.996124029159546,14,,"0.930560,1.133051,0.920015,1.116537",,,0.644645,2.005445,25.411238,0.266761
214,6271,44.0,32.1,,15.201119354793004,13.997112035751343,14,,"0.930560,1.133051,0.920015,1.116537",,,0.644645,2.005445,25.411238,0.266761
215,6297,26.0,32.23,,15.201119354793004,13.997112035751343,14,,"0.930560,1.133051,0.920015,1.116537",,,0.644645,2.005445,25.411238,0.266761
216,6323,26.0,32.24,,15.201119354793004,13.997112035751343,14,,"0.930560,1.133051,0.920015,1.116537",,,0.644645,2.005445,25.411238,0.266761
217,6358,35.0,32.43,,15.201119354793004,13.997112035751343,14,,"0.930560,1.133051,0.920015,1.116537",,,0.644645,2.005445,25.411238,0.266761
218,6405,47.0,32.75,,15.201119354793004,13.997112035751343,14,,"0.930560,1.133051,0.920015,1.116537",,,0.644645,2.005445,25.411238,0.266761
219,6453,48.0,32.96,,15.201119354793004,13.997112035751343,14,,"0.930560,1.133051,0.920015,1.116537",,,0.644645,2.005445,25.411238,0.266761
220,6488,35.0,33.0,,15.201119354793004,13.997112035751343,14,,"0.930560,1.133051,0.920015,1.116537",,,0.644645,2.005445,25.411238,0.266761
221,6571,83.0,33.64,,15.201119354793004,13.997112035751343,14,,"0.930560,1.133051,0.920015,1.116537",,,0.644645,2.005445,25.411238,0.266761
222,6610,39.0,33.81,,15.201119354793004,13.997112035751343,14,,"0.930560,1.133051,0.920015,1.116537",,,0.644645,2.005445,25.411238,0.266761
223,6658,48.0,34.19,,15.201119354793004,13.997112035751343,14,,"0.930560,1.133051,0.920015,1.116537",,,0.644645,2.005445,25.411238,0.266761
224,6691,33.0,34.38,,14.965134620666504,15.523553133010864,15,,"0.922556,1.141544,0.912511,1.125583",,,0.646716,2.097253,23.440670,0.258819
225,6719,28.0,34.46,,14.965134620666504,15.523553133010864,15,,"0.922556,1.141544,0.912511,1.125583",,,0.646716,2.097253,23.440670,0.258819
226,6799,80.0,35.03,,14.965134620666504,15.523553133010864,15,,"0.922556,1.141544,0.912511,1.125583",,,0.646716,2.097253,23.440670,0.258819
227,6817,18.0,34.98,,14.965134620666504,15.523553133010864,15,,"0.922556,1.141544,0.912511,1.125583",,,0.646716,2.097253,23.440670,0.258819
228,6859,42.0,34.85,,14.965134620666504,15.523553133010864,15,,"0.922556,1.141544,0.912511,1.125583",,,0.646716,2.097253,23.440670,0.258819
229,6889,30.0,34.86,,14.965134620666504,15.523553133010864,15,,"0.922556,1.141544,0.912511,1.125583",,,0.646716,2.097253,23.440670,0.258819
230,6977,88.0,35.59,,14.965134620666504,15.523553133010864,15,,"0.922556,1.141544,0.912511,1.125583",,,0.646716,2.097253,23.440670,0.258819
231,7021,44.0,35.36,,14.965134620666504,15.523553133010864,15,,"0.922556,1.141544,0.912511,1.125583",,,0.646716,2.097253,23.440670,0.258819
232,7038,17.0,35.3,,14.965134620666504,15.524596691131592,15,,"0.922556,1.141544,0.912511,1.125583",,,0.646716,2.097253,23.440670,0.258819
233,7057,19.0,35.33,,14.965134620666504,15.524596691131592,15,,"0.922556,1.141544,0.912511,1.125583",,,0.646716,2.097253,23.440670,0.258819
234,7185,128.0,36.21,,14.965134620666504,15.524596691131592,15,,"0.922556,1.141544,0.912511,1.125583",,,0.646716,2.097253,23.440670,0.258819
235,7223,38.0,36.25,,14.965134620666504,15.524596691131592,15,,"0.922556,1.141544,0.912511,1.125583",,,0.646716,2.097253,23.440670,0.258819
236,7246,23.0,36.25,,14.965134620666504,15.524596691131592,15,,"0.922556,1.141544,0.912511,1.125583",,,0.646716,2.097253,23.440670,0.258819
237,7317,71.0,36.73,,14.965134620666504,15.524596691131592,15,,"0.922556,1.141544,0.912511,1.125583",,,0.646716,2.097253,23.440670,0.258819
238,7347,30.0,36.7,,14.965134620666504,15.524596691131592,15,,"0.922556,1.141544,0.912511,1.125583",,,0.646716,2.097253,23.440670,0.258819
239,7387,40.0,36.59,,14.965134620666504,15.524596691131592,15,,"0.922556,1.141544,0.912511,1.125583",,,0.646716,2.097253,23.440670,0.258819
240,7419,32.0,36.69,,14.780438244342804,16.824819803237915,16,,"0.915098,1.148802,0.904258,1.135119",,,0.637788,2.187433,24.110355,0.218760
241,7442,23.0,36.49,,14.780438244342804,16.824819803237915,16,,"0.915098,1.148802,0.904258,1.135119",,,0.637788,2.187433,24.110355,0.218760
242,7477,35.0,36.62,,14.780438244342804,16.824819803237915,16,,"0.915098,1.148802,0.904258,1.135119",,,0.637788,2.187433,24.110355,0.218760
243,7506,29.0,36.28,,14.780438244342804,16.824819803237915,16,,"0.915098,1.148802,0.904258,1.135119",,,0.637788,2.187433,24.110355,0.218760
244,7518,12.0,36.17,,14.780438244342804,16.824819803237915,16,,"0.915098,1.148802,0.904258,1.135119",,,0.637788,2.187433,24.110355,0.218760
245,7549,31.0,36.29,,14.780438244342804,16.824819803237915,16,,"0.915098,1.148802,0.904258,1.135119",,,0.637788,2.187433,24.110355,0.218760
246,7599,50.0,36.7,,14.780438244342804,16.824819803237915,16,,"0.915098,1.148802,0.904258,1.135119",,,0.637788,2.187433,24.110355,0.218760
247,7702,103.0,37.57,,14.780438244342804,16.824819803237915,16,,"0.915098,1.148802,0.904258,1.135119",,,0.637788,2.187433,24.110355,0.218760
248,7731,29.0,37.21,,14.780438244342804,16.824819803237915,16,,"0.915098,1.148802,0.904258,1.135119",,,0.637788,2.187433,24.110355,0.218760
249,7765,34.0,37.38,,14.780438244342804,16.824819803237915,16,,"0.915098,1.148802,0.904258,1.135119",412.6,174.8,0.637788,2.187433,24.110355,0.218760
250,7822,57.0,37.61,,14.780438244342804,16.824819803237915,16,,"0.915098,1.148802,0.904258,1.135119",,,0.637788,2.187433,24.110355,0.218760
251,7859,37.0,37.69,,14.780438244342804,16.825824737548828,16,,"0.915098,1.148802,0.904258,1.135119",,,0.637788,2.187433,24.110355,0.218760
252,7891,32.0,37.82,,14.780438244342804,16.825824737548828,16,,"0.915098,1.148802,0.904258,1.135119",,,0.637788,2.187433,24.110355,0.218760
253,7921,30.0,37.65,,14.780438244342804,16.825824737548828,16,,"0.915098,1.148802,0.904258,1.135119",,,0.637788,2.187433,24.110355,0.218760
254,7943,22.0,37.73,,14.780438244342804,16.825824737548828,16,,"0.915098,1.148802,0.904258,1.135119",,,0.637788,2.187433,24.110355,0.218760
255,8028,85.0,38.34,,14.780438244342804,16.825824737548828,16,,"0.915098,1.148802,0.904258,1.135119",,,0.637788,2.187433,24.110355,0.218760
256,8084,56.0,38.73,,14.46019172668457,18.266388654708862,17,,"0.908428,1.154878,0.895939,1.144371",,,0.638725,2.280253,18.799877,0.344130
257,8122,38.0,38.67,,14.46019172668457,18.266388654708862,17,,"0.908428,1.154878,0.895939,1.144371",,,0.638725,2.280253,18.799877,0.344130
258,8151,29.0,38.34,,14.46019172668457,18.266388654708862,17,,"0.908428,1.154878,0.895939,1.144371",,,0.638725,2.280253,18.799877,0.344130
259,8180,29.0,38.38,,14.46019172668457,18.266388654708862,17,,"0.908428,1.154878,0.895939,1.144371",,,0.638725,2.280253,18.799877,0.344130
260,8238,58.0,38.84,,14.46019172668457,18.266388654708862,17,,"0.908428,1.154878,0.895939,1.144371",,,0.638725,2.280253,18.799877,0.344130
261,8317,79.0,39.44,,14.46019172668457,18.266388654708862,17,,"0.908428,1.154878,0.895939,1.144371",,,0.638725,2.280253,18.799877,0.344130
262,8338,21.0,39.27,,14.46019172668457,18.266388654708862,17,,"0.908428,1.154878,0.895939,1.144371",,,0.638725,2.280253,18.799877,0.344130
263,8416,78.0,39.52,,14.46019172668457,18.266388654708862,17,,"0.908428,1.154878,0.895939,1.144371",,,0.638725,2.280253,18.799877,0.344130
264,8435,19.0,39.41,,14.46019172668457,18.266388654708862,17,,"0.908428,1.154878,0.895939,1.144371",,,0.638725,2.280253,18.799877,0.344130
265,8491,56.0,39.6,,14.46019172668457,18.266388654708862,17,,"0.908428,1.154878,0.895939,1.144371",,,0.638725,2.280253,18.799877,0.344130
266,8695,204.0,41.23,,14.46019172668457,18.266388654708862,17,,"0.908428,1.154878,0.895939,1.144371",,,0.638725,2.280253,18.799877,0.344130
267,8712,17.0,41.18,,14.46019172668457,18.266388654708862,17,,"0.908428,1.154878,0.895939,1.144371",,,0.638725,2.280253,18.799877,0.344130
268,8742,30.0,41.11,,14.46019172668457,18.266388654708862,17,,"0.908428,1.154878,0.895939,1.144371",,,0.638725,2.280253,18.799877,0.344130
269,8888,146.0,42.24,,14.46019172668457,18.26738739013672,17,,"0.908428,1.154878,0.895939,1.144371",,,0.638725,2.280253,18.799877,0.344130
270,8902,14.0,42.26,,14.46019172668457,18.26738739013672,17,,"0.908428,1.154878,0.895939,1.144371",,,0.638725,2.280253,18.799877,0.344130
271,8934,32.0,42.31,,14.46019172668457,18.26738739013672,17,,"0.908428,1.154878,0.895939,1.144371",,,0.638725,2.280253,18.799877,0.344130
272,8959,25.0,42.27,,14.234227074517143,19.392430543899536,18,,"0.901426,1.159680,0.887119,1.153628",,,0.629650,2.373301,20.938950,0.327823
273,8995,36.0,42.5,,14.234227074517143,19.392430543899536,18,,"0.901426,1.159680,0.887119,1.153628",,,0.629650,2.373301,20.938950,0.327823
274,9020,25.0,42.51,,14.234227074517143,19.392430543899536,18,,"0.901426,1.159680,0.887119,1.153628",,,0.629650,2.373301,20.938950,0.327823
275,9047,27.0,42.61,,14.234227074517143,19.392430543899536,18,,"0.901426,1.159680,0.887119,1.153628",,,0.629650,2.373301,20.938950,0.327823
276,9191,144.0,43.48,,14.234227074517143,19.392430543899536,18,,"0.901426,1.159680,0.887119,1.153628",,,0.629650,2.373301,20.938950,0.327823
277,9281,90.0,44.0,,14.234227074517143,19.392430543899536,18,,"0.901426,1.159680,0.887119,1.153628",,,0.629650,2.373301,20.938950,0.327823
278,9325,44.0,43.74,,14.234227074517143,19.392430543899536,18,,"0.901426,1.159680,0.887119,1.153628",,,0.629650,2.373301,20.938950,0.327823
279,9379,54.0,44.09,,14.234227074517143,19.392430543899536,18,,"0.901426,1.159680,0.887119,1.153628",,,0.629650,2.373301,20.938950,0.327823
280,9408,29.0,43.82,,14.234227074517143,19.392430543899536,18,,"0.901426,1.159680,0.887119,1.153628",,,0.629650,2.373301,20.938950,0.327823
281,9433,25.0,43.45,,14.234227074517143,19.392430543899536,18,,"0.901426,1.159680,0.887119,1.153628",,,0.629650,2.373301,20.938950,0.327823
282,9460,27.0,43.57,,14.234227074517143,19.392430543899536,18,,"0.901426,1.159680,0.887119,1.153628",,,0.629650,2.373301,20.938950,0.327823
283,9486,26.0,43.39,,14.234227074517143,19.392430543899536,18,,"0.901426,1.159680,0.887119,1.153628",,,0.629650,2.373301,20.938950,0.327823
284,9522,36.0,43.51,,14.234227074517143,19.392430543899536,18,,"0.901426,1.159680,0.887119,1.153628",,,0.629650,2.373301,20.938950,0.327823
285,9585,63.0,43.94,,14.234227074517143,19.392430543899536,18,,"0.901426,1.159680,0.887119,1.153628",,,0.629650,2.373301,20.938950,0.327823
286,9666,81.0,44.49,,14.234227074517143,19.393430948257446,18,,"0.901426,1.159680,0.887119,1.153628",,,0.629650,2.373301,20.938950,0.327823
287,9703,37.0,44.58,,14.234227074517143,19.393430948257446,18,,"0.901426,1.159680,0.887119,1.153628",,,0.629650,2.373301,20.938950,0.327823
288,9752,49.0,44.75,,13.983851282220138,20.532470703125,19,,"0.893625,1.162479,0.879319,1.160077",,,0.623068,2.468947,19.113010,0.245029
289,9926,174.0,46.02,,13.983851282220138,20.533470392227173,19,,"0.893625,1.162479,0.879319,1.160077",,,0.623068,2.468947,19.113010,0.245029
290,9972,46.0,46.32,,13.983851282220138,20.533470392227173,19,,"0.893625,1.162479,0.879319,1.160077",,,0.623068,2.468947,19.113010,0.245029
291,10044,72.0,46.74,,13.983851282220138,20.533470392227173,19,,"0.893625,1.162479,0.879319,1.160077",,,0.623068,2.468947,19.113010,0.245029
292,10097,53.0,47.09,,13.983851282220138,20.533470392227173,19,,"0.893625,1.162479,0.879319,1.160077",,,0.623068,2.468947,19.113010,0.245029
293,10115,18.0,46.82,,13.983851282220138,20.533470392227173,19,,"0.893625,1.162479,0.879319,1.160077",,,0.623068,2.468947,19.113010,0.245029
294,10197,82.0,47.49,,13.983851282220138,20.533470392227173,19,,"0.893625,1.162479,0.879319,1.160077",,,0.623068,2.468947,19.113010,0.245029
295,10314,117.0,48.49,,13.983851282220138,20.533470392227173,19,,"0.893625,1.162479,0.879319,1.160077",,,0.623068,2.468947,19.113010,0.245029
296,10359,45.0,48.29,,13.983851282220138,20.533470392227173,19,,"0.893625,1.162479,0.879319,1.160077",,,0.623068,2.468947,19.113010,0.245029
297,10416,57.0,48.61,,13.983851282220138,20.533470392227173,19,,"0.893625,1.162479,0.879319,1.160077",,,0.623068,2.468947,19.113010,0.245029
298,10453,37.0,47.87,,13.983851282220138,20.533470392227173,19,,"0.893625,1.162479,0.879319,1.160077",,,0.623068,2.468947,19.113010,0.245029
299,10470,17.0,47.62,,13.983851282220138,20.533470392227173,19,,"0.893625,1.162479,0.879319,1.160077",421.0,158.0,0.623068,2.468947,19.113010,0.245029
300,10529,59.0,47.62,,13.983851282220138,20.533470392227173,19,,"0.893625,1.162479,0.879319,1.160077",,,0.623068,2.468947,19.113010,0.245029
301,10579,50.0,47.87,,13.983851282220138,20.533470392227173,19,,"0.893625,1.162479,0.879319,1.160077",,,0.623068,2.468947,19.113010,0.245029
302,10590,11.0,47.74,,13.983851282220138,20.533470392227173,19,,"0.893625,1.162479,0.879319,1.160077",,,0.623068,2.468947,19.113010,0.245029
303,10618,28.0,47.55,,13.983851282220138,20.533470392227173,19,,"0.893625,1.162479,0.879319,1.160077",,,0.623068,2.468947,19.113010,0.245029
304,10652,34.0,46.98,,13.72154951095581,22.07408571243286,20,,"0.885205,1.164796,0.870728,1.166424",,,0.620633,2.563679,17.606287,0.161114
305,10734,82.0,47.5,,13.72154951095581,22.07408571243286,20,,"0.885205,1.164796,0.870728,1.166424",,,0.620633,2.563679,17.606287,0.161114
306,10833,99.0,48.38,,13.72154951095581,22.07408571243286,20,,"0.885205,1.164796,0.870728,1.166424",,,0.620633,2.563679,17.606287,0.161114
307,10906,73.0,48.71,,13.72154951095581,22.075085878372192,20,,"0.885205,1.164796,0.870728,1.166424",,,0.620633,2.563679,17.606287,0.161114
308,11020,114.0,49.44,,13.72154951095581,22.075085878372192,20,,"0.885205,1.164796,0.870728,1.166424",,,0.620633,2.563679,17.606287,0.161114
309,11054,34.0,49.45,,13.72154951095581,22.075085878372192,20,,"0.885205,1.164796,0.870728,1.166424",,,0.620633,2.563679,17.606287,0.161114
310,11119,65.0,49.73,,13.72154951095581,22.075085878372192,20,,"0.885205,1.164796,0.870728,1.166424",,,0.620633,2.563679,17.606287,0.161114
311,11245,126.0,50.8,,13.72154951095581,22.075085878372192,20,,"0.885205,1.164796,0.870728,1.166424",,,0.620633,2.563679,17.606287,0.161114
312,11274,29.0,50.79,,13.72154951095581,22.075085878372192,20,,"0.885205,1.164796,0.870728,1.166424",,,0.620633,2.563679,17.606287,0.161114
313,11315,41.0,50.88,,13.72154951095581,22.075085878372192,20,,"0.885205,1.164796,0.870728,1.166424",,,0.620633,2.563679,17.606287,0.161114
314,11355,40.0,50.84,,13.72154951095581,22.075085878372192,20,,"0.885205,1.164796,0.870728,1.166424",,,0.620633,2.563679,17.606287,0.161114
315,11496,141.0,51.99,,13.72154951095581,22.075085878372192,20,,"0.885205,1.164796,0.870728,1.166424",,,0.620633,2.563679,17.606287,0.161114
316,11544,48.0,52.21,,13.72154951095581,22.075085878372192,20,,"0.885205,1.164796,0.870728,1.166424",,,0.620633,2.563679,17.606287,0.161114
317,11655,111.0,52.97,,13.72154951095581,22.075085878372192,20,,"0.885205,1.164796,0.870728,1.166424",,,0.620633,2.563679,17.606287,0.161114
318,11711,56.0,53.06,,13.72154951095581,22.075085878372192,20,,"0.885205,1.164796,0.870728,1.166424",,,0.620633,2.563679,17.606287,0.161114
319,11768,57.0,53.15,,13.72154951095581,22.076085805892944,20,,"0.885205,1.164796,0.870728,1.166424",,,0.620633,2.563679,17.606287,0.161114
320,11785,17.0,52.97,,13.53025586264474,23.140145540237427,21,,"0.877331,1.165616,0.861649,1.172979",,,0.620893,2.658224,19.587635,0.264242
321,11816,31.0,52.45,,13.53025586264474,23.140145540237427,21,,"0.877331,1.165616,0.861649,1.172979",,,0.620893,2.658224,19.587635,0.264242
322,11857,41.0,52.47,,13.53025586264474,23.14114260673523,21,,"0.877331,1.165616,0.861649,1.172979",,,0.620893,2.658224,19.587635,0.264242
323,11919,62.0,52.61,,13.53025586264474,23.14114260673523,21,,"0.877331,1.165616,0.861649,1.172979",,,0.620893,2.658224,19.587635,0.264242
324,11989,70.0,52.98,,13.53025586264474,23.14114260673523,21,,"0.877331,1.165616,0.861649,1.172979",,,0.620893,2.658224,19.587635,0.264242
325,12010,21.0,52.91,,13.53025586264474,23.14114260673523,21,,"0.877331,1.165616,0.861649,1.172979",,,0.620893,2.658224,19.587635,0.264242
326,12047,37.0,52.48,,13.53025586264474,23.14114260673523,21,,"0.877331,1.165616,0.861649,1.172979",,,0.620893,2.658224,19.587635,0.264242
327,12118,71.0,53.01,,13.53025586264474,23.14114260673523,21,,"0.877331,1.165616,0.861649,1.172979",,,0.620893,2.658224,19.587635,0.264242
328,12187,69.0,53.28,,13.53025586264474,23.14114260673523,21,,"0.877331,1.165616,0.861649,1.172979",,,0.620893,2.658224,19.587635,0.264242
329,12226,39.0,53.37,,13.53025586264474,23.14114260673523,21,,"0.877331,1.165616,0.861649,1.172979",,,0.620893,2.658224,19.587635,0.264242
330,12264,38.0,52.87,,13.53025586264474,23.14114260673523,21,,"0.877331,1.165616,0.861649,1.172979",,,0.620893,2.658224,19.587635,0.264242
331,12324,60.0,53.03,,13.53025586264474,23.14114260673523,21,,"0.877331,1.165616,0.861649,1.172979",,,0.620893,2.658224,19.587635,0.264242
332,12441,117.0,54.03,,13.53025586264474,23.14114260673523,21,,"0.877331,1.165616,0.861649,1.172979",,,0.620893,2.658224,19.587635,0.264242
333,12520,79.0,54.63,,13.53025586264474,23.14114260673523,21,,"0.877331,1.165616,0.861649,1.172979",,,0.620893,2.658224,19.587635,0.264242
334,12562,42.0,53.77,,13.53025586264474,23.14114260673523,21,,"0.877331,1.165616,0.861649,1.172979",,,0.620893,2.658224,19.587635,0.264242
335,12625,63.0,54.02,,13.53025586264474,23.14114260673523,21,,"0.877331,1.165616,0.861649,1.172979",,,0.620893,2.658224,19.587635,0.264242
336,12683,58.0,54.37,,13.278368473052979,24.66755747795105,22,,"0.868635,1.166706,0.852334,1.179631",,,0.599846,2.752987,16.128595,0.254876
337,12798,115.0,54.81,,13.278368473052979,24.66755747795105,22,,"0.868635,1.166706,0.852334,1.179631",,,0.599846,2.752987,16.128595,0.254876
338,12863,65.0,55.16,,13.278368473052979,24.66755747795105,22,,"0.868635,1.166706,0.852334,1.179631",,,0.599846,2.752987,16.128595,0.254876
339,12936,73.0,55.49,,13.278368473052979,24.66755747795105,22,,"0.868635,1.166706,0.852334,1.179631",,,0.599846,2.752987,16.128595,0.254876
340,12968,32.0,55.49,,13.278368473052979,24.66755747795105,22,,"0.868635,1.166706,0.852334,1.179631",,,0.599846,2.752987,16.128595,0.254876
341,13032,64.0,55.9,,13.278368473052979,24.668633699417114,22,,"0.868635,1.166706,0.852334,1.179631",,,0.599846,2.752987,16.128595,0.254876
342,13100,68.0,56.23,,13.278368473052979,24.668633699417114,22,,"0.868635,1.166706,0.852334,1.179631",,,0.599846,2.752987,16.128595,0.254876
343,13145,45.0,56.39,,13.278368473052979,24.668633699417114,22,,"0.868635,1.166706,0.852334,1.179631",,,0.599846,2.752987,16.128595,0.254876
344,13181,36.0,56.63,,13.278368473052979,24.668633699417114,22,,"0.868635,1.166706,0.852334,1.179631",,,0.599846,2.752987,16.128595,0.254876
345,13293,112.0,57.44,,13.278368473052979,24.668633699417114,22,,"0.868635,1.166706,0.852334,1.179631",,,0.599846,2.752987,16.128595,0.254876
346,13360,67.0,57.61,,13.278368473052979,24.668633699417114,22,,"0.868635,1.166706,0.852334,1.179631",,,0.599846,2.752987,16.128595,0.254876
347,13412,52.0,57.1,,13.278368473052979,24.668633699417114,22,,"0.868635,1.166706,0.852334,1.179631",,,0.599846,2.752987,16.128595,0.254876
348,13561,149.0,58.3,,13.278368473052979,24.668633699417114,22,,"0.868635,1.166706,0.852334,1.179631",,,0.599846,2.752987,16.128595,0.254876
349,13641,80.0,58.76,,13.278368473052979,24.668633699417114,22,,"0.868635,1.166706,0.852334,1.179631",423.0,154.0,0.599846,2.752987,16.128595,0.254876
350,13665,24.0,58.43,,13.278368473052979,24.668633699417114,22,,"0.868635,1.166706,0.852334,1.179631",,,0.599846,2.752987,16.128595,0.254876
351,13715,50.0,58.56,,13.278368473052979,24.668633699417114,22,,"0.868635,1.166706,0.852334,1.179631",,,0.599846,2.752987,16.128595,0.254876
352,13826,111.0,59.35,,13.04988666202711,26.42182993888855,23,,"0.860803,1.166035,0.842392,1.186398",,,0.602465,2.850885,16.229841,0.172610
353,13923,97.0,60.02,,13.04988666202711,26.42182993888855,23,,"0.860803,1.166035,0.842392,1.186398",,,0.602465,2.850885,16.229841,0.172610
354,13971,48.0,60.28,,13.04988666202711,26.42182993888855,23,,"0.860803,1.166035,0.842392,1.186398",,,0.602465,2.850885,16.229841,0.172610
355,14098,127.0,60.7,,13.04988666202711,26.42182993888855,23,,"0.860803,1.166035,0.842392,1.186398",,,0.602465,2.850885,16.229841,0.172610
356,14153,55.0,60.69,,13.04988666202711,26.42182993888855,23,,"0.860803,1.166035,0.842392,1.186398",,,0.602465,2.850885,16.229841,0.172610
357,14207,54.0,60.85,,13.04988666202711,26.42182993888855,23,,"0.860803,1.166035,0.842392,1.186398",,,0.602465,2.850885,16.229841,0.172610
358,14242,35.0,60.91,,13.04988666202711,26.42182993888855,23,,"0.860803,1.166035,0.842392,1.186398",,,0.602465,2.850885,16.229841,0.172610
359,14350,108.0,61.7,,13.04988666202711,26.42182993888855,23,,"0.860803,1.166035,0.842392,1.186398",,,0.602465,2.850885,16.229841,0.172610
360,14391,41.0,61.53,,13.04988666202711,26.42182993888855,23,,"0.860803,1.166035,0.842392,1.186398",,,0.602465,2.850885,16.229841,0.172610
361,14456,65.0,61.39,,13.04988666202711,26.42182993888855,23,,"0.860803,1.166035,0.842392,1.186398",,,0.602465,2.850885,16.229841,0.172610
362,14597,141.0,62.59,,13.04988666202711,26.42182993888855,23,,"0.860803,1.166035,0.842392,1.186398",,,0.602465,2.850885,16.229841,0.172610
363,14637,40.0,62.21,,13.04988666202711,26.42182993888855,23,,"0.860803,1.166035,0.842392,1.186398",,,0.602465,2.850885,16.229841,0.172610
364,14753,116.0,63.18,,13.04988666202711,26.42182993888855,23,,"0.860803,1.166035,0.842392,1.186398",,,0.602465,2.850885,16.229841,0.172610
365,14780,27.0,62.89,,13.04988666202711,26.42182993888855,23,,"0.860803,1.166035,0.842392,1.186398",,,0.602465,2.850885,16.229841,0.172610
366,14848,68.0,61.53,,13.04988666202711,26.42182993888855,23,,"0.860803,1.166035,0.842392,1.186398",,,0.602465,2.850885,16.229841,0.172610
367,14924,76.0,62.12,,13.04988666202711,26.42182993888855,23,,"0.860803,1.166035,0.842392,1.186398",,,0.602465,2.850885,16.229841,0.172610
368,15006,82.0,62.64,,12.795341928799948,28.42646312713623,24,,"0.851938,1.162939,0.832065,1.193571",,,0.607259,2.953123,14.058799,0.244675
369,15175,169.0,62.87,,12.795341928799948,28.42646312713623,24,,"0.851938,1.162939,0.832065,1.193571",,,0.607259,2.953123,14.058799,0.244675
370,15216,41.0,63.14,,12.795341928799948,28.42646312713623,24,,"0.851938,1.162939,0.832065,1.193571",,,0.607259,2.953123,14.058799,0.244675
371,15305,89.0,63.71,,12.795341928799948,28.42646312713623,24,,"0.851938,1.162939,0.832065,1.193571",,,0.607259,2.953123,14.058799,0.244675
372,15381,76.0,64.22,,12.795341928799948,28.42646312713623,24,,"0.851938,1.162939,0.832065,1.193571",,,0.607259,2.953123,14.058799,0.244675
373,15427,46.0,64.32,,12.795341928799948,28.42646312713623,24,,"0.851938,1.162939,0.832065,1.193571",,,0.607259,2.953123,14.058799,0.244675
374,15554,127.0,65.34,,12.795341928799948,28.42646312713623,24,,"0.851938,1.162939,0.832065,1.193571",,,0.607259,2.953123,14.058799,0.244675
375,15669,115.0,66.22,,12.795341928799948,28.42646312713623,24,,"0.851938,1.162939,0.832065,1.193571",,,0.607259,2.953123,14.058799,0.244675
376,15718,49.0,65.27,,12.795341928799948,28.42646312713623,24,,"0.851938,1.162939,0.832065,1.193571",,,0.607259,2.953123,14.058799,0.244675
377,15758,40.0,64.77,,12.795341928799948,28.42646312713623,24,,"0.851938,1.162939,0.832065,1.193571",,,0.607259,2.953123,14.058799,0.244675
378,15787,29.0,64.62,,12.795341928799948,28.42646312713623,24,,"0.851938,1.162939,0.832065,1.193571",,,0.607259,2.953123,14.058799,0.244675
379,15901,114.0,65.22,,12.795341928799948,28.42646312713623,24,,"0.851938,1.162939,0.832065,1.193571",,,0.607259,2.953123,14.058799,0.244675
380,15995,94.0,65.87,,12.795341928799948,28.42646312713623,24,,"0.851938,1.162939,0.832065,1.193571",,,0.607259,2.953123,14.058799,0.244675
381,16031,36.0,65.98,,12.795341928799948,28.42646312713623,24,,"0.851938,1.162939,0.832065,1.193571",,,0.607259,2.953123,14.058799,0.244675
382,16164,133.0,67.04,,12.795341928799948,28.42646312713623,24,,"0.851938,1.162939,0.832065,1.193571",,,0.607259,2.953123,14.058799,0.244675
383,16268,104.0,67.82,,12.795341928799948,28.42646312713623,24,,"0.851938,1.162939,0.832065,1.193571",,,0.607259,2.953123,14.058799,0.244675
384,16305,37.0,67.83,,12.574233684539795,30.78433060646057,25,,"0.842258,1.158888,0.822447,1.197478",,,0.595816,3.056401,14.711161,0.278820
385,16378,73.0,67.93,,12.574233684539795,30.78433060646057,25,,"0.842258,1.158888,0.822447,1.197478",,,0.595816,3.056401,14.711161,0.278820
386,16514,136.0,68.48,,12.574233684539795,30.78433060646057,25,,"0.842258,1.158888,0.822447,1.197478",,,0.595816,3.056401,14.711161,0.278820
387,16737,223.0,70.34,,12.574233684539795,30.78433060646057,25,,"0.842258,1.158888,0.822447,1.197478",,,0.595816,3.056401,14.711161,0.278820
388,16797,60.0,70.45,,12.574233684539795,30.78433060646057,25,,"0.842258,1.158888,0.822447,1.197478",,,0.595816,3.056401,14.711161,0.278820
389,16873,76.0,69.47,,12.574233684539795,30.78433060646057,25,,"0.842258,1.158888,0.822447,1.197478",,,0.595816,3.056401,14.711161,0.278820
390,16886,13.0,69.14,,12.574233684539795,30.78433060646057,25,,"0.842258,1.158888,0.822447,1.197478",,,0.595816,3.056401,14.711161,0.278820
391,16984,98.0,69.4,,12.574233684539795,30.78433060646057,25,,"0.842258,1.158888,0.822447,1.197478",,,0.595816,3.056401,14.711161,0.278820
392,17112,128.0,70.15,,12.574233684539795,30.78433060646057,25,,"0.842258,1.158888,0.822447,1.197478",,,0.595816,3.056401,14.711161,0.278820
393,17167,55.0,70.52,,12.574233684539795,30.78433060646057,25,,"0.842258,1.158888,0.822447,1.197478",,,0.595816,3.056401,14.711161,0.278820
394,17238,71.0,70.41,,12.574233684539795,30.78433060646057,25,,"0.842258,1.158888,0.822447,1.197478",,,0.595816,3.056401,14.711161,0.278820
395,17311,73.0,69.97,,12.574233684539795,30.78433060646057,25,,"0.842258,1.158888,0.822447,1.197478",,,0.595816,3.056401,14.711161,0.278820
396,17419,108.0,70.6,,12.574233684539795,30.78433060646057,25,,"0.842258,1.158888,0.822447,1.197478",,,0.595816,3.056401,14.711161,0.278820
397,17524,105.0,71.08,,12.574233684539795,30.78433060646057,25,,"0.842258,1.158888,0.822447,1.197478",,,0.595816,3.056401,14.711161,0.278820
398,17577,53.0,71.24,,12.574233684539795,30.78433060646057,25,,"0.842258,1.158888,0.822447,1.197478",,,0.595816,3.056401,14.711161,0.278820
399,17601,24.0,71.31,,12.574233684539795,30.78433060646057,25,,"0.842258,1.158888,0.822447,1.197478",428.0,144.0,0.595816,3.056401,14.711161,0.278820
400,17736,135.0,72.07,,12.348457116347094,33.79083871841431,26,,"0.833403,1.154165,0.813826,1.201076",,,0.586168,3.157342,13.556622,0.136088
401,17789,53.0,72.1,,12.348457116347094,33.79083871841431,26,,"0.833403,1.154165,0.813826,1.201076",,,0.586168,3.157342,13.556622,0.136088
402,17892,103.0,73.02,,12.348457116347094,33.79083871841431,26,,"0.833403,1.154165,0.813826,1.201076",,,0.586168,3.157342,13.556622,0.136088
403,17939,47.0,73.21,,12.348457116347094,33.791847944259644,26,,"0.833403,1.154165,0.813826,1.201076",,,0.586168,3.157342,13.556622,0.136088
404,18025,86.0,73.73,,12.348457116347094,33.791847944259644,26,,"0.833403,1.154165,0.813826,1.201076",,,0.586168,3.157342,13.556622,0.136088
405,18252,227.0,75.18,,12.348457116347094,33.791847944259644,26,,"0.833403,1.154165,0.813826,1.201076",,,0.586168,3.157342,13.556622,0.136088
406,18299,47.0,74.66,,12.348457116347094,33.791847944259644,26,,"0.833403,1.154165,0.813826,1.201076",,,0.586168,3.157342,13.556622,0.136088
407,18469,170.0,75.63,,12.348457116347094,33.791847944259644,26,,"0.833403,1.154165,0.813826,1.201076",,,0.586168,3.157342,13.556622,0.136088
408,18619,150.0,75.99,,12.348457116347094,33.791847944259644,26,,"0.833403,1.154165,0.813826,1.201076",,,0.586168,3.157342,13.556622,0.136088
409,18707,88.0,76.53,,12.348457116347094,33.791847944259644,26,,"0.833403,1.154165,0.813826,1.201076",,,0.586168,3.157342,13.556622,0.136088
410,18802,95.0,76.83,,12.348457116347094,33.791847944259644,26,,"0.833403,1.154165,0.813826,1.201076",,,0.586168,3.157342,13.556622,0.136088
411,18888,86.0,76.43,,12.348457116347094,33.79285454750061,26,,"0.833403,1.154165,0.813826,1.201076",,,0.586168,3.157342,13.556622,0.136088
412,18995,107.0,77.21,,12.348457116347094,33.79285454750061,26,,"0.833403,1.154165,0.813826,1.201076",,,0.586168,3.157342,13.556622,0.136088
413,19053,58.0,77.38,,12.348457116347094,33.79285454750061,26,,"0.833403,1.154165,0.813826,1.201076",,,0.586168,3.157342,13.556622,0.136088
414,19197,144.0,78.42,,12.348457116347094,33.79285454750061,26,,"0.833403,1.154165,0.813826,1.201076",,,0.586168,3.157342,13.556622,0.136088
415,19330,133.0,78.34,,12.348457116347094,33.79285454750061,26,,"0.833403,1.154165,0.813826,1.201076",,,0.586168,3.157342,13.556622,0.136088
416,19486,156.0,79.42,,12.12929955235234,36.70880174636841,27,,"0.823854,1.147811,0.804431,1.202607",,,0.587214,3.259716,13.023908,0.013402
417,19573,87.0,79.18,,12.12929955235234,36.70880174636841,27,,"0.823854,1.147811,0.804431,1.202607",,,0.587214,3.259716,13.023908,0.013402
418,19727,154.0,80.16,,12.12929955235234,36.70880174636841,27,,"0.823854,1.147811,0.804431,1.202607",,,0.587214,3.259716,13.023908,0.013402
419,19762,35.0,79.94,,12.12929955235234,36.70880174636841,27,,"0.823854,1.147811,0.804431,1.202607",,,0.587214,3.259716,13.023908,0.013402
420,19851,89.0,80.66,,12.12929955235234,36.70980191230774,27,,"0.823854,1.147811,0.804431,1.202607",,,0.587214,3.259716,13.023908,0.013402
421,19893,42.0,80.77,,12.12929955235234,36.70980191230774,27,,"0.823854,1.147811,0.804431,1.202607",,,0.587214,3.259716,13.023908,0.013402
422,19984,91.0,81.27,,12.12929955235234,36.70980191230774,27,,"0.823854,1.147811,0.804431,1.202607",,,0.587214,3.259716,13.023908,0.013402
423,20180,196.0,82.61,,12.12929955235234,36.70980191230774,27,,"0.823854,1.147811,0.804431,1.202607",,,0.587214,3.259716,13.023908,0.013402
424,20349,169.0,83.6,,12.12929955235234,36.70980191230774,27,,"0.823854,1.147811,0.804431,1.202607",,,0.587214,3.259716,13.023908,0.013402
425,20432,83.0,84.22,,12.12929955235234,36.70980191230774,27,,"0.823854,1.147811,0.804431,1.202607",,,0.587214,3.259716,13.023908,0.013402
426,20501,69.0,84.54,,12.12929955235234,36.70980191230774,27,,"0.823854,1.147811,0.804431,1.202607",,,0.587214,3.259716,13.023908,0.013402
427,20626,125.0,85.08,,12.12929955235234,36.70980191230774,27,,"0.823854,1.147811,0.804431,1.202607",,,0.587214,3.259716,13.023908,0.013402
428,20679,53.0,84.92,,12.12929955235234,36.70980191230774,27,,"0.823854,1.147811,0.804431,1.202607",,,0.587214,3.259716,13.023908,0.013402
429,20736,57.0,85.1,,12.12929955235234,36.70980191230774,27,,"0.823854,1.147811,0.804431,1.202607",,,0.587214,3.259716,13.023908,0.013402
430,20904,168.0,86.4,,12.12929955235234,36.70980191230774,27,,"0.823854,1.147811,0.804431,1.202607",,,0.587214,3.259716,13.023908,0.013402
431,21024,120.0,87.0,,12.12929955235234,36.71079754829407,27,,"0.823854,1.147811,0.804431,1.202607",,,0.587214,3.259716,13.023908,0.013402
432,21133,109.0,86.92,,11.90299391746521,39.87905406951904,28,,"0.815987,1.142514,0.795202,1.203777",,,0.556322,3.361582,11.763854,0.162010
433,21185,52.0,86.65,,11.90299391746521,39.87905406951904,28,,"0.815987,1.142514,0.795202,1.203777",,,0.556322,3.361582,11.763854,0.162010
434,21301,116.0,87.39,,11.90299391746521,39.87905406951904,28,,"0.815987,1.142514,0.795202,1.203777",,,0.556322,3.361582,11.763854,0.162010
435,21462,161.0,88.37,,11.90299391746521,39.88005018234253,28,,"0.815987,1.142514,0.795202,1.203777",,,0.556322,3.361582,11.763854,0.162010
436,21610,148.0,89.27,,11.90299391746521,39.88005018234253,28,,"0.815987,1.142514,0.795202,1.203777",,,0.556322,3.361582,11.763854,0.162010
437,21637,27.0,88.39,,11.90299391746521,39.88005018234253,28,,"0.815987,1.142514,0.795202,1.203777",,,0.556322,3.361582,11.763854,0.162010
438,21735,98.0,88.72,,11.90299391746521,39.88005018234253,28,,"0.815987,1.142514,0.795202,1.203777",,,0.556322,3.361582,11.763854,0.162010
439,21897,162.0,89.61,,11.90299391746521,39.88005018234253,28,,"0.815987,1.142514,0.795202,1.203777",,,0.556322,3.361582,11.763854,0.162010
440,22012,115.0,90.44,,11.90299391746521,39.88005018234253,28,,"0.815987,1.142514,0.795202,1.203777",,,0.556322,3.361582,11.763854,0.162010
441,22112,100.0,90.8,,11.90299391746521,39.88005018234253,28,,"0.815987,1.142514,0.795202,1.203777",,,0.556322,3.361582,11.763854,0.162010
442,22178,66.0,90.78,,11.90299391746521,39.88005018234253,28,,"0.815987,1.142514,0.795202,1.203777",,,0.556322,3.361582,11.763854,0.162010
443,22349,171.0,92.04,,11.90299391746521,39.88005018234253,28,,"0.815987,1.142514,0.795202,1.203777",,,0.556322,3.361582,11.763854,0.162010
444,22474,125.0,92.93,,11.90299391746521,39.88005018234253,28,,"0.815987,1.142514,0.795202,1.203777",,,0.556322,3.361582,11.763854,0.162010
445,22614,140.0,93.21,,11.90299391746521,39.88005018234253,28,,"0.815987,1.142514,0.795202,1.203777",,,0.556322,3.361582,11.763854,0.162010
446,22775,161.0,94.15,,11.90299391746521,39.88005018234253,28,,"0.815987,1.142514,0.795202,1.203777",,,0.556322,3.361582,11.763854,0.162010
447,23009,234.0,95.97,,11.90299391746521,39.88005018234253,28,,"0.815987,1.142514,0.795202,1.203777",,,0.556322,3.361582,11.763854,0.162010
448,23196,187.0,96.35,,11.693463802337646,44.42961382865906,29,,"0.806921,1.137400,0.786875,1.205257",,,0.558653,3.461329,11.798487,0.023733
449,23428,232.0,97.87,,11.693463802337646,44.42961382865906,29,,"0.806921,1.137400,0.786875,1.205257",500.0,0.0,0.558653,3.461329,11.798487,0.023733
450,23535,107.0,98.7,,11.693463802337646,44.42961382865906,29,,"0.806921,1.137400,0.786875,1.205257",,,0.558653,3.461329,11.798487,0.023733
451,23562,27.0,98.47,,11.693463802337646,44.42961382865906,29,,"0.806921,1.137400,0.786875,1.205257",,,0.558653,3.461329,11.798487,0.023733
452,23598,36.0,97.72,,11.693463802337646,44.42961382865906,29,,"0.806921,1.137400,0.786875,1.205257",,,0.558653,3.461329,11.798487,0.023733
453,23971,373.0,100.48,,11.693463802337646,44.42961382865906,29,,"0.806921,1.137400,0.786875,1.205257",,,0.558653,3.461329,11.798487,0.023733
454,24083,112.0,101.12,,11.693463802337646,44.42961382865906,29,,"0.806921,1.137400,0.786875,1.205257",,,0.558653,3.461329,11.798487,0.023733
455,24226,143.0,101.28,,11.693463802337646,44.42961382865906,29,,"0.806921,1.137400,0.786875,1.205257",,,0.558653,3.461329,11.798487,0.023733
456,24296,70.0,101.43,,11.693463802337646,44.42961382865906,29,,"0.806921,1.137400,0.786875,1.205257",,,0.558653,3.461329,11.798487,0.023733
457,24459,163.0,102.52,,11.693463802337646,44.42961382865906,29,,"0.806921,1.137400,0.786875,1.205257",,,0.558653,3.461329,11.798487,0.023733
458,24487,28.0,102.45,,11.693463802337646,44.42961382865906,29,,"0.806921,1.137400,0.786875,1.205257",,,0.558653,3.461329,11.798487,0.023733
459,24585,98.0,102.35,,11.693463802337646,44.42961382865906,29,,"0.806921,1.137400,0.786875,1.205257",,,0.558653,3.461329,11.798487,0.023733
460,24797,212.0,104.06,,11.693463802337646,44.42961382865906,29,,"0.806921,1.137400,0.786875,1.205257",,,0.558653,3.461329,11.798487,0.023733
461,24951,154.0,104.95,,11.693463802337646,44.43122696876526,29,,"0.806921,1.137400,0.786875,1.205257",,,0.558653,3.461329,11.798487,0.023733
462,25128,177.0,105.31,,11.693463802337646,44.43122696876526,29,,"0.806921,1.137400,0.786875,1.205257",,,0.558653,3.461329,11.798487,0.023733
463,25287,159.0,106.5,,11.693463802337646,44.43122696876526,29,,"0.806921,1.137400,0.786875,1.205257",,,0.558653,3.461329,11.798487,0.023733
464,25430,143.0,106.77,,11.485095596313476,50.69333481788635,30,,"0.798627,1.131425,0.778612,1.204973",,,0.562250,3.562362,11.060587,0.111960
465,25490,60.0,107.1,,11.485095596313476,50.69333481788635,30,,"0.798627,1.131425,0.778612,1.204973",,,0.562250,3.562362,11.060587,0.111960
466,25650,160.0,108.02,,11.485095596313476,50.69333481788635,30,,"0.798627,1.131425,0.778612,1.204973",,,0.562250,3.562362,11.060587,0.111960
467,25718,68.0,107.94,,11.485095596313476,50.69333481788635,30,,"0.798627,1.131425,0.778612,1.204973",,,0.562250,3.562362,11.060587,0.111960
468,25828,110.0,108.22,,11.485095596313476,50.69433522224426,30,,"0.798627,1.131425,0.778612,1.204973",,,0.562250,3.562362,11.060587,0.111960
469,26141,313.0,109.66,,11.485095596313476,50.69433522224426,30,,"0.798627,1.131425,0.778612,1.204973",,,0.562250,3.562362,11.060587,0.111960
470,26226,85.0,110.1,,11.485095596313476,50.69433522224426,30,,"0.798627,1.131425,0.778612,1.204973",,,0.562250,3.562362,11.060587,0.111960
471,26451,225.0,111.46,,11.485095596313476,50.69433522224426,30,,"0.798627,1.131425,0.778612,1.204973",,,0.562250,3.562362,11.060587,0.111960
472,26555,104.0,111.74,,11.485095596313476,50.69433522224426,30,,"0.798627,1.131425,0.778612,1.204973",,,0.562250,3.562362,11.060587,0.111960
473,26600,45.0,111.73,,11.485095596313476,50.69433522224426,30,,"0.798627,1.131425,0.778612,1.204973",,,0.562250,3.562362,11.060587,0.111960
474,26730,130.0,111.76,,11.485095596313476,50.69433522224426,30,,"0.798627,1.131425,0.778612,1.204973",,,0.562250,3.562362,11.060587,0.111960
475,26927,197.0,112.58,,11.485095596313476,50.69433522224426,30,,"0.798627,1.131425,0.778612,1.204973",,,0.562250,3.562362,11.060587,0.111960
476,27427,500.0,117.09,,11.485095596313476,50.69433522224426,30,,"0.798627,1.131425,0.778612,1.204973",,,0.562250,3.562362,11.060587,0.111960
477,27472,45.0,117.14,,11.485095596313476,50.69433522224426,30,,"0.798627,1.131425,0.778612,1.204973",,,0.562250,3.562362,11.060587,0.111960
478,27506,34.0,117.19,,11.485095596313476,50.69433522224426,30,,"0.798627,1.131425,0.778612,1.204973",,,0.562250,3.562362,11.060587,0.111960
479,27553,47.0,116.52,,11.485095596313476,50.69433522224426,30,,"0.798627,1.131425,0.778612,1.204973",,,0.562250,3.562362,11.060587,0.111960
480,27705,152.0,117.1,,11.28139228205527,55.73195433616638,31,,"0.789154,1.126234,0.772387,1.204636",,,0.558494,3.662615,10.495312,0.091433
481,27887,182.0,118.56,,11.28139228205527,55.73195433616638,31,,"0.789154,1.126234,0.772387,1.204636",,,0.558494,3.662615,10.495312,0.091433
482,28217,330.0,120.53,,11.28139228205527,55.73195433616638,31,,"0.789154,1.126234,0.772387,1.204636",,,0.558494,3.662615,10.495312,0.091433
483,28423,206.0,121.55,,11.28139228205527,55.73195433616638,31,,"0.789154,1.126234,0.772387,1.204636",,,0.558494,3.662615,10.495312,0.091433
484,28603,180.0,122.98,,11.28139228205527,55.73195433616638,31,,"0.789154,1.126234,0.772387,1.204636",,,0.558494,3.662615,10.495312,0.091433
485,28722,119.0,123.44,,11.28139228205527,55.73195433616638,31,,"0.789154,1.126234,0.772387,1.204636",,,0.558494,3.662615,10.495312,0.091433
486,28832,110.0,123.18,,11.28139228205527,55.73195433616638,31,,"0.789154,1.126234,0.772387,1.204636",,,0.558494,3.662615,10.495312,0.091433
487,28997,165.0,122.6,,11.28139228205527,55.73195433616638,31,,"0.789154,1.126234,0.772387,1.204636",,,0.558494,3.662615,10.495312,0.091433
488,29059,62.0,122.62,,11.28139228205527,55.73296403884888,31,,"0.789154,1.126234,0.772387,1.204636",,,0.558494,3.662615,10.495312,0.091433
489,29222,163.0,123.49,,11.28139228205527,55.73296403884888,31,,"0.789154,1.126234,0.772387,1.204636",,,0.558494,3.662615,10.495312,0.091433
490,29391,169.0,125.05,,11.28139228205527,55.73296403884888,31,,"0.789154,1.126234,0.772387,1.204636",,,0.558494,3.662615,10.495312,0.091433
491,29529,138.0,125.45,,11.28139228205527,55.73296403884888,31,,"0.789154,1.126234,0.772387,1.204636",,,0.558494,3.662615,10.495312,0.091433
492,29933,404.0,128.21,,11.28139228205527,55.73296403884888,31,,"0.789154,1.126234,0.772387,1.204636",,,0.558494,3.662615,10.495312,0.091433
493,30098,165.0,129.31,,11.28139228205527,55.73296403884888,31,,"0.789154,1.126234,0.772387,1.204636",,,0.558494,3.662615,10.495312,0.091433
494,30164,66.0,129.26,,11.28139228205527,55.73296403884888,31,,"0.789154,1.126234,0.772387,1.204636",,,0.558494,3.662615,10.495312,0.091433
495,30253,89.0,129.42,,11.28139228205527,55.73296403884888,31,,"0.789154,1.126234,0.772387,1.204636",,,0.558494,3.662615,10.495312,0.091433
496,30466,213.0,130.47,,11.07307881116867,59.98140740394592,32,,"0.779325,1.120697,0.765701,1.202746",,,0.541795,3.759285,9.367500,0.206617
497,30544,78.0,130.2,,11.07307881116867,59.98140740394592,32,,"0.779325,1.120697,0.765701,1.202746",,,0.541795,3.759285,9.367500,0.206617
498,30724,180.0,131.47,,11.07307881116867,59.98140740394592,32,,"0.779325,1.120697,0.765701,1.202746",,,0.541795,3.759285,9.367500,0.206617
499,30806,82.0,132.05,,11.07307881116867,59.98140740394592,32,,"0.779325,1.120697,0.765701,1.202746",500.0,0.0,0.541795,3.759285,9.367500,0.206617
500,31052,246.0,133.16,,11.07307881116867,59.98140740394592,32,,"0.779325,1.120697,0.765701,1.202746",,,0.541795,3.759285,9.367500,0.206617
501,31163,111.0,133.74,,11.07307881116867,59.98140740394592,32,,"0.779325,1.120697,0.765701,1.202746",,,0.541795,3.759285,9.367500,0.206617
502,31423,260.0,135.31,,11.07307881116867,59.98140740394592,32,,"0.779325,1.120697,0.765701,1.202746",,,0.541795,3.759285,9.367500,0.206617
503,31661,238.0,137.22,,11.07307881116867,59.98140740394592,32,,"0.779325,1.120697,0.765701,1.202746",,,0.541795,3.759285,9.367500,0.206617
504,31808,147.0,137.83,,11.07307881116867,59.98140740394592,32,,"0.779325,1.120697,0.765701,1.202746",,,0.541795,3.759285,9.367500,0.206617
505,32035,227.0,137.83,,11.07307881116867,59.98140740394592,32,,"0.779325,1.120697,0.765701,1.202746",,,0.541795,3.759285,9.367500,0.206617
506,32189,154.0,138.9,,11.07307881116867,59.98242259025574,32,,"0.779325,1.120697,0.765701,1.202746",,,0.541795,3.759285,9.367500,0.206617
507,32295,106.0,138.26,,11.07307881116867,59.98242259025574,32,,"0.779325,1.120697,0.765701,1.202746",,,0.541795,3.759285,9.367500,0.206617
508,32714,419.0,140.95,,11.07307881116867,59.98242259025574,32,,"0.779325,1.120697,0.765701,1.202746",,,0.541795,3.759285,9.367500,0.206617
509,32940,226.0,142.33,,11.07307881116867,59.98242259025574,32,,"0.779325,1.120697,0.765701,1.202746",,,0.541795,3.759285,9.367500,0.206617
510,33193,253.0,143.91,,11.07307881116867,59.98242259025574,32,,"0.779325,1.120697,0.765701,1.202746",,,0.541795,3.759285,9.367500,0.206617
511,33360,167.0,144.72,,11.07307881116867,59.98242259025574,32,,"0.779325,1.120697,0.765701,1.202746",,,0.541795,3.759285,9.367500,0.206617
512,33501,141.0,145.06,,10.882712869933158,64.26245999336243,33,,"0.768790,1.113421,0.758024,1.198913",,,0.551465,3.859158,9.774044,0.113528
513,33552,51.0,144.99,,10.882712869933158,64.26346468925476,33,,"0.768790,1.113421,0.758024,1.198913",,,0.551465,3.859158,9.774044,0.113528
514,33660,108.0,144.63,,10.882712869933158,64.26346468925476,33,,"0.768790,1.113421,0.758024,1.198913",,,0.551465,3.859158,9.774044,0.113528
515,33821,161.0,144.91,,10.882712869933158,64.26346468925476,33,,"0.768790,1.113421,0.758024,1.198913",,,0.551465,3.859158,9.774044,0.113528
516,33850,29.0,143.64,,10.882712869933158,64.26446294784546,33,,"0.768790,1.113421,0.758024,1.198913",,,0.551465,3.859158,9.774044,0.113528
517,33884,34.0,143.11,,10.882712869933158,64.26446294784546,33,,"0.768790,1.113421,0.758024,1.198913",,,0.551465,3.859158,9.774044,0.113528
518,34174,290.0,144.47,,10.882712869933158,64.26446294784546,33,,"0.768790,1.113421,0.758024,1.198913",,,0.551465,3.859158,9.774044,0.113528
519,34230,56.0,144.68,,10.882712869933158,64.26446294784546,33,,"0.768790,1.113421,0.758024,1.198913",,,0.551465,3.859158,9.774044,0.113528
520,34730,500.0,148.79,,10.882712869933158,64.26546144485474,33,,"0.768790,1.113421,0.758024,1.198913",,,0.551465,3.859158,9.774044,0.113528
521,34888,158.0,149.95,,10.882712869933158,64.26546144485474,33,,"0.768790,1.113421,0.758024,1.198913",,,0.551465,3.859158,9.774044,0.113528
522,35102,214.0,151.18,,10.882712869933158,64.26546144485474,33,,"0.768790,1.113421,0.758024,1.198913",,,0.551465,3.859158,9.774044,0.113528
523,35247,145.0,150.67,,10.882712869933158,64.26546144485474,33,,"0.768790,1.113421,0.758024,1.198913",,,0.551465,3.859158,9.774044,0.113528
524,35462,215.0,151.13,,10.882712869933158,64.26546144485474,33,,"0.768790,1.113421,0.758024,1.198913",,,0.551465,3.859158,9.774044,0.113528
525,35591,129.0,151.59,,10.882712869933158,64.26546144485474,33,,"0.768790,1.113421,0.758024,1.198913",,,0.551465,3.859158,9.774044,0.113528
526,35711,120.0,152.1,,10.882712869933158,64.26546144485474,33,,"0.768790,1.113421,0.758024,1.198913",,,0.551465,3.859158,9.774044,0.113528
527,35818,107.0,151.92,,10.882712869933158,64.26546144485474,33,,"0.768790,1.113421,0.758024,1.198913",,,0.551465,3.859158,9.774044,0.113528
528,36077,259.0,153.98,,10.691594081766466,68.1103162765503,34,,"0.757503,1.105341,0.750867,1.194513",,,0.531167,3.955385,8.917298,0.240100
529,36244,167.0,155.08,,10.691594081766466,68.1103162765503,34,,"0.757503,1.105341,0.750867,1.194513",,,0.531167,3.955385,8.917298,0.240100
530,36392,148.0,154.88,,10.691594081766466,68.1103162765503,34,,"0.757503,1.105341,0.750867,1.194513",,,0.531167,3.955385,8.917298,0.240100
531,36547,155.0,155.23,,10.691594081766466,68.1103162765503,34,,"0.757503,1.105341,0.750867,1.194513",,,0.531167,3.955385,8.917298,0.240100
532,36741,194.0,156.08,,10.691594081766466,68.1103162765503,34,,"0.757503,1.105341,0.750867,1.194513",,,0.531167,3.955385,8.917298,0.240100
533,36886,145.0,157.01,,10.691594081766466,68.1103162765503,34,,"0.757503,1.105341,0.750867,1.194513",,,0.531167,3.955385,8.917298,0.240100
534,37130,244.0,158.29,,10.691594081766466,68.1103162765503,34,,"0.757503,1.105341,0.750867,1.194513",,,0.531167,3.955385,8.917298,0.240100
535,37263,133.0,158.01,,10.691594081766466,68.1103162765503,34,,"0.757503,1.105341,0.750867,1.194513",,,0.531167,3.955385,8.917298,0.240100
536,37341,78.0,157.31,,10.691594081766466,68.1103162765503,34,,"0.757503,1.105341,0.750867,1.194513",,,0.531167,3.955385,8.917298,0.240100
537,37467,126.0,158.3,,10.691594081766466,68.1103162765503,34,,"0.757503,1.105341,0.750867,1.194513",,,0.531167,3.955385,8.917298,0.240100
538,37677,210.0,159.42,,10.691594081766466,68.1103162765503,34,,"0.757503,1.105341,0.750867,1.194513",,,0.531167,3.955385,8.917298,0.240100
539,37735,58.0,158.38,,10.691594081766466,68.11130499839783,34,,"0.757503,1.105341,0.750867,1.194513",,,0.531167,3.955385,8.917298,0.240100
540,37985,250.0,159.73,,10.691594081766466,68.11130499839783,34,,"0.757503,1.105341,0.750867,1.194513",,,0.531167,3.955385,8.917298,0.240100
541,38195,210.0,160.83,,10.691594081766466,68.11130499839783,34,,"0.757503,1.105341,0.750867,1.194513",,,0.531167,3.955385,8.917298,0.240100
542,38618,423.0,164.4,,10.691594081766466,68.11130499839783,34,,"0.757503,1.105341,0.750867,1.194513",,,0.531167,3.955385,8.917298,0.240100
543,38930,312.0,165.81,,10.691594081766466,68.11130499839783,34,,"0.757503,1.105341,0.750867,1.194513",,,0.531167,3.955385,8.917298,0.240100
544,38995,65.0,165.21,,10.501545769827706,73.9330005645752,35,,"0.745784,1.096782,0.744198,1.190112",,,0.533853,4.046462,8.223557,0.137927
545,39495,500.0,168.81,,10.501545769827706,73.9330005645752,35,,"0.745784,1.096782,0.744198,1.190112",,,0.533853,4.046462,8.223557,0.137927
546,39764,269.0,169.89,,10.501545769827706,73.9330005645752,35,,"0.745784,1.096782,0.744198,1.190112",,,0.533853,4.046462,8.223557,0.137927
547,40137,373.0,171.28,,10.501545769827706,73.93400144577026,35,,"0.745784,1.096782,0.744198,1.190112",,,0.533853,4.046462,8.223557,0.137927
548,40404,267.0,172.08,,10.501545769827706,73.93400144577026,35,,"0.745784,1.096782,0.744198,1.190112",,,0.533853,4.046462,8.223557,0.137927
549,40494,90.0,170.66,,10.501545769827706,73.93400144577026,35,,"0.745784,1.096782,0.744198,1.190112",500.0,0.0,0.533853,4.046462,8.223557,0.137927
550,40736,242.0,172.01,,10.501545769827706,73.93400144577026,35,,"0.745784,1.096782,0.744198,1.190112",,,0.533853,4.046462,8.223557,0.137927
551,40802,66.0,172.4,,10.501545769827706,73.93400144577026,35,,"0.745784,1.096782,0.744198,1.190112",,,0.533853,4.046462,8.223557,0.137927
552,40972,170.0,173.74,,10.501545769827706,73.93400144577026,35,,"0.745784,1.096782,0.744198,1.190112",,,0.533853,4.046462,8.223557,0.137927
553,41472,500.0,175.01,,10.501545769827706,73.9349889755249,35,,"0.745784,1.096782,0.744198,1.190112",,,0.533853,4.046462,8.223557,0.137927
554,41600,128.0,175.17,,10.501545769827706,73.9349889755249,35,,"0.745784,1.096782,0.744198,1.190112",,,0.533853,4.046462,8.223557,0.137927
555,41931,331.0,177.05,,10.501545769827706,73.9349889755249,35,,"0.745784,1.096782,0.744198,1.190112",,,0.533853,4.046462,8.223557,0.137927
556,42316,385.0,180.2,,10.501545769827706,73.9349889755249,35,,"0.745784,1.096782,0.744198,1.190112",,,0.533853,4.046462,8.223557,0.137927
557,42816,500.0,183.57,,10.501545769827706,73.9349889755249,35,,"0.745784,1.096782,0.744198,1.190112",,,0.533853,4.046462,8.223557,0.137927
558,42862,46.0,183.75,,10.501545769827706,73.9349889755249,35,,"0.745784,1.096782,0.744198,1.190112",,,0.533853,4.046462,8.223557,0.137927
559,43268,406.0,186.83,,10.501545769827706,73.9349889755249,35,,"0.745784,1.096782,0.744198,1.190112",,,0.533853,4.046462,8.223557,0.137927
560,43673,405.0,188.76,,10.316944678624472,80.74977731704712,36,,"0.733514,1.088301,0.737838,1.184064",,,0.525867,4.135110,7.865656,0.371944
561,44157,484.0,192.06,,10.316944678624472,80.74977731704712,36,,"0.733514,1.088301,0.737838,1.184064",,,0.525867,4.135110,7.865656,0.371944
562,44365,208.0,192.37,,10.316944678624472,80.74977731704712,36,,"0.733514,1.088301,0.737838,1.184064",,,0.525867,4.135110,7.865656,0.371944
563,44612,247.0,193.25,,10.316944678624472,80.74977731704712,36,,"0.733514,1.088301,0.737838,1.184064",,,0.525867,4.135110,7.865656,0.371944
564,45039,427.0,196.09,,10.316944678624472,80.74977731704712,36,,"0.733514,1.088301,0.737838,1.184064",,,0.525867,4.135110,7.865656,0.371944
565,45269,230.0,197.79,,10.316944678624472,80.74977731704712,36,,"0.733514,1.088301,0.737838,1.184064",,,0.525867,4.135110,7.865656,0.371944
566,45549,280.0,198.99,,10.316944678624472,80.74977731704712,36,,"0.733514,1.088301,0.737838,1.184064",,,0.525867,4.135110,7.865656,0.371944
567,45774,225.0,200.56,,10.316944678624472,80.75080108642578,36,,"0.733514,1.088301,0.737838,1.184064",,,0.525867,4.135110,7.865656,0.371944
568,45859,85.0,200.31,,10.316944678624472,80.75080108642578,36,,"0.733514,1.088301,0.737838,1.184064",,,0.525867,4.135110,7.865656,0.371944
569,46101,242.0,199.6,,10.316944678624472,80.75080108642578,36,,"0.733514,1.088301,0.737838,1.184064",,,0.525867,4.135110,7.865656,0.371944
570,46156,55.0,199.3,,10.316944678624472,80.75080108642578,36,,"0.733514,1.088301,0.737838,1.184064",,,0.525867,4.135110,7.865656,0.371944
571,46299,143.0,198.48,,10.316944678624472,80.75080108642578,36,,"0.733514,1.088301,0.737838,1.184064",,,0.525867,4.135110,7.865656,0.371944
572,46684,385.0,201.29,,10.316944678624472,80.75080108642578,36,,"0.733514,1.088301,0.737838,1.184064",,,0.525867,4.135110,7.865656,0.371944
573,46735,51.0,201.35,,10.316944678624472,80.75080108642578,36,,"0.733514,1.088301,0.737838,1.184064",,,0.525867,4.135110,7.865656,0.371944
574,46983,248.0,202.53,,10.316944678624472,80.75080108642578,36,,"0.733514,1.088301,0.737838,1.184064",,,0.525867,4.135110,7.865656,0.371944
575,47074,91.0,201.47,,10.316944678624472,80.75080108642578,36,,"0.733514,1.088301,0.737838,1.184064",,,0.525867,4.135110,7.865656,0.371944
576,47528,454.0,201.01,,10.141136182321084,88.63523650169373,37,,"0.720971,1.079276,0.732097,1.178617",,,0.536504,4.221070,7.797263,0.249770
577,47769,241.0,202.97,,10.141136182321084,88.63523650169373,37,,"0.720971,1.079276,0.732097,1.178617",,,0.536504,4.221070,7.797263,0.249770
578,48269,500.0,207.63,,10.141136182321084,88.63523650169373,37,,"0.720971,1.079276,0.732097,1.178617",,,0.536504,4.221070,7.797263,0.249770
579,48769,500.0,212.16,,10.141136182321084,88.636239528656,37,,"0.720971,1.079276,0.732097,1.178617",,,0.536504,4.221070,7.797263,0.249770
580,49210,441.0,215.05,,10.141136182321084,88.636239528656,37,,"0.720971,1.079276,0.732097,1.178617",,,0.536504,4.221070,7.797263,0.249770
581,49326,116.0,214.39,,10.141136182321084,88.636239528656,37,,"0.720971,1.079276,0.732097,1.178617",,,0.536504,4.221070,7.797263,0.249770
582,49679,353.0,214.62,,10.141136182321084,88.636239528656,37,,"0.720971,1.079276,0.732097,1.178617",,,0.536504,4.221070,7.797263,0.249770
583,50171,492.0,217.48,,10.141136182321084,88.636239528656,37,,"0.720971,1.079276,0.732097,1.178617",,,0.536504,4.221070,7.797263,0.249770
584,50582,411.0,219.79,,10.141136182321084,88.636239528656,37,,"0.720971,1.079276,0.732097,1.178617",,,0.536504,4.221070,7.797263,0.249770
585,51082,500.0,223.6,,10.141136182321084,88.636239528656,37,,"0.720971,1.079276,0.732097,1.178617",,,0.536504,4.221070,7.797263,0.249770
586,51346,264.0,225.14,,10.141136182321084,88.636239528656,37,,"0.720971,1.079276,0.732097,1.178617",,,0.536504,4.221070,7.797263,0.249770
587,51628,282.0,226.31,,10.141136182321084,88.636239528656,37,,"0.720971,1.079276,0.732097,1.178617",,,0.536504,4.221070,7.797263,0.249770
588,51788,160.0,227.29,,10.141136182321084,88.636239528656,37,,"0.720971,1.079276,0.732097,1.178617",,,0.536504,4.221070,7.797263,0.249770
589,51847,59.0,226.25,,10.141136182321084,88.636239528656,37,,"0.720971,1.079276,0.732097,1.178617",,,0.536504,4.221070,7.797263,0.249770
590,52159,312.0,227.68,,10.141136182321084,88.636239528656,37,,"0.720971,1.079276,0.732097,1.178617",,,0.536504,4.221070,7.797263,0.249770
591,52501,342.0,229.72,,10.141136182321084,88.636239528656,37,,"0.720971,1.079276,0.732097,1.178617",,,0.536504,4.221070,7.797263,0.249770
592,52827,326.0,228.94,,9.967534642470511,96.62740659713745,38,,"0.709517,1.071171,0.726235,1.174372",,,0.526628,4.301816,7.232750,0.359480
593,52989,162.0,228.91,,9.967534642470511,96.62740659713745,38,,"0.709517,1.071171,0.726235,1.174372",,,0.526628,4.301816,7.232750,0.359480
594,53239,250.0,230.75,,9.967534642470511,96.62740659713745,38,,"0.709517,1.071171,0.726235,1.174372",,,0.526628,4.301816,7.232750,0.359480
595,53717,478.0,234.64,,9.967534642470511,96.62740659713745,38,,"0.709517,1.071171,0.726235,1.174372",,,0.526628,4.301816,7.232750,0.359480
596,53991,274.0,235.25,,9.967534642470511,96.62740659713745,38,,"0.709517,1.071171,0.726235,1.174372",,,0.526628,4.301816,7.232750,0.359480
597,54491,500.0,239.47,,9.967534642470511,96.62740659713745,38,,"0.709517,1.071171,0.726235,1.174372",,,0.526628,4.301816,7.232750,0.359480
598,54858,367.0,241.34,,9.967534642470511,96.62740659713745,38,,"0.709517,1.071171,0.726235,1.174372",,,0.526628,4.301816,7.232750,0.359480
599,55358,500.0,245.52,,9.967534642470511,96.62840557098389,38,,"0.709517,1.071171,0.726235,1.174372",500.0,0.0,0.526628,4.301816,7.232750,0.359480
600,55858,500.0,248.06,,9.967534642470511,96.62840557098389,38,,"0.709517,1.071171,0.726235,1.174372",,,0.526628,4.301816,7.232750,0.359480
601,56202,344.0,250.39,,9.967534642470511,96.62840557098389,38,,"0.709517,1.071171,0.726235,1.174372",,,0.526628,4.301816,7.232750,0.359480
602,56349,147.0,249.26,,9.967534642470511,96.62840557098389,38,,"0.709517,1.071171,0.726235,1.174372",,,0.526628,4.301816,7.232750,0.359480
603,56849,500.0,251.88,,9.967534642470511,96.62942147254944,38,,"0.709517,1.071171,0.726235,1.174372",,,0.526628,4.301816,7.232750,0.359480
604,56962,113.0,251.54,,9.967534642470511,96.62942147254944,38,,"0.709517,1.071171,0.726235,1.174372",,,0.526628,4.301816,7.232750,0.359480
605,57246,284.0,252.11,,9.967534642470511,96.62942147254944,38,,"0.709517,1.071171,0.726235,1.174372",,,0.526628,4.301816,7.232750,0.359480
606,57380,134.0,251.91,,9.967534642470511,96.62942147254944,38,,"0.709517,1.071171,0.726235,1.174372",,,0.526628,4.301816,7.232750,0.359480
607,57753,373.0,254.58,,9.967534642470511,96.62942147254944,38,,"0.709517,1.071171,0.726235,1.174372",,,0.526628,4.301816,7.232750,0.359480
608,57912,159.0,251.98,,9.803085846778673,104.5752420425415,39,,"0.698674,1.063231,0.720650,1.170894",,,0.528189,4.377957,7.273330,0.229542
609,58412,500.0,254.72,,9.803085846778673,104.5762403011322,39,,"0.698674,1.063231,0.720650,1.170894",,,0.528189,4.377957,7.273330,0.229542
610,58547,135.0,253.54,,9.803085846778673,104.5762403011322,39,,"0.698674,1.063231,0.720650,1.170894",,,0.528189,4.377957,7.273330,0.229542
611,59047,500.0,256.87,,9.803085846778673,104.5762403011322,39,,"0.698674,1.063231,0.720650,1.170894",,,0.528189,4.377957,7.273330,0.229542
612,59499,452.0,259.98,,9.803085846778673,104.5762403011322,39,,"0.698674,1.063231,0.720650,1.170894",,,0.528189,4.377957,7.273330,0.229542
613,59999,500.0,264.47,,9.803085846778673,104.5762403011322,39,,"0.698674,1.063231,0.720650,1.170894",,,0.528189,4.377957,7.273330,0.229542
614,60245,246.0,265.85,,9.803085846778673,104.5762403011322,39,,"0.698674,1.063231,0.720650,1.170894",,,0.528189,4.377957,7.273330,0.229542
615,60745,500.0,269.24,,9.803085846778673,104.5762403011322,39,,"0.698674,1.063231,0.720650,1.170894",,,0.528189,4.377957,7.273330,0.229542
616,60950,205.0,271.0,,9.803085846778673,104.5762403011322,39,,"0.698674,1.063231,0.720650,1.170894",,,0.528189,4.377957,7.273330,0.229542
617,61238,288.0,273.54,,9.803085846778673,104.57725167274475,39,,"0.698674,1.063231,0.720650,1.170894",,,0.528189,4.377957,7.273330,0.229542
618,61738,500.0,275.64,,9.803085846778673,104.57725167274475,39,,"0.698674,1.063231,0.720650,1.170894",,,0.528189,4.377957,7.273330,0.229542
619,62238,500.0,280.08,,9.803085846778673,104.57725167274475,39,,"0.698674,1.063231,0.720650,1.170894",,,0.528189,4.377957,7.273330,0.229542
620,62340,102.0,276.1,,9.803085846778673,104.57725167274475,39,,"0.698674,1.063231,0.720650,1.170894",,,0.528189,4.377957,7.273330,0.229542
621,62715,375.0,278.27,,9.803085846778673,104.57725167274475,39,,"0.698674,1.063231,0.720650,1.170894",,,0.528189,4.377957,7.273330,0.229542
622,62892,177.0,277.9,,9.803085846778673,104.57725167274475,39,,"0.698674,1.063231,0.720650,1.170894",,,0.528189,4.377957,7.273330,0.229542
623,63369,477.0,281.22,,9.803085846778673,104.57725167274475,39,,"0.698674,1.063231,0.720650,1.170894",,,0.528189,4.377957,7.273330,0.229542
624,63611,242.0,281.49,,9.649859756231308,112.05984282493591,40,,"0.687260,1.055416,0.714997,1.168372",,,0.501887,4.451668,7.506057,0.358872
625,63897,286.0,283.06,,9.649859756231308,112.05984282493591,40,,"0.687260,1.055416,0.714997,1.168372",,,0.501887,4.451668,7.506057,0.358872
626,64147,250.0,284.36,,9.649859756231308,112.05984282493591,40,,"0.687260,1.055416,0.714997,1.168372",,,0.501887,4.451668,7.506057,0.358872
627,64392,245.0,285.74,,9.649859756231308,112.05984282493591,40,,"0.687260,1.055416,0.714997,1.168372",,,0.501887,4.451668,7.506057,0.358872
628,64620,228.0,285.43,,9.649859756231308,112.05984282493591,40,,"0.687260,1.055416,0.714997,1.168372",,,0.501887,4.451668,7.506057,0.358872
629,65069,449.0,288.25,,9.649859756231308,112.05984282493591,40,,"0.687260,1.055416,0.714997,1.168372",,,0.501887,4.451668,7.506057,0.358872
630,65489,420.0,290.97,,9.649859756231308,112.05984282493591,40,,"0.687260,1.055416,0.714997,1.168372",,,0.501887,4.451668,7.506057,0.358872
631,65819,330.0,292.72,,9.649859756231308,112.05984282493591,40,,"0.687260,1.055416,0.714997,1.168372",,,0.501887,4.451668,7.506057,0.358872
632,66319,500.0,295.78,,9.649859756231308,112.05984282493591,40,,"0.687260,1.055416,0.714997,1.168372",,,0.501887,4.451668,7.506057,0.358872
633,66602,283.0,297.16,,9.649859756231308,112.06083989143372,40,,"0.687260,1.055416,0.714997,1.168372",,,0.501887,4.451668,7.506057,0.358872
634,67102,500.0,299.72,,9.649859756231308,112.06083989143372,40,,"0.687260,1.055416,0.714997,1.168372",,,0.501887,4.451668,7.506057,0.358872
635,67263,161.0,300.0,,9.649859756231308,112.06083989143372,40,,"0.687260,1.055416,0.714997,1.168372",,,0.501887,4.451668,7.506057,0.358872
636,67716,453.0,303.75,,9.649859756231308,112.06083989143372,40,,"0.687260,1.055416,0.714997,1.168372",,,0.501887,4.451668,7.506057,0.358872
637,67955,239.0,304.88,,9.649859756231308,112.06083989143372,40,,"0.687260,1.055416,0.714997,1.168372",,,0.501887,4.451668,7.506057,0.358872
638,68123,168.0,304.46,,9.649859756231308,112.06083989143372,40,,"0.687260,1.055416,0.714997,1.168372",,,0.501887,4.451668,7.506057,0.358872
639,68568,445.0,308.33,,9.649859756231308,112.06083989143372,40,,"0.687260,1.055416,0.714997,1.168372",,,0.501887,4.451668,7.506057,0.358872
640,69068,500.0,310.83,,9.49703670711052,119.78881812095642,41,,"0.676379,1.047361,0.709724,1.165881",,,0.506266,4.520466,6.931000,0.253893
641,69260,192.0,310.65,,9.49703670711052,119.78881812095642,41,,"0.676379,1.047361,0.709724,1.165881",,,0.506266,4.520466,6.931000,0.253893
642,69408,148.0,307.9,,9.49703670711052,119.78881812095642,41,,"0.676379,1.047361,0.709724,1.165881",,,0.506266,4.520466,6.931000,0.253893
643,69908,500.0,309.78,,9.49703670711052,119.78881812095642,41,,"0.676379,1.047361,0.709724,1.165881",,,0.506266,4.520466,6.931000,0.253893
644,70168,260.0,311.73,,9.49703670711052,119.78881812095642,41,,"0.676379,1.047361,0.709724,1.165881",,,0.506266,4.520466,6.931000,0.253893
645,70668,500.0,311.73,,9.49703670711052,119.78881812095642,41,,"0.676379,1.047361,0.709724,1.165881",,,0.506266,4.520466,6.931000,0.253893
646,71044,376.0,312.8,,9.49703670711052,119.78881812095642,41,,"0.676379,1.047361,0.709724,1.165881",,,0.506266,4.520466,6.931000,0.253893
647,71544,500.0,314.07,,9.49703670711052,119.78881812095642,41,,"0.676379,1.047361,0.709724,1.165881",,,0.506266,4.520466,6.931000,0.253893
648,71863,319.0,314.59,,9.49703670711052,119.78881812095642,41,,"0.676379,1.047361,0.709724,1.165881",,,0.506266,4.520466,6.931000,0.253893
649,72363,500.0,318.69,,9.49703670711052,119.78981947898865,41,,"0.676379,1.047361,0.709724,1.165881",500.0,0.0,0.506266,4.520466,6.931000,0.253893
650,72617,254.0,318.81,,9.49703670711052,119.78981947898865,41,,"0.676379,1.047361,0.709724,1.165881",,,0.506266,4.520466,6.931000,0.253893
651,73117,500.0,323.15,,9.49703670711052,119.78981947898865,41,,"0.676379,1.047361,0.709724,1.165881",,,0.506266,4.520466,6.931000,0.253893
652,73528,411.0,325.56,,9.49703670711052,119.78981947898865,41,,"0.676379,1.047361,0.709724,1.165881",,,0.506266,4.520466,6.931000,0.253893
653,73856,328.0,323.84,,9.49703670711052,119.78981947898865,41,,"0.676379,1.047361,0.709724,1.165881",,,0.506266,4.520466,6.931000,0.253893
654,74214,358.0,326.14,,9.49703670711052,119.78981947898865,41,,"0.676379,1.047361,0.709724,1.165881",,,0.506266,4.520466,6.931000,0.253893
655,74714,500.0,327.83,,9.49703670711052,119.78981947898865,41,,"0.676379,1.047361,0.709724,1.165881",,,0.506266,4.520466,6.931000,0.253893
656,75074,360.0,327.58,,9.35257097085317,126.571284532547,42,,"0.665790,1.039254,0.705636,1.163104",,,0.506114,4.583948,6.992986,0.353571
657,75574,500.0,327.58,,9.35257097085317,126.571284532547,42,,"0.665790,1.039254,0.705636,1.163104",,,0.506114,4.583948,6.992986,0.353571
658,75812,238.0,329.5,,9.35257097085317,126.571284532547,42,,"0.665790,1.039254,0.705636,1.163104",,,0.506114,4.583948,6.992986,0.353571
659,76110,298.0,328.42,,9.35257097085317,126.571284532547,42,,"0.665790,1.039254,0.705636,1.163104",,,0.506114,4.583948,6.992986,0.353571
660,76585,475.0,329.12,,9.35257097085317,126.571284532547,42,,"0.665790,1.039254,0.705636,1.163104",,,0.506114,4.583948,6.992986,0.353571
661,77038,453.0,328.81,,9.35257097085317,126.571284532547,42,,"0.665790,1.039254,0.705636,1.163104",,,0.506114,4.583948,6.992986,0.353571
662,77368,330.0,330.03,,9.35257097085317,126.57229590415955,42,,"0.665790,1.039254,0.705636,1.163104",,,0.506114,4.583948,6.992986,0.353571
663,77818,450.0,332.06,,9.35257097085317,126.57229590415955,42,,"0.665790,1.039254,0.705636,1.163104",,,0.506114,4.583948,6.992986,0.353571
664,78257,439.0,332.18,,9.35257097085317,126.57229590415955,42,,"0.665790,1.039254,0.705636,1.163104",,,0.506114,4.583948,6.992986,0.353571
665,78757,500.0,334.88,,9.35257097085317,126.57229590415955,42,,"0.665790,1.039254,0.705636,1.163104",,,0.506114,4.583948,6.992986,0.353571
666,78827,70.0,332.78,,9.35257097085317,126.57229590415955,42,,"0.665790,1.039254,0.705636,1.163104",,,0.506114,4.583948,6.992986,0.353571
667,79157,330.0,333.83,,9.35257097085317,126.57229590415955,42,,"0.665790,1.039254,0.705636,1.163104",,,0.506114,4.583948,6.992986,0.353571
668,79458,301.0,335.99,,9.35257097085317,126.57229590415955,42,,"0.665790,1.039254,0.705636,1.163104",,,0.506114,4.583948,6.992986,0.353571
669,79958,500.0,338.57,,9.35257097085317,126.57229590415955,42,,"0.665790,1.039254,0.705636,1.163104",,,0.506114,4.583948,6.992986,0.353571
670,80372,414.0,342.16,,9.35257097085317,126.57229590415955,42,,"0.665790,1.039254,0.705636,1.163104",,,0.506114,4.583948,6.992986,0.353571
671,80872,500.0,345.73,,9.35257097085317,126.57229590415955,42,,"0.665790,1.039254,0.705636,1.163104",,,0.506114,4.583948,6.992986,0.353571
672,81084,212.0,344.0,,9.209423902422882,132.7665457725525,43,,"0.654430,1.031378,0.702136,1.161144",,,0.510142,4.644699,6.569045,0.367565
673,81367,283.0,346.32,,9.209423902422882,132.7665457725525,43,,"0.654430,1.031378,0.702136,1.161144",,,0.510142,4.644699,6.569045,0.367565
674,81858,491.0,348.75,,9.209423902422882,132.7665457725525,43,,"0.654430,1.031378,0.702136,1.161144",,,0.510142,4.644699,6.569045,0.367565
675,82358,500.0,352.84,,9.209423902422882,132.7665457725525,43,,"0.654430,1.031378,0.702136,1.161144",,,0.510142,4.644699,6.569045,0.367565
676,82602,244.0,350.74,,9.209423902422882,132.7665457725525,43,,"0.654430,1.031378,0.702136,1.161144",,,0.510142,4.644699,6.569045,0.367565
677,83102,500.0,353.33,,9.209423902422882,132.7665457725525,43,,"0.654430,1.031378,0.702136,1.161144",,,0.510142,4.644699,6.569045,0.367565
678,83602,500.0,353.33,,9.209423902422882,132.76754593849182,43,,"0.654430,1.031378,0.702136,1.161144",,,0.510142,4.644699,6.569045,0.367565
679,84102,500.0,353.33,,9.209423902422882,132.76754593849182,43,,"0.654430,1.031378,0.702136,1.161144",,,0.510142,4.644699,6.569045,0.367565
680,84504,402.0,352.94,,9.209423902422882,132.76754593849182,43,,"0.654430,1.031378,0.702136,1.161144",,,0.510142,4.644699,6.569045,0.367565
681,84964,460.0,356.38,,9.209423902422882,132.76754593849182,43,,"0.654430,1.031378,0.702136,1.161144",,,0.510142,4.644699,6.569045,0.367565
682,85464,500.0,357.85,,9.209423902422882,132.76754593849182,43,,"0.654430,1.031378,0.702136,1.161144",,,0.510142,4.644699,6.569045,0.367565
683,85964,500.0,357.93,,9.209423902422882,132.76754593849182,43,,"0.654430,1.031378,0.702136,1.161144",,,0.510142,4.644699,6.569045,0.367565
684,86326,362.0,357.44,,9.209423902422882,132.76754593849182,43,,"0.654430,1.031378,0.702136,1.161144",,,0.510142,4.644699,6.569045,0.367565
685,86750,424.0,356.68,,9.209423902422882,132.76754593849182,43,,"0.654430,1.031378,0.702136,1.161144",,,0.510142,4.644699,6.569045,0.367565
686,87250,500.0,359.04,,9.209423902422882,132.76754593849182,43,,"0.654430,1.031378,0.702136,1.161144",,,0.510142,4.644699,6.569045,0.367565
687,87708,458.0,360.8,,9.209423902422882,132.76754593849182,43,,"0.654430,1.031378,0.702136,1.161144",,,0.510142,4.644699,6.569045,0.367565
688,88036,328.0,362.48,,9.076376714489676,138.54734754562378,44,,"0.642743,1.023594,0.698990,1.158785",,,0.508789,4.703776,6.884171,0.324402
689,88444,408.0,365.97,,9.076376714489676,138.54734754562378,44,,"0.642743,1.023594,0.698990,1.158785",,,0.508789,4.703776,6.884171,0.324402
690,88864,420.0,367.05,,9.076376714489676,138.547931432724,44,,"0.642743,1.023594,0.698990,1.158785",,,0.508789,4.703776,6.884171,0.324402
691,89223,359.0,367.22,,9.076376714489676,138.547931432724,44,,"0.642743,1.023594,0.698990,1.158785",,,0.508789,4.703776,6.884171,0.324402
692,89380,157.0,365.53,,9.076376714489676,138.547931432724,44,,"0.642743,1.023594,0.698990,1.158785",,,0.508789,4.703776,6.884171,0.324402
693,89827,447.0,368.38,,9.076376714489676,138.547931432724,44,,"0.642743,1.023594,0.698990,1.158785",,,0.508789,4.703776,6.884171,0.324402
694,89914,87.0,366.75,,9.076376714489676,138.547931432724,44,,"0.642743,1.023594,0.698990,1.158785",,,0.508789,4.703776,6.884171,0.324402
695,90414,500.0,366.97,,9.076376714489676,138.547931432724,44,,"0.642743,1.023594,0.698990,1.158785",,,0.508789,4.703776,6.884171,0.324402
696,90914,500.0,369.23,,9.076376714489676,138.547931432724,44,,"0.642743,1.023594,0.698990,1.158785",,,0.508789,4.703776,6.884171,0.324402
697,91414,500.0,369.23,,9.076376714489676,138.5485122203827,44,,"0.642743,1.023594,0.698990,1.158785",,,0.508789,4.703776,6.884171,0.324402
698,91914,500.0,370.56,,9.076376714489676,138.5485122203827,44,,"0.642743,1.023594,0.698990,1.158785",,,0.508789,4.703776,6.884171,0.324402
699,92392,478.0,370.34,,9.076376714489676,138.5485122203827,44,,"0.642743,1.023594,0.698990,1.158785",500.0,0.0,0.508789,4.703776,6.884171,0.324402
700,92892,500.0,370.34,,9.076376714489676,138.5485122203827,44,,"0.642743,1.023594,0.698990,1.158785",,,0.508789,4.703776,6.884171,0.324402
701,92994,102.0,367.92,,9.076376714489676,138.5485122203827,44,,"0.642743,1.023594,0.698990,1.158785",,,0.508789,4.703776,6.884171,0.324402
702,93494,500.0,371.45,,9.076376714489676,138.5485122203827,44,,"0.642743,1.023594,0.698990,1.158785",,,0.508789,4.703776,6.884171,0.324402
703,93679,185.0,368.3,,9.076376714489676,138.5485122203827,44,,"0.642743,1.023594,0.698990,1.158785",,,0.508789,4.703776,6.884171,0.324402
704,94179,500.0,372.17,,8.943523624208238,145.45933318138123,45,,"0.631148,1.015922,0.695987,1.156472",,,0.514896,4.760010,6.380817,0.264309
705,94642,463.0,373.96,,8.943523624208238,145.460346698761,45,,"0.631148,1.015922,0.695987,1.156472",,,0.514896,4.760010,6.380817,0.264309
706,95142,500.0,377.62,,8.943523624208238,145.460346698761,45,,"0.631148,1.015922,0.695987,1.156472",,,0.514896,4.760010,6.380817,0.264309
707,95642,500.0,378.89,,8.943523624208238,145.460346698761,45,,"0.631148,1.015922,0.695987,1.156472",,,0.514896,4.760010,6.380817,0.264309
708,96142,500.0,382.3,,8.943523624208238,145.460346698761,45,,"0.631148,1.015922,0.695987,1.156472",,,0.514896,4.760010,6.380817,0.264309
709,96642,500.0,382.3,,8.943523624208238,145.460346698761,45,,"0.631148,1.015922,0.695987,1.156472",,,0.514896,4.760010,6.380817,0.264309
710,97013,371.0,384.66,,8.943523624208238,145.460346698761,45,,"0.631148,1.015922,0.695987,1.156472",,,0.514896,4.760010,6.380817,0.264309
711,97513,500.0,384.66,,8.943523624208238,145.460346698761,45,,"0.631148,1.015922,0.695987,1.156472",,,0.514896,4.760010,6.380817,0.264309
712,98013,500.0,385.14,,8.943523624208238,145.460346698761,45,,"0.631148,1.015922,0.695987,1.156472",,,0.514896,4.760010,6.380817,0.264309
713,98361,348.0,383.62,,8.943523624208238,145.46134567260742,45,,"0.631148,1.015922,0.695987,1.156472",,,0.514896,4.760010,6.380817,0.264309
714,98861,500.0,386.16,,8.943523624208238,145.46134567260742,45,,"0.631148,1.015922,0.695987,1.156472",,,0.514896,4.760010,6.380817,0.264309
715,99361,500.0,386.16,,8.943523624208238,145.46134567260742,45,,"0.631148,1.015922,0.695987,1.156472",,,0.514896,4.760010,6.380817,0.264309
716,99861,500.0,389.11,,8.943523624208238,145.46134567260742,45,,"0.631148,1.015922,0.695987,1.156472",,,0.514896,4.760010,6.380817,0.264309
717,100273,412.0,390.35,,8.943523624208238,145.46134567260742,45,,"0.631148,1.015922,0.695987,1.156472",,,0.514896,4.760010,6.380817,0.264309
718,100321,48.0,385.83,,8.943523624208238,145.46134567260742,45,,"0.631148,1.015922,0.695987,1.156472",,,0.514896,4.760010,6.380817,0.264309
719,100552,231.0,383.14,,8.943523624208238,145.46134567260742,45,,"0.631148,1.015922,0.695987,1.156472",,,0.514896,4.760010,6.380817,0.264309
720,101052,500.0,387.12,,8.812557702479156,153.5507366657257,46,,"0.619500,1.008778,0.693311,1.154946",,,0.508862,4.813166,5.996665,0.405834
721,101552,500.0,388.37,,8.812557702479156,153.5507366657257,46,,"0.619500,1.008778,0.693311,1.154946",,,0.508862,4.813166,5.996665,0.405834
722,102052,500.0,391.6,,8.812557702479156,153.5507366657257,46,,"0.619500,1.008778,0.693311,1.154946",,,0.508862,4.813166,5.996665,0.405834
723,102316,264.0,389.47,,8.812557702479156,153.5507366657257,46,,"0.619500,1.008778,0.693311,1.154946",,,0.508862,4.813166,5.996665,0.405834
724,102751,435.0,391.4,,8.812557702479156,153.5507366657257,46,,"0.619500,1.008778,0.693311,1.154946",,,0.508862,4.813166,5.996665,0.405834
725,103251,500.0,393.54,,8.812557702479156,153.5507366657257,46,,"0.619500,1.008778,0.693311,1.154946",,,0.508862,4.813166,5.996665,0.405834
726,103735,484.0,395.88,,8.812557702479156,153.5507366657257,46,,"0.619500,1.008778,0.693311,1.154946",,,0.508862,4.813166,5.996665,0.405834
727,104235,500.0,398.43,,8.812557702479156,153.55173707008362,46,,"0.619500,1.008778,0.693311,1.154946",,,0.508862,4.813166,5.996665,0.405834
728,104735,500.0,401.15,,8.812557702479156,153.55173707008362,46,,"0.619500,1.008778,0.693311,1.154946",,,0.508862,4.813166,5.996665,0.405834
729,105235,500.0,401.66,,8.812557702479156,153.55173707008362,46,,"0.619500,1.008778,0.693311,1.154946",,,0.508862,4.813166,5.996665,0.405834
730,105688,453.0,401.99,,8.812557702479156,153.55173707008362,46,,"0.619500,1.008778,0.693311,1.154946",,,0.508862,4.813166,5.996665,0.405834
731,106186,498.0,403.67,,8.812557702479156,153.55173707008362,46,,"0.619500,1.008778,0.693311,1.154946",,,0.508862,4.813166,5.996665,0.405834
732,106614,428.0,402.95,,8.812557702479156,153.55173707008362,46,,"0.619500,1.008778,0.693311,1.154946",,,0.508862,4.813166,5.996665,0.405834
733,106757,143.0,401.55,,8.812557702479156,153.55173707008362,46,,"0.619500,1.008778,0.693311,1.154946",,,0.508862,4.813166,5.996665,0.405834
734,107257,500.0,401.55,,8.812557702479156,153.55173707008362,46,,"0.619500,1.008778,0.693311,1.154946",,,0.508862,4.813166,5.996665,0.405834
735,107757,500.0,404.94,,8.812557702479156,153.55173707008362,46,,"0.619500,1.008778,0.693311,1.154946",,,0.508862,4.813166,5.996665,0.405834
736,108257,500.0,405.41,,8.686235230019753,161.8495271205902,47,,"0.607884,1.001378,0.690944,1.153875",,,0.506145,4.864502,5.926615,0.406099
737,108568,311.0,406.13,,8.686235230019753,161.8495271205902,47,,"0.607884,1.001378,0.690944,1.153875",,,0.506145,4.864502,5.926615,0.406099
738,109068,500.0,409.45,,8.686235230019753,161.85051345825195,47,,"0.607884,1.001378,0.690944,1.153875",,,0.506145,4.864502,5.926615,0.406099
739,109568,500.0,410.0,,8.686235230019753,161.85051345825195,47,,"0.607884,1.001378,0.690944,1.153875",,,0.506145,4.864502,5.926615,0.406099
740,110068,500.0,410.0,,8.686235230019753,161.85051345825195,47,,"0.607884,1.001378,0.690944,1.153875",,,0.506145,4.864502,5.926615,0.406099
741,110327,259.0,410.67,,8.686235230019753,161.85051345825195,47,,"0.607884,1.001378,0.690944,1.153875",,,0.506145,4.864502,5.926615,0.406099
742,110814,487.0,414.06,,8.686235230019753,161.85051345825195,47,,"0.607884,1.001378,0.690944,1.153875",,,0.506145,4.864502,5.926615,0.406099
743,111314,500.0,414.06,,8.686235230019753,161.85051345825195,47,,"0.607884,1.001378,0.690944,1.153875",,,0.506145,4.864502,5.926615,0.406099
744,111814,500.0,416.46,,8.686235230019753,161.85051345825195,47,,"0.607884,1.001378,0.690944,1.153875",,,0.506145,4.864502,5.926615,0.406099
745,112262,448.0,415.94,,8.686235230019753,161.85051345825195,47,,"0.607884,1.001378,0.690944,1.153875",,,0.506145,4.864502,5.926615,0.406099
746,112762,500.0,417.18,,8.686235230019753,161.85051345825195,47,,"0.607884,1.001378,0.690944,1.153875",,,0.506145,4.864502,5.926615,0.406099
747,113262,500.0,417.18,,8.686235230019753,161.85051345825195,47,,"0.607884,1.001378,0.690944,1.153875",,,0.506145,4.864502,5.926615,0.406099
748,113698,436.0,418.35,,8.686235230019753,161.85051345825195,47,,"0.607884,1.001378,0.690944,1.153875",,,0.506145,4.864502,5.926615,0.406099
749,114198,500.0,418.35,,8.686235230019753,161.8515133857727,47,,"0.607884,1.001378,0.690944,1.153875",500.0,0.0,0.506145,4.864502,5.926615,0.406099
750,114698,500.0,420.81,,8.686235230019753,161.8530294895172,47,,"0.607884,1.001378,0.690944,1.153875",,,0.506145,4.864502,5.926615,0.406099
751,114805,107.0,416.88,,8.686235230019753,161.8530294895172,47,,"0.607884,1.001378,0.690944,1.153875",,,0.506145,4.864502,5.926615,0.406099
752,115305,500.0,417.77,,8.563324217995008,170.19467520713806,48,,"0.596358,0.994637,0.688458,1.153722",,,0.497395,4.913429,5.732248,0.493603
753,115803,498.0,419.47,,8.563324217995008,170.19467520713806,48,,"0.596358,0.994637,0.688458,1.153722",,,0.497395,4.913429,5.732248,0.493603
754,116271,468.0,420.57,,8.563324217995008,170.19467520713806,48,,"0.596358,0.994637,0.688458,1.153722",,,0.497395,4.913429,5.732248,0.493603
755,116771,500.0,420.57,,8.563324217995008,170.19467520713806,48,,"0.596358,0.994637,0.688458,1.153722",,,0.497395,4.913429,5.732248,0.493603
756,117271,500.0,421.97,,8.563324217995008,170.19568252563477,48,,"0.596358,0.994637,0.688458,1.153722",,,0.497395,4.913429,5.732248,0.493603
757,117662,391.0,420.88,,8.563324217995008,170.19568252563477,48,,"0.596358,0.994637,0.688458,1.153722",,,0.497395,4.913429,5.732248,0.493603
758,118162,500.0,423.5,,8.563324217995008,170.19568252563477,48,,"0.596358,0.994637,0.688458,1.153722",,,0.497395,4.913429,5.732248,0.493603
759,118608,446.0,424.98,,8.563324217995008,170.19568252563477,48,,"0.596358,0.994637,0.688458,1.153722",,,0.497395,4.913429,5.732248,0.493603
760,119108,500.0,425.23,,8.563324217995008,170.19568252563477,48,,"0.596358,0.994637,0.688458,1.153722",,,0.497395,4.913429,5.732248,0.493603
761,119608,500.0,425.7,,8.563324217995008,170.19568252563477,48,,"0.596358,0.994637,0.688458,1.153722",,,0.497395,4.913429,5.732248,0.493603
762,120108,500.0,427.4,,8.563324217995008,170.19568252563477,48,,"0.596358,0.994637,0.688458,1.153722",,,0.497395,4.913429,5.732248,0.493603
763,120608,500.0,427.9,,8.563324217995008,170.19568252563477,48,,"0.596358,0.994637,0.688458,1.153722",,,0.497395,4.913429,5.732248,0.493603
764,121026,418.0,427.69,,8.563324217995008,170.19568252563477,48,,"0.596358,0.994637,0.688458,1.153722",,,0.497395,4.913429,5.732248,0.493603
765,121319,293.0,425.62,,8.563324217995008,170.19568252563477,48,,"0.596358,0.994637,0.688458,1.153722",,,0.497395,4.913429,5.732248,0.493603
766,121720,401.0,428.93,,8.563324217995008,170.19568252563477,48,,"0.596358,0.994637,0.688458,1.153722",,,0.497395,4.913429,5.732248,0.493603
767,122220,500.0,430.63,,8.563324217995008,170.19568252563477,48,,"0.596358,0.994637,0.688458,1.153722",,,0.497395,4.913429,5.732248,0.493603
768,122685,465.0,432.27,,8.444985049111503,178.37360382080078,49,,"0.585079,0.988587,0.686047,1.154161",,,0.492123,4.960929,5.686083,0.572308
769,123185,500.0,432.27,,8.444985049111503,178.37360382080078,49,,"0.585079,0.988587,0.686047,1.154161",,,0.492123,4.960929,5.686083,0.572308
770,123609,424.0,432.37,,8.444985049111503,178.37360382080078,49,,"0.585079,0.988587,0.686047,1.154161",,,0.492123,4.960929,5.686083,0.572308
771,124090,481.0,432.18,,8.444985049111503,178.37360382080078,49,,"0.585079,0.988587,0.686047,1.154161",,,0.492123,4.960929,5.686083,0.572308
772,124590,500.0,435.06,,8.444985049111503,178.37459754943848,49,,"0.585079,0.988587,0.686047,1.154161",,,0.492123,4.960929,5.686083,0.572308
773,125090,500.0,437.23,,8.444985049111503,178.37459754943848,49,,"0.585079,0.988587,0.686047,1.154161",,,0.492123,4.960929,5.686083,0.572308
774,125590,500.0,437.32,,8.444985049111503,178.37459754943848,49,,"0.585079,0.988587,0.686047,1.154161",,,0.492123,4.960929,5.686083,0.572308
775,125682,92.0,433.24,,8.444985049111503,178.37459754943848,49,,"0.585079,0.988587,0.686047,1.154161",,,0.492123,4.960929,5.686083,0.572308
776,126182,500.0,435.8,,8.444985049111503,178.37459754943848,49,,"0.585079,0.988587,0.686047,1.154161",,,0.492123,4.960929,5.686083,0.572308
777,126590,408.0,434.88,,8.444985049111503,178.37459754943848,49,,"0.585079,0.988587,0.686047,1.154161",,,0.492123,4.960929,5.686083,0.572308
778,126990,400.0,433.88,,8.444985049111503,178.37459754943848,49,,"0.585079,0.988587,0.686047,1.154161",,,0.492123,4.960929,5.686083,0.572308
779,127490,500.0,433.88,,8.444985049111503,178.37459754943848,49,,"0.585079,0.988587,0.686047,1.154161",,,0.492123,4.960929,5.686083,0.572308
780,127924,434.0,434.2,,8.444985049111503,178.37459754943848,49,,"0.585079,0.988587,0.686047,1.154161",,,0.492123,4.960929,5.686083,0.572308
781,128424,500.0,434.6,,8.444985049111503,178.37459754943848,49,,"0.585079,0.988587,0.686047,1.154161",,,0.492123,4.960929,5.686083,0.572308
782,128750,326.0,432.86,,8.444985049111503,178.37459754943848,49,,"0.585079,0.988587,0.686047,1.154161",,,0.492123,4.960929,5.686083,0.572308
783,129248,498.0,432.84,,8.444985049111503,178.37559604644775,49,,"0.585079,0.988587,0.686047,1.154161",,,0.492123,4.960929,5.686083,0.572308
784,129611,363.0,432.85,,8.331517930030822,186.368017911911,50,,"0.573970,0.982735,0.684424,1.155366",,,0.493198,5.007542,5.696902,0.563198
785,130025,414.0,432.75,,8.331517930030822,186.368017911911,50,,"0.573970,0.982735,0.684424,1.155366",,,0.493198,5.007542,5.696902,0.563198
786,130444,419.0,431.94,,8.331517930030822,186.368017911911,50,,"0.573970,0.982735,0.684424,1.155366",,,0.493198,5.007542,5.696902,0.563198
787,130865,421.0,431.57,,8.331517930030822,186.368017911911,50,,"0.573970,0.982735,0.684424,1.155366",,,0.493198,5.007542,5.696902,0.563198
788,131365,500.0,433.29,,8.331517930030822,186.368017911911,50,,"0.573970,0.982735,0.684424,1.155366",,,0.493198,5.007542,5.696902,0.563198
789,131865,500.0,434.21,,8.331517930030822,186.368017911911,50,,"0.573970,0.982735,0.684424,1.155366",,,0.493198,5.007542,5.696902,0.563198
790,132233,368.0,433.69,,8.331517930030822,186.368017911911,50,,"0.573970,0.982735,0.684424,1.155366",,,0.493198,5.007542,5.696902,0.563198
791,132727,494.0,435.04,,8.331517930030822,186.36901783943176,50,,"0.573970,0.982735,0.684424,1.155366",,,0.493198,5.007542,5.696902,0.563198
792,133227,500.0,438.47,,8.331517930030822,186.36901783943176,50,,"0.573970,0.982735,0.684424,1.155366",,,0.493198,5.007542,5.696902,0.563198
793,133727,500.0,439.0,,8.331517930030822,186.36901783943176,50,,"0.573970,0.982735,0.684424,1.155366",,,0.493198,5.007542,5.696902,0.563198
794,134227,500.0,443.13,,8.331517930030822,186.36901783943176,50,,"0.573970,0.982735,0.684424,1.155366",,,0.493198,5.007542,5.696902,0.563198
795,134537,310.0,441.23,,8.331517930030822,186.36901783943176,50,,"0.573970,0.982735,0.684424,1.155366",,,0.493198,5.007542,5.696902,0.563198
796,135037,500.0,441.23,,8.331517930030822,186.36901783943176,50,,"0.573970,0.982735,0.684424,1.155366",,,0.493198,5.007542,5.696902,0.563198
797,135537,500.0,441.23,,8.331517930030822,186.36901783943176,50,,"0.573970,0.982735,0.684424,1.155366",,,0.493198,5.007542,5.696902,0.563198
798,136037,500.0,441.23,,8.331517930030822,186.36901783943176,50,,"0.573970,0.982735,0.684424,1.155366",,,0.493198,5.007542,5.696902,0.563198
799,136506,469.0,441.14,,8.331517930030822,186.36901783943176,50,,"0.573970,0.982735,0.684424,1.155366",500.0,0.0,0.493198,5.007542,5.696902,0.563198
800,137006,500.0,441.14,,8.004736409187316,193.54745936393738,51,,"0.565780,0.977842,0.683591,1.157690",,,0.490645,5.052948,5.347703,0.578223
801,137506,500.0,445.12,,8.004736409187316,193.54745936393738,51,,"0.565780,0.977842,0.683591,1.157690",,,0.490645,5.052948,5.347703,0.578223
802,138006,500.0,445.12,,8.004736409187316,193.54745936393738,51,,"0.565780,0.977842,0.683591,1.157690",,,0.490645,5.052948,5.347703,0.578223
803,138489,483.0,448.1,,8.004736409187316,193.54845809936523,51,,"0.565780,0.977842,0.683591,1.157690",,,0.490645,5.052948,5.347703,0.578223
804,138906,417.0,447.27,,8.004736409187316,193.54845809936523,51,,"0.565780,0.977842,0.683591,1.157690",,,0.490645,5.052948,5.347703,0.578223
805,139362,456.0,447.2,,8.004736409187316,193.54845809936523,51,,"0.565780,0.977842,0.683591,1.157690",,,0.490645,5.052948,5.347703,0.578223
806,139862,500.0,447.2,,8.004736409187316,193.54845809936523,51,,"0.565780,0.977842,0.683591,1.157690",,,0.490645,5.052948,5.347703,0.578223
807,140100,238.0,444.58,,8.004736409187316,193.54845809936523,51,,"0.565780,0.977842,0.683591,1.157690",,,0.490645,5.052948,5.347703,0.578223
808,140373,273.0,442.31,,8.004736409187316,193.54845809936523,51,,"0.565780,0.977842,0.683591,1.157690",,,0.490645,5.052948,5.347703,0.578223
809,140695,322.0,440.53,,8.004736409187316,193.54845809936523,51,,"0.565780,0.977842,0.683591,1.157690",,,0.490645,5.052948,5.347703,0.578223
810,141143,448.0,441.3,,8.004736409187316,193.54845809936523,51,,"0.565780,0.977842,0.683591,1.157690",,,0.490645,5.052948,5.347703,0.578223
811,141531,388.0,440.18,,8.004736409187316,193.54941630363464,51,,"0.565780,0.977842,0.683591,1.157690",,,0.490645,5.052948,5.347703,0.578223
812,142031,500.0,440.18,,8.004736409187316,193.54941630363464,51,,"0.565780,0.977842,0.683591,1.157690",,,0.490645,5.052948,5.347703,0.578223
813,142531,500.0,441.7,,8.004736409187316,193.54941630363464,51,,"0.565780,0.977842,0.683591,1.157690",,,0.490645,5.052948,5.347703,0.578223
814,142964,433.0,441.03,,8.004736409187316,193.54941630363464,51,,"0.565780,0.977842,0.683591,1.157690",,,0.490645,5.052948,5.347703,0.578223
815,143464,500.0,441.03,,8.004736409187316,193.54941630363464,51,,"0.565780,0.977842,0.683591,1.157690",,,0.490645,5.052948,5.347703,0.578223
816,143846,382.0,439.85,,7.75253623008728,200.9564232826233,52,,"0.557532,0.973848,0.682659,1.160665",,,0.479213,5.099877,5.404802,0.635453
817,144307,461.0,440.34,,7.75253623008728,200.9564232826233,52,,"0.557532,0.973848,0.682659,1.160665",,,0.479213,5.099877,5.404802,0.635453
818,144801,494.0,444.8,,7.75253623008728,200.9564232826233,52,,"0.557532,0.973848,0.682659,1.160665",,,0.479213,5.099877,5.404802,0.635453
819,145214,413.0,446.62,,7.75253623008728,200.9564232826233,52,,"0.557532,0.973848,0.682659,1.160665",,,0.479213,5.099877,5.404802,0.635453
820,145714,500.0,446.62,,7.75253623008728,200.9564232826233,52,,"0.557532,0.973848,0.682659,1.160665",,,0.479213,5.099877,5.404802,0.635453
821,146214,500.0,446.62,,7.75253623008728,200.9564232826233,52,,"0.557532,0.973848,0.682659,1.160665",,,0.479213,5.099877,5.404802,0.635453
822,146714,500.0,446.62,,7.75253623008728,200.9564232826233,52,,"0.557532,0.973848,0.682659,1.160665",,,0.479213,5.099877,5.404802,0.635453
823,147214,500.0,448.98,,7.75253623008728,200.9564232826233,52,,"0.557532,0.973848,0.682659,1.160665",,,0.479213,5.099877,5.404802,0.635453
824,147520,306.0,447.69,,7.75253623008728,200.9564232826233,52,,"0.557532,0.973848,0.682659,1.160665",,,0.479213,5.099877,5.404802,0.635453
825,147687,167.0,444.36,,7.75253623008728,200.95742225646973,52,,"0.557532,0.973848,0.682659,1.160665",,,0.479213,5.099877,5.404802,0.635453
826,147862,175.0,441.27,,7.75253623008728,200.95742225646973,52,,"0.557532,0.973848,0.682659,1.160665",,,0.479213,5.099877,5.404802,0.635453
827,148347,485.0,441.12,,7.75253623008728,200.95742225646973,52,,"0.557532,0.973848,0.682659,1.160665",,,0.479213,5.099877,5.404802,0.635453
828,148847,500.0,441.12,,7.75253623008728,200.95742225646973,52,,"0.557532,0.973848,0.682659,1.160665",,,0.479213,5.099877,5.404802,0.635453
829,148995,148.0,437.6,,7.75253623008728,200.95742225646973,52,,"0.557532,0.973848,0.682659,1.160665",,,0.479213,5.099877,5.404802,0.635453
830,149381,386.0,436.93,,7.75253623008728,200.95742225646973,52,,"0.557532,0.973848,0.682659,1.160665",,,0.479213,5.099877,5.404802,0.635453
831,149881,500.0,436.95,,7.75253623008728,200.95742225646973,52,,"0.557532,0.973848,0.682659,1.160665",,,0.479213,5.099877,5.404802,0.635453
832,150272,391.0,436.58,,7.477819042205811,208.98610973358154,53,,"0.548707,0.970576,0.681714,1.164097",,,0.485087,5.146368,5.109147,0.673228
833,150772,500.0,440.15,,7.477819042205811,208.98610973358154,53,,"0.548707,0.970576,0.681714,1.164097",,,0.485087,5.146368,5.109147,0.673228
834,151272,500.0,440.15,,7.477819042205811,208.98610973358154,53,,"0.548707,0.970576,0.681714,1.164097",,,0.485087,5.146368,5.109147,0.673228
835,151645,373.0,438.88,,7.477819042205811,208.98709511756897,53,,"0.548707,0.970576,0.681714,1.164097",,,0.485087,5.146368,5.109147,0.673228
836,152098,453.0,438.41,,7.477819042205811,208.98709511756897,53,,"0.548707,0.970576,0.681714,1.164097",,,0.485087,5.146368,5.109147,0.673228
837,152598,500.0,440.3,,7.477819042205811,208.98709511756897,53,,"0.548707,0.970576,0.681714,1.164097",,,0.485087,5.146368,5.109147,0.673228
838,153098,500.0,440.3,,7.477819042205811,208.98709511756897,53,,"0.548707,0.970576,0.681714,1.164097",,,0.485087,5.146368,5.109147,0.673228
839,153598,500.0,440.3,,7.477819042205811,208.98709511756897,53,,"0.548707,0.970576,0.681714,1.164097",,,0.485087,5.146368,5.109147,0.673228
840,154083,485.0,440.15,,7.477819042205811,208.98709511756897,53,,"0.548707,0.970576,0.681714,1.164097",,,0.485087,5.146368,5.109147,0.673228
841,154583,500.0,442.56,,7.477819042205811,208.98709511756897,53,,"0.548707,0.970576,0.681714,1.164097",,,0.485087,5.146368,5.109147,0.673228
842,154915,332.0,441.01,,7.477819042205811,208.98709511756897,53,,"0.548707,0.970576,0.681714,1.164097",,,0.485087,5.146368,5.109147,0.673228
843,155303,388.0,439.89,,7.477819042205811,208.98709511756897,53,,"0.548707,0.970576,0.681714,1.164097",,,0.485087,5.146368,5.109147,0.673228
844,155733,430.0,439.19,,7.477819042205811,208.98709511756897,53,,"0.548707,0.970576,0.681714,1.164097",,,0.485087,5.146368,5.109147,0.673228
845,156053,320.0,437.91,,7.477819042205811,208.98811197280884,53,,"0.548707,0.970576,0.681714,1.164097",,,0.485087,5.146368,5.109147,0.673228
846,156553,500.0,437.91,,7.477819042205811,208.98811197280884,53,,"0.548707,0.970576,0.681714,1.164097",,,0.485087,5.146368,5.109147,0.673228
847,156960,407.0,436.98,,7.477819042205811,208.98811197280884,53,,"0.548707,0.970576,0.681714,1.164097",,,0.485087,5.146368,5.109147,0.673228
848,157460,500.0,437.62,,7.1491176748275755,216.96627926826477,54,,"0.542688,0.969030,0.680526,1.166171",,,0.479729,5.192450,5.233495,0.687913
849,157937,477.0,437.39,,7.1491176748275755,216.96627926826477,54,,"0.542688,0.969030,0.680526,1.166171",500.0,0.0,0.479729,5.192450,5.233495,0.687913
850,158437,500.0,437.39,,7.1491176748275755,216.96627926826477,54,,"0.542688,0.969030,0.680526,1.166171",,,0.479729,5.192450,5.233495,0.687913
851,158907,470.0,441.02,,7.1491176748275755,216.96728587150574,54,,"0.542688,0.969030,0.680526,1.166171",,,0.479729,5.192450,5.233495,0.687913
852,159254,347.0,439.49,,7.1491176748275755,216.96728587150574,54,,"0.542688,0.969030,0.680526,1.166171",,,0.479729,5.192450,5.233495,0.687913
853,159645,391.0,438.42,,7.1491176748275755,216.96728587150574,54,,"0.542688,0.969030,0.680526,1.166171",,,0.479729,5.192450,5.233495,0.687913
854,159818,173.0,435.47,,7.1491176748275755,216.96728587150574,54,,"0.542688,0.969030,0.680526,1.166171",,,0.479729,5.192450,5.233495,0.687913
855,160261,443.0,434.9,,7.1491176748275755,216.96728587150574,54,,"0.542688,0.969030,0.680526,1.166171",,,0.479729,5.192450,5.233495,0.687913
856,160642,381.0,433.71,,7.1491176748275755,216.96728587150574,54,,"0.542688,0.969030,0.680526,1.166171",,,0.479729,5.192450,5.233495,0.687913
857,161031,389.0,433.69,,7.1491176748275755,216.96728587150574,54,,"0.542688,0.969030,0.680526,1.166171",,,0.479729,5.192450,5.233495,0.687913
858,161432,401.0,432.7,,7.1491176748275755,216.96728587150574,54,,"0.542688,0.969030,0.680526,1.166171",,,0.479729,5.192450,5.233495,0.687913
859,161819,387.0,432.11,,7.1491176748275755,216.96728587150574,54,,"0.542688,0.969030,0.680526,1.166171",,,0.479729,5.192450,5.233495,0.687913
860,162128,309.0,430.2,,7.1491176748275755,216.96728587150574,54,,"0.542688,0.969030,0.680526,1.166171",,,0.479729,5.192450,5.233495,0.687913
861,162561,433.0,429.53,,7.1491176748275755,216.96728587150574,54,,"0.542688,0.969030,0.680526,1.166171",,,0.479729,5.192450,5.233495,0.687913
862,163061,500.0,429.53,,7.1491176748275755,216.968279838562,54,,"0.542688,0.969030,0.680526,1.166171",,,0.479729,5.192450,5.233495,0.687913
863,163478,417.0,428.7,,7.1491176748275755,216.968279838562,54,,"0.542688,0.969030,0.680526,1.166171",,,0.479729,5.192450,5.233495,0.687913
864,163948,470.0,429.22,,6.878285670280457,224.67036819458008,55,,"0.534226,0.965893,0.680395,1.168651",,,0.452208,5.237955,4.833356,0.788938
865,164345,397.0,430.26,,6.878285670280457,224.67036819458008,55,,"0.534226,0.965893,0.680395,1.168651",,,0.452208,5.237955,4.833356,0.788938
866,164707,362.0,429.87,,6.878285670280457,224.67036819458008,55,,"0.534226,0.965893,0.680395,1.168651",,,0.452208,5.237955,4.833356,0.788938
867,164845,138.0,426.25,,6.878285670280457,224.67036819458008,55,,"0.534226,0.965893,0.680395,1.168651",,,0.452208,5.237955,4.833356,0.788938
868,165345,500.0,426.6,,6.878285670280457,224.67036819458008,55,,"0.534226,0.965893,0.680395,1.168651",,,0.452208,5.237955,4.833356,0.788938
869,165845,500.0,426.6,,6.878285670280457,224.67036819458008,55,,"0.534226,0.965893,0.680395,1.168651",,,0.452208,5.237955,4.833356,0.788938
870,166280,435.0,426.71,,6.878285670280457,224.6713683605194,55,,"0.534226,0.965893,0.680395,1.168651",,,0.452208,5.237955,4.833356,0.788938
871,166677,397.0,425.87,,6.878285670280457,224.6713683605194,55,,"0.534226,0.965893,0.680395,1.168651",,,0.452208,5.237955,4.833356,0.788938
872,166830,153.0,422.4,,6.878285670280457,224.6713683605194,55,,"0.534226,0.965893,0.680395,1.168651",,,0.452208,5.237955,4.833356,0.788938
873,167278,448.0,421.88,,6.878285670280457,224.6713683605194,55,,"0.534226,0.965893,0.680395,1.168651",,,0.452208,5.237955,4.833356,0.788938
874,167602,324.0,420.12,,6.878285670280457,224.6713683605194,55,,"0.534226,0.965893,0.680395,1.168651",,,0.452208,5.237955,4.833356,0.788938
875,167989,387.0,423.07,,6.878285670280457,224.6713683605194,55,,"0.534226,0.965893,0.680395,1.168651",,,0.452208,5.237955,4.833356,0.788938
876,168435,446.0,422.53,,6.878285670280457,224.6713683605194,55,,"0.534226,0.965893,0.680395,1.168651",,,0.452208,5.237955,4.833356,0.788938
877,168733,298.0,421.43,,6.878285670280457,224.6713683605194,55,,"0.534226,0.965893,0.680395,1.168651",,,0.452208,5.237955,4.833356,0.788938
878,168909,176.0,419.19,,6.878285670280457,224.6713683605194,55,,"0.534226,0.965893,0.680395,1.168651",,,0.452208,5.237955,4.833356,0.788938
879,169233,324.0,417.43,,6.878285670280457,224.6713683605194,55,,"0.534226,0.965893,0.680395,1.168651",,,0.452208,5.237955,4.833356,0.788938
880,169733,500.0,418.09,,6.62480459690094,233.37901377677917,56,,"0.527835,0.963631,0.680589,1.170695",,,0.467607,5.279978,4.779993,0.659036
881,170233,500.0,418.09,,6.62480459690094,233.37901377677917,56,,"0.527835,0.963631,0.680589,1.170695",,,0.467607,5.279978,4.779993,0.659036
882,170517,284.0,417.67,,6.62480459690094,233.37901377677917,56,,"0.527835,0.963631,0.680589,1.170695",,,0.467607,5.279978,4.779993,0.659036
883,171017,500.0,417.69,,6.62480459690094,233.37901377677917,56,,"0.527835,0.963631,0.680589,1.170695",,,0.467607,5.279978,4.779993,0.659036
884,171517,500.0,419.06,,6.62480459690094,233.37901377677917,56,,"0.527835,0.963631,0.680589,1.170695",,,0.467607,5.279978,4.779993,0.659036
885,171942,425.0,419.17,,6.62480459690094,233.37901377677917,56,,"0.527835,0.963631,0.680589,1.170695",,,0.467607,5.279978,4.779993,0.659036
886,172217,275.0,417.73,,6.62480459690094,233.37901377677917,56,,"0.527835,0.963631,0.680589,1.170695",,,0.467607,5.279978,4.779993,0.659036
887,172717,500.0,418.52,,6.62480459690094,233.38003182411194,56,,"0.527835,0.963631,0.680589,1.170695",,,0.467607,5.279978,4.779993,0.659036
888,172998,281.0,416.33,,6.62480459690094,233.38003182411194,56,,"0.527835,0.963631,0.680589,1.170695",,,0.467607,5.279978,4.779993,0.659036
889,173398,400.0,415.33,,6.62480459690094,233.38003182411194,56,,"0.527835,0.963631,0.680589,1.170695",,,0.467607,5.279978,4.779993,0.659036
890,173898,500.0,416.65,,6.62480459690094,233.38003182411194,56,,"0.527835,0.963631,0.680589,1.170695",,,0.467607,5.279978,4.779993,0.659036
891,174257,359.0,415.3,,6.62480459690094,233.38003182411194,56,,"0.527835,0.963631,0.680589,1.170695",,,0.467607,5.279978,4.779993,0.659036
892,174521,264.0,412.94,,6.62480459690094,233.38003182411194,56,,"0.527835,0.963631,0.680589,1.170695",,,0.467607,5.279978,4.779993,0.659036
893,174826,305.0,410.99,,6.62480459690094,233.38003182411194,56,,"0.527835,0.963631,0.680589,1.170695",,,0.467607,5.279978,4.779993,0.659036
894,175326,500.0,410.99,,6.62480459690094,233.38003182411194,56,,"0.527835,0.963631,0.680589,1.170695",,,0.467607,5.279978,4.779993,0.659036
895,175665,339.0,411.28,,6.62480459690094,233.38003182411194,56,,"0.527835,0.963631,0.680589,1.170695",,,0.467607,5.279978,4.779993,0.659036
896,176071,406.0,410.34,,6.370622582435608,241.59553718566895,57,,"0.522020,0.962057,0.680870,1.173090",,,0.471289,5.320725,4.559138,0.686739
897,176527,456.0,409.9,,6.370622582435608,241.59553718566895,57,,"0.522020,0.962057,0.680870,1.173090",,,0.471289,5.320725,4.559138,0.686739
898,176717,190.0,406.8,,6.370622582435608,241.59653854370117,57,,"0.522020,0.962057,0.680870,1.173090",,,0.471289,5.320725,4.559138,0.686739
899,177217,500.0,407.11,,6.370622582435608,241.59653854370117,57,,"0.522020,0.962057,0.680870,1.173090",436.6,126.8,0.471289,5.320725,4.559138,0.686739
900,177360,143.0,403.54,,6.370622582435608,241.59653854370117,57,,"0.522020,0.962057,0.680870,1.173090",,,0.471289,5.320725,4.559138,0.686739
901,177797,437.0,402.91,,6.370622582435608,241.59754514694214,57,,"0.522020,0.962057,0.680870,1.173090",,,0.471289,5.320725,4.559138,0.686739
902,178297,500.0,402.91,,6.370622582435608,241.59754514694214,57,,"0.522020,0.962057,0.680870,1.173090",,,0.471289,5.320725,4.559138,0.686739
903,178797,500.0,403.08,,6.370622582435608,241.59754514694214,57,,"0.522020,0.962057,0.680870,1.173090",,,0.471289,5.320725,4.559138,0.686739
904,179297,500.0,403.91,,6.370622582435608,241.59754514694214,57,,"0.522020,0.962057,0.680870,1.173090",,,0.471289,5.320725,4.559138,0.686739
905,179797,500.0,404.35,,6.370622582435608,241.59754514694214,57,,"0.522020,0.962057,0.680870,1.173090",,,0.471289,5.320725,4.559138,0.686739
906,180275,478.0,404.13,,6.370622582435608,241.59754514694214,57,,"0.522020,0.962057,0.680870,1.173090",,,0.471289,5.320725,4.559138,0.686739
907,180768,493.0,406.68,,6.370622582435608,241.59754514694214,57,,"0.522020,0.962057,0.680870,1.173090",,,0.471289,5.320725,4.559138,0.686739
908,181268,500.0,408.95,,6.370622582435608,241.59754514694214,57,,"0.522020,0.962057,0.680870,1.173090",,,0.471289,5.320725,4.559138,0.686739
909,181547,279.0,408.52,,6.370622582435608,241.59754514694214,57,,"0.522020,0.962057,0.680870,1.173090",,,0.471289,5.320725,4.559138,0.686739
910,181761,214.0,406.18,,6.370622582435608,241.59754514694214,57,,"0.522020,0.962057,0.680870,1.173090",,,0.471289,5.320725,4.559138,0.686739
911,182261,500.0,407.3,,6.370622582435608,241.59754514694214,57,,"0.522020,0.962057,0.680870,1.173090",,,0.471289,5.320725,4.559138,0.686739
912,182761,500.0,407.3,,6.041958994865418,248.9957308769226,58,,"0.516374,0.961257,0.681333,1.175786",,,0.449898,5.359977,4.621169,0.768294
913,183241,480.0,407.1,,6.041958994865418,248.99674558639526,58,,"0.516374,0.961257,0.681333,1.175786",,,0.449898,5.359977,4.621169,0.768294
914,183699,458.0,407.35,,6.041958994865418,248.99674558639526,58,,"0.516374,0.961257,0.681333,1.175786",,,0.449898,5.359977,4.621169,0.768294
915,184199,500.0,407.35,,6.041958994865418,248.99674558639526,58,,"0.516374,0.961257,0.681333,1.175786",,,0.449898,5.359977,4.621169,0.768294
916,184502,303.0,406.56,,6.041958994865418,248.99674558639526,58,,"0.516374,0.961257,0.681333,1.175786",,,0.449898,5.359977,4.621169,0.768294
917,184652,150.0,403.45,,6.041958994865418,248.99674558639526,58,,"0.516374,0.961257,0.681333,1.175786",,,0.449898,5.359977,4.621169,0.768294
918,185152,500.0,403.51,,6.041958994865418,248.99674558639526,58,,"0.516374,0.961257,0.681333,1.175786",,,0.449898,5.359977,4.621169,0.768294
919,185602,450.0,403.88,,6.041958994865418,248.99674558639526,58,,"0.516374,0.961257,0.681333,1.175786",,,0.449898,5.359977,4.621169,0.768294
920,185953,351.0,402.39,,6.041958994865418,248.99674558639526,58,,"0.516374,0.961257,0.681333,1.175786",,,0.449898,5.359977,4.621169,0.768294
921,186286,333.0,400.72,,6.041958994865418,248.99674558639526,58,,"0.516374,0.961257,0.681333,1.175786",,,0.449898,5.359977,4.621169,0.768294
922,186553,267.0,398.39,,6.041958994865418,248.99774765968323,58,,"0.516374,0.961257,0.681333,1.175786",,,0.449898,5.359977,4.621169,0.768294
923,186803,250.0,395.89,,6.041958994865418,248.99774765968323,58,,"0.516374,0.961257,0.681333,1.175786",,,0.449898,5.359977,4.621169,0.768294
924,187103,300.0,395.83,,6.041958994865418,248.99774765968323,58,,"0.516374,0.961257,0.681333,1.175786",,,0.449898,5.359977,4.621169,0.768294
925,187285,182.0,395.98,,6.041958994865418,248.99774765968323,58,,"0.516374,0.961257,0.681333,1.175786",,,0.449898,5.359977,4.621169,0.768294
926,187752,467.0,398.9,,6.041958994865418,248.99774765968323,58,,"0.516374,0.961257,0.681333,1.175786",,,0.449898,5.359977,4.621169,0.768294
927,188252,500.0,399.05,,6.041958994865418,248.99774765968323,58,,"0.516374,0.961257,0.681333,1.175786",,,0.449898,5.359977,4.621169,0.768294
928,188684,432.0,398.37,,5.821113829612732,256.57296919822693,59,,"0.510271,0.960692,0.681898,1.178509",,,0.451494,5.398487,4.512843,0.789605
929,189136,452.0,401.41,,5.821113829612732,256.57296919822693,59,,"0.510271,0.960692,0.681898,1.178509",,,0.451494,5.398487,4.512843,0.789605
930,189636,500.0,402.55,,5.821113829612732,256.57296919822693,59,,"0.510271,0.960692,0.681898,1.178509",,,0.451494,5.398487,4.512843,0.789605
931,189857,221.0,399.76,,5.821113829612732,256.57398533821106,59,,"0.510271,0.960692,0.681898,1.178509",,,0.451494,5.398487,4.512843,0.789605
932,190357,500.0,400.85,,5.821113829612732,256.57398533821106,59,,"0.510271,0.960692,0.681898,1.178509",,,0.451494,5.398487,4.512843,0.789605
933,190483,126.0,397.11,,5.821113829612732,256.57398533821106,59,,"0.510271,0.960692,0.681898,1.178509",,,0.451494,5.398487,4.512843,0.789605
934,190983,500.0,397.11,,5.821113829612732,256.57398533821106,59,,"0.510271,0.960692,0.681898,1.178509",,,0.451494,5.398487,4.512843,0.789605
935,191232,249.0,395.87,,5.821113829612732,256.57398533821106,59,,"0.510271,0.960692,0.681898,1.178509",,,0.451494,5.398487,4.512843,0.789605
936,191732,500.0,396.34,,5.821113829612732,256.57398533821106,59,,"0.510271,0.960692,0.681898,1.178509",,,0.451494,5.398487,4.512843,0.789605
937,191862,130.0,392.64,,5.821113829612732,256.57398533821106,59,,"0.510271,0.960692,0.681898,1.178509",,,0.451494,5.398487,4.512843,0.789605
938,192268,406.0,391.7,,5.821113829612732,256.57398533821106,59,,"0.510271,0.960692,0.681898,1.178509",,,0.451494,5.398487,4.512843,0.789605
939,192723,455.0,391.25,,5.821113829612732,256.57398533821106,59,,"0.510271,0.960692,0.681898,1.178509",,,0.451494,5.398487,4.512843,0.789605
940,193155,432.0,390.72,,5.821113829612732,256.57398533821106,59,,"0.510271,0.960692,0.681898,1.178509",,,0.451494,5.398487,4.512843,0.789605
941,193548,393.0,389.65,,5.821113829612732,256.57398533821106,59,,"0.510271,0.960692,0.681898,1.178509",,,0.451494,5.398487,4.512843,0.789605
942,193983,435.0,390.68,,5.821113829612732,256.57398533821106,59,,"0.510271,0.960692,0.681898,1.178509",,,0.451494,5.398487,4.512843,0.789605
943,194464,481.0,391.61,,5.821113829612732,256.57398533821106,59,,"0.510271,0.960692,0.681898,1.178509",,,0.451494,5.398487,4.512843,0.789605
944,194735,271.0,390.02,,5.590469074249268,264.44427013397217,60,,"0.506390,0.961245,0.682857,1.181003",,,0.443978,5.435299,4.433796,0.759350
945,195235,500.0,391.82,,5.590469074249268,264.445271730423,60,,"0.506390,0.961245,0.682857,1.181003",,,0.443978,5.435299,4.433796,0.759350
946,195735,500.0,391.82,,5.590469074249268,264.445271730423,60,,"0.506390,0.961245,0.682857,1.181003",,,0.443978,5.435299,4.433796,0.759350
947,196089,354.0,391.29,,5.590469074249268,264.445271730423,60,,"0.506390,0.961245,0.682857,1.181003",,,0.443978,5.435299,4.433796,0.759350
948,196290,201.0,388.3,,5.590469074249268,264.445271730423,60,,"0.506390,0.961245,0.682857,1.181003",,,0.443978,5.435299,4.433796,0.759350
949,196669,379.0,387.32,,5.590469074249268,264.445271730423,60,,"0.506390,0.961245,0.682857,1.181003",436.6,126.8,0.443978,5.435299,4.433796,0.759350
950,197169,500.0,387.32,,5.590469074249268,264.445271730423,60,,"0.506390,0.961245,0.682857,1.181003",,,0.443978,5.435299,4.433796,0.759350
951,197669,500.0,387.62,,5.590469074249268,264.44627833366394,60,,"0.506390,0.961245,0.682857,1.181003",,,0.443978,5.435299,4.433796,0.759350
952,198119,450.0,388.65,,5.590469074249268,264.44627833366394,60,,"0.506390,0.961245,0.682857,1.181003",,,0.443978,5.435299,4.433796,0.759350
953,198281,162.0,386.36,,5.590469074249268,264.44627833366394,60,,"0.506390,0.961245,0.682857,1.181003",,,0.443978,5.435299,4.433796,0.759350
954,198502,221.0,386.84,,5.590469074249268,264.44627833366394,60,,"0.506390,0.961245,0.682857,1.181003",,,0.443978,5.435299,4.433796,0.759350
955,198771,269.0,385.1,,5.590469074249268,264.44627833366394,60,,"0.506390,0.961245,0.682857,1.181003",,,0.443978,5.435299,4.433796,0.759350
956,198921,150.0,382.79,,5.590469074249268,264.44627833366394,60,,"0.506390,0.961245,0.682857,1.181003",,,0.443978,5.435299,4.433796,0.759350
957,199369,448.0,383.38,,5.590469074249268,264.44627833366394,60,,"0.506390,0.961245,0.682857,1.181003",,,0.443978,5.435299,4.433796,0.759350
958,199603,234.0,381.71,,5.590469074249268,264.44627833366394,60,,"0.506390,0.961245,0.682857,1.181003",,,0.443978,5.435299,4.433796,0.759350
959,199819,216.0,380.0,,5.590469074249268,264.44627833366394,60,,"0.506390,0.961245,0.682857,1.181003",,,0.443978,5.435299,4.433796,0.759350
960,199949,130.0,378.21,,5.334028925895691,272.509295463562,61,,"0.501758,0.959835,0.684275,1.183856",,,0.439343,5.472832,4.310771,0.743752
961,200284,335.0,377.23,,5.334028925895691,272.5103085041046,61,,"0.501758,0.959835,0.684275,1.183856",,,0.439343,5.472832,4.310771,0.743752
962,200689,405.0,376.28,,5.334028925895691,272.5103085041046,61,,"0.501758,0.959835,0.684275,1.183856",,,0.439343,5.472832,4.310771,0.743752
963,201007,318.0,375.29,,5.334028925895691,272.5103085041046,61,,"0.501758,0.959835,0.684275,1.183856",,,0.439343,5.472832,4.310771,0.743752
964,201507,500.0,375.59,,5.334028925895691,272.5103085041046,61,,"0.501758,0.959835,0.684275,1.183856",,,0.439343,5.472832,4.310771,0.743752
965,201759,252.0,374.14,,5.334028925895691,272.5103085041046,61,,"0.501758,0.959835,0.684275,1.183856",,,0.439343,5.472832,4.310771,0.743752
966,202259,500.0,375.52,,5.334028925895691,272.5103085041046,61,,"0.501758,0.959835,0.684275,1.183856",,,0.439343,5.472832,4.310771,0.743752
967,202532,273.0,376.87,,5.334028925895691,272.5103085041046,61,,"0.501758,0.959835,0.684275,1.183856",,,0.439343,5.472832,4.310771,0.743752
968,202704,172.0,373.59,,5.334028925895691,272.5103085041046,61,,"0.501758,0.959835,0.684275,1.183856",,,0.439343,5.472832,4.310771,0.743752
969,203204,500.0,373.59,,5.334028925895691,272.5103085041046,61,,"0.501758,0.959835,0.684275,1.183856",,,0.439343,5.472832,4.310771,0.743752
970,203549,345.0,372.69,,5.334028925895691,272.51132440567017,61,,"0.501758,0.959835,0.684275,1.183856",,,0.439343,5.472832,4.310771,0.743752
971,203791,242.0,371.14,,5.334028925895691,272.51132440567017,61,,"0.501758,0.959835,0.684275,1.183856",,,0.439343,5.472832,4.310771,0.743752
972,204291,500.0,374.61,,5.334028925895691,272.51132440567017,61,,"0.501758,0.959835,0.684275,1.183856",,,0.439343,5.472832,4.310771,0.743752
973,204473,182.0,371.95,,5.334028925895691,272.51132440567017,61,,"0.501758,0.959835,0.684275,1.183856",,,0.439343,5.472832,4.310771,0.743752
974,204973,500.0,373.71,,5.334028925895691,272.51132440567017,61,,"0.501758,0.959835,0.684275,1.183856",,,0.439343,5.472832,4.310771,0.743752
975,205441,468.0,374.52,,5.334028925895691,272.51132440567017,61,,"0.501758,0.959835,0.684275,1.183856",,,0.439343,5.472832,4.310771,0.743752
976,205609,168.0,371.74,,5.119923450946808,280.793662071228,62,,"0.497012,0.958166,0.685883,1.186866",,,0.441034,5.508449,3.894864,0.803716
977,206041,432.0,373.08,,5.119923450946808,280.793662071228,62,,"0.497012,0.958166,0.685883,1.186866",,,0.441034,5.508449,3.894864,0.803716
978,206453,412.0,375.44,,5.119923450946808,280.793662071228,62,,"0.497012,0.958166,0.685883,1.186866",,,0.441034,5.508449,3.894864,0.803716
979,206923,470.0,376.9,,5.119923450946808,280.79465532302856,62,,"0.497012,0.958166,0.685883,1.186866",,,0.441034,5.508449,3.894864,0.803716
980,207090,167.0,373.57,,5.119923450946808,280.79465532302856,62,,"0.497012,0.958166,0.685883,1.186866",,,0.441034,5.508449,3.894864,0.803716
981,207261,171.0,370.28,,5.119923450946808,280.79465532302856,62,,"0.497012,0.958166,0.685883,1.186866",,,0.441034,5.508449,3.894864,0.803716
982,207552,291.0,370.35,,5.119923450946808,280.79465532302856,62,,"0.497012,0.958166,0.685883,1.186866",,,0.441034,5.508449,3.894864,0.803716
983,208021,469.0,370.04,,5.119923450946808,280.79465532302856,62,,"0.497012,0.958166,0.685883,1.186866",,,0.441034,5.508449,3.894864,0.803716
984,208521,500.0,370.04,,5.119923450946808,280.79465532302856,62,,"0.497012,0.958166,0.685883,1.186866",,,0.441034,5.508449,3.894864,0.803716
985,209021,500.0,370.79,,5.119923450946808,280.79465532302856,62,,"0.497012,0.958166,0.685883,1.186866",,,0.441034,5.508449,3.894864,0.803716
986,209521,500.0,373.04,,5.119923450946808,280.79465532302856,62,,"0.497012,0.958166,0.685883,1.186866",,,0.441034,5.508449,3.894864,0.803716
987,209790,269.0,370.73,,5.119923450946808,280.79465532302856,62,,"0.497012,0.958166,0.685883,1.186866",,,0.441034,5.508449,3.894864,0.803716
988,210290,500.0,372.92,,5.119923450946808,280.79465532302856,62,,"0.497012,0.958166,0.685883,1.186866",,,0.441034,5.508449,3.894864,0.803716
989,210790,500.0,373.92,,5.119923450946808,280.79465532302856,62,,"0.497012,0.958166,0.685883,1.186866",,,0.441034,5.508449,3.894864,0.803716
990,211193,403.0,372.95,,5.119923450946808,280.7956545352936,62,,"0.497012,0.958166,0.685883,1.186866",,,0.441034,5.508449,3.894864,0.803716
991,211693,500.0,374.36,,5.119923450946808,280.7956545352936,62,,"0.497012,0.958166,0.685883,1.186866",,,0.441034,5.508449,3.894864,0.803716
992,212188,495.0,376.67,,4.923411138057709,289.0622067451477,63,,"0.492354,0.955997,0.688112,1.190585",,,0.449885,5.545379,4.137751,0.771587
993,212688,500.0,378.62,,4.923411138057709,289.0632059574127,63,,"0.492354,0.955997,0.688112,1.190585",,,0.449885,5.545379,4.137751,0.771587
994,213164,476.0,378.38,,4.923411138057709,289.0632059574127,63,,"0.492354,0.955997,0.688112,1.190585",,,0.449885,5.545379,4.137751,0.771587
995,213611,447.0,379.46,,4.923411138057709,289.0632059574127,63,,"0.492354,0.955997,0.688112,1.190585",,,0.449885,5.545379,4.137751,0.771587
996,214111,500.0,380.4,,4.923411138057709,289.0632059574127,63,,"0.492354,0.955997,0.688112,1.190585",,,0.449885,5.545379,4.137751,0.771587
997,214274,163.0,377.47,,4.923411138057709,289.0632059574127,63,,"0.492354,0.955997,0.688112,1.190585",,,0.449885,5.545379,4.137751,0.771587
998,214386,112.0,376.69,,4.923411138057709,289.0632059574127,63,,"0.492354,0.955997,0.688112,1.190585",,,0.449885,5.545379,4.137751,0.771587
999,214780,394.0,375.63,,4.923411138057709,289.0632059574127,63,,"0.492354,0.955997,0.688112,1.190585",437.0,126.0,0.449885,5.545379,4.137751,0.771587
1000,215280,500.0,379.2,,4.923411138057709,289.0632059574127,63,,"0.492354,0.955997,0.688112,1.190585",,,0.449885,5.545379,4.137751,0.771587
1001,215775,495.0,379.78,,4.923411138057709,289.0632059574127,63,,"0.492354,0.955997,0.688112,1.190585",,,0.449885,5.545379,4.137751,0.771587
1002,215913,138.0,376.16,,4.923411138057709,289.06420636177063,63,,"0.492354,0.955997,0.688112,1.190585",,,0.449885,5.545379,4.137751,0.771587
1003,216117,204.0,373.2,,4.923411138057709,289.06420636177063,63,,"0.492354,0.955997,0.688112,1.190585",,,0.449885,5.545379,4.137751,0.771587
1004,216444,327.0,371.47,,4.923411138057709,289.06420636177063,63,,"0.492354,0.955997,0.688112,1.190585",,,0.449885,5.545379,4.137751,0.771587
1005,216944,500.0,371.47,,4.923411138057709,289.06420636177063,63,,"0.492354,0.955997,0.688112,1.190585",,,0.449885,5.545379,4.137751,0.771587
1006,217215,271.0,369.4,,4.923411138057709,289.06420636177063,63,,"0.492354,0.955997,0.688112,1.190585",,,0.449885,5.545379,4.137751,0.771587
1007,217683,468.0,369.15,,4.923411138057709,289.06420636177063,63,,"0.492354,0.955997,0.688112,1.190585",,,0.449885,5.545379,4.137751,0.771587
1008,218183,500.0,369.15,,4.714580128192901,297.07371830940247,64,,"0.485779,0.951270,0.690808,1.194163",,,0.448531,5.584621,4.533641,0.678609
1009,218334,151.0,367.87,,4.714580128192901,297.07471895217896,64,,"0.485779,0.951270,0.690808,1.194163",,,0.448531,5.584621,4.533641,0.678609
1010,218834,500.0,370.73,,4.714580128192901,297.07471895217896,64,,"0.485779,0.951270,0.690808,1.194163",,,0.448531,5.584621,4.533641,0.678609
1011,219278,444.0,370.17,,4.714580128192901,297.07471895217896,64,,"0.485779,0.951270,0.690808,1.194163",,,0.448531,5.584621,4.533641,0.678609
1012,219565,287.0,368.04,,4.714580128192901,297.07471895217896,64,,"0.485779,0.951270,0.690808,1.194163",,,0.448531,5.584621,4.533641,0.678609
1013,219906,341.0,366.65,,4.714580128192901,297.07471895217896,64,,"0.485779,0.951270,0.690808,1.194163",,,0.448531,5.584621,4.533641,0.678609
1014,220242,336.0,365.43,,4.714580128192901,297.07471895217896,64,,"0.485779,0.951270,0.690808,1.194163",,,0.448531,5.584621,4.533641,0.678609
1015,220439,197.0,362.4,,4.714580128192901,297.07471895217896,64,,"0.485779,0.951270,0.690808,1.194163",,,0.448531,5.584621,4.533641,0.678609
1016,220581,142.0,360.79,,4.714580128192901,297.07471895217896,64,,"0.485779,0.951270,0.690808,1.194163",,,0.448531,5.584621,4.533641,0.678609
1017,221019,438.0,363.67,,4.714580128192901,297.07471895217896,64,,"0.485779,0.951270,0.690808,1.194163",,,0.448531,5.584621,4.533641,0.678609
1018,221444,425.0,362.92,,4.714580128192901,297.0757155418396,64,,"0.485779,0.951270,0.690808,1.194163",,,0.448531,5.584621,4.533641,0.678609
1019,221603,159.0,360.01,,4.714580128192901,297.0757155418396,64,,"0.485779,0.951270,0.690808,1.194163",,,0.448531,5.584621,4.533641,0.678609
1020,221840,237.0,358.87,,4.714580128192901,297.0757155418396,64,,"0.485779,0.951270,0.690808,1.194163",,,0.448531,5.584621,4.533641,0.678609
1021,221968,128.0,356.82,,4.714580128192901,297.0757155418396,64,,"0.485779,0.951270,0.690808,1.194163",,,0.448531,5.584621,4.533641,0.678609
1022,222468,500.0,359.15,,4.714580128192901,297.0757155418396,64,,"0.485779,0.951270,0.690808,1.194163",,,0.448531,5.584621,4.533641,0.678609
1023,222957,489.0,361.54,,4.714580128192901,297.0757155418396,64,,"0.485779,0.951270,0.690808,1.194163",,,0.448531,5.584621,4.533641,0.678609
1024,223129,172.0,360.26,,4.5161942195892335,304.19971227645874,65,,"0.479994,0.947347,0.693749,1.196771",,,0.457419,5.626257,3.676077,0.642181
1025,223445,316.0,361.6,,4.5161942195892335,304.19971227645874,65,,"0.479994,0.947347,0.693749,1.196771",,,0.457419,5.626257,3.676077,0.642181
1026,223945,500.0,361.93,,4.5161942195892335,304.19971227645874,65,,"0.479994,0.947347,0.693749,1.196771",,,0.457419,5.626257,3.676077,0.642181
1027,224199,254.0,359.47,,4.5161942195892335,304.19971227645874,65,,"0.479994,0.947347,0.693749,1.196771",,,0.457419,5.626257,3.676077,0.642181
1028,224699,500.0,360.15,,4.5161942195892335,304.19971227645874,65,,"0.479994,0.947347,0.693749,1.196771",,,0.457419,5.626257,3.676077,0.642181
1029,225199,500.0,360.63,,4.5161942195892335,304.2012174129486,65,,"0.479994,0.947347,0.693749,1.196771",,,0.457419,5.626257,3.676077,0.642181
1030,225699,500.0,360.63,,4.5161942195892335,304.2012174129486,65,,"0.479994,0.947347,0.693749,1.196771",,,0.457419,5.626257,3.676077,0.642181
1031,226193,494.0,363.36,,4.5161942195892335,304.2012174129486,65,,"0.479994,0.947347,0.693749,1.196771",,,0.457419,5.626257,3.676077,0.642181
1032,226693,500.0,363.36,,4.5161942195892335,304.2012174129486,65,,"0.479994,0.947347,0.693749,1.196771",,,0.457419,5.626257,3.676077,0.642181
1033,226901,208.0,364.18,,4.5161942195892335,304.2012174129486,65,,"0.479994,0.947347,0.693749,1.196771",,,0.457419,5.626257,3.676077,0.642181
1034,227401,500.0,364.18,,4.5161942195892335,304.2012174129486,65,,"0.479994,0.947347,0.693749,1.196771",,,0.457419,5.626257,3.676077,0.642181
1035,227901,500.0,366.69,,4.5161942195892335,304.2012174129486,65,,"0.479994,0.947347,0.693749,1.196771",,,0.457419,5.626257,3.676077,0.642181
1036,228401,500.0,366.69,,4.5161942195892335,304.2012174129486,65,,"0.479994,0.947347,0.693749,1.196771",,,0.457419,5.626257,3.676077,0.642181
1037,228901,500.0,370.39,,4.5161942195892335,304.2012174129486,65,,"0.479994,0.947347,0.693749,1.196771",,,0.457419,5.626257,3.676077,0.642181
1038,229401,500.0,371.33,,4.5161942195892335,304.2022249698639,65,,"0.479994,0.947347,0.693749,1.196771",,,0.457419,5.626257,3.676077,0.642181
1039,229876,475.0,371.53,,4.5161942195892335,304.2022249698639,65,,"0.479994,0.947347,0.693749,1.196771",,,0.457419,5.626257,3.676077,0.642181
1040,230086,210.0,369.31,,4.31334388256073,310.9830207824707,66,,"0.474044,0.944612,0.696715,1.200350",,,0.450748,5.667425,3.864726,0.684020
1041,230404,318.0,368.56,,4.31334388256073,310.98402094841003,66,,"0.474044,0.944612,0.696715,1.200350",,,0.450748,5.667425,3.864726,0.684020
1042,230666,262.0,366.83,,4.31334388256073,310.98402094841003,66,,"0.474044,0.944612,0.696715,1.200350",,,0.450748,5.667425,3.864726,0.684020
1043,231166,500.0,367.02,,4.31334388256073,310.98402094841003,66,,"0.474044,0.944612,0.696715,1.200350",,,0.450748,5.667425,3.864726,0.684020
1044,231397,231.0,366.62,,4.31334388256073,310.98402094841003,66,,"0.474044,0.944612,0.696715,1.200350",,,0.450748,5.667425,3.864726,0.684020
1045,231897,500.0,366.62,,4.31334388256073,310.98402094841003,66,,"0.474044,0.944612,0.696715,1.200350",,,0.450748,5.667425,3.864726,0.684020
1046,232249,352.0,365.14,,4.31334388256073,310.98402094841003,66,,"0.474044,0.944612,0.696715,1.200350",,,0.450748,5.667425,3.864726,0.684020
1047,232749,500.0,366.6,,4.31334388256073,310.98402094841003,66,,"0.474044,0.944612,0.696715,1.200350",,,0.450748,5.667425,3.864726,0.684020
1048,233249,500.0,369.59,,4.31334388256073,310.98402094841003,66,,"0.474044,0.944612,0.696715,1.200350",,,0.450748,5.667425,3.864726,0.684020
1049,233493,244.0,368.24,,4.31334388256073,310.98402094841003,66,,"0.474044,0.944612,0.696715,1.200350",500.0,0.0,0.450748,5.667425,3.864726,0.684020
1050,233755,262.0,365.86,,4.31334388256073,310.98402094841003,66,,"0.474044,0.944612,0.696715,1.200350",,,0.450748,5.667425,3.864726,0.684020
1051,234091,336.0,364.22,,4.31334388256073,310.98402094841003,66,,"0.474044,0.944612,0.696715,1.200350",,,0.450748,5.667425,3.864726,0.684020
1052,234552,461.0,364.33,,4.31334388256073,310.98402094841003,66,,"0.474044,0.944612,0.696715,1.200350",,,0.450748,5.667425,3.864726,0.684020
1053,235052,500.0,367.71,,4.31334388256073,310.98402094841003,66,,"0.474044,0.944612,0.696715,1.200350",,,0.450748,5.667425,3.864726,0.684020
1054,235552,500.0,370.5,,4.31334388256073,310.98402094841003,66,,"0.474044,0.944612,0.696715,1.200350",,,0.450748,5.667425,3.864726,0.684020
1055,236052,500.0,372.81,,4.31334388256073,310.98502564430237,66,,"0.474044,0.944612,0.696715,1.200350",,,0.450748,5.667425,3.864726,0.684020
1056,236270,218.0,373.49,,4.165040721893311,317.2972927093506,67,,"0.467137,0.941017,0.700224,1.204885",,,0.450812,5.709973,3.984612,0.646250
1057,236762,492.0,373.93,,4.165040721893311,317.2972927093506,67,,"0.467137,0.941017,0.700224,1.204885",,,0.450812,5.709973,3.984612,0.646250
1058,237075,313.0,374.72,,4.165040721893311,317.2972927093506,67,,"0.467137,0.941017,0.700224,1.204885",,,0.450812,5.709973,3.984612,0.646250
1059,237575,500.0,377.56,,4.165040721893311,317.2972927093506,67,,"0.467137,0.941017,0.700224,1.204885",,,0.450812,5.709973,3.984612,0.646250
1060,238075,500.0,381.26,,4.165040721893311,317.29830622673035,67,,"0.467137,0.941017,0.700224,1.204885",,,0.450812,5.709973,3.984612,0.646250
1061,238575,500.0,382.91,,4.165040721893311,317.29830622673035,67,,"0.467137,0.941017,0.700224,1.204885",,,0.450812,5.709973,3.984612,0.646250
1062,239075,500.0,383.86,,4.165040721893311,317.29830622673035,67,,"0.467137,0.941017,0.700224,1.204885",,,0.450812,5.709973,3.984612,0.646250
1063,239575,500.0,385.68,,4.165040721893311,317.29830622673035,67,,"0.467137,0.941017,0.700224,1.204885",,,0.450812,5.709973,3.984612,0.646250
1064,240074,499.0,385.67,,4.165040721893311,317.29830622673035,67,,"0.467137,0.941017,0.700224,1.204885",,,0.450812,5.709973,3.984612,0.646250
1065,240450,376.0,386.91,,4.165040721893311,317.29830622673035,67,,"0.467137,0.941017,0.700224,1.204885",,,0.450812,5.709973,3.984612,0.646250
1066,240653,203.0,383.94,,4.165040721893311,317.29830622673035,67,,"0.467137,0.941017,0.700224,1.204885",,,0.450812,5.709973,3.984612,0.646250
1067,240951,298.0,384.19,,4.165040721893311,317.29830622673035,67,,"0.467137,0.941017,0.700224,1.204885",,,0.450812,5.709973,3.984612,0.646250
1068,241451,500.0,387.47,,4.165040721893311,317.29830622673035,67,,"0.467137,0.941017,0.700224,1.204885",,,0.450812,5.709973,3.984612,0.646250
1069,241951,500.0,387.47,,4.165040721893311,317.29830622673035,67,,"0.467137,0.941017,0.700224,1.204885",,,0.450812,5.709973,3.984612,0.646250
1070,242339,388.0,387.9,,4.165040721893311,317.29830622673035,67,,"0.467137,0.941017,0.700224,1.204885",,,0.450812,5.709973,3.984612,0.646250
1071,242824,485.0,390.33,,4.165040721893311,317.29830622673035,67,,"0.467137,0.941017,0.700224,1.204885",,,0.450812,5.709973,3.984612,0.646250
1072,243049,225.0,387.58,,3.9941123270988466,323.1415548324585,68,,"0.459239,0.937780,0.702628,1.210361",,,0.449888,5.753513,3.828926,0.601828
1073,243487,438.0,390.14,,3.9941123270988466,323.1415548324585,68,,"0.459239,0.937780,0.702628,1.210361",,,0.449888,5.753513,3.828926,0.601828
1074,243987,500.0,390.14,,3.9941123270988466,323.1415548324585,68,,"0.459239,0.937780,0.702628,1.210361",,,0.449888,5.753513,3.828926,0.601828
1075,244487,500.0,390.46,,3.9941123270988466,323.1415548324585,68,,"0.459239,0.937780,0.702628,1.210361",,,0.449888,5.753513,3.828926,0.601828
1076,244981,494.0,393.72,,3.9941123270988466,323.1415548324585,68,,"0.459239,0.937780,0.702628,1.210361",,,0.449888,5.753513,3.828926,0.601828
1077,245251,270.0,392.1,,3.9941123270988466,323.1415548324585,68,,"0.459239,0.937780,0.702628,1.210361",,,0.449888,5.753513,3.828926,0.601828
1078,245745,494.0,392.92,,3.9941123270988466,323.1415548324585,68,,"0.459239,0.937780,0.702628,1.210361",,,0.449888,5.753513,3.828926,0.601828
1079,246245,500.0,393.22,,3.9941123270988466,323.1415548324585,68,,"0.459239,0.937780,0.702628,1.210361",,,0.449888,5.753513,3.828926,0.601828
1080,246745,500.0,396.55,,3.9941123270988466,323.1415548324585,68,,"0.459239,0.937780,0.702628,1.210361",,,0.449888,5.753513,3.828926,0.601828
1081,247233,488.0,399.72,,3.9941123270988466,323.1425542831421,68,,"0.459239,0.937780,0.702628,1.210361",,,0.449888,5.753513,3.828926,0.601828
1082,247733,500.0,401.81,,3.9941123270988466,323.1425542831421,68,,"0.459239,0.937780,0.702628,1.210361",,,0.449888,5.753513,3.828926,0.601828
1083,248045,312.0,400.24,,3.9941123270988466,323.1425542831421,68,,"0.459239,0.937780,0.702628,1.210361",,,0.449888,5.753513,3.828926,0.601828
1084,248545,500.0,400.24,,3.9941123270988466,323.1425542831421,68,,"0.459239,0.937780,0.702628,1.210361",,,0.449888,5.753513,3.828926,0.601828
1085,248856,311.0,398.35,,3.9941123270988466,323.1425542831421,68,,"0.459239,0.937780,0.702628,1.210361",,,0.449888,5.753513,3.828926,0.601828
1086,249149,293.0,396.28,,3.9941123270988466,323.1425542831421,68,,"0.459239,0.937780,0.702628,1.210361",,,0.449888,5.753513,3.828926,0.601828
1087,249359,210.0,395.69,,3.9941123270988466,323.1425542831421,68,,"0.459239,0.937780,0.702628,1.210361",,,0.449888,5.753513,3.828926,0.601828
1088,249572,213.0,392.82,,3.8439411091804505,328.83655190467834,69,,"0.451370,0.934887,0.704445,1.215392",,,0.467724,5.796761,4.071590,0.275224
1089,249979,407.0,391.89,,3.8439411091804505,328.83655190467834,69,,"0.451370,0.934887,0.704445,1.215392",,,0.467724,5.796761,4.071590,0.275224
1090,250479,500.0,392.86,,3.8439411091804505,328.83655190467834,69,,"0.451370,0.934887,0.704445,1.215392",,,0.467724,5.796761,4.071590,0.275224
1091,250979,500.0,392.86,,3.8439411091804505,328.83655190467834,69,,"0.451370,0.934887,0.704445,1.215392",,,0.467724,5.796761,4.071590,0.275224
1092,251294,315.0,391.06,,3.8439411091804505,328.83655190467834,69,,"0.451370,0.934887,0.704445,1.215392",,,0.467724,5.796761,4.071590,0.275224
1093,251794,500.0,391.06,,3.8439411091804505,328.83655190467834,69,,"0.451370,0.934887,0.704445,1.215392",,,0.467724,5.796761,4.071590,0.275224
1094,252201,407.0,390.37,,3.8439411091804505,328.83655190467834,69,,"0.451370,0.934887,0.704445,1.215392",,,0.467724,5.796761,4.071590,0.275224
1095,252431,230.0,388.2,,3.8439411091804505,328.83655190467834,69,,"0.451370,0.934887,0.704445,1.215392",,,0.467724,5.796761,4.071590,0.275224
1096,252716,285.0,386.05,,3.8439411091804505,328.83655190467834,69,,"0.451370,0.934887,0.704445,1.215392",,,0.467724,5.796761,4.071590,0.275224
1097,252952,236.0,386.78,,3.8439411091804505,328.83655190467834,69,,"0.451370,0.934887,0.704445,1.215392",,,0.467724,5.796761,4.071590,0.275224
1098,253168,216.0,387.82,,3.8439411091804505,328.83655190467834,69,,"0.451370,0.934887,0.704445,1.215392",,,0.467724,5.796761,4.071590,0.275224
1099,253587,419.0,388.07,,3.8439411091804505,328.83655190467834,69,,"0.451370,0.934887,0.704445,1.215392",478.8,42.4,0.467724,5.796761,4.071590,0.275224
1100,254087,500.0,388.07,,3.8439411091804505,328.83655190467834,69,,"0.451370,0.934887,0.704445,1.215392",,,0.467724,5.796761,4.071590,0.275224
1101,254356,269.0,385.81,,3.8439411091804505,328.83655190467834,69,,"0.451370,0.934887,0.704445,1.215392",,,0.467724,5.796761,4.071590,0.275224
1102,254856,500.0,389.43,,3.8439411091804505,328.83655190467834,69,,"0.451370,0.934887,0.704445,1.215392",,,0.467724,5.796761,4.071590,0.275224
1103,255356,500.0,392.39,,3.8439411091804505,328.83655190467834,69,,"0.451370,0.934887,0.704445,1.215392",,,0.467724,5.796761,4.071590,0.275224
1104,255593,237.0,391.49,,3.7043793869018553,334.0893461704254,70,,"0.445746,0.932102,0.706998,1.219401",,,0.457338,5.837617,3.653248,0.255559
1105,255951,358.0,390.07,,3.7043793869018553,334.0893461704254,70,,"0.445746,0.932102,0.706998,1.219401",,,0.457338,5.837617,3.653248,0.255559
1106,256451,500.0,392.36,,3.7043793869018553,334.0893461704254,70,,"0.445746,0.932102,0.706998,1.219401",,,0.457338,5.837617,3.653248,0.255559
1107,256951,500.0,392.68,,3.7043793869018553,334.0893461704254,70,,"0.445746,0.932102,0.706998,1.219401",,,0.457338,5.837617,3.653248,0.255559
1108,257451,500.0,392.68,,3.7043793869018553,334.0893461704254,70,,"0.445746,0.932102,0.706998,1.219401",,,0.457338,5.837617,3.653248,0.255559
1109,257903,452.0,395.69,,3.7043793869018553,334.0893461704254,70,,"0.445746,0.932102,0.706998,1.219401",,,0.457338,5.837617,3.653248,0.255559
1110,258342,439.0,395.08,,3.7043793869018553,334.0893461704254,70,,"0.445746,0.932102,0.706998,1.219401",,,0.457338,5.837617,3.653248,0.255559
1111,258601,259.0,393.23,,3.7043793869018553,334.0893461704254,70,,"0.445746,0.932102,0.706998,1.219401",,,0.457338,5.837617,3.653248,0.255559
1112,258878,277.0,393.13,,3.7043793869018553,334.0893461704254,70,,"0.445746,0.932102,0.706998,1.219401",,,0.457338,5.837617,3.653248,0.255559
1113,259378,500.0,394.72,,3.7043793869018553,334.0893461704254,70,,"0.445746,0.932102,0.706998,1.219401",,,0.457338,5.837617,3.653248,0.255559
1114,259762,384.0,395.2,,3.7043793869018553,334.0893461704254,70,,"0.445746,0.932102,0.706998,1.219401",,,0.457338,5.837617,3.653248,0.255559
1115,260227,465.0,397.88,,3.7043793869018553,334.0893461704254,70,,"0.445746,0.932102,0.706998,1.219401",,,0.457338,5.837617,3.653248,0.255559
1116,260727,500.0,401.46,,3.7043793869018553,334.0893461704254,70,,"0.445746,0.932102,0.706998,1.219401",,,0.457338,5.837617,3.653248,0.255559
1117,261227,500.0,402.08,,3.7043793869018553,334.0903465747833,70,,"0.445746,0.932102,0.706998,1.219401",,,0.457338,5.837617,3.653248,0.255559
1118,261727,500.0,402.83,,3.7043793869018553,334.0903465747833,70,,"0.445746,0.932102,0.706998,1.219401",,,0.457338,5.837617,3.653248,0.255559
1119,262227,500.0,406.24,,3.7043793869018553,334.0903465747833,70,,"0.445746,0.932102,0.706998,1.219401",,,0.457338,5.837617,3.653248,0.255559
1120,262727,500.0,408.87,,3.5419380259513855,339.6166582107544,71,,"0.438952,0.929489,0.709103,1.224690",,,0.457357,5.879588,3.327307,0.154779
1121,263227,500.0,412.59,,3.5419380259513855,339.6176586151123,71,,"0.438952,0.929489,0.709103,1.224690",,,0.457357,5.879588,3.327307,0.154779
1122,263727,500.0,412.59,,3.5419380259513855,339.6176586151123,71,,"0.438952,0.929489,0.709103,1.224690",,,0.457357,5.879588,3.327307,0.154779
1123,264227,500.0,412.7,,3.5419380259513855,339.6176586151123,71,,"0.438952,0.929489,0.709103,1.224690",,,0.457357,5.879588,3.327307,0.154779
1124,264727,500.0,415.98,,3.5419380259513855,339.6176586151123,71,,"0.438952,0.929489,0.709103,1.224690",,,0.457357,5.879588,3.327307,0.154779
1125,265227,500.0,417.82,,3.5419380259513855,339.6176586151123,71,,"0.438952,0.929489,0.709103,1.224690",,,0.457357,5.879588,3.327307,0.154779
1126,265496,269.0,415.51,,3.5419380259513855,339.6176586151123,71,,"0.438952,0.929489,0.709103,1.224690",,,0.457357,5.879588,3.327307,0.154779
1127,265996,500.0,417.97,,3.5419380259513855,339.6176586151123,71,,"0.438952,0.929489,0.709103,1.224690",,,0.457357,5.879588,3.327307,0.154779
1128,266496,500.0,417.97,,3.5419380259513855,339.6176586151123,71,,"0.438952,0.929489,0.709103,1.224690",,,0.457357,5.879588,3.327307,0.154779
1129,266738,242.0,415.39,,3.5419380259513855,339.6176586151123,71,,"0.438952,0.929489,0.709103,1.224690",,,0.457357,5.879588,3.327307,0.154779
1130,267140,402.0,414.41,,3.5419380259513855,339.6176586151123,71,,"0.438952,0.929489,0.709103,1.224690",,,0.457357,5.879588,3.327307,0.154779
1131,267398,258.0,412.05,,3.5419380259513855,339.6176586151123,71,,"0.438952,0.929489,0.709103,1.224690",,,0.457357,5.879588,3.327307,0.154779
1132,267898,500.0,412.05,,3.5419380259513855,339.618656873703,71,,"0.438952,0.929489,0.709103,1.224690",,,0.457357,5.879588,3.327307,0.154779
1133,268178,280.0,412.77,,3.5419380259513855,339.618656873703,71,,"0.438952,0.929489,0.709103,1.224690",,,0.457357,5.879588,3.327307,0.154779
1134,268492,314.0,410.91,,3.5419380259513855,339.618656873703,71,,"0.438952,0.929489,0.709103,1.224690",,,0.457357,5.879588,3.327307,0.154779
1135,268992,500.0,410.91,,3.5419380259513855,339.618656873703,71,,"0.438952,0.929489,0.709103,1.224690",,,0.457357,5.879588,3.327307,0.154779
1136,269492,500.0,410.91,,3.4124108600616454,346.78863167762756,72,,"0.431964,0.926950,0.711955,1.230721",,,0.461661,5.921722,3.183696,0.061418
1137,269718,226.0,408.17,,3.4124108600616454,346.78863167762756,72,,"0.431964,0.926950,0.711955,1.230721",,,0.461661,5.921722,3.183696,0.061418
1138,270218,500.0,408.17,,3.4124108600616454,346.78863167762756,72,,"0.431964,0.926950,0.711955,1.230721",,,0.461661,5.921722,3.183696,0.061418
1139,270718,500.0,408.42,,3.4124108600616454,346.78863167762756,72,,"0.431964,0.926950,0.711955,1.230721",,,0.461661,5.921722,3.183696,0.061418
1140,271218,500.0,411.32,,3.4124108600616454,346.78965067863464,72,,"0.431964,0.926950,0.711955,1.230721",,,0.461661,5.921722,3.183696,0.061418
1141,271718,500.0,413.14,,3.4124108600616454,346.78965067863464,72,,"0.431964,0.926950,0.711955,1.230721",,,0.461661,5.921722,3.183696,0.061418
1142,271991,273.0,413.25,,3.4124108600616454,346.78965067863464,72,,"0.431964,0.926950,0.711955,1.230721",,,0.461661,5.921722,3.183696,0.061418
1143,272340,349.0,411.74,,3.4124108600616454,346.78965067863464,72,,"0.431964,0.926950,0.711955,1.230721",,,0.461661,5.921722,3.183696,0.061418
1144,272840,500.0,414.43,,3.4124108600616454,346.78965067863464,72,,"0.431964,0.926950,0.711955,1.230721",,,0.461661,5.921722,3.183696,0.061418
1145,273182,342.0,412.85,,3.4124108600616454,346.78965067863464,72,,"0.431964,0.926950,0.711955,1.230721",,,0.461661,5.921722,3.183696,0.061418
1146,273682,500.0,414.33,,3.4124108600616454,346.78965067863464,72,,"0.431964,0.926950,0.711955,1.230721",,,0.461661,5.921722,3.183696,0.061418
1147,274182,500.0,414.33,,3.4124108600616454,346.78965067863464,72,,"0.431964,0.926950,0.711955,1.230721",,,0.461661,5.921722,3.183696,0.061418
1148,274497,315.0,412.48,,3.4124108600616454,346.78965067863464,72,,"0.431964,0.926950,0.711955,1.230721",,,0.461661,5.921722,3.183696,0.061418
1149,274997,500.0,415.04,,3.4124108600616454,346.78965067863464,72,,"0.431964,0.926950,0.711955,1.230721",459.0,50.26330669583926,0.461661,5.921722,3.183696,0.061418
1150,275497,500.0,417.42,,3.4124108600616454,346.78965067863464,72,,"0.431964,0.926950,0.711955,1.230721",,,0.461661,5.921722,3.183696,0.061418
1151,275997,500.0,419.06,,3.4124108600616454,346.78965067863464,72,,"0.431964,0.926950,0.711955,1.230721",,,0.461661,5.921722,3.183696,0.061418
1152,276302,305.0,417.5,,3.283585844039917,354.78702688217163,73,,"0.426518,0.924366,0.715173,1.236632",,,0.456698,5.962512,3.298788,0.064990
1153,276770,468.0,417.18,,3.283585844039917,354.7875566482544,73,,"0.426518,0.924366,0.715173,1.236632",,,0.456698,5.962512,3.298788,0.064990
1154,277019,249.0,414.67,,3.283585844039917,354.7875566482544,73,,"0.426518,0.924366,0.715173,1.236632",,,0.456698,5.962512,3.298788,0.064990
1155,277519,500.0,414.67,,3.283585844039917,354.7875566482544,73,,"0.426518,0.924366,0.715173,1.236632",,,0.456698,5.962512,3.298788,0.064990
1156,278019,500.0,417.49,,3.283585844039917,354.7875566482544,73,,"0.426518,0.924366,0.715173,1.236632",,,0.456698,5.962512,3.298788,0.064990
1157,278519,500.0,417.57,,3.283585844039917,354.7875566482544,73,,"0.426518,0.924366,0.715173,1.236632",,,0.456698,5.962512,3.298788,0.064990
1158,278926,407.0,418.51,,3.283585844039917,354.7875566482544,73,,"0.426518,0.924366,0.715173,1.236632",,,0.456698,5.962512,3.298788,0.064990
1159,279426,500.0,418.51,,3.283585844039917,354.7875566482544,73,,"0.426518,0.924366,0.715173,1.236632",,,0.456698,5.962512,3.298788,0.064990
1160,279926,500.0,418.51,,3.283585844039917,354.7875566482544,73,,"0.426518,0.924366,0.715173,1.236632",,,0.456698,5.962512,3.298788,0.064990
1161,280217,291.0,416.42,,3.283585844039917,354.78858947753906,73,,"0.426518,0.924366,0.715173,1.236632",,,0.456698,5.962512,3.298788,0.064990
1162,280575,358.0,415.0,,3.283585844039917,354.78858947753906,73,,"0.426518,0.924366,0.715173,1.236632",,,0.456698,5.962512,3.298788,0.064990
1163,281075,500.0,415.0,,3.283585844039917,354.78858947753906,73,,"0.426518,0.924366,0.715173,1.236632",,,0.456698,5.962512,3.298788,0.064990
1164,281575,500.0,415.01,,3.283585844039917,354.78858947753906,73,,"0.426518,0.924366,0.715173,1.236632",,,0.456698,5.962512,3.298788,0.064990
1165,281863,288.0,414.13,,3.283585844039917,354.78858947753906,73,,"0.426518,0.924366,0.715173,1.236632",,,0.456698,5.962512,3.298788,0.064990
1166,282363,500.0,417.1,,3.283585844039917,354.78858947753906,73,,"0.426518,0.924366,0.715173,1.236632",,,0.456698,5.962512,3.298788,0.064990
1167,282863,500.0,419.12,,3.283585844039917,354.78858947753906,73,,"0.426518,0.924366,0.715173,1.236632",,,0.456698,5.962512,3.298788,0.064990
1168,283169,306.0,417.18,,3.187638454437256,362.74985909461975,74,,"0.422127,0.922069,0.718047,1.241784",,,0.450797,6.001163,4.393814,0.126922
1169,283513,344.0,415.62,,3.187638454437256,362.75085949897766,74,,"0.422127,0.922069,0.718047,1.241784",,,0.450797,6.001163,4.393814,0.126922
1170,284013,500.0,416.74,,3.187638454437256,362.75085949897766,74,,"0.422127,0.922069,0.718047,1.241784",,,0.450797,6.001163,4.393814,0.126922
1171,284238,225.0,414.14,,3.187638454437256,362.75085949897766,74,,"0.422127,0.922069,0.718047,1.241784",,,0.450797,6.001163,4.393814,0.126922
1172,284697,459.0,416.48,,3.187638454437256,362.75085949897766,74,,"0.422127,0.922069,0.718047,1.241784",,,0.450797,6.001163,4.393814,0.126922
1173,284890,193.0,414.03,,3.187638454437256,362.75085949897766,74,,"0.422127,0.922069,0.718047,1.241784",,,0.450797,6.001163,4.393814,0.126922
1174,285390,500.0,414.03,,3.187638454437256,362.75085949897766,74,,"0.422127,0.922069,0.718047,1.241784",,,0.450797,6.001163,4.393814,0.126922
1175,285717,327.0,412.3,,3.187638454437256,362.75085949897766,74,,"0.422127,0.922069,0.718047,1.241784",,,0.450797,6.001163,4.393814,0.126922
1176,286217,500.0,412.36,,3.187638454437256,362.75085949897766,74,,"0.422127,0.922069,0.718047,1.241784",,,0.450797,6.001163,4.393814,0.126922
1177,286717,500.0,414.66,,3.187638454437256,362.75085949897766,74,,"0.422127,0.922069,0.718047,1.241784",,,0.450797,6.001163,4.393814,0.126922
1178,286912,195.0,411.67,,3.187638454437256,362.75085949897766,74,,"0.422127,0.922069,0.718047,1.241784",,,0.450797,6.001163,4.393814,0.126922
1179,287268,356.0,410.23,,3.187638454437256,362.75085949897766,74,,"0.422127,0.922069,0.718047,1.241784",,,0.450797,6.001163,4.393814,0.126922
1180,287646,378.0,409.01,,3.187638454437256,362.7518560886383,74,,"0.422127,0.922069,0.718047,1.241784",,,0.450797,6.001163,4.393814,0.126922
1181,287896,250.0,406.63,,3.187638454437256,362.7518560886383,74,,"0.422127,0.922069,0.718047,1.241784",,,0.450797,6.001163,4.393814,0.126922
1182,288110,214.0,403.77,,3.187638454437256,362.7518560886383,74,,"0.422127,0.922069,0.718047,1.241784",,,0.450797,6.001163,4.393814,0.126922
1183,288525,415.0,404.8,,3.187638454437256,362.7518560886383,74,,"0.422127,0.922069,0.718047,1.241784",,,0.450797,6.001163,4.393814,0.126922
1184,288906,381.0,403.61,,3.0701623654365537,371.41373205184937,75,,"0.417164,0.919234,0.721428,1.247678",,,0.434700,6.040478,2.934406,0.280543
1185,289406,500.0,405.5,,3.0701623654365537,371.41373205184937,75,,"0.417164,0.919234,0.721428,1.247678",,,0.434700,6.040478,2.934406,0.280543
1186,289591,185.0,404.42,,3.0701623654365537,371.414733171463,75,,"0.417164,0.919234,0.721428,1.247678",,,0.434700,6.040478,2.934406,0.280543
1187,290091,500.0,407.32,,3.0701623654365537,371.414733171463,75,,"0.417164,0.919234,0.721428,1.247678",,,0.434700,6.040478,2.934406,0.280543
1188,290236,145.0,406.64,,3.0701623654365537,371.414733171463,75,,"0.417164,0.919234,0.721428,1.247678",,,0.434700,6.040478,2.934406,0.280543
1189,290717,481.0,407.38,,3.0701623654365537,371.414733171463,75,,"0.417164,0.919234,0.721428,1.247678",,,0.434700,6.040478,2.934406,0.280543
1190,291217,500.0,407.38,,3.0701623654365537,371.414733171463,75,,"0.417164,0.919234,0.721428,1.247678",,,0.434700,6.040478,2.934406,0.280543
1191,291686,469.0,407.07,,3.0701623654365537,371.414733171463,75,,"0.417164,0.919234,0.721428,1.247678",,,0.434700,6.040478,2.934406,0.280543
1192,292186,500.0,408.92,,3.0701623654365537,371.414733171463,75,,"0.417164,0.919234,0.721428,1.247678",,,0.434700,6.040478,2.934406,0.280543
1193,292686,500.0,408.92,,3.0701623654365537,371.414733171463,75,,"0.417164,0.919234,0.721428,1.247678",,,0.434700,6.040478,2.934406,0.280543
1194,293186,500.0,409.85,,3.0701623654365537,371.414733171463,75,,"0.417164,0.919234,0.721428,1.247678",,,0.434700,6.040478,2.934406,0.280543
1195,293686,500.0,412.55,,3.0701623654365537,371.414733171463,75,,"0.417164,0.919234,0.721428,1.247678",,,0.434700,6.040478,2.934406,0.280543
1196,294186,500.0,414.7,,3.0701623654365537,371.4157295227051,75,,"0.417164,0.919234,0.721428,1.247678",,,0.434700,6.040478,2.934406,0.280543
1197,294686,500.0,417.34,,3.0701623654365537,371.4157295227051,75,,"0.417164,0.919234,0.721428,1.247678",,,0.434700,6.040478,2.934406,0.280543
1198,295136,450.0,419.68,,3.0701623654365537,371.4157295227051,75,,"0.417164,0.919234,0.721428,1.247678",,,0.434700,6.040478,2.934406,0.280543
1199,295636,500.0,420.49,,3.0701623654365537,371.4157295227051,75,,"0.417164,0.919234,0.721428,1.247678",481.2,37.6,0.434700,6.040478,2.934406,0.280543
1200,296136,500.0,420.49,,2.970617907047272,379.3682429790497,76,,"0.413744,0.915986,0.725645,1.253243",,,0.438659,6.078762,3.567619,0.085940
1201,296636,500.0,422.8,,2.970617907047272,379.3682429790497,76,,"0.413744,0.915986,0.725645,1.253243",,,0.438659,6.078762,3.567619,0.085940
1202,296894,258.0,420.38,,2.970617907047272,379.3682429790497,76,,"0.413744,0.915986,0.725645,1.253243",,,0.438659,6.078762,3.567619,0.085940
1203,297394,500.0,420.38,,2.970617907047272,379.3682429790497,76,,"0.413744,0.915986,0.725645,1.253243",,,0.438659,6.078762,3.567619,0.085940
1204,297583,189.0,419.9,,2.970617907047272,379.3682429790497,76,,"0.413744,0.915986,0.725645,1.253243",,,0.438659,6.078762,3.567619,0.085940
1205,298083,500.0,421.32,,2.970617907047272,379.3682429790497,76,,"0.413744,0.915986,0.725645,1.253243",,,0.438659,6.078762,3.567619,0.085940
1206,298473,390.0,420.22,,2.970617907047272,379.3682429790497,76,,"0.413744,0.915986,0.725645,1.253243",,,0.438659,6.078762,3.567619,0.085940
1207,298869,396.0,419.18,,2.970617907047272,379.3682429790497,76,,"0.413744,0.915986,0.725645,1.253243",,,0.438659,6.078762,3.567619,0.085940
1208,299216,347.0,417.65,,2.970617907047272,379.3682429790497,76,,"0.413744,0.915986,0.725645,1.253243",,,0.438659,6.078762,3.567619,0.085940
1209,299716,500.0,418.13,,2.970617907047272,379.3682429790497,76,,"0.413744,0.915986,0.725645,1.253243",,,0.438659,6.078762,3.567619,0.085940
1210,300052,336.0,417.1,,2.970617907047272,379.3697576522827,76,,"0.413744,0.915986,0.725645,1.253243",,,0.438659,6.078762,3.567619,0.085940
1211,300307,255.0,417.06,,2.970617907047272,379.3697576522827,76,,"0.413744,0.915986,0.725645,1.253243",,,0.438659,6.078762,3.567619,0.085940
1212,300525,218.0,416.47,,2.970617907047272,379.3697576522827,76,,"0.413744,0.915986,0.725645,1.253243",,,0.438659,6.078762,3.567619,0.085940
1213,301025,500.0,416.47,,2.970617907047272,379.3697576522827,76,,"0.413744,0.915986,0.725645,1.253243",,,0.438659,6.078762,3.567619,0.085940
1214,301330,305.0,415.68,,2.970617907047272,379.3700668811798,76,,"0.413744,0.915986,0.725645,1.253243",,,0.438659,6.078762,3.567619,0.085940
1215,301830,500.0,416.03,,2.970617907047272,379.3700668811798,76,,"0.413744,0.915986,0.725645,1.253243",,,0.438659,6.078762,3.567619,0.085940
1216,302330,500.0,416.03,,2.865307710170746,387.556676864624,77,,"0.411217,0.913198,0.730475,1.258982",,,0.427036,6.117269,2.481353,0.312047
1217,302530,200.0,413.03,,2.865307710170746,387.556676864624,77,,"0.411217,0.913198,0.730475,1.258982",,,0.427036,6.117269,2.481353,0.312047
1218,303030,500.0,413.03,,2.865307710170746,387.556676864624,77,,"0.411217,0.913198,0.730475,1.258982",,,0.427036,6.117269,2.481353,0.312047
1219,303417,387.0,411.9,,2.865307710170746,387.556676864624,77,,"0.411217,0.913198,0.730475,1.258982",,,0.427036,6.117269,2.481353,0.312047
1220,303917,500.0,411.9,,2.865307710170746,387.556676864624,77,,"0.411217,0.913198,0.730475,1.258982",,,0.427036,6.117269,2.481353,0.312047
1221,304150,233.0,409.23,,2.865307710170746,387.5576810836792,77,,"0.411217,0.913198,0.730475,1.258982",,,0.427036,6.117269,2.481353,0.312047
1222,304650,500.0,409.23,,2.865307710170746,387.5576810836792,77,,"0.411217,0.913198,0.730475,1.258982",,,0.427036,6.117269,2.481353,0.312047
1223,305150,500.0,409.23,,2.865307710170746,387.5576810836792,77,,"0.411217,0.913198,0.730475,1.258982",,,0.427036,6.117269,2.481353,0.312047
1224,305650,500.0,409.23,,2.865307710170746,387.5576810836792,77,,"0.411217,0.913198,0.730475,1.258982",,,0.427036,6.117269,2.481353,0.312047
1225,306150,500.0,409.23,,2.865307710170746,387.5576810836792,77,,"0.411217,0.913198,0.730475,1.258982",,,0.427036,6.117269,2.481353,0.312047
1226,306650,500.0,411.54,,2.865307710170746,387.5576810836792,77,,"0.411217,0.913198,0.730475,1.258982",,,0.427036,6.117269,2.481353,0.312047
1227,307020,370.0,410.24,,2.865307710170746,387.5576810836792,77,,"0.411217,0.913198,0.730475,1.258982",,,0.427036,6.117269,2.481353,0.312047
1228,307428,408.0,409.32,,2.865307710170746,387.5576810836792,77,,"0.411217,0.913198,0.730475,1.258982",,,0.427036,6.117269,2.481353,0.312047
1229,307928,500.0,411.9,,2.865307710170746,387.5576810836792,77,,"0.411217,0.913198,0.730475,1.258982",,,0.427036,6.117269,2.481353,0.312047
1230,308428,500.0,412.88,,2.865307710170746,387.5576810836792,77,,"0.411217,0.913198,0.730475,1.258982",,,0.427036,6.117269,2.481353,0.312047
1231,308928,500.0,415.3,,2.865307710170746,387.5576810836792,77,,"0.411217,0.913198,0.730475,1.258982",,,0.427036,6.117269,2.481353,0.312047
1232,309428,500.0,415.3,,2.7746647930145265,395.40009474754333,78,,"0.408056,0.910831,0.735550,1.265842",,,0.435202,6.158708,2.664224,0.106622
1233,309928,500.0,417.5,,2.7746647930145265,395.40009474754333,78,,"0.408056,0.910831,0.735550,1.265842",,,0.435202,6.158708,2.664224,0.106622
1234,310302,374.0,418.1,,2.7746647930145265,395.40009474754333,78,,"0.408056,0.910831,0.735550,1.265842",,,0.435202,6.158708,2.664224,0.106622
1235,310802,500.0,418.1,,2.7746647930145265,395.40009474754333,78,,"0.408056,0.910831,0.735550,1.265842",,,0.435202,6.158708,2.664224,0.106622
1236,311302,500.0,418.1,,2.7746647930145265,395.40009474754333,78,,"0.408056,0.910831,0.735550,1.265842",,,0.435202,6.158708,2.664224,0.106622
1237,311551,249.0,418.33,,2.7746647930145265,395.40009474754333,78,,"0.408056,0.910831,0.735550,1.265842",,,0.435202,6.158708,2.664224,0.106622
1238,312051,500.0,418.33,,2.7746647930145265,395.40109729766846,78,,"0.408056,0.910831,0.735550,1.265842",,,0.435202,6.158708,2.664224,0.106622
1239,312373,322.0,416.55,,2.7746647930145265,395.40109729766846,78,,"0.408056,0.910831,0.735550,1.265842",,,0.435202,6.158708,2.664224,0.106622
1240,312873,500.0,416.55,,2.7746647930145265,395.40109729766846,78,,"0.408056,0.910831,0.735550,1.265842",,,0.435202,6.158708,2.664224,0.106622
1241,313159,286.0,414.41,,2.7746647930145265,395.40109729766846,78,,"0.408056,0.910831,0.735550,1.265842",,,0.435202,6.158708,2.664224,0.106622
1242,313659,500.0,416.68,,2.7746647930145265,395.40109729766846,78,,"0.408056,0.910831,0.735550,1.265842",,,0.435202,6.158708,2.664224,0.106622
1243,314003,344.0,416.63,,2.7746647930145265,395.40109729766846,78,,"0.408056,0.910831,0.735550,1.265842",,,0.435202,6.158708,2.664224,0.106622
1244,314503,500.0,416.63,,2.7746647930145265,395.40109729766846,78,,"0.408056,0.910831,0.735550,1.265842",,,0.435202,6.158708,2.664224,0.106622
1245,315003,500.0,418.21,,2.7746647930145265,395.4020986557007,78,,"0.408056,0.910831,0.735550,1.265842",,,0.435202,6.158708,2.664224,0.106622
1246,315503,500.0,418.21,,2.7746647930145265,395.4020986557007,78,,"0.408056,0.910831,0.735550,1.265842",,,0.435202,6.158708,2.664224,0.106622
1247,315793,290.0,416.11,,2.7746647930145265,395.4020986557007,78,,"0.408056,0.910831,0.735550,1.265842",,,0.435202,6.158708,2.664224,0.106622
1248,316107,314.0,416.1,,2.690238320827484,402.5057797431946,79,,"0.403439,0.908770,0.740466,1.273884",,,0.432031,6.201245,3.324992,0.158496
1249,316493,386.0,414.96,,2.690238320827484,402.5057797431946,79,,"0.403439,0.908770,0.740466,1.273884",480.8,38.4,0.432031,6.201245,3.324992,0.158496
1250,316715,222.0,412.18,,2.690238320827484,402.50677967071533,79,,"0.403439,0.908770,0.740466,1.273884",,,0.432031,6.201245,3.324992,0.158496
1251,317079,364.0,410.82,,2.690238320827484,402.50677967071533,79,,"0.403439,0.908770,0.740466,1.273884",,,0.432031,6.201245,3.324992,0.158496
1252,317579,500.0,412.77,,2.690238320827484,402.50677967071533,79,,"0.403439,0.908770,0.740466,1.273884",,,0.432031,6.201245,3.324992,0.158496
1253,317793,214.0,410.23,,2.690238320827484,402.50677967071533,79,,"0.403439,0.908770,0.740466,1.273884",,,0.432031,6.201245,3.324992,0.158496
1254,318293,500.0,412.74,,2.690238320827484,402.50677967071533,79,,"0.403439,0.908770,0.740466,1.273884",,,0.432031,6.201245,3.324992,0.158496
1255,318793,500.0,412.74,,2.690238320827484,402.50677967071533,79,,"0.403439,0.908770,0.740466,1.273884",,,0.432031,6.201245,3.324992,0.158496
1256,319293,500.0,412.74,,2.690238320827484,402.50677967071533,79,,"0.403439,0.908770,0.740466,1.273884",,,0.432031,6.201245,3.324992,0.158496
1257,319546,253.0,410.27,,2.690238320827484,402.50677967071533,79,,"0.403439,0.908770,0.740466,1.273884",,,0.432031,6.201245,3.324992,0.158496
1258,319777,231.0,408.51,,2.690238320827484,402.50677967071533,79,,"0.403439,0.908770,0.740466,1.273884",,,0.432031,6.201245,3.324992,0.158496
1259,320277,500.0,408.51,,2.690238320827484,402.50677967071533,79,,"0.403439,0.908770,0.740466,1.273884",,,0.432031,6.201245,3.324992,0.158496
1260,320777,500.0,408.51,,2.690238320827484,402.50677967071533,79,,"0.403439,0.908770,0.740466,1.273884",,,0.432031,6.201245,3.324992,0.158496
1261,321125,348.0,409.08,,2.690238320827484,402.50677967071533,79,,"0.403439,0.908770,0.740466,1.273884",,,0.432031,6.201245,3.324992,0.158496
1262,321490,365.0,409.15,,2.690238320827484,402.50777983665466,79,,"0.403439,0.908770,0.740466,1.273884",,,0.432031,6.201245,3.324992,0.158496
1263,321990,500.0,409.15,,2.690238320827484,402.50777983665466,79,,"0.403439,0.908770,0.740466,1.273884",,,0.432031,6.201245,3.324992,0.158496
1264,322262,272.0,406.87,,2.619359986782074,408.0775601863861,80,,"0.397662,0.906604,0.744912,1.282290",,,0.427119,6.242335,3.898909,0.122543
1265,322556,294.0,406.93,,2.619359986782074,408.0775601863861,80,,"0.397662,0.906604,0.744912,1.282290",,,0.427119,6.242335,3.898909,0.122543
1266,323056,500.0,406.93,,2.619359986782074,408.0775601863861,80,,"0.397662,0.906604,0.744912,1.282290",,,0.427119,6.242335,3.898909,0.122543
1267,323556,500.0,406.93,,2.619359986782074,408.0775601863861,80,,"0.397662,0.906604,0.744912,1.282290",,,0.427119,6.242335,3.898909,0.122543
1268,323932,376.0,407.63,,2.619359986782074,408.0775601863861,80,,"0.397662,0.906604,0.744912,1.282290",,,0.427119,6.242335,3.898909,0.122543
1269,324332,400.0,408.19,,2.619359986782074,408.0785493850708,80,,"0.397662,0.906604,0.744912,1.282290",,,0.427119,6.242335,3.898909,0.122543
1270,324586,254.0,405.73,,2.619359986782074,408.0785493850708,80,,"0.397662,0.906604,0.744912,1.282290",,,0.427119,6.242335,3.898909,0.122543
1271,324912,326.0,406.74,,2.619359986782074,408.0785493850708,80,,"0.397662,0.906604,0.744912,1.282290",,,0.427119,6.242335,3.898909,0.122543
1272,325412,500.0,407.15,,2.619359986782074,408.0785493850708,80,,"0.397662,0.906604,0.744912,1.282290",,,0.427119,6.242335,3.898909,0.122543
1273,325736,324.0,408.46,,2.619359986782074,408.0785493850708,80,,"0.397662,0.906604,0.744912,1.282290",,,0.427119,6.242335,3.898909,0.122543
1274,326122,386.0,407.32,,2.619359986782074,408.0785493850708,80,,"0.397662,0.906604,0.744912,1.282290",,,0.427119,6.242335,3.898909,0.122543
1275,326416,294.0,406.99,,2.619359986782074,408.0785493850708,80,,"0.397662,0.906604,0.744912,1.282290",,,0.427119,6.242335,3.898909,0.122543
1276,326680,264.0,404.63,,2.619359986782074,408.0785493850708,80,,"0.397662,0.906604,0.744912,1.282290",,,0.427119,6.242335,3.898909,0.122543
1277,326987,307.0,402.7,,2.619359986782074,408.0785493850708,80,,"0.397662,0.906604,0.744912,1.282290",,,0.427119,6.242335,3.898909,0.122543
1278,327342,355.0,404.3,,2.619359986782074,408.0785493850708,80,,"0.397662,0.906604,0.744912,1.282290",,,0.427119,6.242335,3.898909,0.122543
1279,327842,500.0,405.74,,2.619359986782074,408.0785493850708,80,,"0.397662,0.906604,0.744912,1.282290",,,0.427119,6.242335,3.898909,0.122543
1280,328342,500.0,406.96,,2.5502657461166383,413.7211730480194,81,,"0.391099,0.903453,0.749044,1.290021",,,0.419406,6.280445,3.507927,0.327086
1281,328842,500.0,409.46,,2.5502657461166383,413.7211730480194,81,,"0.391099,0.903453,0.749044,1.290021",,,0.419406,6.280445,3.507927,0.327086
1282,329106,264.0,409.96,,2.5502657461166383,413.7211730480194,81,,"0.391099,0.903453,0.749044,1.290021",,,0.419406,6.280445,3.507927,0.327086
1283,329421,315.0,408.96,,2.5502657461166383,413.7211730480194,81,,"0.391099,0.903453,0.749044,1.290021",,,0.419406,6.280445,3.507927,0.327086
1284,329698,277.0,407.92,,2.5502657461166383,413.7211730480194,81,,"0.391099,0.903453,0.749044,1.290021",,,0.419406,6.280445,3.507927,0.327086
1285,329985,287.0,405.79,,2.5502657461166383,413.7211730480194,81,,"0.391099,0.903453,0.749044,1.290021",,,0.419406,6.280445,3.507927,0.327086
1286,330303,318.0,407.12,,2.5502657461166383,413.7211730480194,81,,"0.391099,0.903453,0.749044,1.290021",,,0.419406,6.280445,3.507927,0.327086
1287,330803,500.0,407.12,,2.5502657461166383,413.7211730480194,81,,"0.391099,0.903453,0.749044,1.290021",,,0.419406,6.280445,3.507927,0.327086
1288,331099,296.0,408.63,,2.5502657461166383,413.7211730480194,81,,"0.391099,0.903453,0.749044,1.290021",,,0.419406,6.280445,3.507927,0.327086
1289,331418,319.0,407.01,,2.5502657461166383,413.7211730480194,81,,"0.391099,0.903453,0.749044,1.290021",,,0.419406,6.280445,3.507927,0.327086
1290,331767,349.0,405.5,,2.5502657461166383,413.7211730480194,81,,"0.391099,0.903453,0.749044,1.290021",,,0.419406,6.280445,3.507927,0.327086
1291,332221,454.0,405.35,,2.5502657461166383,413.722177028656,81,,"0.391099,0.903453,0.749044,1.290021",,,0.419406,6.280445,3.507927,0.327086
1292,332721,500.0,405.35,,2.5502657461166383,413.722177028656,81,,"0.391099,0.903453,0.749044,1.290021",,,0.419406,6.280445,3.507927,0.327086
1293,333221,500.0,405.35,,2.5502657461166383,413.722177028656,81,,"0.391099,0.903453,0.749044,1.290021",,,0.419406,6.280445,3.507927,0.327086
1294,333558,337.0,403.72,,2.5502657461166383,413.722177028656,81,,"0.391099,0.903453,0.749044,1.290021",,,0.419406,6.280445,3.507927,0.327086
1295,333703,145.0,400.17,,2.5502657461166383,413.722177028656,81,,"0.391099,0.903453,0.749044,1.290021",,,0.419406,6.280445,3.507927,0.327086
1296,334016,313.0,398.3,,2.4824437594413755,419.84362602233887,82,,"0.388550,0.901600,0.753139,1.294905",,,0.412927,6.312843,2.539642,0.108067
1297,334516,500.0,398.3,,2.4824437594413755,419.84462785720825,82,,"0.388550,0.901600,0.753139,1.294905",,,0.412927,6.312843,2.539642,0.108067
1298,335016,500.0,398.8,,2.4824437594413755,419.84462785720825,82,,"0.388550,0.901600,0.753139,1.294905",,,0.412927,6.312843,2.539642,0.108067
1299,335330,314.0,396.94,,2.4824437594413755,419.84462785720825,82,,"0.388550,0.901600,0.753139,1.294905",500.0,0.0,0.412927,6.312843,2.539642,0.108067
1300,335830,500.0,396.94,,2.4824437594413755,419.8456301689148,82,,"0.388550,0.901600,0.753139,1.294905",,,0.412927,6.312843,2.539642,0.108067
1301,336163,333.0,395.27,,2.4824437594413755,419.8456301689148,82,,"0.388550,0.901600,0.753139,1.294905",,,0.412927,6.312843,2.539642,0.108067
1302,336536,373.0,396.42,,2.4824437594413755,419.8456301689148,82,,"0.388550,0.901600,0.753139,1.294905",,,0.412927,6.312843,2.539642,0.108067
1303,337036,500.0,396.42,,2.4824437594413755,419.8456301689148,82,,"0.388550,0.901600,0.753139,1.294905",,,0.412927,6.312843,2.539642,0.108067
1304,337536,500.0,399.53,,2.4824437594413755,419.8456301689148,82,,"0.388550,0.901600,0.753139,1.294905",,,0.412927,6.312843,2.539642,0.108067
1305,338036,500.0,399.53,,2.4824437594413755,419.8456301689148,82,,"0.388550,0.901600,0.753139,1.294905",,,0.412927,6.312843,2.539642,0.108067
1306,338312,276.0,398.39,,2.4824437594413755,419.8456301689148,82,,"0.388550,0.901600,0.753139,1.294905",,,0.412927,6.312843,2.539642,0.108067
1307,338753,441.0,398.84,,2.4824437594413755,419.8456301689148,82,,"0.388550,0.901600,0.753139,1.294905",,,0.412927,6.312843,2.539642,0.108067
1308,339220,467.0,400.04,,2.4824437594413755,419.8456301689148,82,,"0.388550,0.901600,0.753139,1.294905",,,0.412927,6.312843,2.539642,0.108067
1309,339720,500.0,400.04,,2.4824437594413755,419.84662985801697,82,,"0.388550,0.901600,0.753139,1.294905",,,0.412927,6.312843,2.539642,0.108067
1310,340220,500.0,401.68,,2.4824437594413755,419.84662985801697,82,,"0.388550,0.901600,0.753139,1.294905",,,0.412927,6.312843,2.539642,0.108067
1311,340720,500.0,404.13,,2.4824437594413755,419.84662985801697,82,,"0.388550,0.901600,0.753139,1.294905",,,0.412927,6.312843,2.539642,0.108067
1312,341114,394.0,405.89,,2.4239447474479676,427.65836906433105,83,,"0.388301,0.901078,0.757207,1.298889",,,0.415674,6.344095,3.814245,0.115394
1313,341434,320.0,404.09,,2.4239447474479676,427.6593687534332,83,,"0.388301,0.901078,0.757207,1.298889",,,0.415674,6.344095,3.814245,0.115394
1314,341838,404.0,405.08,,2.4239447474479676,427.6593687534332,83,,"0.388301,0.901078,0.757207,1.298889",,,0.415674,6.344095,3.814245,0.115394
1315,342338,500.0,405.08,,2.4239447474479676,427.6593687534332,83,,"0.388301,0.901078,0.757207,1.298889",,,0.415674,6.344095,3.814245,0.115394
1316,342772,434.0,404.42,,2.4239447474479676,427.6593687534332,83,,"0.388301,0.901078,0.757207,1.298889",,,0.415674,6.344095,3.814245,0.115394
1317,343040,268.0,405.1,,2.4239447474479676,427.6593687534332,83,,"0.388301,0.901078,0.757207,1.298889",,,0.415674,6.344095,3.814245,0.115394
1318,343540,500.0,405.1,,2.4239447474479676,427.6593687534332,83,,"0.388301,0.901078,0.757207,1.298889",,,0.415674,6.344095,3.814245,0.115394
1319,343901,361.0,404.84,,2.4239447474479676,427.6593687534332,83,,"0.388301,0.901078,0.757207,1.298889",,,0.415674,6.344095,3.814245,0.115394
1320,344292,391.0,403.75,,2.4239447474479676,427.6593687534332,83,,"0.388301,0.901078,0.757207,1.298889",,,0.415674,6.344095,3.814245,0.115394
1321,344767,475.0,406.17,,2.4239447474479676,427.6593687534332,83,,"0.388301,0.901078,0.757207,1.298889",,,0.415674,6.344095,3.814245,0.115394
1322,345051,284.0,404.01,,2.4239447474479676,427.6593687534332,83,,"0.388301,0.901078,0.757207,1.298889",,,0.415674,6.344095,3.814245,0.115394
1323,345551,500.0,404.01,,2.4239447474479676,427.6593687534332,83,,"0.388301,0.901078,0.757207,1.298889",,,0.415674,6.344095,3.814245,0.115394
1324,346048,497.0,403.98,,2.4239447474479676,427.6603720188141,83,,"0.388301,0.901078,0.757207,1.298889",,,0.415674,6.344095,3.814245,0.115394
1325,346398,350.0,402.48,,2.4239447474479676,427.6603720188141,83,,"0.388301,0.901078,0.757207,1.298889",,,0.415674,6.344095,3.814245,0.115394
1326,346685,287.0,400.35,,2.4239447474479676,427.6603720188141,83,,"0.388301,0.901078,0.757207,1.298889",,,0.415674,6.344095,3.814245,0.115394
1327,347030,345.0,400.1,,2.4239447474479676,427.6603720188141,83,,"0.388301,0.901078,0.757207,1.298889",,,0.415674,6.344095,3.814245,0.115394
1328,347458,428.0,400.3,,2.3626952624320983,435.4148623943329,84,,"0.385050,0.900332,0.760046,1.304711",,,0.415977,6.378118,2.735314,0.120535
1329,347958,500.0,400.3,,2.3626952624320983,435.4148623943329,84,,"0.385050,0.900332,0.760046,1.304711",,,0.415977,6.378118,2.735314,0.120535
1330,348400,442.0,399.72,,2.3626952624320983,435.4148623943329,84,,"0.385050,0.900332,0.760046,1.304711",,,0.415977,6.378118,2.735314,0.120535
1331,348798,398.0,398.7,,2.3626952624320983,435.4148623943329,84,,"0.385050,0.900332,0.760046,1.304711",,,0.415977,6.378118,2.735314,0.120535
1332,349137,339.0,397.09,,2.3626952624320983,435.4148623943329,84,,"0.385050,0.900332,0.760046,1.304711",,,0.415977,6.378118,2.735314,0.120535
1333,349637,500.0,397.09,,2.3626952624320983,435.4148623943329,84,,"0.385050,0.900332,0.760046,1.304711",,,0.415977,6.378118,2.735314,0.120535
1334,350036,399.0,397.34,,2.3626952624320983,435.4148623943329,84,,"0.385050,0.900332,0.760046,1.304711",,,0.415977,6.378118,2.735314,0.120535
1335,350510,474.0,397.08,,2.3626952624320983,435.4148623943329,84,,"0.385050,0.900332,0.760046,1.304711",,,0.415977,6.378118,2.735314,0.120535
1336,351010,500.0,397.08,,2.3626952624320983,435.4158618450165,84,,"0.385050,0.900332,0.760046,1.304711",,,0.415977,6.378118,2.735314,0.120535
1337,351442,432.0,398.91,,2.3626952624320983,435.4158618450165,84,,"0.385050,0.900332,0.760046,1.304711",,,0.415977,6.378118,2.735314,0.120535
1338,351942,500.0,398.91,,2.3626952624320983,435.4158618450165,84,,"0.385050,0.900332,0.760046,1.304711",,,0.415977,6.378118,2.735314,0.120535
1339,352442,500.0,400.69,,2.3626952624320983,435.4158618450165,84,,"0.385050,0.900332,0.760046,1.304711",,,0.415977,6.378118,2.735314,0.120535
1340,352755,313.0,398.82,,2.3626952624320983,435.4158618450165,84,,"0.385050,0.900332,0.760046,1.304711",,,0.415977,6.378118,2.735314,0.120535
1341,353255,500.0,400.96,,2.3626952624320983,435.4158618450165,84,,"0.385050,0.900332,0.760046,1.304711",,,0.415977,6.378118,2.735314,0.120535
1342,353684,429.0,400.25,,2.3626952624320983,435.4158618450165,84,,"0.385050,0.900332,0.760046,1.304711",,,0.415977,6.378118,2.735314,0.120535
1343,354184,500.0,401.81,,2.3626952624320983,435.4158618450165,84,,"0.385050,0.900332,0.760046,1.304711",,,0.415977,6.378118,2.735314,0.120535
1344,354657,473.0,401.54,,2.3059817123413087,443.23491883277893,85,,"0.380377,0.898738,0.763159,1.311589",,,0.405404,6.413259,2.497375,0.149965
1345,354963,306.0,399.6,,2.3059817123413087,443.23491883277893,85,,"0.380377,0.898738,0.763159,1.311589",,,0.405404,6.413259,2.497375,0.149965
1346,355341,378.0,398.38,,2.3059817123413087,443.2353994846344,85,,"0.380377,0.898738,0.763159,1.311589",,,0.405404,6.413259,2.497375,0.149965
1347,355675,334.0,398.82,,2.3059817123413087,443.2353994846344,85,,"0.380377,0.898738,0.763159,1.311589",,,0.405404,6.413259,2.497375,0.149965
1348,356175,500.0,400.68,,2.3059817123413087,443.2353994846344,85,,"0.380377,0.898738,0.763159,1.311589",,,0.405404,6.413259,2.497375,0.149965
1349,356525,350.0,400.32,,2.3059817123413087,443.2353994846344,85,,"0.380377,0.898738,0.763159,1.311589",500.0,0.0,0.405404,6.413259,2.497375,0.149965
1350,357025,500.0,403.1,,2.3059817123413087,443.2353994846344,85,,"0.380377,0.898738,0.763159,1.311589",,,0.405404,6.413259,2.497375,0.149965
1351,357525,500.0,404.46,,2.3059817123413087,443.2353994846344,85,,"0.380377,0.898738,0.763159,1.311589",,,0.405404,6.413259,2.497375,0.149965
1352,358025,500.0,404.46,,2.3059817123413087,443.2353994846344,85,,"0.380377,0.898738,0.763159,1.311589",,,0.405404,6.413259,2.497375,0.149965
1353,358525,500.0,407.32,,2.3059817123413087,443.23630928993225,85,,"0.380377,0.898738,0.763159,1.311589",,,0.405404,6.413259,2.497375,0.149965
1354,359025,500.0,407.32,,2.3059817123413087,443.23630928993225,85,,"0.380377,0.898738,0.763159,1.311589",,,0.405404,6.413259,2.497375,0.149965
1355,359373,348.0,405.8,,2.3059817123413087,443.23630928993225,85,,"0.380377,0.898738,0.763159,1.311589",,,0.405404,6.413259,2.497375,0.149965
1356,359692,319.0,403.99,,2.3059817123413087,443.23630928993225,85,,"0.380377,0.898738,0.763159,1.311589",,,0.405404,6.413259,2.497375,0.149965
1357,360144,452.0,405.98,,2.3059817123413087,443.23630928993225,85,,"0.380377,0.898738,0.763159,1.311589",,,0.405404,6.413259,2.497375,0.149965
1358,360644,500.0,408.67,,2.3059817123413087,443.23630928993225,85,,"0.380377,0.898738,0.763159,1.311589",,,0.405404,6.413259,2.497375,0.149965
1359,361144,500.0,408.67,,2.3059817123413087,443.23630928993225,85,,"0.380377,0.898738,0.763159,1.311589",,,0.405404,6.413259,2.497375,0.149965
1360,361644,500.0,408.67,,2.2440463411808014,450.9958825111389,86,,"0.376618,0.897407,0.766672,1.318620",,,0.390945,6.448424,1.631608,0.155103
1361,362144,500.0,410.19,,2.2440463411808014,450.9958825111389,86,,"0.376618,0.897407,0.766672,1.318620",,,0.390945,6.448424,1.631608,0.155103
1362,362644,500.0,411.54,,2.2440463411808014,450.9958825111389,86,,"0.376618,0.897407,0.766672,1.318620",,,0.390945,6.448424,1.631608,0.155103
1363,363144,500.0,411.54,,2.2440463411808014,450.9958825111389,86,,"0.376618,0.897407,0.766672,1.318620",,,0.390945,6.448424,1.631608,0.155103
1364,363644,500.0,413.82,,2.2440463411808014,450.9958825111389,86,,"0.376618,0.897407,0.766672,1.318620",,,0.390945,6.448424,1.631608,0.155103
1365,364100,456.0,415.44,,2.2440463411808014,450.9968807697296,86,,"0.376618,0.897407,0.766672,1.318620",,,0.390945,6.448424,1.631608,0.155103
1366,364600,500.0,415.44,,2.2440463411808014,450.9968807697296,86,,"0.376618,0.897407,0.766672,1.318620",,,0.390945,6.448424,1.631608,0.155103
1367,365100,500.0,415.44,,2.2440463411808014,450.9968807697296,86,,"0.376618,0.897407,0.766672,1.318620",,,0.390945,6.448424,1.631608,0.155103
1368,365538,438.0,416.06,,2.2440463411808014,450.9968807697296,86,,"0.376618,0.897407,0.766672,1.318620",,,0.390945,6.448424,1.631608,0.155103
1369,366038,500.0,417.06,,2.2440463411808014,450.9968807697296,86,,"0.376618,0.897407,0.766672,1.318620",,,0.390945,6.448424,1.631608,0.155103
1370,366359,321.0,417.73,,2.2440463411808014,450.9968807697296,86,,"0.376618,0.897407,0.766672,1.318620",,,0.390945,6.448424,1.631608,0.155103
1371,366742,383.0,418.3,,2.2440463411808014,450.9968807697296,86,,"0.376618,0.897407,0.766672,1.318620",,,0.390945,6.448424,1.631608,0.155103
1372,367242,500.0,418.3,,2.2440463411808014,450.9968807697296,86,,"0.376618,0.897407,0.766672,1.318620",,,0.390945,6.448424,1.631608,0.155103
1373,367742,500.0,420.06,,2.2440463411808014,450.9968807697296,86,,"0.376618,0.897407,0.766672,1.318620",,,0.390945,6.448424,1.631608,0.155103
1374,368242,500.0,421.2,,2.2440463411808014,450.9968807697296,86,,"0.376618,0.897407,0.766672,1.318620",,,0.390945,6.448424,1.631608,0.155103
1375,368742,500.0,423.26,,2.2440463411808014,450.9968807697296,86,,"0.376618,0.897407,0.766672,1.318620",,,0.390945,6.448424,1.631608,0.155103
1376,369185,443.0,425.05,,2.1835197138786318,459.0741786956787,87,,"0.373526,0.896106,0.770095,1.325638",,,0.398743,6.483500,1.673501,0.159064
1377,369685,500.0,426.98,,2.1835197138786318,459.07518100738525,87,,"0.373526,0.896106,0.770095,1.325638",,,0.398743,6.483500,1.673501,0.159064
1378,370185,500.0,428.43,,2.1835197138786318,459.07518100738525,87,,"0.373526,0.896106,0.770095,1.325638",,,0.398743,6.483500,1.673501,0.159064
1379,370685,500.0,428.43,,2.1835197138786318,459.07518100738525,87,,"0.373526,0.896106,0.770095,1.325638",,,0.398743,6.483500,1.673501,0.159064
1380,371122,437.0,427.8,,2.1835197138786318,459.07518100738525,87,,"0.373526,0.896106,0.770095,1.325638",,,0.398743,6.483500,1.673501,0.159064
1381,371622,500.0,427.8,,2.1835197138786318,459.07518100738525,87,,"0.373526,0.896106,0.770095,1.325638",,,0.398743,6.483500,1.673501,0.159064
1382,372122,500.0,430.16,,2.1835197138786318,459.07518100738525,87,,"0.373526,0.896106,0.770095,1.325638",,,0.398743,6.483500,1.673501,0.159064
1383,372622,500.0,432.01,,2.1835197138786318,459.07518100738525,87,,"0.373526,0.896106,0.770095,1.325638",,,0.398743,6.483500,1.673501,0.159064
1384,372919,297.0,432.21,,2.1835197138786318,459.07518100738525,87,,"0.373526,0.896106,0.770095,1.325638",,,0.398743,6.483500,1.673501,0.159064
1385,373419,500.0,434.34,,2.1835197138786318,459.07518100738525,87,,"0.373526,0.896106,0.770095,1.325638",,,0.398743,6.483500,1.673501,0.159064
1386,373919,500.0,436.16,,2.1835197138786318,459.07518100738525,87,,"0.373526,0.896106,0.770095,1.325638",,,0.398743,6.483500,1.673501,0.159064
1387,374419,500.0,436.16,,2.1835197138786318,459.076176404953,87,,"0.373526,0.896106,0.770095,1.325638",,,0.398743,6.483500,1.673501,0.159064
1388,374919,500.0,438.2,,2.1835197138786318,459.076176404953,87,,"0.373526,0.896106,0.770095,1.325638",,,0.398743,6.483500,1.673501,0.159064
1389,375316,397.0,438.98,,2.1835197138786318,459.076176404953,87,,"0.373526,0.896106,0.770095,1.325638",,,0.398743,6.483500,1.673501,0.159064
1390,375816,500.0,440.49,,2.1835197138786318,459.076176404953,87,,"0.373526,0.896106,0.770095,1.325638",,,0.398743,6.483500,1.673501,0.159064
1391,376316,500.0,440.95,,2.1835197138786318,459.076176404953,87,,"0.373526,0.896106,0.770095,1.325638",,,0.398743,6.483500,1.673501,0.159064
1392,376806,490.0,440.85,,2.1256966757774354,467.2172405719757,88,,"0.370795,0.894110,0.773940,1.332268",,,0.396825,6.518677,1.409179,0.199867
1393,377306,500.0,440.85,,2.1256966757774354,467.2172405719757,88,,"0.370795,0.894110,0.773940,1.332268",,,0.396825,6.518677,1.409179,0.199867
1394,377766,460.0,442.08,,2.1256966757774354,467.2172405719757,88,,"0.370795,0.894110,0.773940,1.332268",,,0.396825,6.518677,1.409179,0.199867
1395,378266,500.0,445.63,,2.1256966757774354,467.2172405719757,88,,"0.370795,0.894110,0.773940,1.332268",,,0.396825,6.518677,1.409179,0.199867
1396,378766,500.0,447.5,,2.1256966757774354,467.21824407577515,88,,"0.370795,0.894110,0.773940,1.332268",,,0.396825,6.518677,1.409179,0.199867
1397,379266,500.0,447.5,,2.1256966757774354,467.21824407577515,88,,"0.370795,0.894110,0.773940,1.332268",,,0.396825,6.518677,1.409179,0.199867
1398,379766,500.0,447.5,,2.1256966757774354,467.21824407577515,88,,"0.370795,0.894110,0.773940,1.332268",,,0.396825,6.518677,1.409179,0.199867
1399,380105,339.0,447.75,,2.1256966757774354,467.21824407577515,88,,"0.370795,0.894110,0.773940,1.332268",500.0,0.0,0.396825,6.518677,1.409179,0.199867
1400,380605,500.0,447.75,,2.1256966757774354,467.21824407577515,88,,"0.370795,0.894110,0.773940,1.332268",,,0.396825,6.518677,1.409179,0.199867
1401,381105,500.0,449.42,,2.1256966757774354,467.21824407577515,88,,"0.370795,0.894110,0.773940,1.332268",,,0.396825,6.518677,1.409179,0.199867
1402,381605,500.0,450.69,,2.1256966757774354,467.21824407577515,88,,"0.370795,0.894110,0.773940,1.332268",,,0.396825,6.518677,1.409179,0.199867
1403,382105,500.0,450.69,,2.1256966757774354,467.21824407577515,88,,"0.370795,0.894110,0.773940,1.332268",,,0.396825,6.518677,1.409179,0.199867
1404,382605,500.0,450.69,,2.1256966757774354,467.21824407577515,88,,"0.370795,0.894110,0.773940,1.332268",,,0.396825,6.518677,1.409179,0.199867
1405,383105,500.0,450.69,,2.1256966757774354,467.21927762031555,88,,"0.370795,0.894110,0.773940,1.332268",,,0.396825,6.518677,1.409179,0.199867
1406,383605,500.0,452.93,,2.1256966757774354,467.21927762031555,88,,"0.370795,0.894110,0.773940,1.332268",,,0.396825,6.518677,1.409179,0.199867
1407,384105,500.0,453.52,,2.1256966757774354,467.21927762031555,88,,"0.370795,0.894110,0.773940,1.332268",,,0.396825,6.518677,1.409179,0.199867
1408,384605,500.0,453.85,,2.075725610256195,473.02319049835205,89,,"0.369076,0.892138,0.777752,1.338198",,,0.399121,6.552313,2.177593,0.132214
1409,385105,500.0,453.85,,2.075725610256195,473.02319049835205,89,,"0.369076,0.892138,0.777752,1.338198",,,0.399121,6.552313,2.177593,0.132214
1410,385508,403.0,452.88,,2.075725610256195,473.02319049835205,89,,"0.369076,0.892138,0.777752,1.338198",,,0.399121,6.552313,2.177593,0.132214
1411,386008,500.0,452.88,,2.075725610256195,473.02319049835205,89,,"0.369076,0.892138,0.777752,1.338198",,,0.399121,6.552313,2.177593,0.132214
1412,386508,500.0,453.94,,2.075725610256195,473.02319049835205,89,,"0.369076,0.892138,0.777752,1.338198",,,0.399121,6.552313,2.177593,0.132214
1413,387008,500.0,455.74,,2.075725610256195,473.02319049835205,89,,"0.369076,0.892138,0.777752,1.338198",,,0.399121,6.552313,2.177593,0.132214
1414,387284,276.0,454.46,,2.075725610256195,473.02319049835205,89,,"0.369076,0.892138,0.777752,1.338198",,,0.399121,6.552313,2.177593,0.132214
1415,387678,394.0,453.4,,2.075725610256195,473.02319049835205,89,,"0.369076,0.892138,0.777752,1.338198",,,0.399121,6.552313,2.177593,0.132214
1416,388178,500.0,454.06,,2.075725610256195,473.02319049835205,89,,"0.369076,0.892138,0.777752,1.338198",,,0.399121,6.552313,2.177593,0.132214
1417,388678,500.0,456.38,,2.075725610256195,473.02319049835205,89,,"0.369076,0.892138,0.777752,1.338198",,,0.399121,6.552313,2.177593,0.132214
1418,389178,500.0,456.38,,2.075725610256195,473.02319049835205,89,,"0.369076,0.892138,0.777752,1.338198",,,0.399121,6.552313,2.177593,0.132214
1419,389678,500.0,457.77,,2.075725610256195,473.0242033004761,89,,"0.369076,0.892138,0.777752,1.338198",,,0.399121,6.552313,2.177593,0.132214
1420,389984,306.0,456.92,,2.075725610256195,473.0242033004761,89,,"0.369076,0.892138,0.777752,1.338198",,,0.399121,6.552313,2.177593,0.132214
1421,390225,241.0,454.58,,2.075725610256195,473.0242033004761,89,,"0.369076,0.892138,0.777752,1.338198",,,0.399121,6.552313,2.177593,0.132214
1422,390563,338.0,455.12,,2.075725610256195,473.0242033004761,89,,"0.369076,0.892138,0.777752,1.338198",,,0.399121,6.552313,2.177593,0.132214
1423,390870,307.0,453.19,,2.075725610256195,473.0242033004761,89,,"0.369076,0.892138,0.777752,1.338198",,,0.399121,6.552313,2.177593,0.132214
1424,391311,441.0,452.63,,2.0110184931755066,478.50527691841125,90,,"0.364247,0.889033,0.782344,1.346188",,,0.385894,6.594500,1.028075,0.162126
1425,391811,500.0,454.13,,2.0110184931755066,478.50527691841125,90,,"0.364247,0.889033,0.782344,1.346188",,,0.385894,6.594500,1.028075,0.162126
1426,392311,500.0,456.26,,2.0110184931755066,478.50527691841125,90,,"0.364247,0.889033,0.782344,1.346188",,,0.385894,6.594500,1.028075,0.162126
1427,392811,500.0,457.81,,2.0110184931755066,478.50527691841125,90,,"0.364247,0.889033,0.782344,1.346188",,,0.385894,6.594500,1.028075,0.162126
1428,393311,500.0,458.53,,2.0110184931755066,478.50527691841125,90,,"0.364247,0.889033,0.782344,1.346188",,,0.385894,6.594500,1.028075,0.162126
1429,393811,500.0,458.53,,2.0110184931755066,478.50527691841125,90,,"0.364247,0.889033,0.782344,1.346188",,,0.385894,6.594500,1.028075,0.162126
1430,394311,500.0,459.11,,2.0110184931755066,478.50527691841125,90,,"0.364247,0.889033,0.782344,1.346188",,,0.385894,6.594500,1.028075,0.162126
1431,394811,500.0,460.13,,2.0110184931755066,478.50527691841125,90,,"0.364247,0.889033,0.782344,1.346188",,,0.385894,6.594500,1.028075,0.162126
1432,395311,500.0,461.74,,2.0110184931755066,478.506276845932,90,,"0.364247,0.889033,0.782344,1.346188",,,0.385894,6.594500,1.028075,0.162126
1433,395811,500.0,461.74,,2.0110184931755066,478.506276845932,90,,"0.364247,0.889033,0.782344,1.346188",,,0.385894,6.594500,1.028075,0.162126
1434,396311,500.0,462.75,,2.0110184931755066,478.506276845932,90,,"0.364247,0.889033,0.782344,1.346188",,,0.385894,6.594500,1.028075,0.162126
1435,396811,500.0,463.01,,2.0110184931755066,478.506276845932,90,,"0.364247,0.889033,0.782344,1.346188",,,0.385894,6.594500,1.028075,0.162126
1436,397311,500.0,463.01,,2.0110184931755066,478.506276845932,90,,"0.364247,0.889033,0.782344,1.346188",,,0.385894,6.594500,1.028075,0.162126
1437,397811,500.0,463.69,,2.0110184931755066,478.506276845932,90,,"0.364247,0.889033,0.782344,1.346188",,,0.385894,6.594500,1.028075,0.162126
1438,398311,500.0,463.69,,2.0110184931755066,478.506276845932,90,,"0.364247,0.889033,0.782344,1.346188",,,0.385894,6.594500,1.028075,0.162126
1439,398581,270.0,461.39,,2.0110184931755066,478.506276845932,90,,"0.364247,0.889033,0.782344,1.346188",,,0.385894,6.594500,1.028075,0.162126
1440,399081,500.0,463.26,,1.95429696559906,483.73282170295715,91,,"0.359560,0.885838,0.787379,1.354352",,,0.383942,6.635734,1.188361,0.104342
1441,399581,500.0,463.26,,1.95429696559906,483.73282170295715,91,,"0.359560,0.885838,0.787379,1.354352",,,0.383942,6.635734,1.188361,0.104342
1442,400081,500.0,463.97,,1.95429696559906,483.73282170295715,91,,"0.359560,0.885838,0.787379,1.354352",,,0.383942,6.635734,1.188361,0.104342
1443,400332,251.0,461.48,,1.95429696559906,483.73282170295715,91,,"0.359560,0.885838,0.787379,1.354352",,,0.383942,6.635734,1.188361,0.104342
1444,400832,500.0,461.75,,1.95429696559906,483.73382210731506,91,,"0.359560,0.885838,0.787379,1.354352",,,0.383942,6.635734,1.188361,0.104342
1445,401172,340.0,462.09,,1.95429696559906,483.73382210731506,91,,"0.359560,0.885838,0.787379,1.354352",,,0.383942,6.635734,1.188361,0.104342
1446,401672,500.0,463.31,,1.95429696559906,483.73382210731506,91,,"0.359560,0.885838,0.787379,1.354352",,,0.383942,6.635734,1.188361,0.104342
1447,402172,500.0,464.97,,1.95429696559906,483.73382210731506,91,,"0.359560,0.885838,0.787379,1.354352",,,0.383942,6.635734,1.188361,0.104342
1448,402672,500.0,464.97,,1.95429696559906,483.73382210731506,91,,"0.359560,0.885838,0.787379,1.354352",,,0.383942,6.635734,1.188361,0.104342
1449,403172,500.0,466.47,,1.95429696559906,483.73382210731506,91,,"0.359560,0.885838,0.787379,1.354352",500.0,0.0,0.383942,6.635734,1.188361,0.104342
1450,403548,376.0,465.23,,1.95429696559906,483.73382210731506,91,,"0.359560,0.885838,0.787379,1.354352",,,0.383942,6.635734,1.188361,0.104342
1451,404048,500.0,465.23,,1.95429696559906,483.73382210731506,91,,"0.359560,0.885838,0.787379,1.354352",,,0.383942,6.635734,1.188361,0.104342
1452,404548,500.0,465.23,,1.95429696559906,483.73382210731506,91,,"0.359560,0.885838,0.787379,1.354352",,,0.383942,6.635734,1.188361,0.104342
1453,405048,500.0,465.23,,1.95429696559906,483.73382210731506,91,,"0.359560,0.885838,0.787379,1.354352",,,0.383942,6.635734,1.188361,0.104342
1454,405548,500.0,465.23,,1.95429696559906,483.73382210731506,91,,"0.359560,0.885838,0.787379,1.354352",,,0.383942,6.635734,1.188361,0.104342
1455,406048,500.0,466.75,,1.95429696559906,483.73382210731506,91,,"0.359560,0.885838,0.787379,1.354352",,,0.383942,6.635734,1.188361,0.104342
1456,406433,385.0,467.41,,1.9006180167198181,491.4254939556122,92,,"0.356637,0.884019,0.792391,1.361731",,,0.376535,6.675383,1.561689,0.096850
1457,406933,500.0,467.89,,1.9006180167198181,491.4264817237854,92,,"0.356637,0.884019,0.792391,1.361731",,,0.376535,6.675383,1.561689,0.096850
1458,407227,294.0,465.83,,1.9006180167198181,491.4264817237854,92,,"0.356637,0.884019,0.792391,1.361731",,,0.376535,6.675383,1.561689,0.096850
1459,407727,500.0,465.83,,1.9006180167198181,491.4264817237854,92,,"0.356637,0.884019,0.792391,1.361731",,,0.376535,6.675383,1.561689,0.096850
1460,408227,500.0,465.83,,1.9006180167198181,491.4264817237854,92,,"0.356637,0.884019,0.792391,1.361731",,,0.376535,6.675383,1.561689,0.096850
1461,408727,500.0,465.83,,1.9006180167198181,491.4264817237854,92,,"0.356637,0.884019,0.792391,1.361731",,,0.376535,6.675383,1.561689,0.096850
1462,409227,500.0,465.83,,1.9006180167198181,491.4264817237854,92,,"0.356637,0.884019,0.792391,1.361731",,,0.376535,6.675383,1.561689,0.096850
1463,409727,500.0,465.83,,1.9006180167198181,491.4264817237854,92,,"0.356637,0.884019,0.792391,1.361731",,,0.376535,6.675383,1.561689,0.096850
1464,410076,349.0,464.32,,1.9006180167198181,491.4264817237854,92,,"0.356637,0.884019,0.792391,1.361731",,,0.376535,6.675383,1.561689,0.096850
1465,410576,500.0,464.76,,1.9006180167198181,491.4264817237854,92,,"0.356637,0.884019,0.792391,1.361731",,,0.376535,6.675383,1.561689,0.096850
1466,410872,296.0,462.72,,1.9006180167198181,491.4274888038635,92,,"0.356637,0.884019,0.792391,1.361731",,,0.376535,6.675383,1.561689,0.096850
1467,411372,500.0,462.72,,1.9006180167198181,491.4274888038635,92,,"0.356637,0.884019,0.792391,1.361731",,,0.376535,6.675383,1.561689,0.096850
1468,411872,500.0,463.34,,1.9006180167198181,491.4274888038635,92,,"0.356637,0.884019,0.792391,1.361731",,,0.376535,6.675383,1.561689,0.096850
1469,412372,500.0,463.34,,1.9006180167198181,491.4274888038635,92,,"0.356637,0.884019,0.792391,1.361731",,,0.376535,6.675383,1.561689,0.096850
1470,412683,311.0,463.24,,1.9006180167198181,491.4274888038635,92,,"0.356637,0.884019,0.792391,1.361731",,,0.376535,6.675383,1.561689,0.096850
1471,413183,500.0,464.41,,1.9006180167198181,491.4274888038635,92,,"0.356637,0.884019,0.792391,1.361731",,,0.376535,6.675383,1.561689,0.096850
1472,413683,500.0,464.41,,1.858696286678314,499.4645698070526,93,,"0.351902,0.884547,0.795260,1.362270",,,0.374385,6.716564,2.270376,0.128135
1473,414183,500.0,464.41,,1.858696286678314,499.4645698070526,93,,"0.351902,0.884547,0.795260,1.362270",,,0.374385,6.716564,2.270376,0.128135
1474,414643,460.0,464.01,,1.858696286678314,499.4645698070526,93,,"0.351902,0.884547,0.795260,1.362270",,,0.374385,6.716564,2.270376,0.128135
1475,415143,500.0,464.01,,1.858696286678314,499.4645698070526,93,,"0.351902,0.884547,0.795260,1.362270",,,0.374385,6.716564,2.270376,0.128135
1476,415643,500.0,464.58,,1.858696286678314,499.4645698070526,93,,"0.351902,0.884547,0.795260,1.362270",,,0.374385,6.716564,2.270376,0.128135
1477,416111,468.0,464.26,,1.858696286678314,499.4645698070526,93,,"0.351902,0.884547,0.795260,1.362270",,,0.374385,6.716564,2.270376,0.128135
1478,416530,419.0,463.45,,1.858696286678314,499.4655690193176,93,,"0.351902,0.884547,0.795260,1.362270",,,0.374385,6.716564,2.270376,0.128135
1479,417030,500.0,463.45,,1.858696286678314,499.4655690193176,93,,"0.351902,0.884547,0.795260,1.362270",,,0.374385,6.716564,2.270376,0.128135
1480,417506,476.0,463.84,,1.858696286678314,499.4655690193176,93,,"0.351902,0.884547,0.795260,1.362270",,,0.374385,6.716564,2.270376,0.128135
1481,418006,500.0,463.84,,1.858696286678314,499.4655690193176,93,,"0.351902,0.884547,0.795260,1.362270",,,0.374385,6.716564,2.270376,0.128135
1482,418288,282.0,461.66,,1.858696286678314,499.4655690193176,93,,"0.351902,0.884547,0.795260,1.362270",,,0.374385,6.716564,2.270376,0.128135
1483,418733,445.0,461.11,,1.858696286678314,499.4655690193176,93,,"0.351902,0.884547,0.795260,1.362270",,,0.374385,6.716564,2.270376,0.128135
1484,419157,424.0,462.38,,1.858696286678314,499.4655690193176,93,,"0.351902,0.884547,0.795260,1.362270",,,0.374385,6.716564,2.270376,0.128135
1485,419502,345.0,460.83,,1.858696286678314,499.4655690193176,93,,"0.351902,0.884547,0.795260,1.362270",,,0.374385,6.716564,2.270376,0.128135
1486,419865,363.0,459.46,,1.858696286678314,499.4655690193176,93,,"0.351902,0.884547,0.795260,1.362270",,,0.374385,6.716564,2.270376,0.128135
1487,420365,500.0,459.46,,1.858696286678314,499.4655690193176,93,,"0.351902,0.884547,0.795260,1.362270",,,0.374385,6.716564,2.270376,0.128135
1488,420728,363.0,458.09,,1.8153763484954835,507.6462826728821,94,,"0.350588,0.886534,0.797759,1.362229",,,0.372117,6.754735,2.427761,0.092817
1489,421112,384.0,457.96,,1.8153763484954835,507.6462826728821,94,,"0.350588,0.886534,0.797759,1.362229",,,0.372117,6.754735,2.427761,0.092817
1490,421612,500.0,457.96,,1.8153763484954835,507.6462826728821,94,,"0.350588,0.886534,0.797759,1.362229",,,0.372117,6.754735,2.427761,0.092817
1491,421983,371.0,456.67,,1.8153763484954835,507.647296667099,94,,"0.350588,0.886534,0.797759,1.362229",,,0.372117,6.754735,2.427761,0.092817
1492,422483,500.0,456.77,,1.8153763484954835,507.647296667099,94,,"0.350588,0.886534,0.797759,1.362229",,,0.372117,6.754735,2.427761,0.092817
1493,422983,500.0,456.77,,1.8153763484954835,507.647296667099,94,,"0.350588,0.886534,0.797759,1.362229",,,0.372117,6.754735,2.427761,0.092817
1494,423483,500.0,457.17,,1.8153763484954835,507.647296667099,94,,"0.350588,0.886534,0.797759,1.362229",,,0.372117,6.754735,2.427761,0.092817
1495,423743,260.0,454.77,,1.8153763484954835,507.64831376075745,94,,"0.350588,0.886534,0.797759,1.362229",,,0.372117,6.754735,2.427761,0.092817
1496,424088,345.0,453.22,,1.8153763484954835,507.64831376075745,94,,"0.350588,0.886534,0.797759,1.362229",,,0.372117,6.754735,2.427761,0.092817
1497,424374,286.0,451.08,,1.8153763484954835,507.64831376075745,94,,"0.350588,0.886534,0.797759,1.362229",,,0.372117,6.754735,2.427761,0.092817
1498,424830,456.0,450.64,,1.8153763484954835,507.64831376075745,94,,"0.350588,0.886534,0.797759,1.362229",,,0.372117,6.754735,2.427761,0.092817
1499,425330,500.0,452.25,,1.8153763484954835,507.64831376075745,94,,"0.350588,0.886534,0.797759,1.362229",500.0,0.0,0.372117,6.754735,2.427761,0.092817
1500,425683,353.0,450.78,,1.8153763484954835,507.64939284324646,94,,"0.350588,0.886534,0.797759,1.362229",,,0.372117,6.754735,2.427761,0.092817
1501,426183,500.0,450.78,,1.8153763484954835,507.64939284324646,94,,"0.350588,0.886534,0.797759,1.362229",,,0.372117,6.754735,2.427761,0.092817
1502,426588,405.0,449.83,,1.8153763484954835,507.64939284324646,94,,"0.350588,0.886534,0.797759,1.362229",,,0.372117,6.754735,2.427761,0.092817
1503,427088,500.0,449.83,,1.8153763484954835,507.64939284324646,94,,"0.350588,0.886534,0.797759,1.362229",,,0.372117,6.754735,2.427761,0.092817
1504,427588,500.0,449.83,,1.7602822768688202,515.7275137901306,95,,"0.348347,0.887530,0.801930,1.363455",,,0.362128,6.795209,0.777241,0.109075
1505,428088,500.0,449.83,,1.7602822768688202,515.7275137901306,95,,"0.348347,0.887530,0.801930,1.363455",,,0.362128,6.795209,0.777241,0.109075
1506,428588,500.0,449.83,,1.7602822768688202,515.7275137901306,95,,"0.348347,0.887530,0.801930,1.363455",,,0.362128,6.795209,0.777241,0.109075
1507,429088,500.0,449.83,,1.7602822768688202,515.7275137901306,95,,"0.348347,0.887530,0.801930,1.363455",,,0.362128,6.795209,0.777241,0.109075
1508,429588,500.0,449.83,,1.7602822768688202,515.7275137901306,95,,"0.348347,0.887530,0.801930,1.363455",,,0.362128,6.795209,0.777241,0.109075
1509,429908,320.0,448.03,,1.7602822768688202,515.7285242080688,95,,"0.348347,0.887530,0.801930,1.363455",,,0.362128,6.795209,0.777241,0.109075
1510,430408,500.0,449.0,,1.7602822768688202,515.7285242080688,95,,"0.348347,0.887530,0.801930,1.363455",,,0.362128,6.795209,0.777241,0.109075
1511,430908,500.0,449.0,,1.7602822768688202,515.7285242080688,95,,"0.348347,0.887530,0.801930,1.363455",,,0.362128,6.795209,0.777241,0.109075
1512,431408,500.0,449.0,,1.7602822768688202,515.7285242080688,95,,"0.348347,0.887530,0.801930,1.363455",,,0.362128,6.795209,0.777241,0.109075
1513,431760,352.0,447.52,,1.7602822768688202,515.7285242080688,95,,"0.348347,0.887530,0.801930,1.363455",,,0.362128,6.795209,0.777241,0.109075
1514,432260,500.0,449.76,,1.7602822768688202,515.7285242080688,95,,"0.348347,0.887530,0.801930,1.363455",,,0.362128,6.795209,0.777241,0.109075
1515,432760,500.0,450.82,,1.7602822768688202,515.7285242080688,95,,"0.348347,0.887530,0.801930,1.363455",,,0.362128,6.795209,0.777241,0.109075
1516,433260,500.0,450.82,,1.7602822768688202,515.7295875549316,95,,"0.348347,0.887530,0.801930,1.363455",,,0.362128,6.795209,0.777241,0.109075
1517,433760,500.0,450.82,,1.7602822768688202,515.7295875549316,95,,"0.348347,0.887530,0.801930,1.363455",,,0.362128,6.795209,0.777241,0.109075
1518,434260,500.0,450.82,,1.7602822768688202,515.7295875549316,95,,"0.348347,0.887530,0.801930,1.363455",,,0.362128,6.795209,0.777241,0.109075
1519,434760,500.0,450.82,,1.7602822768688202,515.7295875549316,95,,"0.348347,0.887530,0.801930,1.363455",,,0.362128,6.795209,0.777241,0.109075
1520,435260,500.0,452.76,,1.7090358769893645,524.1784265041351,96,,"0.345906,0.888247,0.805262,1.366630",,,0.359392,6.839730,0.803301,0.093267
1521,435562,302.0,453.37,,1.7090358769893645,524.1784265041351,96,,"0.345906,0.888247,0.805262,1.366630",,,0.359392,6.839730,0.803301,0.093267
1522,436062,500.0,454.99,,1.7090358769893645,524.1784265041351,96,,"0.345906,0.888247,0.805262,1.366630",,,0.359392,6.839730,0.803301,0.093267
1523,436562,500.0,456.92,,1.7090358769893645,524.1784265041351,96,,"0.345906,0.888247,0.805262,1.366630",,,0.359392,6.839730,0.803301,0.093267
1524,437062,500.0,457.51,,1.7090358769893645,524.1784265041351,96,,"0.345906,0.888247,0.805262,1.366630",,,0.359392,6.839730,0.803301,0.093267
1525,437562,500.0,457.51,,1.7090358769893645,524.1784265041351,96,,"0.345906,0.888247,0.805262,1.366630",,,0.359392,6.839730,0.803301,0.093267
1526,438062,500.0,457.51,,1.7090358769893645,524.1784265041351,96,,"0.345906,0.888247,0.805262,1.366630",,,0.359392,6.839730,0.803301,0.093267
1527,438562,500.0,457.51,,1.7090358769893645,524.1784265041351,96,,"0.345906,0.888247,0.805262,1.366630",,,0.359392,6.839730,0.803301,0.093267
1528,439062,500.0,457.51,,1.7090358769893645,524.1784265041351,96,,"0.345906,0.888247,0.805262,1.366630",,,0.359392,6.839730,0.803301,0.093267
1529,439562,500.0,457.51,,1.7090358769893645,524.1784265041351,96,,"0.345906,0.888247,0.805262,1.366630",,,0.359392,6.839730,0.803301,0.093267
1530,440062,500.0,457.51,,1.7090358769893645,524.1784265041351,96,,"0.345906,0.888247,0.805262,1.366630",,,0.359392,6.839730,0.803301,0.093267
1531,440562,500.0,457.51,,1.7090358769893645,524.1784265041351,96,,"0.345906,0.888247,0.805262,1.366630",,,0.359392,6.839730,0.803301,0.093267
1532,441062,500.0,457.51,,1.7090358769893645,524.1799504756927,96,,"0.345906,0.888247,0.805262,1.366630",,,0.359392,6.839730,0.803301,0.093267
1533,441562,500.0,457.51,,1.7090358769893645,524.1799504756927,96,,"0.345906,0.888247,0.805262,1.366630",,,0.359392,6.839730,0.803301,0.093267
1534,442062,500.0,457.51,,1.7090358769893645,524.1799504756927,96,,"0.345906,0.888247,0.805262,1.366630",,,0.359392,6.839730,0.803301,0.093267
1535,442388,326.0,455.77,,1.7090358769893645,524.1799504756927,96,,"0.345906,0.888247,0.805262,1.366630",,,0.359392,6.839730,0.803301,0.093267
1536,442888,500.0,455.77,,1.651874884366989,532.194375038147,97,,"0.343215,0.887303,0.812837,1.372512",,,0.338623,6.902792,0.379466,-0.074027
1537,443388,500.0,455.77,,1.651874884366989,532.194375038147,97,,"0.343215,0.887303,0.812837,1.372512",,,0.338623,6.902792,0.379466,-0.074027
1538,443888,500.0,455.77,,1.651874884366989,532.194375038147,97,,"0.343215,0.887303,0.812837,1.372512",,,0.338623,6.902792,0.379466,-0.074027
1539,444388,500.0,458.07,,1.651874884366989,532.1953585147858,97,,"0.343215,0.887303,0.812837,1.372512",,,0.338623,6.902792,0.379466,-0.074027
1540,444888,500.0,458.07,,1.651874884366989,532.1953585147858,97,,"0.343215,0.887303,0.812837,1.372512",,,0.338623,6.902792,0.379466,-0.074027
1541,445388,500.0,458.07,,1.651874884366989,532.1953585147858,97,,"0.343215,0.887303,0.812837,1.372512",,,0.338623,6.902792,0.379466,-0.074027
1542,445888,500.0,458.07,,1.651874884366989,532.1953585147858,97,,"0.343215,0.887303,0.812837,1.372512",,,0.338623,6.902792,0.379466,-0.074027
1543,446388,500.0,460.56,,1.651874884366989,532.1953585147858,97,,"0.343215,0.887303,0.812837,1.372512",,,0.338623,6.902792,0.379466,-0.074027
1544,446888,500.0,460.56,,1.651874884366989,532.1953585147858,97,,"0.343215,0.887303,0.812837,1.372512",,,0.338623,6.902792,0.379466,-0.074027
1545,447388,500.0,462.16,,1.651874884366989,532.1953585147858,97,,"0.343215,0.887303,0.812837,1.372512",,,0.338623,6.902792,0.379466,-0.074027
1546,447888,500.0,462.16,,1.651874884366989,532.1953585147858,97,,"0.343215,0.887303,0.812837,1.372512",,,0.338623,6.902792,0.379466,-0.074027
1547,448388,500.0,462.16,,1.651874884366989,532.1953585147858,97,,"0.343215,0.887303,0.812837,1.372512",,,0.338623,6.902792,0.379466,-0.074027
1548,448888,500.0,462.16,,1.651874884366989,532.1953585147858,97,,"0.343215,0.887303,0.812837,1.372512",,,0.338623,6.902792,0.379466,-0.074027
1549,449388,500.0,462.16,,1.651874884366989,532.1953585147858,97,,"0.343215,0.887303,0.812837,1.372512",500.0,0.0,0.338623,6.902792,0.379466,-0.074027
1550,449888,500.0,463.4,,1.651874884366989,532.1953585147858,97,,"0.343215,0.887303,0.812837,1.372512",,,0.338623,6.902792,0.379466,-0.074027
1551,450388,500.0,463.4,,1.651874884366989,532.1953585147858,97,,"0.343215,0.887303,0.812837,1.372512",,,0.338623,6.902792,0.379466,-0.074027
1552,450888,500.0,463.4,,1.5956559410691262,538.0340428352356,98,,"0.339240,0.884948,0.822672,1.381930",,,0.332087,6.988228,0.329515,0.350561
1553,451388,500.0,463.4,,1.5956559410691262,538.0340428352356,98,,"0.339240,0.884948,0.822672,1.381930",,,0.332087,6.988228,0.329515,0.350561
1554,451888,500.0,463.4,,1.5956559410691262,538.0340428352356,98,,"0.339240,0.884948,0.822672,1.381930",,,0.332087,6.988228,0.329515,0.350561
1555,452388,500.0,463.4,,1.5956559410691262,538.0340428352356,98,,"0.339240,0.884948,0.822672,1.381930",,,0.332087,6.988228,0.329515,0.350561
1556,452888,500.0,464.55,,1.5956559410691262,538.0340428352356,98,,"0.339240,0.884948,0.822672,1.381930",,,0.332087,6.988228,0.329515,0.350561
1557,453388,500.0,464.55,,1.5956559410691262,538.0350413322449,98,,"0.339240,0.884948,0.822672,1.381930",,,0.332087,6.988228,0.329515,0.350561
1558,453888,500.0,466.61,,1.5956559410691262,538.0350413322449,98,,"0.339240,0.884948,0.822672,1.381930",,,0.332087,6.988228,0.329515,0.350561
1559,454388,500.0,466.61,,1.5956559410691262,538.0350413322449,98,,"0.339240,0.884948,0.822672,1.381930",,,0.332087,6.988228,0.329515,0.350561
1560,454888,500.0,466.61,,1.5956559410691262,538.0350413322449,98,,"0.339240,0.884948,0.822672,1.381930",,,0.332087,6.988228,0.329515,0.350561
1561,455388,500.0,466.61,,1.5956559410691262,538.0350413322449,98,,"0.339240,0.884948,0.822672,1.381930",,,0.332087,6.988228,0.329515,0.350561
1562,455888,500.0,466.61,,1.5956559410691262,538.0350413322449,98,,"0.339240,0.884948,0.822672,1.381930",,,0.332087,6.988228,0.329515,0.350561
1563,456388,500.0,466.61,,1.5956559410691262,538.0350413322449,98,,"0.339240,0.884948,0.822672,1.381930",,,0.332087,6.988228,0.329515,0.350561
1564,456888,500.0,468.12,,1.5956559410691262,538.0350413322449,98,,"0.339240,0.884948,0.822672,1.381930",,,0.332087,6.988228,0.329515,0.350561
1565,457388,500.0,468.12,,1.5956559410691262,538.0350413322449,98,,"0.339240,0.884948,0.822672,1.381930",,,0.332087,6.988228,0.329515,0.350561
1566,457888,500.0,470.16,,1.5956559410691262,538.0350413322449,98,,"0.339240,0.884948,0.822672,1.381930",,,0.332087,6.988228,0.329515,0.350561
1567,458388,500.0,470.16,,1.5956559410691262,538.0350413322449,98,,"0.339240,0.884948,0.822672,1.381930",,,0.332087,6.988228,0.329515,0.350561
1568,458888,500.0,470.16,,1.5396468204259872,543.541312456131,99,,"0.334793,0.883208,0.834511,1.393127",,,0.326195,7.085541,0.293693,0.143641
1569,459388,500.0,470.16,,1.5396468204259872,543.541312456131,99,,"0.334793,0.883208,0.834511,1.393127",,,0.326195,7.085541,0.293693,0.143641
1570,459888,500.0,472.05,,1.5396468204259872,543.541312456131,99,,"0.334793,0.883208,0.834511,1.393127",,,0.326195,7.085541,0.293693,0.143641
1571,460388,500.0,472.05,,1.5396468204259872,543.541312456131,99,,"0.334793,0.883208,0.834511,1.393127",,,0.326195,7.085541,0.293693,0.143641
1572,460888,500.0,472.05,,1.5396468204259872,543.541312456131,99,,"0.334793,0.883208,0.834511,1.393127",,,0.326195,7.085541,0.293693,0.143641
1573,461388,500.0,472.05,,1.5396468204259872,543.541312456131,99,,"0.334793,0.883208,0.834511,1.393127",,,0.326195,7.085541,0.293693,0.143641
1574,461888,500.0,472.45,,1.5396468204259872,543.541312456131,99,,"0.334793,0.883208,0.834511,1.393127",,,0.326195,7.085541,0.293693,0.143641
1575,462388,500.0,472.45,,1.5396468204259872,543.5423047542572,99,,"0.334793,0.883208,0.834511,1.393127",,,0.326195,7.085541,0.293693,0.143641
1576,462888,500.0,472.45,,1.5396468204259872,543.5423047542572,99,,"0.334793,0.883208,0.834511,1.393127",,,0.326195,7.085541,0.293693,0.143641
1577,463388,500.0,472.77,,1.5396468204259872,543.5423047542572,99,,"0.334793,0.883208,0.834511,1.393127",,,0.326195,7.085541,0.293693,0.143641
1578,463888,500.0,473.58,,1.5396468204259872,543.5423047542572,99,,"0.334793,0.883208,0.834511,1.393127",,,0.326195,7.085541,0.293693,0.143641
1579,464388,500.0,473.58,,1.5396468204259872,543.5423047542572,99,,"0.334793,0.883208,0.834511,1.393127",,,0.326195,7.085541,0.293693,0.143641
1580,464888,500.0,473.82,,1.5396468204259872,543.5423047542572,99,,"0.334793,0.883208,0.834511,1.393127",,,0.326195,7.085541,0.293693,0.143641
1581,465388,500.0,473.82,,1.5396468204259872,543.5423047542572,99,,"0.334793,0.883208,0.834511,1.393127",,,0.326195,7.085541,0.293693,0.143641
1582,465888,500.0,476.0,,1.5396468204259872,543.5423047542572,99,,"0.334793,0.883208,0.834511,1.393127",,,0.326195,7.085541,0.293693,0.143641
