episode,total_env_steps,episode_reward,avg_reward_100,epsilon,mean_loss,wall_clock_s,grad_steps,w,lam,eval_mean_reward,eval_std_reward,entropy,beta,value_loss,explained_variance
0,12,12.0,12.0,,23.74675941467285,0.20747756958007812,1,,"1.009979,1.009998,0.990006,1.010000",,,0.683785,1.064363,47.498795,0.380525
1,27,15.0,13.5,,23.74675941467285,0.20747756958007812,1,,"1.009979,1.009998,0.990006,1.010000",,,0.683785,1.064363,47.498795,0.380525
2,45,18.0,15.0,,23.74675941467285,0.20747756958007812,1,,"1.009979,1.009998,0.990006,1.010000",,,0.683785,1.064363,47.498795,0.380525
3,59,14.0,14.75,,23.74675941467285,0.20747756958007812,1,,"1.009979,1.009998,0.990006,1.010000",,,0.683785,1.064363,47.498795,0.380525
4,74,15.0,14.8,,23.74675941467285,0.2096257209777832,1,,"1.009979,1.009998,0.990006,1.010000",,,0.683785,1.064363,47.498795,0.380525
5,114,40.0,19.0,,23.74675941467285,0.2096257209777832,1,,"1.009979,1.009998,0.990006,1.010000",,,0.683785,1.064363,47.498795,0.380525
6,139,25.0,19.857142857142858,,23.74675941467285,0.2096257209777832,1,,"1.009979,1.009998,0.990006,1.010000",,,0.683785,1.064363,47.498795,0.380525
7,164,25.0,20.5,,23.74675941467285,0.2096257209777832,1,,"1.009979,1.009998,0.990006,1.010000",,,0.683785,1.064363,47.498795,0.380525
8,176,12.0,19.555555555555557,,23.74675941467285,0.2096257209777832,1,,"1.009979,1.009998,0.990006,1.010000",,,0.683785,1.064363,47.498795,0.380525
9,185,9.0,18.5,,23.74675941467285,0.2096257209777832,1,,"1.009979,1.009998,0.990006,1.010000",,,0.683785,1.064363,47.498795,0.380525
10,206,21.0,18.727272727272727,,23.74675941467285,0.2096257209777832,1,,"1.009979,1.009998,0.990006,1.010000",,,0.683785,1.064363,47.498795,0.380525
11,243,37.0,20.25,,23.74675941467285,0.2096257209777832,1,,"1.009979,1.009998,0.990006,1.010000",,,0.683785,1.064363,47.498795,0.380525
12,271,28.0,20.846153846153847,,23.74675941467285,0.2096257209777832,1,,"1.009979,1.009998,0.990006,1.010000",,,0.683785,1.064363,47.498795,0.380525
13,291,20.0,20.785714285714285,,23.74675941467285,0.2096257209777832,1,,"1.009979,1.009998,0.990006,1.010000",,,0.683785,1.064363,47.498795,0.380525
14,307,16.0,20.466666666666665,,23.74675941467285,0.2096257209777832,1,,"1.009979,1.009998,0.990006,1.010000",,,0.683785,1.064363,47.498795,0.380525
15,337,30.0,21.0625,,23.74675941467285,0.2096257209777832,1,,"1.009979,1.009998,0.990006,1.010000",,,0.683785,1.064363,47.498795,0.380525
16,354,17.0,20.823529411764707,,24.273239135742188,0.40114593505859375,2,,"1.012507,1.003840,0.980156,1.018405",,,0.679281,1.129329,49.602551,0.465181
17,370,16.0,20.555555555555557,,24.273239135742188,0.40114593505859375,2,,"1.012507,1.003840,0.980156,1.018405",,,0.679281,1.129329,49.602551,0.465181
18,393,23.0,20.68421052631579,,24.273239135742188,0.40114593505859375,2,,"1.012507,1.003840,0.980156,1.018405",,,0.679281,1.129329,49.602551,0.465181
19,411,18.0,20.55,,24.273239135742188,0.40114593505859375,2,,"1.012507,1.003840,0.980156,1.018405",,,0.679281,1.129329,49.602551,0.465181
20,440,29.0,20.952380952380953,,24.273239135742188,0.40114593505859375,2,,"1.012507,1.003840,0.980156,1.018405",,,0.679281,1.129329,49.602551,0.465181
21,466,26.0,21.181818181818183,,24.273239135742188,0.40114593505859375,2,,"1.012507,1.003840,0.980156,1.018405",,,0.679281,1.129329,49.602551,0.465181
22,478,12.0,20.782608695652176,,24.273239135742188,0.40114593505859375,2,,"1.012507,1.003840,0.980156,1.018405",,,0.679281,1.129329,49.602551,0.465181
23,491,13.0,20.458333333333332,,24.273239135742188,0.40114593505859375,2,,"1.012507,1.003840,0.980156,1.018405",,,0.679281,1.129329,49.602551,0.465181
24,512,21.0,20.48,,24.273239135742188,0.40114593505859375,2,,"1.012507,1.003840,0.980156,1.018405",,,0.679281,1.129329,49.602551,0.465181
25,525,13.0,20.192307692307693,,24.273239135742188,0.40114593505859375,2,,"1.012507,1.003840,0.980156,1.018405",,,0.679281,1.129329,49.602551,0.465181
26,538,13.0,19.925925925925927,,24.273239135742188,0.40114593505859375,2,,"1.012507,1.003840,0.980156,1.018405",,,0.679281,1.129329,49.602551,0.465181
27,560,22.0,20.0,,24.273239135742188,0.40114593505859375,2,,"1.012507,1.003840,0.980156,1.018405",,,0.679281,1.129329,49.602551,0.465181
28,600,40.0,20.689655172413794,,24.273239135742188,0.4021437168121338,2,,"1.012507,1.003840,0.980156,1.018405",,,0.679281,1.129329,49.602551,0.465181
29,611,11.0,20.366666666666667,,24.273239135742188,0.4021437168121338,2,,"1.012507,1.003840,0.980156,1.018405",,,0.679281,1.129329,49.602551,0.465181
30,626,15.0,20.193548387096776,,24.273239135742188,0.4021437168121338,2,,"1.012507,1.003840,0.980156,1.018405",,,0.679281,1.129329,49.602551,0.465181
31,636,10.0,19.875,,24.273239135742188,0.4021437168121338,2,,"1.012507,1.003840,0.980156,1.018405",,,0.679281,1.129329,49.602551,0.465181
32,646,10.0,19.575757575757574,,24.97807248433431,0.5532450675964355,3,,"1.009077,0.995873,0.972546,1.019746",,,0.675788,1.179644,52.774372,0.416552
33,665,19.0,19.558823529411764,,24.97807248433431,0.5532450675964355,3,,"1.009077,0.995873,0.972546,1.019746",,,0.675788,1.179644,52.774372,0.416552
34,674,9.0,19.257142857142856,,24.97807248433431,0.5532450675964355,3,,"1.009077,0.995873,0.972546,1.019746",,,0.675788,1.179644,52.774372,0.416552
35,684,10.0,19.0,,24.97807248433431,0.5532450675964355,3,,"1.009077,0.995873,0.972546,1.019746",,,0.675788,1.179644,52.774372,0.416552
36,710,26.0,19.18918918918919,,24.97807248433431,0.5532450675964355,3,,"1.009077,0.995873,0.972546,1.019746",,,0.675788,1.179644,52.774372,0.416552
37,725,15.0,19.07894736842105,,24.97807248433431,0.5532450675964355,3,,"1.009077,0.995873,0.972546,1.019746",,,0.675788,1.179644,52.774372,0.416552
38,740,15.0,18.974358974358974,,24.97807248433431,0.5532450675964355,3,,"1.009077,0.995873,0.972546,1.019746",,,0.675788,1.179644,52.774372,0.416552
39,751,11.0,18.775,,24.97807248433431,0.5542590618133545,3,,"1.009077,0.995873,0.972546,1.019746",,,0.675788,1.179644,52.774372,0.416552
40,766,15.0,18.682926829268293,,24.97807248433431,0.5542590618133545,3,,"1.009077,0.995873,0.972546,1.019746",,,0.675788,1.179644,52.774372,0.416552
41,782,16.0,18.61904761904762,,24.97807248433431,0.5542590618133545,3,,"1.009077,0.995873,0.972546,1.019746",,,0.675788,1.179644,52.774372,0.416552
42,793,11.0,18.441860465116278,,24.97807248433431,0.5542590618133545,3,,"1.009077,0.995873,0.972546,1.019746",,,0.675788,1.179644,52.774372,0.416552
43,821,28.0,18.65909090909091,,24.97807248433431,0.5542590618133545,3,,"1.009077,0.995873,0.972546,1.019746",,,0.675788,1.179644,52.774372,0.416552
44,842,21.0,18.711111111111112,,24.97807248433431,0.5542590618133545,3,,"1.009077,0.995873,0.972546,1.019746",,,0.675788,1.179644,52.774372,0.416552
45,853,11.0,18.543478260869566,,24.97807248433431,0.5542590618133545,3,,"1.009077,0.995873,0.972546,1.019746",,,0.675788,1.179644,52.774372,0.416552
46,867,14.0,18.4468085106383,,24.97807248433431,0.5542590618133545,3,,"1.009077,0.995873,0.972546,1.019746",,,0.675788,1.179644,52.774372,0.416552
47,885,18.0,18.4375,,24.97807248433431,0.5542590618133545,3,,"1.009077,0.995873,0.972546,1.019746",,,0.675788,1.179644,52.774372,0.416552
48,899,14.0,18.346938775510203,,24.735048294067383,0.7364776134490967,4,,"1.002800,0.987589,0.970346,1.015296",,,0.677181,1.186174,47.995819,0.426716
49,930,31.0,18.6,,24.735048294067383,0.7364776134490967,4,,"1.002800,0.987589,0.970346,1.015296",19.6,7.255342858886822,0.677181,1.186174,47.995819,0.426716
50,955,25.0,18.725490196078432,,24.735048294067383,0.7364776134490967,4,,"1.002800,0.987589,0.970346,1.015296",,,0.677181,1.186174,47.995819,0.426716
51,974,19.0,18.73076923076923,,24.735048294067383,0.7364776134490967,4,,"1.002800,0.987589,0.970346,1.015296",,,0.677181,1.186174,47.995819,0.426716
52,998,24.0,18.830188679245282,,24.735048294067383,0.7364776134490967,4,,"1.002800,0.987589,0.970346,1.015296",,,0.677181,1.186174,47.995819,0.426716
53,1015,17.0,18.796296296296298,,24.735048294067383,0.7364776134490967,4,,"1.002800,0.987589,0.970346,1.015296",,,0.677181,1.186174,47.995819,0.426716
54,1026,11.0,18.654545454545456,,24.735048294067383,0.7364776134490967,4,,"1.002800,0.987589,0.970346,1.015296",,,0.677181,1.186174,47.995819,0.426716
55,1037,11.0,18.517857142857142,,24.735048294067383,0.7364776134490967,4,,"1.002800,0.987589,0.970346,1.015296",,,0.677181,1.186174,47.995819,0.426716
56,1057,20.0,18.54385964912281,,24.735048294067383,0.7364776134490967,4,,"1.002800,0.987589,0.970346,1.015296",,,0.677181,1.186174,47.995819,0.426716
57,1077,20.0,18.56896551724138,,24.735048294067383,0.7364776134490967,4,,"1.002800,0.987589,0.970346,1.015296",,,0.677181,1.186174,47.995819,0.426716
58,1101,24.0,18.661016949152543,,24.735048294067383,0.7364776134490967,4,,"1.002800,0.987589,0.970346,1.015296",,,0.677181,1.186174,47.995819,0.426716
59,1110,9.0,18.5,,24.735048294067383,0.7364776134490967,4,,"1.002800,0.987589,0.970346,1.015296",,,0.677181,1.186174,47.995819,0.426716
60,1132,22.0,18.557377049180328,,24.735048294067383,0.7364776134490967,4,,"1.002800,0.987589,0.970346,1.015296",,,0.677181,1.186174,47.995819,0.426716
61,1155,23.0,18.629032258064516,,24.735048294067383,0.7364776134490967,4,,"1.002800,0.987589,0.970346,1.015296",,,0.677181,1.186174,47.995819,0.426716
62,1173,18.0,18.61904761904762,,24.735048294067383,0.7364776134490967,4,,"1.002800,0.987589,0.970346,1.015296",,,0.677181,1.186174,47.995819,0.426716
63,1203,30.0,18.796875,,24.735048294067383,0.7364776134490967,4,,"1.002800,0.987589,0.970346,1.015296",,,0.677181,1.186174,47.995819,0.426716
64,1235,32.0,19.0,,23.865742492675782,0.9611711502075195,5,,"0.999549,0.978853,0.968455,1.016016",,,0.680934,1.218009,40.794186,0.290449
65,1254,19.0,19.0,,23.865742492675782,0.9611711502075195,5,,"0.999549,0.978853,0.968455,1.016016",,,0.680934,1.218009,40.794186,0.290449
66,1278,24.0,19.074626865671643,,23.865742492675782,0.9611711502075195,5,,"0.999549,0.978853,0.968455,1.016016",,,0.680934,1.218009,40.794186,0.290449
67,1290,12.0,18.970588235294116,,23.865742492675782,0.9611711502075195,5,,"0.999549,0.978853,0.968455,1.016016",,,0.680934,1.218009,40.794186,0.290449
68,1312,22.0,19.014492753623188,,23.865742492675782,0.9622187614440918,5,,"0.999549,0.978853,0.968455,1.016016",,,0.680934,1.218009,40.794186,0.290449
69,1326,14.0,18.942857142857143,,23.865742492675782,0.9622187614440918,5,,"0.999549,0.978853,0.968455,1.016016",,,0.680934,1.218009,40.794186,0.290449
70,1336,10.0,18.816901408450704,,23.865742492675782,0.9622187614440918,5,,"0.999549,0.978853,0.968455,1.016016",,,0.680934,1.218009,40.794186,0.290449
71,1355,19.0,18.819444444444443,,23.865742492675782,0.9622187614440918,5,,"0.999549,0.978853,0.968455,1.016016",,,0.680934,1.218009,40.794186,0.290449
72,1366,11.0,18.71232876712329,,23.865742492675782,0.9622187614440918,5,,"0.999549,0.978853,0.968455,1.016016",,,0.680934,1.218009,40.794186,0.290449
73,1387,21.0,18.743243243243242,,23.865742492675782,0.9622187614440918,5,,"0.999549,0.978853,0.968455,1.016016",,,0.680934,1.218009,40.794186,0.290449
74,1406,19.0,18.746666666666666,,23.865742492675782,0.9622187614440918,5,,"0.999549,0.978853,0.968455,1.016016",,,0.680934,1.218009,40.794186,0.290449
75,1428,22.0,18.789473684210527,,23.865742492675782,0.9622187614440918,5,,"0.999549,0.978853,0.968455,1.016016",,,0.680934,1.218009,40.794186,0.290449
76,1439,11.0,18.68831168831169,,23.865742492675782,0.9622187614440918,5,,"0.999549,0.978853,0.968455,1.016016",,,0.680934,1.218009,40.794186,0.290449
77,1482,43.0,19.0,,23.865742492675782,0.9622187614440918,5,,"0.999549,0.978853,0.968455,1.016016",,,0.680934,1.218009,40.794186,0.290449
78,1548,66.0,19.59493670886076,,23.865742492675782,0.9622187614440918,5,,"0.999549,0.978853,0.968455,1.016016",,,0.680934,1.218009,40.794186,0.290449
79,1591,43.0,19.8875,,23.865742492675782,0.9622187614440918,5,,"0.999549,0.978853,0.968455,1.016016",,,0.680934,1.218009,40.794186,0.290449
80,1623,32.0,20.037037037037038,,23.476836522420246,1.1684274673461914,6,,"0.994059,0.972528,0.968780,1.018250",,,0.677363,1.264022,43.093319,0.418868
81,1638,15.0,19.975609756097562,,23.476836522420246,1.1684274673461914,6,,"0.994059,0.972528,0.968780,1.018250",,,0.677363,1.264022,43.093319,0.418868
82,1663,25.0,20.03614457831325,,23.476836522420246,1.1694309711456299,6,,"0.994059,0.972528,0.968780,1.018250",,,0.677363,1.264022,43.093319,0.418868
83,1677,14.0,19.964285714285715,,23.476836522420246,1.1694309711456299,6,,"0.994059,0.972528,0.968780,1.018250",,,0.677363,1.264022,43.093319,0.418868
84,1694,17.0,19.929411764705883,,23.476836522420246,1.1694309711456299,6,,"0.994059,0.972528,0.968780,1.018250",,,0.677363,1.264022,43.093319,0.418868
85,1716,22.0,19.953488372093023,,23.476836522420246,1.1694309711456299,6,,"0.994059,0.972528,0.968780,1.018250",,,0.677363,1.264022,43.093319,0.418868
86,1729,13.0,19.873563218390803,,23.476836522420246,1.1694309711456299,6,,"0.994059,0.972528,0.968780,1.018250",,,0.677363,1.264022,43.093319,0.418868
87,1746,17.0,19.84090909090909,,23.476836522420246,1.1694309711456299,6,,"0.994059,0.972528,0.968780,1.018250",,,0.677363,1.264022,43.093319,0.418868
88,1774,28.0,19.93258426966292,,23.476836522420246,1.1694309711456299,6,,"0.994059,0.972528,0.968780,1.018250",,,0.677363,1.264022,43.093319,0.418868
89,1794,20.0,19.933333333333334,,23.476836522420246,1.1694309711456299,6,,"0.994059,0.972528,0.968780,1.018250",,,0.677363,1.264022,43.093319,0.418868
90,1831,37.0,20.12087912087912,,23.476836522420246,1.1694309711456299,6,,"0.994059,0.972528,0.968780,1.018250",,,0.677363,1.264022,43.093319,0.418868
91,1848,17.0,20.08695652173913,,23.476836522420246,1.1694309711456299,6,,"0.994059,0.972528,0.968780,1.018250",,,0.677363,1.264022,43.093319,0.418868
92,1865,17.0,20.053763440860216,,23.476836522420246,1.1694309711456299,6,,"0.994059,0.972528,0.968780,1.018250",,,0.677363,1.264022,43.093319,0.418868
93,1881,16.0,20.01063829787234,,23.476836522420246,1.1694309711456299,6,,"0.994059,0.972528,0.968780,1.018250",,,0.677363,1.264022,43.093319,0.418868
94,1935,54.0,20.36842105263158,,23.476836522420246,1.1694309711456299,6,,"0.994059,0.972528,0.968780,1.018250",,,0.677363,1.264022,43.093319,0.418868
95,1968,33.0,20.5,,23.476836522420246,1.1694309711456299,6,,"0.994059,0.972528,0.968780,1.018250",,,0.677363,1.264022,43.093319,0.418868
96,1987,19.0,20.484536082474225,,22.56860406058175,1.484907627105713,7,,"0.987089,0.965496,0.970364,1.021999",,,0.680945,1.316076,34.256741,0.282344
97,2038,51.0,20.79591836734694,,22.56860406058175,1.484907627105713,7,,"0.987089,0.965496,0.970364,1.021999",,,0.680945,1.316076,34.256741,0.282344
98,2052,14.0,20.727272727272727,,22.56860406058175,1.484907627105713,7,,"0.987089,0.965496,0.970364,1.021999",,,0.680945,1.316076,34.256741,0.282344
99,2064,12.0,20.64,,22.56860406058175,1.4859068393707275,7,,"0.987089,0.965496,0.970364,1.021999",42.6,9.2,0.680945,1.316076,34.256741,0.282344
100,2094,30.0,20.82,,22.56860406058175,1.4859068393707275,7,,"0.987089,0.965496,0.970364,1.021999",,,0.680945,1.316076,34.256741,0.282344
101,2157,63.0,21.3,,22.56860406058175,1.4859068393707275,7,,"0.987089,0.965496,0.970364,1.021999",,,0.680945,1.316076,34.256741,0.282344
102,2190,33.0,21.45,,22.56860406058175,1.4859068393707275,7,,"0.987089,0.965496,0.970364,1.021999",,,0.680945,1.316076,34.256741,0.282344
103,2238,48.0,21.79,,22.56860406058175,1.4859068393707275,7,,"0.987089,0.965496,0.970364,1.021999",,,0.680945,1.316076,34.256741,0.282344
104,2262,24.0,21.88,,22.56860406058175,1.4859068393707275,7,,"0.987089,0.965496,0.970364,1.021999",,,0.680945,1.316076,34.256741,0.282344
105,2272,10.0,21.58,,22.56860406058175,1.4859068393707275,7,,"0.987089,0.965496,0.970364,1.021999",,,0.680945,1.316076,34.256741,0.282344
106,2282,10.0,21.43,,22.56860406058175,1.4859068393707275,7,,"0.987089,0.965496,0.970364,1.021999",,,0.680945,1.316076,34.256741,0.282344
107,2317,35.0,21.53,,22.56860406058175,1.4859068393707275,7,,"0.987089,0.965496,0.970364,1.021999",,,0.680945,1.316076,34.256741,0.282344
108,2340,23.0,21.64,,22.56860406058175,1.4869318008422852,7,,"0.987089,0.965496,0.970364,1.021999",,,0.680945,1.316076,34.256741,0.282344
109,2407,67.0,22.22,,22.56860406058175,1.4869318008422852,7,,"0.987089,0.965496,0.970364,1.021999",,,0.680945,1.316076,34.256741,0.282344
110,2434,27.0,22.28,,22.56860406058175,1.4869318008422852,7,,"0.987089,0.965496,0.970364,1.021999",,,0.680945,1.316076,34.256741,0.282344
111,2468,34.0,22.25,,22.56860406058175,1.4869318008422852,7,,"0.987089,0.965496,0.970364,1.021999",,,0.680945,1.316076,34.256741,0.282344
112,2489,21.0,22.18,,22.461345434188843,1.6771149635314941,8,,"0.979301,0.958076,0.973911,1.023030",,,0.680413,1.364111,43.422455,0.371132
113,2508,19.0,22.17,,22.461345434188843,1.6771149635314941,8,,"0.979301,0.958076,0.973911,1.023030",,,0.680413,1.364111,43.422455,0.371132
114,2522,14.0,22.15,,22.461345434188843,1.6771149635314941,8,,"0.979301,0.958076,0.973911,1.023030",,,0.680413,1.364111,43.422455,0.371132
115,2538,16.0,22.01,,22.461345434188843,1.6771149635314941,8,,"0.979301,0.958076,0.973911,1.023030",,,0.680413,1.364111,43.422455,0.371132
116,2568,30.0,22.14,,22.461345434188843,1.6771149635314941,8,,"0.979301,0.958076,0.973911,1.023030",,,0.680413,1.364111,43.422455,0.371132
117,2594,26.0,22.24,,22.461345434188843,1.6780741214752197,8,,"0.979301,0.958076,0.973911,1.023030",,,0.680413,1.364111,43.422455,0.371132
118,2609,15.0,22.16,,22.461345434188843,1.6780741214752197,8,,"0.979301,0.958076,0.973911,1.023030",,,0.680413,1.364111,43.422455,0.371132
119,2642,33.0,22.31,,22.461345434188843,1.6780741214752197,8,,"0.979301,0.958076,0.973911,1.023030",,,0.680413,1.364111,43.422455,0.371132
120,2669,27.0,22.29,,22.461345434188843,1.6780741214752197,8,,"0.979301,0.958076,0.973911,1.023030",,,0.680413,1.364111,43.422455,0.371132
121,2688,19.0,22.22,,22.461345434188843,1.6780741214752197,8,,"0.979301,0.958076,0.973911,1.023030",,,0.680413,1.364111,43.422455,0.371132
122,2704,16.0,22.26,,22.461345434188843,1.6780741214752197,8,,"0.979301,0.958076,0.973911,1.023030",,,0.680413,1.364111,43.422455,0.371132
123,2718,14.0,22.27,,22.461345434188843,1.6780741214752197,8,,"0.979301,0.958076,0.973911,1.023030",,,0.680413,1.364111,43.422455,0.371132
124,2738,20.0,22.26,,22.461345434188843,1.6780741214752197,8,,"0.979301,0.958076,0.973911,1.023030",,,0.680413,1.364111,43.422455,0.371132
125,2785,47.0,22.6,,22.461345434188843,1.6780741214752197,8,,"0.979301,0.958076,0.973911,1.023030",,,0.680413,1.364111,43.422455,0.371132
126,2816,31.0,22.78,,22.461345434188843,1.6780741214752197,8,,"0.979301,0.958076,0.973911,1.023030",,,0.680413,1.364111,43.422455,0.371132
127,2828,12.0,22.68,,22.461345434188843,1.6780741214752197,8,,"0.979301,0.958076,0.973911,1.023030",,,0.680413,1.364111,43.422455,0.371132
128,2903,75.0,23.03,,22.127247704399956,1.9545118808746338,9,,"0.970839,0.950208,0.978995,1.025257",,,0.679399,1.418339,38.939758,0.290564
129,2923,20.0,23.12,,22.127247704399956,1.9545118808746338,9,,"0.970839,0.950208,0.978995,1.025257",,,0.679399,1.418339,38.939758,0.290564
130,2939,16.0,23.13,,22.127247704399956,1.9545118808746338,9,,"0.970839,0.950208,0.978995,1.025257",,,0.679399,1.418339,38.939758,0.290564
131,2963,24.0,23.27,,22.127247704399956,1.9545118808746338,9,,"0.970839,0.950208,0.978995,1.025257",,,0.679399,1.418339,38.939758,0.290564
132,2983,20.0,23.37,,22.127247704399956,1.9545118808746338,9,,"0.970839,0.950208,0.978995,1.025257",,,0.679399,1.418339,38.939758,0.290564
133,3000,17.0,23.35,,22.127247704399956,1.9545118808746338,9,,"0.970839,0.950208,0.978995,1.025257",,,0.679399,1.418339,38.939758,0.290564
134,3025,25.0,23.51,,22.127247704399956,1.9545118808746338,9,,"0.970839,0.950208,0.978995,1.025257",,,0.679399,1.418339,38.939758,0.290564
135,3065,40.0,23.81,,22.127247704399956,1.9545118808746338,9,,"0.970839,0.950208,0.978995,1.025257",,,0.679399,1.418339,38.939758,0.290564
136,3091,26.0,23.81,,22.127247704399956,1.9545118808746338,9,,"0.970839,0.950208,0.978995,1.025257",,,0.679399,1.418339,38.939758,0.290564
137,3114,23.0,23.89,,22.127247704399956,1.9545118808746338,9,,"0.970839,0.950208,0.978995,1.025257",,,0.679399,1.418339,38.939758,0.290564
138,3125,11.0,23.85,,22.127247704399956,1.9545118808746338,9,,"0.970839,0.950208,0.978995,1.025257",,,0.679399,1.418339,38.939758,0.290564
139,3139,14.0,23.88,,22.127247704399956,1.9545118808746338,9,,"0.970839,0.950208,0.978995,1.025257",,,0.679399,1.418339,38.939758,0.290564
140,3157,18.0,23.91,,22.127247704399956,1.9545118808746338,9,,"0.970839,0.950208,0.978995,1.025257",,,0.679399,1.418339,38.939758,0.290564
141,3172,15.0,23.9,,22.127247704399956,1.9545118808746338,9,,"0.970839,0.950208,0.978995,1.025257",,,0.679399,1.418339,38.939758,0.290564
142,3206,34.0,24.13,,22.127247704399956,1.9545118808746338,9,,"0.970839,0.950208,0.978995,1.025257",,,0.679399,1.418339,38.939758,0.290564
143,3218,12.0,23.97,,22.127247704399956,1.9545118808746338,9,,"0.970839,0.950208,0.978995,1.025257",,,0.679399,1.418339,38.939758,0.290564
144,3264,46.0,24.22,,21.70580463409424,2.2062463760375977,10,,"0.961892,0.943040,0.985386,1.027602",,,0.677543,1.477538,35.854454,0.379567
145,3313,49.0,24.6,,21.70580463409424,2.207225799560547,10,,"0.961892,0.943040,0.985386,1.027602",,,0.677543,1.477538,35.854454,0.379567
146,3347,34.0,24.8,,21.70580463409424,2.207225799560547,10,,"0.961892,0.943040,0.985386,1.027602",,,0.677543,1.477538,35.854454,0.379567
147,3363,16.0,24.78,,21.70580463409424,2.207225799560547,10,,"0.961892,0.943040,0.985386,1.027602",,,0.677543,1.477538,35.854454,0.379567
148,3379,16.0,24.8,,21.70580463409424,2.2077460289001465,10,,"0.961892,0.943040,0.985386,1.027602",,,0.677543,1.477538,35.854454,0.379567
149,3399,20.0,24.69,,21.70580463409424,2.2077460289001465,10,,"0.961892,0.943040,0.985386,1.027602",42.8,7.833262411026456,0.677543,1.477538,35.854454,0.379567
150,3419,20.0,24.64,,21.70580463409424,2.2077460289001465,10,,"0.961892,0.943040,0.985386,1.027602",,,0.677543,1.477538,35.854454,0.379567
151,3433,14.0,24.59,,21.70580463409424,2.2077460289001465,10,,"0.961892,0.943040,0.985386,1.027602",,,0.677543,1.477538,35.854454,0.379567
152,3483,50.0,24.85,,21.70580463409424,2.2077460289001465,10,,"0.961892,0.943040,0.985386,1.027602",,,0.677543,1.477538,35.854454,0.379567
153,3498,15.0,24.83,,21.70580463409424,2.2077460289001465,10,,"0.961892,0.943040,0.985386,1.027602",,,0.677543,1.477538,35.854454,0.379567
154,3513,15.0,24.87,,21.70580463409424,2.2077460289001465,10,,"0.961892,0.943040,0.985386,1.027602",,,0.677543,1.477538,35.854454,0.379567
155,3541,28.0,25.04,,21.70580463409424,2.2077460289001465,10,,"0.961892,0.943040,0.985386,1.027602",,,0.677543,1.477538,35.854454,0.379567
156,3557,16.0,25.0,,21.70580463409424,2.2077460289001465,10,,"0.961892,0.943040,0.985386,1.027602",,,0.677543,1.477538,35.854454,0.379567
157,3597,40.0,25.2,,21.70580463409424,2.2077460289001465,10,,"0.961892,0.943040,0.985386,1.027602",,,0.677543,1.477538,35.854454,0.379567
158,3618,21.0,25.17,,21.70580463409424,2.2077460289001465,10,,"0.961892,0.943040,0.985386,1.027602",,,0.677543,1.477538,35.854454,0.379567
159,3672,54.0,25.62,,21.70580463409424,2.2077460289001465,10,,"0.961892,0.943040,0.985386,1.027602",,,0.677543,1.477538,35.854454,0.379567
160,3703,31.0,25.71,,21.390017769553445,2.442190170288086,11,,"0.953462,0.936739,0.988764,1.031497",,,0.672772,1.543315,36.525787,0.399426
161,3723,20.0,25.68,,21.390017769553445,2.442190170288086,11,,"0.953462,0.936739,0.988764,1.031497",,,0.672772,1.543315,36.525787,0.399426
162,3768,45.0,25.95,,21.390017769553445,2.442190170288086,11,,"0.953462,0.936739,0.988764,1.031497",,,0.672772,1.543315,36.525787,0.399426
163,3784,16.0,25.81,,21.390017769553445,2.442190170288086,11,,"0.953462,0.936739,0.988764,1.031497",,,0.672772,1.543315,36.525787,0.399426
164,3823,39.0,25.88,,21.390017769553445,2.442190170288086,11,,"0.953462,0.936739,0.988764,1.031497",,,0.672772,1.543315,36.525787,0.399426
165,3842,19.0,25.88,,21.390017769553445,2.442190170288086,11,,"0.953462,0.936739,0.988764,1.031497",,,0.672772,1.543315,36.525787,0.399426
166,3889,47.0,26.11,,21.390017769553445,2.442190170288086,11,,"0.953462,0.936739,0.988764,1.031497",,,0.672772,1.543315,36.525787,0.399426
167,3918,29.0,26.28,,21.390017769553445,2.442190170288086,11,,"0.953462,0.936739,0.988764,1.031497",,,0.672772,1.543315,36.525787,0.399426
168,3959,41.0,26.47,,21.390017769553445,2.442190170288086,11,,"0.953462,0.936739,0.988764,1.031497",,,0.672772,1.543315,36.525787,0.399426
169,3987,28.0,26.61,,21.390017769553445,2.442190170288086,11,,"0.953462,0.936739,0.988764,1.031497",,,0.672772,1.543315,36.525787,0.399426
170,4009,22.0,26.73,,21.390017769553445,2.442190170288086,11,,"0.953462,0.936739,0.988764,1.031497",,,0.672772,1.543315,36.525787,0.399426
171,4043,34.0,26.88,,21.390017769553445,2.442190170288086,11,,"0.953462,0.936739,0.988764,1.031497",,,0.672772,1.543315,36.525787,0.399426
172,4056,13.0,26.9,,21.390017769553445,2.442190170288086,11,,"0.953462,0.936739,0.988764,1.031497",,,0.672772,1.543315,36.525787,0.399426
173,4074,18.0,26.87,,21.390017769553445,2.442190170288086,11,,"0.953462,0.936739,0.988764,1.031497",,,0.672772,1.543315,36.525787,0.399426
174,4101,27.0,26.95,,21.390017769553445,2.442190170288086,11,,"0.953462,0.936739,0.988764,1.031497",,,0.672772,1.543315,36.525787,0.399426
175,4130,29.0,27.02,,21.390017769553445,2.442190170288086,11,,"0.953462,0.936739,0.988764,1.031497",,,0.672772,1.543315,36.525787,0.399426
176,4157,27.0,27.18,,20.835526545842487,2.830188274383545,12,,"0.944506,0.929992,0.993799,1.034854",,,0.675960,1.609175,29.502394,0.367059
177,4242,85.0,27.6,,20.835526545842487,2.830188274383545,12,,"0.944506,0.929992,0.993799,1.034854",,,0.675960,1.609175,29.502394,0.367059
178,4268,26.0,27.2,,20.835526545842487,2.830188274383545,12,,"0.944506,0.929992,0.993799,1.034854",,,0.675960,1.609175,29.502394,0.367059
179,4279,11.0,26.88,,20.835526545842487,2.830188274383545,12,,"0.944506,0.929992,0.993799,1.034854",,,0.675960,1.609175,29.502394,0.367059
180,4343,64.0,27.2,,20.835526545842487,2.830188274383545,12,,"0.944506,0.929992,0.993799,1.034854",,,0.675960,1.609175,29.502394,0.367059
181,4367,24.0,27.29,,20.835526545842487,2.830188274383545,12,,"0.944506,0.929992,0.993799,1.034854",,,0.675960,1.609175,29.502394,0.367059
182,4386,19.0,27.23,,20.835526545842487,2.830188274383545,12,,"0.944506,0.929992,0.993799,1.034854",,,0.675960,1.609175,29.502394,0.367059
183,4437,51.0,27.6,,20.835526545842487,2.830188274383545,12,,"0.944506,0.929992,0.993799,1.034854",,,0.675960,1.609175,29.502394,0.367059
184,4459,22.0,27.65,,20.835526545842487,2.830188274383545,12,,"0.944506,0.929992,0.993799,1.034854",,,0.675960,1.609175,29.502394,0.367059
185,4471,12.0,27.55,,20.835526545842487,2.830188274383545,12,,"0.944506,0.929992,0.993799,1.034854",,,0.675960,1.609175,29.502394,0.367059
186,4537,66.0,28.08,,20.835526545842487,2.830188274383545,12,,"0.944506,0.929992,0.993799,1.034854",,,0.675960,1.609175,29.502394,0.367059
187,4557,20.0,28.11,,20.835526545842487,2.830188274383545,12,,"0.944506,0.929992,0.993799,1.034854",,,0.675960,1.609175,29.502394,0.367059
188,4600,43.0,28.26,,20.835526545842487,2.830188274383545,12,,"0.944506,0.929992,0.993799,1.034854",,,0.675960,1.609175,29.502394,0.367059
189,4618,18.0,28.24,,20.835526545842487,2.830188274383545,12,,"0.944506,0.929992,0.993799,1.034854",,,0.675960,1.609175,29.502394,0.367059
190,4661,43.0,28.3,,20.835526545842487,2.830188274383545,12,,"0.944506,0.929992,0.993799,1.034854",,,0.675960,1.609175,29.502394,0.367059
191,4673,12.0,28.25,,20.835526545842487,2.830188274383545,12,,"0.944506,0.929992,0.993799,1.034854",,,0.675960,1.609175,29.502394,0.367059
192,4693,20.0,28.28,,20.620293617248535,3.1210291385650635,13,,"0.940290,0.922979,1.000158,1.035790",,,0.674259,1.672092,36.101917,0.341191
193,4736,43.0,28.55,,20.620293617248535,3.1210291385650635,13,,"0.940290,0.922979,1.000158,1.035790",,,0.674259,1.672092,36.101917,0.341191
194,4774,38.0,28.39,,20.620293617248535,3.1210291385650635,13,,"0.940290,0.922979,1.000158,1.035790",,,0.674259,1.672092,36.101917,0.341191
195,4834,60.0,28.66,,20.620293617248535,3.1210291385650635,13,,"0.940290,0.922979,1.000158,1.035790",,,0.674259,1.672092,36.101917,0.341191
196,4847,13.0,28.6,,20.620293617248535,3.1210291385650635,13,,"0.940290,0.922979,1.000158,1.035790",,,0.674259,1.672092,36.101917,0.341191
197,4861,14.0,28.23,,20.620293617248535,3.1210291385650635,13,,"0.940290,0.922979,1.000158,1.035790",,,0.674259,1.672092,36.101917,0.341191
198,4890,29.0,28.38,,20.620293617248535,3.1210291385650635,13,,"0.940290,0.922979,1.000158,1.035790",,,0.674259,1.672092,36.101917,0.341191
199,4902,12.0,28.38,,20.620293617248535,3.1210291385650635,13,,"0.940290,0.922979,1.000158,1.035790",45.2,7.652450587883597,0.674259,1.672092,36.101917,0.341191
200,4919,17.0,28.25,,20.620293617248535,3.1210291385650635,13,,"0.940290,0.922979,1.000158,1.035790",,,0.674259,1.672092,36.101917,0.341191
201,4939,20.0,27.82,,20.620293617248535,3.1220579147338867,13,,"0.940290,0.922979,1.000158,1.035790",,,0.674259,1.672092,36.101917,0.341191
202,4956,17.0,27.66,,20.620293617248535,3.1220579147338867,13,,"0.940290,0.922979,1.000158,1.035790",,,0.674259,1.672092,36.101917,0.341191
203,4977,21.0,27.39,,20.620293617248535,3.1220579147338867,13,,"0.940290,0.922979,1.000158,1.035790",,,0.674259,1.672092,36.101917,0.341191
204,4996,19.0,27.34,,20.620293617248535,3.1220579147338867,13,,"0.940290,0.922979,1.000158,1.035790",,,0.674259,1.672092,36.101917,0.341191
205,5011,15.0,27.39,,20.620293617248535,3.1220579147338867,13,,"0.940290,0.922979,1.000158,1.035790",,,0.674259,1.672092,36.101917,0.341191
206,5061,50.0,27.79,,20.620293617248535,3.1220579147338867,13,,"0.940290,0.922979,1.000158,1.035790",,,0.674259,1.672092,36.101917,0.341191
207,5088,27.0,27.71,,20.620293617248535,3.1220579147338867,13,,"0.940290,0.922979,1.000158,1.035790",,,0.674259,1.672092,36.101917,0.341191
208,5105,17.0,27.65,,20.273339544023788,3.4708895683288574,14,,"0.934600,0.916072,1.006894,1.037444",,,0.665985,1.740095,31.578505,0.323402
209,5139,34.0,27.32,,20.273339544023788,3.471891403198242,14,,"0.934600,0.916072,1.006894,1.037444",,,0.665985,1.740095,31.578505,0.323402
210,5164,25.0,27.3,,20.273339544023788,3.471891403198242,14,,"0.934600,0.916072,1.006894,1.037444",,,0.665985,1.740095,31.578505,0.323402
211,5179,15.0,27.11,,20.273339544023788,3.471891403198242,14,,"0.934600,0.916072,1.006894,1.037444",,,0.665985,1.740095,31.578505,0.323402
212,5205,26.0,27.16,,20.273339544023788,3.471891403198242,14,,"0.934600,0.916072,1.006894,1.037444",,,0.665985,1.740095,31.578505,0.323402
213,5269,64.0,27.61,,20.273339544023788,3.471891403198242,14,,"0.934600,0.916072,1.006894,1.037444",,,0.665985,1.740095,31.578505,0.323402
214,5302,33.0,27.8,,20.273339544023788,3.471891403198242,14,,"0.934600,0.916072,1.006894,1.037444",,,0.665985,1.740095,31.578505,0.323402
215,5369,67.0,28.31,,20.273339544023788,3.471891403198242,14,,"0.934600,0.916072,1.006894,1.037444",,,0.665985,1.740095,31.578505,0.323402
216,5391,22.0,28.23,,20.273339544023788,3.471891403198242,14,,"0.934600,0.916072,1.006894,1.037444",,,0.665985,1.740095,31.578505,0.323402
217,5414,23.0,28.2,,20.273339544023788,3.471891403198242,14,,"0.934600,0.916072,1.006894,1.037444",,,0.665985,1.740095,31.578505,0.323402
218,5429,15.0,28.2,,20.273339544023788,3.471891403198242,14,,"0.934600,0.916072,1.006894,1.037444",,,0.665985,1.740095,31.578505,0.323402
219,5457,28.0,28.15,,20.273339544023788,3.471891403198242,14,,"0.934600,0.916072,1.006894,1.037444",,,0.665985,1.740095,31.578505,0.323402
220,5526,69.0,28.57,,20.273339544023788,3.471891403198242,14,,"0.934600,0.916072,1.006894,1.037444",,,0.665985,1.740095,31.578505,0.323402
221,5542,16.0,28.54,,20.273339544023788,3.471891403198242,14,,"0.934600,0.916072,1.006894,1.037444",,,0.665985,1.740095,31.578505,0.323402
222,5557,15.0,28.53,,20.273339544023788,3.471891403198242,14,,"0.934600,0.916072,1.006894,1.037444",,,0.665985,1.740095,31.578505,0.323402
223,5585,28.0,28.67,,20.273339544023788,3.471891403198242,14,,"0.934600,0.916072,1.006894,1.037444",,,0.665985,1.740095,31.578505,0.323402
224,5595,10.0,28.57,,19.9373140335083,3.7944648265838623,15,,"0.927807,0.908698,1.013641,1.037135",,,0.675420,1.802964,30.493958,0.288514
225,5634,39.0,28.49,,19.9373140335083,3.7944648265838623,15,,"0.927807,0.908698,1.013641,1.037135",,,0.675420,1.802964,30.493958,0.288514
226,5660,26.0,28.44,,19.9373140335083,3.7944648265838623,15,,"0.927807,0.908698,1.013641,1.037135",,,0.675420,1.802964,30.493958,0.288514
227,5711,51.0,28.83,,19.9373140335083,3.795464277267456,15,,"0.927807,0.908698,1.013641,1.037135",,,0.675420,1.802964,30.493958,0.288514
228,5740,29.0,28.37,,19.9373140335083,3.795464277267456,15,,"0.927807,0.908698,1.013641,1.037135",,,0.675420,1.802964,30.493958,0.288514
229,5754,14.0,28.31,,19.9373140335083,3.795464277267456,15,,"0.927807,0.908698,1.013641,1.037135",,,0.675420,1.802964,30.493958,0.288514
230,5790,36.0,28.51,,19.9373140335083,3.795464277267456,15,,"0.927807,0.908698,1.013641,1.037135",,,0.675420,1.802964,30.493958,0.288514
231,5822,32.0,28.59,,19.9373140335083,3.795464277267456,15,,"0.927807,0.908698,1.013641,1.037135",,,0.675420,1.802964,30.493958,0.288514
232,5840,18.0,28.57,,19.9373140335083,3.795464277267456,15,,"0.927807,0.908698,1.013641,1.037135",,,0.675420,1.802964,30.493958,0.288514
233,5911,71.0,29.11,,19.9373140335083,3.795464277267456,15,,"0.927807,0.908698,1.013641,1.037135",,,0.675420,1.802964,30.493958,0.288514
234,5923,12.0,28.98,,19.9373140335083,3.795464277267456,15,,"0.927807,0.908698,1.013641,1.037135",,,0.675420,1.802964,30.493958,0.288514
235,5974,51.0,29.09,,19.9373140335083,3.795464277267456,15,,"0.927807,0.908698,1.013641,1.037135",,,0.675420,1.802964,30.493958,0.288514
236,6014,40.0,29.23,,19.9373140335083,3.795464277267456,15,,"0.927807,0.908698,1.013641,1.037135",,,0.675420,1.802964,30.493958,0.288514
237,6029,15.0,29.15,,19.9373140335083,3.795464277267456,15,,"0.927807,0.908698,1.013641,1.037135",,,0.675420,1.802964,30.493958,0.288514
238,6069,40.0,29.44,,19.9373140335083,3.795464277267456,15,,"0.927807,0.908698,1.013641,1.037135",,,0.675420,1.802964,30.493958,0.288514
239,6105,36.0,29.66,,19.9373140335083,3.795464277267456,15,,"0.927807,0.908698,1.013641,1.037135",,,0.675420,1.802964,30.493958,0.288514
240,6119,14.0,29.62,,19.586048662662506,4.173797607421875,16,,"0.921673,0.902353,1.020530,1.037817",,,0.671455,1.872308,28.712025,0.381855
241,6157,38.0,29.85,,19.586048662662506,4.173797607421875,16,,"0.921673,0.902353,1.020530,1.037817",,,0.671455,1.872308,28.712025,0.381855
242,6173,16.0,29.67,,19.586048662662506,4.173797607421875,16,,"0.921673,0.902353,1.020530,1.037817",,,0.671455,1.872308,28.712025,0.381855
243,6188,15.0,29.7,,19.586048662662506,4.173797607421875,16,,"0.921673,0.902353,1.020530,1.037817",,,0.671455,1.872308,28.712025,0.381855
244,6219,31.0,29.55,,19.586048662662506,4.173797607421875,16,,"0.921673,0.902353,1.020530,1.037817",,,0.671455,1.872308,28.712025,0.381855
245,6274,55.0,29.61,,19.586048662662506,4.173797607421875,16,,"0.921673,0.902353,1.020530,1.037817",,,0.671455,1.872308,28.712025,0.381855
246,6350,76.0,30.03,,19.586048662662506,4.173797607421875,16,,"0.921673,0.902353,1.020530,1.037817",,,0.671455,1.872308,28.712025,0.381855
247,6371,21.0,30.08,,19.586048662662506,4.173797607421875,16,,"0.921673,0.902353,1.020530,1.037817",,,0.671455,1.872308,28.712025,0.381855
248,6409,38.0,30.3,,19.586048662662506,4.173797607421875,16,,"0.921673,0.902353,1.020530,1.037817",,,0.671455,1.872308,28.712025,0.381855
249,6448,39.0,30.49,,19.586048662662506,4.173797607421875,16,,"0.921673,0.902353,1.020530,1.037817",52.8,8.795453370918409,0.671455,1.872308,28.712025,0.381855
250,6508,60.0,30.89,,19.586048662662506,4.173797607421875,16,,"0.921673,0.902353,1.020530,1.037817",,,0.671455,1.872308,28.712025,0.381855
251,6540,32.0,31.07,,19.586048662662506,4.173797607421875,16,,"0.921673,0.902353,1.020530,1.037817",,,0.671455,1.872308,28.712025,0.381855
252,6564,24.0,30.81,,19.586048662662506,4.173797607421875,16,,"0.921673,0.902353,1.020530,1.037817",,,0.671455,1.872308,28.712025,0.381855
253,6578,14.0,30.8,,19.586048662662506,4.173797607421875,16,,"0.921673,0.902353,1.020530,1.037817",,,0.671455,1.872308,28.712025,0.381855
254,6618,40.0,31.05,,19.586048662662506,4.173797607421875,16,,"0.921673,0.902353,1.020530,1.037817",,,0.671455,1.872308,28.712025,0.381855
255,6656,38.0,31.15,,19.586048662662506,4.173797607421875,16,,"0.921673,0.902353,1.020530,1.037817",,,0.671455,1.872308,28.712025,0.381855
256,6670,14.0,31.13,,19.26446471494787,4.527024745941162,17,,"0.916484,0.896387,1.028437,1.038194",,,0.662746,1.943463,28.284077,0.120707
257,6713,43.0,31.16,,19.26446471494787,4.527024745941162,17,,"0.916484,0.896387,1.028437,1.038194",,,0.662746,1.943463,28.284077,0.120707
258,6774,61.0,31.56,,19.26446471494787,4.527024745941162,17,,"0.916484,0.896387,1.028437,1.038194",,,0.662746,1.943463,28.284077,0.120707
259,6814,40.0,31.42,,19.26446471494787,4.527024745941162,17,,"0.916484,0.896387,1.028437,1.038194",,,0.662746,1.943463,28.284077,0.120707
260,6855,41.0,31.52,,19.26446471494787,4.527024745941162,17,,"0.916484,0.896387,1.028437,1.038194",,,0.662746,1.943463,28.284077,0.120707
261,6892,37.0,31.69,,19.26446471494787,4.527024745941162,17,,"0.916484,0.896387,1.028437,1.038194",,,0.662746,1.943463,28.284077,0.120707
262,6970,78.0,32.02,,19.26446471494787,4.527024745941162,17,,"0.916484,0.896387,1.028437,1.038194",,,0.662746,1.943463,28.284077,0.120707
263,6997,27.0,32.13,,19.26446471494787,4.527024745941162,17,,"0.916484,0.896387,1.028437,1.038194",,,0.662746,1.943463,28.284077,0.120707
264,7026,29.0,32.03,,19.26446471494787,4.527024745941162,17,,"0.916484,0.896387,1.028437,1.038194",,,0.662746,1.943463,28.284077,0.120707
265,7055,29.0,32.13,,19.26446471494787,4.527024745941162,17,,"0.916484,0.896387,1.028437,1.038194",,,0.662746,1.943463,28.284077,0.120707
266,7107,52.0,32.18,,19.26446471494787,4.527024745941162,17,,"0.916484,0.896387,1.028437,1.038194",,,0.662746,1.943463,28.284077,0.120707
267,7121,14.0,32.03,,19.26446471494787,4.527024745941162,17,,"0.916484,0.896387,1.028437,1.038194",,,0.662746,1.943463,28.284077,0.120707
268,7134,13.0,31.75,,19.26446471494787,4.528024911880493,17,,"0.916484,0.896387,1.028437,1.038194",,,0.662746,1.943463,28.284077,0.120707
269,7168,34.0,31.81,,19.26446471494787,4.528024911880493,17,,"0.916484,0.896387,1.028437,1.038194",,,0.662746,1.943463,28.284077,0.120707
270,7188,20.0,31.79,,19.26446471494787,4.528024911880493,17,,"0.916484,0.896387,1.028437,1.038194",,,0.662746,1.943463,28.284077,0.120707
271,7221,33.0,31.78,,19.26446471494787,4.528024911880493,17,,"0.916484,0.896387,1.028437,1.038194",,,0.662746,1.943463,28.284077,0.120707
272,7239,18.0,31.83,,18.932226339975994,4.830026865005493,18,,"0.909655,0.893389,1.037166,1.039651",,,0.664187,2.020819,26.675009,0.344121
273,7249,10.0,31.75,,18.932226339975994,4.831026315689087,18,,"0.909655,0.893389,1.037166,1.039651",,,0.664187,2.020819,26.675009,0.344121
274,7301,52.0,32.0,,18.932226339975994,4.831026315689087,18,,"0.909655,0.893389,1.037166,1.039651",,,0.664187,2.020819,26.675009,0.344121
275,7357,56.0,32.27,,18.932226339975994,4.831026315689087,18,,"0.909655,0.893389,1.037166,1.039651",,,0.664187,2.020819,26.675009,0.344121
276,7388,31.0,32.31,,18.932226339975994,4.831026315689087,18,,"0.909655,0.893389,1.037166,1.039651",,,0.664187,2.020819,26.675009,0.344121
277,7399,11.0,31.57,,18.932226339975994,4.831026315689087,18,,"0.909655,0.893389,1.037166,1.039651",,,0.664187,2.020819,26.675009,0.344121
278,7415,16.0,31.47,,18.932226339975994,4.831026315689087,18,,"0.909655,0.893389,1.037166,1.039651",,,0.664187,2.020819,26.675009,0.344121
279,7451,36.0,31.72,,18.932226339975994,4.831026315689087,18,,"0.909655,0.893389,1.037166,1.039651",,,0.664187,2.020819,26.675009,0.344121
280,7498,47.0,31.55,,18.932226339975994,4.831026315689087,18,,"0.909655,0.893389,1.037166,1.039651",,,0.664187,2.020819,26.675009,0.344121
281,7526,28.0,31.59,,18.932226339975994,4.831026315689087,18,,"0.909655,0.893389,1.037166,1.039651",,,0.664187,2.020819,26.675009,0.344121
282,7578,52.0,31.92,,18.932226339975994,4.831026315689087,18,,"0.909655,0.893389,1.037166,1.039651",,,0.664187,2.020819,26.675009,0.344121
283,7608,30.0,31.71,,18.932226339975994,4.831026315689087,18,,"0.909655,0.893389,1.037166,1.039651",,,0.664187,2.020819,26.675009,0.344121
284,7623,15.0,31.64,,18.932226339975994,4.831026315689087,18,,"0.909655,0.893389,1.037166,1.039651",,,0.664187,2.020819,26.675009,0.344121
285,7683,60.0,32.12,,18.932226339975994,4.831026315689087,18,,"0.909655,0.893389,1.037166,1.039651",,,0.664187,2.020819,26.675009,0.344121
286,7705,22.0,31.68,,18.932226339975994,4.831026315689087,18,,"0.909655,0.893389,1.037166,1.039651",,,0.664187,2.020819,26.675009,0.344121
287,7769,64.0,32.12,,18.932226339975994,4.831026315689087,18,,"0.909655,0.893389,1.037166,1.039651",,,0.664187,2.020819,26.675009,0.344121
288,7785,16.0,31.85,,18.650820581536543,5.179219961166382,19,,"0.902003,0.891007,1.046411,1.041022",,,0.659490,2.100975,27.247648,0.285896
289,7802,17.0,31.84,,18.650820581536543,5.179219961166382,19,,"0.902003,0.891007,1.046411,1.041022",,,0.659490,2.100975,27.247648,0.285896
290,7899,97.0,32.38,,18.650820581536543,5.179219961166382,19,,"0.902003,0.891007,1.046411,1.041022",,,0.659490,2.100975,27.247648,0.285896
291,7920,21.0,32.47,,18.650820581536543,5.180220603942871,19,,"0.902003,0.891007,1.046411,1.041022",,,0.659490,2.100975,27.247648,0.285896
292,7956,36.0,32.63,,18.650820581536543,5.180220603942871,19,,"0.902003,0.891007,1.046411,1.041022",,,0.659490,2.100975,27.247648,0.285896
293,7998,42.0,32.62,,18.650820581536543,5.180220603942871,19,,"0.902003,0.891007,1.046411,1.041022",,,0.659490,2.100975,27.247648,0.285896
294,8038,40.0,32.64,,18.650820581536543,5.180220603942871,19,,"0.902003,0.891007,1.046411,1.041022",,,0.659490,2.100975,27.247648,0.285896
295,8093,55.0,32.59,,18.650820581536543,5.180220603942871,19,,"0.902003,0.891007,1.046411,1.041022",,,0.659490,2.100975,27.247648,0.285896
296,8119,26.0,32.72,,18.650820581536543,5.180220603942871,19,,"0.902003,0.891007,1.046411,1.041022",,,0.659490,2.100975,27.247648,0.285896
297,8134,15.0,32.73,,18.650820581536543,5.180220603942871,19,,"0.902003,0.891007,1.046411,1.041022",,,0.659490,2.100975,27.247648,0.285896
298,8159,25.0,32.69,,18.650820581536543,5.180220603942871,19,,"0.902003,0.891007,1.046411,1.041022",,,0.659490,2.100975,27.247648,0.285896
299,8201,42.0,32.99,,18.650820581536543,5.180220603942871,19,,"0.902003,0.891007,1.046411,1.041022",62.2,11.070682002478438,0.659490,2.100975,27.247648,0.285896
300,8220,19.0,33.01,,18.650820581536543,5.180220603942871,19,,"0.902003,0.891007,1.046411,1.041022",,,0.659490,2.100975,27.247648,0.285896
301,8263,43.0,33.24,,18.650820581536543,5.180220603942871,19,,"0.902003,0.891007,1.046411,1.041022",,,0.659490,2.100975,27.247648,0.285896
302,8280,17.0,33.24,,18.650820581536543,5.180220603942871,19,,"0.902003,0.891007,1.046411,1.041022",,,0.659490,2.100975,27.247648,0.285896
303,8303,23.0,33.26,,18.650820581536543,5.180220603942871,19,,"0.902003,0.891007,1.046411,1.041022",,,0.659490,2.100975,27.247648,0.285896
304,8364,61.0,33.68,,18.141219425201417,5.802290678024292,20,,"0.894563,0.886304,1.055160,1.041152",,,0.662961,2.183341,16.997931,0.387532
305,8492,128.0,34.81,,18.141219425201417,5.802290678024292,20,,"0.894563,0.886304,1.055160,1.041152",,,0.662961,2.183341,16.997931,0.387532
306,8511,19.0,34.5,,18.141219425201417,5.802290678024292,20,,"0.894563,0.886304,1.055160,1.041152",,,0.662961,2.183341,16.997931,0.387532
307,8536,25.0,34.48,,18.141219425201417,5.802290678024292,20,,"0.894563,0.886304,1.055160,1.041152",,,0.662961,2.183341,16.997931,0.387532
308,8618,82.0,35.13,,18.141219425201417,5.802290678024292,20,,"0.894563,0.886304,1.055160,1.041152",,,0.662961,2.183341,16.997931,0.387532
309,8638,20.0,34.99,,18.141219425201417,5.802290678024292,20,,"0.894563,0.886304,1.055160,1.041152",,,0.662961,2.183341,16.997931,0.387532
310,8647,9.0,34.83,,18.141219425201417,5.802290678024292,20,,"0.894563,0.886304,1.055160,1.041152",,,0.662961,2.183341,16.997931,0.387532
311,8727,80.0,35.48,,18.141219425201417,5.802290678024292,20,,"0.894563,0.886304,1.055160,1.041152",,,0.662961,2.183341,16.997931,0.387532
312,8859,132.0,36.54,,18.141219425201417,5.802290678024292,20,,"0.894563,0.886304,1.055160,1.041152",,,0.662961,2.183341,16.997931,0.387532
313,8876,17.0,36.07,,18.141219425201417,5.802290678024292,20,,"0.894563,0.886304,1.055160,1.041152",,,0.662961,2.183341,16.997931,0.387532
314,8917,41.0,36.15,,18.141219425201417,5.802290678024292,20,,"0.894563,0.886304,1.055160,1.041152",,,0.662961,2.183341,16.997931,0.387532
315,8933,16.0,35.64,,18.141219425201417,5.802290678024292,20,,"0.894563,0.886304,1.055160,1.041152",,,0.662961,2.183341,16.997931,0.387532
316,8951,18.0,35.6,,18.141219425201417,5.802290678024292,20,,"0.894563,0.886304,1.055160,1.041152",,,0.662961,2.183341,16.997931,0.387532
317,8964,13.0,35.5,,18.141219425201417,5.802290678024292,20,,"0.894563,0.886304,1.055160,1.041152",,,0.662961,2.183341,16.997931,0.387532
318,8978,14.0,35.49,,18.141219425201417,5.802290678024292,20,,"0.894563,0.886304,1.055160,1.041152",,,0.662961,2.183341,16.997931,0.387532
319,9053,75.0,35.96,,18.141219425201417,5.802290678024292,20,,"0.894563,0.886304,1.055160,1.041152",,,0.662961,2.183341,16.997931,0.387532
320,9079,26.0,35.53,,17.862335750034877,6.260746717453003,21,,"0.887637,0.881340,1.063250,1.042700",,,0.654426,2.269449,24.656807,0.082148
321,9119,40.0,35.77,,17.862335750034877,6.260746717453003,21,,"0.887637,0.881340,1.063250,1.042700",,,0.654426,2.269449,24.656807,0.082148
322,9168,49.0,36.11,,17.862335750034877,6.261745452880859,21,,"0.887637,0.881340,1.063250,1.042700",,,0.654426,2.269449,24.656807,0.082148
323,9229,61.0,36.44,,17.862335750034877,6.261745452880859,21,,"0.887637,0.881340,1.063250,1.042700",,,0.654426,2.269449,24.656807,0.082148
324,9251,22.0,36.56,,17.862335750034877,6.261745452880859,21,,"0.887637,0.881340,1.063250,1.042700",,,0.654426,2.269449,24.656807,0.082148
325,9281,30.0,36.47,,17.862335750034877,6.261745452880859,21,,"0.887637,0.881340,1.063250,1.042700",,,0.654426,2.269449,24.656807,0.082148
326,9296,15.0,36.36,,17.862335750034877,6.261745452880859,21,,"0.887637,0.881340,1.063250,1.042700",,,0.654426,2.269449,24.656807,0.082148
327,9342,46.0,36.31,,17.862335750034877,6.261745452880859,21,,"0.887637,0.881340,1.063250,1.042700",,,0.654426,2.269449,24.656807,0.082148
328,9372,30.0,36.32,,17.862335750034877,6.261745452880859,21,,"0.887637,0.881340,1.063250,1.042700",,,0.654426,2.269449,24.656807,0.082148
329,9399,27.0,36.45,,17.862335750034877,6.261745452880859,21,,"0.887637,0.881340,1.063250,1.042700",,,0.654426,2.269449,24.656807,0.082148
330,9436,37.0,36.46,,17.862335750034877,6.261745452880859,21,,"0.887637,0.881340,1.063250,1.042700",,,0.654426,2.269449,24.656807,0.082148
331,9469,33.0,36.47,,17.862335750034877,6.261745452880859,21,,"0.887637,0.881340,1.063250,1.042700",,,0.654426,2.269449,24.656807,0.082148
332,9507,38.0,36.67,,17.862335750034877,6.261745452880859,21,,"0.887637,0.881340,1.063250,1.042700",,,0.654426,2.269449,24.656807,0.082148
333,9534,27.0,36.23,,17.862335750034877,6.261745452880859,21,,"0.887637,0.881340,1.063250,1.042700",,,0.654426,2.269449,24.656807,0.082148
334,9556,22.0,36.33,,17.862335750034877,6.261745452880859,21,,"0.887637,0.881340,1.063250,1.042700",,,0.654426,2.269449,24.656807,0.082148
335,9691,135.0,37.17,,17.862335750034877,6.261745452880859,21,,"0.887637,0.881340,1.063250,1.042700",,,0.654426,2.269449,24.656807,0.082148
336,9714,23.0,37.0,,17.492645437067207,6.749798059463501,22,,"0.880420,0.877414,1.072237,1.044201",,,0.650587,2.355448,19.525490,0.164726
337,9750,36.0,37.21,,17.492645437067207,6.749798059463501,22,,"0.880420,0.877414,1.072237,1.044201",,,0.650587,2.355448,19.525490,0.164726
338,9798,48.0,37.29,,17.492645437067207,6.749798059463501,22,,"0.880420,0.877414,1.072237,1.044201",,,0.650587,2.355448,19.525490,0.164726
339,9822,24.0,37.17,,17.492645437067207,6.749798059463501,22,,"0.880420,0.877414,1.072237,1.044201",,,0.650587,2.355448,19.525490,0.164726
340,9875,53.0,37.56,,17.492645437067207,6.749798059463501,22,,"0.880420,0.877414,1.072237,1.044201",,,0.650587,2.355448,19.525490,0.164726
341,9913,38.0,37.56,,17.492645437067207,6.749798059463501,22,,"0.880420,0.877414,1.072237,1.044201",,,0.650587,2.355448,19.525490,0.164726
342,9953,40.0,37.8,,17.492645437067207,6.750803232192993,22,,"0.880420,0.877414,1.072237,1.044201",,,0.650587,2.355448,19.525490,0.164726
343,9999,46.0,38.11,,17.492645437067207,6.750803232192993,22,,"0.880420,0.877414,1.072237,1.044201",,,0.650587,2.355448,19.525490,0.164726
344,10048,49.0,38.29,,17.492645437067207,6.750803232192993,22,,"0.880420,0.877414,1.072237,1.044201",,,0.650587,2.355448,19.525490,0.164726
345,10147,99.0,38.73,,17.492645437067207,6.750803232192993,22,,"0.880420,0.877414,1.072237,1.044201",,,0.650587,2.355448,19.525490,0.164726
346,10161,14.0,38.11,,17.492645437067207,6.750803232192993,22,,"0.880420,0.877414,1.072237,1.044201",,,0.650587,2.355448,19.525490,0.164726
347,10227,66.0,38.56,,17.492645437067207,6.750803232192993,22,,"0.880420,0.877414,1.072237,1.044201",,,0.650587,2.355448,19.525490,0.164726
348,10263,36.0,38.54,,17.492645437067207,6.750803232192993,22,,"0.880420,0.877414,1.072237,1.044201",,,0.650587,2.355448,19.525490,0.164726
349,10310,47.0,38.62,,17.492645437067207,6.750803232192993,22,,"0.880420,0.877414,1.072237,1.044201",333.8,203.92586888376866,0.650587,2.355448,19.525490,0.164726
350,10349,39.0,38.41,,17.492645437067207,6.750803232192993,22,,"0.880420,0.877414,1.072237,1.044201",,,0.650587,2.355448,19.525490,0.164726
351,10486,137.0,39.46,,17.492645437067207,6.750803232192993,22,,"0.880420,0.877414,1.072237,1.044201",,,0.650587,2.355448,19.525490,0.164726
352,10512,26.0,39.48,,17.184876441955566,7.101946830749512,23,,"0.873382,0.872364,1.081949,1.046299",,,0.648596,2.442457,20.904636,0.072750
353,10559,47.0,39.81,,17.184876441955566,7.101946830749512,23,,"0.873382,0.872364,1.081949,1.046299",,,0.648596,2.442457,20.904636,0.072750
354,10646,87.0,40.28,,17.184876441955566,7.101946830749512,23,,"0.873382,0.872364,1.081949,1.046299",,,0.648596,2.442457,20.904636,0.072750
355,10692,46.0,40.36,,17.184876441955566,7.101946830749512,23,,"0.873382,0.872364,1.081949,1.046299",,,0.648596,2.442457,20.904636,0.072750
356,10747,55.0,40.77,,17.184876441955566,7.101946830749512,23,,"0.873382,0.872364,1.081949,1.046299",,,0.648596,2.442457,20.904636,0.072750
357,10774,27.0,40.61,,17.184876441955566,7.101946830749512,23,,"0.873382,0.872364,1.081949,1.046299",,,0.648596,2.442457,20.904636,0.072750
358,10837,63.0,40.63,,17.184876441955566,7.101946830749512,23,,"0.873382,0.872364,1.081949,1.046299",,,0.648596,2.442457,20.904636,0.072750
359,10871,34.0,40.57,,17.184876441955566,7.102949857711792,23,,"0.873382,0.872364,1.081949,1.046299",,,0.648596,2.442457,20.904636,0.072750
360,10914,43.0,40.59,,17.184876441955566,7.102949857711792,23,,"0.873382,0.872364,1.081949,1.046299",,,0.648596,2.442457,20.904636,0.072750
361,10947,33.0,40.55,,17.184876441955566,7.102949857711792,23,,"0.873382,0.872364,1.081949,1.046299",,,0.648596,2.442457,20.904636,0.072750
362,10990,43.0,40.2,,17.184876441955566,7.102949857711792,23,,"0.873382,0.872364,1.081949,1.046299",,,0.648596,2.442457,20.904636,0.072750
363,11027,37.0,40.3,,17.184876441955566,7.102949857711792,23,,"0.873382,0.872364,1.081949,1.046299",,,0.648596,2.442457,20.904636,0.072750
364,11072,45.0,40.46,,17.184876441955566,7.102949857711792,23,,"0.873382,0.872364,1.081949,1.046299",,,0.648596,2.442457,20.904636,0.072750
365,11118,46.0,40.63,,17.184876441955566,7.102949857711792,23,,"0.873382,0.872364,1.081949,1.046299",,,0.648596,2.442457,20.904636,0.072750
366,11138,20.0,40.31,,17.184876441955566,7.102949857711792,23,,"0.873382,0.872364,1.081949,1.046299",,,0.648596,2.442457,20.904636,0.072750
367,11195,57.0,40.74,,17.184876441955566,7.102949857711792,23,,"0.873382,0.872364,1.081949,1.046299",,,0.648596,2.442457,20.904636,0.072750
368,11281,86.0,41.47,,16.753158807754517,7.716121673583984,24,,"0.865293,0.867038,1.091368,1.051100",,,0.641799,2.535932,13.736904,0.255060
369,11330,49.0,41.62,,16.753158807754517,7.717144012451172,24,,"0.865293,0.867038,1.091368,1.051100",,,0.641799,2.535932,13.736904,0.255060
370,11450,120.0,42.62,,16.753158807754517,7.717144012451172,24,,"0.865293,0.867038,1.091368,1.051100",,,0.641799,2.535932,13.736904,0.255060
371,11606,156.0,43.85,,16.753158807754517,7.717144012451172,24,,"0.865293,0.867038,1.091368,1.051100",,,0.641799,2.535932,13.736904,0.255060
372,11652,46.0,44.13,,16.753158807754517,7.717144012451172,24,,"0.865293,0.867038,1.091368,1.051100",,,0.641799,2.535932,13.736904,0.255060
373,11674,22.0,44.25,,16.753158807754517,7.717144012451172,24,,"0.865293,0.867038,1.091368,1.051100",,,0.641799,2.535932,13.736904,0.255060
374,11759,85.0,44.58,,16.753158807754517,7.717144012451172,24,,"0.865293,0.867038,1.091368,1.051100",,,0.641799,2.535932,13.736904,0.255060
375,11770,11.0,44.13,,16.753158807754517,7.717144012451172,24,,"0.865293,0.867038,1.091368,1.051100",,,0.641799,2.535932,13.736904,0.255060
376,11859,89.0,44.71,,16.753158807754517,7.717144012451172,24,,"0.865293,0.867038,1.091368,1.051100",,,0.641799,2.535932,13.736904,0.255060
377,11893,34.0,44.94,,16.753158807754517,7.717144012451172,24,,"0.865293,0.867038,1.091368,1.051100",,,0.641799,2.535932,13.736904,0.255060
378,11916,23.0,45.01,,16.753158807754517,7.717144012451172,24,,"0.865293,0.867038,1.091368,1.051100",,,0.641799,2.535932,13.736904,0.255060
379,11995,79.0,45.44,,16.753158807754517,7.717144012451172,24,,"0.865293,0.867038,1.091368,1.051100",,,0.641799,2.535932,13.736904,0.255060
380,12026,31.0,45.28,,16.753158807754517,7.717144012451172,24,,"0.865293,0.867038,1.091368,1.051100",,,0.641799,2.535932,13.736904,0.255060
381,12130,104.0,46.04,,16.753158807754517,7.717144012451172,24,,"0.865293,0.867038,1.091368,1.051100",,,0.641799,2.535932,13.736904,0.255060
382,12150,20.0,45.72,,16.753158807754517,7.717144012451172,24,,"0.865293,0.867038,1.091368,1.051100",,,0.641799,2.535932,13.736904,0.255060
383,12204,54.0,45.96,,16.753158807754517,7.717144012451172,24,,"0.865293,0.867038,1.091368,1.051100",,,0.641799,2.535932,13.736904,0.255060
384,12230,26.0,46.07,,16.4163578414917,8.226648330688477,25,,"0.856375,0.860367,1.101378,1.054701",,,0.639781,2.631042,16.747240,0.053690
385,12280,50.0,45.97,,16.4163578414917,8.226648330688477,25,,"0.856375,0.860367,1.101378,1.054701",,,0.639781,2.631042,16.747240,0.053690
386,12375,95.0,46.7,,16.4163578414917,8.226648330688477,25,,"0.856375,0.860367,1.101378,1.054701",,,0.639781,2.631042,16.747240,0.053690
387,12482,107.0,47.13,,16.4163578414917,8.226648330688477,25,,"0.856375,0.860367,1.101378,1.054701",,,0.639781,2.631042,16.747240,0.053690
388,12524,42.0,47.39,,16.4163578414917,8.226648330688477,25,,"0.856375,0.860367,1.101378,1.054701",,,0.639781,2.631042,16.747240,0.053690
389,12594,70.0,47.92,,16.4163578414917,8.226648330688477,25,,"0.856375,0.860367,1.101378,1.054701",,,0.639781,2.631042,16.747240,0.053690
390,12659,65.0,47.6,,16.4163578414917,8.226648330688477,25,,"0.856375,0.860367,1.101378,1.054701",,,0.639781,2.631042,16.747240,0.053690
391,12696,37.0,47.76,,16.4163578414917,8.226648330688477,25,,"0.856375,0.860367,1.101378,1.054701",,,0.639781,2.631042,16.747240,0.053690
392,12713,17.0,47.57,,16.4163578414917,8.226648330688477,25,,"0.856375,0.860367,1.101378,1.054701",,,0.639781,2.631042,16.747240,0.053690
393,12763,50.0,47.65,,16.4163578414917,8.226648330688477,25,,"0.856375,0.860367,1.101378,1.054701",,,0.639781,2.631042,16.747240,0.053690
394,12822,59.0,47.84,,16.4163578414917,8.226648330688477,25,,"0.856375,0.860367,1.101378,1.054701",,,0.639781,2.631042,16.747240,0.053690
395,12922,100.0,48.29,,16.4163578414917,8.226648330688477,25,,"0.856375,0.860367,1.101378,1.054701",,,0.639781,2.631042,16.747240,0.053690
396,12941,19.0,48.22,,16.4163578414917,8.226648330688477,25,,"0.856375,0.860367,1.101378,1.054701",,,0.639781,2.631042,16.747240,0.053690
397,12991,50.0,48.57,,16.4163578414917,8.226648330688477,25,,"0.856375,0.860367,1.101378,1.054701",,,0.639781,2.631042,16.747240,0.053690
398,13043,52.0,48.84,,16.4163578414917,8.226648330688477,25,,"0.856375,0.860367,1.101378,1.054701",,,0.639781,2.631042,16.747240,0.053690
399,13075,32.0,48.74,,16.4163578414917,8.226648330688477,25,,"0.856375,0.860367,1.101378,1.054701",418.2,163.6,0.639781,2.631042,16.747240,0.053690
400,13175,100.0,49.55,,16.01457716868474,8.827402353286743,26,,"0.846628,0.852282,1.111892,1.060425",,,0.638702,2.731878,12.029039,0.217427
401,13252,77.0,49.89,,16.01457716868474,8.828404664993286,26,,"0.846628,0.852282,1.111892,1.060425",,,0.638702,2.731878,12.029039,0.217427
402,13306,54.0,50.26,,16.01457716868474,8.828404664993286,26,,"0.846628,0.852282,1.111892,1.060425",,,0.638702,2.731878,12.029039,0.217427
403,13331,25.0,50.28,,16.01457716868474,8.828404664993286,26,,"0.846628,0.852282,1.111892,1.060425",,,0.638702,2.731878,12.029039,0.217427
404,13402,71.0,50.38,,16.01457716868474,8.828404664993286,26,,"0.846628,0.852282,1.111892,1.060425",,,0.638702,2.731878,12.029039,0.217427
405,13446,44.0,49.54,,16.01457716868474,8.828404664993286,26,,"0.846628,0.852282,1.111892,1.060425",,,0.638702,2.731878,12.029039,0.217427
406,13486,40.0,49.75,,16.01457716868474,8.828404664993286,26,,"0.846628,0.852282,1.111892,1.060425",,,0.638702,2.731878,12.029039,0.217427
407,13615,129.0,50.79,,16.01457716868474,8.828404664993286,26,,"0.846628,0.852282,1.111892,1.060425",,,0.638702,2.731878,12.029039,0.217427
408,13645,30.0,50.27,,16.01457716868474,8.828404664993286,26,,"0.846628,0.852282,1.111892,1.060425",,,0.638702,2.731878,12.029039,0.217427
409,13694,49.0,50.56,,16.01457716868474,8.828404664993286,26,,"0.846628,0.852282,1.111892,1.060425",,,0.638702,2.731878,12.029039,0.217427
410,13781,87.0,51.34,,16.01457716868474,8.828404664993286,26,,"0.846628,0.852282,1.111892,1.060425",,,0.638702,2.731878,12.029039,0.217427
411,13907,126.0,51.8,,16.01457716868474,8.828404664993286,26,,"0.846628,0.852282,1.111892,1.060425",,,0.638702,2.731878,12.029039,0.217427
412,13990,83.0,51.31,,16.01457716868474,8.828404664993286,26,,"0.846628,0.852282,1.111892,1.060425",,,0.638702,2.731878,12.029039,0.217427
413,14135,145.0,52.59,,16.01457716868474,8.828404664993286,26,,"0.846628,0.852282,1.111892,1.060425",,,0.638702,2.731878,12.029039,0.217427
414,14225,90.0,53.08,,16.01457716868474,8.828404664993286,26,,"0.846628,0.852282,1.111892,1.060425",,,0.638702,2.731878,12.029039,0.217427
415,14246,21.0,53.13,,16.01457716868474,8.828404664993286,26,,"0.846628,0.852282,1.111892,1.060425",,,0.638702,2.731878,12.029039,0.217427
416,14331,85.0,53.8,,15.65948807751691,9.645690202713013,27,,"0.839275,0.844235,1.120038,1.067991",,,0.621608,2.828545,12.939455,-0.164522
417,14377,46.0,54.13,,15.65948807751691,9.645690202713013,27,,"0.839275,0.844235,1.120038,1.067991",,,0.621608,2.828545,12.939455,-0.164522
418,14399,22.0,54.21,,15.65948807751691,9.645690202713013,27,,"0.839275,0.844235,1.120038,1.067991",,,0.621608,2.828545,12.939455,-0.164522
419,14527,128.0,54.74,,15.65948807751691,9.645690202713013,27,,"0.839275,0.844235,1.120038,1.067991",,,0.621608,2.828545,12.939455,-0.164522
420,14617,90.0,55.38,,15.65948807751691,9.645690202713013,27,,"0.839275,0.844235,1.120038,1.067991",,,0.621608,2.828545,12.939455,-0.164522
421,14750,133.0,56.31,,15.65948807751691,9.645690202713013,27,,"0.839275,0.844235,1.120038,1.067991",,,0.621608,2.828545,12.939455,-0.164522
422,14986,236.0,58.18,,15.65948807751691,9.645690202713013,27,,"0.839275,0.844235,1.120038,1.067991",,,0.621608,2.828545,12.939455,-0.164522
423,15019,33.0,57.9,,15.65948807751691,9.645690202713013,27,,"0.839275,0.844235,1.120038,1.067991",,,0.621608,2.828545,12.939455,-0.164522
424,15046,27.0,57.95,,15.65948807751691,9.645690202713013,27,,"0.839275,0.844235,1.120038,1.067991",,,0.621608,2.828545,12.939455,-0.164522
425,15146,100.0,58.65,,15.65948807751691,9.645690202713013,27,,"0.839275,0.844235,1.120038,1.067991",,,0.621608,2.828545,12.939455,-0.164522
426,15177,31.0,58.81,,15.65948807751691,9.645690202713013,27,,"0.839275,0.844235,1.120038,1.067991",,,0.621608,2.828545,12.939455,-0.164522
427,15231,54.0,58.89,,15.65948807751691,9.645690202713013,27,,"0.839275,0.844235,1.120038,1.067991",,,0.621608,2.828545,12.939455,-0.164522
428,15249,18.0,58.77,,15.65948807751691,9.645690202713013,27,,"0.839275,0.844235,1.120038,1.067991",,,0.621608,2.828545,12.939455,-0.164522
429,15310,61.0,59.11,,15.65948807751691,9.645690202713013,27,,"0.839275,0.844235,1.120038,1.067991",,,0.621608,2.828545,12.939455,-0.164522
430,15375,65.0,59.39,,15.65948807751691,9.645690202713013,27,,"0.839275,0.844235,1.120038,1.067991",,,0.621608,2.828545,12.939455,-0.164522
431,15502,127.0,60.33,,15.65948807751691,9.645690202713013,27,,"0.839275,0.844235,1.120038,1.067991",,,0.621608,2.828545,12.939455,-0.164522
432,15697,195.0,61.9,,15.29944280215672,10.36872386932373,28,,"0.830860,0.835219,1.129143,1.075770",,,0.618453,2.930584,11.233344,0.236279
433,15757,60.0,62.23,,15.29944280215672,10.36872386932373,28,,"0.830860,0.835219,1.129143,1.075770",,,0.618453,2.930584,11.233344,0.236279
434,15896,139.0,63.4,,15.29944280215672,10.36872386932373,28,,"0.830860,0.835219,1.129143,1.075770",,,0.618453,2.930584,11.233344,0.236279
435,15929,33.0,62.38,,15.29944280215672,10.36872386932373,28,,"0.830860,0.835219,1.129143,1.075770",,,0.618453,2.930584,11.233344,0.236279
436,15990,61.0,62.76,,15.29944280215672,10.36872386932373,28,,"0.830860,0.835219,1.129143,1.075770",,,0.618453,2.930584,11.233344,0.236279
437,16129,139.0,63.79,,15.29944280215672,10.36872386932373,28,,"0.830860,0.835219,1.129143,1.075770",,,0.618453,2.930584,11.233344,0.236279
438,16270,141.0,64.72,,15.29944280215672,10.36872386932373,28,,"0.830860,0.835219,1.129143,1.075770",,,0.618453,2.930584,11.233344,0.236279
439,16317,47.0,64.95,,15.29944280215672,10.369422912597656,28,,"0.830860,0.835219,1.129143,1.075770",,,0.618453,2.930584,11.233344,0.236279
440,16344,27.0,64.69,,15.29944280215672,10.369422912597656,28,,"0.830860,0.835219,1.129143,1.075770",,,0.618453,2.930584,11.233344,0.236279
441,16431,87.0,65.18,,15.29944280215672,10.369422912597656,28,,"0.830860,0.835219,1.129143,1.075770",,,0.618453,2.930584,11.233344,0.236279
442,16554,123.0,66.01,,15.29944280215672,10.369422912597656,28,,"0.830860,0.835219,1.129143,1.075770",,,0.618453,2.930584,11.233344,0.236279
443,16595,41.0,65.96,,15.29944280215672,10.369422912597656,28,,"0.830860,0.835219,1.129143,1.075770",,,0.618453,2.930584,11.233344,0.236279
444,16731,136.0,66.83,,15.29944280215672,10.369422912597656,28,,"0.830860,0.835219,1.129143,1.075770",,,0.618453,2.930584,11.233344,0.236279
445,16795,64.0,66.48,,15.29944280215672,10.369422912597656,28,,"0.830860,0.835219,1.129143,1.075770",,,0.618453,2.930584,11.233344,0.236279
446,16879,84.0,67.18,,15.29944280215672,10.369422912597656,28,,"0.830860,0.835219,1.129143,1.075770",,,0.618453,2.930584,11.233344,0.236279
447,16916,37.0,66.89,,15.29944280215672,10.369422912597656,28,,"0.830860,0.835219,1.129143,1.075770",,,0.618453,2.930584,11.233344,0.236279
448,17000,84.0,67.37,,14.967236469531882,11.094313621520996,29,,"0.822650,0.825305,1.138618,1.083855",,,0.615110,3.030716,11.382833,0.144682
449,17064,64.0,67.54,,14.967236469531882,11.094313621520996,29,,"0.822650,0.825305,1.138618,1.083855",212.8,79.65525720252242,0.615110,3.030716,11.382833,0.144682
450,17165,101.0,68.16,,14.967236469531882,11.094313621520996,29,,"0.822650,0.825305,1.138618,1.083855",,,0.615110,3.030716,11.382833,0.144682
451,17216,51.0,67.3,,14.967236469531882,11.094313621520996,29,,"0.822650,0.825305,1.138618,1.083855",,,0.615110,3.030716,11.382833,0.144682
452,17289,73.0,67.77,,14.967236469531882,11.094313621520996,29,,"0.822650,0.825305,1.138618,1.083855",,,0.615110,3.030716,11.382833,0.144682
453,17319,30.0,67.6,,14.967236469531882,11.094313621520996,29,,"0.822650,0.825305,1.138618,1.083855",,,0.615110,3.030716,11.382833,0.144682
454,17387,68.0,67.41,,14.967236469531882,11.094313621520996,29,,"0.822650,0.825305,1.138618,1.083855",,,0.615110,3.030716,11.382833,0.144682
455,17422,35.0,67.3,,14.967236469531882,11.094313621520996,29,,"0.822650,0.825305,1.138618,1.083855",,,0.615110,3.030716,11.382833,0.144682
456,17496,74.0,67.49,,14.967236469531882,11.094313621520996,29,,"0.822650,0.825305,1.138618,1.083855",,,0.615110,3.030716,11.382833,0.144682
457,17596,100.0,68.22,,14.967236469531882,11.094313621520996,29,,"0.822650,0.825305,1.138618,1.083855",,,0.615110,3.030716,11.382833,0.144682
458,17662,66.0,68.25,,14.967236469531882,11.094313621520996,29,,"0.822650,0.825305,1.138618,1.083855",,,0.615110,3.030716,11.382833,0.144682
459,17741,79.0,68.7,,14.967236469531882,11.094313621520996,29,,"0.822650,0.825305,1.138618,1.083855",,,0.615110,3.030716,11.382833,0.144682
460,17942,201.0,70.28,,14.967236469531882,11.094313621520996,29,,"0.822650,0.825305,1.138618,1.083855",,,0.615110,3.030716,11.382833,0.144682
461,18009,67.0,70.62,,14.967236469531882,11.094313621520996,29,,"0.822650,0.825305,1.138618,1.083855",,,0.615110,3.030716,11.382833,0.144682
462,18070,61.0,70.8,,14.967236469531882,11.094313621520996,29,,"0.822650,0.825305,1.138618,1.083855",,,0.615110,3.030716,11.382833,0.144682
463,18153,83.0,71.26,,14.967236469531882,11.094313621520996,29,,"0.822650,0.825305,1.138618,1.083855",,,0.615110,3.030716,11.382833,0.144682
464,18246,93.0,71.74,,14.645983616511026,11.793259859085083,30,,"0.813358,0.814899,1.148434,1.092849",,,0.611452,3.132940,10.739105,0.145913
465,18368,122.0,72.5,,14.645983616511026,11.793259859085083,30,,"0.813358,0.814899,1.148434,1.092849",,,0.611452,3.132940,10.739105,0.145913
466,18429,61.0,72.91,,14.645983616511026,11.793259859085083,30,,"0.813358,0.814899,1.148434,1.092849",,,0.611452,3.132940,10.739105,0.145913
467,18458,29.0,72.63,,14.645983616511026,11.793259859085083,30,,"0.813358,0.814899,1.148434,1.092849",,,0.611452,3.132940,10.739105,0.145913
468,18616,158.0,73.35,,14.645983616511026,11.793259859085083,30,,"0.813358,0.814899,1.148434,1.092849",,,0.611452,3.132940,10.739105,0.145913
469,18629,13.0,72.99,,14.645983616511026,11.793259859085083,30,,"0.813358,0.814899,1.148434,1.092849",,,0.611452,3.132940,10.739105,0.145913
470,18714,85.0,72.64,,14.645983616511026,11.793259859085083,30,,"0.813358,0.814899,1.148434,1.092849",,,0.611452,3.132940,10.739105,0.145913
471,18800,86.0,71.94,,14.645983616511026,11.79426097869873,30,,"0.813358,0.814899,1.148434,1.092849",,,0.611452,3.132940,10.739105,0.145913
472,18856,56.0,72.04,,14.645983616511026,11.79426097869873,30,,"0.813358,0.814899,1.148434,1.092849",,,0.611452,3.132940,10.739105,0.145913
473,19001,145.0,73.27,,14.645983616511026,11.79426097869873,30,,"0.813358,0.814899,1.148434,1.092849",,,0.611452,3.132940,10.739105,0.145913
474,19034,33.0,72.75,,14.645983616511026,11.79426097869873,30,,"0.813358,0.814899,1.148434,1.092849",,,0.611452,3.132940,10.739105,0.145913
475,19147,113.0,73.77,,14.645983616511026,11.79426097869873,30,,"0.813358,0.814899,1.148434,1.092849",,,0.611452,3.132940,10.739105,0.145913
476,19178,31.0,73.19,,14.645983616511026,11.79426097869873,30,,"0.813358,0.814899,1.148434,1.092849",,,0.611452,3.132940,10.739105,0.145913
477,19300,122.0,74.07,,14.645983616511026,11.79426097869873,30,,"0.813358,0.814899,1.148434,1.092849",,,0.611452,3.132940,10.739105,0.145913
478,19415,115.0,74.99,,14.645983616511026,11.79426097869873,30,,"0.813358,0.814899,1.148434,1.092849",,,0.611452,3.132940,10.739105,0.145913
479,19498,83.0,75.03,,14.645983616511026,11.79426097869873,30,,"0.813358,0.814899,1.148434,1.092849",,,0.611452,3.132940,10.739105,0.145913
480,19587,89.0,75.61,,14.324515265803184,12.476325750350952,31,,"0.803223,0.803858,1.158771,1.102469",,,0.614262,3.236672,9.445267,0.311365
481,19699,112.0,75.69,,14.324515265803184,12.476325750350952,31,,"0.803223,0.803858,1.158771,1.102469",,,0.614262,3.236672,9.445267,0.311365
482,19789,90.0,76.39,,14.324515265803184,12.476325750350952,31,,"0.803223,0.803858,1.158771,1.102469",,,0.614262,3.236672,9.445267,0.311365
483,19847,58.0,76.43,,14.324515265803184,12.476325750350952,31,,"0.803223,0.803858,1.158771,1.102469",,,0.614262,3.236672,9.445267,0.311365
484,19915,68.0,76.85,,14.324515265803184,12.476325750350952,31,,"0.803223,0.803858,1.158771,1.102469",,,0.614262,3.236672,9.445267,0.311365
485,20007,92.0,77.27,,14.324515265803184,12.476325750350952,31,,"0.803223,0.803858,1.158771,1.102469",,,0.614262,3.236672,9.445267,0.311365
486,20037,30.0,76.62,,14.324515265803184,12.476325750350952,31,,"0.803223,0.803858,1.158771,1.102469",,,0.614262,3.236672,9.445267,0.311365
487,20062,25.0,75.8,,14.324515265803184,12.476325750350952,31,,"0.803223,0.803858,1.158771,1.102469",,,0.614262,3.236672,9.445267,0.311365
488,20102,40.0,75.78,,14.324515265803184,12.476325750350952,31,,"0.803223,0.803858,1.158771,1.102469",,,0.614262,3.236672,9.445267,0.311365
489,20275,173.0,76.81,,14.324515265803184,12.476325750350952,31,,"0.803223,0.803858,1.158771,1.102469",,,0.614262,3.236672,9.445267,0.311365
490,20418,143.0,77.59,,14.324515265803184,12.476325750350952,31,,"0.803223,0.803858,1.158771,1.102469",,,0.614262,3.236672,9.445267,0.311365
491,20497,79.0,78.01,,14.324515265803184,12.476325750350952,31,,"0.803223,0.803858,1.158771,1.102469",,,0.614262,3.236672,9.445267,0.311365
492,20620,123.0,79.07,,14.324515265803184,12.476325750350952,31,,"0.803223,0.803858,1.158771,1.102469",,,0.614262,3.236672,9.445267,0.311365
493,20689,69.0,79.26,,14.324515265803184,12.476325750350952,31,,"0.803223,0.803858,1.158771,1.102469",,,0.614262,3.236672,9.445267,0.311365
494,20863,174.0,80.41,,14.324515265803184,12.476325750350952,31,,"0.803223,0.803858,1.158771,1.102469",,,0.614262,3.236672,9.445267,0.311365
495,20990,127.0,80.68,,14.324515265803184,12.476325750350952,31,,"0.803223,0.803858,1.158771,1.102469",,,0.614262,3.236672,9.445267,0.311365
496,21132,142.0,81.91,,14.01818299293518,13.323804140090942,32,,"0.792749,0.792483,1.169115,1.112006",,,0.606448,3.337572,9.120457,0.185215
497,21263,131.0,82.72,,14.01818299293518,13.323804140090942,32,,"0.792749,0.792483,1.169115,1.112006",,,0.606448,3.337572,9.120457,0.185215
498,21347,84.0,83.04,,14.01818299293518,13.323804140090942,32,,"0.792749,0.792483,1.169115,1.112006",,,0.606448,3.337572,9.120457,0.185215
499,21436,89.0,83.61,,14.01818299293518,13.323804140090942,32,,"0.792749,0.792483,1.169115,1.112006",201.8,82.62057855038296,0.606448,3.337572,9.120457,0.185215
500,21535,99.0,83.6,,14.01818299293518,13.324800491333008,32,,"0.792749,0.792483,1.169115,1.112006",,,0.606448,3.337572,9.120457,0.185215
501,21604,69.0,83.52,,14.01818299293518,13.324800491333008,32,,"0.792749,0.792483,1.169115,1.112006",,,0.606448,3.337572,9.120457,0.185215
502,21644,40.0,83.38,,14.01818299293518,13.324800491333008,32,,"0.792749,0.792483,1.169115,1.112006",,,0.606448,3.337572,9.120457,0.185215
503,21803,159.0,84.72,,14.01818299293518,13.324800491333008,32,,"0.792749,0.792483,1.169115,1.112006",,,0.606448,3.337572,9.120457,0.185215
504,21867,64.0,84.65,,14.01818299293518,13.324800491333008,32,,"0.792749,0.792483,1.169115,1.112006",,,0.606448,3.337572,9.120457,0.185215
505,21961,94.0,85.15,,14.01818299293518,13.324800491333008,32,,"0.792749,0.792483,1.169115,1.112006",,,0.606448,3.337572,9.120457,0.185215
506,22141,180.0,86.55,,14.01818299293518,13.324800491333008,32,,"0.792749,0.792483,1.169115,1.112006",,,0.606448,3.337572,9.120457,0.185215
507,22322,181.0,87.07,,14.01818299293518,13.324800491333008,32,,"0.792749,0.792483,1.169115,1.112006",,,0.606448,3.337572,9.120457,0.185215
508,22451,129.0,88.06,,14.01818299293518,13.324800491333008,32,,"0.792749,0.792483,1.169115,1.112006",,,0.606448,3.337572,9.120457,0.185215
509,22571,120.0,88.77,,14.01818299293518,13.324800491333008,32,,"0.792749,0.792483,1.169115,1.112006",,,0.606448,3.337572,9.120457,0.185215
510,22727,156.0,89.46,,14.01818299293518,13.324800491333008,32,,"0.792749,0.792483,1.169115,1.112006",,,0.606448,3.337572,9.120457,0.185215
511,22944,217.0,90.37,,14.01818299293518,13.324800491333008,32,,"0.792749,0.792483,1.169115,1.112006",,,0.606448,3.337572,9.120457,0.185215
512,22992,48.0,90.02,,13.721582773959998,14.07314682006836,33,,"0.781670,0.780685,1.179281,1.121784",,,0.600094,3.436043,8.533800,0.335119
513,23123,131.0,89.88,,13.721582773959998,14.07314682006836,33,,"0.781670,0.780685,1.179281,1.121784",,,0.600094,3.436043,8.533800,0.335119
514,23308,185.0,90.83,,13.721582773959998,14.07314682006836,33,,"0.781670,0.780685,1.179281,1.121784",,,0.600094,3.436043,8.533800,0.335119
515,23411,103.0,91.65,,13.721582773959998,14.07314682006836,33,,"0.781670,0.780685,1.179281,1.121784",,,0.600094,3.436043,8.533800,0.335119
516,23462,51.0,91.31,,13.721582773959998,14.07314682006836,33,,"0.781670,0.780685,1.179281,1.121784",,,0.600094,3.436043,8.533800,0.335119
517,23594,132.0,92.17,,13.721582773959998,14.07314682006836,33,,"0.781670,0.780685,1.179281,1.121784",,,0.600094,3.436043,8.533800,0.335119
518,23706,112.0,93.07,,13.721582773959998,14.07314682006836,33,,"0.781670,0.780685,1.179281,1.121784",,,0.600094,3.436043,8.533800,0.335119
519,23797,91.0,92.7,,13.721582773959998,14.07314682006836,33,,"0.781670,0.780685,1.179281,1.121784",,,0.600094,3.436043,8.533800,0.335119
520,23939,142.0,93.22,,13.721582773959998,14.07314682006836,33,,"0.781670,0.780685,1.179281,1.121784",,,0.600094,3.436043,8.533800,0.335119
521,24071,132.0,93.21,,13.721582773959998,14.07314682006836,33,,"0.781670,0.780685,1.179281,1.121784",,,0.600094,3.436043,8.533800,0.335119
522,24106,35.0,91.2,,13.721582773959998,14.07314682006836,33,,"0.781670,0.780685,1.179281,1.121784",,,0.600094,3.436043,8.533800,0.335119
523,24233,127.0,92.14,,13.721582773959998,14.07314682006836,33,,"0.781670,0.780685,1.179281,1.121784",,,0.600094,3.436043,8.533800,0.335119
524,24352,119.0,93.06,,13.721582773959998,14.07314682006836,33,,"0.781670,0.780685,1.179281,1.121784",,,0.600094,3.436043,8.533800,0.335119
525,24480,128.0,93.34,,13.721582773959998,14.07314682006836,33,,"0.781670,0.780685,1.179281,1.121784",,,0.600094,3.436043,8.533800,0.335119
526,24523,43.0,93.46,,13.721582773959998,14.07314682006836,33,,"0.781670,0.780685,1.179281,1.121784",,,0.600094,3.436043,8.533800,0.335119
527,24652,129.0,94.21,,13.721582773959998,14.07314682006836,33,,"0.781670,0.780685,1.179281,1.121784",,,0.600094,3.436043,8.533800,0.335119
528,24764,112.0,95.15,,13.4282848554499,14.926096200942993,34,,"0.770953,0.768706,1.189346,1.130850",,,0.600863,3.530359,7.564528,0.457187
529,24873,109.0,95.63,,13.4282848554499,14.926096200942993,34,,"0.770953,0.768706,1.189346,1.130850",,,0.600863,3.530359,7.564528,0.457187
530,25038,165.0,96.63,,13.4282848554499,14.927117824554443,34,,"0.770953,0.768706,1.189346,1.130850",,,0.600863,3.530359,7.564528,0.457187
531,25111,73.0,96.09,,13.4282848554499,14.927117824554443,34,,"0.770953,0.768706,1.189346,1.130850",,,0.600863,3.530359,7.564528,0.457187
532,25312,201.0,96.15,,13.4282848554499,14.927117824554443,34,,"0.770953,0.768706,1.189346,1.130850",,,0.600863,3.530359,7.564528,0.457187
533,25456,144.0,96.99,,13.4282848554499,14.927117824554443,34,,"0.770953,0.768706,1.189346,1.130850",,,0.600863,3.530359,7.564528,0.457187
534,25497,41.0,96.01,,13.4282848554499,14.927117824554443,34,,"0.770953,0.768706,1.189346,1.130850",,,0.600863,3.530359,7.564528,0.457187
535,25624,127.0,96.95,,13.4282848554499,14.927117824554443,34,,"0.770953,0.768706,1.189346,1.130850",,,0.600863,3.530359,7.564528,0.457187
536,25793,169.0,98.03,,13.4282848554499,14.927117824554443,34,,"0.770953,0.768706,1.189346,1.130850",,,0.600863,3.530359,7.564528,0.457187
537,25954,161.0,98.25,,13.4282848554499,14.927117824554443,34,,"0.770953,0.768706,1.189346,1.130850",,,0.600863,3.530359,7.564528,0.457187
538,26075,121.0,98.05,,13.4282848554499,14.927117824554443,34,,"0.770953,0.768706,1.189346,1.130850",,,0.600863,3.530359,7.564528,0.457187
539,26222,147.0,99.05,,13.4282848554499,14.927117824554443,34,,"0.770953,0.768706,1.189346,1.130850",,,0.600863,3.530359,7.564528,0.457187
540,26286,64.0,99.42,,13.4282848554499,14.927117824554443,34,,"0.770953,0.768706,1.189346,1.130850",,,0.600863,3.530359,7.564528,0.457187
541,26413,127.0,99.82,,13.4282848554499,14.927117824554443,34,,"0.770953,0.768706,1.189346,1.130850",,,0.600863,3.530359,7.564528,0.457187
542,26469,56.0,99.15,,13.4282848554499,14.927117824554443,34,,"0.770953,0.768706,1.189346,1.130850",,,0.600863,3.530359,7.564528,0.457187
543,26568,99.0,99.73,,13.4282848554499,14.927117824554443,34,,"0.770953,0.768706,1.189346,1.130850",,,0.600863,3.530359,7.564528,0.457187
544,26657,89.0,99.26,,13.151627622331892,15.7704496383667,35,,"0.759587,0.757269,1.199000,1.140501",,,0.581126,3.623698,7.589178,0.509495
545,26838,181.0,100.43,,13.151627622331892,15.7704496383667,35,,"0.759587,0.757269,1.199000,1.140501",,,0.581126,3.623698,7.589178,0.509495
546,26958,120.0,100.79,,13.151627622331892,15.7704496383667,35,,"0.759587,0.757269,1.199000,1.140501",,,0.581126,3.623698,7.589178,0.509495
547,27145,187.0,102.29,,13.151627622331892,15.7704496383667,35,,"0.759587,0.757269,1.199000,1.140501",,,0.581126,3.623698,7.589178,0.509495
548,27232,87.0,102.32,,13.151627622331892,15.7704496383667,35,,"0.759587,0.757269,1.199000,1.140501",,,0.581126,3.623698,7.589178,0.509495
549,27418,186.0,103.54,,13.151627622331892,15.7704496383667,35,,"0.759587,0.757269,1.199000,1.140501",192.2,82.44125181000105,0.581126,3.623698,7.589178,0.509495
550,27610,192.0,104.45,,13.151627622331892,15.7704496383667,35,,"0.759587,0.757269,1.199000,1.140501",,,0.581126,3.623698,7.589178,0.509495
551,27682,72.0,104.66,,13.151627622331892,15.7704496383667,35,,"0.759587,0.757269,1.199000,1.140501",,,0.581126,3.623698,7.589178,0.509495
552,27829,147.0,105.4,,13.151627622331892,15.7704496383667,35,,"0.759587,0.757269,1.199000,1.140501",,,0.581126,3.623698,7.589178,0.509495
553,27968,139.0,106.49,,13.151627622331892,15.7704496383667,35,,"0.759587,0.757269,1.199000,1.140501",,,0.581126,3.623698,7.589178,0.509495
554,28095,127.0,107.08,,13.151627622331892,15.7704496383667,35,,"0.759587,0.757269,1.199000,1.140501",,,0.581126,3.623698,7.589178,0.509495
555,28223,128.0,108.01,,13.151627622331892,15.7704496383667,35,,"0.759587,0.757269,1.199000,1.140501",,,0.581126,3.623698,7.589178,0.509495
556,28341,118.0,108.45,,13.151627622331892,15.7704496383667,35,,"0.759587,0.757269,1.199000,1.140501",,,0.581126,3.623698,7.589178,0.509495
557,28464,123.0,108.68,,13.151627622331892,15.7704496383667,35,,"0.759587,0.757269,1.199000,1.140501",,,0.581126,3.623698,7.589178,0.509495
558,28623,159.0,109.61,,13.151627622331892,15.7704496383667,35,,"0.759587,0.757269,1.199000,1.140501",,,0.581126,3.623698,7.589178,0.509495
559,28789,166.0,110.48,,13.151627622331892,15.7704496383667,35,,"0.759587,0.757269,1.199000,1.140501",,,0.581126,3.623698,7.589178,0.509495
560,28922,133.0,109.8,,12.883200479878319,16.841190338134766,36,,"0.748998,0.745975,1.208405,1.149992",,,0.581379,3.714331,7.064357,0.534841
561,29063,141.0,110.54,,12.883200479878319,16.841190338134766,36,,"0.748998,0.745975,1.208405,1.149992",,,0.581379,3.714331,7.064357,0.534841
562,29270,207.0,112.0,,12.883200479878319,16.841190338134766,36,,"0.748998,0.745975,1.208405,1.149992",,,0.581379,3.714331,7.064357,0.534841
563,29412,142.0,112.59,,12.883200479878319,16.841190338134766,36,,"0.748998,0.745975,1.208405,1.149992",,,0.581379,3.714331,7.064357,0.534841
564,29445,33.0,111.99,,12.883200479878319,16.841190338134766,36,,"0.748998,0.745975,1.208405,1.149992",,,0.581379,3.714331,7.064357,0.534841
565,29515,70.0,111.47,,12.883200479878319,16.841190338134766,36,,"0.748998,0.745975,1.208405,1.149992",,,0.581379,3.714331,7.064357,0.534841
566,29639,124.0,112.1,,12.883200479878319,16.841190338134766,36,,"0.748998,0.745975,1.208405,1.149992",,,0.581379,3.714331,7.064357,0.534841
567,29765,126.0,113.07,,12.883200479878319,16.841190338134766,36,,"0.748998,0.745975,1.208405,1.149992",,,0.581379,3.714331,7.064357,0.534841
568,29918,153.0,113.02,,12.883200479878319,16.841190338134766,36,,"0.748998,0.745975,1.208405,1.149992",,,0.581379,3.714331,7.064357,0.534841
569,30024,106.0,113.95,,12.883200479878319,16.841190338134766,36,,"0.748998,0.745975,1.208405,1.149992",,,0.581379,3.714331,7.064357,0.534841
570,30205,181.0,114.91,,12.883200479878319,16.841190338134766,36,,"0.748998,0.745975,1.208405,1.149992",,,0.581379,3.714331,7.064357,0.534841
571,30418,213.0,116.18,,12.883200479878319,16.841190338134766,36,,"0.748998,0.745975,1.208405,1.149992",,,0.581379,3.714331,7.064357,0.534841
572,30593,175.0,117.37,,12.883200479878319,16.841190338134766,36,,"0.748998,0.745975,1.208405,1.149992",,,0.581379,3.714331,7.064357,0.534841
573,30717,124.0,117.16,,12.883200479878319,16.841190338134766,36,,"0.748998,0.745975,1.208405,1.149992",,,0.581379,3.714331,7.064357,0.534841
574,30826,109.0,117.92,,12.883200479878319,16.842191457748413,36,,"0.748998,0.745975,1.208405,1.149992",,,0.581379,3.714331,7.064357,0.534841
575,31084,258.0,119.37,,12.883200479878319,16.842191457748413,36,,"0.748998,0.745975,1.208405,1.149992",,,0.581379,3.714331,7.064357,0.534841
576,31462,378.0,122.84,,12.633452028841585,18.198156595230103,37,,"0.738739,0.734814,1.217292,1.158801",,,0.574732,3.798265,7.329284,0.381320
577,31582,120.0,122.82,,12.633452028841585,18.198156595230103,37,,"0.738739,0.734814,1.217292,1.158801",,,0.574732,3.798265,7.329284,0.381320
578,31688,106.0,122.73,,12.633452028841585,18.198156595230103,37,,"0.738739,0.734814,1.217292,1.158801",,,0.574732,3.798265,7.329284,0.381320
579,31892,204.0,123.94,,12.633452028841585,18.198156595230103,37,,"0.738739,0.734814,1.217292,1.158801",,,0.574732,3.798265,7.329284,0.381320
580,32053,161.0,124.66,,12.633452028841585,18.198156595230103,37,,"0.738739,0.734814,1.217292,1.158801",,,0.574732,3.798265,7.329284,0.381320
581,32198,145.0,124.99,,12.633452028841585,18.198156595230103,37,,"0.738739,0.734814,1.217292,1.158801",,,0.574732,3.798265,7.329284,0.381320
582,32343,145.0,125.54,,12.633452028841585,18.199159145355225,37,,"0.738739,0.734814,1.217292,1.158801",,,0.574732,3.798265,7.329284,0.381320
583,32521,178.0,126.74,,12.633452028841585,18.199159145355225,37,,"0.738739,0.734814,1.217292,1.158801",,,0.574732,3.798265,7.329284,0.381320
584,32571,50.0,126.56,,12.633452028841585,18.199159145355225,37,,"0.738739,0.734814,1.217292,1.158801",,,0.574732,3.798265,7.329284,0.381320
585,32716,145.0,127.09,,12.633452028841585,18.199159145355225,37,,"0.738739,0.734814,1.217292,1.158801",,,0.574732,3.798265,7.329284,0.381320
586,32845,129.0,128.08,,12.633452028841585,18.199159145355225,37,,"0.738739,0.734814,1.217292,1.158801",,,0.574732,3.798265,7.329284,0.381320
587,33044,199.0,129.82,,12.633452028841585,18.199159145355225,37,,"0.738739,0.734814,1.217292,1.158801",,,0.574732,3.798265,7.329284,0.381320
588,33174,130.0,130.72,,12.633452028841585,18.199159145355225,37,,"0.738739,0.734814,1.217292,1.158801",,,0.574732,3.798265,7.329284,0.381320
589,33307,133.0,130.32,,12.633452028841585,18.199159145355225,37,,"0.738739,0.734814,1.217292,1.158801",,,0.574732,3.798265,7.329284,0.381320
590,33483,176.0,130.65,,12.633452028841585,18.199159145355225,37,,"0.738739,0.734814,1.217292,1.158801",,,0.574732,3.798265,7.329284,0.381320
591,33592,109.0,130.95,,12.633452028841585,18.199159145355225,37,,"0.738739,0.734814,1.217292,1.158801",,,0.574732,3.798265,7.329284,0.381320
592,33699,107.0,130.79,,12.379688444890474,19.33490252494812,38,,"0.727696,0.723501,1.225164,1.167202",,,0.582519,3.875996,6.045105,0.682026
593,33894,195.0,132.05,,12.379688444890474,19.33490252494812,38,,"0.727696,0.723501,1.225164,1.167202",,,0.582519,3.875996,6.045105,0.682026
594,34029,135.0,131.66,,12.379688444890474,19.33490252494812,38,,"0.727696,0.723501,1.225164,1.167202",,,0.582519,3.875996,6.045105,0.682026
595,34169,140.0,131.79,,12.379688444890474,19.33490252494812,38,,"0.727696,0.723501,1.225164,1.167202",,,0.582519,3.875996,6.045105,0.682026
596,34373,204.0,132.41,,12.379688444890474,19.33490252494812,38,,"0.727696,0.723501,1.225164,1.167202",,,0.582519,3.875996,6.045105,0.682026
597,34569,196.0,133.06,,12.379688444890474,19.33490252494812,38,,"0.727696,0.723501,1.225164,1.167202",,,0.582519,3.875996,6.045105,0.682026
598,34747,178.0,134.0,,12.379688444890474,19.33490252494812,38,,"0.727696,0.723501,1.225164,1.167202",,,0.582519,3.875996,6.045105,0.682026
599,35026,279.0,135.9,,12.379688444890474,19.33490252494812,38,,"0.727696,0.723501,1.225164,1.167202",188.4,79.81378327081107,0.582519,3.875996,6.045105,0.682026
600,35171,145.0,136.36,,12.379688444890474,19.33490252494812,38,,"0.727696,0.723501,1.225164,1.167202",,,0.582519,3.875996,6.045105,0.682026
601,35399,228.0,137.95,,12.379688444890474,19.33490252494812,38,,"0.727696,0.723501,1.225164,1.167202",,,0.582519,3.875996,6.045105,0.682026
602,35515,116.0,138.71,,12.379688444890474,19.33490252494812,38,,"0.727696,0.723501,1.225164,1.167202",,,0.582519,3.875996,6.045105,0.682026
603,35703,188.0,139.0,,12.379688444890474,19.33490252494812,38,,"0.727696,0.723501,1.225164,1.167202",,,0.582519,3.875996,6.045105,0.682026
604,35931,228.0,140.64,,12.379688444890474,19.33490252494812,38,,"0.727696,0.723501,1.225164,1.167202",,,0.582519,3.875996,6.045105,0.682026
605,36092,161.0,141.31,,12.379688444890474,19.33490252494812,38,,"0.727696,0.723501,1.225164,1.167202",,,0.582519,3.875996,6.045105,0.682026
606,36213,121.0,140.72,,12.379688444890474,19.33490252494812,38,,"0.727696,0.723501,1.225164,1.167202",,,0.582519,3.875996,6.045105,0.682026
607,36373,160.0,140.51,,12.379688444890474,19.33490252494812,38,,"0.727696,0.723501,1.225164,1.167202",,,0.582519,3.875996,6.045105,0.682026
608,36607,234.0,141.56,,12.14330131579668,20.371246814727783,39,,"0.716693,0.712747,1.232879,1.175267",,,0.572222,3.950323,6.372487,0.608164
609,36769,162.0,141.98,,12.14330131579668,20.371246814727783,39,,"0.716693,0.712747,1.232879,1.175267",,,0.572222,3.950323,6.372487,0.608164
610,36842,73.0,141.15,,12.14330131579668,20.371246814727783,39,,"0.716693,0.712747,1.232879,1.175267",,,0.572222,3.950323,6.372487,0.608164
611,37009,167.0,140.65,,12.14330131579668,20.371246814727783,39,,"0.716693,0.712747,1.232879,1.175267",,,0.572222,3.950323,6.372487,0.608164
612,37282,273.0,142.9,,12.14330131579668,20.371246814727783,39,,"0.716693,0.712747,1.232879,1.175267",,,0.572222,3.950323,6.372487,0.608164
613,37508,226.0,143.85,,12.14330131579668,20.371246814727783,39,,"0.716693,0.712747,1.232879,1.175267",,,0.572222,3.950323,6.372487,0.608164
614,37693,185.0,143.85,,12.14330131579668,20.371246814727783,39,,"0.716693,0.712747,1.232879,1.175267",,,0.572222,3.950323,6.372487,0.608164
615,37793,100.0,143.82,,12.14330131579668,20.371246814727783,39,,"0.716693,0.712747,1.232879,1.175267",,,0.572222,3.950323,6.372487,0.608164
616,37907,114.0,144.45,,12.14330131579668,20.371246814727783,39,,"0.716693,0.712747,1.232879,1.175267",,,0.572222,3.950323,6.372487,0.608164
617,37990,83.0,143.96,,12.14330131579668,20.371246814727783,39,,"0.716693,0.712747,1.232879,1.175267",,,0.572222,3.950323,6.372487,0.608164
618,38135,145.0,144.29,,12.14330131579668,20.371246814727783,39,,"0.716693,0.712747,1.232879,1.175267",,,0.572222,3.950323,6.372487,0.608164
619,38266,131.0,144.69,,12.14330131579668,20.371246814727783,39,,"0.716693,0.712747,1.232879,1.175267",,,0.572222,3.950323,6.372487,0.608164
620,38329,63.0,143.9,,12.14330131579668,20.371246814727783,39,,"0.716693,0.712747,1.232879,1.175267",,,0.572222,3.950323,6.372487,0.608164
621,38473,144.0,144.02,,12.14330131579668,20.371246814727783,39,,"0.716693,0.712747,1.232879,1.175267",,,0.572222,3.950323,6.372487,0.608164
622,38608,135.0,145.02,,12.14330131579668,20.371246814727783,39,,"0.716693,0.712747,1.232879,1.175267",,,0.572222,3.950323,6.372487,0.608164
623,38744,136.0,145.11,,12.14330131579668,20.371246814727783,39,,"0.716693,0.712747,1.232879,1.175267",,,0.572222,3.950323,6.372487,0.608164
624,38867,123.0,145.15,,11.913164180517196,21.429386615753174,40,,"0.705498,0.702622,1.240848,1.183339",,,0.572954,4.023251,5.947972,0.654351
625,39034,167.0,145.54,,11.913164180517196,21.430393934249878,40,,"0.705498,0.702622,1.240848,1.183339",,,0.572954,4.023251,5.947972,0.654351
626,39124,90.0,146.01,,11.913164180517196,21.430393934249878,40,,"0.705498,0.702622,1.240848,1.183339",,,0.572954,4.023251,5.947972,0.654351
627,39292,168.0,146.4,,11.913164180517196,21.430393934249878,40,,"0.705498,0.702622,1.240848,1.183339",,,0.572954,4.023251,5.947972,0.654351
628,39548,256.0,147.84,,11.913164180517196,21.430393934249878,40,,"0.705498,0.702622,1.240848,1.183339",,,0.572954,4.023251,5.947972,0.654351
629,39629,81.0,147.56,,11.913164180517196,21.430393934249878,40,,"0.705498,0.702622,1.240848,1.183339",,,0.572954,4.023251,5.947972,0.654351
630,39746,117.0,147.08,,11.913164180517196,21.430393934249878,40,,"0.705498,0.702622,1.240848,1.183339",,,0.572954,4.023251,5.947972,0.654351
631,39813,67.0,147.02,,11.913164180517196,21.430393934249878,40,,"0.705498,0.702622,1.240848,1.183339",,,0.572954,4.023251,5.947972,0.654351
632,39977,164.0,146.65,,11.913164180517196,21.430393934249878,40,,"0.705498,0.702622,1.240848,1.183339",,,0.572954,4.023251,5.947972,0.654351
633,40092,115.0,146.36,,11.913164180517196,21.430393934249878,40,,"0.705498,0.702622,1.240848,1.183339",,,0.572954,4.023251,5.947972,0.654351
634,40215,123.0,147.18,,11.913164180517196,21.430393934249878,40,,"0.705498,0.702622,1.240848,1.183339",,,0.572954,4.023251,5.947972,0.654351
635,40397,182.0,147.73,,11.913164180517196,21.430393934249878,40,,"0.705498,0.702622,1.240848,1.183339",,,0.572954,4.023251,5.947972,0.654351
636,40577,180.0,147.84,,11.913164180517196,21.430393934249878,40,,"0.705498,0.702622,1.240848,1.183339",,,0.572954,4.023251,5.947972,0.654351
637,40732,155.0,147.78,,11.913164180517196,21.430393934249878,40,,"0.705498,0.702622,1.240848,1.183339",,,0.572954,4.023251,5.947972,0.654351
638,40848,116.0,147.73,,11.913164180517196,21.430393934249878,40,,"0.705498,0.702622,1.240848,1.183339",,,0.572954,4.023251,5.947972,0.654351
639,40985,137.0,147.63,,11.913164180517196,21.430393934249878,40,,"0.705498,0.702622,1.240848,1.183339",,,0.572954,4.023251,5.947972,0.654351
640,41166,181.0,148.8,,11.694402694702148,22.404648065567017,41,,"0.694028,0.692738,1.247724,1.190855",,,0.561268,4.088791,5.919625,0.669548
641,41376,210.0,149.63,,11.694402694702148,22.404648065567017,41,,"0.694028,0.692738,1.247724,1.190855",,,0.561268,4.088791,5.919625,0.669548
642,41514,138.0,150.45,,11.694402694702148,22.404648065567017,41,,"0.694028,0.692738,1.247724,1.190855",,,0.561268,4.088791,5.919625,0.669548
643,41701,187.0,151.33,,11.694402694702148,22.404648065567017,41,,"0.694028,0.692738,1.247724,1.190855",,,0.561268,4.088791,5.919625,0.669548
644,41891,190.0,152.34,,11.694402694702148,22.404648065567017,41,,"0.694028,0.692738,1.247724,1.190855",,,0.561268,4.088791,5.919625,0.669548
645,42064,173.0,152.26,,11.694402694702148,22.405651092529297,41,,"0.694028,0.692738,1.247724,1.190855",,,0.561268,4.088791,5.919625,0.669548
646,42192,128.0,152.34,,11.694402694702148,22.405651092529297,41,,"0.694028,0.692738,1.247724,1.190855",,,0.561268,4.088791,5.919625,0.669548
647,42339,147.0,151.94,,11.694402694702148,22.405651092529297,41,,"0.694028,0.692738,1.247724,1.190855",,,0.561268,4.088791,5.919625,0.669548
648,42483,144.0,152.51,,11.694402694702148,22.405651092529297,41,,"0.694028,0.692738,1.247724,1.190855",,,0.561268,4.088791,5.919625,0.669548
649,42639,156.0,152.21,,11.694402694702148,22.405651092529297,41,,"0.694028,0.692738,1.247724,1.190855",182.4,73.3255753472143,0.561268,4.088791,5.919625,0.669548
650,42694,55.0,150.84,,11.694402694702148,22.406656980514526,41,,"0.694028,0.692738,1.247724,1.190855",,,0.561268,4.088791,5.919625,0.669548
651,42907,213.0,152.25,,11.694402694702148,22.406656980514526,41,,"0.694028,0.692738,1.247724,1.190855",,,0.561268,4.088791,5.919625,0.669548
652,43051,144.0,152.22,,11.694402694702148,22.406656980514526,41,,"0.694028,0.692738,1.247724,1.190855",,,0.561268,4.088791,5.919625,0.669548
653,43199,148.0,152.31,,11.694402694702148,22.406656980514526,41,,"0.694028,0.692738,1.247724,1.190855",,,0.561268,4.088791,5.919625,0.669548
654,43349,150.0,152.54,,11.694402694702148,22.406656980514526,41,,"0.694028,0.692738,1.247724,1.190855",,,0.561268,4.088791,5.919625,0.669548
655,43470,121.0,152.47,,11.694402694702148,22.406656980514526,41,,"0.694028,0.692738,1.247724,1.190855",,,0.561268,4.088791,5.919625,0.669548
656,43589,119.0,152.48,,11.477487019130162,23.300580739974976,42,,"0.681870,0.682326,1.251804,1.198537",,,0.567444,4.150530,5.229512,0.745063
657,43793,204.0,153.29,,11.477487019130162,23.300580739974976,42,,"0.681870,0.682326,1.251804,1.198537",,,0.567444,4.150530,5.229512,0.745063
658,43927,134.0,153.04,,11.477487019130162,23.300580739974976,42,,"0.681870,0.682326,1.251804,1.198537",,,0.567444,4.150530,5.229512,0.745063
659,44079,152.0,152.9,,11.477487019130162,23.300580739974976,42,,"0.681870,0.682326,1.251804,1.198537",,,0.567444,4.150530,5.229512,0.745063
660,44223,144.0,153.01,,11.477487019130162,23.300580739974976,42,,"0.681870,0.682326,1.251804,1.198537",,,0.567444,4.150530,5.229512,0.745063
661,44351,128.0,152.88,,11.477487019130162,23.300580739974976,42,,"0.681870,0.682326,1.251804,1.198537",,,0.567444,4.150530,5.229512,0.745063
662,44473,122.0,152.03,,11.477487019130162,23.300580739974976,42,,"0.681870,0.682326,1.251804,1.198537",,,0.567444,4.150530,5.229512,0.745063
663,44622,149.0,152.1,,11.477487019130162,23.300580739974976,42,,"0.681870,0.682326,1.251804,1.198537",,,0.567444,4.150530,5.229512,0.745063
664,44738,116.0,152.93,,11.477487019130162,23.300580739974976,42,,"0.681870,0.682326,1.251804,1.198537",,,0.567444,4.150530,5.229512,0.745063
665,44868,130.0,153.53,,11.477487019130162,23.300580739974976,42,,"0.681870,0.682326,1.251804,1.198537",,,0.567444,4.150530,5.229512,0.745063
666,45028,160.0,153.89,,11.477487019130162,23.300580739974976,42,,"0.681870,0.682326,1.251804,1.198537",,,0.567444,4.150530,5.229512,0.745063
667,45202,174.0,154.37,,11.477487019130162,23.300580739974976,42,,"0.681870,0.682326,1.251804,1.198537",,,0.567444,4.150530,5.229512,0.745063
668,45340,138.0,154.22,,11.477487019130162,23.300580739974976,42,,"0.681870,0.682326,1.251804,1.198537",,,0.567444,4.150530,5.229512,0.745063
669,45452,112.0,154.28,,11.477487019130162,23.300580739974976,42,,"0.681870,0.682326,1.251804,1.198537",,,0.567444,4.150530,5.229512,0.745063
670,45569,117.0,153.64,,11.477487019130162,23.300580739974976,42,,"0.681870,0.682326,1.251804,1.198537",,,0.567444,4.150530,5.229512,0.745063
671,45696,127.0,152.78,,11.477487019130162,23.300580739974976,42,,"0.681870,0.682326,1.251804,1.198537",,,0.567444,4.150530,5.229512,0.745063
672,45762,66.0,151.69,,11.277944481650064,24.22532844543457,43,,"0.671354,0.673124,1.255639,1.205877",,,0.560360,4.209277,5.836403,0.622544
673,45896,134.0,151.79,,11.277944481650064,24.22532844543457,43,,"0.671354,0.673124,1.255639,1.205877",,,0.560360,4.209277,5.836403,0.622544
674,46057,161.0,152.31,,11.277944481650064,24.22532844543457,43,,"0.671354,0.673124,1.255639,1.205877",,,0.560360,4.209277,5.836403,0.622544
675,46196,139.0,151.12,,11.277944481650064,24.22532844543457,43,,"0.671354,0.673124,1.255639,1.205877",,,0.560360,4.209277,5.836403,0.622544
676,46351,155.0,148.89,,11.277944481650064,24.22532844543457,43,,"0.671354,0.673124,1.255639,1.205877",,,0.560360,4.209277,5.836403,0.622544
677,46489,138.0,149.07,,11.277944481650064,24.22532844543457,43,,"0.671354,0.673124,1.255639,1.205877",,,0.560360,4.209277,5.836403,0.622544
678,46671,182.0,149.83,,11.277944481650064,24.22532844543457,43,,"0.671354,0.673124,1.255639,1.205877",,,0.560360,4.209277,5.836403,0.622544
679,46804,133.0,149.12,,11.277944481650064,24.22532844543457,43,,"0.671354,0.673124,1.255639,1.205877",,,0.560360,4.209277,5.836403,0.622544
680,46944,140.0,148.91,,11.277944481650064,24.22532844543457,43,,"0.671354,0.673124,1.255639,1.205877",,,0.560360,4.209277,5.836403,0.622544
681,47062,118.0,148.64,,11.277944481650064,24.22532844543457,43,,"0.671354,0.673124,1.255639,1.205877",,,0.560360,4.209277,5.836403,0.622544
682,47186,124.0,148.43,,11.277944481650064,24.22532844543457,43,,"0.671354,0.673124,1.255639,1.205877",,,0.560360,4.209277,5.836403,0.622544
683,47397,211.0,148.76,,11.277944481650064,24.22532844543457,43,,"0.671354,0.673124,1.255639,1.205877",,,0.560360,4.209277,5.836403,0.622544
684,47538,141.0,149.67,,11.277944481650064,24.22532844543457,43,,"0.671354,0.673124,1.255639,1.205877",,,0.560360,4.209277,5.836403,0.622544
685,47662,124.0,149.46,,11.277944481650064,24.22532844543457,43,,"0.671354,0.673124,1.255639,1.205877",,,0.560360,4.209277,5.836403,0.622544
686,47797,135.0,149.52,,11.277944481650064,24.22532844543457,43,,"0.671354,0.673124,1.255639,1.205877",,,0.560360,4.209277,5.836403,0.622544
687,47913,116.0,148.69,,11.277944481650064,24.22532844543457,43,,"0.671354,0.673124,1.255639,1.205877",,,0.560360,4.209277,5.836403,0.622544
688,48070,157.0,148.96,,11.085028886795044,25.089024782180786,44,,"0.660631,0.664644,1.258939,1.212605",,,0.555425,4.263508,5.620218,0.683592
689,48199,129.0,148.92,,11.085028886795044,25.089569568634033,44,,"0.660631,0.664644,1.258939,1.212605",,,0.555425,4.263508,5.620218,0.683592
690,48340,141.0,148.57,,11.085028886795044,25.089569568634033,44,,"0.660631,0.664644,1.258939,1.212605",,,0.555425,4.263508,5.620218,0.683592
691,48493,153.0,149.01,,11.085028886795044,25.089569568634033,44,,"0.660631,0.664644,1.258939,1.212605",,,0.555425,4.263508,5.620218,0.683592
692,48647,154.0,149.48,,11.085028886795044,25.089569568634033,44,,"0.660631,0.664644,1.258939,1.212605",,,0.555425,4.263508,5.620218,0.683592
693,48826,179.0,149.32,,11.085028886795044,25.089569568634033,44,,"0.660631,0.664644,1.258939,1.212605",,,0.555425,4.263508,5.620218,0.683592
694,48996,170.0,149.67,,11.085028886795044,25.089569568634033,44,,"0.660631,0.664644,1.258939,1.212605",,,0.555425,4.263508,5.620218,0.683592
695,49122,126.0,149.53,,11.085028886795044,25.089569568634033,44,,"0.660631,0.664644,1.258939,1.212605",,,0.555425,4.263508,5.620218,0.683592
696,49253,131.0,148.8,,11.085028886795044,25.089569568634033,44,,"0.660631,0.664644,1.258939,1.212605",,,0.555425,4.263508,5.620218,0.683592
697,49390,137.0,148.21,,11.085028886795044,25.089569568634033,44,,"0.660631,0.664644,1.258939,1.212605",,,0.555425,4.263508,5.620218,0.683592
698,49508,118.0,147.61,,11.085028886795044,25.089569568634033,44,,"0.660631,0.664644,1.258939,1.212605",,,0.555425,4.263508,5.620218,0.683592
699,49563,55.0,145.37,,11.085028886795044,25.089569568634033,44,,"0.660631,0.664644,1.258939,1.212605",153.8,34.66064050187186,0.555425,4.263508,5.620218,0.683592
700,49677,114.0,145.06,,11.085028886795044,25.089569568634033,44,,"0.660631,0.664644,1.258939,1.212605",,,0.555425,4.263508,5.620218,0.683592
701,49846,169.0,144.47,,11.085028886795044,25.089569568634033,44,,"0.660631,0.664644,1.258939,1.212605",,,0.555425,4.263508,5.620218,0.683592
702,50034,188.0,145.19,,11.085028886795044,25.089569568634033,44,,"0.660631,0.664644,1.258939,1.212605",,,0.555425,4.263508,5.620218,0.683592
703,50169,135.0,144.66,,11.085028886795044,25.089569568634033,44,,"0.660631,0.664644,1.258939,1.212605",,,0.555425,4.263508,5.620218,0.683592
704,50291,122.0,143.6,,10.905215787887574,25.952516555786133,45,,"0.649266,0.655972,1.263511,1.219446",,,0.549851,4.317639,6.030848,0.626507
705,50428,137.0,143.36,,10.905215787887574,25.952516555786133,45,,"0.649266,0.655972,1.263511,1.219446",,,0.549851,4.317639,6.030848,0.626507
706,50520,92.0,143.07,,10.905215787887574,25.952516555786133,45,,"0.649266,0.655972,1.263511,1.219446",,,0.549851,4.317639,6.030848,0.626507
707,50651,131.0,142.78,,10.905215787887574,25.952516555786133,45,,"0.649266,0.655972,1.263511,1.219446",,,0.549851,4.317639,6.030848,0.626507
708,50785,134.0,141.78,,10.905215787887574,25.952516555786133,45,,"0.649266,0.655972,1.263511,1.219446",,,0.549851,4.317639,6.030848,0.626507
709,50923,138.0,141.54,,10.905215787887574,25.952516555786133,45,,"0.649266,0.655972,1.263511,1.219446",,,0.549851,4.317639,6.030848,0.626507
710,51090,167.0,142.48,,10.905215787887574,25.952516555786133,45,,"0.649266,0.655972,1.263511,1.219446",,,0.549851,4.317639,6.030848,0.626507
711,51209,119.0,142.0,,10.905215787887574,25.952516555786133,45,,"0.649266,0.655972,1.263511,1.219446",,,0.549851,4.317639,6.030848,0.626507
712,51347,138.0,140.65,,10.905215787887574,25.952516555786133,45,,"0.649266,0.655972,1.263511,1.219446",,,0.549851,4.317639,6.030848,0.626507
713,51471,124.0,139.63,,10.905215787887574,25.952516555786133,45,,"0.649266,0.655972,1.263511,1.219446",,,0.549851,4.317639,6.030848,0.626507
714,51630,159.0,139.37,,10.905215787887574,25.952516555786133,45,,"0.649266,0.655972,1.263511,1.219446",,,0.549851,4.317639,6.030848,0.626507
715,51754,124.0,139.61,,10.905215787887574,25.952516555786133,45,,"0.649266,0.655972,1.263511,1.219446",,,0.549851,4.317639,6.030848,0.626507
716,51958,204.0,140.51,,10.905215787887574,25.952516555786133,45,,"0.649266,0.655972,1.263511,1.219446",,,0.549851,4.317639,6.030848,0.626507
717,52036,78.0,140.46,,10.905215787887574,25.952516555786133,45,,"0.649266,0.655972,1.263511,1.219446",,,0.549851,4.317639,6.030848,0.626507
718,52181,145.0,140.46,,10.905215787887574,25.952516555786133,45,,"0.649266,0.655972,1.263511,1.219446",,,0.549851,4.317639,6.030848,0.626507
719,52322,141.0,140.56,,10.905215787887574,25.952516555786133,45,,"0.649266,0.655972,1.263511,1.219446",,,0.549851,4.317639,6.030848,0.626507
720,52427,105.0,140.98,,10.729569849760637,26.778538703918457,46,,"0.638786,0.648412,1.266990,1.225411",,,0.551386,4.365402,5.684018,0.686445
721,52538,111.0,140.65,,10.729569849760637,26.778538703918457,46,,"0.638786,0.648412,1.266990,1.225411",,,0.551386,4.365402,5.684018,0.686445
722,52672,134.0,140.64,,10.729569849760637,26.778538703918457,46,,"0.638786,0.648412,1.266990,1.225411",,,0.551386,4.365402,5.684018,0.686445
723,52803,131.0,140.59,,10.729569849760637,26.778538703918457,46,,"0.638786,0.648412,1.266990,1.225411",,,0.551386,4.365402,5.684018,0.686445
724,52975,172.0,141.08,,10.729569849760637,26.778538703918457,46,,"0.638786,0.648412,1.266990,1.225411",,,0.551386,4.365402,5.684018,0.686445
725,53134,159.0,141.0,,10.729569849760637,26.77954125404358,46,,"0.638786,0.648412,1.266990,1.225411",,,0.551386,4.365402,5.684018,0.686445
726,53266,132.0,141.42,,10.729569849760637,26.77954125404358,46,,"0.638786,0.648412,1.266990,1.225411",,,0.551386,4.365402,5.684018,0.686445
727,53381,115.0,140.89,,10.729569849760637,26.77954125404358,46,,"0.638786,0.648412,1.266990,1.225411",,,0.551386,4.365402,5.684018,0.686445
728,53500,119.0,139.52,,10.729569849760637,26.77954125404358,46,,"0.638786,0.648412,1.266990,1.225411",,,0.551386,4.365402,5.684018,0.686445
729,53639,139.0,140.1,,10.729569849760637,26.77954125404358,46,,"0.638786,0.648412,1.266990,1.225411",,,0.551386,4.365402,5.684018,0.686445
730,53770,131.0,140.24,,10.729569849760637,26.77954125404358,46,,"0.638786,0.648412,1.266990,1.225411",,,0.551386,4.365402,5.684018,0.686445
731,53942,172.0,141.29,,10.729569849760637,26.77954125404358,46,,"0.638786,0.648412,1.266990,1.225411",,,0.551386,4.365402,5.684018,0.686445
732,54128,186.0,141.51,,10.729569849760637,26.77954125404358,46,,"0.638786,0.648412,1.266990,1.225411",,,0.551386,4.365402,5.684018,0.686445
733,54247,119.0,141.55,,10.729569849760637,26.77954125404358,46,,"0.638786,0.648412,1.266990,1.225411",,,0.551386,4.365402,5.684018,0.686445
734,54395,148.0,141.8,,10.729569849760637,26.77954125404358,46,,"0.638786,0.648412,1.266990,1.225411",,,0.551386,4.365402,5.684018,0.686445
735,54513,118.0,141.16,,10.729569849760637,26.77954125404358,46,,"0.638786,0.648412,1.266990,1.225411",,,0.551386,4.365402,5.684018,0.686445
736,54633,120.0,140.56,,10.562303908327793,27.492509603500366,47,,"0.627551,0.640786,1.268868,1.231263",,,0.550267,4.410926,5.775398,0.690442
737,54747,114.0,140.15,,10.562303908327793,27.492509603500366,47,,"0.627551,0.640786,1.268868,1.231263",,,0.550267,4.410926,5.775398,0.690442
738,54904,157.0,140.56,,10.562303908327793,27.492509603500366,47,,"0.627551,0.640786,1.268868,1.231263",,,0.550267,4.410926,5.775398,0.690442
739,55029,125.0,140.44,,10.562303908327793,27.492509603500366,47,,"0.627551,0.640786,1.268868,1.231263",,,0.550267,4.410926,5.775398,0.690442
740,55145,116.0,139.79,,10.562303908327793,27.492509603500366,47,,"0.627551,0.640786,1.268868,1.231263",,,0.550267,4.410926,5.775398,0.690442
741,55219,74.0,138.43,,10.562303908327793,27.492509603500366,47,,"0.627551,0.640786,1.268868,1.231263",,,0.550267,4.410926,5.775398,0.690442
742,55349,130.0,138.35,,10.562303908327793,27.492509603500366,47,,"0.627551,0.640786,1.268868,1.231263",,,0.550267,4.410926,5.775398,0.690442
743,55474,125.0,137.73,,10.562303908327793,27.492509603500366,47,,"0.627551,0.640786,1.268868,1.231263",,,0.550267,4.410926,5.775398,0.690442
744,55591,117.0,137.0,,10.562303908327793,27.492509603500366,47,,"0.627551,0.640786,1.268868,1.231263",,,0.550267,4.410926,5.775398,0.690442
745,55725,134.0,136.61,,10.562303908327793,27.492509603500366,47,,"0.627551,0.640786,1.268868,1.231263",,,0.550267,4.410926,5.775398,0.690442
746,55835,110.0,136.43,,10.562303908327793,27.492509603500366,47,,"0.627551,0.640786,1.268868,1.231263",,,0.550267,4.410926,5.775398,0.690442
747,55952,117.0,136.13,,10.562303908327793,27.492509603500366,47,,"0.627551,0.640786,1.268868,1.231263",,,0.550267,4.410926,5.775398,0.690442
748,56083,131.0,136.0,,10.562303908327793,27.49351739883423,47,,"0.627551,0.640786,1.268868,1.231263",,,0.550267,4.410926,5.775398,0.690442
749,56236,153.0,135.97,,10.562303908327793,27.49351739883423,47,,"0.627551,0.640786,1.268868,1.231263",140.0,21.568495543268657,0.550267,4.410926,5.775398,0.690442
750,56389,153.0,136.95,,10.562303908327793,27.49351739883423,47,,"0.627551,0.640786,1.268868,1.231263",,,0.550267,4.410926,5.775398,0.690442
751,56513,124.0,136.06,,10.562303908327793,27.49351739883423,47,,"0.627551,0.640786,1.268868,1.231263",,,0.550267,4.410926,5.775398,0.690442
752,56658,145.0,136.07,,10.401888544360796,28.168277502059937,48,,"0.616734,0.633721,1.268817,1.236388",,,0.546193,4.448994,5.743534,0.684066
753,56784,126.0,135.85,,10.401888544360796,28.168277502059937,48,,"0.616734,0.633721,1.268817,1.236388",,,0.546193,4.448994,5.743534,0.684066
754,56905,121.0,135.56,,10.401888544360796,28.169293642044067,48,,"0.616734,0.633721,1.268817,1.236388",,,0.546193,4.448994,5.743534,0.684066
755,57040,135.0,135.7,,10.401888544360796,28.169293642044067,48,,"0.616734,0.633721,1.268817,1.236388",,,0.546193,4.448994,5.743534,0.684066
756,57195,155.0,136.06,,10.401888544360796,28.169293642044067,48,,"0.616734,0.633721,1.268817,1.236388",,,0.546193,4.448994,5.743534,0.684066
757,57312,117.0,135.19,,10.401888544360796,28.169293642044067,48,,"0.616734,0.633721,1.268817,1.236388",,,0.546193,4.448994,5.743534,0.684066
758,57447,135.0,135.2,,10.401888544360796,28.169293642044067,48,,"0.616734,0.633721,1.268817,1.236388",,,0.546193,4.448994,5.743534,0.684066
759,57579,132.0,135.0,,10.401888544360796,28.169293642044067,48,,"0.616734,0.633721,1.268817,1.236388",,,0.546193,4.448994,5.743534,0.684066
760,57715,136.0,134.92,,10.401888544360796,28.169293642044067,48,,"0.616734,0.633721,1.268817,1.236388",,,0.546193,4.448994,5.743534,0.684066
761,57827,112.0,134.76,,10.401888544360796,28.169293642044067,48,,"0.616734,0.633721,1.268817,1.236388",,,0.546193,4.448994,5.743534,0.684066
762,57961,134.0,134.88,,10.401888544360796,28.169293642044067,48,,"0.616734,0.633721,1.268817,1.236388",,,0.546193,4.448994,5.743534,0.684066
763,58092,131.0,134.7,,10.401888544360796,28.169293642044067,48,,"0.616734,0.633721,1.268817,1.236388",,,0.546193,4.448994,5.743534,0.684066
764,58225,133.0,134.87,,10.401888544360796,28.169293642044067,48,,"0.616734,0.633721,1.268817,1.236388",,,0.546193,4.448994,5.743534,0.684066
765,58339,114.0,134.71,,10.401888544360796,28.169293642044067,48,,"0.616734,0.633721,1.268817,1.236388",,,0.546193,4.448994,5.743534,0.684066
766,58464,125.0,134.36,,10.401888544360796,28.169293642044067,48,,"0.616734,0.633721,1.268817,1.236388",,,0.546193,4.448994,5.743534,0.684066
767,58599,135.0,133.97,,10.401888544360796,28.169293642044067,48,,"0.616734,0.633721,1.268817,1.236388",,,0.546193,4.448994,5.743534,0.684066
768,58734,135.0,133.94,,10.247827228234739,29.000152349472046,49,,"0.605807,0.626938,1.269341,1.240424",,,0.541450,4.479106,5.725765,0.696327
769,58868,134.0,134.16,,10.247827228234739,29.001156091690063,49,,"0.605807,0.626938,1.269341,1.240424",,,0.541450,4.479106,5.725765,0.696327
770,59042,174.0,134.73,,10.247827228234739,29.001156091690063,49,,"0.605807,0.626938,1.269341,1.240424",,,0.541450,4.479106,5.725765,0.696327
771,59177,135.0,134.81,,10.247827228234739,29.001156091690063,49,,"0.605807,0.626938,1.269341,1.240424",,,0.541450,4.479106,5.725765,0.696327
772,59311,134.0,135.49,,10.247827228234739,29.001156091690063,49,,"0.605807,0.626938,1.269341,1.240424",,,0.541450,4.479106,5.725765,0.696327
773,59447,136.0,135.51,,10.247827228234739,29.001156091690063,49,,"0.605807,0.626938,1.269341,1.240424",,,0.541450,4.479106,5.725765,0.696327
774,59607,160.0,135.5,,10.247827228234739,29.001156091690063,49,,"0.605807,0.626938,1.269341,1.240424",,,0.541450,4.479106,5.725765,0.696327
775,59779,172.0,135.83,,10.247827228234739,29.001156091690063,49,,"0.605807,0.626938,1.269341,1.240424",,,0.541450,4.479106,5.725765,0.696327
776,59975,196.0,136.24,,10.247827228234739,29.001156091690063,49,,"0.605807,0.626938,1.269341,1.240424",,,0.541450,4.479106,5.725765,0.696327
777,60043,68.0,135.54,,10.247827228234739,29.001156091690063,49,,"0.605807,0.626938,1.269341,1.240424",,,0.541450,4.479106,5.725765,0.696327
778,60195,152.0,135.24,,10.247827228234739,29.001156091690063,49,,"0.605807,0.626938,1.269341,1.240424",,,0.541450,4.479106,5.725765,0.696327
779,60313,118.0,135.09,,10.247827228234739,29.001156091690063,49,,"0.605807,0.626938,1.269341,1.240424",,,0.541450,4.479106,5.725765,0.696327
780,60413,100.0,134.69,,10.247827228234739,29.001156091690063,49,,"0.605807,0.626938,1.269341,1.240424",,,0.541450,4.479106,5.725765,0.696327
781,60531,118.0,134.69,,10.247827228234739,29.001156091690063,49,,"0.605807,0.626938,1.269341,1.240424",,,0.541450,4.479106,5.725765,0.696327
782,60700,169.0,135.14,,10.247827228234739,29.001156091690063,49,,"0.605807,0.626938,1.269341,1.240424",,,0.541450,4.479106,5.725765,0.696327
783,60833,133.0,134.36,,10.247827228234739,29.001156091690063,49,,"0.605807,0.626938,1.269341,1.240424",,,0.541450,4.479106,5.725765,0.696327
784,60968,135.0,134.3,,10.106323504447937,29.70989203453064,50,,"0.596093,0.620350,1.272535,1.245944",,,0.544357,4.516984,6.413403,0.661552
785,61095,127.0,134.33,,10.106323504447937,29.70989203453064,50,,"0.596093,0.620350,1.272535,1.245944",,,0.544357,4.516984,6.413403,0.661552
786,61166,71.0,133.69,,10.106323504447937,29.70989203453064,50,,"0.596093,0.620350,1.272535,1.245944",,,0.544357,4.516984,6.413403,0.661552
787,61288,122.0,133.75,,10.106323504447937,29.70989203453064,50,,"0.596093,0.620350,1.272535,1.245944",,,0.544357,4.516984,6.413403,0.661552
788,61450,162.0,133.8,,10.106323504447937,29.70989203453064,50,,"0.596093,0.620350,1.272535,1.245944",,,0.544357,4.516984,6.413403,0.661552
789,61567,117.0,133.68,,10.106323504447937,29.70989203453064,50,,"0.596093,0.620350,1.272535,1.245944",,,0.544357,4.516984,6.413403,0.661552
790,61653,86.0,133.13,,10.106323504447937,29.70989203453064,50,,"0.596093,0.620350,1.272535,1.245944",,,0.544357,4.516984,6.413403,0.661552
791,61781,128.0,132.88,,10.106323504447937,29.70989203453064,50,,"0.596093,0.620350,1.272535,1.245944",,,0.544357,4.516984,6.413403,0.661552
792,61939,158.0,132.92,,10.106323504447937,29.710933208465576,50,,"0.596093,0.620350,1.272535,1.245944",,,0.544357,4.516984,6.413403,0.661552
793,62059,120.0,132.33,,10.106323504447937,29.710933208465576,50,,"0.596093,0.620350,1.272535,1.245944",,,0.544357,4.516984,6.413403,0.661552
794,62204,145.0,132.08,,10.106323504447937,29.710933208465576,50,,"0.596093,0.620350,1.272535,1.245944",,,0.544357,4.516984,6.413403,0.661552
795,62328,124.0,132.06,,10.106323504447937,29.710933208465576,50,,"0.596093,0.620350,1.272535,1.245944",,,0.544357,4.516984,6.413403,0.661552
796,62383,55.0,131.3,,10.106323504447937,29.710933208465576,50,,"0.596093,0.620350,1.272535,1.245944",,,0.544357,4.516984,6.413403,0.661552
797,62488,105.0,130.98,,10.106323504447937,29.710933208465576,50,,"0.596093,0.620350,1.272535,1.245944",,,0.544357,4.516984,6.413403,0.661552
798,62607,119.0,130.99,,10.106323504447937,29.710933208465576,50,,"0.596093,0.620350,1.272535,1.245944",,,0.544357,4.516984,6.413403,0.661552
799,62746,139.0,131.83,,10.106323504447937,29.710933208465576,50,,"0.596093,0.620350,1.272535,1.245944",136.2,20.507559581773744,0.544357,4.516984,6.413403,0.661552
800,62807,61.0,131.3,,9.689392642974854,30.42833638191223,51,,"0.587523,0.613783,1.277267,1.252864",,,0.543933,4.560550,5.863272,0.712558
801,62958,151.0,131.12,,9.689392642974854,30.42833638191223,51,,"0.587523,0.613783,1.277267,1.252864",,,0.543933,4.560550,5.863272,0.712558
802,63120,162.0,130.86,,9.689392642974854,30.42833638191223,51,,"0.587523,0.613783,1.277267,1.252864",,,0.543933,4.560550,5.863272,0.712558
803,63259,139.0,130.9,,9.689392642974854,30.42833638191223,51,,"0.587523,0.613783,1.277267,1.252864",,,0.543933,4.560550,5.863272,0.712558
804,63399,140.0,131.08,,9.689392642974854,30.42833638191223,51,,"0.587523,0.613783,1.277267,1.252864",,,0.543933,4.560550,5.863272,0.712558
805,63493,94.0,130.65,,9.689392642974854,30.42833638191223,51,,"0.587523,0.613783,1.277267,1.252864",,,0.543933,4.560550,5.863272,0.712558
806,63635,142.0,131.15,,9.689392642974854,30.42833638191223,51,,"0.587523,0.613783,1.277267,1.252864",,,0.543933,4.560550,5.863272,0.712558
807,63769,134.0,131.18,,9.689392642974854,30.42833638191223,51,,"0.587523,0.613783,1.277267,1.252864",,,0.543933,4.560550,5.863272,0.712558
808,63882,113.0,130.97,,9.689392642974854,30.42833638191223,51,,"0.587523,0.613783,1.277267,1.252864",,,0.543933,4.560550,5.863272,0.712558
809,63983,101.0,130.6,,9.689392642974854,30.42833638191223,51,,"0.587523,0.613783,1.277267,1.252864",,,0.543933,4.560550,5.863272,0.712558
810,64101,118.0,130.11,,9.689392642974854,30.42833638191223,51,,"0.587523,0.613783,1.277267,1.252864",,,0.543933,4.560550,5.863272,0.712558
811,64228,127.0,130.19,,9.689392642974854,30.42833638191223,51,,"0.587523,0.613783,1.277267,1.252864",,,0.543933,4.560550,5.863272,0.712558
812,64344,116.0,129.97,,9.689392642974854,30.42833638191223,51,,"0.587523,0.613783,1.277267,1.252864",,,0.543933,4.560550,5.863272,0.712558
813,64482,138.0,130.11,,9.689392642974854,30.42833638191223,51,,"0.587523,0.613783,1.277267,1.252864",,,0.543933,4.560550,5.863272,0.712558
814,64590,108.0,129.6,,9.689392642974854,30.42833638191223,51,,"0.587523,0.613783,1.277267,1.252864",,,0.543933,4.560550,5.863272,0.712558
815,64734,144.0,129.8,,9.689392642974854,30.42833638191223,51,,"0.587523,0.613783,1.277267,1.252864",,,0.543933,4.560550,5.863272,0.712558
816,64859,125.0,129.01,,9.25292260169983,31.172312021255493,52,,"0.579473,0.607134,1.283444,1.258848",,,0.543904,4.600266,5.975943,0.715924
817,64980,121.0,129.44,,9.25292260169983,31.172312021255493,52,,"0.579473,0.607134,1.283444,1.258848",,,0.543904,4.600266,5.975943,0.715924
818,65102,122.0,129.21,,9.25292260169983,31.172312021255493,52,,"0.579473,0.607134,1.283444,1.258848",,,0.543904,4.600266,5.975943,0.715924
819,65274,172.0,129.52,,9.25292260169983,31.172312021255493,52,,"0.579473,0.607134,1.283444,1.258848",,,0.543904,4.600266,5.975943,0.715924
820,65407,133.0,129.8,,9.25292260169983,31.172312021255493,52,,"0.579473,0.607134,1.283444,1.258848",,,0.543904,4.600266,5.975943,0.715924
821,65531,124.0,129.93,,9.25292260169983,31.172312021255493,52,,"0.579473,0.607134,1.283444,1.258848",,,0.543904,4.600266,5.975943,0.715924
822,65589,58.0,129.17,,9.25292260169983,31.172312021255493,52,,"0.579473,0.607134,1.283444,1.258848",,,0.543904,4.600266,5.975943,0.715924
823,65721,132.0,129.18,,9.25292260169983,31.172312021255493,52,,"0.579473,0.607134,1.283444,1.258848",,,0.543904,4.600266,5.975943,0.715924
824,65844,123.0,128.69,,9.25292260169983,31.172312021255493,52,,"0.579473,0.607134,1.283444,1.258848",,,0.543904,4.600266,5.975943,0.715924
825,65916,72.0,127.82,,9.25292260169983,31.172312021255493,52,,"0.579473,0.607134,1.283444,1.258848",,,0.543904,4.600266,5.975943,0.715924
826,66043,127.0,127.77,,9.25292260169983,31.172312021255493,52,,"0.579473,0.607134,1.283444,1.258848",,,0.543904,4.600266,5.975943,0.715924
827,66179,136.0,127.98,,9.25292260169983,31.172312021255493,52,,"0.579473,0.607134,1.283444,1.258848",,,0.543904,4.600266,5.975943,0.715924
828,66323,144.0,128.23,,9.25292260169983,31.172312021255493,52,,"0.579473,0.607134,1.283444,1.258848",,,0.543904,4.600266,5.975943,0.715924
829,66451,128.0,128.12,,9.25292260169983,31.172312021255493,52,,"0.579473,0.607134,1.283444,1.258848",,,0.543904,4.600266,5.975943,0.715924
830,66590,139.0,128.2,,9.25292260169983,31.173312664031982,52,,"0.579473,0.607134,1.283444,1.258848",,,0.543904,4.600266,5.975943,0.715924
831,66730,140.0,127.88,,9.25292260169983,31.173312664031982,52,,"0.579473,0.607134,1.283444,1.258848",,,0.543904,4.600266,5.975943,0.715924
832,66879,149.0,127.51,,8.77985004901886,31.951224088668823,53,,"0.571430,0.601036,1.288127,1.263554",,,0.536220,4.632440,5.472749,0.768281
833,67016,137.0,127.69,,8.77985004901886,31.951224088668823,53,,"0.571430,0.601036,1.288127,1.263554",,,0.536220,4.632440,5.472749,0.768281
834,67137,121.0,127.42,,8.77985004901886,31.951224088668823,53,,"0.571430,0.601036,1.288127,1.263554",,,0.536220,4.632440,5.472749,0.768281
835,67249,112.0,127.36,,8.77985004901886,31.951224088668823,53,,"0.571430,0.601036,1.288127,1.263554",,,0.536220,4.632440,5.472749,0.768281
836,67367,118.0,127.34,,8.77985004901886,31.951224088668823,53,,"0.571430,0.601036,1.288127,1.263554",,,0.536220,4.632440,5.472749,0.768281
837,67491,124.0,127.44,,8.77985004901886,31.951224088668823,53,,"0.571430,0.601036,1.288127,1.263554",,,0.536220,4.632440,5.472749,0.768281
838,67641,150.0,127.37,,8.77985004901886,31.951224088668823,53,,"0.571430,0.601036,1.288127,1.263554",,,0.536220,4.632440,5.472749,0.768281
839,67771,130.0,127.42,,8.77985004901886,31.951224088668823,53,,"0.571430,0.601036,1.288127,1.263554",,,0.536220,4.632440,5.472749,0.768281
840,67895,124.0,127.5,,8.77985004901886,31.952226400375366,53,,"0.571430,0.601036,1.288127,1.263554",,,0.536220,4.632440,5.472749,0.768281
841,68010,115.0,127.91,,8.77985004901886,31.952226400375366,53,,"0.571430,0.601036,1.288127,1.263554",,,0.536220,4.632440,5.472749,0.768281
842,68180,170.0,128.31,,8.77985004901886,31.952226400375366,53,,"0.571430,0.601036,1.288127,1.263554",,,0.536220,4.632440,5.472749,0.768281
843,68297,117.0,128.23,,8.77985004901886,31.952226400375366,53,,"0.571430,0.601036,1.288127,1.263554",,,0.536220,4.632440,5.472749,0.768281
844,68427,130.0,128.36,,8.77985004901886,31.952226400375366,53,,"0.571430,0.601036,1.288127,1.263554",,,0.536220,4.632440,5.472749,0.768281
845,68524,97.0,127.99,,8.77985004901886,31.952226400375366,53,,"0.571430,0.601036,1.288127,1.263554",,,0.536220,4.632440,5.472749,0.768281
846,68648,124.0,128.13,,8.77985004901886,31.952226400375366,53,,"0.571430,0.601036,1.288127,1.263554",,,0.536220,4.632440,5.472749,0.768281
847,68811,163.0,128.59,,8.77985004901886,31.952226400375366,53,,"0.571430,0.601036,1.288127,1.263554",,,0.536220,4.632440,5.472749,0.768281
848,68942,131.0,128.59,,8.353543162345886,32.69812202453613,54,,"0.564967,0.595456,1.294480,1.268764",,,0.537053,4.669653,5.421396,0.762700
849,69102,160.0,128.66,,8.353543162345886,32.69812202453613,54,,"0.564967,0.595456,1.294480,1.268764",220.0,140.0756938230184,0.537053,4.669653,5.421396,0.762700
850,69253,151.0,128.64,,8.353543162345886,32.69812202453613,54,,"0.564967,0.595456,1.294480,1.268764",,,0.537053,4.669653,5.421396,0.762700
851,69379,126.0,128.66,,8.353543162345886,32.69812202453613,54,,"0.564967,0.595456,1.294480,1.268764",,,0.537053,4.669653,5.421396,0.762700
852,69501,122.0,128.43,,8.353543162345886,32.69812202453613,54,,"0.564967,0.595456,1.294480,1.268764",,,0.537053,4.669653,5.421396,0.762700
853,69582,81.0,127.98,,8.353543162345886,32.69812202453613,54,,"0.564967,0.595456,1.294480,1.268764",,,0.537053,4.669653,5.421396,0.762700
854,69697,115.0,127.92,,8.353543162345886,32.69812202453613,54,,"0.564967,0.595456,1.294480,1.268764",,,0.537053,4.669653,5.421396,0.762700
855,69799,102.0,127.59,,8.353543162345886,32.69812202453613,54,,"0.564967,0.595456,1.294480,1.268764",,,0.537053,4.669653,5.421396,0.762700
856,69930,131.0,127.35,,8.353543162345886,32.69812202453613,54,,"0.564967,0.595456,1.294480,1.268764",,,0.537053,4.669653,5.421396,0.762700
857,70069,139.0,127.57,,8.353543162345886,32.69812202453613,54,,"0.564967,0.595456,1.294480,1.268764",,,0.537053,4.669653,5.421396,0.762700
858,70183,114.0,127.36,,8.353543162345886,32.69812202453613,54,,"0.564967,0.595456,1.294480,1.268764",,,0.537053,4.669653,5.421396,0.762700
859,70302,119.0,127.23,,8.353543162345886,32.69812202453613,54,,"0.564967,0.595456,1.294480,1.268764",,,0.537053,4.669653,5.421396,0.762700
860,70471,169.0,127.56,,8.353543162345886,32.69812202453613,54,,"0.564967,0.595456,1.294480,1.268764",,,0.537053,4.669653,5.421396,0.762700
861,70609,138.0,127.82,,8.353543162345886,32.69812202453613,54,,"0.564967,0.595456,1.294480,1.268764",,,0.537053,4.669653,5.421396,0.762700
862,70720,111.0,127.59,,8.353543162345886,32.69812202453613,54,,"0.564967,0.595456,1.294480,1.268764",,,0.537053,4.669653,5.421396,0.762700
863,70828,108.0,127.36,,8.353543162345886,32.69812202453613,54,,"0.564967,0.595456,1.294480,1.268764",,,0.537053,4.669653,5.421396,0.762700
864,70966,138.0,127.41,,7.992368717193603,33.76154708862305,55,,"0.559138,0.589871,1.303312,1.275297",,,0.529529,4.717742,4.711320,0.810318
865,71105,139.0,127.66,,7.992368717193603,33.76154708862305,55,,"0.559138,0.589871,1.303312,1.275297",,,0.529529,4.717742,4.711320,0.810318
866,71260,155.0,127.96,,7.992368717193603,33.76154708862305,55,,"0.559138,0.589871,1.303312,1.275297",,,0.529529,4.717742,4.711320,0.810318
867,71399,139.0,128.0,,7.992368717193603,33.76154708862305,55,,"0.559138,0.589871,1.303312,1.275297",,,0.529529,4.717742,4.711320,0.810318
868,71600,201.0,128.66,,7.992368717193603,33.76154708862305,55,,"0.559138,0.589871,1.303312,1.275297",,,0.529529,4.717742,4.711320,0.810318
869,71768,168.0,129.0,,7.992368717193603,33.76154708862305,55,,"0.559138,0.589871,1.303312,1.275297",,,0.529529,4.717742,4.711320,0.810318
870,71915,147.0,128.73,,7.992368717193603,33.76154708862305,55,,"0.559138,0.589871,1.303312,1.275297",,,0.529529,4.717742,4.711320,0.810318
871,72076,161.0,128.99,,7.992368717193603,33.76154708862305,55,,"0.559138,0.589871,1.303312,1.275297",,,0.529529,4.717742,4.711320,0.810318
872,72323,247.0,130.12,,7.992368717193603,33.76254916191101,55,,"0.559138,0.589871,1.303312,1.275297",,,0.529529,4.717742,4.711320,0.810318
873,72464,141.0,130.17,,7.992368717193603,33.76254916191101,55,,"0.559138,0.589871,1.303312,1.275297",,,0.529529,4.717742,4.711320,0.810318
874,72589,125.0,129.82,,7.992368717193603,33.76254916191101,55,,"0.559138,0.589871,1.303312,1.275297",,,0.529529,4.717742,4.711320,0.810318
875,72669,80.0,128.9,,7.992368717193603,33.76254916191101,55,,"0.559138,0.589871,1.303312,1.275297",,,0.529529,4.717742,4.711320,0.810318
876,72837,168.0,128.62,,7.992368717193603,33.76254916191101,55,,"0.559138,0.589871,1.303312,1.275297",,,0.529529,4.717742,4.711320,0.810318
877,72994,157.0,129.51,,7.992368717193603,33.76254916191101,55,,"0.559138,0.589871,1.303312,1.275297",,,0.529529,4.717742,4.711320,0.810318
878,73126,132.0,129.31,,7.992368717193603,33.76254916191101,55,,"0.559138,0.589871,1.303312,1.275297",,,0.529529,4.717742,4.711320,0.810318
879,73346,220.0,130.33,,7.992368717193603,33.76254916191101,55,,"0.559138,0.589871,1.303312,1.275297",,,0.529529,4.717742,4.711320,0.810318
880,73473,127.0,130.6,,7.609877495765686,34.94339990615845,56,,"0.554157,0.587336,1.311129,1.280445",,,0.533007,4.756614,4.838014,0.803751
881,73645,172.0,131.14,,7.609877495765686,34.94440317153931,56,,"0.554157,0.587336,1.311129,1.280445",,,0.533007,4.756614,4.838014,0.803751
882,73833,188.0,131.33,,7.609877495765686,34.94440317153931,56,,"0.554157,0.587336,1.311129,1.280445",,,0.533007,4.756614,4.838014,0.803751
883,74141,308.0,133.08,,7.609877495765686,34.94440317153931,56,,"0.554157,0.587336,1.311129,1.280445",,,0.533007,4.756614,4.838014,0.803751
884,74329,188.0,133.61,,7.609877495765686,34.94440317153931,56,,"0.554157,0.587336,1.311129,1.280445",,,0.533007,4.756614,4.838014,0.803751
885,74484,155.0,133.89,,7.609877495765686,34.94440317153931,56,,"0.554157,0.587336,1.311129,1.280445",,,0.533007,4.756614,4.838014,0.803751
886,74609,125.0,134.43,,7.609877495765686,34.94440317153931,56,,"0.554157,0.587336,1.311129,1.280445",,,0.533007,4.756614,4.838014,0.803751
887,74757,148.0,134.69,,7.609877495765686,34.94440317153931,56,,"0.554157,0.587336,1.311129,1.280445",,,0.533007,4.756614,4.838014,0.803751
888,74907,150.0,134.57,,7.609877495765686,34.94440317153931,56,,"0.554157,0.587336,1.311129,1.280445",,,0.533007,4.756614,4.838014,0.803751
889,75108,201.0,135.41,,7.609877495765686,34.94440317153931,56,,"0.554157,0.587336,1.311129,1.280445",,,0.533007,4.756614,4.838014,0.803751
890,75300,192.0,136.47,,7.609877495765686,34.94440317153931,56,,"0.554157,0.587336,1.311129,1.280445",,,0.533007,4.756614,4.838014,0.803751
891,75449,149.0,136.68,,7.609877495765686,34.94440317153931,56,,"0.554157,0.587336,1.311129,1.280445",,,0.533007,4.756614,4.838014,0.803751
892,75628,179.0,136.89,,7.609877495765686,34.94440317153931,56,,"0.554157,0.587336,1.311129,1.280445",,,0.533007,4.756614,4.838014,0.803751
893,75826,198.0,137.67,,7.609877495765686,34.94440317153931,56,,"0.554157,0.587336,1.311129,1.280445",,,0.533007,4.756614,4.838014,0.803751
894,75986,160.0,137.82,,7.609877495765686,34.94440317153931,56,,"0.554157,0.587336,1.311129,1.280445",,,0.533007,4.756614,4.838014,0.803751
895,76140,154.0,138.12,,7.609877495765686,34.94440317153931,56,,"0.554157,0.587336,1.311129,1.280445",,,0.533007,4.756614,4.838014,0.803751
896,76301,161.0,139.18,,7.323110609054566,36.26142716407776,57,,"0.549500,0.584617,1.318625,1.284696",,,0.524323,4.790143,5.603754,0.705142
897,76465,164.0,139.77,,7.323110609054566,36.26142716407776,57,,"0.549500,0.584617,1.318625,1.284696",,,0.524323,4.790143,5.603754,0.705142
898,76703,238.0,140.96,,7.323110609054566,36.26142716407776,57,,"0.549500,0.584617,1.318625,1.284696",,,0.524323,4.790143,5.603754,0.705142
899,76883,180.0,141.37,,7.323110609054566,36.26142716407776,57,,"0.549500,0.584617,1.318625,1.284696",500.0,0.0,0.524323,4.790143,5.603754,0.705142
900,77168,285.0,143.61,,7.323110609054566,36.26142716407776,57,,"0.549500,0.584617,1.318625,1.284696",,,0.524323,4.790143,5.603754,0.705142
901,77408,240.0,144.5,,7.323110609054566,36.26142716407776,57,,"0.549500,0.584617,1.318625,1.284696",,,0.524323,4.790143,5.603754,0.705142
902,77580,172.0,144.6,,7.323110609054566,36.26142716407776,57,,"0.549500,0.584617,1.318625,1.284696",,,0.524323,4.790143,5.603754,0.705142
903,77753,173.0,144.94,,7.323110609054566,36.26142716407776,57,,"0.549500,0.584617,1.318625,1.284696",,,0.524323,4.790143,5.603754,0.705142
904,77935,182.0,145.36,,7.323110609054566,36.26142716407776,57,,"0.549500,0.584617,1.318625,1.284696",,,0.524323,4.790143,5.603754,0.705142
905,78079,144.0,145.86,,7.323110609054566,36.26142716407776,57,,"0.549500,0.584617,1.318625,1.284696",,,0.524323,4.790143,5.603754,0.705142
906,78266,187.0,146.31,,7.323110609054566,36.26142716407776,57,,"0.549500,0.584617,1.318625,1.284696",,,0.524323,4.790143,5.603754,0.705142
907,78562,296.0,147.93,,7.323110609054566,36.26142716407776,57,,"0.549500,0.584617,1.318625,1.284696",,,0.524323,4.790143,5.603754,0.705142
908,78739,177.0,148.57,,7.323110609054566,36.26142716407776,57,,"0.549500,0.584617,1.318625,1.284696",,,0.524323,4.790143,5.603754,0.705142
909,78962,223.0,149.79,,7.323110609054566,36.26142716407776,57,,"0.549500,0.584617,1.318625,1.284696",,,0.524323,4.790143,5.603754,0.705142
910,79118,156.0,150.17,,7.323110609054566,36.26142716407776,57,,"0.549500,0.584617,1.318625,1.284696",,,0.524323,4.790143,5.603754,0.705142
911,79336,218.0,151.08,,7.323110609054566,36.26142716407776,57,,"0.549500,0.584617,1.318625,1.284696",,,0.524323,4.790143,5.603754,0.705142
912,79489,153.0,151.45,,6.9503146839141845,37.938300132751465,58,,"0.545441,0.581482,1.325704,1.288844",,,0.528450,4.821177,6.185333,0.629720
913,79620,131.0,151.38,,6.9503146839141845,37.938300132751465,58,,"0.545441,0.581482,1.325704,1.288844",,,0.528450,4.821177,6.185333,0.629720
914,79807,187.0,152.17,,6.9503146839141845,37.938300132751465,58,,"0.545441,0.581482,1.325704,1.288844",,,0.528450,4.821177,6.185333,0.629720
915,79957,150.0,152.23,,6.9503146839141845,37.938300132751465,58,,"0.545441,0.581482,1.325704,1.288844",,,0.528450,4.821177,6.185333,0.629720
916,80128,171.0,152.69,,6.9503146839141845,37.938300132751465,58,,"0.545441,0.581482,1.325704,1.288844",,,0.528450,4.821177,6.185333,0.629720
917,80298,170.0,153.18,,6.9503146839141845,37.938300132751465,58,,"0.545441,0.581482,1.325704,1.288844",,,0.528450,4.821177,6.185333,0.629720
918,80520,222.0,154.18,,6.9503146839141845,37.938300132751465,58,,"0.545441,0.581482,1.325704,1.288844",,,0.528450,4.821177,6.185333,0.629720
919,80971,451.0,156.97,,6.9503146839141845,37.938300132751465,58,,"0.545441,0.581482,1.325704,1.288844",,,0.528450,4.821177,6.185333,0.629720
920,81177,206.0,157.7,,6.9503146839141845,37.938300132751465,58,,"0.545441,0.581482,1.325704,1.288844",,,0.528450,4.821177,6.185333,0.629720
921,81347,170.0,158.16,,6.9503146839141845,37.938300132751465,58,,"0.545441,0.581482,1.325704,1.288844",,,0.528450,4.821177,6.185333,0.629720
922,81592,245.0,160.03,,6.9503146839141845,37.938300132751465,58,,"0.545441,0.581482,1.325704,1.288844",,,0.528450,4.821177,6.185333,0.629720
923,81724,132.0,160.03,,6.9503146839141845,37.938300132751465,58,,"0.545441,0.581482,1.325704,1.288844",,,0.528450,4.821177,6.185333,0.629720
924,81856,132.0,160.12,,6.9503146839141845,37.938300132751465,58,,"0.545441,0.581482,1.325704,1.288844",,,0.528450,4.821177,6.185333,0.629720
925,82119,263.0,162.03,,6.9503146839141845,37.938300132751465,58,,"0.545441,0.581482,1.325704,1.288844",,,0.528450,4.821177,6.185333,0.629720
926,82254,135.0,162.11,,6.9503146839141845,37.938300132751465,58,,"0.545441,0.581482,1.325704,1.288844",,,0.528450,4.821177,6.185333,0.629720
927,82478,224.0,162.99,,6.9503146839141845,37.938300132751465,58,,"0.545441,0.581482,1.325704,1.288844",,,0.528450,4.821177,6.185333,0.629720
928,82605,127.0,162.82,,6.643884401321412,39.49993371963501,59,,"0.541968,0.577409,1.332759,1.292508",,,0.533380,4.849432,8.340217,0.124391
929,82805,200.0,163.54,,6.643884401321412,39.49993371963501,59,,"0.541968,0.577409,1.332759,1.292508",,,0.533380,4.849432,8.340217,0.124391
930,83124,319.0,165.34,,6.643884401321412,39.49993371963501,59,,"0.541968,0.577409,1.332759,1.292508",,,0.533380,4.849432,8.340217,0.124391
931,83422,298.0,166.92,,6.643884401321412,39.49993371963501,59,,"0.541968,0.577409,1.332759,1.292508",,,0.533380,4.849432,8.340217,0.124391
932,83565,143.0,166.86,,6.643884401321412,39.49993371963501,59,,"0.541968,0.577409,1.332759,1.292508",,,0.533380,4.849432,8.340217,0.124391
933,83830,265.0,168.14,,6.643884401321412,39.49993371963501,59,,"0.541968,0.577409,1.332759,1.292508",,,0.533380,4.849432,8.340217,0.124391
934,84156,326.0,170.19,,6.643884401321412,39.49993371963501,59,,"0.541968,0.577409,1.332759,1.292508",,,0.533380,4.849432,8.340217,0.124391
935,84285,129.0,170.36,,6.643884401321412,39.49993371963501,59,,"0.541968,0.577409,1.332759,1.292508",,,0.533380,4.849432,8.340217,0.124391
936,84423,138.0,170.56,,6.643884401321412,39.49993371963501,59,,"0.541968,0.577409,1.332759,1.292508",,,0.533380,4.849432,8.340217,0.124391
937,84535,112.0,170.44,,6.643884401321412,39.49993371963501,59,,"0.541968,0.577409,1.332759,1.292508",,,0.533380,4.849432,8.340217,0.124391
938,84859,324.0,172.18,,6.643884401321412,39.49993371963501,59,,"0.541968,0.577409,1.332759,1.292508",,,0.533380,4.849432,8.340217,0.124391
939,85094,235.0,173.23,,6.643884401321412,39.49993371963501,59,,"0.541968,0.577409,1.332759,1.292508",,,0.533380,4.849432,8.340217,0.124391
940,85279,185.0,173.84,,6.643884401321412,39.49993371963501,59,,"0.541968,0.577409,1.332759,1.292508",,,0.533380,4.849432,8.340217,0.124391
941,85424,145.0,174.14,,6.643884401321412,39.49993371963501,59,,"0.541968,0.577409,1.332759,1.292508",,,0.533380,4.849432,8.340217,0.124391
942,85556,132.0,173.76,,6.643884401321412,39.49993371963501,59,,"0.541968,0.577409,1.332759,1.292508",,,0.533380,4.849432,8.340217,0.124391
943,85684,128.0,173.87,,6.643884401321412,39.49993371963501,59,,"0.541968,0.577409,1.332759,1.292508",,,0.533380,4.849432,8.340217,0.124391
944,85811,127.0,173.84,,6.3989991855621335,40.44684982299805,60,,"0.539470,0.570287,1.341324,1.296157",,,0.535890,4.877357,11.430038,-0.215255
945,85972,161.0,174.48,,6.3989991855621335,40.44684982299805,60,,"0.539470,0.570287,1.341324,1.296157",,,0.535890,4.877357,11.430038,-0.215255
946,86077,105.0,174.29,,6.3989991855621335,40.44684982299805,60,,"0.539470,0.570287,1.341324,1.296157",,,0.535890,4.877357,11.430038,-0.215255
947,86190,113.0,173.79,,6.3989991855621335,40.44684982299805,60,,"0.539470,0.570287,1.341324,1.296157",,,0.535890,4.877357,11.430038,-0.215255
948,86306,116.0,173.64,,6.3989991855621335,40.44684982299805,60,,"0.539470,0.570287,1.341324,1.296157",,,0.535890,4.877357,11.430038,-0.215255
949,86428,122.0,173.26,,6.3989991855621335,40.44684982299805,60,,"0.539470,0.570287,1.341324,1.296157",364.8,165.89442425832158,0.535890,4.877357,11.430038,-0.215255
950,86538,110.0,172.85,,6.3989991855621335,40.44684982299805,60,,"0.539470,0.570287,1.341324,1.296157",,,0.535890,4.877357,11.430038,-0.215255
951,86671,133.0,172.92,,6.3989991855621335,40.44684982299805,60,,"0.539470,0.570287,1.341324,1.296157",,,0.535890,4.877357,11.430038,-0.215255
952,86864,193.0,173.63,,6.3989991855621335,40.44684982299805,60,,"0.539470,0.570287,1.341324,1.296157",,,0.535890,4.877357,11.430038,-0.215255
953,87122,258.0,175.4,,6.3989991855621335,40.44684982299805,60,,"0.539470,0.570287,1.341324,1.296157",,,0.535890,4.877357,11.430038,-0.215255
954,87315,193.0,176.18,,6.3989991855621335,40.44684982299805,60,,"0.539470,0.570287,1.341324,1.296157",,,0.535890,4.877357,11.430038,-0.215255
955,87441,126.0,176.42,,6.3989991855621335,40.44684982299805,60,,"0.539470,0.570287,1.341324,1.296157",,,0.535890,4.877357,11.430038,-0.215255
956,87610,169.0,176.8,,6.3989991855621335,40.44684982299805,60,,"0.539470,0.570287,1.341324,1.296157",,,0.535890,4.877357,11.430038,-0.215255
957,87704,94.0,176.35,,6.3989991855621335,40.44684982299805,60,,"0.539470,0.570287,1.341324,1.296157",,,0.535890,4.877357,11.430038,-0.215255
958,87851,147.0,176.68,,6.3989991855621335,40.44684982299805,60,,"0.539470,0.570287,1.341324,1.296157",,,0.535890,4.877357,11.430038,-0.215255
959,87943,92.0,176.41,,6.3989991855621335,40.44684982299805,60,,"0.539470,0.570287,1.341324,1.296157",,,0.535890,4.877357,11.430038,-0.215255
960,88031,88.0,175.6,,6.15092770576477,41.24658703804016,61,,"0.537659,0.561132,1.351176,1.299494",,,0.531522,4.904003,11.737411,-0.157251
961,88184,153.0,175.75,,6.15092770576477,41.24658703804016,61,,"0.537659,0.561132,1.351176,1.299494",,,0.531522,4.904003,11.737411,-0.157251
962,88291,107.0,175.71,,6.15092770576477,41.24658703804016,61,,"0.537659,0.561132,1.351176,1.299494",,,0.531522,4.904003,11.737411,-0.157251
963,88481,190.0,176.53,,6.15092770576477,41.24658703804016,61,,"0.537659,0.561132,1.351176,1.299494",,,0.531522,4.904003,11.737411,-0.157251
964,88619,138.0,176.53,,6.15092770576477,41.24658703804016,61,,"0.537659,0.561132,1.351176,1.299494",,,0.531522,4.904003,11.737411,-0.157251
965,88792,173.0,176.87,,6.15092770576477,41.24658703804016,61,,"0.537659,0.561132,1.351176,1.299494",,,0.531522,4.904003,11.737411,-0.157251
966,88935,143.0,176.75,,6.15092770576477,41.24658703804016,61,,"0.537659,0.561132,1.351176,1.299494",,,0.531522,4.904003,11.737411,-0.157251
967,89053,118.0,176.54,,6.15092770576477,41.24658703804016,61,,"0.537659,0.561132,1.351176,1.299494",,,0.531522,4.904003,11.737411,-0.157251
968,89161,108.0,175.61,,6.15092770576477,41.24658703804016,61,,"0.537659,0.561132,1.351176,1.299494",,,0.531522,4.904003,11.737411,-0.157251
969,89316,155.0,175.48,,6.15092770576477,41.24658703804016,61,,"0.537659,0.561132,1.351176,1.299494",,,0.531522,4.904003,11.737411,-0.157251
970,89442,126.0,175.27,,6.15092770576477,41.24658703804016,61,,"0.537659,0.561132,1.351176,1.299494",,,0.531522,4.904003,11.737411,-0.157251
971,89568,126.0,174.92,,6.15092770576477,41.24658703804016,61,,"0.537659,0.561132,1.351176,1.299494",,,0.531522,4.904003,11.737411,-0.157251
972,89727,159.0,174.04,,6.15092770576477,41.24658703804016,61,,"0.537659,0.561132,1.351176,1.299494",,,0.531522,4.904003,11.737411,-0.157251
973,89873,146.0,174.09,,6.15092770576477,41.24658703804016,61,,"0.537659,0.561132,1.351176,1.299494",,,0.531522,4.904003,11.737411,-0.157251
974,90022,149.0,174.33,,6.15092770576477,41.24658703804016,61,,"0.537659,0.561132,1.351176,1.299494",,,0.531522,4.904003,11.737411,-0.157251
975,90095,73.0,174.26,,6.15092770576477,41.24658703804016,61,,"0.537659,0.561132,1.351176,1.299494",,,0.531522,4.904003,11.737411,-0.157251
976,90283,188.0,174.46,,5.962644815444946,42.16605257987976,62,,"0.536271,0.551785,1.360862,1.302961",,,0.540070,4.931996,10.752493,-0.055940
977,90438,155.0,174.44,,5.962644815444946,42.16605257987976,62,,"0.536271,0.551785,1.360862,1.302961",,,0.540070,4.931996,10.752493,-0.055940
978,90557,119.0,174.31,,5.962644815444946,42.16605257987976,62,,"0.536271,0.551785,1.360862,1.302961",,,0.540070,4.931996,10.752493,-0.055940
979,90720,163.0,173.74,,5.962644815444946,42.16605257987976,62,,"0.536271,0.551785,1.360862,1.302961",,,0.540070,4.931996,10.752493,-0.055940
980,90828,108.0,173.55,,5.962644815444946,42.16605257987976,62,,"0.536271,0.551785,1.360862,1.302961",,,0.540070,4.931996,10.752493,-0.055940
981,91002,174.0,173.57,,5.962644815444946,42.16605257987976,62,,"0.536271,0.551785,1.360862,1.302961",,,0.540070,4.931996,10.752493,-0.055940
982,91110,108.0,172.77,,5.962644815444946,42.16605257987976,62,,"0.536271,0.551785,1.360862,1.302961",,,0.540070,4.931996,10.752493,-0.055940
983,91255,145.0,171.14,,5.962644815444946,42.16605257987976,62,,"0.536271,0.551785,1.360862,1.302961",,,0.540070,4.931996,10.752493,-0.055940
984,91427,172.0,170.98,,5.962644815444946,42.16605257987976,62,,"0.536271,0.551785,1.360862,1.302961",,,0.540070,4.931996,10.752493,-0.055940
985,91538,111.0,170.54,,5.962644815444946,42.16605257987976,62,,"0.536271,0.551785,1.360862,1.302961",,,0.540070,4.931996,10.752493,-0.055940
986,91667,129.0,170.58,,5.962644815444946,42.16605257987976,62,,"0.536271,0.551785,1.360862,1.302961",,,0.540070,4.931996,10.752493,-0.055940
987,91831,164.0,170.74,,5.962644815444946,42.16605257987976,62,,"0.536271,0.551785,1.360862,1.302961",,,0.540070,4.931996,10.752493,-0.055940
988,91983,152.0,170.76,,5.962644815444946,42.16605257987976,62,,"0.536271,0.551785,1.360862,1.302961",,,0.540070,4.931996,10.752493,-0.055940
989,92105,122.0,169.97,,5.962644815444946,42.16605257987976,62,,"0.536271,0.551785,1.360862,1.302961",,,0.540070,4.931996,10.752493,-0.055940
990,92238,133.0,169.38,,5.962644815444946,42.16605257987976,62,,"0.536271,0.551785,1.360862,1.302961",,,0.540070,4.931996,10.752493,-0.055940
991,92470,232.0,170.21,,5.962644815444946,42.16605257987976,62,,"0.536271,0.551785,1.360862,1.302961",,,0.540070,4.931996,10.752493,-0.055940
992,92658,188.0,170.3,,5.7135271644592285,42.972036600112915,63,,"0.535639,0.540707,1.371766,1.306499",,,0.527262,4.961097,11.257295,-0.086634
993,92808,150.0,169.82,,5.7135271644592285,42.97304010391235,63,,"0.535639,0.540707,1.371766,1.306499",,,0.527262,4.961097,11.257295,-0.086634
994,92953,145.0,169.67,,5.7135271644592285,42.97304010391235,63,,"0.535639,0.540707,1.371766,1.306499",,,0.527262,4.961097,11.257295,-0.086634
995,93100,147.0,169.6,,5.7135271644592285,42.97304010391235,63,,"0.535639,0.540707,1.371766,1.306499",,,0.527262,4.961097,11.257295,-0.086634
996,93219,119.0,169.18,,5.7135271644592285,42.97304010391235,63,,"0.535639,0.540707,1.371766,1.306499",,,0.527262,4.961097,11.257295,-0.086634
997,93317,98.0,168.52,,5.7135271644592285,42.97304010391235,63,,"0.535639,0.540707,1.371766,1.306499",,,0.527262,4.961097,11.257295,-0.086634
998,93513,196.0,168.1,,5.7135271644592285,42.97304010391235,63,,"0.535639,0.540707,1.371766,1.306499",,,0.527262,4.961097,11.257295,-0.086634
999,93627,114.0,167.44,,5.7135271644592285,42.97304010391235,63,,"0.535639,0.540707,1.371766,1.306499",430.6,138.79999999999998,0.527262,4.961097,11.257295,-0.086634
1000,93763,136.0,165.95,,5.7135271644592285,42.97304010391235,63,,"0.535639,0.540707,1.371766,1.306499",,,0.527262,4.961097,11.257295,-0.086634
1001,93874,111.0,164.66,,5.7135271644592285,42.97304010391235,63,,"0.535639,0.540707,1.371766,1.306499",,,0.527262,4.961097,11.257295,-0.086634
1002,94037,163.0,164.57,,5.7135271644592285,42.97304010391235,63,,"0.535639,0.540707,1.371766,1.306499",,,0.527262,4.961097,11.257295,-0.086634
1003,94164,127.0,164.11,,5.7135271644592285,42.97304010391235,63,,"0.535639,0.540707,1.371766,1.306499",,,0.527262,4.961097,11.257295,-0.086634
1004,94309,145.0,163.74,,5.7135271644592285,42.97304010391235,63,,"0.535639,0.540707,1.371766,1.306499",,,0.527262,4.961097,11.257295,-0.086634
1005,94406,97.0,163.27,,5.7135271644592285,42.97304010391235,63,,"0.535639,0.540707,1.371766,1.306499",,,0.527262,4.961097,11.257295,-0.086634
1006,94574,168.0,163.08,,5.7135271644592285,42.97304010391235,63,,"0.535639,0.540707,1.371766,1.306499",,,0.527262,4.961097,11.257295,-0.086634
1007,94710,136.0,161.48,,5.7135271644592285,42.97304010391235,63,,"0.535639,0.540707,1.371766,1.306499",,,0.527262,4.961097,11.257295,-0.086634
1008,94831,121.0,160.92,,5.493756122589112,43.97165298461914,64,,"0.535162,0.530537,1.381690,1.310274",,,0.530406,4.992243,9.653115,0.177482
1009,94987,156.0,160.25,,5.493756122589112,43.97265601158142,64,,"0.535162,0.530537,1.381690,1.310274",,,0.530406,4.992243,9.653115,0.177482
1010,95128,141.0,160.1,,5.493756122589112,43.97265601158142,64,,"0.535162,0.530537,1.381690,1.310274",,,0.530406,4.992243,9.653115,0.177482
1011,95282,154.0,159.46,,5.493756122589112,43.97265601158142,64,,"0.535162,0.530537,1.381690,1.310274",,,0.530406,4.992243,9.653115,0.177482
1012,95416,134.0,159.27,,5.493756122589112,43.97265601158142,64,,"0.535162,0.530537,1.381690,1.310274",,,0.530406,4.992243,9.653115,0.177482
1013,95600,184.0,159.8,,5.493756122589112,43.97265601158142,64,,"0.535162,0.530537,1.381690,1.310274",,,0.530406,4.992243,9.653115,0.177482
1014,95731,131.0,159.24,,5.493756122589112,43.97265601158142,64,,"0.535162,0.530537,1.381690,1.310274",,,0.530406,4.992243,9.653115,0.177482
1015,95890,159.0,159.33,,5.493756122589112,43.97265601158142,64,,"0.535162,0.530537,1.381690,1.310274",,,0.530406,4.992243,9.653115,0.177482
1016,96013,123.0,158.85,,5.493756122589112,43.97265601158142,64,,"0.535162,0.530537,1.381690,1.310274",,,0.530406,4.992243,9.653115,0.177482
1017,96172,159.0,158.74,,5.493756122589112,43.97265601158142,64,,"0.535162,0.530537,1.381690,1.310274",,,0.530406,4.992243,9.653115,0.177482
1018,96306,134.0,157.86,,5.493756122589112,43.97265601158142,64,,"0.535162,0.530537,1.381690,1.310274",,,0.530406,4.992243,9.653115,0.177482
1019,96480,174.0,155.09,,5.493756122589112,43.97265601158142,64,,"0.535162,0.530537,1.381690,1.310274",,,0.530406,4.992243,9.653115,0.177482
1020,96757,277.0,155.8,,5.493756122589112,43.97265601158142,64,,"0.535162,0.530537,1.381690,1.310274",,,0.530406,4.992243,9.653115,0.177482
1021,96918,161.0,155.71,,5.493756122589112,43.97265601158142,64,,"0.535162,0.530537,1.381690,1.310274",,,0.530406,4.992243,9.653115,0.177482
1022,97103,185.0,155.11,,5.493756122589112,43.97265601158142,64,,"0.535162,0.530537,1.381690,1.310274",,,0.530406,4.992243,9.653115,0.177482
1023,97247,144.0,155.23,,5.493756122589112,43.97265601158142,64,,"0.535162,0.530537,1.381690,1.310274",,,0.530406,4.992243,9.653115,0.177482
1024,97408,161.0,155.52,,5.276279945373535,45.05644869804382,65,,"0.535367,0.519745,1.391776,1.313997",,,0.525972,5.024190,8.820273,0.110417
1025,97562,154.0,154.43,,5.276279945373535,45.05745196342468,65,,"0.535367,0.519745,1.391776,1.313997",,,0.525972,5.024190,8.820273,0.110417
1026,97761,199.0,155.07,,5.276279945373535,45.05745196342468,65,,"0.535367,0.519745,1.391776,1.313997",,,0.525972,5.024190,8.820273,0.110417
1027,97987,226.0,155.09,,5.276279945373535,45.05745196342468,65,,"0.535367,0.519745,1.391776,1.313997",,,0.525972,5.024190,8.820273,0.110417
1028,98219,232.0,156.14,,5.276279945373535,45.05745196342468,65,,"0.535367,0.519745,1.391776,1.313997",,,0.525972,5.024190,8.820273,0.110417
1029,98333,114.0,155.28,,5.276279945373535,45.05745196342468,65,,"0.535367,0.519745,1.391776,1.313997",,,0.525972,5.024190,8.820273,0.110417
1030,98531,198.0,154.07,,5.276279945373535,45.05745196342468,65,,"0.535367,0.519745,1.391776,1.313997",,,0.525972,5.024190,8.820273,0.110417
1031,98703,172.0,152.81,,5.276279945373535,45.05745196342468,65,,"0.535367,0.519745,1.391776,1.313997",,,0.525972,5.024190,8.820273,0.110417
1032,98931,228.0,153.66,,5.276279945373535,45.05745196342468,65,,"0.535367,0.519745,1.391776,1.313997",,,0.525972,5.024190,8.820273,0.110417
1033,99121,190.0,152.91,,5.276279945373535,45.05745196342468,65,,"0.535367,0.519745,1.391776,1.313997",,,0.525972,5.024190,8.820273,0.110417
1034,99294,173.0,151.38,,5.276279945373535,45.05745196342468,65,,"0.535367,0.519745,1.391776,1.313997",,,0.525972,5.024190,8.820273,0.110417
1035,99466,172.0,151.81,,5.276279945373535,45.05745196342468,65,,"0.535367,0.519745,1.391776,1.313997",,,0.525972,5.024190,8.820273,0.110417
1036,99738,272.0,153.15,,5.276279945373535,45.05745196342468,65,,"0.535367,0.519745,1.391776,1.313997",,,0.525972,5.024190,8.820273,0.110417
1037,99882,144.0,153.47,,5.276279945373535,45.05745196342468,65,,"0.535367,0.519745,1.391776,1.313997",,,0.525972,5.024190,8.820273,0.110417
1038,100016,134.0,151.57,,5.276279945373535,45.05745196342468,65,,"0.535367,0.519745,1.391776,1.313997",,,0.525972,5.024190,8.820273,0.110417
1039,100224,208.0,151.3,,5.276279945373535,45.05745196342468,65,,"0.535367,0.519745,1.391776,1.313997",,,0.525972,5.024190,8.820273,0.110417
1040,100478,254.0,151.99,,5.060280537605285,46.68938708305359,66,,"0.535549,0.509856,1.400853,1.317470",,,0.518639,5.053282,7.088083,0.387964
1041,100651,173.0,152.27,,5.060280537605285,46.68938708305359,66,,"0.535549,0.509856,1.400853,1.317470",,,0.518639,5.053282,7.088083,0.387964
1042,101090,439.0,155.34,,5.060280537605285,46.68938708305359,66,,"0.535549,0.509856,1.400853,1.317470",,,0.518639,5.053282,7.088083,0.387964
1043,101296,206.0,156.12,,5.060280537605285,46.68938708305359,66,,"0.535549,0.509856,1.400853,1.317470",,,0.518639,5.053282,7.088083,0.387964
1044,101505,209.0,156.94,,5.060280537605285,46.68938708305359,66,,"0.535549,0.509856,1.400853,1.317470",,,0.518639,5.053282,7.088083,0.387964
1045,101720,215.0,157.48,,5.060280537605285,46.68938708305359,66,,"0.535549,0.509856,1.400853,1.317470",,,0.518639,5.053282,7.088083,0.387964
1046,101922,202.0,158.45,,5.060280537605285,46.68938708305359,66,,"0.535549,0.509856,1.400853,1.317470",,,0.518639,5.053282,7.088083,0.387964
1047,102077,155.0,158.87,,5.060280537605285,46.68938708305359,66,,"0.535549,0.509856,1.400853,1.317470",,,0.518639,5.053282,7.088083,0.387964
1048,102405,328.0,160.99,,5.060280537605285,46.68938708305359,66,,"0.535549,0.509856,1.400853,1.317470",,,0.518639,5.053282,7.088083,0.387964
1049,102608,203.0,161.8,,5.060280537605285,46.68938708305359,66,,"0.535549,0.509856,1.400853,1.317470",496.4,7.2,0.518639,5.053282,7.088083,0.387964
1050,102873,265.0,163.35,,5.060280537605285,46.68938708305359,66,,"0.535549,0.509856,1.400853,1.317470",,,0.518639,5.053282,7.088083,0.387964
1051,103040,167.0,163.69,,5.060280537605285,46.68938708305359,66,,"0.535549,0.509856,1.400853,1.317470",,,0.518639,5.053282,7.088083,0.387964
1052,103207,167.0,163.43,,5.060280537605285,46.68938708305359,66,,"0.535549,0.509856,1.400853,1.317470",,,0.518639,5.053282,7.088083,0.387964
1053,103363,156.0,162.41,,5.060280537605285,46.68938708305359,66,,"0.535549,0.509856,1.400853,1.317470",,,0.518639,5.053282,7.088083,0.387964
1054,103690,327.0,163.75,,5.060280537605285,46.68938708305359,66,,"0.535549,0.509856,1.400853,1.317470",,,0.518639,5.053282,7.088083,0.387964
1055,103871,181.0,164.3,,5.060280537605285,46.68938708305359,66,,"0.535549,0.509856,1.400853,1.317470",,,0.518639,5.053282,7.088083,0.387964
1056,104138,267.0,165.28,,4.84249144077301,48.43448543548584,67,,"0.535645,0.501367,1.408810,1.320965",,,0.520952,5.081487,6.532825,0.369001
1057,104341,203.0,166.37,,4.84249144077301,48.43448543548584,67,,"0.535645,0.501367,1.408810,1.320965",,,0.520952,5.081487,6.532825,0.369001
1058,104545,204.0,166.94,,4.84249144077301,48.43448543548584,67,,"0.535645,0.501367,1.408810,1.320965",,,0.520952,5.081487,6.532825,0.369001
1059,104744,199.0,168.01,,4.84249144077301,48.43448543548584,67,,"0.535645,0.501367,1.408810,1.320965",,,0.520952,5.081487,6.532825,0.369001
1060,104927,183.0,168.96,,4.84249144077301,48.43448543548584,67,,"0.535645,0.501367,1.408810,1.320965",,,0.520952,5.081487,6.532825,0.369001
1061,105092,165.0,169.08,,4.84249144077301,48.43448543548584,67,,"0.535645,0.501367,1.408810,1.320965",,,0.520952,5.081487,6.532825,0.369001
1062,105318,226.0,170.27,,4.84249144077301,48.43448543548584,67,,"0.535645,0.501367,1.408810,1.320965",,,0.520952,5.081487,6.532825,0.369001
1063,105818,500.0,173.37,,4.84249144077301,48.43448543548584,67,,"0.535645,0.501367,1.408810,1.320965",,,0.520952,5.081487,6.532825,0.369001
1064,106145,327.0,175.26,,4.84249144077301,48.43448543548584,67,,"0.535645,0.501367,1.408810,1.320965",,,0.520952,5.081487,6.532825,0.369001
1065,106347,202.0,175.55,,4.84249144077301,48.43448543548584,67,,"0.535645,0.501367,1.408810,1.320965",,,0.520952,5.081487,6.532825,0.369001
1066,106624,277.0,176.89,,4.84249144077301,48.43448543548584,67,,"0.535645,0.501367,1.408810,1.320965",,,0.520952,5.081487,6.532825,0.369001
1067,106822,198.0,177.69,,4.84249144077301,48.43448543548584,67,,"0.535645,0.501367,1.408810,1.320965",,,0.520952,5.081487,6.532825,0.369001
1068,107102,280.0,179.41,,4.84249144077301,48.43448543548584,67,,"0.535645,0.501367,1.408810,1.320965",,,0.520952,5.081487,6.532825,0.369001
1069,107368,266.0,180.52,,4.84249144077301,48.43448543548584,67,,"0.535645,0.501367,1.408810,1.320965",,,0.520952,5.081487,6.532825,0.369001
1070,107580,212.0,181.38,,4.84249144077301,48.43448543548584,67,,"0.535645,0.501367,1.408810,1.320965",,,0.520952,5.081487,6.532825,0.369001
1071,107766,186.0,181.98,,4.84249144077301,48.43448543548584,67,,"0.535645,0.501367,1.408810,1.320965",,,0.520952,5.081487,6.532825,0.369001
1072,107905,139.0,181.78,,4.64705991268158,49.80332088470459,68,,"0.535925,0.493469,1.416107,1.324448",,,0.509181,5.108483,7.093569,0.354744
1073,108152,247.0,182.79,,4.64705991268158,49.80332088470459,68,,"0.535925,0.493469,1.416107,1.324448",,,0.509181,5.108483,7.093569,0.354744
1074,108497,345.0,184.75,,4.64705991268158,49.80332088470459,68,,"0.535925,0.493469,1.416107,1.324448",,,0.509181,5.108483,7.093569,0.354744
1075,108709,212.0,186.14,,4.64705991268158,49.80332088470459,68,,"0.535925,0.493469,1.416107,1.324448",,,0.509181,5.108483,7.093569,0.354744
1076,108839,130.0,185.56,,4.64705991268158,49.80332088470459,68,,"0.535925,0.493469,1.416107,1.324448",,,0.509181,5.108483,7.093569,0.354744
1077,109101,262.0,186.63,,4.64705991268158,49.80332088470459,68,,"0.535925,0.493469,1.416107,1.324448",,,0.509181,5.108483,7.093569,0.354744
1078,109279,178.0,187.22,,4.64705991268158,49.80332088470459,68,,"0.535925,0.493469,1.416107,1.324448",,,0.509181,5.108483,7.093569,0.354744
1079,109541,262.0,188.21,,4.64705991268158,49.80332088470459,68,,"0.535925,0.493469,1.416107,1.324448",,,0.509181,5.108483,7.093569,0.354744
1080,109775,234.0,189.47,,4.64705991268158,49.80332088470459,68,,"0.535925,0.493469,1.416107,1.324448",,,0.509181,5.108483,7.093569,0.354744
1081,109927,152.0,189.25,,4.64705991268158,49.80332088470459,68,,"0.535925,0.493469,1.416107,1.324448",,,0.509181,5.108483,7.093569,0.354744
1082,110161,234.0,190.51,,4.64705991268158,49.80332088470459,68,,"0.535925,0.493469,1.416107,1.324448",,,0.509181,5.108483,7.093569,0.354744
1083,110398,237.0,191.43,,4.64705991268158,49.80332088470459,68,,"0.535925,0.493469,1.416107,1.324448",,,0.509181,5.108483,7.093569,0.354744
1084,110579,181.0,191.52,,4.64705991268158,49.80332088470459,68,,"0.535925,0.493469,1.416107,1.324448",,,0.509181,5.108483,7.093569,0.354744
1085,110803,224.0,192.65,,4.64705991268158,49.80332088470459,68,,"0.535925,0.493469,1.416107,1.324448",,,0.509181,5.108483,7.093569,0.354744
1086,111098,295.0,194.31,,4.64705991268158,49.80332088470459,68,,"0.535925,0.493469,1.416107,1.324448",,,0.509181,5.108483,7.093569,0.354744
1087,111314,216.0,194.83,,4.64705991268158,49.80332088470459,68,,"0.535925,0.493469,1.416107,1.324448",,,0.509181,5.108483,7.093569,0.354744
1088,111565,251.0,195.82,,4.43175443649292,51.423397064208984,69,,"0.536442,0.485202,1.423784,1.327516",,,0.512673,5.134715,5.696317,0.548670
1089,111759,194.0,196.54,,4.43175443649292,51.423397064208984,69,,"0.536442,0.485202,1.423784,1.327516",,,0.512673,5.134715,5.696317,0.548670
1090,111956,197.0,197.18,,4.43175443649292,51.423397064208984,69,,"0.536442,0.485202,1.423784,1.327516",,,0.512673,5.134715,5.696317,0.548670
1091,112189,233.0,197.19,,4.43175443649292,51.423397064208984,69,,"0.536442,0.485202,1.423784,1.327516",,,0.512673,5.134715,5.696317,0.548670
1092,112380,191.0,197.22,,4.43175443649292,51.423397064208984,69,,"0.536442,0.485202,1.423784,1.327516",,,0.512673,5.134715,5.696317,0.548670
1093,112543,163.0,197.35,,4.43175443649292,51.423397064208984,69,,"0.536442,0.485202,1.423784,1.327516",,,0.512673,5.134715,5.696317,0.548670
1094,112738,195.0,197.85,,4.43175443649292,51.423397064208984,69,,"0.536442,0.485202,1.423784,1.327516",,,0.512673,5.134715,5.696317,0.548670
1095,112960,222.0,198.6,,4.43175443649292,51.423397064208984,69,,"0.536442,0.485202,1.423784,1.327516",,,0.512673,5.134715,5.696317,0.548670
1096,113202,242.0,199.83,,4.43175443649292,51.423397064208984,69,,"0.536442,0.485202,1.423784,1.327516",,,0.512673,5.134715,5.696317,0.548670
1097,113526,324.0,202.09,,4.43175443649292,51.423397064208984,69,,"0.536442,0.485202,1.423784,1.327516",,,0.512673,5.134715,5.696317,0.548670
1098,113736,210.0,202.23,,4.43175443649292,51.423397064208984,69,,"0.536442,0.485202,1.423784,1.327516",,,0.512673,5.134715,5.696317,0.548670
1099,113937,201.0,203.1,,4.43175443649292,51.423397064208984,69,,"0.536442,0.485202,1.423784,1.327516",500.0,0.0,0.512673,5.134715,5.696317,0.548670
1100,114233,296.0,204.7,,4.43175443649292,51.423397064208984,69,,"0.536442,0.485202,1.423784,1.327516",,,0.512673,5.134715,5.696317,0.548670
1101,114450,217.0,205.76,,4.43175443649292,51.423397064208984,69,,"0.536442,0.485202,1.423784,1.327516",,,0.512673,5.134715,5.696317,0.548670
1102,114950,500.0,209.13,,4.43175443649292,51.423397064208984,69,,"0.536442,0.485202,1.423784,1.327516",,,0.512673,5.134715,5.696317,0.548670
1103,115222,272.0,210.58,,4.43175443649292,51.423397064208984,69,,"0.536442,0.485202,1.423784,1.327516",,,0.512673,5.134715,5.696317,0.548670
1104,115722,500.0,214.13,,4.320501532554626,53.434839487075806,70,,"0.537008,0.477139,1.431204,1.330063",,,0.508086,5.158378,5.854362,0.272788
1105,115999,277.0,215.93,,4.320501532554626,53.43584179878235,70,,"0.537008,0.477139,1.431204,1.330063",,,0.508086,5.158378,5.854362,0.272788
1106,116323,324.0,217.49,,4.320501532554626,53.43584179878235,70,,"0.537008,0.477139,1.431204,1.330063",,,0.508086,5.158378,5.854362,0.272788
1107,116586,263.0,218.76,,4.320501532554626,53.43584179878235,70,,"0.537008,0.477139,1.431204,1.330063",,,0.508086,5.158378,5.854362,0.272788
1108,117046,460.0,222.15,,4.320501532554626,53.43584179878235,70,,"0.537008,0.477139,1.431204,1.330063",,,0.508086,5.158378,5.854362,0.272788
1109,117307,261.0,223.2,,4.320501532554626,53.43584179878235,70,,"0.537008,0.477139,1.431204,1.330063",,,0.508086,5.158378,5.854362,0.272788
1110,117786,479.0,226.58,,4.320501532554626,53.43584179878235,70,,"0.537008,0.477139,1.431204,1.330063",,,0.508086,5.158378,5.854362,0.272788
1111,118008,222.0,227.26,,4.320501532554626,53.43584179878235,70,,"0.537008,0.477139,1.431204,1.330063",,,0.508086,5.158378,5.854362,0.272788
1112,118228,220.0,228.12,,4.320501532554626,53.43584179878235,70,,"0.537008,0.477139,1.431204,1.330063",,,0.508086,5.158378,5.854362,0.272788
1113,118419,191.0,228.19,,4.320501532554626,53.43584179878235,70,,"0.537008,0.477139,1.431204,1.330063",,,0.508086,5.158378,5.854362,0.272788
1114,118735,316.0,230.04,,4.320501532554626,53.43584179878235,70,,"0.537008,0.477139,1.431204,1.330063",,,0.508086,5.158378,5.854362,0.272788
1115,118915,180.0,230.25,,4.320501532554626,53.43584179878235,70,,"0.537008,0.477139,1.431204,1.330063",,,0.508086,5.158378,5.854362,0.272788
1116,119142,227.0,231.29,,4.320501532554626,53.43584179878235,70,,"0.537008,0.477139,1.431204,1.330063",,,0.508086,5.158378,5.854362,0.272788
1117,119470,328.0,232.98,,4.320501532554626,53.43584179878235,70,,"0.537008,0.477139,1.431204,1.330063",,,0.508086,5.158378,5.854362,0.272788
1118,119733,263.0,234.27,,4.320501532554626,53.436347007751465,70,,"0.537008,0.477139,1.431204,1.330063",,,0.508086,5.158378,5.854362,0.272788
1119,120072,339.0,235.92,,4.320501532554626,53.436347007751465,70,,"0.537008,0.477139,1.431204,1.330063",,,0.508086,5.158378,5.854362,0.272788
1120,120572,500.0,238.15,,4.121890196800232,55.3198618888855,71,,"0.538918,0.468067,1.439024,1.332968",,,0.502465,5.183740,4.791465,0.606577
1121,120790,218.0,238.72,,4.121890196800232,55.3198618888855,71,,"0.538918,0.468067,1.439024,1.332968",,,0.502465,5.183740,4.791465,0.606577
1122,121010,220.0,239.07,,4.121890196800232,55.3198618888855,71,,"0.538918,0.468067,1.439024,1.332968",,,0.502465,5.183740,4.791465,0.606577
1123,121510,500.0,242.63,,4.121890196800232,55.3198618888855,71,,"0.538918,0.468067,1.439024,1.332968",,,0.502465,5.183740,4.791465,0.606577
1124,121771,261.0,243.63,,4.121890196800232,55.3198618888855,71,,"0.538918,0.468067,1.439024,1.332968",,,0.502465,5.183740,4.791465,0.606577
1125,122098,327.0,245.36,,4.121890196800232,55.3198618888855,71,,"0.538918,0.468067,1.439024,1.332968",,,0.502465,5.183740,4.791465,0.606577
1126,122371,273.0,246.1,,4.121890196800232,55.3198618888855,71,,"0.538918,0.468067,1.439024,1.332968",,,0.502465,5.183740,4.791465,0.606577
1127,122637,266.0,246.5,,4.121890196800232,55.3198618888855,71,,"0.538918,0.468067,1.439024,1.332968",,,0.502465,5.183740,4.791465,0.606577
1128,122904,267.0,246.85,,4.121890196800232,55.3198618888855,71,,"0.538918,0.468067,1.439024,1.332968",,,0.502465,5.183740,4.791465,0.606577
1129,123130,226.0,247.97,,4.121890196800232,55.3198618888855,71,,"0.538918,0.468067,1.439024,1.332968",,,0.502465,5.183740,4.791465,0.606577
1130,123460,330.0,249.29,,4.121890196800232,55.3198618888855,71,,"0.538918,0.468067,1.439024,1.332968",,,0.502465,5.183740,4.791465,0.606577
1131,123782,322.0,250.79,,4.121890196800232,55.32085943222046,71,,"0.538918,0.468067,1.439024,1.332968",,,0.502465,5.183740,4.791465,0.606577
1132,124035,253.0,251.04,,4.121890196800232,55.32085943222046,71,,"0.538918,0.468067,1.439024,1.332968",,,0.502465,5.183740,4.791465,0.606577
1133,124362,327.0,252.41,,4.121890196800232,55.32085943222046,71,,"0.538918,0.468067,1.439024,1.332968",,,0.502465,5.183740,4.791465,0.606577
1134,124592,230.0,252.98,,4.121890196800232,55.32085943222046,71,,"0.538918,0.468067,1.439024,1.332968",,,0.502465,5.183740,4.791465,0.606577
1135,124814,222.0,253.48,,4.121890196800232,55.32085943222046,71,,"0.538918,0.468067,1.439024,1.332968",,,0.502465,5.183740,4.791465,0.606577
1136,125010,196.0,252.72,,3.9849640130996704,56.8248245716095,72,,"0.539131,0.461560,1.445816,1.335984",,,0.501836,5.207573,5.822713,0.549013
1137,125272,262.0,253.9,,3.9849640130996704,56.8248245716095,72,,"0.539131,0.461560,1.445816,1.335984",,,0.501836,5.207573,5.822713,0.549013
1138,125475,203.0,254.59,,3.9849640130996704,56.82583022117615,72,,"0.539131,0.461560,1.445816,1.335984",,,0.501836,5.207573,5.822713,0.549013
1139,125718,243.0,254.94,,3.9849640130996704,56.82583022117615,72,,"0.539131,0.461560,1.445816,1.335984",,,0.501836,5.207573,5.822713,0.549013
1140,125997,279.0,255.19,,3.9849640130996704,56.82583022117615,72,,"0.539131,0.461560,1.445816,1.335984",,,0.501836,5.207573,5.822713,0.549013
1141,126274,277.0,256.23,,3.9849640130996704,56.82583022117615,72,,"0.539131,0.461560,1.445816,1.335984",,,0.501836,5.207573,5.822713,0.549013
1142,126512,238.0,254.22,,3.9849640130996704,56.82583022117615,72,,"0.539131,0.461560,1.445816,1.335984",,,0.501836,5.207573,5.822713,0.549013
1143,126761,249.0,254.65,,3.9849640130996704,56.82583022117615,72,,"0.539131,0.461560,1.445816,1.335984",,,0.501836,5.207573,5.822713,0.549013
1144,127080,319.0,255.75,,3.9849640130996704,56.82583022117615,72,,"0.539131,0.461560,1.445816,1.335984",,,0.501836,5.207573,5.822713,0.549013
1145,127384,304.0,256.64,,3.9849640130996704,56.82583022117615,72,,"0.539131,0.461560,1.445816,1.335984",,,0.501836,5.207573,5.822713,0.549013
1146,127562,178.0,256.4,,3.9849640130996704,56.82583022117615,72,,"0.539131,0.461560,1.445816,1.335984",,,0.501836,5.207573,5.822713,0.549013
1147,127762,200.0,256.85,,3.9849640130996704,56.82583022117615,72,,"0.539131,0.461560,1.445816,1.335984",,,0.501836,5.207573,5.822713,0.549013
1148,127970,208.0,255.65,,3.9849640130996704,56.82583022117615,72,,"0.539131,0.461560,1.445816,1.335984",,,0.501836,5.207573,5.822713,0.549013
1149,128321,351.0,257.13,,3.9849640130996704,56.82583022117615,72,,"0.539131,0.461560,1.445816,1.335984",500.0,0.0,0.501836,5.207573,5.822713,0.549013
1150,128616,295.0,257.43,,3.9849640130996704,56.82583022117615,72,,"0.539131,0.461560,1.445816,1.335984",,,0.501836,5.207573,5.822713,0.549013
1151,128819,203.0,257.79,,3.9849640130996704,56.82583022117615,72,,"0.539131,0.461560,1.445816,1.335984",,,0.501836,5.207573,5.822713,0.549013
1152,129293,474.0,260.86,,3.8178420066833496,59.04521131515503,73,,"0.540160,0.455111,1.451883,1.338699",,,0.506574,5.227664,4.183841,0.642209
1153,129793,500.0,264.3,,3.8178420066833496,59.04521131515503,73,,"0.540160,0.455111,1.451883,1.338699",,,0.506574,5.227664,4.183841,0.642209
1154,130055,262.0,263.65,,3.8178420066833496,59.04521131515503,73,,"0.540160,0.455111,1.451883,1.338699",,,0.506574,5.227664,4.183841,0.642209
1155,130293,238.0,264.22,,3.8178420066833496,59.04521131515503,73,,"0.540160,0.455111,1.451883,1.338699",,,0.506574,5.227664,4.183841,0.642209
1156,130693,400.0,265.55,,3.8178420066833496,59.04521131515503,73,,"0.540160,0.455111,1.451883,1.338699",,,0.506574,5.227664,4.183841,0.642209
1157,130913,220.0,265.72,,3.8178420066833496,59.04521131515503,73,,"0.540160,0.455111,1.451883,1.338699",,,0.506574,5.227664,4.183841,0.642209
1158,131186,273.0,266.41,,3.8178420066833496,59.04521131515503,73,,"0.540160,0.455111,1.451883,1.338699",,,0.506574,5.227664,4.183841,0.642209
1159,131686,500.0,269.42,,3.8178420066833496,59.04521131515503,73,,"0.540160,0.455111,1.451883,1.338699",,,0.506574,5.227664,4.183841,0.642209
1160,132186,500.0,272.59,,3.8178420066833496,59.04521131515503,73,,"0.540160,0.455111,1.451883,1.338699",,,0.506574,5.227664,4.183841,0.642209
1161,132686,500.0,275.94,,3.8178420066833496,59.04521131515503,73,,"0.540160,0.455111,1.451883,1.338699",,,0.506574,5.227664,4.183841,0.642209
1162,132838,152.0,275.2,,3.8178420066833496,59.04521131515503,73,,"0.540160,0.455111,1.451883,1.338699",,,0.506574,5.227664,4.183841,0.642209
1163,133066,228.0,272.48,,3.8178420066833496,59.04521131515503,73,,"0.540160,0.455111,1.451883,1.338699",,,0.506574,5.227664,4.183841,0.642209
1164,133266,200.0,271.21,,3.8178420066833496,59.04521131515503,73,,"0.540160,0.455111,1.451883,1.338699",,,0.506574,5.227664,4.183841,0.642209
1165,133633,367.0,272.86,,3.8178420066833496,59.04521131515503,73,,"0.540160,0.455111,1.451883,1.338699",,,0.506574,5.227664,4.183841,0.642209
1166,133886,253.0,272.62,,3.8178420066833496,59.04521131515503,73,,"0.540160,0.455111,1.451883,1.338699",,,0.506574,5.227664,4.183841,0.642209
1167,134165,279.0,273.43,,3.8178420066833496,59.04521131515503,73,,"0.540160,0.455111,1.451883,1.338699",,,0.506574,5.227664,4.183841,0.642209
1168,134424,259.0,273.22,,3.7301345825195313,60.78991913795471,74,,"0.542059,0.448651,1.458081,1.340018",,,0.503821,5.243112,4.930113,0.634754
1169,134718,294.0,273.5,,3.7301345825195313,60.78991913795471,74,,"0.542059,0.448651,1.458081,1.340018",,,0.503821,5.243112,4.930113,0.634754
1170,135186,468.0,276.06,,3.7301345825195313,60.78991913795471,74,,"0.542059,0.448651,1.458081,1.340018",,,0.503821,5.243112,4.930113,0.634754
1171,135602,416.0,278.36,,3.7301345825195313,60.78991913795471,74,,"0.542059,0.448651,1.458081,1.340018",,,0.503821,5.243112,4.930113,0.634754
1172,135914,312.0,280.09,,3.7301345825195313,60.78991913795471,74,,"0.542059,0.448651,1.458081,1.340018",,,0.503821,5.243112,4.930113,0.634754
1173,136164,250.0,280.12,,3.7301345825195313,60.78991913795471,74,,"0.542059,0.448651,1.458081,1.340018",,,0.503821,5.243112,4.930113,0.634754
1174,136377,213.0,278.8,,3.7301345825195313,60.78991913795471,74,,"0.542059,0.448651,1.458081,1.340018",,,0.503821,5.243112,4.930113,0.634754
1175,136756,379.0,280.47,,3.7301345825195313,60.78991913795471,74,,"0.542059,0.448651,1.458081,1.340018",,,0.503821,5.243112,4.930113,0.634754
1176,137032,276.0,281.93,,3.7301345825195313,60.78991913795471,74,,"0.542059,0.448651,1.458081,1.340018",,,0.503821,5.243112,4.930113,0.634754
1177,137302,270.0,282.01,,3.7301345825195313,60.78991913795471,74,,"0.542059,0.448651,1.458081,1.340018",,,0.503821,5.243112,4.930113,0.634754
1178,137612,310.0,283.33,,3.7301345825195313,60.78991913795471,74,,"0.542059,0.448651,1.458081,1.340018",,,0.503821,5.243112,4.930113,0.634754
1179,137904,292.0,283.63,,3.7301345825195313,60.78991913795471,74,,"0.542059,0.448651,1.458081,1.340018",,,0.503821,5.243112,4.930113,0.634754
1180,138080,176.0,283.05,,3.7301345825195313,60.78991913795471,74,,"0.542059,0.448651,1.458081,1.340018",,,0.503821,5.243112,4.930113,0.634754
1181,138317,237.0,283.9,,3.7301345825195313,60.78991913795471,74,,"0.542059,0.448651,1.458081,1.340018",,,0.503821,5.243112,4.930113,0.634754
1182,138577,260.0,284.16,,3.7301345825195313,60.790918827056885,74,,"0.542059,0.448651,1.458081,1.340018",,,0.503821,5.243112,4.930113,0.634754
1183,138823,246.0,284.25,,3.7301345825195313,60.790918827056885,74,,"0.542059,0.448651,1.458081,1.340018",,,0.503821,5.243112,4.930113,0.634754
1184,139323,500.0,287.44,,3.6100024652481078,62.967265129089355,75,,"0.544334,0.442517,1.463775,1.341567",,,0.502631,5.258605,4.725049,0.462996
1185,139603,280.0,288.0,,3.6100024652481078,62.967265129089355,75,,"0.544334,0.442517,1.463775,1.341567",,,0.502631,5.258605,4.725049,0.462996
1186,139852,249.0,287.54,,3.6100024652481078,62.96828103065491,75,,"0.544334,0.442517,1.463775,1.341567",,,0.502631,5.258605,4.725049,0.462996
1187,140035,183.0,287.21,,3.6100024652481078,62.96828103065491,75,,"0.544334,0.442517,1.463775,1.341567",,,0.502631,5.258605,4.725049,0.462996
1188,140387,352.0,288.22,,3.6100024652481078,62.96828103065491,75,,"0.544334,0.442517,1.463775,1.341567",,,0.502631,5.258605,4.725049,0.462996
1189,140725,338.0,289.66,,3.6100024652481078,62.96828103065491,75,,"0.544334,0.442517,1.463775,1.341567",,,0.502631,5.258605,4.725049,0.462996
1190,141041,316.0,290.85,,3.6100024652481078,62.96828103065491,75,,"0.544334,0.442517,1.463775,1.341567",,,0.502631,5.258605,4.725049,0.462996
1191,141223,182.0,290.34,,3.6100024652481078,62.96828103065491,75,,"0.544334,0.442517,1.463775,1.341567",,,0.502631,5.258605,4.725049,0.462996
1192,141588,365.0,292.08,,3.6100024652481078,62.96828103065491,75,,"0.544334,0.442517,1.463775,1.341567",,,0.502631,5.258605,4.725049,0.462996
1193,142088,500.0,295.45,,3.6100024652481078,62.96828103065491,75,,"0.544334,0.442517,1.463775,1.341567",,,0.502631,5.258605,4.725049,0.462996
1194,142396,308.0,296.58,,3.6100024652481078,62.96828103065491,75,,"0.544334,0.442517,1.463775,1.341567",,,0.502631,5.258605,4.725049,0.462996
1195,142610,214.0,296.5,,3.6100024652481078,62.96828103065491,75,,"0.544334,0.442517,1.463775,1.341567",,,0.502631,5.258605,4.725049,0.462996
1196,142860,250.0,296.58,,3.6100024652481078,62.96828103065491,75,,"0.544334,0.442517,1.463775,1.341567",,,0.502631,5.258605,4.725049,0.462996
1197,143060,200.0,295.34,,3.6100024652481078,62.96828103065491,75,,"0.544334,0.442517,1.463775,1.341567",,,0.502631,5.258605,4.725049,0.462996
1198,143486,426.0,297.5,,3.6100024652481078,62.96828103065491,75,,"0.544334,0.442517,1.463775,1.341567",,,0.502631,5.258605,4.725049,0.462996
1199,143986,500.0,300.49,,3.6100024652481078,62.96828103065491,75,,"0.544334,0.442517,1.463775,1.341567",500.0,0.0,0.502631,5.258605,4.725049,0.462996
1200,144297,311.0,300.64,,3.531718726158142,65.16158151626587,76,,"0.546640,0.436390,1.469191,1.343240",,,0.499220,5.274210,4.194025,0.494001
1201,144797,500.0,303.47,,3.531718726158142,65.16158151626587,76,,"0.546640,0.436390,1.469191,1.343240",,,0.499220,5.274210,4.194025,0.494001
1202,145297,500.0,303.47,,3.531718726158142,65.16158151626587,76,,"0.546640,0.436390,1.469191,1.343240",,,0.499220,5.274210,4.194025,0.494001
1203,145797,500.0,305.75,,3.531718726158142,65.16158151626587,76,,"0.546640,0.436390,1.469191,1.343240",,,0.499220,5.274210,4.194025,0.494001
1204,146267,470.0,305.45,,3.531718726158142,65.16158151626587,76,,"0.546640,0.436390,1.469191,1.343240",,,0.499220,5.274210,4.194025,0.494001
1205,146646,379.0,306.47,,3.531718726158142,65.16158151626587,76,,"0.546640,0.436390,1.469191,1.343240",,,0.499220,5.274210,4.194025,0.494001
1206,147008,362.0,306.85,,3.531718726158142,65.16158151626587,76,,"0.546640,0.436390,1.469191,1.343240",,,0.499220,5.274210,4.194025,0.494001
1207,147314,306.0,307.28,,3.531718726158142,65.16158151626587,76,,"0.546640,0.436390,1.469191,1.343240",,,0.499220,5.274210,4.194025,0.494001
1208,147633,319.0,305.87,,3.531718726158142,65.16158151626587,76,,"0.546640,0.436390,1.469191,1.343240",,,0.499220,5.274210,4.194025,0.494001
1209,148070,437.0,307.63,,3.531718726158142,65.16158151626587,76,,"0.546640,0.436390,1.469191,1.343240",,,0.499220,5.274210,4.194025,0.494001
1210,148303,233.0,305.17,,3.531718726158142,65.16158151626587,76,,"0.546640,0.436390,1.469191,1.343240",,,0.499220,5.274210,4.194025,0.494001
1211,148587,284.0,305.79,,3.531718726158142,65.16158151626587,76,,"0.546640,0.436390,1.469191,1.343240",,,0.499220,5.274210,4.194025,0.494001
1212,149087,500.0,308.59,,3.531718726158142,65.16158151626587,76,,"0.546640,0.436390,1.469191,1.343240",,,0.499220,5.274210,4.194025,0.494001
1213,149327,240.0,309.08,,3.531718726158142,65.16158151626587,76,,"0.546640,0.436390,1.469191,1.343240",,,0.499220,5.274210,4.194025,0.494001
1214,149556,229.0,308.21,,3.531718726158142,65.16158151626587,76,,"0.546640,0.436390,1.469191,1.343240",,,0.499220,5.274210,4.194025,0.494001
1215,150006,450.0,310.91,,3.531718726158142,65.16158151626587,76,,"0.546640,0.436390,1.469191,1.343240",,,0.499220,5.274210,4.194025,0.494001
1216,150219,213.0,310.77,,3.4579301404953005,67.31260919570923,77,,"0.549053,0.431423,1.473946,1.345943",,,0.492783,5.294692,5.558561,0.488802
1217,150461,242.0,309.91,,3.4579301404953005,67.313157081604,77,,"0.549053,0.431423,1.473946,1.345943",,,0.492783,5.294692,5.558561,0.488802
1218,150738,277.0,310.05,,3.4579301404953005,67.313157081604,77,,"0.549053,0.431423,1.473946,1.345943",,,0.492783,5.294692,5.558561,0.488802
1219,151038,300.0,309.66,,3.4579301404953005,67.313157081604,77,,"0.549053,0.431423,1.473946,1.345943",,,0.492783,5.294692,5.558561,0.488802
1220,151280,242.0,307.08,,3.4579301404953005,67.313157081604,77,,"0.549053,0.431423,1.473946,1.345943",,,0.492783,5.294692,5.558561,0.488802
1221,151496,216.0,307.06,,3.4579301404953005,67.313157081604,77,,"0.549053,0.431423,1.473946,1.345943",,,0.492783,5.294692,5.558561,0.488802
1222,151954,458.0,309.44,,3.4579301404953005,67.313157081604,77,,"0.549053,0.431423,1.473946,1.345943",,,0.492783,5.294692,5.558561,0.488802
1223,152338,384.0,308.28,,3.4579301404953005,67.313157081604,77,,"0.549053,0.431423,1.473946,1.345943",,,0.492783,5.294692,5.558561,0.488802
1224,152725,387.0,309.54,,3.4579301404953005,67.313157081604,77,,"0.549053,0.431423,1.473946,1.345943",,,0.492783,5.294692,5.558561,0.488802
1225,152878,153.0,307.8,,3.4579301404953005,67.313157081604,77,,"0.549053,0.431423,1.473946,1.345943",,,0.492783,5.294692,5.558561,0.488802
1226,153071,193.0,307.0,,3.4579301404953005,67.313157081604,77,,"0.549053,0.431423,1.473946,1.345943",,,0.492783,5.294692,5.558561,0.488802
1227,153326,255.0,306.89,,3.4579301404953005,67.313157081604,77,,"0.549053,0.431423,1.473946,1.345943",,,0.492783,5.294692,5.558561,0.488802
1228,153593,267.0,306.89,,3.4579301404953005,67.313157081604,77,,"0.549053,0.431423,1.473946,1.345943",,,0.492783,5.294692,5.558561,0.488802
1229,153814,221.0,306.84,,3.4579301404953005,67.313157081604,77,,"0.549053,0.431423,1.473946,1.345943",,,0.492783,5.294692,5.558561,0.488802
1230,154239,425.0,307.79,,3.4579301404953005,67.313157081604,77,,"0.549053,0.431423,1.473946,1.345943",,,0.492783,5.294692,5.558561,0.488802
1231,154704,465.0,309.22,,3.4579301404953005,67.313157081604,77,,"0.549053,0.431423,1.473946,1.345943",,,0.492783,5.294692,5.558561,0.488802
1232,155204,500.0,311.69,,3.396428861618042,69.09742212295532,78,,"0.550333,0.428284,1.477537,1.349259",,,0.496122,5.315712,5.080782,0.510005
1233,155386,182.0,310.24,,3.396428861618042,69.09742212295532,78,,"0.550333,0.428284,1.477537,1.349259",,,0.496122,5.315712,5.080782,0.510005
1234,155802,416.0,312.1,,3.396428861618042,69.09742212295532,78,,"0.550333,0.428284,1.477537,1.349259",,,0.496122,5.315712,5.080782,0.510005
1235,156060,258.0,312.46,,3.396428861618042,69.09742212295532,78,,"0.550333,0.428284,1.477537,1.349259",,,0.496122,5.315712,5.080782,0.510005
1236,156484,424.0,314.74,,3.396428861618042,69.09742212295532,78,,"0.550333,0.428284,1.477537,1.349259",,,0.496122,5.315712,5.080782,0.510005
1237,156880,396.0,316.08,,3.396428861618042,69.09742212295532,78,,"0.550333,0.428284,1.477537,1.349259",,,0.496122,5.315712,5.080782,0.510005
1238,157215,335.0,317.4,,3.396428861618042,69.09742212295532,78,,"0.550333,0.428284,1.477537,1.349259",,,0.496122,5.315712,5.080782,0.510005
1239,157685,470.0,319.67,,3.396428861618042,69.09742212295532,78,,"0.550333,0.428284,1.477537,1.349259",,,0.496122,5.315712,5.080782,0.510005
1240,157877,192.0,318.8,,3.396428861618042,69.09742212295532,78,,"0.550333,0.428284,1.477537,1.349259",,,0.496122,5.315712,5.080782,0.510005
1241,158123,246.0,318.49,,3.396428861618042,69.09742212295532,78,,"0.550333,0.428284,1.477537,1.349259",,,0.496122,5.315712,5.080782,0.510005
1242,158339,216.0,318.27,,3.396428861618042,69.09742212295532,78,,"0.550333,0.428284,1.477537,1.349259",,,0.496122,5.315712,5.080782,0.510005
1243,158639,300.0,318.78,,3.396428861618042,69.09742212295532,78,,"0.550333,0.428284,1.477537,1.349259",,,0.496122,5.315712,5.080782,0.510005
1244,158903,264.0,318.23,,3.396428861618042,69.09742212295532,78,,"0.550333,0.428284,1.477537,1.349259",,,0.496122,5.315712,5.080782,0.510005
1245,159161,258.0,317.77,,3.396428861618042,69.09742212295532,78,,"0.550333,0.428284,1.477537,1.349259",,,0.496122,5.315712,5.080782,0.510005
1246,159466,305.0,319.04,,3.396428861618042,69.09742212295532,78,,"0.550333,0.428284,1.477537,1.349259",,,0.496122,5.315712,5.080782,0.510005
1247,159695,229.0,319.33,,3.396428861618042,69.09742212295532,78,,"0.550333,0.428284,1.477537,1.349259",,,0.496122,5.315712,5.080782,0.510005
1248,160053,358.0,320.83,,3.3371333980560305,71.02309823036194,79,,"0.551342,0.425982,1.480259,1.352520",,,0.491800,5.334574,5.464660,0.524542
1249,160266,213.0,319.45,,3.3371333980560305,71.02309823036194,79,,"0.551342,0.425982,1.480259,1.352520",500.0,0.0,0.491800,5.334574,5.464660,0.524542
1250,160559,293.0,319.43,,3.3371333980560305,71.02309823036194,79,,"0.551342,0.425982,1.480259,1.352520",,,0.491800,5.334574,5.464660,0.524542
1251,160785,226.0,319.66,,3.3371333980560305,71.02309823036194,79,,"0.551342,0.425982,1.480259,1.352520",,,0.491800,5.334574,5.464660,0.524542
1252,161127,342.0,318.34,,3.3371333980560305,71.02309823036194,79,,"0.551342,0.425982,1.480259,1.352520",,,0.491800,5.334574,5.464660,0.524542
1253,161407,280.0,316.14,,3.3371333980560305,71.02309823036194,79,,"0.551342,0.425982,1.480259,1.352520",,,0.491800,5.334574,5.464660,0.524542
1254,161604,197.0,315.49,,3.3371333980560305,71.02309823036194,79,,"0.551342,0.425982,1.480259,1.352520",,,0.491800,5.334574,5.464660,0.524542
1255,161866,262.0,315.73,,3.3371333980560305,71.02309823036194,79,,"0.551342,0.425982,1.480259,1.352520",,,0.491800,5.334574,5.464660,0.524542
1256,162085,219.0,313.92,,3.3371333980560305,71.02309823036194,79,,"0.551342,0.425982,1.480259,1.352520",,,0.491800,5.334574,5.464660,0.524542
1257,162382,297.0,314.69,,3.3371333980560305,71.02309823036194,79,,"0.551342,0.425982,1.480259,1.352520",,,0.491800,5.334574,5.464660,0.524542
1258,162554,172.0,313.68,,3.3371333980560305,71.02309823036194,79,,"0.551342,0.425982,1.480259,1.352520",,,0.491800,5.334574,5.464660,0.524542
1259,162921,367.0,312.35,,3.3371333980560305,71.02309823036194,79,,"0.551342,0.425982,1.480259,1.352520",,,0.491800,5.334574,5.464660,0.524542
1260,163170,249.0,309.84,,3.3371333980560305,71.02309823036194,79,,"0.551342,0.425982,1.480259,1.352520",,,0.491800,5.334574,5.464660,0.524542
1261,163352,182.0,306.66,,3.3371333980560305,71.02309823036194,79,,"0.551342,0.425982,1.480259,1.352520",,,0.491800,5.334574,5.464660,0.524542
1262,163562,210.0,307.24,,3.3371333980560305,71.02309823036194,79,,"0.551342,0.425982,1.480259,1.352520",,,0.491800,5.334574,5.464660,0.524542
1263,164062,500.0,309.96,,3.3371333980560305,71.02309823036194,79,,"0.551342,0.425982,1.480259,1.352520",,,0.491800,5.334574,5.464660,0.524542
1264,164562,500.0,312.96,,3.2847520780563353,72.91694211959839,80,,"0.550599,0.425750,1.482087,1.356276",,,0.492039,5.354715,5.492316,0.540723
1265,164766,204.0,311.33,,3.2847520780563353,72.91694211959839,80,,"0.550599,0.425750,1.482087,1.356276",,,0.492039,5.354715,5.492316,0.540723
1266,164976,210.0,310.9,,3.2847520780563353,72.91694211959839,80,,"0.550599,0.425750,1.482087,1.356276",,,0.492039,5.354715,5.492316,0.540723
1267,165197,221.0,310.32,,3.2847520780563353,72.91694211959839,80,,"0.550599,0.425750,1.482087,1.356276",,,0.492039,5.354715,5.492316,0.540723
1268,165405,208.0,309.81,,3.2847520780563353,72.91694211959839,80,,"0.550599,0.425750,1.482087,1.356276",,,0.492039,5.354715,5.492316,0.540723
1269,165677,272.0,309.59,,3.2847520780563353,72.91694211959839,80,,"0.550599,0.425750,1.482087,1.356276",,,0.492039,5.354715,5.492316,0.540723
1270,165909,232.0,307.23,,3.2847520780563353,72.91694211959839,80,,"0.550599,0.425750,1.482087,1.356276",,,0.492039,5.354715,5.492316,0.540723
1271,166356,447.0,307.54,,3.2847520780563353,72.91694211959839,80,,"0.550599,0.425750,1.482087,1.356276",,,0.492039,5.354715,5.492316,0.540723
1272,166711,355.0,307.97,,3.2847520780563353,72.91694211959839,80,,"0.550599,0.425750,1.482087,1.356276",,,0.492039,5.354715,5.492316,0.540723
1273,166928,217.0,307.64,,3.2847520780563353,72.91694211959839,80,,"0.550599,0.425750,1.482087,1.356276",,,0.492039,5.354715,5.492316,0.540723
1274,167151,223.0,307.74,,3.2847520780563353,72.91694211959839,80,,"0.550599,0.425750,1.482087,1.356276",,,0.492039,5.354715,5.492316,0.540723
1275,167356,205.0,306.0,,3.2847520780563353,72.91694211959839,80,,"0.550599,0.425750,1.482087,1.356276",,,0.492039,5.354715,5.492316,0.540723
1276,167628,272.0,305.96,,3.2847520780563353,72.91694211959839,80,,"0.550599,0.425750,1.482087,1.356276",,,0.492039,5.354715,5.492316,0.540723
1277,167926,298.0,306.24,,3.2847520780563353,72.91694211959839,80,,"0.550599,0.425750,1.482087,1.356276",,,0.492039,5.354715,5.492316,0.540723
1278,168167,241.0,305.55,,3.2847520780563353,72.91794991493225,80,,"0.550599,0.425750,1.482087,1.356276",,,0.492039,5.354715,5.492316,0.540723
1279,168397,230.0,304.93,,3.2847520780563353,72.91794991493225,80,,"0.550599,0.425750,1.482087,1.356276",,,0.492039,5.354715,5.492316,0.540723
1280,168652,255.0,305.72,,3.2509947776794434,74.29330801963806,81,,"0.549862,0.425458,1.483767,1.359722",,,0.490329,5.373006,6.042121,0.608409
1281,168875,223.0,305.58,,3.2509947776794434,74.29430961608887,81,,"0.549862,0.425458,1.483767,1.359722",,,0.490329,5.373006,6.042121,0.608409
1282,169075,200.0,304.98,,3.2509947776794434,74.29430961608887,81,,"0.549862,0.425458,1.483767,1.359722",,,0.490329,5.373006,6.042121,0.608409
1283,169293,218.0,304.7,,3.2509947776794434,74.29430961608887,81,,"0.549862,0.425458,1.483767,1.359722",,,0.490329,5.373006,6.042121,0.608409
1284,169483,190.0,301.6,,3.2509947776794434,74.29430961608887,81,,"0.549862,0.425458,1.483767,1.359722",,,0.490329,5.373006,6.042121,0.608409
1285,169691,208.0,300.88,,3.2509947776794434,74.29430961608887,81,,"0.549862,0.425458,1.483767,1.359722",,,0.490329,5.373006,6.042121,0.608409
1286,169958,267.0,301.06,,3.2509947776794434,74.29430961608887,81,,"0.549862,0.425458,1.483767,1.359722",,,0.490329,5.373006,6.042121,0.608409
1287,170158,200.0,301.23,,3.2509947776794434,74.29430961608887,81,,"0.549862,0.425458,1.483767,1.359722",,,0.490329,5.373006,6.042121,0.608409
1288,170480,322.0,300.93,,3.2509947776794434,74.29430961608887,81,,"0.549862,0.425458,1.483767,1.359722",,,0.490329,5.373006,6.042121,0.608409
1289,170656,176.0,299.31,,3.2509947776794434,74.29430961608887,81,,"0.549862,0.425458,1.483767,1.359722",,,0.490329,5.373006,6.042121,0.608409
1290,170903,247.0,298.62,,3.2509947776794434,74.29430961608887,81,,"0.549862,0.425458,1.483767,1.359722",,,0.490329,5.373006,6.042121,0.608409
1291,171170,267.0,299.47,,3.2509947776794434,74.29430961608887,81,,"0.549862,0.425458,1.483767,1.359722",,,0.490329,5.373006,6.042121,0.608409
1292,171373,203.0,297.85,,3.2509947776794434,74.29430961608887,81,,"0.549862,0.425458,1.483767,1.359722",,,0.490329,5.373006,6.042121,0.608409
1293,171563,190.0,294.75,,3.2509947776794434,74.29430961608887,81,,"0.549862,0.425458,1.483767,1.359722",,,0.490329,5.373006,6.042121,0.608409
1294,171773,210.0,293.77,,3.2509947776794434,74.29430961608887,81,,"0.549862,0.425458,1.483767,1.359722",,,0.490329,5.373006,6.042121,0.608409
1295,172082,309.0,294.72,,3.2509947776794434,74.29430961608887,81,,"0.549862,0.425458,1.483767,1.359722",,,0.490329,5.373006,6.042121,0.608409
1296,172293,211.0,294.33,,3.2232717752456663,75.45430779457092,82,,"0.548870,0.425747,1.484898,1.363037",,,0.490930,5.390106,6.321583,0.649062
1297,172579,286.0,295.19,,3.2232717752456663,75.45430779457092,82,,"0.548870,0.425747,1.484898,1.363037",,,0.490930,5.390106,6.321583,0.649062
1298,172730,151.0,292.44,,3.2232717752456663,75.45430779457092,82,,"0.548870,0.425747,1.484898,1.363037",,,0.490930,5.390106,6.321583,0.649062
1299,172919,189.0,289.33,,3.2232717752456663,75.45430779457092,82,,"0.548870,0.425747,1.484898,1.363037",439.2,121.60000000000001,0.490930,5.390106,6.321583,0.649062
1300,173131,212.0,288.34,,3.2232717752456663,75.45430779457092,82,,"0.548870,0.425747,1.484898,1.363037",,,0.490930,5.390106,6.321583,0.649062
1301,173320,189.0,285.23,,3.2232717752456663,75.45430779457092,82,,"0.548870,0.425747,1.484898,1.363037",,,0.490930,5.390106,6.321583,0.649062
1302,173511,191.0,282.14,,3.2232717752456663,75.45430779457092,82,,"0.548870,0.425747,1.484898,1.363037",,,0.490930,5.390106,6.321583,0.649062
1303,173711,200.0,279.14,,3.2232717752456663,75.45430779457092,82,,"0.548870,0.425747,1.484898,1.363037",,,0.490930,5.390106,6.321583,0.649062
1304,173893,182.0,276.26,,3.2232717752456663,75.45430779457092,82,,"0.548870,0.425747,1.484898,1.363037",,,0.490930,5.390106,6.321583,0.649062
1305,174097,204.0,274.51,,3.2232717752456663,75.45430779457092,82,,"0.548870,0.425747,1.484898,1.363037",,,0.490930,5.390106,6.321583,0.649062
1306,174269,172.0,272.61,,3.2232717752456663,75.45430779457092,82,,"0.548870,0.425747,1.484898,1.363037",,,0.490930,5.390106,6.321583,0.649062
1307,174482,213.0,271.68,,3.2232717752456663,75.45430779457092,82,,"0.548870,0.425747,1.484898,1.363037",,,0.490930,5.390106,6.321583,0.649062
1308,174691,209.0,270.58,,3.2232717752456663,75.45430779457092,82,,"0.548870,0.425747,1.484898,1.363037",,,0.490930,5.390106,6.321583,0.649062
1309,174919,228.0,268.49,,3.2232717752456663,75.45430779457092,82,,"0.548870,0.425747,1.484898,1.363037",,,0.490930,5.390106,6.321583,0.649062
1310,175112,193.0,268.09,,3.2232717752456663,75.45430779457092,82,,"0.548870,0.425747,1.484898,1.363037",,,0.490930,5.390106,6.321583,0.649062
1311,175309,197.0,267.22,,3.2232717752456663,75.45430779457092,82,,"0.548870,0.425747,1.484898,1.363037",,,0.490930,5.390106,6.321583,0.649062
1312,175554,245.0,264.67,,3.1960385751724245,76.75495910644531,83,,"0.546739,0.427563,1.484955,1.367489",,,0.485207,5.409633,5.817866,0.680008
1313,175731,177.0,264.04,,3.1960385751724245,76.75495910644531,83,,"0.546739,0.427563,1.484955,1.367489",,,0.485207,5.409633,5.817866,0.680008
1314,175951,220.0,263.95,,3.1960385751724245,76.75495910644531,83,,"0.546739,0.427563,1.484955,1.367489",,,0.485207,5.409633,5.817866,0.680008
1315,176137,186.0,261.31,,3.1960385751724245,76.75495910644531,83,,"0.546739,0.427563,1.484955,1.367489",,,0.485207,5.409633,5.817866,0.680008
1316,176379,242.0,261.6,,3.1960385751724245,76.75495910644531,83,,"0.546739,0.427563,1.484955,1.367489",,,0.485207,5.409633,5.817866,0.680008
1317,176577,198.0,261.16,,3.1960385751724245,76.75495910644531,83,,"0.546739,0.427563,1.484955,1.367489",,,0.485207,5.409633,5.817866,0.680008
1318,176871,294.0,261.33,,3.1960385751724245,76.75495910644531,83,,"0.546739,0.427563,1.484955,1.367489",,,0.485207,5.409633,5.817866,0.680008
1319,177134,263.0,260.96,,3.1960385751724245,76.75495910644531,83,,"0.546739,0.427563,1.484955,1.367489",,,0.485207,5.409633,5.817866,0.680008
1320,177361,227.0,260.81,,3.1960385751724245,76.75495910644531,83,,"0.546739,0.427563,1.484955,1.367489",,,0.485207,5.409633,5.817866,0.680008
1321,177658,297.0,261.62,,3.1960385751724245,76.75495910644531,83,,"0.546739,0.427563,1.484955,1.367489",,,0.485207,5.409633,5.817866,0.680008
1322,177890,232.0,259.36,,3.1960385751724245,76.75495910644531,83,,"0.546739,0.427563,1.484955,1.367489",,,0.485207,5.409633,5.817866,0.680008
1323,178040,150.0,257.02,,3.1960385751724245,76.75495910644531,83,,"0.546739,0.427563,1.484955,1.367489",,,0.485207,5.409633,5.817866,0.680008
1324,178283,243.0,255.58,,3.1960385751724245,76.75495910644531,83,,"0.546739,0.427563,1.484955,1.367489",,,0.485207,5.409633,5.817866,0.680008
1325,178488,205.0,256.1,,3.1960385751724245,76.75495910644531,83,,"0.546739,0.427563,1.484955,1.367489",,,0.485207,5.409633,5.817866,0.680008
1326,178659,171.0,255.88,,3.1960385751724245,76.75495910644531,83,,"0.546739,0.427563,1.484955,1.367489",,,0.485207,5.409633,5.817866,0.680008
1327,178831,172.0,255.05,,3.1960385751724245,76.75495910644531,83,,"0.546739,0.427563,1.484955,1.367489",,,0.485207,5.409633,5.817866,0.680008
1328,179092,261.0,254.99,,3.18130476474762,77.94496202468872,84,,"0.544720,0.429759,1.484493,1.372272",,,0.490086,5.429053,6.077296,0.730475
1329,179319,227.0,255.05,,3.18130476474762,77.94496202468872,84,,"0.544720,0.429759,1.484493,1.372272",,,0.490086,5.429053,6.077296,0.730475
1330,179473,154.0,252.34,,3.18130476474762,77.94496202468872,84,,"0.544720,0.429759,1.484493,1.372272",,,0.490086,5.429053,6.077296,0.730475
1331,179647,174.0,249.43,,3.18130476474762,77.94496202468872,84,,"0.544720,0.429759,1.484493,1.372272",,,0.490086,5.429053,6.077296,0.730475
1332,179832,185.0,246.28,,3.18130476474762,77.94496202468872,84,,"0.544720,0.429759,1.484493,1.372272",,,0.490086,5.429053,6.077296,0.730475
1333,180000,168.0,246.14,,3.18130476474762,77.94496202468872,84,,"0.544720,0.429759,1.484493,1.372272",,,0.490086,5.429053,6.077296,0.730475
1334,180206,206.0,244.04,,3.18130476474762,77.94496202468872,84,,"0.544720,0.429759,1.484493,1.372272",,,0.490086,5.429053,6.077296,0.730475
1335,180337,131.0,242.77,,3.18130476474762,77.94496202468872,84,,"0.544720,0.429759,1.484493,1.372272",,,0.490086,5.429053,6.077296,0.730475
1336,180476,139.0,239.92,,3.18130476474762,77.94496202468872,84,,"0.544720,0.429759,1.484493,1.372272",,,0.490086,5.429053,6.077296,0.730475
1337,180687,211.0,238.07,,3.18130476474762,77.94496202468872,84,,"0.544720,0.429759,1.484493,1.372272",,,0.490086,5.429053,6.077296,0.730475
1338,180854,167.0,236.39,,3.18130476474762,77.94496202468872,84,,"0.544720,0.429759,1.484493,1.372272",,,0.490086,5.429053,6.077296,0.730475
1339,181113,259.0,234.28,,3.18130476474762,77.94496202468872,84,,"0.544720,0.429759,1.484493,1.372272",,,0.490086,5.429053,6.077296,0.730475
1340,181279,166.0,234.02,,3.18130476474762,77.94496202468872,84,,"0.544720,0.429759,1.484493,1.372272",,,0.490086,5.429053,6.077296,0.730475
1341,181452,173.0,233.29,,3.18130476474762,77.94496202468872,84,,"0.544720,0.429759,1.484493,1.372272",,,0.490086,5.429053,6.077296,0.730475
1342,181626,174.0,232.87,,3.18130476474762,77.94496202468872,84,,"0.544720,0.429759,1.484493,1.372272",,,0.490086,5.429053,6.077296,0.730475
1343,181815,189.0,231.76,,3.18130476474762,77.94496202468872,84,,"0.544720,0.429759,1.484493,1.372272",,,0.490086,5.429053,6.077296,0.730475
1344,181970,155.0,230.67,,3.169132323265076,78.9174633026123,85,,"0.541047,0.434008,1.482635,1.377005",,,0.487792,5.447452,6.323642,0.736248
1345,182145,175.0,229.84,,3.169132323265076,78.9174633026123,85,,"0.541047,0.434008,1.482635,1.377005",,,0.487792,5.447452,6.323642,0.736248
1346,182308,163.0,228.42,,3.169132323265076,78.9174633026123,85,,"0.541047,0.434008,1.482635,1.377005",,,0.487792,5.447452,6.323642,0.736248
1347,182461,153.0,227.66,,3.169132323265076,78.9174633026123,85,,"0.541047,0.434008,1.482635,1.377005",,,0.487792,5.447452,6.323642,0.736248
1348,182630,169.0,225.77,,3.169132323265076,78.9174633026123,85,,"0.541047,0.434008,1.482635,1.377005",,,0.487792,5.447452,6.323642,0.736248
1349,182805,175.0,225.39,,3.169132323265076,78.9174633026123,85,,"0.541047,0.434008,1.482635,1.377005",195.4,18.227451824103117,0.487792,5.447452,6.323642,0.736248
1350,183000,195.0,224.41,,3.169132323265076,78.9174633026123,85,,"0.541047,0.434008,1.482635,1.377005",,,0.487792,5.447452,6.323642,0.736248
1351,183156,156.0,223.71,,3.169132323265076,78.9174633026123,85,,"0.541047,0.434008,1.482635,1.377005",,,0.487792,5.447452,6.323642,0.736248
1352,183329,173.0,222.02,,3.169132323265076,78.91846370697021,85,,"0.541047,0.434008,1.482635,1.377005",,,0.487792,5.447452,6.323642,0.736248
1353,183483,154.0,220.76,,3.169132323265076,78.91846370697021,85,,"0.541047,0.434008,1.482635,1.377005",,,0.487792,5.447452,6.323642,0.736248
1354,183630,147.0,220.26,,3.169132323265076,78.91846370697021,85,,"0.541047,0.434008,1.482635,1.377005",,,0.487792,5.447452,6.323642,0.736248
1355,183817,187.0,219.51,,3.169132323265076,78.91846370697021,85,,"0.541047,0.434008,1.482635,1.377005",,,0.487792,5.447452,6.323642,0.736248
1356,183999,182.0,219.14,,3.169132323265076,78.91846370697021,85,,"0.541047,0.434008,1.482635,1.377005",,,0.487792,5.447452,6.323642,0.736248
1357,184231,232.0,218.49,,3.169132323265076,78.91846370697021,85,,"0.541047,0.434008,1.482635,1.377005",,,0.487792,5.447452,6.323642,0.736248
1358,184368,137.0,218.14,,3.169132323265076,78.91846370697021,85,,"0.541047,0.434008,1.482635,1.377005",,,0.487792,5.447452,6.323642,0.736248
1359,184549,181.0,216.28,,3.169132323265076,78.91846370697021,85,,"0.541047,0.434008,1.482635,1.377005",,,0.487792,5.447452,6.323642,0.736248
1360,184686,137.0,215.16,,3.160699224472046,79.88428092002869,86,,"0.537374,0.438625,1.480163,1.382221",,,0.488634,5.467194,6.195866,0.758434
1361,184898,212.0,215.46,,3.160699224472046,79.88528513908386,86,,"0.537374,0.438625,1.480163,1.382221",,,0.488634,5.467194,6.195866,0.758434
1362,185067,169.0,215.05,,3.160699224472046,79.88528513908386,86,,"0.537374,0.438625,1.480163,1.382221",,,0.488634,5.467194,6.195866,0.758434
1363,185236,169.0,211.74,,3.160699224472046,79.88528513908386,86,,"0.537374,0.438625,1.480163,1.382221",,,0.488634,5.467194,6.195866,0.758434
1364,185445,209.0,208.83,,3.160699224472046,79.88528513908386,86,,"0.537374,0.438625,1.480163,1.382221",,,0.488634,5.467194,6.195866,0.758434
1365,185584,139.0,208.18,,3.160699224472046,79.88528513908386,86,,"0.537374,0.438625,1.480163,1.382221",,,0.488634,5.467194,6.195866,0.758434
1366,185759,175.0,207.83,,3.160699224472046,79.88528513908386,86,,"0.537374,0.438625,1.480163,1.382221",,,0.488634,5.467194,6.195866,0.758434
1367,185900,141.0,207.03,,3.160699224472046,79.88528513908386,86,,"0.537374,0.438625,1.480163,1.382221",,,0.488634,5.467194,6.195866,0.758434
1368,186054,154.0,206.49,,3.160699224472046,79.88528513908386,86,,"0.537374,0.438625,1.480163,1.382221",,,0.488634,5.467194,6.195866,0.758434
1369,186254,200.0,205.77,,3.160699224472046,79.88528513908386,86,,"0.537374,0.438625,1.480163,1.382221",,,0.488634,5.467194,6.195866,0.758434
1370,186431,177.0,205.22,,3.160699224472046,79.88528513908386,86,,"0.537374,0.438625,1.480163,1.382221",,,0.488634,5.467194,6.195866,0.758434
1371,186575,144.0,202.19,,3.160699224472046,79.88528513908386,86,,"0.537374,0.438625,1.480163,1.382221",,,0.488634,5.467194,6.195866,0.758434
1372,186719,144.0,200.08,,3.160699224472046,79.88528513908386,86,,"0.537374,0.438625,1.480163,1.382221",,,0.488634,5.467194,6.195866,0.758434
1373,186860,141.0,199.32,,3.160699224472046,79.88528513908386,86,,"0.537374,0.438625,1.480163,1.382221",,,0.488634,5.467194,6.195866,0.758434
1374,187006,146.0,198.55,,3.160699224472046,79.88528513908386,86,,"0.537374,0.438625,1.480163,1.382221",,,0.488634,5.467194,6.195866,0.758434
1375,187161,155.0,198.05,,3.160699224472046,79.88528513908386,86,,"0.537374,0.438625,1.480163,1.382221",,,0.488634,5.467194,6.195866,0.758434
1376,187340,179.0,197.12,,3.1467209005355836,80.84920692443848,87,,"0.533736,0.443388,1.477622,1.386944",,,0.488544,5.484123,5.919862,0.793519
1377,187503,163.0,195.77,,3.1467209005355836,80.85020899772644,87,,"0.533736,0.443388,1.477622,1.386944",,,0.488544,5.484123,5.919862,0.793519
1378,187632,129.0,194.65,,3.1467209005355836,80.85020899772644,87,,"0.533736,0.443388,1.477622,1.386944",,,0.488544,5.484123,5.919862,0.793519
1379,187789,157.0,193.92,,3.1467209005355836,80.85020899772644,87,,"0.533736,0.443388,1.477622,1.386944",,,0.488544,5.484123,5.919862,0.793519
1380,187956,167.0,193.04,,3.1467209005355836,80.85020899772644,87,,"0.533736,0.443388,1.477622,1.386944",,,0.488544,5.484123,5.919862,0.793519
1381,188124,168.0,192.49,,3.1467209005355836,80.85020899772644,87,,"0.533736,0.443388,1.477622,1.386944",,,0.488544,5.484123,5.919862,0.793519
1382,188311,187.0,192.36,,3.1467209005355836,80.85020899772644,87,,"0.533736,0.443388,1.477622,1.386944",,,0.488544,5.484123,5.919862,0.793519
1383,188465,154.0,191.72,,3.1467209005355836,80.85020899772644,87,,"0.533736,0.443388,1.477622,1.386944",,,0.488544,5.484123,5.919862,0.793519
1384,188695,230.0,192.12,,3.1467209005355836,80.85020899772644,87,,"0.533736,0.443388,1.477622,1.386944",,,0.488544,5.484123,5.919862,0.793519
1385,188825,130.0,191.34,,3.1467209005355836,80.85020899772644,87,,"0.533736,0.443388,1.477622,1.386944",,,0.488544,5.484123,5.919862,0.793519
1386,188990,165.0,190.32,,3.1467209005355836,80.85020899772644,87,,"0.533736,0.443388,1.477622,1.386944",,,0.488544,5.484123,5.919862,0.793519
1387,189135,145.0,189.77,,3.1467209005355836,80.85020899772644,87,,"0.533736,0.443388,1.477622,1.386944",,,0.488544,5.484123,5.919862,0.793519
1388,189288,153.0,188.08,,3.1467209005355836,80.85020899772644,87,,"0.533736,0.443388,1.477622,1.386944",,,0.488544,5.484123,5.919862,0.793519
1389,189437,149.0,187.81,,3.1467209005355836,80.85020899772644,87,,"0.533736,0.443388,1.477622,1.386944",,,0.488544,5.484123,5.919862,0.793519
1390,189591,154.0,186.88,,3.1467209005355836,80.85020899772644,87,,"0.533736,0.443388,1.477622,1.386944",,,0.488544,5.484123,5.919862,0.793519
1391,189797,206.0,186.27,,3.1467209005355836,80.85020899772644,87,,"0.533736,0.443388,1.477622,1.386944",,,0.488544,5.484123,5.919862,0.793519
1392,189948,151.0,185.75,,3.1483529138565065,81.6682403087616,88,,"0.530468,0.447098,1.476392,1.390223",,,0.488898,5.496867,6.153661,0.801967
1393,190081,133.0,185.18,,3.1483529138565065,81.6682403087616,88,,"0.530468,0.447098,1.476392,1.390223",,,0.488898,5.496867,6.153661,0.801967
1394,190216,135.0,184.43,,3.1483529138565065,81.6682403087616,88,,"0.530468,0.447098,1.476392,1.390223",,,0.488898,5.496867,6.153661,0.801967
1395,190367,151.0,182.85,,3.1483529138565065,81.6682403087616,88,,"0.530468,0.447098,1.476392,1.390223",,,0.488898,5.496867,6.153661,0.801967
1396,190506,139.0,182.13,,3.1483529138565065,81.6682403087616,88,,"0.530468,0.447098,1.476392,1.390223",,,0.488898,5.496867,6.153661,0.801967
1397,190653,147.0,180.74,,3.1483529138565065,81.6682403087616,88,,"0.530468,0.447098,1.476392,1.390223",,,0.488898,5.496867,6.153661,0.801967
1398,190813,160.0,180.83,,3.1483529138565065,81.6682403087616,88,,"0.530468,0.447098,1.476392,1.390223",,,0.488898,5.496867,6.153661,0.801967
1399,190967,154.0,180.48,,3.1483529138565065,81.6682403087616,88,,"0.530468,0.447098,1.476392,1.390223",155.0,10.825894882179487,0.488898,5.496867,6.153661,0.801967
1400,191113,146.0,179.82,,3.1483529138565065,81.6682403087616,88,,"0.530468,0.447098,1.476392,1.390223",,,0.488898,5.496867,6.153661,0.801967
1401,191253,140.0,179.33,,3.1483529138565065,81.6682403087616,88,,"0.530468,0.447098,1.476392,1.390223",,,0.488898,5.496867,6.153661,0.801967
1402,191377,124.0,178.66,,3.1483529138565065,81.6682403087616,88,,"0.530468,0.447098,1.476392,1.390223",,,0.488898,5.496867,6.153661,0.801967
1403,191532,155.0,178.21,,3.1483529138565065,81.6682403087616,88,,"0.530468,0.447098,1.476392,1.390223",,,0.488898,5.496867,6.153661,0.801967
1404,191687,155.0,177.94,,3.1483529138565065,81.6682403087616,88,,"0.530468,0.447098,1.476392,1.390223",,,0.488898,5.496867,6.153661,0.801967
1405,191871,184.0,177.74,,3.1483529138565065,81.6682403087616,88,,"0.530468,0.447098,1.476392,1.390223",,,0.488898,5.496867,6.153661,0.801967
1406,191993,122.0,177.24,,3.1483529138565065,81.6682403087616,88,,"0.530468,0.447098,1.476392,1.390223",,,0.488898,5.496867,6.153661,0.801967
1407,192142,149.0,176.6,,3.1483529138565065,81.6682403087616,88,,"0.530468,0.447098,1.476392,1.390223",,,0.488898,5.496867,6.153661,0.801967
1408,192275,133.0,175.84,,3.141865358352661,82.52297711372375,89,,"0.527132,0.450864,1.475233,1.393415",,,0.487284,5.509059,5.718527,0.817858
1409,192416,141.0,174.97,,3.141865358352661,82.5239987373352,89,,"0.527132,0.450864,1.475233,1.393415",,,0.487284,5.509059,5.718527,0.817858
1410,192552,136.0,174.4,,3.141865358352661,82.5239987373352,89,,"0.527132,0.450864,1.475233,1.393415",,,0.487284,5.509059,5.718527,0.817858
1411,192736,184.0,174.27,,3.141865358352661,82.5239987373352,89,,"0.527132,0.450864,1.475233,1.393415",,,0.487284,5.509059,5.718527,0.817858
1412,192902,166.0,173.48,,3.141865358352661,82.5239987373352,89,,"0.527132,0.450864,1.475233,1.393415",,,0.487284,5.509059,5.718527,0.817858
1413,193050,148.0,173.19,,3.141865358352661,82.5239987373352,89,,"0.527132,0.450864,1.475233,1.393415",,,0.487284,5.509059,5.718527,0.817858
1414,193197,147.0,172.46,,3.141865358352661,82.5239987373352,89,,"0.527132,0.450864,1.475233,1.393415",,,0.487284,5.509059,5.718527,0.817858
1415,193337,140.0,172.0,,3.141865358352661,82.5239987373352,89,,"0.527132,0.450864,1.475233,1.393415",,,0.487284,5.509059,5.718527,0.817858
1416,193499,162.0,171.2,,3.141865358352661,82.5239987373352,89,,"0.527132,0.450864,1.475233,1.393415",,,0.487284,5.509059,5.718527,0.817858
1417,193643,144.0,170.66,,3.141865358352661,82.5239987373352,89,,"0.527132,0.450864,1.475233,1.393415",,,0.487284,5.509059,5.718527,0.817858
1418,193823,180.0,169.52,,3.141865358352661,82.5239987373352,89,,"0.527132,0.450864,1.475233,1.393415",,,0.487284,5.509059,5.718527,0.817858
1419,193979,156.0,168.45,,3.141865358352661,82.5239987373352,89,,"0.527132,0.450864,1.475233,1.393415",,,0.487284,5.509059,5.718527,0.817858
1420,194150,171.0,167.89,,3.141865358352661,82.5239987373352,89,,"0.527132,0.450864,1.475233,1.393415",,,0.487284,5.509059,5.718527,0.817858
1421,194281,131.0,166.23,,3.141865358352661,82.5239987373352,89,,"0.527132,0.450864,1.475233,1.393415",,,0.487284,5.509059,5.718527,0.817858
1422,194416,135.0,165.26,,3.141865358352661,82.5239987373352,89,,"0.527132,0.450864,1.475233,1.393415",,,0.487284,5.509059,5.718527,0.817858
1423,194574,158.0,165.34,,3.141865358352661,82.5239987373352,89,,"0.527132,0.450864,1.475233,1.393415",,,0.487284,5.509059,5.718527,0.817858
1424,194716,142.0,164.33,,3.1414291191101076,83.37148475646973,90,,"0.524434,0.453164,1.475602,1.396079",,,0.485794,5.520169,5.873805,0.824398
1425,194858,142.0,163.7,,3.1414291191101076,83.37148475646973,90,,"0.524434,0.453164,1.475602,1.396079",,,0.485794,5.520169,5.873805,0.824398
1426,194979,121.0,163.2,,3.1414291191101076,83.37148475646973,90,,"0.524434,0.453164,1.475602,1.396079",,,0.485794,5.520169,5.873805,0.824398
1427,195129,150.0,162.98,,3.1414291191101076,83.37148475646973,90,,"0.524434,0.453164,1.475602,1.396079",,,0.485794,5.520169,5.873805,0.824398
1428,195285,156.0,161.93,,3.1414291191101076,83.37148475646973,90,,"0.524434,0.453164,1.475602,1.396079",,,0.485794,5.520169,5.873805,0.824398
1429,195408,123.0,160.89,,3.1414291191101076,83.37148475646973,90,,"0.524434,0.453164,1.475602,1.396079",,,0.485794,5.520169,5.873805,0.824398
1430,195522,114.0,160.49,,3.1414291191101076,83.37148475646973,90,,"0.524434,0.453164,1.475602,1.396079",,,0.485794,5.520169,5.873805,0.824398
1431,195670,148.0,160.23,,3.1414291191101076,83.37148475646973,90,,"0.524434,0.453164,1.475602,1.396079",,,0.485794,5.520169,5.873805,0.824398
1432,195860,190.0,160.28,,3.1414291191101076,83.37148475646973,90,,"0.524434,0.453164,1.475602,1.396079",,,0.485794,5.520169,5.873805,0.824398
1433,195985,125.0,159.85,,3.1414291191101076,83.37148475646973,90,,"0.524434,0.453164,1.475602,1.396079",,,0.485794,5.520169,5.873805,0.824398
1434,196130,145.0,159.24,,3.1414291191101076,83.37148475646973,90,,"0.524434,0.453164,1.475602,1.396079",,,0.485794,5.520169,5.873805,0.824398
1435,196293,163.0,159.56,,3.1414291191101076,83.37248635292053,90,,"0.524434,0.453164,1.475602,1.396079",,,0.485794,5.520169,5.873805,0.824398
1436,196427,134.0,159.51,,3.1414291191101076,83.37248635292053,90,,"0.524434,0.453164,1.475602,1.396079",,,0.485794,5.520169,5.873805,0.824398
1437,196580,153.0,158.93,,3.1414291191101076,83.37248635292053,90,,"0.524434,0.453164,1.475602,1.396079",,,0.485794,5.520169,5.873805,0.824398
1438,196719,139.0,158.65,,3.1414291191101076,83.37248635292053,90,,"0.524434,0.453164,1.475602,1.396079",,,0.485794,5.520169,5.873805,0.824398
1439,196852,133.0,157.39,,3.1414291191101076,83.37248635292053,90,,"0.524434,0.453164,1.475602,1.396079",,,0.485794,5.520169,5.873805,0.824398
1440,196996,144.0,157.17,,3.136823139190674,84.08077001571655,91,,"0.521940,0.455253,1.476132,1.398009",,,0.492859,5.528069,5.447046,0.841606
1441,197148,152.0,156.96,,3.136823139190674,84.08077001571655,91,,"0.521940,0.455253,1.476132,1.398009",,,0.492859,5.528069,5.447046,0.841606
1442,197285,137.0,156.59,,3.136823139190674,84.08077001571655,91,,"0.521940,0.455253,1.476132,1.398009",,,0.492859,5.528069,5.447046,0.841606
1443,197416,131.0,156.01,,3.136823139190674,84.08077001571655,91,,"0.521940,0.455253,1.476132,1.398009",,,0.492859,5.528069,5.447046,0.841606
1444,197556,140.0,155.86,,3.136823139190674,84.08077001571655,91,,"0.521940,0.455253,1.476132,1.398009",,,0.492859,5.528069,5.447046,0.841606
1445,197703,147.0,155.58,,3.136823139190674,84.08077001571655,91,,"0.521940,0.455253,1.476132,1.398009",,,0.492859,5.528069,5.447046,0.841606
1446,197850,147.0,155.42,,3.136823139190674,84.08077001571655,91,,"0.521940,0.455253,1.476132,1.398009",,,0.492859,5.528069,5.447046,0.841606
1447,197982,132.0,155.21,,3.136823139190674,84.08077001571655,91,,"0.521940,0.455253,1.476132,1.398009",,,0.492859,5.528069,5.447046,0.841606
1448,198127,145.0,154.97,,3.136823139190674,84.08181381225586,91,,"0.521940,0.455253,1.476132,1.398009",,,0.492859,5.528069,5.447046,0.841606
1449,198277,150.0,154.72,,3.136823139190674,84.08181381225586,91,,"0.521940,0.455253,1.476132,1.398009",146.6,7.116178749862878,0.492859,5.528069,5.447046,0.841606
1450,198436,159.0,154.36,,3.136823139190674,84.08181381225586,91,,"0.521940,0.455253,1.476132,1.398009",,,0.492859,5.528069,5.447046,0.841606
1451,198572,136.0,154.16,,3.136823139190674,84.08181381225586,91,,"0.521940,0.455253,1.476132,1.398009",,,0.492859,5.528069,5.447046,0.841606
1452,198726,154.0,153.97,,3.136823139190674,84.08181381225586,91,,"0.521940,0.455253,1.476132,1.398009",,,0.492859,5.528069,5.447046,0.841606
1453,198852,126.0,153.69,,3.136823139190674,84.08181381225586,91,,"0.521940,0.455253,1.476132,1.398009",,,0.492859,5.528069,5.447046,0.841606
1454,198982,130.0,153.52,,3.136823139190674,84.08181381225586,91,,"0.521940,0.455253,1.476132,1.398009",,,0.492859,5.528069,5.447046,0.841606
1455,199135,153.0,153.18,,3.136823139190674,84.08181381225586,91,,"0.521940,0.455253,1.476132,1.398009",,,0.492859,5.528069,5.447046,0.841606
1456,199309,174.0,153.1,,3.1391004657745363,84.89235377311707,92,,"0.520507,0.454835,1.478778,1.400020",,,0.494589,5.539367,5.458622,0.844786
1457,199447,138.0,152.16,,3.1391004657745363,84.89335584640503,92,,"0.520507,0.454835,1.478778,1.400020",,,0.494589,5.539367,5.458622,0.844786
1458,199585,138.0,152.17,,3.1391004657745363,84.89335584640503,92,,"0.520507,0.454835,1.478778,1.400020",,,0.494589,5.539367,5.458622,0.844786
1459,199729,144.0,151.8,,3.1391004657745363,84.89335584640503,92,,"0.520507,0.454835,1.478778,1.400020",,,0.494589,5.539367,5.458622,0.844786
1460,199868,139.0,151.82,,3.1391004657745363,84.89335584640503,92,,"0.520507,0.454835,1.478778,1.400020",,,0.494589,5.539367,5.458622,0.844786
1461,199992,124.0,150.94,,3.1391004657745363,84.89335584640503,92,,"0.520507,0.454835,1.478778,1.400020",,,0.494589,5.539367,5.458622,0.844786
1462,200115,123.0,150.48,,3.1391004657745363,84.89335584640503,92,,"0.520507,0.454835,1.478778,1.400020",,,0.494589,5.539367,5.458622,0.844786
1463,200243,128.0,150.07,,3.1391004657745363,84.89335584640503,92,,"0.520507,0.454835,1.478778,1.400020",,,0.494589,5.539367,5.458622,0.844786
1464,200362,119.0,149.17,,3.1391004657745363,84.89335584640503,92,,"0.520507,0.454835,1.478778,1.400020",,,0.494589,5.539367,5.458622,0.844786
1465,200478,116.0,148.94,,3.1391004657745363,84.89335584640503,92,,"0.520507,0.454835,1.478778,1.400020",,,0.494589,5.539367,5.458622,0.844786
1466,200618,140.0,148.59,,3.1391004657745363,84.89335584640503,92,,"0.520507,0.454835,1.478778,1.400020",,,0.494589,5.539367,5.458622,0.844786
1467,200748,130.0,148.48,,3.1391004657745363,84.89335584640503,92,,"0.520507,0.454835,1.478778,1.400020",,,0.494589,5.539367,5.458622,0.844786
1468,200852,104.0,147.98,,3.1391004657745363,84.89335584640503,92,,"0.520507,0.454835,1.478778,1.400020",,,0.494589,5.539367,5.458622,0.844786
1469,201007,155.0,147.53,,3.1391004657745363,84.89335584640503,92,,"0.520507,0.454835,1.478778,1.400020",,,0.494589,5.539367,5.458622,0.844786
1470,201147,140.0,147.16,,3.1391004657745363,84.89335584640503,92,,"0.520507,0.454835,1.478778,1.400020",,,0.494589,5.539367,5.458622,0.844786
1471,201314,167.0,147.39,,3.1391004657745363,84.89335584640503,92,,"0.520507,0.454835,1.478778,1.400020",,,0.494589,5.539367,5.458622,0.844786
1472,201488,174.0,147.69,,3.131535196304321,85.71772027015686,93,,"0.519371,0.453975,1.481664,1.401709",,,0.480955,5.547585,5.063421,0.856093
1473,201650,162.0,147.9,,3.131535196304321,85.71772027015686,93,,"0.519371,0.453975,1.481664,1.401709",,,0.480955,5.547585,5.063421,0.856093
1474,201783,133.0,147.77,,3.131535196304321,85.71772027015686,93,,"0.519371,0.453975,1.481664,1.401709",,,0.480955,5.547585,5.063421,0.856093
1475,201912,129.0,147.51,,3.131535196304321,85.71772027015686,93,,"0.519371,0.453975,1.481664,1.401709",,,0.480955,5.547585,5.063421,0.856093
1476,202050,138.0,147.1,,3.131535196304321,85.71772027015686,93,,"0.519371,0.453975,1.481664,1.401709",,,0.480955,5.547585,5.063421,0.856093
1477,202181,131.0,146.78,,3.131535196304321,85.71772027015686,93,,"0.519371,0.453975,1.481664,1.401709",,,0.480955,5.547585,5.063421,0.856093
1478,202332,151.0,147.0,,3.131535196304321,85.71772027015686,93,,"0.519371,0.453975,1.481664,1.401709",,,0.480955,5.547585,5.063421,0.856093
1479,202480,148.0,146.91,,3.131535196304321,85.71772027015686,93,,"0.519371,0.453975,1.481664,1.401709",,,0.480955,5.547585,5.063421,0.856093
1480,202607,127.0,146.51,,3.131535196304321,85.71772027015686,93,,"0.519371,0.453975,1.481664,1.401709",,,0.480955,5.547585,5.063421,0.856093
1481,202747,140.0,146.23,,3.131535196304321,85.71772027015686,93,,"0.519371,0.453975,1.481664,1.401709",,,0.480955,5.547585,5.063421,0.856093
1482,202871,124.0,145.6,,3.131535196304321,85.71772027015686,93,,"0.519371,0.453975,1.481664,1.401709",,,0.480955,5.547585,5.063421,0.856093
1483,202991,120.0,145.26,,3.131535196304321,85.71772027015686,93,,"0.519371,0.453975,1.481664,1.401709",,,0.480955,5.547585,5.063421,0.856093
1484,203140,149.0,144.45,,3.131535196304321,85.71772027015686,93,,"0.519371,0.453975,1.481664,1.401709",,,0.480955,5.547585,5.063421,0.856093
1485,203304,164.0,144.79,,3.131535196304321,85.71772027015686,93,,"0.519371,0.453975,1.481664,1.401709",,,0.480955,5.547585,5.063421,0.856093
1486,203448,144.0,144.58,,3.131535196304321,85.71772027015686,93,,"0.519371,0.453975,1.481664,1.401709",,,0.480955,5.547585,5.063421,0.856093
1487,203584,136.0,144.49,,3.131535196304321,85.71772027015686,93,,"0.519371,0.453975,1.481664,1.401709",,,0.480955,5.547585,5.063421,0.856093
1488,203723,139.0,144.35,,3.1209978437423707,86.57046747207642,94,,"0.519125,0.452245,1.484937,1.404046",,,0.488222,5.557261,4.575597,0.873092
1489,203852,129.0,144.15,,3.1209978437423707,86.57046747207642,94,,"0.519125,0.452245,1.484937,1.404046",,,0.488222,5.557261,4.575597,0.873092
1490,203995,143.0,144.04,,3.1209978437423707,86.57046747207642,94,,"0.519125,0.452245,1.484937,1.404046",,,0.488222,5.557261,4.575597,0.873092
1491,204132,137.0,143.35,,3.1209978437423707,86.57046747207642,94,,"0.519125,0.452245,1.484937,1.404046",,,0.488222,5.557261,4.575597,0.873092
1492,204277,145.0,143.29,,3.1209978437423707,86.57149147987366,94,,"0.519125,0.452245,1.484937,1.404046",,,0.488222,5.557261,4.575597,0.873092
1493,204442,165.0,143.61,,3.1209978437423707,86.57149147987366,94,,"0.519125,0.452245,1.484937,1.404046",,,0.488222,5.557261,4.575597,0.873092
1494,204618,176.0,144.02,,3.1209978437423707,86.57149147987366,94,,"0.519125,0.452245,1.484937,1.404046",,,0.488222,5.557261,4.575597,0.873092
1495,204768,150.0,144.01,,3.1209978437423707,86.57149147987366,94,,"0.519125,0.452245,1.484937,1.404046",,,0.488222,5.557261,4.575597,0.873092
1496,204927,159.0,144.21,,3.1209978437423707,86.57149147987366,94,,"0.519125,0.452245,1.484937,1.404046",,,0.488222,5.557261,4.575597,0.873092
1497,205061,134.0,144.08,,3.1209978437423707,86.57149147987366,94,,"0.519125,0.452245,1.484937,1.404046",,,0.488222,5.557261,4.575597,0.873092
1498,205191,130.0,143.78,,3.1209978437423707,86.57149147987366,94,,"0.519125,0.452245,1.484937,1.404046",,,0.488222,5.557261,4.575597,0.873092
1499,205316,125.0,143.49,,3.1209978437423707,86.57149147987366,94,,"0.519125,0.452245,1.484937,1.404046",157.4,10.307278981380101,0.488222,5.557261,4.575597,0.873092
1500,205502,186.0,143.89,,3.1209978437423707,86.57149147987366,94,,"0.519125,0.452245,1.484937,1.404046",,,0.488222,5.557261,4.575597,0.873092
1501,205635,133.0,143.82,,3.1209978437423707,86.57149147987366,94,,"0.519125,0.452245,1.484937,1.404046",,,0.488222,5.557261,4.575597,0.873092
1502,205768,133.0,143.91,,3.1209978437423707,86.57149147987366,94,,"0.519125,0.452245,1.484937,1.404046",,,0.488222,5.557261,4.575597,0.873092
1503,205951,183.0,144.19,,3.1209978437423707,86.57149147987366,94,,"0.519125,0.452245,1.484937,1.404046",,,0.488222,5.557261,4.575597,0.873092
1504,206111,160.0,144.24,,3.10463002204895,87.44494295120239,95,,"0.517957,0.452408,1.486684,1.406958",,,0.482057,5.567219,4.391467,0.868841
1505,206254,143.0,143.83,,3.10463002204895,87.44494295120239,95,,"0.517957,0.452408,1.486684,1.406958",,,0.482057,5.567219,4.391467,0.868841
1506,206408,154.0,144.15,,3.10463002204895,87.44494295120239,95,,"0.517957,0.452408,1.486684,1.406958",,,0.482057,5.567219,4.391467,0.868841
1507,206576,168.0,144.34,,3.10463002204895,87.44494295120239,95,,"0.517957,0.452408,1.486684,1.406958",,,0.482057,5.567219,4.391467,0.868841
1508,206753,177.0,144.78,,3.10463002204895,87.44494295120239,95,,"0.517957,0.452408,1.486684,1.406958",,,0.482057,5.567219,4.391467,0.868841
1509,206885,132.0,144.69,,3.10463002204895,87.44494295120239,95,,"0.517957,0.452408,1.486684,1.406958",,,0.482057,5.567219,4.391467,0.868841
1510,207020,135.0,144.68,,3.10463002204895,87.44494295120239,95,,"0.517957,0.452408,1.486684,1.406958",,,0.482057,5.567219,4.391467,0.868841
1511,207148,128.0,144.12,,3.10463002204895,87.44494295120239,95,,"0.517957,0.452408,1.486684,1.406958",,,0.482057,5.567219,4.391467,0.868841
1512,207279,131.0,143.77,,3.10463002204895,87.44494295120239,95,,"0.517957,0.452408,1.486684,1.406958",,,0.482057,5.567219,4.391467,0.868841
1513,207444,165.0,143.94,,3.10463002204895,87.44494295120239,95,,"0.517957,0.452408,1.486684,1.406958",,,0.482057,5.567219,4.391467,0.868841
1514,207599,155.0,144.02,,3.10463002204895,87.44494295120239,95,,"0.517957,0.452408,1.486684,1.406958",,,0.482057,5.567219,4.391467,0.868841
1515,207762,163.0,144.25,,3.10463002204895,87.44494295120239,95,,"0.517957,0.452408,1.486684,1.406958",,,0.482057,5.567219,4.391467,0.868841
1516,207898,136.0,143.99,,3.10463002204895,87.44494295120239,95,,"0.517957,0.452408,1.486684,1.406958",,,0.482057,5.567219,4.391467,0.868841
1517,208084,186.0,144.41,,3.10463002204895,87.44494295120239,95,,"0.517957,0.452408,1.486684,1.406958",,,0.482057,5.567219,4.391467,0.868841
1518,208237,153.0,144.14,,3.10463002204895,87.44494295120239,95,,"0.517957,0.452408,1.486684,1.406958",,,0.482057,5.567219,4.391467,0.868841
1519,208415,178.0,144.36,,3.10463002204895,87.44494295120239,95,,"0.517957,0.452408,1.486684,1.406958",,,0.482057,5.567219,4.391467,0.868841
1520,208606,191.0,144.56,,3.0891222286224367,88.40662860870361,96,,"0.518719,0.448642,1.492177,1.410432",,,0.480949,5.583407,4.159141,0.872845
1521,208757,151.0,144.76,,3.0891222286224367,88.40662860870361,96,,"0.518719,0.448642,1.492177,1.410432",,,0.480949,5.583407,4.159141,0.872845
1522,208910,153.0,144.94,,3.0891222286224367,88.40662860870361,96,,"0.518719,0.448642,1.492177,1.410432",,,0.480949,5.583407,4.159141,0.872845
1523,209105,195.0,145.31,,3.0891222286224367,88.40662860870361,96,,"0.518719,0.448642,1.492177,1.410432",,,0.480949,5.583407,4.159141,0.872845
1524,209247,142.0,145.31,,3.0891222286224367,88.40662860870361,96,,"0.518719,0.448642,1.492177,1.410432",,,0.480949,5.583407,4.159141,0.872845
1525,209420,173.0,145.62,,3.0891222286224367,88.40662860870361,96,,"0.518719,0.448642,1.492177,1.410432",,,0.480949,5.583407,4.159141,0.872845
1526,209554,134.0,145.75,,3.0891222286224367,88.40662860870361,96,,"0.518719,0.448642,1.492177,1.410432",,,0.480949,5.583407,4.159141,0.872845
1527,209748,194.0,146.19,,3.0891222286224367,88.40662860870361,96,,"0.518719,0.448642,1.492177,1.410432",,,0.480949,5.583407,4.159141,0.872845
1528,209929,181.0,146.44,,3.0891222286224367,88.40662860870361,96,,"0.518719,0.448642,1.492177,1.410432",,,0.480949,5.583407,4.159141,0.872845
1529,210080,151.0,146.72,,3.0891222286224367,88.40662860870361,96,,"0.518719,0.448642,1.492177,1.410432",,,0.480949,5.583407,4.159141,0.872845
1530,210229,149.0,147.07,,3.0891222286224367,88.40662860870361,96,,"0.518719,0.448642,1.492177,1.410432",,,0.480949,5.583407,4.159141,0.872845
1531,210371,142.0,147.01,,3.0891222286224367,88.40662860870361,96,,"0.518719,0.448642,1.492177,1.410432",,,0.480949,5.583407,4.159141,0.872845
1532,210505,134.0,146.45,,3.0891222286224367,88.40662860870361,96,,"0.518719,0.448642,1.492177,1.410432",,,0.480949,5.583407,4.159141,0.872845
1533,210649,144.0,146.64,,3.0891222286224367,88.40662860870361,96,,"0.518719,0.448642,1.492177,1.410432",,,0.480949,5.583407,4.159141,0.872845
1534,210839,190.0,147.09,,3.0891222286224367,88.40662860870361,96,,"0.518719,0.448642,1.492177,1.410432",,,0.480949,5.583407,4.159141,0.872845
1535,210977,138.0,146.84,,3.0891222286224367,88.40760707855225,96,,"0.518719,0.448642,1.492177,1.410432",,,0.480949,5.583407,4.159141,0.872845
1536,211166,189.0,147.39,,3.071424431800842,89.49296355247498,97,,"0.519583,0.444565,1.498204,1.414216",,,0.476724,5.602574,4.008812,0.874967
1537,211334,168.0,147.54,,3.071424431800842,89.49296355247498,97,,"0.519583,0.444565,1.498204,1.414216",,,0.476724,5.602574,4.008812,0.874967
1538,211586,252.0,148.67,,3.071424431800842,89.49296355247498,97,,"0.519583,0.444565,1.498204,1.414216",,,0.476724,5.602574,4.008812,0.874967
1539,211764,178.0,149.12,,3.071424431800842,89.49296355247498,97,,"0.519583,0.444565,1.498204,1.414216",,,0.476724,5.602574,4.008812,0.874967
1540,211909,145.0,149.13,,3.071424431800842,89.49296355247498,97,,"0.519583,0.444565,1.498204,1.414216",,,0.476724,5.602574,4.008812,0.874967
1541,212083,174.0,149.35,,3.071424431800842,89.49296355247498,97,,"0.519583,0.444565,1.498204,1.414216",,,0.476724,5.602574,4.008812,0.874967
1542,212245,162.0,149.6,,3.071424431800842,89.49296355247498,97,,"0.519583,0.444565,1.498204,1.414216",,,0.476724,5.602574,4.008812,0.874967
1543,212379,134.0,149.63,,3.071424431800842,89.49296355247498,97,,"0.519583,0.444565,1.498204,1.414216",,,0.476724,5.602574,4.008812,0.874967
1544,212518,139.0,149.62,,3.071424431800842,89.49296355247498,97,,"0.519583,0.444565,1.498204,1.414216",,,0.476724,5.602574,4.008812,0.874967
1545,212655,137.0,149.52,,3.071424431800842,89.49296355247498,97,,"0.519583,0.444565,1.498204,1.414216",,,0.476724,5.602574,4.008812,0.874967
1546,212841,186.0,149.91,,3.071424431800842,89.49296355247498,97,,"0.519583,0.444565,1.498204,1.414216",,,0.476724,5.602574,4.008812,0.874967
1547,212983,142.0,150.01,,3.071424431800842,89.49296355247498,97,,"0.519583,0.444565,1.498204,1.414216",,,0.476724,5.602574,4.008812,0.874967
1548,213146,163.0,150.19,,3.071424431800842,89.49296355247498,97,,"0.519583,0.444565,1.498204,1.414216",,,0.476724,5.602574,4.008812,0.874967
1549,213280,134.0,150.03,,3.071424431800842,89.49296355247498,97,,"0.519583,0.444565,1.498204,1.414216",383.6,142.96517058360755,0.476724,5.602574,4.008812,0.874967
1550,213412,132.0,149.76,,3.071424431800842,89.49396848678589,97,,"0.519583,0.444565,1.498204,1.414216",,,0.476724,5.602574,4.008812,0.874967
1551,213551,139.0,149.79,,3.071424431800842,89.49396848678589,97,,"0.519583,0.444565,1.498204,1.414216",,,0.476724,5.602574,4.008812,0.874967
1552,213765,214.0,150.39,,3.0519055414199827,90.53003931045532,98,,"0.519237,0.440920,1.504810,1.417602",,,0.466481,5.625202,3.822373,0.867746
1553,213931,166.0,150.79,,3.0519055414199827,90.53104615211487,98,,"0.519237,0.440920,1.504810,1.417602",,,0.466481,5.625202,3.822373,0.867746
1554,214163,232.0,151.81,,3.0519055414199827,90.53104615211487,98,,"0.519237,0.440920,1.504810,1.417602",,,0.466481,5.625202,3.822373,0.867746
1555,214368,205.0,152.33,,3.0519055414199827,90.53104615211487,98,,"0.519237,0.440920,1.504810,1.417602",,,0.466481,5.625202,3.822373,0.867746
1556,214559,191.0,152.5,,3.0519055414199827,90.53104615211487,98,,"0.519237,0.440920,1.504810,1.417602",,,0.466481,5.625202,3.822373,0.867746
1557,214721,162.0,152.74,,3.0519055414199827,90.53104615211487,98,,"0.519237,0.440920,1.504810,1.417602",,,0.466481,5.625202,3.822373,0.867746
1558,214873,152.0,152.88,,3.0519055414199827,90.53104615211487,98,,"0.519237,0.440920,1.504810,1.417602",,,0.466481,5.625202,3.822373,0.867746
1559,215038,165.0,153.09,,3.0519055414199827,90.53104615211487,98,,"0.519237,0.440920,1.504810,1.417602",,,0.466481,5.625202,3.822373,0.867746
1560,215196,158.0,153.28,,3.0519055414199827,90.53104615211487,98,,"0.519237,0.440920,1.504810,1.417602",,,0.466481,5.625202,3.822373,0.867746
1561,215352,156.0,153.6,,3.0519055414199827,90.53104615211487,98,,"0.519237,0.440920,1.504810,1.417602",,,0.466481,5.625202,3.822373,0.867746
1562,215507,155.0,153.92,,3.0519055414199827,90.53104615211487,98,,"0.519237,0.440920,1.504810,1.417602",,,0.466481,5.625202,3.822373,0.867746
1563,215674,167.0,154.31,,3.0519055414199827,90.53104615211487,98,,"0.519237,0.440920,1.504810,1.417602",,,0.466481,5.625202,3.822373,0.867746
1564,215824,150.0,154.62,,3.0519055414199827,90.53104615211487,98,,"0.519237,0.440920,1.504810,1.417602",,,0.466481,5.625202,3.822373,0.867746
1565,216020,196.0,155.42,,3.0519055414199827,90.53104615211487,98,,"0.519237,0.440920,1.504810,1.417602",,,0.466481,5.625202,3.822373,0.867746
1566,216207,187.0,155.89,,3.0519055414199827,90.53104615211487,98,,"0.519237,0.440920,1.504810,1.417602",,,0.466481,5.625202,3.822373,0.867746
1567,216407,200.0,156.59,,3.0519055414199827,90.53104615211487,98,,"0.519237,0.440920,1.504810,1.417602",,,0.466481,5.625202,3.822373,0.867746
1568,216622,215.0,157.7,,3.0326098346710206,92.06213855743408,99,,"0.520327,0.436116,1.511641,1.420915",,,0.469697,5.646200,3.829356,0.852576
1569,216819,197.0,158.12,,3.0326098346710206,92.06213855743408,99,,"0.520327,0.436116,1.511641,1.420915",,,0.469697,5.646200,3.829356,0.852576
1570,216980,161.0,158.33,,3.0326098346710206,92.06213855743408,99,,"0.520327,0.436116,1.511641,1.420915",,,0.469697,5.646200,3.829356,0.852576
1571,217188,208.0,158.74,,3.0326098346710206,92.06213855743408,99,,"0.520327,0.436116,1.511641,1.420915",,,0.469697,5.646200,3.829356,0.852576
1572,217354,166.0,158.66,,3.0326098346710206,92.06213855743408,99,,"0.520327,0.436116,1.511641,1.420915",,,0.469697,5.646200,3.829356,0.852576
1573,217530,176.0,158.8,,3.0326098346710206,92.06213855743408,99,,"0.520327,0.436116,1.511641,1.420915",,,0.469697,5.646200,3.829356,0.852576
1574,217705,175.0,159.22,,3.0326098346710206,92.06213855743408,99,,"0.520327,0.436116,1.511641,1.420915",,,0.469697,5.646200,3.829356,0.852576
1575,217911,206.0,159.99,,3.0326098346710206,92.06213855743408,99,,"0.520327,0.436116,1.511641,1.420915",,,0.469697,5.646200,3.829356,0.852576
1576,218120,209.0,160.7,,3.0326098346710206,92.06213855743408,99,,"0.520327,0.436116,1.511641,1.420915",,,0.469697,5.646200,3.829356,0.852576
1577,218568,448.0,163.87,,3.0326098346710206,92.06213855743408,99,,"0.520327,0.436116,1.511641,1.420915",,,0.469697,5.646200,3.829356,0.852576
1578,218787,219.0,164.55,,3.0326098346710206,92.06213855743408,99,,"0.520327,0.436116,1.511641,1.420915",,,0.469697,5.646200,3.829356,0.852576
1579,218991,204.0,165.11,,3.0326098346710206,92.06213855743408,99,,"0.520327,0.436116,1.511641,1.420915",,,0.469697,5.646200,3.829356,0.852576
1580,219241,250.0,166.34,,3.0326098346710206,92.06213855743408,99,,"0.520327,0.436116,1.511641,1.420915",,,0.469697,5.646200,3.829356,0.852576
1581,219433,192.0,166.86,,3.0326098346710206,92.06213855743408,99,,"0.520327,0.436116,1.511641,1.420915",,,0.469697,5.646200,3.829356,0.852576
1582,219685,252.0,168.14,,3.0326098346710206,92.06213855743408,99,,"0.520327,0.436116,1.511641,1.420915",,,0.469697,5.646200,3.829356,0.852576
1583,219891,206.0,169.0,,3.0326098346710206,92.06213855743408,99,,"0.520327,0.436116,1.511641,1.420915",,,0.469697,5.646200,3.829356,0.852576
1584,220177,286.0,170.37,,3.0039708614349365,94.26742219924927,100,,"0.521797,0.431307,1.518185,1.424273",,,0.470643,5.667943,3.579777,0.839480
1585,220419,242.0,171.15,,3.0039708614349365,94.26742219924927,100,,"0.521797,0.431307,1.518185,1.424273",,,0.470643,5.667943,3.579777,0.839480
1586,220919,500.0,174.71,,3.0039708614349365,94.26742219924927,100,,"0.521797,0.431307,1.518185,1.424273",,,0.470643,5.667943,3.579777,0.839480
1587,221179,260.0,175.95,,3.0039708614349365,94.26742219924927,100,,"0.521797,0.431307,1.518185,1.424273",,,0.470643,5.667943,3.579777,0.839480
1588,221679,500.0,179.56,,3.0039708614349365,94.26742219924927,100,,"0.521797,0.431307,1.518185,1.424273",,,0.470643,5.667943,3.579777,0.839480
1589,221991,312.0,181.39,,3.0039708614349365,94.26742219924927,100,,"0.521797,0.431307,1.518185,1.424273",,,0.470643,5.667943,3.579777,0.839480
1590,222491,500.0,184.96,,3.0039708614349365,94.26742219924927,100,,"0.521797,0.431307,1.518185,1.424273",,,0.470643,5.667943,3.579777,0.839480
1591,222738,247.0,186.06,,3.0039708614349365,94.26742219924927,100,,"0.521797,0.431307,1.518185,1.424273",,,0.470643,5.667943,3.579777,0.839480
1592,223042,304.0,187.65,,3.0039708614349365,94.26742219924927,100,,"0.521797,0.431307,1.518185,1.424273",,,0.470643,5.667943,3.579777,0.839480
1593,223258,216.0,188.16,,3.0039708614349365,94.26742219924927,100,,"0.521797,0.431307,1.518185,1.424273",,,0.470643,5.667943,3.579777,0.839480
1594,223758,500.0,191.4,,3.0039708614349365,94.26742219924927,100,,"0.521797,0.431307,1.518185,1.424273",,,0.470643,5.667943,3.579777,0.839480
1595,224027,269.0,192.59,,3.0039708614349365,94.26742219924927,100,,"0.521797,0.431307,1.518185,1.424273",,,0.470643,5.667943,3.579777,0.839480
1596,224250,223.0,193.23,,3.0039708614349365,94.26742219924927,100,,"0.521797,0.431307,1.518185,1.424273",,,0.470643,5.667943,3.579777,0.839480
1597,224473,223.0,194.12,,3.0039708614349365,94.26742219924927,100,,"0.521797,0.431307,1.518185,1.424273",,,0.470643,5.667943,3.579777,0.839480
1598,224723,250.0,195.32,,3.0039708614349365,94.26742219924927,100,,"0.521797,0.431307,1.518185,1.424273",,,0.470643,5.667943,3.579777,0.839480
1599,224921,198.0,196.05,,3.0039708614349365,94.26742219924927,100,,"0.521797,0.431307,1.518185,1.424273",500.0,0.0,0.470643,5.667943,3.579777,0.839480
1600,225304,383.0,198.02,,2.9899130964279177,96.50728678703308,101,,"0.523520,0.426766,1.524101,1.427382",,,0.462619,5.687834,4.472029,0.654523
1601,225631,327.0,199.96,,2.9899130964279177,96.50728678703308,101,,"0.523520,0.426766,1.524101,1.427382",,,0.462619,5.687834,4.472029,0.654523
1602,225922,291.0,201.54,,2.9899130964279177,96.50728678703308,101,,"0.523520,0.426766,1.524101,1.427382",,,0.462619,5.687834,4.472029,0.654523
1603,226280,358.0,203.29,,2.9899130964279177,96.50728678703308,101,,"0.523520,0.426766,1.524101,1.427382",,,0.462619,5.687834,4.472029,0.654523
1604,226780,500.0,206.69,,2.9899130964279177,96.50728678703308,101,,"0.523520,0.426766,1.524101,1.427382",,,0.462619,5.687834,4.472029,0.654523
1605,227174,394.0,209.2,,2.9899130964279177,96.50728678703308,101,,"0.523520,0.426766,1.524101,1.427382",,,0.462619,5.687834,4.472029,0.654523
1606,227408,234.0,210.0,,2.9899130964279177,96.50728678703308,101,,"0.523520,0.426766,1.524101,1.427382",,,0.462619,5.687834,4.472029,0.654523
1607,227908,500.0,213.32,,2.9899130964279177,96.50728678703308,101,,"0.523520,0.426766,1.524101,1.427382",,,0.462619,5.687834,4.472029,0.654523
1608,228099,191.0,213.46,,2.9899130964279177,96.50728678703308,101,,"0.523520,0.426766,1.524101,1.427382",,,0.462619,5.687834,4.472029,0.654523
1609,228370,271.0,214.85,,2.9899130964279177,96.50728678703308,101,,"0.523520,0.426766,1.524101,1.427382",,,0.462619,5.687834,4.472029,0.654523
1610,228640,270.0,216.2,,2.9899130964279177,96.50728678703308,101,,"0.523520,0.426766,1.524101,1.427382",,,0.462619,5.687834,4.472029,0.654523
1611,229140,500.0,219.92,,2.9899130964279177,96.50728678703308,101,,"0.523520,0.426766,1.524101,1.427382",,,0.462619,5.687834,4.472029,0.654523
1612,229446,306.0,221.67,,2.9899130964279177,96.50728678703308,101,,"0.523520,0.426766,1.524101,1.427382",,,0.462619,5.687834,4.472029,0.654523
1613,229677,231.0,222.33,,2.9899130964279177,96.50728678703308,101,,"0.523520,0.426766,1.524101,1.427382",,,0.462619,5.687834,4.472029,0.654523
1614,230177,500.0,225.78,,2.9899130964279177,96.50728678703308,101,,"0.523520,0.426766,1.524101,1.427382",,,0.462619,5.687834,4.472029,0.654523
1615,230544,367.0,227.82,,2.9899130964279177,96.50728678703308,101,,"0.523520,0.426766,1.524101,1.427382",,,0.462619,5.687834,4.472029,0.654523
1616,230739,195.0,228.41,,2.990328326225281,98.37122058868408,102,,"0.524390,0.422736,1.529125,1.431053",,,0.473641,5.708797,6.072340,0.386094
1617,231017,278.0,229.33,,2.990328326225281,98.37122058868408,102,,"0.524390,0.422736,1.529125,1.431053",,,0.473641,5.708797,6.072340,0.386094
1618,231275,258.0,230.38,,2.990328326225281,98.37122058868408,102,,"0.524390,0.422736,1.529125,1.431053",,,0.473641,5.708797,6.072340,0.386094
1619,231464,189.0,230.49,,2.990328326225281,98.37122058868408,102,,"0.524390,0.422736,1.529125,1.431053",,,0.473641,5.708797,6.072340,0.386094
1620,231839,375.0,232.33,,2.990328326225281,98.37122058868408,102,,"0.524390,0.422736,1.529125,1.431053",,,0.473641,5.708797,6.072340,0.386094
1621,232266,427.0,235.09,,2.990328326225281,98.37122058868408,102,,"0.524390,0.422736,1.529125,1.431053",,,0.473641,5.708797,6.072340,0.386094
1622,232487,221.0,235.77,,2.990328326225281,98.37122058868408,102,,"0.524390,0.422736,1.529125,1.431053",,,0.473641,5.708797,6.072340,0.386094
1623,232772,285.0,236.67,,2.990328326225281,98.37122058868408,102,,"0.524390,0.422736,1.529125,1.431053",,,0.473641,5.708797,6.072340,0.386094
1624,232961,189.0,237.14,,2.990328326225281,98.37122058868408,102,,"0.524390,0.422736,1.529125,1.431053",,,0.473641,5.708797,6.072340,0.386094
1625,233303,342.0,238.83,,2.990328326225281,98.37122058868408,102,,"0.524390,0.422736,1.529125,1.431053",,,0.473641,5.708797,6.072340,0.386094
1626,233531,228.0,239.77,,2.990328326225281,98.37122058868408,102,,"0.524390,0.422736,1.529125,1.431053",,,0.473641,5.708797,6.072340,0.386094
1627,233932,401.0,241.84,,2.990328326225281,98.37122058868408,102,,"0.524390,0.422736,1.529125,1.431053",,,0.473641,5.708797,6.072340,0.386094
1628,234258,326.0,243.29,,2.990328326225281,98.37122058868408,102,,"0.524390,0.422736,1.529125,1.431053",,,0.473641,5.708797,6.072340,0.386094
1629,234592,334.0,245.12,,2.990328326225281,98.37122058868408,102,,"0.524390,0.422736,1.529125,1.431053",,,0.473641,5.708797,6.072340,0.386094
1630,234929,337.0,247.0,,2.990328326225281,98.37122058868408,102,,"0.524390,0.422736,1.529125,1.431053",,,0.473641,5.708797,6.072340,0.386094
1631,235188,259.0,248.17,,2.990328326225281,98.37122058868408,102,,"0.524390,0.422736,1.529125,1.431053",,,0.473641,5.708797,6.072340,0.386094
1632,235463,275.0,249.58,,2.9996272706985474,99.78215479850769,103,,"0.524875,0.419122,1.533477,1.434814",,,0.471886,5.729208,6.461269,0.428927
1633,235682,219.0,250.33,,2.9996272706985474,99.78215479850769,103,,"0.524875,0.419122,1.533477,1.434814",,,0.471886,5.729208,6.461269,0.428927
1634,235899,217.0,250.6,,2.9996272706985474,99.78215479850769,103,,"0.524875,0.419122,1.533477,1.434814",,,0.471886,5.729208,6.461269,0.428927
1635,236147,248.0,251.7,,2.9996272706985474,99.78215479850769,103,,"0.524875,0.419122,1.533477,1.434814",,,0.471886,5.729208,6.461269,0.428927
1636,236320,173.0,251.54,,2.9996272706985474,99.78215479850769,103,,"0.524875,0.419122,1.533477,1.434814",,,0.471886,5.729208,6.461269,0.428927
1637,236594,274.0,252.6,,2.9996272706985474,99.78215479850769,103,,"0.524875,0.419122,1.533477,1.434814",,,0.471886,5.729208,6.461269,0.428927
1638,236920,326.0,253.34,,2.9996272706985474,99.78215479850769,103,,"0.524875,0.419122,1.533477,1.434814",,,0.471886,5.729208,6.461269,0.428927
1639,237216,296.0,254.52,,2.9996272706985474,99.78215479850769,103,,"0.524875,0.419122,1.533477,1.434814",,,0.471886,5.729208,6.461269,0.428927
1640,237390,174.0,254.81,,2.9996272706985474,99.78215479850769,103,,"0.524875,0.419122,1.533477,1.434814",,,0.471886,5.729208,6.461269,0.428927
1641,237596,206.0,255.13,,2.9996272706985474,99.78215479850769,103,,"0.524875,0.419122,1.533477,1.434814",,,0.471886,5.729208,6.461269,0.428927
1642,237857,261.0,256.12,,2.9996272706985474,99.78215479850769,103,,"0.524875,0.419122,1.533477,1.434814",,,0.471886,5.729208,6.461269,0.428927
1643,238112,255.0,257.33,,2.9996272706985474,99.78215479850769,103,,"0.524875,0.419122,1.533477,1.434814",,,0.471886,5.729208,6.461269,0.428927
1644,238312,200.0,257.94,,2.9996272706985474,99.78215479850769,103,,"0.524875,0.419122,1.533477,1.434814",,,0.471886,5.729208,6.461269,0.428927
1645,238566,254.0,259.11,,2.9996272706985474,99.78215479850769,103,,"0.524875,0.419122,1.533477,1.434814",,,0.471886,5.729208,6.461269,0.428927
1646,238843,277.0,260.02,,2.9996272706985474,99.78215479850769,103,,"0.524875,0.419122,1.533477,1.434814",,,0.471886,5.729208,6.461269,0.428927
1647,239114,271.0,261.31,,2.9996272706985474,99.78215479850769,103,,"0.524875,0.419122,1.533477,1.434814",,,0.471886,5.729208,6.461269,0.428927
1648,239274,160.0,261.28,,3.0170873498916624,100.9977285861969,104,,"0.525063,0.415845,1.537408,1.438524",,,0.472092,5.749766,7.183446,0.473363
1649,239582,308.0,263.02,,3.0170873498916624,100.9977285861969,104,,"0.525063,0.415845,1.537408,1.438524",211.0,44.285437787155274,0.472092,5.749766,7.183446,0.473363
1650,239754,172.0,263.42,,3.0170873498916624,100.9977285861969,104,,"0.525063,0.415845,1.537408,1.438524",,,0.472092,5.749766,7.183446,0.473363
1651,239944,190.0,263.93,,3.0170873498916624,100.9977285861969,104,,"0.525063,0.415845,1.537408,1.438524",,,0.472092,5.749766,7.183446,0.473363
1652,240114,170.0,263.49,,3.0170873498916624,100.9977285861969,104,,"0.525063,0.415845,1.537408,1.438524",,,0.472092,5.749766,7.183446,0.473363
1653,240300,186.0,263.69,,3.0170873498916624,100.9977285861969,104,,"0.525063,0.415845,1.537408,1.438524",,,0.472092,5.749766,7.183446,0.473363
1654,240502,202.0,263.39,,3.0170873498916624,100.9977285861969,104,,"0.525063,0.415845,1.537408,1.438524",,,0.472092,5.749766,7.183446,0.473363
1655,240731,229.0,263.63,,3.0170873498916624,100.9977285861969,104,,"0.525063,0.415845,1.537408,1.438524",,,0.472092,5.749766,7.183446,0.473363
1656,240885,154.0,263.26,,3.0170873498916624,100.9977285861969,104,,"0.525063,0.415845,1.537408,1.438524",,,0.472092,5.749766,7.183446,0.473363
1657,241080,195.0,263.59,,3.0170873498916624,100.9977285861969,104,,"0.525063,0.415845,1.537408,1.438524",,,0.472092,5.749766,7.183446,0.473363
1658,241243,163.0,263.7,,3.0170873498916624,100.9977285861969,104,,"0.525063,0.415845,1.537408,1.438524",,,0.472092,5.749766,7.183446,0.473363
1659,241414,171.0,263.76,,3.0170873498916624,100.9977285861969,104,,"0.525063,0.415845,1.537408,1.438524",,,0.472092,5.749766,7.183446,0.473363
1660,241631,217.0,264.35,,3.0170873498916624,100.9977285861969,104,,"0.525063,0.415845,1.537408,1.438524",,,0.472092,5.749766,7.183446,0.473363
1661,241824,193.0,264.72,,3.0170873498916624,100.9977285861969,104,,"0.525063,0.415845,1.537408,1.438524",,,0.472092,5.749766,7.183446,0.473363
1662,242030,206.0,265.23,,3.0170873498916624,100.9977285861969,104,,"0.525063,0.415845,1.537408,1.438524",,,0.472092,5.749766,7.183446,0.473363
1663,242217,187.0,265.43,,3.0170873498916624,100.9977285861969,104,,"0.525063,0.415845,1.537408,1.438524",,,0.472092,5.749766,7.183446,0.473363
1664,242389,172.0,265.65,,3.0437569999694825,101.97010540962219,105,,"0.524138,0.412800,1.540628,1.442244",,,0.470222,5.769895,7.381213,0.512801
1665,242557,168.0,265.37,,3.0437569999694825,101.97010540962219,105,,"0.524138,0.412800,1.540628,1.442244",,,0.470222,5.769895,7.381213,0.512801
1666,242697,140.0,264.9,,3.0437569999694825,101.97010540962219,105,,"0.524138,0.412800,1.540628,1.442244",,,0.470222,5.769895,7.381213,0.512801
1667,242899,202.0,264.92,,3.0437569999694825,101.97010540962219,105,,"0.524138,0.412800,1.540628,1.442244",,,0.470222,5.769895,7.381213,0.512801
1668,243070,171.0,264.48,,3.0437569999694825,101.97010540962219,105,,"0.524138,0.412800,1.540628,1.442244",,,0.470222,5.769895,7.381213,0.512801
1669,243263,193.0,264.44,,3.0437569999694825,101.97010540962219,105,,"0.524138,0.412800,1.540628,1.442244",,,0.470222,5.769895,7.381213,0.512801
1670,243418,155.0,264.38,,3.0437569999694825,101.97010540962219,105,,"0.524138,0.412800,1.540628,1.442244",,,0.470222,5.769895,7.381213,0.512801
1671,243594,176.0,264.06,,3.0437569999694825,101.97010540962219,105,,"0.524138,0.412800,1.540628,1.442244",,,0.470222,5.769895,7.381213,0.512801
1672,243767,173.0,264.13,,3.0437569999694825,101.97010540962219,105,,"0.524138,0.412800,1.540628,1.442244",,,0.470222,5.769895,7.381213,0.512801
1673,243929,162.0,263.99,,3.0437569999694825,101.97010540962219,105,,"0.524138,0.412800,1.540628,1.442244",,,0.470222,5.769895,7.381213,0.512801
1674,244117,188.0,264.12,,3.0437569999694825,101.97010540962219,105,,"0.524138,0.412800,1.540628,1.442244",,,0.470222,5.769895,7.381213,0.512801
1675,244316,199.0,264.05,,3.0437569999694825,101.97109484672546,105,,"0.524138,0.412800,1.540628,1.442244",,,0.470222,5.769895,7.381213,0.512801
1676,244494,178.0,263.74,,3.0437569999694825,101.97109484672546,105,,"0.524138,0.412800,1.540628,1.442244",,,0.470222,5.769895,7.381213,0.512801
1677,244697,203.0,261.29,,3.0437569999694825,101.97109484672546,105,,"0.524138,0.412800,1.540628,1.442244",,,0.470222,5.769895,7.381213,0.512801
1678,244834,137.0,260.47,,3.0437569999694825,101.97109484672546,105,,"0.524138,0.412800,1.540628,1.442244",,,0.470222,5.769895,7.381213,0.512801
1679,245029,195.0,260.38,,3.0437569999694825,101.97109484672546,105,,"0.524138,0.412800,1.540628,1.442244",,,0.470222,5.769895,7.381213,0.512801
1680,245185,156.0,259.44,,3.0677987909317017,102.95151925086975,106,,"0.521908,0.410029,1.542643,1.446073",,,0.469375,5.788272,7.265203,0.551124
1681,245342,157.0,259.09,,3.0677987909317017,102.95151925086975,106,,"0.521908,0.410029,1.542643,1.446073",,,0.469375,5.788272,7.265203,0.551124
1682,245513,171.0,258.28,,3.0677987909317017,102.95151925086975,106,,"0.521908,0.410029,1.542643,1.446073",,,0.469375,5.788272,7.265203,0.551124
1683,245674,161.0,257.83,,3.0677987909317017,102.95151925086975,106,,"0.521908,0.410029,1.542643,1.446073",,,0.469375,5.788272,7.265203,0.551124
1684,245822,148.0,256.45,,3.0677987909317017,102.95151925086975,106,,"0.521908,0.410029,1.542643,1.446073",,,0.469375,5.788272,7.265203,0.551124
1685,246017,195.0,255.98,,3.0677987909317017,102.95151925086975,106,,"0.521908,0.410029,1.542643,1.446073",,,0.469375,5.788272,7.265203,0.551124
1686,246165,148.0,252.46,,3.0677987909317017,102.95151925086975,106,,"0.521908,0.410029,1.542643,1.446073",,,0.469375,5.788272,7.265203,0.551124
1687,246333,168.0,251.54,,3.0677987909317017,102.95151925086975,106,,"0.521908,0.410029,1.542643,1.446073",,,0.469375,5.788272,7.265203,0.551124
1688,246532,199.0,248.53,,3.0677987909317017,102.95151925086975,106,,"0.521908,0.410029,1.542643,1.446073",,,0.469375,5.788272,7.265203,0.551124
1689,246687,155.0,246.96,,3.0677987909317017,102.95151925086975,106,,"0.521908,0.410029,1.542643,1.446073",,,0.469375,5.788272,7.265203,0.551124
1690,246877,190.0,243.86,,3.0677987909317017,102.95151925086975,106,,"0.521908,0.410029,1.542643,1.446073",,,0.469375,5.788272,7.265203,0.551124
1691,247031,154.0,242.93,,3.0677987909317017,102.95151925086975,106,,"0.521908,0.410029,1.542643,1.446073",,,0.469375,5.788272,7.265203,0.551124
1692,247211,180.0,241.69,,3.0677987909317017,102.95151925086975,106,,"0.521908,0.410029,1.542643,1.446073",,,0.469375,5.788272,7.265203,0.551124
1693,247441,230.0,241.83,,3.0677987909317017,102.95151925086975,106,,"0.521908,0.410029,1.542643,1.446073",,,0.469375,5.788272,7.265203,0.551124
1694,247601,160.0,238.43,,3.0677987909317017,102.95151925086975,106,,"0.521908,0.410029,1.542643,1.446073",,,0.469375,5.788272,7.265203,0.551124
1695,247772,171.0,237.45,,3.0677987909317017,102.95151925086975,106,,"0.521908,0.410029,1.542643,1.446073",,,0.469375,5.788272,7.265203,0.551124
1696,247947,175.0,236.97,,3.087587385177612,103.74887418746948,107,,"0.519651,0.407492,1.544130,1.449705",,,0.474227,5.805264,7.579790,0.600116
1697,248091,144.0,236.18,,3.087587385177612,103.74887418746948,107,,"0.519651,0.407492,1.544130,1.449705",,,0.474227,5.805264,7.579790,0.600116
1698,248240,149.0,235.17,,3.087587385177612,103.74887418746948,107,,"0.519651,0.407492,1.544130,1.449705",,,0.474227,5.805264,7.579790,0.600116
1699,248384,144.0,234.63,,3.087587385177612,103.74887418746948,107,,"0.519651,0.407492,1.544130,1.449705",147.4,7.964923100695951,0.474227,5.805264,7.579790,0.600116
1700,248509,125.0,232.05,,3.087587385177612,103.74887418746948,107,,"0.519651,0.407492,1.544130,1.449705",,,0.474227,5.805264,7.579790,0.600116
1701,248681,172.0,230.5,,3.087587385177612,103.74887418746948,107,,"0.519651,0.407492,1.544130,1.449705",,,0.474227,5.805264,7.579790,0.600116
1702,248833,152.0,229.11,,3.087587385177612,103.74887418746948,107,,"0.519651,0.407492,1.544130,1.449705",,,0.474227,5.805264,7.579790,0.600116
1703,248984,151.0,227.04,,3.087587385177612,103.74887418746948,107,,"0.519651,0.407492,1.544130,1.449705",,,0.474227,5.805264,7.579790,0.600116
1704,249147,163.0,223.67,,3.087587385177612,103.74887418746948,107,,"0.519651,0.407492,1.544130,1.449705",,,0.474227,5.805264,7.579790,0.600116
1705,249309,162.0,221.35,,3.087587385177612,103.74887418746948,107,,"0.519651,0.407492,1.544130,1.449705",,,0.474227,5.805264,7.579790,0.600116
1706,249459,150.0,220.51,,3.087587385177612,103.74887418746948,107,,"0.519651,0.407492,1.544130,1.449705",,,0.474227,5.805264,7.579790,0.600116
1707,249590,131.0,216.82,,3.087587385177612,103.74887418746948,107,,"0.519651,0.407492,1.544130,1.449705",,,0.474227,5.805264,7.579790,0.600116
1708,249728,138.0,216.29,,3.087587385177612,103.74887418746948,107,,"0.519651,0.407492,1.544130,1.449705",,,0.474227,5.805264,7.579790,0.600116
1709,249894,166.0,215.24,,3.087587385177612,103.74887418746948,107,,"0.519651,0.407492,1.544130,1.449705",,,0.474227,5.805264,7.579790,0.600116
1710,250059,165.0,214.19,,3.087587385177612,103.74887418746948,107,,"0.519651,0.407492,1.544130,1.449705",,,0.474227,5.805264,7.579790,0.600116
1711,250198,139.0,210.58,,3.087587385177612,103.74887418746948,107,,"0.519651,0.407492,1.544130,1.449705",,,0.474227,5.805264,7.579790,0.600116
1712,250338,140.0,208.92,,3.099650011062622,104.61661195755005,108,,"0.517765,0.405225,1.545485,1.453663",,,0.468163,5.821847,7.383890,0.642610
1713,250473,135.0,207.96,,3.099650011062622,104.61661195755005,108,,"0.517765,0.405225,1.545485,1.453663",,,0.468163,5.821847,7.383890,0.642610
1714,250641,168.0,204.64,,3.099650011062622,104.61661195755005,108,,"0.517765,0.405225,1.545485,1.453663",,,0.468163,5.821847,7.383890,0.642610
1715,250772,131.0,202.28,,3.099650011062622,104.61661195755005,108,,"0.517765,0.405225,1.545485,1.453663",,,0.468163,5.821847,7.383890,0.642610
1716,250933,161.0,201.94,,3.099650011062622,104.61661195755005,108,,"0.517765,0.405225,1.545485,1.453663",,,0.468163,5.821847,7.383890,0.642610
1717,251071,138.0,200.54,,3.099650011062622,104.61661195755005,108,,"0.517765,0.405225,1.545485,1.453663",,,0.468163,5.821847,7.383890,0.642610
1718,251223,152.0,199.48,,3.099650011062622,104.61661195755005,108,,"0.517765,0.405225,1.545485,1.453663",,,0.468163,5.821847,7.383890,0.642610
1719,251361,138.0,198.97,,3.099650011062622,104.61661195755005,108,,"0.517765,0.405225,1.545485,1.453663",,,0.468163,5.821847,7.383890,0.642610
1720,251507,146.0,196.68,,3.099650011062622,104.61661195755005,108,,"0.517765,0.405225,1.545485,1.453663",,,0.468163,5.821847,7.383890,0.642610
1721,251682,175.0,194.16,,3.099650011062622,104.61661195755005,108,,"0.517765,0.405225,1.545485,1.453663",,,0.468163,5.821847,7.383890,0.642610
1722,251818,136.0,193.31,,3.099650011062622,104.61661195755005,108,,"0.517765,0.405225,1.545485,1.453663",,,0.468163,5.821847,7.383890,0.642610
1723,251982,164.0,192.1,,3.099650011062622,104.61661195755005,108,,"0.517765,0.405225,1.545485,1.453663",,,0.468163,5.821847,7.383890,0.642610
1724,252108,126.0,191.47,,3.099650011062622,104.61661195755005,108,,"0.517765,0.405225,1.545485,1.453663",,,0.468163,5.821847,7.383890,0.642610
1725,252261,153.0,189.58,,3.099650011062622,104.61661195755005,108,,"0.517765,0.405225,1.545485,1.453663",,,0.468163,5.821847,7.383890,0.642610
1726,252387,126.0,188.56,,3.099650011062622,104.61661195755005,108,,"0.517765,0.405225,1.545485,1.453663",,,0.468163,5.821847,7.383890,0.642610
1727,252570,183.0,186.38,,3.099650011062622,104.61661195755005,108,,"0.517765,0.405225,1.545485,1.453663",,,0.468163,5.821847,7.383890,0.642610
1728,252698,128.0,184.4,,3.0923935747146607,105.30155754089355,109,,"0.516126,0.403287,1.546290,1.456896",,,0.477286,5.836136,7.559365,0.668850
1729,252828,130.0,182.36,,3.0923935747146607,105.30155754089355,109,,"0.516126,0.403287,1.546290,1.456896",,,0.477286,5.836136,7.559365,0.668850
1730,252954,126.0,180.25,,3.0923935747146607,105.30155754089355,109,,"0.516126,0.403287,1.546290,1.456896",,,0.477286,5.836136,7.559365,0.668850
1731,253086,132.0,178.98,,3.0923935747146607,105.30155754089355,109,,"0.516126,0.403287,1.546290,1.456896",,,0.477286,5.836136,7.559365,0.668850
1732,253215,129.0,177.52,,3.0923935747146607,105.30155754089355,109,,"0.516126,0.403287,1.546290,1.456896",,,0.477286,5.836136,7.559365,0.668850
1733,253355,140.0,176.73,,3.0923935747146607,105.30155754089355,109,,"0.516126,0.403287,1.546290,1.456896",,,0.477286,5.836136,7.559365,0.668850
1734,253480,125.0,175.81,,3.0923935747146607,105.30155754089355,109,,"0.516126,0.403287,1.546290,1.456896",,,0.477286,5.836136,7.559365,0.668850
1735,253614,134.0,174.67,,3.0923935747146607,105.30155754089355,109,,"0.516126,0.403287,1.546290,1.456896",,,0.477286,5.836136,7.559365,0.668850
1736,253761,147.0,174.41,,3.0923935747146607,105.30155754089355,109,,"0.516126,0.403287,1.546290,1.456896",,,0.477286,5.836136,7.559365,0.668850
1737,253893,132.0,172.99,,3.0923935747146607,105.30253577232361,109,,"0.516126,0.403287,1.546290,1.456896",,,0.477286,5.836136,7.559365,0.668850
1738,254029,136.0,171.09,,3.0923935747146607,105.30253577232361,109,,"0.516126,0.403287,1.546290,1.456896",,,0.477286,5.836136,7.559365,0.668850
1739,254159,130.0,169.43,,3.0923935747146607,105.30253577232361,109,,"0.516126,0.403287,1.546290,1.456896",,,0.477286,5.836136,7.559365,0.668850
1740,254280,121.0,168.9,,3.0923935747146607,105.30253577232361,109,,"0.516126,0.403287,1.546290,1.456896",,,0.477286,5.836136,7.559365,0.668850
1741,254429,149.0,168.33,,3.0923935747146607,105.30253577232361,109,,"0.516126,0.403287,1.546290,1.456896",,,0.477286,5.836136,7.559365,0.668850
1742,254560,131.0,167.03,,3.0923935747146607,105.30253577232361,109,,"0.516126,0.403287,1.546290,1.456896",,,0.477286,5.836136,7.559365,0.668850
1743,254702,142.0,165.9,,3.0923935747146607,105.30253577232361,109,,"0.516126,0.403287,1.546290,1.456896",,,0.477286,5.836136,7.559365,0.668850
1744,254830,128.0,165.18,,3.0544578409194947,106.00846934318542,110,,"0.514537,0.401549,1.546652,1.459990",,,0.473369,5.849264,7.566381,0.703062
1745,254966,136.0,164.0,,3.0544578409194947,106.00846934318542,110,,"0.514537,0.401549,1.546652,1.459990",,,0.473369,5.849264,7.566381,0.703062
1746,255094,128.0,162.51,,3.0544578409194947,106.00846934318542,110,,"0.514537,0.401549,1.546652,1.459990",,,0.473369,5.849264,7.566381,0.703062
1747,255233,139.0,161.19,,3.0544578409194947,106.00846934318542,110,,"0.514537,0.401549,1.546652,1.459990",,,0.473369,5.849264,7.566381,0.703062
1748,255350,117.0,160.76,,3.0544578409194947,106.00846934318542,110,,"0.514537,0.401549,1.546652,1.459990",,,0.473369,5.849264,7.566381,0.703062
1749,255483,133.0,159.01,,3.0544578409194947,106.00846934318542,110,,"0.514537,0.401549,1.546652,1.459990",132.8,5.81033561853358,0.473369,5.849264,7.566381,0.703062
1750,255606,123.0,158.52,,3.0544578409194947,106.00846934318542,110,,"0.514537,0.401549,1.546652,1.459990",,,0.473369,5.849264,7.566381,0.703062
1751,255726,120.0,157.82,,3.0544578409194947,106.00846934318542,110,,"0.514537,0.401549,1.546652,1.459990",,,0.473369,5.849264,7.566381,0.703062
1752,255841,115.0,157.27,,3.0544578409194947,106.00846934318542,110,,"0.514537,0.401549,1.546652,1.459990",,,0.473369,5.849264,7.566381,0.703062
1753,255958,117.0,156.58,,3.0544578409194947,106.00846934318542,110,,"0.514537,0.401549,1.546652,1.459990",,,0.473369,5.849264,7.566381,0.703062
1754,256087,129.0,155.85,,3.0544578409194947,106.00846934318542,110,,"0.514537,0.401549,1.546652,1.459990",,,0.473369,5.849264,7.566381,0.703062
1755,256212,125.0,154.81,,3.0544578409194947,106.00846934318542,110,,"0.514537,0.401549,1.546652,1.459990",,,0.473369,5.849264,7.566381,0.703062
1756,256335,123.0,154.5,,3.0544578409194947,106.00846934318542,110,,"0.514537,0.401549,1.546652,1.459990",,,0.473369,5.849264,7.566381,0.703062
1757,256487,152.0,154.07,,3.0544578409194947,106.00846934318542,110,,"0.514537,0.401549,1.546652,1.459990",,,0.473369,5.849264,7.566381,0.703062
1758,256604,117.0,153.61,,3.0544578409194947,106.00846934318542,110,,"0.514537,0.401549,1.546652,1.459990",,,0.473369,5.849264,7.566381,0.703062
1759,256759,155.0,153.45,,3.0544578409194947,106.00846934318542,110,,"0.514537,0.401549,1.546652,1.459990",,,0.473369,5.849264,7.566381,0.703062
1760,256890,131.0,152.59,,3.0109451818466186,106.73232316970825,111,,"0.512982,0.399981,1.547269,1.462900",,,0.468413,5.862276,7.337523,0.731901
1761,257036,146.0,152.12,,3.0109451818466186,106.73232316970825,111,,"0.512982,0.399981,1.547269,1.462900",,,0.468413,5.862276,7.337523,0.731901
1762,257168,132.0,151.38,,3.0109451818466186,106.73232316970825,111,,"0.512982,0.399981,1.547269,1.462900",,,0.468413,5.862276,7.337523,0.731901
1763,257304,136.0,150.87,,3.0109451818466186,106.73232316970825,111,,"0.512982,0.399981,1.547269,1.462900",,,0.468413,5.862276,7.337523,0.731901
1764,257430,126.0,150.41,,3.0109451818466186,106.73232316970825,111,,"0.512982,0.399981,1.547269,1.462900",,,0.468413,5.862276,7.337523,0.731901
1765,257567,137.0,150.1,,3.0109451818466186,106.73232316970825,111,,"0.512982,0.399981,1.547269,1.462900",,,0.468413,5.862276,7.337523,0.731901
1766,257695,128.0,149.98,,3.0109451818466186,106.73232316970825,111,,"0.512982,0.399981,1.547269,1.462900",,,0.468413,5.862276,7.337523,0.731901
1767,257814,119.0,149.15,,3.0109451818466186,106.73232316970825,111,,"0.512982,0.399981,1.547269,1.462900",,,0.468413,5.862276,7.337523,0.731901
1768,257942,128.0,148.72,,3.0109451818466186,106.73232316970825,111,,"0.512982,0.399981,1.547269,1.462900",,,0.468413,5.862276,7.337523,0.731901
1769,258061,119.0,147.98,,3.0109451818466186,106.73232316970825,111,,"0.512982,0.399981,1.547269,1.462900",,,0.468413,5.862276,7.337523,0.731901
1770,258176,115.0,147.58,,3.0109451818466186,106.73232316970825,111,,"0.512982,0.399981,1.547269,1.462900",,,0.468413,5.862276,7.337523,0.731901
1771,258306,130.0,147.12,,3.0109451818466186,106.73232316970825,111,,"0.512982,0.399981,1.547269,1.462900",,,0.468413,5.862276,7.337523,0.731901
1772,258435,129.0,146.68,,3.0109451818466186,106.73232316970825,111,,"0.512982,0.399981,1.547269,1.462900",,,0.468413,5.862276,7.337523,0.731901
1773,258570,135.0,146.41,,3.0109451818466186,106.73232316970825,111,,"0.512982,0.399981,1.547269,1.462900",,,0.468413,5.862276,7.337523,0.731901
1774,258693,123.0,145.76,,3.0109451818466186,106.73232316970825,111,,"0.512982,0.399981,1.547269,1.462900",,,0.468413,5.862276,7.337523,0.731901
1775,258833,140.0,145.17,,3.0109451818466186,106.73232316970825,111,,"0.512982,0.399981,1.547269,1.462900",,,0.468413,5.862276,7.337523,0.731901
1776,258964,131.0,144.7,,2.976481513977051,107.41501069068909,112,,"0.511869,0.398579,1.548463,1.465592",,,0.469298,5.874901,7.222806,0.760447
1777,259102,138.0,144.05,,2.976481513977051,107.41501069068909,112,,"0.511869,0.398579,1.548463,1.465592",,,0.469298,5.874901,7.222806,0.760447
1778,259222,120.0,143.88,,2.976481513977051,107.41501069068909,112,,"0.511869,0.398579,1.548463,1.465592",,,0.469298,5.874901,7.222806,0.760447
1779,259354,132.0,143.25,,2.976481513977051,107.41602635383606,112,,"0.511869,0.398579,1.548463,1.465592",,,0.469298,5.874901,7.222806,0.760447
1780,259471,117.0,142.86,,2.976481513977051,107.41602635383606,112,,"0.511869,0.398579,1.548463,1.465592",,,0.469298,5.874901,7.222806,0.760447
1781,259607,136.0,142.65,,2.976481513977051,107.41602635383606,112,,"0.511869,0.398579,1.548463,1.465592",,,0.469298,5.874901,7.222806,0.760447
1782,259739,132.0,142.26,,2.976481513977051,107.41602635383606,112,,"0.511869,0.398579,1.548463,1.465592",,,0.469298,5.874901,7.222806,0.760447
1783,259870,131.0,141.96,,2.976481513977051,107.41602635383606,112,,"0.511869,0.398579,1.548463,1.465592",,,0.469298,5.874901,7.222806,0.760447
1784,259995,125.0,141.73,,2.976481513977051,107.41602635383606,112,,"0.511869,0.398579,1.548463,1.465592",,,0.469298,5.874901,7.222806,0.760447
1785,260111,116.0,140.94,,2.976481513977051,107.41602635383606,112,,"0.511869,0.398579,1.548463,1.465592",,,0.469298,5.874901,7.222806,0.760447
1786,260236,125.0,140.71,,2.976481513977051,107.41602635383606,112,,"0.511869,0.398579,1.548463,1.465592",,,0.469298,5.874901,7.222806,0.760447
1787,260360,124.0,140.27,,2.976481513977051,107.41602635383606,112,,"0.511869,0.398579,1.548463,1.465592",,,0.469298,5.874901,7.222806,0.760447
1788,260492,132.0,139.6,,2.976481513977051,107.41602635383606,112,,"0.511869,0.398579,1.548463,1.465592",,,0.469298,5.874901,7.222806,0.760447
1789,260605,113.0,139.18,,2.976481513977051,107.41602635383606,112,,"0.511869,0.398579,1.548463,1.465592",,,0.469298,5.874901,7.222806,0.760447
1790,260714,109.0,138.37,,2.976481513977051,107.41602635383606,112,,"0.511869,0.398579,1.548463,1.465592",,,0.469298,5.874901,7.222806,0.760447
1791,260828,114.0,137.97,,2.976481513977051,107.41602635383606,112,,"0.511869,0.398579,1.548463,1.465592",,,0.469298,5.874901,7.222806,0.760447
1792,260948,120.0,137.37,,2.9376569604873657,108.06588292121887,113,,"0.511319,0.397343,1.550091,1.469008",,,0.474467,5.890985,7.332094,0.774534
1793,261080,132.0,136.39,,2.9376569604873657,108.06738829612732,113,,"0.511319,0.397343,1.550091,1.469008",,,0.474467,5.890985,7.332094,0.774534
1794,261209,129.0,136.08,,2.9376569604873657,108.06738829612732,113,,"0.511319,0.397343,1.550091,1.469008",,,0.474467,5.890985,7.332094,0.774534
1795,261331,122.0,135.59,,2.9376569604873657,108.06738829612732,113,,"0.511319,0.397343,1.550091,1.469008",,,0.474467,5.890985,7.332094,0.774534
1796,261454,123.0,135.07,,2.9376569604873657,108.06738829612732,113,,"0.511319,0.397343,1.550091,1.469008",,,0.474467,5.890985,7.332094,0.774534
1797,261573,119.0,134.82,,2.9376569604873657,108.06738829612732,113,,"0.511319,0.397343,1.550091,1.469008",,,0.474467,5.890985,7.332094,0.774534
1798,261652,79.0,134.12,,2.9376569604873657,108.06738829612732,113,,"0.511319,0.397343,1.550091,1.469008",,,0.474467,5.890985,7.332094,0.774534
1799,261762,110.0,133.78,,2.9376569604873657,108.06738829612732,113,,"0.511319,0.397343,1.550091,1.469008",123.4,4.079215610874228,0.474467,5.890985,7.332094,0.774534
1800,261879,117.0,133.7,,2.9376569604873657,108.06738829612732,113,,"0.511319,0.397343,1.550091,1.469008",,,0.474467,5.890985,7.332094,0.774534
1801,261996,117.0,133.15,,2.9376569604873657,108.06738829612732,113,,"0.511319,0.397343,1.550091,1.469008",,,0.474467,5.890985,7.332094,0.774534
1802,262123,127.0,132.9,,2.9376569604873657,108.06738829612732,113,,"0.511319,0.397343,1.550091,1.469008",,,0.474467,5.890985,7.332094,0.774534
1803,262238,115.0,132.54,,2.9376569604873657,108.06738829612732,113,,"0.511319,0.397343,1.550091,1.469008",,,0.474467,5.890985,7.332094,0.774534
1804,262352,114.0,132.05,,2.9376569604873657,108.06738829612732,113,,"0.511319,0.397343,1.550091,1.469008",,,0.474467,5.890985,7.332094,0.774534
1805,262478,126.0,131.69,,2.9376569604873657,108.0684974193573,113,,"0.511319,0.397343,1.550091,1.469008",,,0.474467,5.890985,7.332094,0.774534
1806,262590,112.0,131.31,,2.9376569604873657,108.0684974193573,113,,"0.511319,0.397343,1.550091,1.469008",,,0.474467,5.890985,7.332094,0.774534
1807,262710,120.0,131.2,,2.9376569604873657,108.0684974193573,113,,"0.511319,0.397343,1.550091,1.469008",,,0.474467,5.890985,7.332094,0.774534
1808,262827,117.0,130.99,,2.910245065689087,108.73595929145813,114,,"0.510252,0.396144,1.551194,1.472019",,,0.469890,5.905337,6.831556,0.803010
1809,262946,119.0,130.52,,2.910245065689087,108.73595929145813,114,,"0.510252,0.396144,1.551194,1.472019",,,0.469890,5.905337,6.831556,0.803010
1810,263069,123.0,130.1,,2.910245065689087,108.73595929145813,114,,"0.510252,0.396144,1.551194,1.472019",,,0.469890,5.905337,6.831556,0.803010
1811,263195,126.0,129.97,,2.910245065689087,108.73595929145813,114,,"0.510252,0.396144,1.551194,1.472019",,,0.469890,5.905337,6.831556,0.803010
1812,263313,118.0,129.75,,2.910245065689087,108.73595929145813,114,,"0.510252,0.396144,1.551194,1.472019",,,0.469890,5.905337,6.831556,0.803010
1813,263437,124.0,129.64,,2.910245065689087,108.73595929145813,114,,"0.510252,0.396144,1.551194,1.472019",,,0.469890,5.905337,6.831556,0.803010
1814,263549,112.0,129.08,,2.910245065689087,108.73595929145813,114,,"0.510252,0.396144,1.551194,1.472019",,,0.469890,5.905337,6.831556,0.803010
1815,263672,123.0,129.0,,2.910245065689087,108.73696160316467,114,,"0.510252,0.396144,1.551194,1.472019",,,0.469890,5.905337,6.831556,0.803010
1816,263812,140.0,128.79,,2.910245065689087,108.73696160316467,114,,"0.510252,0.396144,1.551194,1.472019",,,0.469890,5.905337,6.831556,0.803010
1817,263941,129.0,128.7,,2.910245065689087,108.73696160316467,114,,"0.510252,0.396144,1.551194,1.472019",,,0.469890,5.905337,6.831556,0.803010
1818,264059,118.0,128.36,,2.910245065689087,108.73696160316467,114,,"0.510252,0.396144,1.551194,1.472019",,,0.469890,5.905337,6.831556,0.803010
1819,264194,135.0,128.33,,2.910245065689087,108.73696160316467,114,,"0.510252,0.396144,1.551194,1.472019",,,0.469890,5.905337,6.831556,0.803010
1820,264315,121.0,128.08,,2.910245065689087,108.73696160316467,114,,"0.510252,0.396144,1.551194,1.472019",,,0.469890,5.905337,6.831556,0.803010
1821,264449,134.0,127.67,,2.910245065689087,108.73696160316467,114,,"0.510252,0.396144,1.551194,1.472019",,,0.469890,5.905337,6.831556,0.803010
1822,264578,129.0,127.6,,2.910245065689087,108.73696160316467,114,,"0.510252,0.396144,1.551194,1.472019",,,0.469890,5.905337,6.831556,0.803010
1823,264707,129.0,127.25,,2.910245065689087,108.73696160316467,114,,"0.510252,0.396144,1.551194,1.472019",,,0.469890,5.905337,6.831556,0.803010
1824,264824,117.0,127.16,,2.889343342781067,109.43070268630981,115,,"0.508905,0.394943,1.552271,1.474850",,,0.472629,5.920550,6.672861,0.812287
1825,264942,118.0,126.81,,2.889343342781067,109.43070268630981,115,,"0.508905,0.394943,1.552271,1.474850",,,0.472629,5.920550,6.672861,0.812287
1826,265061,119.0,126.74,,2.889343342781067,109.43070268630981,115,,"0.508905,0.394943,1.552271,1.474850",,,0.472629,5.920550,6.672861,0.812287
1827,265184,123.0,126.14,,2.889343342781067,109.43070268630981,115,,"0.508905,0.394943,1.552271,1.474850",,,0.472629,5.920550,6.672861,0.812287
1828,265316,132.0,126.18,,2.889343342781067,109.43070268630981,115,,"0.508905,0.394943,1.552271,1.474850",,,0.472629,5.920550,6.672861,0.812287
1829,265447,131.0,126.19,,2.889343342781067,109.43070268630981,115,,"0.508905,0.394943,1.552271,1.474850",,,0.472629,5.920550,6.672861,0.812287
1830,265574,127.0,126.2,,2.889343342781067,109.43070268630981,115,,"0.508905,0.394943,1.552271,1.474850",,,0.472629,5.920550,6.672861,0.812287
1831,265699,125.0,126.13,,2.889343342781067,109.43070268630981,115,,"0.508905,0.394943,1.552271,1.474850",,,0.472629,5.920550,6.672861,0.812287
1832,265816,117.0,126.01,,2.889343342781067,109.43070268630981,115,,"0.508905,0.394943,1.552271,1.474850",,,0.472629,5.920550,6.672861,0.812287
1833,265929,113.0,125.74,,2.889343342781067,109.43070268630981,115,,"0.508905,0.394943,1.552271,1.474850",,,0.472629,5.920550,6.672861,0.812287
1834,266053,124.0,125.73,,2.889343342781067,109.43070268630981,115,,"0.508905,0.394943,1.552271,1.474850",,,0.472629,5.920550,6.672861,0.812287
1835,266171,118.0,125.57,,2.889343342781067,109.43070268630981,115,,"0.508905,0.394943,1.552271,1.474850",,,0.472629,5.920550,6.672861,0.812287
1836,266303,132.0,125.42,,2.889343342781067,109.43070268630981,115,,"0.508905,0.394943,1.552271,1.474850",,,0.472629,5.920550,6.672861,0.812287
1837,266430,127.0,125.37,,2.889343342781067,109.43070268630981,115,,"0.508905,0.394943,1.552271,1.474850",,,0.472629,5.920550,6.672861,0.812287
1838,266540,110.0,125.11,,2.889343342781067,109.43170142173767,115,,"0.508905,0.394943,1.552271,1.474850",,,0.472629,5.920550,6.672861,0.812287
1839,266662,122.0,125.03,,2.889343342781067,109.43170142173767,115,,"0.508905,0.394943,1.552271,1.474850",,,0.472629,5.920550,6.672861,0.812287
1840,266774,112.0,124.94,,2.885066065788269,110.06101584434509,116,,"0.507703,0.393883,1.553222,1.478198",,,0.462464,5.936661,6.636136,0.844376
1841,266891,117.0,124.62,,2.885066065788269,110.06101584434509,116,,"0.507703,0.393883,1.553222,1.478198",,,0.462464,5.936661,6.636136,0.844376
1842,267021,130.0,124.61,,2.885066065788269,110.06101584434509,116,,"0.507703,0.393883,1.553222,1.478198",,,0.462464,5.936661,6.636136,0.844376
1843,267128,107.0,124.26,,2.885066065788269,110.06101584434509,116,,"0.507703,0.393883,1.553222,1.478198",,,0.462464,5.936661,6.636136,0.844376
1844,267249,121.0,124.19,,2.885066065788269,110.06101584434509,116,,"0.507703,0.393883,1.553222,1.478198",,,0.462464,5.936661,6.636136,0.844376
1845,267386,137.0,124.2,,2.885066065788269,110.06101584434509,116,,"0.507703,0.393883,1.553222,1.478198",,,0.462464,5.936661,6.636136,0.844376
1846,267484,98.0,123.9,,2.885066065788269,110.06101584434509,116,,"0.507703,0.393883,1.553222,1.478198",,,0.462464,5.936661,6.636136,0.844376
1847,267600,116.0,123.67,,2.885066065788269,110.06101584434509,116,,"0.507703,0.393883,1.553222,1.478198",,,0.462464,5.936661,6.636136,0.844376
1848,267721,121.0,123.71,,2.885066065788269,110.06101584434509,116,,"0.507703,0.393883,1.553222,1.478198",,,0.462464,5.936661,6.636136,0.844376
1849,267826,105.0,123.43,,2.885066065788269,110.06101584434509,116,,"0.507703,0.393883,1.553222,1.478198",119.4,5.0039984012787215,0.462464,5.936661,6.636136,0.844376
1850,267932,106.0,123.26,,2.885066065788269,110.06101584434509,116,,"0.507703,0.393883,1.553222,1.478198",,,0.462464,5.936661,6.636136,0.844376
1851,268045,113.0,123.19,,2.885066065788269,110.06101584434509,116,,"0.507703,0.393883,1.553222,1.478198",,,0.462464,5.936661,6.636136,0.844376
1852,268168,123.0,123.27,,2.885066065788269,110.06101584434509,116,,"0.507703,0.393883,1.553222,1.478198",,,0.462464,5.936661,6.636136,0.844376
1853,268278,110.0,123.2,,2.885066065788269,110.062016248703,116,,"0.507703,0.393883,1.553222,1.478198",,,0.462464,5.936661,6.636136,0.844376
1854,268390,112.0,123.03,,2.885066065788269,110.062016248703,116,,"0.507703,0.393883,1.553222,1.478198",,,0.462464,5.936661,6.636136,0.844376
1855,268508,118.0,122.96,,2.885066065788269,110.062016248703,116,,"0.507703,0.393883,1.553222,1.478198",,,0.462464,5.936661,6.636136,0.844376
1856,268642,134.0,123.07,,2.8830796575546263,110.69193005561829,117,,"0.507409,0.393073,1.554851,1.481627",,,0.465568,5.950632,6.265054,0.856649
1857,268759,117.0,122.72,,2.8830796575546263,110.69193005561829,117,,"0.507409,0.393073,1.554851,1.481627",,,0.465568,5.950632,6.265054,0.856649
1858,268874,115.0,122.7,,2.8830796575546263,110.69193005561829,117,,"0.507409,0.393073,1.554851,1.481627",,,0.465568,5.950632,6.265054,0.856649
1859,268989,115.0,122.3,,2.8830796575546263,110.69193005561829,117,,"0.507409,0.393073,1.554851,1.481627",,,0.465568,5.950632,6.265054,0.856649
1860,269122,133.0,122.32,,2.8830796575546263,110.69193005561829,117,,"0.507409,0.393073,1.554851,1.481627",,,0.465568,5.950632,6.265054,0.856649
1861,269238,116.0,122.02,,2.8830796575546263,110.69193005561829,117,,"0.507409,0.393073,1.554851,1.481627",,,0.465568,5.950632,6.265054,0.856649
1862,269357,119.0,121.89,,2.8830796575546263,110.69193005561829,117,,"0.507409,0.393073,1.554851,1.481627",,,0.465568,5.950632,6.265054,0.856649
1863,269476,119.0,121.72,,2.8830796575546263,110.69193005561829,117,,"0.507409,0.393073,1.554851,1.481627",,,0.465568,5.950632,6.265054,0.856649
1864,269589,113.0,121.59,,2.8830796575546263,110.69193005561829,117,,"0.507409,0.393073,1.554851,1.481627",,,0.465568,5.950632,6.265054,0.856649
1865,269710,121.0,121.43,,2.8830796575546263,110.69193005561829,117,,"0.507409,0.393073,1.554851,1.481627",,,0.465568,5.950632,6.265054,0.856649
1866,269835,125.0,121.4,,2.8830796575546263,110.69193005561829,117,,"0.507409,0.393073,1.554851,1.481627",,,0.465568,5.950632,6.265054,0.856649
1867,269951,116.0,121.37,,2.8830796575546263,110.69193005561829,117,,"0.507409,0.393073,1.554851,1.481627",,,0.465568,5.950632,6.265054,0.856649
1868,270083,132.0,121.41,,2.8830796575546263,110.69193005561829,117,,"0.507409,0.393073,1.554851,1.481627",,,0.465568,5.950632,6.265054,0.856649
1869,270191,108.0,121.3,,2.8830796575546263,110.69193005561829,117,,"0.507409,0.393073,1.554851,1.481627",,,0.465568,5.950632,6.265054,0.856649
1870,270309,118.0,121.33,,2.8830796575546263,110.69193005561829,117,,"0.507409,0.393073,1.554851,1.481627",,,0.465568,5.950632,6.265054,0.856649
1871,270427,118.0,121.21,,2.8830796575546263,110.69193005561829,117,,"0.507409,0.393073,1.554851,1.481627",,,0.465568,5.950632,6.265054,0.856649
1872,270549,122.0,121.14,,2.877495059967041,111.31436371803284,118,,"0.507119,0.392320,1.556980,1.484743",,,0.466599,5.963637,6.475317,0.837313
1873,270672,123.0,121.02,,2.877495059967041,111.31536626815796,118,,"0.507119,0.392320,1.556980,1.484743",,,0.466599,5.963637,6.475317,0.837313
1874,270795,123.0,121.02,,2.877495059967041,111.31536626815796,118,,"0.507119,0.392320,1.556980,1.484743",,,0.466599,5.963637,6.475317,0.837313
1875,270913,118.0,120.8,,2.877495059967041,111.31536626815796,118,,"0.507119,0.392320,1.556980,1.484743",,,0.466599,5.963637,6.475317,0.837313
1876,271042,129.0,120.78,,2.877495059967041,111.31536626815796,118,,"0.507119,0.392320,1.556980,1.484743",,,0.466599,5.963637,6.475317,0.837313
1877,271155,113.0,120.53,,2.877495059967041,111.31536626815796,118,,"0.507119,0.392320,1.556980,1.484743",,,0.466599,5.963637,6.475317,0.837313
1878,271218,63.0,119.96,,2.877495059967041,111.31536626815796,118,,"0.507119,0.392320,1.556980,1.484743",,,0.466599,5.963637,6.475317,0.837313
1879,271337,119.0,119.83,,2.877495059967041,111.31536626815796,118,,"0.507119,0.392320,1.556980,1.484743",,,0.466599,5.963637,6.475317,0.837313
1880,271460,123.0,119.89,,2.877495059967041,111.31536626815796,118,,"0.507119,0.392320,1.556980,1.484743",,,0.466599,5.963637,6.475317,0.837313
1881,271589,129.0,119.82,,2.877495059967041,111.31536626815796,118,,"0.507119,0.392320,1.556980,1.484743",,,0.466599,5.963637,6.475317,0.837313
1882,271712,123.0,119.73,,2.877495059967041,111.31536626815796,118,,"0.507119,0.392320,1.556980,1.484743",,,0.466599,5.963637,6.475317,0.837313
1883,271836,124.0,119.66,,2.877495059967041,111.31536626815796,118,,"0.507119,0.392320,1.556980,1.484743",,,0.466599,5.963637,6.475317,0.837313
1884,271955,119.0,119.6,,2.877495059967041,111.31536626815796,118,,"0.507119,0.392320,1.556980,1.484743",,,0.466599,5.963637,6.475317,0.837313
1885,272075,120.0,119.64,,2.877495059967041,111.31536626815796,118,,"0.507119,0.392320,1.556980,1.484743",,,0.466599,5.963637,6.475317,0.837313
1886,272194,119.0,119.58,,2.877495059967041,111.31536626815796,118,,"0.507119,0.392320,1.556980,1.484743",,,0.466599,5.963637,6.475317,0.837313
1887,272303,109.0,119.43,,2.877495059967041,111.31536626815796,118,,"0.507119,0.392320,1.556980,1.484743",,,0.466599,5.963637,6.475317,0.837313
1888,272418,115.0,119.26,,2.881282033920288,111.89958167076111,119,,"0.507809,0.391869,1.559348,1.487548",,,0.466268,5.974864,6.010839,0.881861
1889,272541,123.0,119.36,,2.881282033920288,111.89958167076111,119,,"0.507809,0.391869,1.559348,1.487548",,,0.466268,5.974864,6.010839,0.881861
1890,272664,123.0,119.5,,2.881282033920288,111.89958167076111,119,,"0.507809,0.391869,1.559348,1.487548",,,0.466268,5.974864,6.010839,0.881861
1891,272781,117.0,119.53,,2.881282033920288,111.89958167076111,119,,"0.507809,0.391869,1.559348,1.487548",,,0.466268,5.974864,6.010839,0.881861
1892,272886,105.0,119.38,,2.881282033920288,111.89958167076111,119,,"0.507809,0.391869,1.559348,1.487548",,,0.466268,5.974864,6.010839,0.881861
1893,273003,117.0,119.23,,2.881282033920288,111.89958167076111,119,,"0.507809,0.391869,1.559348,1.487548",,,0.466268,5.974864,6.010839,0.881861
1894,273113,110.0,119.04,,2.881282033920288,111.89958167076111,119,,"0.507809,0.391869,1.559348,1.487548",,,0.466268,5.974864,6.010839,0.881861
1895,273238,125.0,119.07,,2.881282033920288,111.89958167076111,119,,"0.507809,0.391869,1.559348,1.487548",,,0.466268,5.974864,6.010839,0.881861
1896,273360,122.0,119.06,,2.881282033920288,111.89958167076111,119,,"0.507809,0.391869,1.559348,1.487548",,,0.466268,5.974864,6.010839,0.881861
1897,273474,114.0,119.01,,2.881282033920288,111.89958167076111,119,,"0.507809,0.391869,1.559348,1.487548",,,0.466268,5.974864,6.010839,0.881861
1898,273585,111.0,119.33,,2.881282033920288,111.89958167076111,119,,"0.507809,0.391869,1.559348,1.487548",,,0.466268,5.974864,6.010839,0.881861
1899,273699,114.0,119.37,,2.881282033920288,111.89958167076111,119,,"0.507809,0.391869,1.559348,1.487548",119.4,5.0039984012787215,0.466268,5.974864,6.010839,0.881861
1900,273807,108.0,119.28,,2.881282033920288,111.89958167076111,119,,"0.507809,0.391869,1.559348,1.487548",,,0.466268,5.974864,6.010839,0.881861
1901,273913,106.0,119.17,,2.881282033920288,111.89958167076111,119,,"0.507809,0.391869,1.559348,1.487548",,,0.466268,5.974864,6.010839,0.881861
1902,274030,117.0,119.07,,2.881282033920288,111.89958167076111,119,,"0.507809,0.391869,1.559348,1.487548",,,0.466268,5.974864,6.010839,0.881861
1903,274147,117.0,119.09,,2.881282033920288,111.90058183670044,119,,"0.507809,0.391869,1.559348,1.487548",,,0.466268,5.974864,6.010839,0.881861
1904,274283,136.0,119.31,,2.8810457611083984,112.51411509513855,120,,"0.509144,0.391567,1.562881,1.490930",,,0.467812,5.988773,5.798666,0.879762
1905,274398,115.0,119.2,,2.8810457611083984,112.51411509513855,120,,"0.509144,0.391567,1.562881,1.490930",,,0.467812,5.988773,5.798666,0.879762
1906,274518,120.0,119.28,,2.8810457611083984,112.51411509513855,120,,"0.509144,0.391567,1.562881,1.490930",,,0.467812,5.988773,5.798666,0.879762
1907,274628,110.0,119.18,,2.8810457611083984,112.51411509513855,120,,"0.509144,0.391567,1.562881,1.490930",,,0.467812,5.988773,5.798666,0.879762
1908,274758,130.0,119.31,,2.8810457611083984,112.51411509513855,120,,"0.509144,0.391567,1.562881,1.490930",,,0.467812,5.988773,5.798666,0.879762
1909,274882,124.0,119.36,,2.8810457611083984,112.51411509513855,120,,"0.509144,0.391567,1.562881,1.490930",,,0.467812,5.988773,5.798666,0.879762
1910,274989,107.0,119.2,,2.8810457611083984,112.5151162147522,120,,"0.509144,0.391567,1.562881,1.490930",,,0.467812,5.988773,5.798666,0.879762
1911,275109,120.0,119.14,,2.8810457611083984,112.5151162147522,120,,"0.509144,0.391567,1.562881,1.490930",,,0.467812,5.988773,5.798666,0.879762
1912,275232,123.0,119.19,,2.8810457611083984,112.5151162147522,120,,"0.509144,0.391567,1.562881,1.490930",,,0.467812,5.988773,5.798666,0.879762
1913,275349,117.0,119.12,,2.8810457611083984,112.5151162147522,120,,"0.509144,0.391567,1.562881,1.490930",,,0.467812,5.988773,5.798666,0.879762
1914,275471,122.0,119.22,,2.8810457611083984,112.5151162147522,120,,"0.509144,0.391567,1.562881,1.490930",,,0.467812,5.988773,5.798666,0.879762
1915,275575,104.0,119.03,,2.8810457611083984,112.5151162147522,120,,"0.509144,0.391567,1.562881,1.490930",,,0.467812,5.988773,5.798666,0.879762
1916,275693,118.0,118.81,,2.8810457611083984,112.5151162147522,120,,"0.509144,0.391567,1.562881,1.490930",,,0.467812,5.988773,5.798666,0.879762
1917,275809,116.0,118.68,,2.8810457611083984,112.5151162147522,120,,"0.509144,0.391567,1.562881,1.490930",,,0.467812,5.988773,5.798666,0.879762
1918,275915,106.0,118.56,,2.8810457611083984,112.5151162147522,120,,"0.509144,0.391567,1.562881,1.490930",,,0.467812,5.988773,5.798666,0.879762
1919,276025,110.0,118.31,,2.8810457611083984,112.5151162147522,120,,"0.509144,0.391567,1.562881,1.490930",,,0.467812,5.988773,5.798666,0.879762
1920,276136,111.0,118.21,,2.8906034231185913,113.12521839141846,121,,"0.509813,0.391095,1.565964,1.494687",,,0.461894,6.003563,5.680469,0.880500
1921,276249,113.0,118.0,,2.8906034231185913,113.12521839141846,121,,"0.509813,0.391095,1.565964,1.494687",,,0.461894,6.003563,5.680469,0.880500
1922,276369,120.0,117.91,,2.8906034231185913,113.12521839141846,121,,"0.509813,0.391095,1.565964,1.494687",,,0.461894,6.003563,5.680469,0.880500
1923,276479,110.0,117.72,,2.8906034231185913,113.12521839141846,121,,"0.509813,0.391095,1.565964,1.494687",,,0.461894,6.003563,5.680469,0.880500
1924,276610,131.0,117.86,,2.8906034231185913,113.12521839141846,121,,"0.509813,0.391095,1.565964,1.494687",,,0.461894,6.003563,5.680469,0.880500
1925,276730,120.0,117.88,,2.8906034231185913,113.12521839141846,121,,"0.509813,0.391095,1.565964,1.494687",,,0.461894,6.003563,5.680469,0.880500
1926,276851,121.0,117.9,,2.8906034231185913,113.12521839141846,121,,"0.509813,0.391095,1.565964,1.494687",,,0.461894,6.003563,5.680469,0.880500
1927,276973,122.0,117.89,,2.8906034231185913,113.12521839141846,121,,"0.509813,0.391095,1.565964,1.494687",,,0.461894,6.003563,5.680469,0.880500
1928,277093,120.0,117.77,,2.8906034231185913,113.12521839141846,121,,"0.509813,0.391095,1.565964,1.494687",,,0.461894,6.003563,5.680469,0.880500
1929,277217,124.0,117.7,,2.8906034231185913,113.12521839141846,121,,"0.509813,0.391095,1.565964,1.494687",,,0.461894,6.003563,5.680469,0.880500
1930,277328,111.0,117.54,,2.8906034231185913,113.12521839141846,121,,"0.509813,0.391095,1.565964,1.494687",,,0.461894,6.003563,5.680469,0.880500
1931,277442,114.0,117.43,,2.8906034231185913,113.12521839141846,121,,"0.509813,0.391095,1.565964,1.494687",,,0.461894,6.003563,5.680469,0.880500
1932,277567,125.0,117.51,,2.8906034231185913,113.12521839141846,121,,"0.509813,0.391095,1.565964,1.494687",,,0.461894,6.003563,5.680469,0.880500
1933,277683,116.0,117.54,,2.8906034231185913,113.12521839141846,121,,"0.509813,0.391095,1.565964,1.494687",,,0.461894,6.003563,5.680469,0.880500
1934,277805,122.0,117.52,,2.8906034231185913,113.12521839141846,121,,"0.509813,0.391095,1.565964,1.494687",,,0.461894,6.003563,5.680469,0.880500
1935,277926,121.0,117.55,,2.8906034231185913,113.12521839141846,121,,"0.509813,0.391095,1.565964,1.494687",,,0.461894,6.003563,5.680469,0.880500
1936,278034,108.0,117.31,,2.88781494140625,113.75666952133179,122,,"0.508907,0.390542,1.567293,1.499292",,,0.467359,6.021177,5.509641,0.889684
1937,278143,109.0,117.13,,2.88781494140625,113.75666952133179,122,,"0.508907,0.390542,1.567293,1.499292",,,0.467359,6.021177,5.509641,0.889684
1938,278263,120.0,117.23,,2.88781494140625,113.75666952133179,122,,"0.508907,0.390542,1.567293,1.499292",,,0.467359,6.021177,5.509641,0.889684
1939,278377,114.0,117.15,,2.88781494140625,113.75707054138184,122,,"0.508907,0.390542,1.567293,1.499292",,,0.467359,6.021177,5.509641,0.889684
1940,278501,124.0,117.27,,2.88781494140625,113.75707054138184,122,,"0.508907,0.390542,1.567293,1.499292",,,0.467359,6.021177,5.509641,0.889684
1941,278630,129.0,117.39,,2.88781494140625,113.75707054138184,122,,"0.508907,0.390542,1.567293,1.499292",,,0.467359,6.021177,5.509641,0.889684
1942,278744,114.0,117.23,,2.88781494140625,113.75707054138184,122,,"0.508907,0.390542,1.567293,1.499292",,,0.467359,6.021177,5.509641,0.889684
1943,278859,115.0,117.31,,2.88781494140625,113.75707054138184,122,,"0.508907,0.390542,1.567293,1.499292",,,0.467359,6.021177,5.509641,0.889684
1944,278972,113.0,117.23,,2.88781494140625,113.75707054138184,122,,"0.508907,0.390542,1.567293,1.499292",,,0.467359,6.021177,5.509641,0.889684
1945,279108,136.0,117.22,,2.88781494140625,113.75707054138184,122,,"0.508907,0.390542,1.567293,1.499292",,,0.467359,6.021177,5.509641,0.889684
1946,279224,116.0,117.4,,2.88781494140625,113.75707054138184,122,,"0.508907,0.390542,1.567293,1.499292",,,0.467359,6.021177,5.509641,0.889684
1947,279339,115.0,117.39,,2.88781494140625,113.75707054138184,122,,"0.508907,0.390542,1.567293,1.499292",,,0.467359,6.021177,5.509641,0.889684
1948,279462,123.0,117.41,,2.88781494140625,113.75707054138184,122,,"0.508907,0.390542,1.567293,1.499292",,,0.467359,6.021177,5.509641,0.889684
1949,279570,108.0,117.44,,2.88781494140625,113.75707054138184,122,,"0.508907,0.390542,1.567293,1.499292",123.4,3.8781438859330635,0.467359,6.021177,5.509641,0.889684
1950,279680,110.0,117.48,,2.88781494140625,113.75707054138184,122,,"0.508907,0.390542,1.567293,1.499292",,,0.467359,6.021177,5.509641,0.889684
1951,279795,115.0,117.5,,2.88781494140625,113.75707054138184,122,,"0.508907,0.390542,1.567293,1.499292",,,0.467359,6.021177,5.509641,0.889684
1952,279912,117.0,117.44,,2.9004240369796754,114.41112971305847,123,,"0.508689,0.390154,1.569129,1.503619",,,0.459996,6.035059,5.357974,0.889517
1953,280033,121.0,117.55,,2.9004240369796754,114.41112971305847,123,,"0.508689,0.390154,1.569129,1.503619",,,0.459996,6.035059,5.357974,0.889517
1954,280149,116.0,117.59,,2.9004240369796754,114.41112971305847,123,,"0.508689,0.390154,1.569129,1.503619",,,0.459996,6.035059,5.357974,0.889517
1955,280259,110.0,117.51,,2.9004240369796754,114.41112971305847,123,,"0.508689,0.390154,1.569129,1.503619",,,0.459996,6.035059,5.357974,0.889517
1956,280401,142.0,117.59,,2.9004240369796754,114.41112971305847,123,,"0.508689,0.390154,1.569129,1.503619",,,0.459996,6.035059,5.357974,0.889517
1957,280528,127.0,117.69,,2.9004240369796754,114.41112971305847,123,,"0.508689,0.390154,1.569129,1.503619",,,0.459996,6.035059,5.357974,0.889517
1958,280662,134.0,117.88,,2.9004240369796754,114.41112971305847,123,,"0.508689,0.390154,1.569129,1.503619",,,0.459996,6.035059,5.357974,0.889517
1959,280780,118.0,117.91,,2.9004240369796754,114.41112971305847,123,,"0.508689,0.390154,1.569129,1.503619",,,0.459996,6.035059,5.357974,0.889517
1960,280889,109.0,117.67,,2.9004240369796754,114.41112971305847,123,,"0.508689,0.390154,1.569129,1.503619",,,0.459996,6.035059,5.357974,0.889517
1961,281003,114.0,117.65,,2.9004240369796754,114.41112971305847,123,,"0.508689,0.390154,1.569129,1.503619",,,0.459996,6.035059,5.357974,0.889517
1962,281123,120.0,117.66,,2.9004240369796754,114.41112971305847,123,,"0.508689,0.390154,1.569129,1.503619",,,0.459996,6.035059,5.357974,0.889517
1963,281240,117.0,117.64,,2.9004240369796754,114.41112971305847,123,,"0.508689,0.390154,1.569129,1.503619",,,0.459996,6.035059,5.357974,0.889517
1964,281353,113.0,117.64,,2.9004240369796754,114.41112971305847,123,,"0.508689,0.390154,1.569129,1.503619",,,0.459996,6.035059,5.357974,0.889517
1965,281468,115.0,117.58,,2.9004240369796754,114.41112971305847,123,,"0.508689,0.390154,1.569129,1.503619",,,0.459996,6.035059,5.357974,0.889517
1966,281605,137.0,117.7,,2.9004240369796754,114.41112971305847,123,,"0.508689,0.390154,1.569129,1.503619",,,0.459996,6.035059,5.357974,0.889517
1967,281724,119.0,117.73,,2.9004240369796754,114.41112971305847,123,,"0.508689,0.390154,1.569129,1.503619",,,0.459996,6.035059,5.357974,0.889517
1968,281850,126.0,117.67,,2.904013934135437,115.05261492729187,124,,"0.508668,0.389733,1.571804,1.508670",,,0.460186,6.050379,5.235620,0.895847
1969,281965,115.0,117.74,,2.904013934135437,115.05261492729187,124,,"0.508668,0.389733,1.571804,1.508670",,,0.460186,6.050379,5.235620,0.895847
1970,282077,112.0,117.68,,2.904013934135437,115.05261492729187,124,,"0.508668,0.389733,1.571804,1.508670",,,0.460186,6.050379,5.235620,0.895847
1971,282201,124.0,117.74,,2.904013934135437,115.05261492729187,124,,"0.508668,0.389733,1.571804,1.508670",,,0.460186,6.050379,5.235620,0.895847
1972,282323,122.0,117.74,,2.904013934135437,115.05261492729187,124,,"0.508668,0.389733,1.571804,1.508670",,,0.460186,6.050379,5.235620,0.895847
1973,282447,124.0,117.75,,2.904013934135437,115.05261492729187,124,,"0.508668,0.389733,1.571804,1.508670",,,0.460186,6.050379,5.235620,0.895847
1974,282568,121.0,117.73,,2.904013934135437,115.05261492729187,124,,"0.508668,0.389733,1.571804,1.508670",,,0.460186,6.050379,5.235620,0.895847
1975,282688,120.0,117.75,,2.904013934135437,115.05261492729187,124,,"0.508668,0.389733,1.571804,1.508670",,,0.460186,6.050379,5.235620,0.895847
1976,282829,141.0,117.87,,2.904013934135437,115.05261492729187,124,,"0.508668,0.389733,1.571804,1.508670",,,0.460186,6.050379,5.235620,0.895847
1977,282959,130.0,118.04,,2.904013934135437,115.05261492729187,124,,"0.508668,0.389733,1.571804,1.508670",,,0.460186,6.050379,5.235620,0.895847
1978,283078,119.0,118.6,,2.904013934135437,115.05429148674011,124,,"0.508668,0.389733,1.571804,1.508670",,,0.460186,6.050379,5.235620,0.895847
1979,283189,111.0,118.52,,2.904013934135437,115.05429148674011,124,,"0.508668,0.389733,1.571804,1.508670",,,0.460186,6.050379,5.235620,0.895847
1980,283337,148.0,118.77,,2.904013934135437,115.05429148674011,124,,"0.508668,0.389733,1.571804,1.508670",,,0.460186,6.050379,5.235620,0.895847
1981,283451,114.0,118.62,,2.904013934135437,115.05429148674011,124,,"0.508668,0.389733,1.571804,1.508670",,,0.460186,6.050379,5.235620,0.895847
1982,283562,111.0,118.5,,2.904013934135437,115.05429148674011,124,,"0.508668,0.389733,1.571804,1.508670",,,0.460186,6.050379,5.235620,0.895847
1983,283674,112.0,118.38,,2.904013934135437,115.05429148674011,124,,"0.508668,0.389733,1.571804,1.508670",,,0.460186,6.050379,5.235620,0.895847
1984,283799,125.0,118.44,,2.9096391201019287,115.69978356361389,125,,"0.509187,0.389298,1.577021,1.513646",,,0.457742,6.065650,5.209735,0.891832
1985,283921,122.0,118.46,,2.9096391201019287,115.69978356361389,125,,"0.509187,0.389298,1.577021,1.513646",,,0.457742,6.065650,5.209735,0.891832
1986,284036,115.0,118.42,,2.9096391201019287,115.69978356361389,125,,"0.509187,0.389298,1.577021,1.513646",,,0.457742,6.065650,5.209735,0.891832
1987,284152,116.0,118.49,,2.9096391201019287,115.69978356361389,125,,"0.509187,0.389298,1.577021,1.513646",,,0.457742,6.065650,5.209735,0.891832
1988,284280,128.0,118.62,,2.9096391201019287,115.70078682899475,125,,"0.509187,0.389298,1.577021,1.513646",,,0.457742,6.065650,5.209735,0.891832
1989,284410,130.0,118.69,,2.9096391201019287,115.70078682899475,125,,"0.509187,0.389298,1.577021,1.513646",,,0.457742,6.065650,5.209735,0.891832
1990,284543,133.0,118.79,,2.9096391201019287,115.70078682899475,125,,"0.509187,0.389298,1.577021,1.513646",,,0.457742,6.065650,5.209735,0.891832
1991,284675,132.0,118.94,,2.9096391201019287,115.70078682899475,125,,"0.509187,0.389298,1.577021,1.513646",,,0.457742,6.065650,5.209735,0.891832
1992,284790,115.0,119.04,,2.9096391201019287,115.70078682899475,125,,"0.509187,0.389298,1.577021,1.513646",,,0.457742,6.065650,5.209735,0.891832
1993,284899,109.0,118.96,,2.9096391201019287,115.70078682899475,125,,"0.509187,0.389298,1.577021,1.513646",,,0.457742,6.065650,5.209735,0.891832
1994,285015,116.0,119.02,,2.9096391201019287,115.70078682899475,125,,"0.509187,0.389298,1.577021,1.513646",,,0.457742,6.065650,5.209735,0.891832
1995,285138,123.0,119.0,,2.9096391201019287,115.70078682899475,125,,"0.509187,0.389298,1.577021,1.513646",,,0.457742,6.065650,5.209735,0.891832
1996,285278,140.0,119.18,,2.9096391201019287,115.70078682899475,125,,"0.509187,0.389298,1.577021,1.513646",,,0.457742,6.065650,5.209735,0.891832
1997,285408,130.0,119.34,,2.9096391201019287,115.70078682899475,125,,"0.509187,0.389298,1.577021,1.513646",,,0.457742,6.065650,5.209735,0.891832
1998,285535,127.0,119.5,,2.9096391201019287,115.70078682899475,125,,"0.509187,0.389298,1.577021,1.513646",,,0.457742,6.065650,5.209735,0.891832
1999,285645,110.0,119.46,,2.9096391201019287,115.70078682899475,125,,"0.509187,0.389298,1.577021,1.513646",131.8,3.919183588453085,0.457742,6.065650,5.209735,0.891832
2000,285776,131.0,119.69,,2.9177353191375732,116.39884996414185,126,,"0.509119,0.388873,1.581854,1.517380",,,0.457542,6.073606,4.909620,0.892551
2001,285918,142.0,120.05,,2.9177353191375732,116.39884996414185,126,,"0.509119,0.388873,1.581854,1.517380",,,0.457542,6.073606,4.909620,0.892551
2002,286036,118.0,120.06,,2.9177353191375732,116.39884996414185,126,,"0.509119,0.388873,1.581854,1.517380",,,0.457542,6.073606,4.909620,0.892551
2003,286166,130.0,120.19,,2.9177353191375732,116.39884996414185,126,,"0.509119,0.388873,1.581854,1.517380",,,0.457542,6.073606,4.909620,0.892551
2004,286308,142.0,120.25,,2.9177353191375732,116.39884996414185,126,,"0.509119,0.388873,1.581854,1.517380",,,0.457542,6.073606,4.909620,0.892551
2005,286441,133.0,120.43,,2.9177353191375732,116.39884996414185,126,,"0.509119,0.388873,1.581854,1.517380",,,0.457542,6.073606,4.909620,0.892551
2006,286570,129.0,120.52,,2.9177353191375732,116.39884996414185,126,,"0.509119,0.388873,1.581854,1.517380",,,0.457542,6.073606,4.909620,0.892551
2007,286700,130.0,120.72,,2.9177353191375732,116.39884996414185,126,,"0.509119,0.388873,1.581854,1.517380",,,0.457542,6.073606,4.909620,0.892551
2008,286824,124.0,120.66,,2.9177353191375732,116.39884996414185,126,,"0.509119,0.388873,1.581854,1.517380",,,0.457542,6.073606,4.909620,0.892551
2009,286951,127.0,120.69,,2.9177353191375732,116.39884996414185,126,,"0.509119,0.388873,1.581854,1.517380",,,0.457542,6.073606,4.909620,0.892551
2010,287083,132.0,120.94,,2.9177353191375732,116.39884996414185,126,,"0.509119,0.388873,1.581854,1.517380",,,0.457542,6.073606,4.909620,0.892551
2011,287210,127.0,121.01,,2.9177353191375732,116.39884996414185,126,,"0.509119,0.388873,1.581854,1.517380",,,0.457542,6.073606,4.909620,0.892551
2012,287347,137.0,121.15,,2.9177353191375732,116.39884996414185,126,,"0.509119,0.388873,1.581854,1.517380",,,0.457542,6.073606,4.909620,0.892551
2013,287478,131.0,121.29,,2.9177353191375732,116.39884996414185,126,,"0.509119,0.388873,1.581854,1.517380",,,0.457542,6.073606,4.909620,0.892551
2014,287613,135.0,121.42,,2.9177353191375732,116.39884996414185,126,,"0.509119,0.388873,1.581854,1.517380",,,0.457542,6.073606,4.909620,0.892551
2015,287747,134.0,121.72,,2.9177353191375732,116.39884996414185,126,,"0.509119,0.388873,1.581854,1.517380",,,0.457542,6.073606,4.909620,0.892551
2016,287866,119.0,121.73,,2.9126235961914064,117.07213020324707,127,,"0.511057,0.388608,1.588815,1.519534",,,0.453301,6.075132,4.936590,0.886430
2017,288004,138.0,121.95,,2.9126235961914064,117.07313394546509,127,,"0.511057,0.388608,1.588815,1.519534",,,0.453301,6.075132,4.936590,0.886430
2018,288133,129.0,122.18,,2.9126235961914064,117.07313394546509,127,,"0.511057,0.388608,1.588815,1.519534",,,0.453301,6.075132,4.936590,0.886430
2019,288270,137.0,122.45,,2.9126235961914064,117.07313394546509,127,,"0.511057,0.388608,1.588815,1.519534",,,0.453301,6.075132,4.936590,0.886430
2020,288392,122.0,122.56,,2.9126235961914064,117.07313394546509,127,,"0.511057,0.388608,1.588815,1.519534",,,0.453301,6.075132,4.936590,0.886430
2021,288518,126.0,122.69,,2.9126235961914064,117.07313394546509,127,,"0.511057,0.388608,1.588815,1.519534",,,0.453301,6.075132,4.936590,0.886430
2022,288661,143.0,122.92,,2.9126235961914064,117.07313394546509,127,,"0.511057,0.388608,1.588815,1.519534",,,0.453301,6.075132,4.936590,0.886430
2023,288789,128.0,123.1,,2.9126235961914064,117.07313394546509,127,,"0.511057,0.388608,1.588815,1.519534",,,0.453301,6.075132,4.936590,0.886430
2024,288924,135.0,123.14,,2.9126235961914064,117.07313394546509,127,,"0.511057,0.388608,1.588815,1.519534",,,0.453301,6.075132,4.936590,0.886430
2025,289056,132.0,123.26,,2.9126235961914064,117.07313394546509,127,,"0.511057,0.388608,1.588815,1.519534",,,0.453301,6.075132,4.936590,0.886430
2026,289187,131.0,123.36,,2.9126235961914064,117.07313394546509,127,,"0.511057,0.388608,1.588815,1.519534",,,0.453301,6.075132,4.936590,0.886430
2027,289323,136.0,123.5,,2.9126235961914064,117.07313394546509,127,,"0.511057,0.388608,1.588815,1.519534",,,0.453301,6.075132,4.936590,0.886430
2028,289449,126.0,123.56,,2.9126235961914064,117.07313394546509,127,,"0.511057,0.388608,1.588815,1.519534",,,0.453301,6.075132,4.936590,0.886430
2029,289580,131.0,123.63,,2.9126235961914064,117.07313394546509,127,,"0.511057,0.388608,1.588815,1.519534",,,0.453301,6.075132,4.936590,0.886430
2030,289724,144.0,123.96,,2.9126235961914064,117.07313394546509,127,,"0.511057,0.388608,1.588815,1.519534",,,0.453301,6.075132,4.936590,0.886430
2031,289859,135.0,124.17,,2.9126235961914064,117.07313394546509,127,,"0.511057,0.388608,1.588815,1.519534",,,0.453301,6.075132,4.936590,0.886430
2032,290017,158.0,124.5,,2.9106509637832643,117.7942807674408,128,,"0.512210,0.388213,1.595829,1.522050",,,0.453701,6.082420,4.809736,0.888737
2033,290153,136.0,124.7,,2.9106509637832643,117.79596614837646,128,,"0.512210,0.388213,1.595829,1.522050",,,0.453701,6.082420,4.809736,0.888737
2034,290294,141.0,124.89,,2.9106509637832643,117.79596614837646,128,,"0.512210,0.388213,1.595829,1.522050",,,0.453701,6.082420,4.809736,0.888737
2035,290432,138.0,125.06,,2.9106509637832643,117.79596614837646,128,,"0.512210,0.388213,1.595829,1.522050",,,0.453701,6.082420,4.809736,0.888737
2036,290562,130.0,125.28,,2.9106509637832643,117.79596614837646,128,,"0.512210,0.388213,1.595829,1.522050",,,0.453701,6.082420,4.809736,0.888737
2037,290694,132.0,125.51,,2.9106509637832643,117.79596614837646,128,,"0.512210,0.388213,1.595829,1.522050",,,0.453701,6.082420,4.809736,0.888737
2038,290816,122.0,125.53,,2.9106509637832643,117.79596614837646,128,,"0.512210,0.388213,1.595829,1.522050",,,0.453701,6.082420,4.809736,0.888737
2039,290940,124.0,125.63,,2.9106509637832643,117.79596614837646,128,,"0.512210,0.388213,1.595829,1.522050",,,0.453701,6.082420,4.809736,0.888737
2040,291061,121.0,125.6,,2.9106509637832643,117.79596614837646,128,,"0.512210,0.388213,1.595829,1.522050",,,0.453701,6.082420,4.809736,0.888737
2041,291194,133.0,125.64,,2.9106509637832643,117.79596614837646,128,,"0.512210,0.388213,1.595829,1.522050",,,0.453701,6.082420,4.809736,0.888737
2042,291325,131.0,125.81,,2.9106509637832643,117.79596614837646,128,,"0.512210,0.388213,1.595829,1.522050",,,0.453701,6.082420,4.809736,0.888737
2043,291447,122.0,125.88,,2.9106509637832643,117.79596614837646,128,,"0.512210,0.388213,1.595829,1.522050",,,0.453701,6.082420,4.809736,0.888737
2044,291581,134.0,126.09,,2.9106509637832643,117.79596614837646,128,,"0.512210,0.388213,1.595829,1.522050",,,0.453701,6.082420,4.809736,0.888737
2045,291731,150.0,126.23,,2.9106509637832643,117.79596614837646,128,,"0.512210,0.388213,1.595829,1.522050",,,0.453701,6.082420,4.809736,0.888737
2046,291854,123.0,126.3,,2.9106509637832643,117.79596614837646,128,,"0.512210,0.388213,1.595829,1.522050",,,0.453701,6.082420,4.809736,0.888737
2047,291996,142.0,126.57,,2.9106509637832643,117.79596614837646,128,,"0.512210,0.388213,1.595829,1.522050",,,0.453701,6.082420,4.809736,0.888737
2048,292141,145.0,126.79,,2.9026936864852906,118.57069301605225,129,,"0.513045,0.387874,1.602990,1.524166",,,0.450633,6.087705,4.601910,0.890536
2049,292305,164.0,127.35,,2.9026936864852906,118.57069301605225,129,,"0.513045,0.387874,1.602990,1.524166",158.6,7.735631842325486,0.450633,6.087705,4.601910,0.890536
2050,292431,126.0,127.51,,2.9026936864852906,118.57069301605225,129,,"0.513045,0.387874,1.602990,1.524166",,,0.450633,6.087705,4.601910,0.890536
2051,292580,149.0,127.85,,2.9026936864852906,118.57069301605225,129,,"0.513045,0.387874,1.602990,1.524166",,,0.450633,6.087705,4.601910,0.890536
2052,292727,147.0,128.15,,2.9026936864852906,118.57069301605225,129,,"0.513045,0.387874,1.602990,1.524166",,,0.450633,6.087705,4.601910,0.890536
2053,292877,150.0,128.44,,2.9026936864852906,118.57069301605225,129,,"0.513045,0.387874,1.602990,1.524166",,,0.450633,6.087705,4.601910,0.890536
2054,293032,155.0,128.83,,2.9026936864852906,118.57069301605225,129,,"0.513045,0.387874,1.602990,1.524166",,,0.450633,6.087705,4.601910,0.890536
2055,293174,142.0,129.15,,2.9026936864852906,118.57069301605225,129,,"0.513045,0.387874,1.602990,1.524166",,,0.450633,6.087705,4.601910,0.890536
2056,293299,125.0,128.98,,2.9026936864852906,118.57069301605225,129,,"0.513045,0.387874,1.602990,1.524166",,,0.450633,6.087705,4.601910,0.890536
2057,293440,141.0,129.12,,2.9026936864852906,118.57069301605225,129,,"0.513045,0.387874,1.602990,1.524166",,,0.450633,6.087705,4.601910,0.890536
2058,293583,143.0,129.21,,2.9026936864852906,118.57069301605225,129,,"0.513045,0.387874,1.602990,1.524166",,,0.450633,6.087705,4.601910,0.890536
2059,293728,145.0,129.48,,2.9026936864852906,118.57069301605225,129,,"0.513045,0.387874,1.602990,1.524166",,,0.450633,6.087705,4.601910,0.890536
2060,293865,137.0,129.76,,2.9026936864852906,118.57069301605225,129,,"0.513045,0.387874,1.602990,1.524166",,,0.450633,6.087705,4.601910,0.890536
2061,294027,162.0,130.24,,2.9026936864852906,118.57069301605225,129,,"0.513045,0.387874,1.602990,1.524166",,,0.450633,6.087705,4.601910,0.890536
2062,294173,146.0,130.5,,2.9026936864852906,118.57069301605225,129,,"0.513045,0.387874,1.602990,1.524166",,,0.450633,6.087705,4.601910,0.890536
2063,294320,147.0,130.8,,2.9026936864852906,118.57069301605225,129,,"0.513045,0.387874,1.602990,1.524166",,,0.450633,6.087705,4.601910,0.890536
2064,294484,164.0,131.31,,2.8953995275497437,119.39981865882874,130,,"0.514026,0.387356,1.611336,1.527568",,,0.455460,6.098406,4.715113,0.878904
2065,294626,142.0,131.58,,2.8953995275497437,119.39981865882874,130,,"0.514026,0.387356,1.611336,1.527568",,,0.455460,6.098406,4.715113,0.878904
2066,294775,149.0,131.7,,2.8953995275497437,119.39981865882874,130,,"0.514026,0.387356,1.611336,1.527568",,,0.455460,6.098406,4.715113,0.878904
2067,294946,171.0,132.22,,2.8953995275497437,119.39981865882874,130,,"0.514026,0.387356,1.611336,1.527568",,,0.455460,6.098406,4.715113,0.878904
2068,295093,147.0,132.43,,2.8953995275497437,119.39981865882874,130,,"0.514026,0.387356,1.611336,1.527568",,,0.455460,6.098406,4.715113,0.878904
2069,295245,152.0,132.8,,2.8953995275497437,119.39981865882874,130,,"0.514026,0.387356,1.611336,1.527568",,,0.455460,6.098406,4.715113,0.878904
2070,295383,138.0,133.06,,2.8953995275497437,119.39981865882874,130,,"0.514026,0.387356,1.611336,1.527568",,,0.455460,6.098406,4.715113,0.878904
2071,295555,172.0,133.54,,2.8953995275497437,119.39981865882874,130,,"0.514026,0.387356,1.611336,1.527568",,,0.455460,6.098406,4.715113,0.878904
2072,295723,168.0,134.0,,2.8953995275497437,119.39981865882874,130,,"0.514026,0.387356,1.611336,1.527568",,,0.455460,6.098406,4.715113,0.878904
2073,295864,141.0,134.17,,2.8953995275497437,119.39981865882874,130,,"0.514026,0.387356,1.611336,1.527568",,,0.455460,6.098406,4.715113,0.878904
2074,296015,151.0,134.47,,2.8953995275497437,119.39981865882874,130,,"0.514026,0.387356,1.611336,1.527568",,,0.455460,6.098406,4.715113,0.878904
2075,296164,149.0,134.76,,2.8953995275497437,119.39981865882874,130,,"0.514026,0.387356,1.611336,1.527568",,,0.455460,6.098406,4.715113,0.878904
2076,296310,146.0,134.81,,2.8953995275497437,119.39981865882874,130,,"0.514026,0.387356,1.611336,1.527568",,,0.455460,6.098406,4.715113,0.878904
2077,296443,133.0,134.84,,2.8953995275497437,119.39981865882874,130,,"0.514026,0.387356,1.611336,1.527568",,,0.455460,6.098406,4.715113,0.878904
2078,296630,187.0,135.52,,2.8953995275497437,119.39981865882874,130,,"0.514026,0.387356,1.611336,1.527568",,,0.455460,6.098406,4.715113,0.878904
2079,296787,157.0,135.98,,2.8953995275497437,119.39981865882874,130,,"0.514026,0.387356,1.611336,1.527568",,,0.455460,6.098406,4.715113,0.878904
2080,296945,158.0,136.08,,2.8806470823287964,120.3284854888916,131,,"0.515048,0.386970,1.618978,1.530258",,,0.455873,6.105373,4.501863,0.886627
2081,297130,185.0,136.79,,2.8806470823287964,120.32948803901672,131,,"0.515048,0.386970,1.618978,1.530258",,,0.455873,6.105373,4.501863,0.886627
2082,297315,185.0,137.53,,2.8806470823287964,120.32948803901672,131,,"0.515048,0.386970,1.618978,1.530258",,,0.455873,6.105373,4.501863,0.886627
2083,297475,160.0,138.01,,2.8806470823287964,120.32948803901672,131,,"0.515048,0.386970,1.618978,1.530258",,,0.455873,6.105373,4.501863,0.886627
2084,297686,211.0,138.87,,2.8806470823287964,120.32948803901672,131,,"0.515048,0.386970,1.618978,1.530258",,,0.455873,6.105373,4.501863,0.886627
2085,297834,148.0,139.13,,2.8806470823287964,120.32948803901672,131,,"0.515048,0.386970,1.618978,1.530258",,,0.455873,6.105373,4.501863,0.886627
2086,298023,189.0,139.87,,2.8806470823287964,120.32948803901672,131,,"0.515048,0.386970,1.618978,1.530258",,,0.455873,6.105373,4.501863,0.886627
2087,298174,151.0,140.22,,2.8806470823287964,120.32948803901672,131,,"0.515048,0.386970,1.618978,1.530258",,,0.455873,6.105373,4.501863,0.886627
2088,298329,155.0,140.49,,2.8806470823287964,120.32948803901672,131,,"0.515048,0.386970,1.618978,1.530258",,,0.455873,6.105373,4.501863,0.886627
2089,298509,180.0,140.99,,2.8806470823287964,120.32948803901672,131,,"0.515048,0.386970,1.618978,1.530258",,,0.455873,6.105373,4.501863,0.886627
2090,298653,144.0,141.1,,2.8806470823287964,120.32948803901672,131,,"0.515048,0.386970,1.618978,1.530258",,,0.455873,6.105373,4.501863,0.886627
2091,298821,168.0,141.46,,2.8806470823287964,120.32948803901672,131,,"0.515048,0.386970,1.618978,1.530258",,,0.455873,6.105373,4.501863,0.886627
2092,298990,169.0,142.0,,2.8806470823287964,120.32948803901672,131,,"0.515048,0.386970,1.618978,1.530258",,,0.455873,6.105373,4.501863,0.886627
2093,299147,157.0,142.48,,2.8806470823287964,120.32948803901672,131,,"0.515048,0.386970,1.618978,1.530258",,,0.455873,6.105373,4.501863,0.886627
2094,299330,183.0,143.15,,2.8806470823287964,120.32948803901672,131,,"0.515048,0.386970,1.618978,1.530258",,,0.455873,6.105373,4.501863,0.886627
2095,299475,145.0,143.37,,2.8806470823287964,120.32948803901672,131,,"0.515048,0.386970,1.618978,1.530258",,,0.455873,6.105373,4.501863,0.886627
2096,299677,202.0,143.99,,2.863759980201721,121.34767818450928,132,,"0.515323,0.386465,1.625884,1.533277",,,0.457047,6.112930,4.597538,0.877101
2097,299873,196.0,144.65,,2.863759980201721,121.34767818450928,132,,"0.515323,0.386465,1.625884,1.533277",,,0.457047,6.112930,4.597538,0.877101
2098,300092,219.0,145.57,,2.863759980201721,121.34767818450928,132,,"0.515323,0.386465,1.625884,1.533277",,,0.457047,6.112930,4.597538,0.877101
2099,300251,159.0,146.06,,2.863759980201721,121.34767818450928,132,,"0.515323,0.386465,1.625884,1.533277",294.6,90.72728365822489,0.457047,6.112930,4.597538,0.877101
2100,300413,162.0,146.37,,2.863759980201721,121.34767818450928,132,,"0.515323,0.386465,1.625884,1.533277",,,0.457047,6.112930,4.597538,0.877101
2101,300598,185.0,146.8,,2.863759980201721,121.34867691993713,132,,"0.515323,0.386465,1.625884,1.533277",,,0.457047,6.112930,4.597538,0.877101
2102,300802,204.0,147.66,,2.863759980201721,121.34867691993713,132,,"0.515323,0.386465,1.625884,1.533277",,,0.457047,6.112930,4.597538,0.877101
2103,300998,196.0,148.32,,2.863759980201721,121.34867691993713,132,,"0.515323,0.386465,1.625884,1.533277",,,0.457047,6.112930,4.597538,0.877101
2104,301153,155.0,148.45,,2.863759980201721,121.34867691993713,132,,"0.515323,0.386465,1.625884,1.533277",,,0.457047,6.112930,4.597538,0.877101
2105,301304,151.0,148.63,,2.863759980201721,121.34867691993713,132,,"0.515323,0.386465,1.625884,1.533277",,,0.457047,6.112930,4.597538,0.877101
2106,301487,183.0,149.17,,2.863759980201721,121.34867691993713,132,,"0.515323,0.386465,1.625884,1.533277",,,0.457047,6.112930,4.597538,0.877101
2107,301688,201.0,149.88,,2.863759980201721,121.34867691993713,132,,"0.515323,0.386465,1.625884,1.533277",,,0.457047,6.112930,4.597538,0.877101
2108,301857,169.0,150.33,,2.863759980201721,121.34867691993713,132,,"0.515323,0.386465,1.625884,1.533277",,,0.457047,6.112930,4.597538,0.877101
2109,302075,218.0,151.24,,2.863759980201721,121.34867691993713,132,,"0.515323,0.386465,1.625884,1.533277",,,0.457047,6.112930,4.597538,0.877101
2110,302237,162.0,151.54,,2.863759980201721,121.34867691993713,132,,"0.515323,0.386465,1.625884,1.533277",,,0.457047,6.112930,4.597538,0.877101
2111,302411,174.0,152.01,,2.863759980201721,121.34867691993713,132,,"0.515323,0.386465,1.625884,1.533277",,,0.457047,6.112930,4.597538,0.877101
2112,302676,265.0,153.29,,2.8515924215316772,122.50005197525024,133,,"0.515175,0.386004,1.631980,1.535936",,,0.459361,6.118849,4.539689,0.873721
2113,302912,236.0,154.34,,2.8515924215316772,122.50157403945923,133,,"0.515175,0.386004,1.631980,1.535936",,,0.459361,6.118849,4.539689,0.873721
2114,303135,223.0,155.22,,2.8515924215316772,122.50157403945923,133,,"0.515175,0.386004,1.631980,1.535936",,,0.459361,6.118849,4.539689,0.873721
2115,303395,260.0,156.48,,2.8515924215316772,122.50157403945923,133,,"0.515175,0.386004,1.631980,1.535936",,,0.459361,6.118849,4.539689,0.873721
2116,303597,202.0,157.31,,2.8515924215316772,122.50157403945923,133,,"0.515175,0.386004,1.631980,1.535936",,,0.459361,6.118849,4.539689,0.873721
2117,303779,182.0,157.75,,2.8515924215316772,122.50157403945923,133,,"0.515175,0.386004,1.631980,1.535936",,,0.459361,6.118849,4.539689,0.873721
2118,303998,219.0,158.65,,2.8515924215316772,122.50157403945923,133,,"0.515175,0.386004,1.631980,1.535936",,,0.459361,6.118849,4.539689,0.873721
2119,304229,231.0,159.59,,2.8515924215316772,122.50157403945923,133,,"0.515175,0.386004,1.631980,1.535936",,,0.459361,6.118849,4.539689,0.873721
2120,304442,213.0,160.5,,2.8515924215316772,122.50157403945923,133,,"0.515175,0.386004,1.631980,1.535936",,,0.459361,6.118849,4.539689,0.873721
2121,304673,231.0,161.55,,2.8515924215316772,122.50157403945923,133,,"0.515175,0.386004,1.631980,1.535936",,,0.459361,6.118849,4.539689,0.873721
2122,304863,190.0,162.02,,2.8515924215316772,122.50157403945923,133,,"0.515175,0.386004,1.631980,1.535936",,,0.459361,6.118849,4.539689,0.873721
2123,305062,199.0,162.73,,2.8515924215316772,122.50157403945923,133,,"0.515175,0.386004,1.631980,1.535936",,,0.459361,6.118849,4.539689,0.873721
2124,305272,210.0,163.48,,2.8515924215316772,122.50157403945923,133,,"0.515175,0.386004,1.631980,1.535936",,,0.459361,6.118849,4.539689,0.873721
2125,305460,188.0,164.04,,2.8515924215316772,122.50157403945923,133,,"0.515175,0.386004,1.631980,1.535936",,,0.459361,6.118849,4.539689,0.873721
2126,305649,189.0,164.62,,2.8515924215316772,122.50157403945923,133,,"0.515175,0.386004,1.631980,1.535936",,,0.459361,6.118849,4.539689,0.873721
2127,305823,174.0,165.0,,2.8515924215316772,122.50157403945923,133,,"0.515175,0.386004,1.631980,1.535936",,,0.459361,6.118849,4.539689,0.873721
2128,306045,222.0,165.96,,2.8381072807312013,123.94321393966675,134,,"0.514110,0.385460,1.637507,1.539783",,,0.455441,6.130875,4.746135,0.851993
2129,306250,205.0,166.7,,2.8381072807312013,123.94321393966675,134,,"0.514110,0.385460,1.637507,1.539783",,,0.455441,6.130875,4.746135,0.851993
2130,306439,189.0,167.15,,2.8381072807312013,123.94321393966675,134,,"0.514110,0.385460,1.637507,1.539783",,,0.455441,6.130875,4.746135,0.851993
2131,306707,268.0,168.48,,2.8381072807312013,123.94421720504761,134,,"0.514110,0.385460,1.637507,1.539783",,,0.455441,6.130875,4.746135,0.851993
2132,306930,223.0,169.13,,2.8381072807312013,123.94421720504761,134,,"0.514110,0.385460,1.637507,1.539783",,,0.455441,6.130875,4.746135,0.851993
2133,307147,217.0,169.94,,2.8381072807312013,123.94421720504761,134,,"0.514110,0.385460,1.637507,1.539783",,,0.455441,6.130875,4.746135,0.851993
2134,307346,199.0,170.52,,2.8381072807312013,123.94421720504761,134,,"0.514110,0.385460,1.637507,1.539783",,,0.455441,6.130875,4.746135,0.851993
2135,307538,192.0,171.06,,2.8381072807312013,123.94421720504761,134,,"0.514110,0.385460,1.637507,1.539783",,,0.455441,6.130875,4.746135,0.851993
2136,307752,214.0,171.9,,2.8381072807312013,123.94421720504761,134,,"0.514110,0.385460,1.637507,1.539783",,,0.455441,6.130875,4.746135,0.851993
2137,307923,171.0,172.29,,2.8381072807312013,123.94421720504761,134,,"0.514110,0.385460,1.637507,1.539783",,,0.455441,6.130875,4.746135,0.851993
2138,308145,222.0,173.29,,2.8381072807312013,123.94421720504761,134,,"0.514110,0.385460,1.637507,1.539783",,,0.455441,6.130875,4.746135,0.851993
2139,308399,254.0,174.59,,2.8381072807312013,123.94421720504761,134,,"0.514110,0.385460,1.637507,1.539783",,,0.455441,6.130875,4.746135,0.851993
2140,308590,191.0,175.29,,2.8381072807312013,123.94421720504761,134,,"0.514110,0.385460,1.637507,1.539783",,,0.455441,6.130875,4.746135,0.851993
2141,308957,367.0,177.63,,2.8381072807312013,123.94421720504761,134,,"0.514110,0.385460,1.637507,1.539783",,,0.455441,6.130875,4.746135,0.851993
2142,309170,213.0,178.45,,2.8381072807312013,123.94421720504761,134,,"0.514110,0.385460,1.637507,1.539783",,,0.455441,6.130875,4.746135,0.851993
2143,309381,211.0,179.34,,2.8381072807312013,123.94421720504761,134,,"0.514110,0.385460,1.637507,1.539783",,,0.455441,6.130875,4.746135,0.851993
2144,309621,240.0,180.4,,2.8226215982437135,126.147775888443,135,,"0.513076,0.384917,1.642586,1.543033",,,0.454774,6.140779,4.772576,0.836235
2145,309835,214.0,181.04,,2.8226215982437135,126.147775888443,135,,"0.513076,0.384917,1.642586,1.543033",,,0.454774,6.140779,4.772576,0.836235
2146,310098,263.0,182.44,,2.8226215982437135,126.147775888443,135,,"0.513076,0.384917,1.642586,1.543033",,,0.454774,6.140779,4.772576,0.836235
2147,310337,239.0,183.41,,2.8226215982437135,126.147775888443,135,,"0.513076,0.384917,1.642586,1.543033",,,0.454774,6.140779,4.772576,0.836235
2148,310688,351.0,185.47,,2.8226215982437135,126.14879727363586,135,,"0.513076,0.384917,1.642586,1.543033",,,0.454774,6.140779,4.772576,0.836235
2149,311041,353.0,187.36,,2.8226215982437135,126.14879727363586,135,,"0.513076,0.384917,1.642586,1.543033",500.0,0.0,0.454774,6.140779,4.772576,0.836235
2150,311523,482.0,190.92,,2.8226215982437135,126.14879727363586,135,,"0.513076,0.384917,1.642586,1.543033",,,0.454774,6.140779,4.772576,0.836235
2151,311785,262.0,192.05,,2.8226215982437135,126.14879727363586,135,,"0.513076,0.384917,1.642586,1.543033",,,0.454774,6.140779,4.772576,0.836235
2152,312058,273.0,193.31,,2.8226215982437135,126.14879727363586,135,,"0.513076,0.384917,1.642586,1.543033",,,0.454774,6.140779,4.772576,0.836235
2153,312316,258.0,194.39,,2.8226215982437135,126.14879727363586,135,,"0.513076,0.384917,1.642586,1.543033",,,0.454774,6.140779,4.772576,0.836235
2154,312606,290.0,195.74,,2.8226215982437135,126.14879727363586,135,,"0.513076,0.384917,1.642586,1.543033",,,0.454774,6.140779,4.772576,0.836235
2155,312869,263.0,196.95,,2.8226215982437135,126.14879727363586,135,,"0.513076,0.384917,1.642586,1.543033",,,0.454774,6.140779,4.772576,0.836235
2156,313349,480.0,200.5,,2.8226215982437135,126.14879727363586,135,,"0.513076,0.384917,1.642586,1.543033",,,0.454774,6.140779,4.772576,0.836235
2157,313638,289.0,201.98,,2.8226215982437135,126.14879727363586,135,,"0.513076,0.384917,1.642586,1.543033",,,0.454774,6.140779,4.772576,0.836235
2158,313866,228.0,202.83,,2.8226215982437135,126.14879727363586,135,,"0.513076,0.384917,1.642586,1.543033",,,0.454774,6.140779,4.772576,0.836235
2159,314229,363.0,205.01,,2.8226215982437135,126.14879727363586,135,,"0.513076,0.384917,1.642586,1.543033",,,0.454774,6.140779,4.772576,0.836235
2160,314539,310.0,206.74,,2.811203064918518,127.922443151474,136,,"0.512476,0.384390,1.647168,1.546012",,,0.450010,6.148932,5.026535,0.804699
2161,314920,381.0,208.93,,2.811203064918518,127.922443151474,136,,"0.512476,0.384390,1.647168,1.546012",,,0.450010,6.148932,5.026535,0.804699
2162,315169,249.0,209.96,,2.811203064918518,127.922443151474,136,,"0.512476,0.384390,1.647168,1.546012",,,0.450010,6.148932,5.026535,0.804699
2163,315449,280.0,211.29,,2.811203064918518,127.922443151474,136,,"0.512476,0.384390,1.647168,1.546012",,,0.450010,6.148932,5.026535,0.804699
2164,315696,247.0,212.12,,2.811203064918518,127.922443151474,136,,"0.512476,0.384390,1.647168,1.546012",,,0.450010,6.148932,5.026535,0.804699
2165,315901,205.0,212.75,,2.811203064918518,127.922443151474,136,,"0.512476,0.384390,1.647168,1.546012",,,0.450010,6.148932,5.026535,0.804699
2166,316256,355.0,214.81,,2.811203064918518,127.922443151474,136,,"0.512476,0.384390,1.647168,1.546012",,,0.450010,6.148932,5.026535,0.804699
2167,316591,335.0,216.45,,2.811203064918518,127.922443151474,136,,"0.512476,0.384390,1.647168,1.546012",,,0.450010,6.148932,5.026535,0.804699
2168,316829,238.0,217.36,,2.811203064918518,127.922443151474,136,,"0.512476,0.384390,1.647168,1.546012",,,0.450010,6.148932,5.026535,0.804699
2169,317073,244.0,218.28,,2.811203064918518,127.922443151474,136,,"0.512476,0.384390,1.647168,1.546012",,,0.450010,6.148932,5.026535,0.804699
2170,317370,297.0,219.87,,2.811203064918518,127.922443151474,136,,"0.512476,0.384390,1.647168,1.546012",,,0.450010,6.148932,5.026535,0.804699
2171,317572,202.0,220.17,,2.811203064918518,127.922443151474,136,,"0.512476,0.384390,1.647168,1.546012",,,0.450010,6.148932,5.026535,0.804699
2172,317766,194.0,220.43,,2.811203064918518,127.922443151474,136,,"0.512476,0.384390,1.647168,1.546012",,,0.450010,6.148932,5.026535,0.804699
2173,318055,289.0,221.91,,2.811203064918518,127.922443151474,136,,"0.512476,0.384390,1.647168,1.546012",,,0.450010,6.148932,5.026535,0.804699
2174,318354,299.0,223.39,,2.811203064918518,127.922443151474,136,,"0.512476,0.384390,1.647168,1.546012",,,0.450010,6.148932,5.026535,0.804699
2175,318746,392.0,225.82,,2.811203064918518,127.922443151474,136,,"0.512476,0.384390,1.647168,1.546012",,,0.450010,6.148932,5.026535,0.804699
2176,319227,481.0,229.17,,2.8003322410583498,130.15843987464905,137,,"0.511638,0.383911,1.651229,1.549074",,,0.456413,6.157690,4.873720,0.780165
2177,319477,250.0,230.34,,2.8003322410583498,130.15843987464905,137,,"0.511638,0.383911,1.651229,1.549074",,,0.456413,6.157690,4.873720,0.780165
2178,319899,422.0,232.69,,2.8003322410583498,130.15843987464905,137,,"0.511638,0.383911,1.651229,1.549074",,,0.456413,6.157690,4.873720,0.780165
2179,320308,409.0,235.21,,2.8003322410583498,130.15843987464905,137,,"0.511638,0.383911,1.651229,1.549074",,,0.456413,6.157690,4.873720,0.780165
2180,320557,249.0,236.12,,2.8003322410583498,130.15843987464905,137,,"0.511638,0.383911,1.651229,1.549074",,,0.456413,6.157690,4.873720,0.780165
2181,320902,345.0,237.72,,2.8003322410583498,130.15946292877197,137,,"0.511638,0.383911,1.651229,1.549074",,,0.456413,6.157690,4.873720,0.780165
2182,321327,425.0,240.12,,2.8003322410583498,130.15946292877197,137,,"0.511638,0.383911,1.651229,1.549074",,,0.456413,6.157690,4.873720,0.780165
2183,321568,241.0,240.93,,2.8003322410583498,130.15946292877197,137,,"0.511638,0.383911,1.651229,1.549074",,,0.456413,6.157690,4.873720,0.780165
2184,322068,500.0,243.82,,2.8003322410583498,130.15946292877197,137,,"0.511638,0.383911,1.651229,1.549074",,,0.456413,6.157690,4.873720,0.780165
2185,322411,343.0,245.77,,2.8003322410583498,130.15946292877197,137,,"0.511638,0.383911,1.651229,1.549074",,,0.456413,6.157690,4.873720,0.780165
2186,322762,351.0,247.39,,2.8003322410583498,130.15946292877197,137,,"0.511638,0.383911,1.651229,1.549074",,,0.456413,6.157690,4.873720,0.780165
2187,323059,297.0,248.85,,2.8003322410583498,130.15946292877197,137,,"0.511638,0.383911,1.651229,1.549074",,,0.456413,6.157690,4.873720,0.780165
2188,323351,292.0,250.22,,2.8003322410583498,130.15946292877197,137,,"0.511638,0.383911,1.651229,1.549074",,,0.456413,6.157690,4.873720,0.780165
2189,323651,300.0,251.42,,2.8003322410583498,130.15946292877197,137,,"0.511638,0.383911,1.651229,1.549074",,,0.456413,6.157690,4.873720,0.780165
2190,324151,500.0,254.98,,2.8003322410583498,130.15946292877197,137,,"0.511638,0.383911,1.651229,1.549074",,,0.456413,6.157690,4.873720,0.780165
2191,324478,327.0,256.57,,2.8003322410583498,130.15946292877197,137,,"0.511638,0.383911,1.651229,1.549074",,,0.456413,6.157690,4.873720,0.780165
2192,324835,357.0,258.45,,2.7814059972763063,132.4683701992035,138,,"0.510779,0.383470,1.654862,1.552123",,,0.450230,6.166730,4.359108,0.772043
2193,325335,500.0,261.88,,2.7814059972763063,132.4683701992035,138,,"0.510779,0.383470,1.654862,1.552123",,,0.450230,6.166730,4.359108,0.772043
2194,325835,500.0,265.05,,2.7814059972763063,132.4683701992035,138,,"0.510779,0.383470,1.654862,1.552123",,,0.450230,6.166730,4.359108,0.772043
2195,326262,427.0,267.87,,2.7814059972763063,132.4683701992035,138,,"0.510779,0.383470,1.654862,1.552123",,,0.450230,6.166730,4.359108,0.772043
2196,326762,500.0,270.85,,2.7814059972763063,132.4683701992035,138,,"0.510779,0.383470,1.654862,1.552123",,,0.450230,6.166730,4.359108,0.772043
2197,327262,500.0,273.89,,2.7814059972763063,132.4693706035614,138,,"0.510779,0.383470,1.654862,1.552123",,,0.450230,6.166730,4.359108,0.772043
2198,327535,273.0,274.43,,2.7814059972763063,132.4693706035614,138,,"0.510779,0.383470,1.654862,1.552123",,,0.450230,6.166730,4.359108,0.772043
2199,327903,368.0,276.52,,2.7814059972763063,132.4693706035614,138,,"0.510779,0.383470,1.654862,1.552123",500.0,0.0,0.450230,6.166730,4.359108,0.772043
2200,328403,500.0,279.9,,2.7814059972763063,132.4703197479248,138,,"0.510779,0.383470,1.654862,1.552123",,,0.450230,6.166730,4.359108,0.772043
2201,328903,500.0,283.05,,2.7814059972763063,132.4703197479248,138,,"0.510779,0.383470,1.654862,1.552123",,,0.450230,6.166730,4.359108,0.772043
2202,329265,362.0,284.63,,2.7814059972763063,132.4703197479248,138,,"0.510779,0.383470,1.654862,1.552123",,,0.450230,6.166730,4.359108,0.772043
2203,329689,424.0,286.91,,2.7814059972763063,132.4703197479248,138,,"0.510779,0.383470,1.654862,1.552123",,,0.450230,6.166730,4.359108,0.772043
2204,330189,500.0,290.36,,2.7814059972763063,132.4703197479248,138,,"0.510779,0.383470,1.654862,1.552123",,,0.450230,6.166730,4.359108,0.772043
2205,330689,500.0,293.85,,2.7814059972763063,132.4703197479248,138,,"0.510779,0.383470,1.654862,1.552123",,,0.450230,6.166730,4.359108,0.772043
2206,331189,500.0,297.02,,2.7814059972763063,132.4703197479248,138,,"0.510779,0.383470,1.654862,1.552123",,,0.450230,6.166730,4.359108,0.772043
2207,331536,347.0,298.48,,2.7814059972763063,132.4703197479248,138,,"0.510779,0.383470,1.654862,1.552123",,,0.450230,6.166730,4.359108,0.772043
2208,332036,500.0,301.79,,2.7672662353515625,134.6878113746643,139,,"0.510022,0.383105,1.658151,1.554981",,,0.445748,6.175472,4.361983,0.703857
2209,332391,355.0,303.16,,2.7672662353515625,134.6878113746643,139,,"0.510022,0.383105,1.658151,1.554981",,,0.445748,6.175472,4.361983,0.703857
2210,332724,333.0,304.87,,2.7672662353515625,134.6878113746643,139,,"0.510022,0.383105,1.658151,1.554981",,,0.445748,6.175472,4.361983,0.703857
2211,333224,500.0,308.13,,2.7672662353515625,134.6878113746643,139,,"0.510022,0.383105,1.658151,1.554981",,,0.445748,6.175472,4.361983,0.703857
2212,333659,435.0,309.83,,2.7672662353515625,134.6878113746643,139,,"0.510022,0.383105,1.658151,1.554981",,,0.445748,6.175472,4.361983,0.703857
2213,333963,304.0,310.51,,2.7672662353515625,134.6878113746643,139,,"0.510022,0.383105,1.658151,1.554981",,,0.445748,6.175472,4.361983,0.703857
2214,334463,500.0,313.28,,2.7672662353515625,134.6878113746643,139,,"0.510022,0.383105,1.658151,1.554981",,,0.445748,6.175472,4.361983,0.703857
2215,334963,500.0,315.68,,2.7672662353515625,134.6878113746643,139,,"0.510022,0.383105,1.658151,1.554981",,,0.445748,6.175472,4.361983,0.703857
2216,335463,500.0,318.66,,2.7672662353515625,134.6878113746643,139,,"0.510022,0.383105,1.658151,1.554981",,,0.445748,6.175472,4.361983,0.703857
2217,335780,317.0,320.01,,2.7672662353515625,134.6878113746643,139,,"0.510022,0.383105,1.658151,1.554981",,,0.445748,6.175472,4.361983,0.703857
2218,336280,500.0,322.82,,2.7672662353515625,134.6878113746643,139,,"0.510022,0.383105,1.658151,1.554981",,,0.445748,6.175472,4.361983,0.703857
2219,336780,500.0,325.51,,2.7672662353515625,134.6878113746643,139,,"0.510022,0.383105,1.658151,1.554981",,,0.445748,6.175472,4.361983,0.703857
2220,337280,500.0,328.38,,2.7672662353515625,134.6878113746643,139,,"0.510022,0.383105,1.658151,1.554981",,,0.445748,6.175472,4.361983,0.703857
2221,337780,500.0,331.07,,2.7672662353515625,134.6878113746643,139,,"0.510022,0.383105,1.658151,1.554981",,,0.445748,6.175472,4.361983,0.703857
2222,338086,306.0,332.23,,2.7672662353515625,134.6878113746643,139,,"0.510022,0.383105,1.658151,1.554981",,,0.445748,6.175472,4.361983,0.703857
2223,338586,500.0,335.24,,2.7672662353515625,134.6878113746643,139,,"0.510022,0.383105,1.658151,1.554981",,,0.445748,6.175472,4.361983,0.703857
2224,338912,326.0,336.4,,2.7505365562438966,136.97177982330322,140,,"0.509248,0.382800,1.661104,1.557763",,,0.437413,6.183995,4.248552,0.374834
2225,339412,500.0,339.52,,2.7505365562438966,136.97177982330322,140,,"0.509248,0.382800,1.661104,1.557763",,,0.437413,6.183995,4.248552,0.374834
2226,339702,290.0,340.53,,2.7505365562438966,136.97177982330322,140,,"0.509248,0.382800,1.661104,1.557763",,,0.437413,6.183995,4.248552,0.374834
2227,340202,500.0,343.79,,2.7505365562438966,136.97177982330322,140,,"0.509248,0.382800,1.661104,1.557763",,,0.437413,6.183995,4.248552,0.374834
2228,340702,500.0,346.57,,2.7505365562438966,136.97177982330322,140,,"0.509248,0.382800,1.661104,1.557763",,,0.437413,6.183995,4.248552,0.374834
2229,341202,500.0,349.52,,2.7505365562438966,136.97177982330322,140,,"0.509248,0.382800,1.661104,1.557763",,,0.437413,6.183995,4.248552,0.374834
2230,341585,383.0,351.46,,2.7505365562438966,136.97177982330322,140,,"0.509248,0.382800,1.661104,1.557763",,,0.437413,6.183995,4.248552,0.374834
2231,341830,245.0,351.23,,2.7505365562438966,136.97177982330322,140,,"0.509248,0.382800,1.661104,1.557763",,,0.437413,6.183995,4.248552,0.374834
2232,342330,500.0,354.0,,2.7505365562438966,136.97177982330322,140,,"0.509248,0.382800,1.661104,1.557763",,,0.437413,6.183995,4.248552,0.374834
2233,342677,347.0,355.3,,2.7505365562438966,136.97177982330322,140,,"0.509248,0.382800,1.661104,1.557763",,,0.437413,6.183995,4.248552,0.374834
2234,343177,500.0,358.31,,2.7505365562438966,136.97177982330322,140,,"0.509248,0.382800,1.661104,1.557763",,,0.437413,6.183995,4.248552,0.374834
2235,343677,500.0,361.39,,2.7505365562438966,136.97177982330322,140,,"0.509248,0.382800,1.661104,1.557763",,,0.437413,6.183995,4.248552,0.374834
2236,344177,500.0,364.25,,2.7505365562438966,136.97177982330322,140,,"0.509248,0.382800,1.661104,1.557763",,,0.437413,6.183995,4.248552,0.374834
2237,344677,500.0,367.54,,2.7505365562438966,136.97177982330322,140,,"0.509248,0.382800,1.661104,1.557763",,,0.437413,6.183995,4.248552,0.374834
2238,344997,320.0,368.52,,2.7505365562438966,136.97177982330322,140,,"0.509248,0.382800,1.661104,1.557763",,,0.437413,6.183995,4.248552,0.374834
2239,345497,500.0,370.98,,2.7505365562438966,136.97177982330322,140,,"0.509248,0.382800,1.661104,1.557763",,,0.437413,6.183995,4.248552,0.374834
2240,345713,216.0,371.23,,2.7474459409713745,139.18570494651794,141,,"0.507123,0.383056,1.663746,1.560237",,,0.436739,6.191508,5.157674,0.449890
2241,345940,227.0,369.83,,2.7474459409713745,139.18570494651794,141,,"0.507123,0.383056,1.663746,1.560237",,,0.436739,6.191508,5.157674,0.449890
2242,346417,477.0,372.47,,2.7474459409713745,139.18570494651794,141,,"0.507123,0.383056,1.663746,1.560237",,,0.436739,6.191508,5.157674,0.449890
2243,346754,337.0,373.73,,2.7474459409713745,139.1862461566925,141,,"0.507123,0.383056,1.663746,1.560237",,,0.436739,6.191508,5.157674,0.449890
2244,346968,214.0,373.47,,2.7474459409713745,139.1862461566925,141,,"0.507123,0.383056,1.663746,1.560237",,,0.436739,6.191508,5.157674,0.449890
2245,347274,306.0,374.39,,2.7474459409713745,139.1862461566925,141,,"0.507123,0.383056,1.663746,1.560237",,,0.436739,6.191508,5.157674,0.449890
2246,347602,328.0,375.04,,2.7474459409713745,139.1862461566925,141,,"0.507123,0.383056,1.663746,1.560237",,,0.436739,6.191508,5.157674,0.449890
2247,347967,365.0,376.3,,2.7474459409713745,139.1862461566925,141,,"0.507123,0.383056,1.663746,1.560237",,,0.436739,6.191508,5.157674,0.449890
2248,348245,278.0,375.57,,2.7474459409713745,139.1862461566925,141,,"0.507123,0.383056,1.663746,1.560237",,,0.436739,6.191508,5.157674,0.449890
2249,348539,294.0,374.98,,2.7474459409713745,139.1862461566925,141,,"0.507123,0.383056,1.663746,1.560237",500.0,0.0,0.436739,6.191508,5.157674,0.449890
2250,348797,258.0,372.74,,2.7474459409713745,139.1862461566925,141,,"0.507123,0.383056,1.663746,1.560237",,,0.436739,6.191508,5.157674,0.449890
2251,349099,302.0,373.14,,2.7474459409713745,139.1862461566925,141,,"0.507123,0.383056,1.663746,1.560237",,,0.436739,6.191508,5.157674,0.449890
2252,349413,314.0,373.55,,2.7474459409713745,139.1862461566925,141,,"0.507123,0.383056,1.663746,1.560237",,,0.436739,6.191508,5.157674,0.449890
2253,349913,500.0,375.97,,2.7474459409713745,139.1862461566925,141,,"0.507123,0.383056,1.663746,1.560237",,,0.436739,6.191508,5.157674,0.449890
2254,350274,361.0,376.68,,2.7474459409713745,139.1862461566925,141,,"0.507123,0.383056,1.663746,1.560237",,,0.436739,6.191508,5.157674,0.449890
2255,350724,450.0,378.55,,2.7474459409713745,139.1862461566925,141,,"0.507123,0.383056,1.663746,1.560237",,,0.436739,6.191508,5.157674,0.449890
2256,351028,304.0,376.79,,2.7429898262023924,141.3349633216858,142,,"0.505022,0.383344,1.666097,1.563643",,,0.436360,6.203217,5.024981,0.501496
2257,351352,324.0,377.14,,2.7429898262023924,141.3349633216858,142,,"0.505022,0.383344,1.666097,1.563643",,,0.436360,6.203217,5.024981,0.501496
2258,351710,358.0,378.44,,2.7429898262023924,141.3349633216858,142,,"0.505022,0.383344,1.666097,1.563643",,,0.436360,6.203217,5.024981,0.501496
2259,352021,311.0,377.92,,2.7429898262023924,141.3349633216858,142,,"0.505022,0.383344,1.666097,1.563643",,,0.436360,6.203217,5.024981,0.501496
2260,352231,210.0,376.92,,2.7429898262023924,141.3349633216858,142,,"0.505022,0.383344,1.666097,1.563643",,,0.436360,6.203217,5.024981,0.501496
2261,352495,264.0,375.75,,2.7429898262023924,141.3349633216858,142,,"0.505022,0.383344,1.666097,1.563643",,,0.436360,6.203217,5.024981,0.501496
2262,352981,486.0,378.12,,2.7429898262023924,141.3349633216858,142,,"0.505022,0.383344,1.666097,1.563643",,,0.436360,6.203217,5.024981,0.501496
2263,353245,264.0,377.96,,2.7429898262023924,141.3349633216858,142,,"0.505022,0.383344,1.666097,1.563643",,,0.436360,6.203217,5.024981,0.501496
2264,353529,284.0,378.33,,2.7429898262023924,141.3349633216858,142,,"0.505022,0.383344,1.666097,1.563643",,,0.436360,6.203217,5.024981,0.501496
2265,354029,500.0,381.28,,2.7429898262023924,141.3349633216858,142,,"0.505022,0.383344,1.666097,1.563643",,,0.436360,6.203217,5.024981,0.501496
2266,354281,252.0,380.25,,2.7429898262023924,141.3349633216858,142,,"0.505022,0.383344,1.666097,1.563643",,,0.436360,6.203217,5.024981,0.501496
2267,354713,432.0,381.22,,2.7429898262023924,141.3349633216858,142,,"0.505022,0.383344,1.666097,1.563643",,,0.436360,6.203217,5.024981,0.501496
2268,354952,239.0,381.23,,2.7429898262023924,141.3359637260437,142,,"0.505022,0.383344,1.666097,1.563643",,,0.436360,6.203217,5.024981,0.501496
2269,355321,369.0,382.48,,2.7429898262023924,141.3359637260437,142,,"0.505022,0.383344,1.666097,1.563643",,,0.436360,6.203217,5.024981,0.501496
2270,355757,436.0,383.87,,2.7429898262023924,141.3359637260437,142,,"0.505022,0.383344,1.666097,1.563643",,,0.436360,6.203217,5.024981,0.501496
2271,356023,266.0,384.51,,2.7429898262023924,141.3359637260437,142,,"0.505022,0.383344,1.666097,1.563643",,,0.436360,6.203217,5.024981,0.501496
2272,356235,212.0,384.69,,2.742757296562195,143.60470390319824,143,,"0.503112,0.383580,1.668228,1.566433",,,0.431206,6.212048,5.039892,0.566397
2273,356735,500.0,386.8,,2.742757296562195,143.60470390319824,143,,"0.503112,0.383580,1.668228,1.566433",,,0.431206,6.212048,5.039892,0.566397
2274,356952,217.0,385.98,,2.742757296562195,143.60570430755615,143,,"0.503112,0.383580,1.668228,1.566433",,,0.431206,6.212048,5.039892,0.566397
2275,357278,326.0,385.32,,2.742757296562195,143.60570430755615,143,,"0.503112,0.383580,1.668228,1.566433",,,0.431206,6.212048,5.039892,0.566397
2276,357508,230.0,382.81,,2.742757296562195,143.60570430755615,143,,"0.503112,0.383580,1.668228,1.566433",,,0.431206,6.212048,5.039892,0.566397
2277,357794,286.0,383.17,,2.742757296562195,143.60570430755615,143,,"0.503112,0.383580,1.668228,1.566433",,,0.431206,6.212048,5.039892,0.566397
2278,358000,206.0,381.01,,2.742757296562195,143.60570430755615,143,,"0.503112,0.383580,1.668228,1.566433",,,0.431206,6.212048,5.039892,0.566397
2279,358285,285.0,379.77,,2.742757296562195,143.60570430755615,143,,"0.503112,0.383580,1.668228,1.566433",,,0.431206,6.212048,5.039892,0.566397
2280,358486,201.0,379.29,,2.742757296562195,143.60570430755615,143,,"0.503112,0.383580,1.668228,1.566433",,,0.431206,6.212048,5.039892,0.566397
2281,358718,232.0,378.16,,2.742757296562195,143.60570430755615,143,,"0.503112,0.383580,1.668228,1.566433",,,0.431206,6.212048,5.039892,0.566397
2282,359207,489.0,378.8,,2.742757296562195,143.60570430755615,143,,"0.503112,0.383580,1.668228,1.566433",,,0.431206,6.212048,5.039892,0.566397
2283,359549,342.0,379.81,,2.742757296562195,143.60570430755615,143,,"0.503112,0.383580,1.668228,1.566433",,,0.431206,6.212048,5.039892,0.566397
2284,359843,294.0,377.75,,2.742757296562195,143.60570430755615,143,,"0.503112,0.383580,1.668228,1.566433",,,0.431206,6.212048,5.039892,0.566397
2285,360094,251.0,376.83,,2.742757296562195,143.60570430755615,143,,"0.503112,0.383580,1.668228,1.566433",,,0.431206,6.212048,5.039892,0.566397
2286,360360,266.0,375.98,,2.742757296562195,143.60570430755615,143,,"0.503112,0.383580,1.668228,1.566433",,,0.431206,6.212048,5.039892,0.566397
2287,360676,316.0,376.17,,2.742757296562195,143.60570430755615,143,,"0.503112,0.383580,1.668228,1.566433",,,0.431206,6.212048,5.039892,0.566397
2288,361000,324.0,376.49,,2.750462603569031,145.16958618164062,144,,"0.500885,0.384135,1.669858,1.569039",,,0.434775,6.218992,5.321345,0.567006
2289,361200,200.0,375.49,,2.750462603569031,145.16958618164062,144,,"0.500885,0.384135,1.669858,1.569039",,,0.434775,6.218992,5.321345,0.567006
2290,361420,220.0,372.69,,2.750462603569031,145.16958618164062,144,,"0.500885,0.384135,1.669858,1.569039",,,0.434775,6.218992,5.321345,0.567006
2291,361649,229.0,371.71,,2.750462603569031,145.16958618164062,144,,"0.500885,0.384135,1.669858,1.569039",,,0.434775,6.218992,5.321345,0.567006
2292,361984,335.0,371.49,,2.750462603569031,145.16958618164062,144,,"0.500885,0.384135,1.669858,1.569039",,,0.434775,6.218992,5.321345,0.567006
2293,362176,192.0,368.41,,2.750462603569031,145.16958618164062,144,,"0.500885,0.384135,1.669858,1.569039",,,0.434775,6.218992,5.321345,0.567006
2294,362464,288.0,366.29,,2.750462603569031,145.16958618164062,144,,"0.500885,0.384135,1.669858,1.569039",,,0.434775,6.218992,5.321345,0.567006
2295,362724,260.0,364.62,,2.750462603569031,145.16958618164062,144,,"0.500885,0.384135,1.669858,1.569039",,,0.434775,6.218992,5.321345,0.567006
2296,362955,231.0,361.93,,2.750462603569031,145.16958618164062,144,,"0.500885,0.384135,1.669858,1.569039",,,0.434775,6.218992,5.321345,0.567006
2297,363209,254.0,359.47,,2.750462603569031,145.16958618164062,144,,"0.500885,0.384135,1.669858,1.569039",,,0.434775,6.218992,5.321345,0.567006
2298,363373,164.0,358.38,,2.750462603569031,145.16958618164062,144,,"0.500885,0.384135,1.669858,1.569039",,,0.434775,6.218992,5.321345,0.567006
2299,363585,212.0,356.82,,2.750462603569031,145.16958618164062,144,,"0.500885,0.384135,1.669858,1.569039",500.0,0.0,0.434775,6.218992,5.321345,0.567006
2300,363821,236.0,354.18,,2.750462603569031,145.16958618164062,144,,"0.500885,0.384135,1.669858,1.569039",,,0.434775,6.218992,5.321345,0.567006
2301,364093,272.0,351.9,,2.750462603569031,145.16958618164062,144,,"0.500885,0.384135,1.669858,1.569039",,,0.434775,6.218992,5.321345,0.567006
2302,364409,316.0,351.44,,2.750462603569031,145.16958618164062,144,,"0.500885,0.384135,1.669858,1.569039",,,0.434775,6.218992,5.321345,0.567006
2303,364655,246.0,349.66,,2.750462603569031,145.16958618164062,144,,"0.500885,0.384135,1.669858,1.569039",,,0.434775,6.218992,5.321345,0.567006
2304,364993,338.0,348.04,,2.7564222955703737,146.73971462249756,145,,"0.497236,0.385136,1.671445,1.571887",,,0.434631,6.228616,4.997412,0.631105
2305,365271,278.0,345.82,,2.7564222955703737,146.73971462249756,145,,"0.497236,0.385136,1.671445,1.571887",,,0.434631,6.228616,4.997412,0.631105
2306,365620,349.0,344.31,,2.7564222955703737,146.73971462249756,145,,"0.497236,0.385136,1.671445,1.571887",,,0.434631,6.228616,4.997412,0.631105
2307,365844,224.0,343.08,,2.7564222955703737,146.73971462249756,145,,"0.497236,0.385136,1.671445,1.571887",,,0.434631,6.228616,4.997412,0.631105
2308,366068,224.0,340.32,,2.7564222955703737,146.73971462249756,145,,"0.497236,0.385136,1.671445,1.571887",,,0.434631,6.228616,4.997412,0.631105
2309,366366,298.0,339.75,,2.7564222955703737,146.73971462249756,145,,"0.497236,0.385136,1.671445,1.571887",,,0.434631,6.228616,4.997412,0.631105
2310,366658,292.0,339.34,,2.7564222955703737,146.73971462249756,145,,"0.497236,0.385136,1.671445,1.571887",,,0.434631,6.228616,4.997412,0.631105
2311,366958,300.0,337.34,,2.7564222955703737,146.73971462249756,145,,"0.497236,0.385136,1.671445,1.571887",,,0.434631,6.228616,4.997412,0.631105
2312,367200,242.0,335.41,,2.7564222955703737,146.73971462249756,145,,"0.497236,0.385136,1.671445,1.571887",,,0.434631,6.228616,4.997412,0.631105
2313,367407,207.0,334.44,,2.7564222955703737,146.73971462249756,145,,"0.497236,0.385136,1.671445,1.571887",,,0.434631,6.228616,4.997412,0.631105
2314,367687,280.0,332.24,,2.7564222955703737,146.73971462249756,145,,"0.497236,0.385136,1.671445,1.571887",,,0.434631,6.228616,4.997412,0.631105
2315,367920,233.0,329.57,,2.7564222955703737,146.73971462249756,145,,"0.497236,0.385136,1.671445,1.571887",,,0.434631,6.228616,4.997412,0.631105
2316,368107,187.0,326.44,,2.7564222955703737,146.73971462249756,145,,"0.497236,0.385136,1.671445,1.571887",,,0.434631,6.228616,4.997412,0.631105
2317,368371,264.0,325.91,,2.7564222955703737,146.73971462249756,145,,"0.497236,0.385136,1.671445,1.571887",,,0.434631,6.228616,4.997412,0.631105
2318,368731,360.0,324.51,,2.7564222955703737,146.73971462249756,145,,"0.497236,0.385136,1.671445,1.571887",,,0.434631,6.228616,4.997412,0.631105
2319,368997,266.0,322.17,,2.7564222955703737,146.73971462249756,145,,"0.497236,0.385136,1.671445,1.571887",,,0.434631,6.228616,4.997412,0.631105
2320,369258,261.0,319.78,,2.7670127725601197,148.0336675643921,146,,"0.496779,0.384726,1.673346,1.576065",,,0.433163,6.244459,5.218245,0.630296
2321,369542,284.0,317.62,,2.7670127725601197,148.0336675643921,146,,"0.496779,0.384726,1.673346,1.576065",,,0.433163,6.244459,5.218245,0.630296
2322,369764,222.0,316.78,,2.7670127725601197,148.0336675643921,146,,"0.496779,0.384726,1.673346,1.576065",,,0.433163,6.244459,5.218245,0.630296
2323,369961,197.0,313.75,,2.7670127725601197,148.0336675643921,146,,"0.496779,0.384726,1.673346,1.576065",,,0.433163,6.244459,5.218245,0.630296
2324,370204,243.0,312.92,,2.7670127725601197,148.0336675643921,146,,"0.496779,0.384726,1.673346,1.576065",,,0.433163,6.244459,5.218245,0.630296
2325,370462,258.0,310.5,,2.7670127725601197,148.0336675643921,146,,"0.496779,0.384726,1.673346,1.576065",,,0.433163,6.244459,5.218245,0.630296
2326,370652,190.0,309.5,,2.7670127725601197,148.0336675643921,146,,"0.496779,0.384726,1.673346,1.576065",,,0.433163,6.244459,5.218245,0.630296
2327,370891,239.0,306.89,,2.7670127725601197,148.0336675643921,146,,"0.496779,0.384726,1.673346,1.576065",,,0.433163,6.244459,5.218245,0.630296
2328,371110,219.0,304.08,,2.7670127725601197,148.0336675643921,146,,"0.496779,0.384726,1.673346,1.576065",,,0.433163,6.244459,5.218245,0.630296
2329,371347,237.0,301.45,,2.7670127725601197,148.0336675643921,146,,"0.496779,0.384726,1.673346,1.576065",,,0.433163,6.244459,5.218245,0.630296
2330,371604,257.0,300.19,,2.7670127725601197,148.0336675643921,146,,"0.496779,0.384726,1.673346,1.576065",,,0.433163,6.244459,5.218245,0.630296
2331,371810,206.0,299.8,,2.7670127725601197,148.0336675643921,146,,"0.496779,0.384726,1.673346,1.576065",,,0.433163,6.244459,5.218245,0.630296
2332,372031,221.0,297.01,,2.7670127725601197,148.0336675643921,146,,"0.496779,0.384726,1.673346,1.576065",,,0.433163,6.244459,5.218245,0.630296
2333,372212,181.0,295.35,,2.7670127725601197,148.0336675643921,146,,"0.496779,0.384726,1.673346,1.576065",,,0.433163,6.244459,5.218245,0.630296
2334,372424,212.0,292.47,,2.7670127725601197,148.0336675643921,146,,"0.496779,0.384726,1.673346,1.576065",,,0.433163,6.244459,5.218245,0.630296
2335,372709,285.0,290.32,,2.7670127725601197,148.0336675643921,146,,"0.496779,0.384726,1.673346,1.576065",,,0.433163,6.244459,5.218245,0.630296
2336,372945,236.0,287.68,,2.7814720106124877,149.25622868537903,147,,"0.497840,0.382788,1.676234,1.579970",,,0.430957,6.263065,5.453238,0.614597
2337,373165,220.0,284.88,,2.7814720106124877,149.25722861289978,147,,"0.497840,0.382788,1.676234,1.579970",,,0.430957,6.263065,5.453238,0.614597
2338,373361,196.0,283.64,,2.7814720106124877,149.25722861289978,147,,"0.497840,0.382788,1.676234,1.579970",,,0.430957,6.263065,5.453238,0.614597
2339,373581,220.0,280.84,,2.7814720106124877,149.25722861289978,147,,"0.497840,0.382788,1.676234,1.579970",,,0.430957,6.263065,5.453238,0.614597
2340,373784,203.0,280.71,,2.7814720106124877,149.25722861289978,147,,"0.497840,0.382788,1.676234,1.579970",,,0.430957,6.263065,5.453238,0.614597
2341,374057,273.0,281.17,,2.7814720106124877,149.25722861289978,147,,"0.497840,0.382788,1.676234,1.579970",,,0.430957,6.263065,5.453238,0.614597
2342,374261,204.0,278.44,,2.7814720106124877,149.25722861289978,147,,"0.497840,0.382788,1.676234,1.579970",,,0.430957,6.263065,5.453238,0.614597
2343,374469,208.0,277.15,,2.7814720106124877,149.25722861289978,147,,"0.497840,0.382788,1.676234,1.579970",,,0.430957,6.263065,5.453238,0.614597
2344,374652,183.0,276.84,,2.7814720106124877,149.25722861289978,147,,"0.497840,0.382788,1.676234,1.579970",,,0.430957,6.263065,5.453238,0.614597
2345,374858,206.0,275.84,,2.7814720106124877,149.25722861289978,147,,"0.497840,0.382788,1.676234,1.579970",,,0.430957,6.263065,5.453238,0.614597
2346,375132,274.0,275.3,,2.7814720106124877,149.25722861289978,147,,"0.497840,0.382788,1.676234,1.579970",,,0.430957,6.263065,5.453238,0.614597
2347,375372,240.0,274.05,,2.7814720106124877,149.25722861289978,147,,"0.497840,0.382788,1.676234,1.579970",,,0.430957,6.263065,5.453238,0.614597
2348,375587,215.0,273.42,,2.7814720106124877,149.25722861289978,147,,"0.497840,0.382788,1.676234,1.579970",,,0.430957,6.263065,5.453238,0.614597
2349,375781,194.0,272.42,,2.7814720106124877,149.25722861289978,147,,"0.497840,0.382788,1.676234,1.579970",500.0,0.0,0.430957,6.263065,5.453238,0.614597
2350,375979,198.0,271.82,,2.7814720106124877,149.25722861289978,147,,"0.497840,0.382788,1.676234,1.579970",,,0.430957,6.263065,5.453238,0.614597
2351,376193,214.0,270.94,,2.7814720106124877,149.25722861289978,147,,"0.497840,0.382788,1.676234,1.579970",,,0.430957,6.263065,5.453238,0.614597
2352,376415,222.0,270.02,,2.7941439533233643,150.84493160247803,148,,"0.498190,0.381228,1.678993,1.584218",,,0.430215,6.283221,5.080800,0.663838
2353,376633,218.0,267.2,,2.7941439533233643,150.84493160247803,148,,"0.498190,0.381228,1.678993,1.584218",,,0.430215,6.283221,5.080800,0.663838
2354,376846,213.0,265.72,,2.7941439533233643,150.84493160247803,148,,"0.498190,0.381228,1.678993,1.584218",,,0.430215,6.283221,5.080800,0.663838
2355,377138,292.0,264.14,,2.7941439533233643,150.84493160247803,148,,"0.498190,0.381228,1.678993,1.584218",,,0.430215,6.283221,5.080800,0.663838
2356,377348,210.0,263.2,,2.7941439533233643,150.84493160247803,148,,"0.498190,0.381228,1.678993,1.584218",,,0.430215,6.283221,5.080800,0.663838
2357,377568,220.0,262.16,,2.7941439533233643,150.84493160247803,148,,"0.498190,0.381228,1.678993,1.584218",,,0.430215,6.283221,5.080800,0.663838
2358,377788,220.0,260.78,,2.7941439533233643,150.84593391418457,148,,"0.498190,0.381228,1.678993,1.584218",,,0.430215,6.283221,5.080800,0.663838
2359,378127,339.0,261.06,,2.7941439533233643,150.84593391418457,148,,"0.498190,0.381228,1.678993,1.584218",,,0.430215,6.283221,5.080800,0.663838
2360,378383,256.0,261.52,,2.7941439533233643,150.84593391418457,148,,"0.498190,0.381228,1.678993,1.584218",,,0.430215,6.283221,5.080800,0.663838
2361,378581,198.0,260.86,,2.7941439533233643,150.84593391418457,148,,"0.498190,0.381228,1.678993,1.584218",,,0.430215,6.283221,5.080800,0.663838
2362,378856,275.0,258.75,,2.7941439533233643,150.84593391418457,148,,"0.498190,0.381228,1.678993,1.584218",,,0.430215,6.283221,5.080800,0.663838
2363,379063,207.0,258.18,,2.7941439533233643,150.84593391418457,148,,"0.498190,0.381228,1.678993,1.584218",,,0.430215,6.283221,5.080800,0.663838
2364,379248,185.0,257.19,,2.7941439533233643,150.84593391418457,148,,"0.498190,0.381228,1.678993,1.584218",,,0.430215,6.283221,5.080800,0.663838
2365,379460,212.0,254.31,,2.7941439533233643,150.84593391418457,148,,"0.498190,0.381228,1.678993,1.584218",,,0.430215,6.283221,5.080800,0.663838
2366,379686,226.0,254.05,,2.7941439533233643,150.84593391418457,148,,"0.498190,0.381228,1.678993,1.584218",,,0.430215,6.283221,5.080800,0.663838
2367,379930,244.0,252.17,,2.7941439533233643,150.84593391418457,148,,"0.498190,0.381228,1.678993,1.584218",,,0.430215,6.283221,5.080800,0.663838
2368,380150,220.0,251.98,,2.806075248718262,152.41522669792175,149,,"0.497656,0.380203,1.681409,1.586788",,,0.428181,6.295008,4.985507,0.661435
2369,380353,203.0,250.32,,2.806075248718262,152.4162278175354,149,,"0.497656,0.380203,1.681409,1.586788",,,0.428181,6.295008,4.985507,0.661435
2370,380557,204.0,248.0,,2.806075248718262,152.4162278175354,149,,"0.497656,0.380203,1.681409,1.586788",,,0.428181,6.295008,4.985507,0.661435
2371,380833,276.0,248.1,,2.806075248718262,152.4162278175354,149,,"0.497656,0.380203,1.681409,1.586788",,,0.428181,6.295008,4.985507,0.661435
2372,381030,197.0,247.95,,2.806075248718262,152.4162278175354,149,,"0.497656,0.380203,1.681409,1.586788",,,0.428181,6.295008,4.985507,0.661435
2373,381277,247.0,245.42,,2.806075248718262,152.4162278175354,149,,"0.497656,0.380203,1.681409,1.586788",,,0.428181,6.295008,4.985507,0.661435
2374,381471,194.0,245.19,,2.806075248718262,152.4162278175354,149,,"0.497656,0.380203,1.681409,1.586788",,,0.428181,6.295008,4.985507,0.661435
2375,381756,285.0,244.78,,2.806075248718262,152.4162278175354,149,,"0.497656,0.380203,1.681409,1.586788",,,0.428181,6.295008,4.985507,0.661435
2376,382004,248.0,244.96,,2.806075248718262,152.4162278175354,149,,"0.497656,0.380203,1.681409,1.586788",,,0.428181,6.295008,4.985507,0.661435
2377,382234,230.0,244.4,,2.806075248718262,152.4162278175354,149,,"0.497656,0.380203,1.681409,1.586788",,,0.428181,6.295008,4.985507,0.661435
2378,382572,338.0,245.72,,2.806075248718262,152.4162278175354,149,,"0.497656,0.380203,1.681409,1.586788",,,0.428181,6.295008,4.985507,0.661435
2379,382825,253.0,245.4,,2.806075248718262,152.4162278175354,149,,"0.497656,0.380203,1.681409,1.586788",,,0.428181,6.295008,4.985507,0.661435
2380,383066,241.0,245.8,,2.806075248718262,152.4162278175354,149,,"0.497656,0.380203,1.681409,1.586788",,,0.428181,6.295008,4.985507,0.661435
2381,383266,200.0,245.48,,2.806075248718262,152.4162278175354,149,,"0.497656,0.380203,1.681409,1.586788",,,0.428181,6.295008,4.985507,0.661435
2382,383636,370.0,244.29,,2.806075248718262,152.4162278175354,149,,"0.497656,0.380203,1.681409,1.586788",,,0.428181,6.295008,4.985507,0.661435
2383,383843,207.0,242.94,,2.806075248718262,152.4162278175354,149,,"0.497656,0.380203,1.681409,1.586788",,,0.428181,6.295008,4.985507,0.661435
2384,384071,228.0,242.28,,2.818292760848999,153.92182326316833,150,,"0.497812,0.379042,1.683807,1.591287",,,0.429212,6.316573,4.775424,0.683437
2385,384368,297.0,242.74,,2.818292760848999,153.92182326316833,150,,"0.497812,0.379042,1.683807,1.591287",,,0.429212,6.316573,4.775424,0.683437
2386,384614,246.0,242.54,,2.818292760848999,153.92182326316833,150,,"0.497812,0.379042,1.683807,1.591287",,,0.429212,6.316573,4.775424,0.683437
2387,384923,309.0,242.47,,2.818292760848999,153.92182326316833,150,,"0.497812,0.379042,1.683807,1.591287",,,0.429212,6.316573,4.775424,0.683437
2388,385113,190.0,241.13,,2.818292760848999,153.92182326316833,150,,"0.497812,0.379042,1.683807,1.591287",,,0.429212,6.316573,4.775424,0.683437
2389,385351,238.0,241.51,,2.818292760848999,153.92182326316833,150,,"0.497812,0.379042,1.683807,1.591287",,,0.429212,6.316573,4.775424,0.683437
2390,385641,290.0,242.21,,2.818292760848999,153.92182326316833,150,,"0.497812,0.379042,1.683807,1.591287",,,0.429212,6.316573,4.775424,0.683437
2391,385911,270.0,242.62,,2.818292760848999,153.92182326316833,150,,"0.497812,0.379042,1.683807,1.591287",,,0.429212,6.316573,4.775424,0.683437
2392,386158,247.0,241.74,,2.818292760848999,153.92182326316833,150,,"0.497812,0.379042,1.683807,1.591287",,,0.429212,6.316573,4.775424,0.683437
2393,386440,282.0,242.64,,2.818292760848999,153.92182326316833,150,,"0.497812,0.379042,1.683807,1.591287",,,0.429212,6.316573,4.775424,0.683437
2394,386692,252.0,242.28,,2.818292760848999,153.92182326316833,150,,"0.497812,0.379042,1.683807,1.591287",,,0.429212,6.316573,4.775424,0.683437
2395,386926,234.0,242.02,,2.818292760848999,153.92182326316833,150,,"0.497812,0.379042,1.683807,1.591287",,,0.429212,6.316573,4.775424,0.683437
2396,387146,220.0,241.91,,2.818292760848999,153.92182326316833,150,,"0.497812,0.379042,1.683807,1.591287",,,0.429212,6.316573,4.775424,0.683437
2397,387443,297.0,242.34,,2.818292760848999,153.92182326316833,150,,"0.497812,0.379042,1.683807,1.591287",,,0.429212,6.316573,4.775424,0.683437
2398,387682,239.0,243.09,,2.818292760848999,153.92182326316833,150,,"0.497812,0.379042,1.683807,1.591287",,,0.429212,6.316573,4.775424,0.683437
2399,387896,214.0,243.11,,2.818292760848999,153.92182326316833,150,,"0.497812,0.379042,1.683807,1.591287",500.0,0.0,0.429212,6.316573,4.775424,0.683437
2400,388133,237.0,243.12,,2.8220501565933227,155.47394132614136,151,,"0.496469,0.378452,1.686032,1.595512",,,0.429264,6.336411,4.807456,0.674096
2401,388429,296.0,243.36,,2.8220501565933227,155.47394132614136,151,,"0.496469,0.378452,1.686032,1.595512",,,0.429264,6.336411,4.807456,0.674096
2402,388807,378.0,243.98,,2.8220501565933227,155.47394132614136,151,,"0.496469,0.378452,1.686032,1.595512",,,0.429264,6.336411,4.807456,0.674096
2403,389101,294.0,244.46,,2.8220501565933227,155.47394132614136,151,,"0.496469,0.378452,1.686032,1.595512",,,0.429264,6.336411,4.807456,0.674096
2404,389393,292.0,244.0,,2.8220501565933227,155.47394132614136,151,,"0.496469,0.378452,1.686032,1.595512",,,0.429264,6.336411,4.807456,0.674096
2405,389629,236.0,243.58,,2.8220501565933227,155.47394132614136,151,,"0.496469,0.378452,1.686032,1.595512",,,0.429264,6.336411,4.807456,0.674096
2406,389834,205.0,242.14,,2.8220501565933227,155.47394132614136,151,,"0.496469,0.378452,1.686032,1.595512",,,0.429264,6.336411,4.807456,0.674096
2407,390044,210.0,242.0,,2.8220501565933227,155.47394132614136,151,,"0.496469,0.378452,1.686032,1.595512",,,0.429264,6.336411,4.807456,0.674096
2408,390318,274.0,242.5,,2.8220501565933227,155.47394132614136,151,,"0.496469,0.378452,1.686032,1.595512",,,0.429264,6.336411,4.807456,0.674096
2409,390576,258.0,242.1,,2.8220501565933227,155.47394132614136,151,,"0.496469,0.378452,1.686032,1.595512",,,0.429264,6.336411,4.807456,0.674096
2410,390851,275.0,241.93,,2.8220501565933227,155.47394132614136,151,,"0.496469,0.378452,1.686032,1.595512",,,0.429264,6.336411,4.807456,0.674096
2411,391082,231.0,241.24,,2.8220501565933227,155.47394132614136,151,,"0.496469,0.378452,1.686032,1.595512",,,0.429264,6.336411,4.807456,0.674096
2412,391350,268.0,241.5,,2.8220501565933227,155.47394132614136,151,,"0.496469,0.378452,1.686032,1.595512",,,0.429264,6.336411,4.807456,0.674096
2413,391573,223.0,241.66,,2.8220501565933227,155.47394132614136,151,,"0.496469,0.378452,1.686032,1.595512",,,0.429264,6.336411,4.807456,0.674096
2414,391865,292.0,241.78,,2.8220501565933227,155.47394132614136,151,,"0.496469,0.378452,1.686032,1.595512",,,0.429264,6.336411,4.807456,0.674096
2415,392046,181.0,241.26,,2.8220501565933227,155.47394132614136,151,,"0.496469,0.378452,1.686032,1.595512",,,0.429264,6.336411,4.807456,0.674096
2416,392383,337.0,242.76,,2.8089327955245973,156.9206142425537,152,,"0.491725,0.379888,1.687416,1.599881",,,0.426523,6.355870,4.717770,0.708748
2417,392599,216.0,242.28,,2.8089327955245973,156.9206142425537,152,,"0.491725,0.379888,1.687416,1.599881",,,0.426523,6.355870,4.717770,0.708748
2418,392786,187.0,240.55,,2.8089327955245973,156.9206142425537,152,,"0.491725,0.379888,1.687416,1.599881",,,0.426523,6.355870,4.717770,0.708748
2419,393016,230.0,240.19,,2.8089327955245973,156.9206142425537,152,,"0.491725,0.379888,1.687416,1.599881",,,0.426523,6.355870,4.717770,0.708748
2420,393257,241.0,239.99,,2.8089327955245973,156.9206142425537,152,,"0.491725,0.379888,1.687416,1.599881",,,0.426523,6.355870,4.717770,0.708748
2421,393450,193.0,239.08,,2.8089327955245973,156.9206142425537,152,,"0.491725,0.379888,1.687416,1.599881",,,0.426523,6.355870,4.717770,0.708748
2422,393697,247.0,239.33,,2.8089327955245973,156.9206142425537,152,,"0.491725,0.379888,1.687416,1.599881",,,0.426523,6.355870,4.717770,0.708748
2423,393893,196.0,239.32,,2.8089327955245973,156.9206142425537,152,,"0.491725,0.379888,1.687416,1.599881",,,0.426523,6.355870,4.717770,0.708748
2424,394105,212.0,239.01,,2.8089327955245973,156.9206142425537,152,,"0.491725,0.379888,1.687416,1.599881",,,0.426523,6.355870,4.717770,0.708748
2425,394360,255.0,238.98,,2.8089327955245973,156.9206142425537,152,,"0.491725,0.379888,1.687416,1.599881",,,0.426523,6.355870,4.717770,0.708748
2426,394630,270.0,239.78,,2.8089327955245973,156.9206142425537,152,,"0.491725,0.379888,1.687416,1.599881",,,0.426523,6.355870,4.717770,0.708748
2427,394888,258.0,239.97,,2.8089327955245973,156.9206142425537,152,,"0.491725,0.379888,1.687416,1.599881",,,0.426523,6.355870,4.717770,0.708748
2428,395097,209.0,239.87,,2.8089327955245973,156.9206142425537,152,,"0.491725,0.379888,1.687416,1.599881",,,0.426523,6.355870,4.717770,0.708748
2429,395393,296.0,240.46,,2.8089327955245973,156.9206142425537,152,,"0.491725,0.379888,1.687416,1.599881",,,0.426523,6.355870,4.717770,0.708748
2430,395691,298.0,240.87,,2.8089327955245973,156.9206142425537,152,,"0.491725,0.379888,1.687416,1.599881",,,0.426523,6.355870,4.717770,0.708748
2431,395930,239.0,241.2,,2.8089327955245973,156.92161417007446,152,,"0.491725,0.379888,1.687416,1.599881",,,0.426523,6.355870,4.717770,0.708748
2432,396145,215.0,241.14,,2.791292877197266,158.3422076702118,153,,"0.486062,0.381430,1.689104,1.601959",,,0.424791,6.367646,4.662684,0.693508
2433,396363,218.0,241.51,,2.791292877197266,158.3422076702118,153,,"0.486062,0.381430,1.689104,1.601959",,,0.424791,6.367646,4.662684,0.693508
2434,396610,247.0,241.86,,2.791292877197266,158.3422076702118,153,,"0.486062,0.381430,1.689104,1.601959",,,0.424791,6.367646,4.662684,0.693508
2435,396794,184.0,240.85,,2.791292877197266,158.3422076702118,153,,"0.486062,0.381430,1.689104,1.601959",,,0.424791,6.367646,4.662684,0.693508
2436,397042,248.0,240.97,,2.791292877197266,158.3422076702118,153,,"0.486062,0.381430,1.689104,1.601959",,,0.424791,6.367646,4.662684,0.693508
2437,397300,258.0,241.35,,2.791292877197266,158.3422076702118,153,,"0.486062,0.381430,1.689104,1.601959",,,0.424791,6.367646,4.662684,0.693508
2438,397513,213.0,241.52,,2.791292877197266,158.3422076702118,153,,"0.486062,0.381430,1.689104,1.601959",,,0.424791,6.367646,4.662684,0.693508
2439,397792,279.0,242.11,,2.791292877197266,158.3422076702118,153,,"0.486062,0.381430,1.689104,1.601959",,,0.424791,6.367646,4.662684,0.693508
2440,398096,304.0,243.12,,2.791292877197266,158.3422076702118,153,,"0.486062,0.381430,1.689104,1.601959",,,0.424791,6.367646,4.662684,0.693508
2441,398340,244.0,242.83,,2.791292877197266,158.3422076702118,153,,"0.486062,0.381430,1.689104,1.601959",,,0.424791,6.367646,4.662684,0.693508
2442,398612,272.0,243.51,,2.791292877197266,158.3422076702118,153,,"0.486062,0.381430,1.689104,1.601959",,,0.424791,6.367646,4.662684,0.693508
2443,398905,293.0,244.36,,2.791292877197266,158.3422076702118,153,,"0.486062,0.381430,1.689104,1.601959",,,0.424791,6.367646,4.662684,0.693508
2444,399159,254.0,245.07,,2.791292877197266,158.3422076702118,153,,"0.486062,0.381430,1.689104,1.601959",,,0.424791,6.367646,4.662684,0.693508
2445,399499,340.0,246.41,,2.791292877197266,158.3422076702118,153,,"0.486062,0.381430,1.689104,1.601959",,,0.424791,6.367646,4.662684,0.693508
2446,399753,254.0,246.21,,2.791292877197266,158.3422076702118,153,,"0.486062,0.381430,1.689104,1.601959",,,0.424791,6.367646,4.662684,0.693508
2447,399974,221.0,246.02,,2.791292877197266,158.3422076702118,153,,"0.486062,0.381430,1.689104,1.601959",,,0.424791,6.367646,4.662684,0.693508
2448,400320,346.0,247.33,,2.7628930950164796,159.99485611915588,154,,"0.481646,0.382573,1.690827,1.605348",,,0.424809,6.384132,4.340151,0.742889
2449,400583,263.0,248.02,,2.7628930950164796,159.99485611915588,154,,"0.481646,0.382573,1.690827,1.605348",500.0,0.0,0.424809,6.384132,4.340151,0.742889
2450,400881,298.0,249.02,,2.7628930950164796,159.99485611915588,154,,"0.481646,0.382573,1.690827,1.605348",,,0.424809,6.384132,4.340151,0.742889
2451,401109,228.0,249.16,,2.7628930950164796,159.99485611915588,154,,"0.481646,0.382573,1.690827,1.605348",,,0.424809,6.384132,4.340151,0.742889
2452,401324,215.0,249.09,,2.7628930950164796,159.9958713054657,154,,"0.481646,0.382573,1.690827,1.605348",,,0.424809,6.384132,4.340151,0.742889
2453,401519,195.0,248.86,,2.7628930950164796,159.9958713054657,154,,"0.481646,0.382573,1.690827,1.605348",,,0.424809,6.384132,4.340151,0.742889
2454,401769,250.0,249.23,,2.7628930950164796,159.9958713054657,154,,"0.481646,0.382573,1.690827,1.605348",,,0.424809,6.384132,4.340151,0.742889
2455,402112,343.0,249.74,,2.7628930950164796,159.9958713054657,154,,"0.481646,0.382573,1.690827,1.605348",,,0.424809,6.384132,4.340151,0.742889
2456,402315,203.0,249.67,,2.7628930950164796,159.9958713054657,154,,"0.481646,0.382573,1.690827,1.605348",,,0.424809,6.384132,4.340151,0.742889
2457,402552,237.0,249.84,,2.7628930950164796,159.9958713054657,154,,"0.481646,0.382573,1.690827,1.605348",,,0.424809,6.384132,4.340151,0.742889
2458,402895,343.0,251.07,,2.7628930950164796,159.9958713054657,154,,"0.481646,0.382573,1.690827,1.605348",,,0.424809,6.384132,4.340151,0.742889
2459,403138,243.0,250.11,,2.7628930950164796,159.9958713054657,154,,"0.481646,0.382573,1.690827,1.605348",,,0.424809,6.384132,4.340151,0.742889
2460,403380,242.0,249.97,,2.7628930950164796,159.9958713054657,154,,"0.481646,0.382573,1.690827,1.605348",,,0.424809,6.384132,4.340151,0.742889
2461,403655,275.0,250.74,,2.7628930950164796,159.9958713054657,154,,"0.481646,0.382573,1.690827,1.605348",,,0.424809,6.384132,4.340151,0.742889
2462,403896,241.0,250.4,,2.7628930950164796,159.9958713054657,154,,"0.481646,0.382573,1.690827,1.605348",,,0.424809,6.384132,4.340151,0.742889
2463,404155,259.0,250.92,,2.7628930950164796,159.9958713054657,154,,"0.481646,0.382573,1.690827,1.605348",,,0.424809,6.384132,4.340151,0.742889
2464,404452,297.0,252.04,,2.731808285713196,161.44586968421936,155,,"0.475012,0.385354,1.691718,1.609478",,,0.422372,6.403020,4.264571,0.755800
2465,404779,327.0,253.19,,2.731808285713196,161.44586968421936,155,,"0.475012,0.385354,1.691718,1.609478",,,0.422372,6.403020,4.264571,0.755800
2466,405085,306.0,253.99,,2.731808285713196,161.44586968421936,155,,"0.475012,0.385354,1.691718,1.609478",,,0.422372,6.403020,4.264571,0.755800
2467,405320,235.0,253.9,,2.731808285713196,161.44586968421936,155,,"0.475012,0.385354,1.691718,1.609478",,,0.422372,6.403020,4.264571,0.755800
2468,405582,262.0,254.32,,2.731808285713196,161.44586968421936,155,,"0.475012,0.385354,1.691718,1.609478",,,0.422372,6.403020,4.264571,0.755800
2469,405773,191.0,254.2,,2.731808285713196,161.44586968421936,155,,"0.475012,0.385354,1.691718,1.609478",,,0.422372,6.403020,4.264571,0.755800
2470,405998,225.0,254.41,,2.731808285713196,161.44586968421936,155,,"0.475012,0.385354,1.691718,1.609478",,,0.422372,6.403020,4.264571,0.755800
2471,406233,235.0,254.0,,2.731808285713196,161.44586968421936,155,,"0.475012,0.385354,1.691718,1.609478",,,0.422372,6.403020,4.264571,0.755800
2472,406446,213.0,254.16,,2.731808285713196,161.44586968421936,155,,"0.475012,0.385354,1.691718,1.609478",,,0.422372,6.403020,4.264571,0.755800
2473,406672,226.0,253.95,,2.731808285713196,161.44586968421936,155,,"0.475012,0.385354,1.691718,1.609478",,,0.422372,6.403020,4.264571,0.755800
2474,406965,293.0,254.94,,2.731808285713196,161.44586968421936,155,,"0.475012,0.385354,1.691718,1.609478",,,0.422372,6.403020,4.264571,0.755800
2475,407183,218.0,254.27,,2.731808285713196,161.44586968421936,155,,"0.475012,0.385354,1.691718,1.609478",,,0.422372,6.403020,4.264571,0.755800
2476,407470,287.0,254.66,,2.731808285713196,161.44586968421936,155,,"0.475012,0.385354,1.691718,1.609478",,,0.422372,6.403020,4.264571,0.755800
2477,407670,200.0,254.36,,2.731808285713196,161.44586968421936,155,,"0.475012,0.385354,1.691718,1.609478",,,0.422372,6.403020,4.264571,0.755800
2478,407937,267.0,253.65,,2.731808285713196,161.44586968421936,155,,"0.475012,0.385354,1.691718,1.609478",,,0.422372,6.403020,4.264571,0.755800
2479,408114,177.0,252.89,,2.731808285713196,161.44586968421936,155,,"0.475012,0.385354,1.691718,1.609478",,,0.422372,6.403020,4.264571,0.755800
2480,408359,245.0,252.93,,2.7007012224197386,162.89993977546692,156,,"0.470546,0.386936,1.693166,1.615022",,,0.420416,6.428502,4.162373,0.767136
2481,408563,204.0,252.97,,2.7007012224197386,162.89993977546692,156,,"0.470546,0.386936,1.693166,1.615022",,,0.420416,6.428502,4.162373,0.767136
2482,408749,186.0,251.13,,2.7007012224197386,162.89993977546692,156,,"0.470546,0.386936,1.693166,1.615022",,,0.420416,6.428502,4.162373,0.767136
2483,409074,325.0,252.31,,2.7007012224197386,162.89993977546692,156,,"0.470546,0.386936,1.693166,1.615022",,,0.420416,6.428502,4.162373,0.767136
2484,409311,237.0,252.4,,2.7007012224197386,162.89993977546692,156,,"0.470546,0.386936,1.693166,1.615022",,,0.420416,6.428502,4.162373,0.767136
2485,409489,178.0,251.21,,2.7007012224197386,162.89993977546692,156,,"0.470546,0.386936,1.693166,1.615022",,,0.420416,6.428502,4.162373,0.767136
2486,409775,286.0,251.61,,2.7007012224197386,162.89993977546692,156,,"0.470546,0.386936,1.693166,1.615022",,,0.420416,6.428502,4.162373,0.767136
2487,410096,321.0,251.73,,2.7007012224197386,162.89993977546692,156,,"0.470546,0.386936,1.693166,1.615022",,,0.420416,6.428502,4.162373,0.767136
2488,410400,304.0,252.87,,2.7007012224197386,162.89993977546692,156,,"0.470546,0.386936,1.693166,1.615022",,,0.420416,6.428502,4.162373,0.767136
2489,410600,200.0,252.49,,2.7007012224197386,162.89993977546692,156,,"0.470546,0.386936,1.693166,1.615022",,,0.420416,6.428502,4.162373,0.767136
2490,410825,225.0,251.84,,2.7007012224197386,162.89993977546692,156,,"0.470546,0.386936,1.693166,1.615022",,,0.420416,6.428502,4.162373,0.767136
2491,411151,326.0,252.4,,2.7007012224197386,162.89993977546692,156,,"0.470546,0.386936,1.693166,1.615022",,,0.420416,6.428502,4.162373,0.767136
2492,411399,248.0,252.41,,2.7007012224197386,162.89993977546692,156,,"0.470546,0.386936,1.693166,1.615022",,,0.420416,6.428502,4.162373,0.767136
2493,411627,228.0,251.87,,2.7007012224197386,162.89993977546692,156,,"0.470546,0.386936,1.693166,1.615022",,,0.420416,6.428502,4.162373,0.767136
2494,411903,276.0,252.11,,2.7007012224197386,162.89993977546692,156,,"0.470546,0.386936,1.693166,1.615022",,,0.420416,6.428502,4.162373,0.767136
2495,412143,240.0,252.17,,2.7007012224197386,162.89993977546692,156,,"0.470546,0.386936,1.693166,1.615022",,,0.420416,6.428502,4.162373,0.767136
2496,412410,267.0,252.64,,2.664100909233093,164.3481514453888,157,,"0.466921,0.387802,1.694813,1.619899",,,0.417740,6.449008,3.923888,0.768960
2497,412669,259.0,252.26,,2.664100909233093,164.3481514453888,157,,"0.466921,0.387802,1.694813,1.619899",,,0.417740,6.449008,3.923888,0.768960
2498,412872,203.0,251.9,,2.664100909233093,164.34915447235107,157,,"0.466921,0.387802,1.694813,1.619899",,,0.417740,6.449008,3.923888,0.768960
2499,413188,316.0,252.92,,2.664100909233093,164.34915447235107,157,,"0.466921,0.387802,1.694813,1.619899",500.0,0.0,0.417740,6.449008,3.923888,0.768960
2500,413459,271.0,253.26,,2.664100909233093,164.34915447235107,157,,"0.466921,0.387802,1.694813,1.619899",,,0.417740,6.449008,3.923888,0.768960
2501,413750,291.0,253.21,,2.664100909233093,164.34915447235107,157,,"0.466921,0.387802,1.694813,1.619899",,,0.417740,6.449008,3.923888,0.768960
2502,414018,268.0,252.11,,2.664100909233093,164.34915447235107,157,,"0.466921,0.387802,1.694813,1.619899",,,0.417740,6.449008,3.923888,0.768960
2503,414314,296.0,252.13,,2.664100909233093,164.34915447235107,157,,"0.466921,0.387802,1.694813,1.619899",,,0.417740,6.449008,3.923888,0.768960
2504,414650,336.0,252.57,,2.664100909233093,164.34915447235107,157,,"0.466921,0.387802,1.694813,1.619899",,,0.417740,6.449008,3.923888,0.768960
2505,414923,273.0,252.94,,2.664100909233093,164.34915447235107,157,,"0.466921,0.387802,1.694813,1.619899",,,0.417740,6.449008,3.923888,0.768960
2506,415217,294.0,253.83,,2.664100909233093,164.34915447235107,157,,"0.466921,0.387802,1.694813,1.619899",,,0.417740,6.449008,3.923888,0.768960
2507,415490,273.0,254.46,,2.664100909233093,164.34915447235107,157,,"0.466921,0.387802,1.694813,1.619899",,,0.417740,6.449008,3.923888,0.768960
2508,415822,332.0,255.04,,2.664100909233093,164.34915447235107,157,,"0.466921,0.387802,1.694813,1.619899",,,0.417740,6.449008,3.923888,0.768960
2509,416070,248.0,254.94,,2.664100909233093,164.34915447235107,157,,"0.466921,0.387802,1.694813,1.619899",,,0.417740,6.449008,3.923888,0.768960
2510,416343,273.0,254.92,,2.664100909233093,164.34915447235107,157,,"0.466921,0.387802,1.694813,1.619899",,,0.417740,6.449008,3.923888,0.768960
2511,416556,213.0,254.74,,2.664100909233093,164.34915447235107,157,,"0.466921,0.387802,1.694813,1.619899",,,0.417740,6.449008,3.923888,0.768960
2512,416785,229.0,254.35,,2.6259491086006164,166.2589089870453,158,,"0.462342,0.389711,1.695705,1.626749",,,0.418233,6.476219,3.602593,0.783275
2513,417146,361.0,255.73,,2.6259491086006164,166.2589089870453,158,,"0.462342,0.389711,1.695705,1.626749",,,0.418233,6.476219,3.602593,0.783275
2514,417453,307.0,255.88,,2.6259491086006164,166.2589089870453,158,,"0.462342,0.389711,1.695705,1.626749",,,0.418233,6.476219,3.602593,0.783275
2515,417847,394.0,258.01,,2.6259491086006164,166.25990891456604,158,,"0.462342,0.389711,1.695705,1.626749",,,0.418233,6.476219,3.602593,0.783275
2516,418145,298.0,257.62,,2.6259491086006164,166.25990891456604,158,,"0.462342,0.389711,1.695705,1.626749",,,0.418233,6.476219,3.602593,0.783275
2517,418551,406.0,259.52,,2.6259491086006164,166.25990891456604,158,,"0.462342,0.389711,1.695705,1.626749",,,0.418233,6.476219,3.602593,0.783275
2518,418847,296.0,260.61,,2.6259491086006164,166.25990891456604,158,,"0.462342,0.389711,1.695705,1.626749",,,0.418233,6.476219,3.602593,0.783275
2519,419128,281.0,261.12,,2.6259491086006164,166.25990891456604,158,,"0.462342,0.389711,1.695705,1.626749",,,0.418233,6.476219,3.602593,0.783275
2520,419377,249.0,261.2,,2.6259491086006164,166.25990891456604,158,,"0.462342,0.389711,1.695705,1.626749",,,0.418233,6.476219,3.602593,0.783275
2521,419784,407.0,263.34,,2.6259491086006164,166.25990891456604,158,,"0.462342,0.389711,1.695705,1.626749",,,0.418233,6.476219,3.602593,0.783275
2522,420045,261.0,263.48,,2.6259491086006164,166.25990891456604,158,,"0.462342,0.389711,1.695705,1.626749",,,0.418233,6.476219,3.602593,0.783275
2523,420377,332.0,264.84,,2.6259491086006164,166.25990891456604,158,,"0.462342,0.389711,1.695705,1.626749",,,0.418233,6.476219,3.602593,0.783275
2524,420595,218.0,264.9,,2.6259491086006164,166.25990891456604,158,,"0.462342,0.389711,1.695705,1.626749",,,0.418233,6.476219,3.602593,0.783275
2525,420955,360.0,265.95,,2.6259491086006164,166.25990891456604,158,,"0.462342,0.389711,1.695705,1.626749",,,0.418233,6.476219,3.602593,0.783275
2526,421250,295.0,266.2,,2.6259491086006164,166.25990891456604,158,,"0.462342,0.389711,1.695705,1.626749",,,0.418233,6.476219,3.602593,0.783275
2527,421511,261.0,266.23,,2.6259491086006164,166.25990891456604,158,,"0.462342,0.389711,1.695705,1.626749",,,0.418233,6.476219,3.602593,0.783275
2528,421742,231.0,266.45,,2.581957547664642,168.51944208145142,159,,"0.459899,0.390492,1.696793,1.633540",,,0.414177,6.503181,3.213484,0.779234
2529,422242,500.0,268.49,,2.581957547664642,168.51944208145142,159,,"0.459899,0.390492,1.696793,1.633540",,,0.414177,6.503181,3.213484,0.779234
2530,422595,353.0,269.04,,2.581957547664642,168.51944208145142,159,,"0.459899,0.390492,1.696793,1.633540",,,0.414177,6.503181,3.213484,0.779234
2531,423084,489.0,271.54,,2.581957547664642,168.51944208145142,159,,"0.459899,0.390492,1.696793,1.633540",,,0.414177,6.503181,3.213484,0.779234
2532,423469,385.0,273.24,,2.581957547664642,168.51944208145142,159,,"0.459899,0.390492,1.696793,1.633540",,,0.414177,6.503181,3.213484,0.779234
2533,423654,185.0,272.91,,2.581957547664642,168.51944208145142,159,,"0.459899,0.390492,1.696793,1.633540",,,0.414177,6.503181,3.213484,0.779234
2534,424104,450.0,274.94,,2.581957547664642,168.51944208145142,159,,"0.459899,0.390492,1.696793,1.633540",,,0.414177,6.503181,3.213484,0.779234
2535,424604,500.0,278.1,,2.581957547664642,168.51944208145142,159,,"0.459899,0.390492,1.696793,1.633540",,,0.414177,6.503181,3.213484,0.779234
2536,424897,293.0,278.55,,2.581957547664642,168.51944208145142,159,,"0.459899,0.390492,1.696793,1.633540",,,0.414177,6.503181,3.213484,0.779234
2537,425189,292.0,278.89,,2.581957547664642,168.51944208145142,159,,"0.459899,0.390492,1.696793,1.633540",,,0.414177,6.503181,3.213484,0.779234
2538,425456,267.0,279.43,,2.581957547664642,168.51944208145142,159,,"0.459899,0.390492,1.696793,1.633540",,,0.414177,6.503181,3.213484,0.779234
2539,425956,500.0,281.64,,2.581957547664642,168.51944208145142,159,,"0.459899,0.390492,1.696793,1.633540",,,0.414177,6.503181,3.213484,0.779234
2540,426178,222.0,280.82,,2.581957547664642,168.52044248580933,159,,"0.459899,0.390492,1.696793,1.633540",,,0.414177,6.503181,3.213484,0.779234
2541,426678,500.0,283.38,,2.581957547664642,168.52044248580933,159,,"0.459899,0.390492,1.696793,1.633540",,,0.414177,6.503181,3.213484,0.779234
2542,426931,253.0,283.19,,2.581957547664642,168.52044248580933,159,,"0.459899,0.390492,1.696793,1.633540",,,0.414177,6.503181,3.213484,0.779234
2543,427240,309.0,283.35,,2.581957547664642,168.52044248580933,159,,"0.459899,0.390492,1.696793,1.633540",,,0.414177,6.503181,3.213484,0.779234
2544,427636,396.0,284.77,,2.53633490562439,170.73272919654846,160,,"0.457433,0.391190,1.697842,1.639798",,,0.417778,6.527995,3.064914,0.730896
2545,427942,306.0,284.43,,2.53633490562439,170.73272919654846,160,,"0.457433,0.391190,1.697842,1.639798",,,0.417778,6.527995,3.064914,0.730896
2546,428199,257.0,284.46,,2.53633490562439,170.73272919654846,160,,"0.457433,0.391190,1.697842,1.639798",,,0.417778,6.527995,3.064914,0.730896
2547,428695,496.0,287.21,,2.53633490562439,170.73272919654846,160,,"0.457433,0.391190,1.697842,1.639798",,,0.417778,6.527995,3.064914,0.730896
2548,429195,500.0,288.75,,2.53633490562439,170.73272919654846,160,,"0.457433,0.391190,1.697842,1.639798",,,0.417778,6.527995,3.064914,0.730896
2549,429449,254.0,288.66,,2.53633490562439,170.73272919654846,160,,"0.457433,0.391190,1.697842,1.639798",500.0,0.0,0.417778,6.527995,3.064914,0.730896
2550,429949,500.0,290.68,,2.53633490562439,170.73272919654846,160,,"0.457433,0.391190,1.697842,1.639798",,,0.417778,6.527995,3.064914,0.730896
2551,430278,329.0,291.69,,2.53633490562439,170.73272919654846,160,,"0.457433,0.391190,1.697842,1.639798",,,0.417778,6.527995,3.064914,0.730896
2552,430778,500.0,294.54,,2.53633490562439,170.73363208770752,160,,"0.457433,0.391190,1.697842,1.639798",,,0.417778,6.527995,3.064914,0.730896
2553,431278,500.0,297.59,,2.53633490562439,170.73363208770752,160,,"0.457433,0.391190,1.697842,1.639798",,,0.417778,6.527995,3.064914,0.730896
2554,431778,500.0,300.09,,2.53633490562439,170.73363208770752,160,,"0.457433,0.391190,1.697842,1.639798",,,0.417778,6.527995,3.064914,0.730896
2555,432063,285.0,299.51,,2.53633490562439,170.73363208770752,160,,"0.457433,0.391190,1.697842,1.639798",,,0.417778,6.527995,3.064914,0.730896
2556,432563,500.0,302.48,,2.53633490562439,170.73363208770752,160,,"0.457433,0.391190,1.697842,1.639798",,,0.417778,6.527995,3.064914,0.730896
2557,432887,324.0,303.35,,2.53633490562439,170.73363208770752,160,,"0.457433,0.391190,1.697842,1.639798",,,0.417778,6.527995,3.064914,0.730896
2558,433387,500.0,304.92,,2.53633490562439,170.73363208770752,160,,"0.457433,0.391190,1.697842,1.639798",,,0.417778,6.527995,3.064914,0.730896
2559,433662,275.0,305.24,,2.53633490562439,170.73363208770752,160,,"0.457433,0.391190,1.697842,1.639798",,,0.417778,6.527995,3.064914,0.730896
2560,434093,431.0,307.13,,2.493894970417023,172.92546343803406,161,,"0.455665,0.391781,1.698881,1.645444",,,0.415035,6.551066,3.159699,0.672966
2561,434593,500.0,309.38,,2.493894970417023,172.92546343803406,161,,"0.455665,0.391781,1.698881,1.645444",,,0.415035,6.551066,3.159699,0.672966
2562,435093,500.0,311.97,,2.493894970417023,172.92546343803406,161,,"0.455665,0.391781,1.698881,1.645444",,,0.415035,6.551066,3.159699,0.672966
2563,435398,305.0,312.43,,2.493894970417023,172.92546343803406,161,,"0.455665,0.391781,1.698881,1.645444",,,0.415035,6.551066,3.159699,0.672966
2564,435686,288.0,312.34,,2.493894970417023,172.92546343803406,161,,"0.455665,0.391781,1.698881,1.645444",,,0.415035,6.551066,3.159699,0.672966
2565,436186,500.0,314.07,,2.493894970417023,172.92546343803406,161,,"0.455665,0.391781,1.698881,1.645444",,,0.415035,6.551066,3.159699,0.672966
2566,436686,500.0,316.01,,2.493894970417023,172.92546343803406,161,,"0.455665,0.391781,1.698881,1.645444",,,0.415035,6.551066,3.159699,0.672966
2567,437122,436.0,318.02,,2.493894970417023,172.92546343803406,161,,"0.455665,0.391781,1.698881,1.645444",,,0.415035,6.551066,3.159699,0.672966
2568,437622,500.0,320.4,,2.493894970417023,172.92546343803406,161,,"0.455665,0.391781,1.698881,1.645444",,,0.415035,6.551066,3.159699,0.672966
2569,438122,500.0,323.49,,2.493894970417023,172.92546343803406,161,,"0.455665,0.391781,1.698881,1.645444",,,0.415035,6.551066,3.159699,0.672966
2570,438606,484.0,326.08,,2.493894970417023,172.92546343803406,161,,"0.455665,0.391781,1.698881,1.645444",,,0.415035,6.551066,3.159699,0.672966
2571,439075,469.0,328.42,,2.493894970417023,172.92546343803406,161,,"0.455665,0.391781,1.698881,1.645444",,,0.415035,6.551066,3.159699,0.672966
2572,439407,332.0,329.61,,2.493894970417023,172.92546343803406,161,,"0.455665,0.391781,1.698881,1.645444",,,0.415035,6.551066,3.159699,0.672966
2573,439907,500.0,332.35,,2.493894970417023,172.92546343803406,161,,"0.455665,0.391781,1.698881,1.645444",,,0.415035,6.551066,3.159699,0.672966
2574,440407,500.0,334.42,,2.493894970417023,172.92546343803406,161,,"0.455665,0.391781,1.698881,1.645444",,,0.415035,6.551066,3.159699,0.672966
2575,440907,500.0,337.24,,2.493894970417023,172.92546343803406,161,,"0.455665,0.391781,1.698881,1.645444",,,0.415035,6.551066,3.159699,0.672966
2576,441203,296.0,337.33,,2.4612838935852053,175.11539912223816,162,,"0.454069,0.392213,1.699615,1.651449",,,0.420431,6.575127,4.017957,0.632585
2577,441703,500.0,340.33,,2.4612838935852053,175.11539912223816,162,,"0.454069,0.392213,1.699615,1.651449",,,0.420431,6.575127,4.017957,0.632585
2578,441985,282.0,340.48,,2.4612838935852053,175.11539912223816,162,,"0.454069,0.392213,1.699615,1.651449",,,0.420431,6.575127,4.017957,0.632585
2579,442485,500.0,343.71,,2.4612838935852053,175.11539912223816,162,,"0.454069,0.392213,1.699615,1.651449",,,0.420431,6.575127,4.017957,0.632585
2580,442985,500.0,346.26,,2.4612838935852053,175.11539912223816,162,,"0.454069,0.392213,1.699615,1.651449",,,0.420431,6.575127,4.017957,0.632585
2581,443288,303.0,347.25,,2.4612838935852053,175.11539912223816,162,,"0.454069,0.392213,1.699615,1.651449",,,0.420431,6.575127,4.017957,0.632585
2582,443581,293.0,348.32,,2.4612838935852053,175.11539912223816,162,,"0.454069,0.392213,1.699615,1.651449",,,0.420431,6.575127,4.017957,0.632585
2583,444081,500.0,350.07,,2.4612838935852053,175.11539912223816,162,,"0.454069,0.392213,1.699615,1.651449",,,0.420431,6.575127,4.017957,0.632585
2584,444443,362.0,351.32,,2.4612838935852053,175.11539912223816,162,,"0.454069,0.392213,1.699615,1.651449",,,0.420431,6.575127,4.017957,0.632585
2585,444943,500.0,354.54,,2.4612838935852053,175.1164002418518,162,,"0.454069,0.392213,1.699615,1.651449",,,0.420431,6.575127,4.017957,0.632585
2586,445360,417.0,355.85,,2.4612838935852053,175.1164002418518,162,,"0.454069,0.392213,1.699615,1.651449",,,0.420431,6.575127,4.017957,0.632585
2587,445763,403.0,356.67,,2.4612838935852053,175.1164002418518,162,,"0.454069,0.392213,1.699615,1.651449",,,0.420431,6.575127,4.017957,0.632585
2588,446067,304.0,356.67,,2.4612838935852053,175.1164002418518,162,,"0.454069,0.392213,1.699615,1.651449",,,0.420431,6.575127,4.017957,0.632585
2589,446567,500.0,359.67,,2.4612838935852053,175.1164002418518,162,,"0.454069,0.392213,1.699615,1.651449",,,0.420431,6.575127,4.017957,0.632585
2590,446972,405.0,361.47,,2.4612838935852053,175.1164002418518,162,,"0.454069,0.392213,1.699615,1.651449",,,0.420431,6.575127,4.017957,0.632585
2591,447472,500.0,363.21,,2.4612838935852053,175.1164002418518,162,,"0.454069,0.392213,1.699615,1.651449",,,0.420431,6.575127,4.017957,0.632585
2592,447835,363.0,364.36,,2.4418097162246704,177.31273460388184,163,,"0.452177,0.392716,1.700591,1.657245",,,0.422258,6.602383,5.395416,0.667537
2593,448322,487.0,366.95,,2.4418097162246704,177.31273460388184,163,,"0.452177,0.392716,1.700591,1.657245",,,0.422258,6.602383,5.395416,0.667537
2594,448717,395.0,368.14,,2.4418097162246704,177.31273460388184,163,,"0.452177,0.392716,1.700591,1.657245",,,0.422258,6.602383,5.395416,0.667537
2595,449023,306.0,368.8,,2.4418097162246704,177.31273460388184,163,,"0.452177,0.392716,1.700591,1.657245",,,0.422258,6.602383,5.395416,0.667537
2596,449249,226.0,368.39,,2.4418097162246704,177.31273460388184,163,,"0.452177,0.392716,1.700591,1.657245",,,0.422258,6.602383,5.395416,0.667537
2597,449477,228.0,368.08,,2.4418097162246704,177.31273460388184,163,,"0.452177,0.392716,1.700591,1.657245",,,0.422258,6.602383,5.395416,0.667537
2598,449757,280.0,368.85,,2.4418097162246704,177.31273460388184,163,,"0.452177,0.392716,1.700591,1.657245",,,0.422258,6.602383,5.395416,0.667537
2599,450223,466.0,370.35,,2.4418097162246704,177.31273460388184,163,,"0.452177,0.392716,1.700591,1.657245",500.0,0.0,0.422258,6.602383,5.395416,0.667537
2600,450432,209.0,369.73,,2.4418097162246704,177.31273460388184,163,,"0.452177,0.392716,1.700591,1.657245",,,0.422258,6.602383,5.395416,0.667537
2601,450704,272.0,369.54,,2.4418097162246704,177.31273460388184,163,,"0.452177,0.392716,1.700591,1.657245",,,0.422258,6.602383,5.395416,0.667537
2602,450947,243.0,369.29,,2.4418097162246704,177.31273460388184,163,,"0.452177,0.392716,1.700591,1.657245",,,0.422258,6.602383,5.395416,0.667537
2603,451254,307.0,369.4,,2.4418097162246704,177.31273460388184,163,,"0.452177,0.392716,1.700591,1.657245",,,0.422258,6.602383,5.395416,0.667537
2604,451499,245.0,368.49,,2.4418097162246704,177.31273460388184,163,,"0.452177,0.392716,1.700591,1.657245",,,0.422258,6.602383,5.395416,0.667537
2605,451835,336.0,369.12,,2.4418097162246704,177.31273460388184,163,,"0.452177,0.392716,1.700591,1.657245",,,0.422258,6.602383,5.395416,0.667537
2606,452315,480.0,370.98,,2.4418097162246704,177.31273460388184,163,,"0.452177,0.392716,1.700591,1.657245",,,0.422258,6.602383,5.395416,0.667537
2607,452576,261.0,370.86,,2.4418097162246704,177.31273460388184,163,,"0.452177,0.392716,1.700591,1.657245",,,0.422258,6.602383,5.395416,0.667537
2608,452878,302.0,370.56,,2.427845253944397,179.10624599456787,164,,"0.451315,0.393046,1.702495,1.661445",,,0.416690,6.624982,5.451892,0.703329
2609,453183,305.0,371.13,,2.427845253944397,179.10624599456787,164,,"0.451315,0.393046,1.702495,1.661445",,,0.416690,6.624982,5.451892,0.703329
2610,453544,361.0,372.01,,2.427845253944397,179.1072473526001,164,,"0.451315,0.393046,1.702495,1.661445",,,0.416690,6.624982,5.451892,0.703329
2611,453813,269.0,372.57,,2.427845253944397,179.1072473526001,164,,"0.451315,0.393046,1.702495,1.661445",,,0.416690,6.624982,5.451892,0.703329
2612,454215,402.0,374.3,,2.427845253944397,179.1072473526001,164,,"0.451315,0.393046,1.702495,1.661445",,,0.416690,6.624982,5.451892,0.703329
2613,454436,221.0,372.9,,2.427845253944397,179.1072473526001,164,,"0.451315,0.393046,1.702495,1.661445",,,0.416690,6.624982,5.451892,0.703329
2614,454650,214.0,371.97,,2.427845253944397,179.1072473526001,164,,"0.451315,0.393046,1.702495,1.661445",,,0.416690,6.624982,5.451892,0.703329
2615,455036,386.0,371.89,,2.427845253944397,179.1072473526001,164,,"0.451315,0.393046,1.702495,1.661445",,,0.416690,6.624982,5.451892,0.703329
2616,455282,246.0,371.37,,2.427845253944397,179.1072473526001,164,,"0.451315,0.393046,1.702495,1.661445",,,0.416690,6.624982,5.451892,0.703329
2617,455710,428.0,371.59,,2.427845253944397,179.1072473526001,164,,"0.451315,0.393046,1.702495,1.661445",,,0.416690,6.624982,5.451892,0.703329
2618,455903,193.0,370.56,,2.427845253944397,179.1072473526001,164,,"0.451315,0.393046,1.702495,1.661445",,,0.416690,6.624982,5.451892,0.703329
2619,456198,295.0,370.7,,2.427845253944397,179.1072473526001,164,,"0.451315,0.393046,1.702495,1.661445",,,0.416690,6.624982,5.451892,0.703329
2620,456443,245.0,370.66,,2.427845253944397,179.1072473526001,164,,"0.451315,0.393046,1.702495,1.661445",,,0.416690,6.624982,5.451892,0.703329
2621,456829,386.0,370.45,,2.427845253944397,179.1072473526001,164,,"0.451315,0.393046,1.702495,1.661445",,,0.416690,6.624982,5.451892,0.703329
2622,457058,229.0,370.13,,2.427845253944397,179.1072473526001,164,,"0.451315,0.393046,1.702495,1.661445",,,0.416690,6.624982,5.451892,0.703329
2623,457264,206.0,368.87,,2.427845253944397,179.1072473526001,164,,"0.451315,0.393046,1.702495,1.661445",,,0.416690,6.624982,5.451892,0.703329
2624,457477,213.0,368.82,,2.418863067626953,180.4891755580902,165,,"0.449668,0.393342,1.703575,1.666514",,,0.423803,6.649170,5.771729,0.717869
2625,457780,303.0,368.25,,2.418863067626953,180.49020338058472,165,,"0.449668,0.393342,1.703575,1.666514",,,0.423803,6.649170,5.771729,0.717869
2626,458044,264.0,367.94,,2.418863067626953,180.49020338058472,165,,"0.449668,0.393342,1.703575,1.666514",,,0.423803,6.649170,5.771729,0.717869
2627,458245,201.0,367.34,,2.418863067626953,180.49020338058472,165,,"0.449668,0.393342,1.703575,1.666514",,,0.423803,6.649170,5.771729,0.717869
2628,458470,225.0,367.28,,2.418863067626953,180.49020338058472,165,,"0.449668,0.393342,1.703575,1.666514",,,0.423803,6.649170,5.771729,0.717869
2629,458728,258.0,364.86,,2.418863067626953,180.49020338058472,165,,"0.449668,0.393342,1.703575,1.666514",,,0.423803,6.649170,5.771729,0.717869
2630,458975,247.0,363.8,,2.418863067626953,180.49020338058472,165,,"0.449668,0.393342,1.703575,1.666514",,,0.423803,6.649170,5.771729,0.717869
2631,459261,286.0,361.77,,2.418863067626953,180.49020338058472,165,,"0.449668,0.393342,1.703575,1.666514",,,0.423803,6.649170,5.771729,0.717869
2632,459518,257.0,360.49,,2.418863067626953,180.49020338058472,165,,"0.449668,0.393342,1.703575,1.666514",,,0.423803,6.649170,5.771729,0.717869
2633,459754,236.0,361.0,,2.418863067626953,180.49020338058472,165,,"0.449668,0.393342,1.703575,1.666514",,,0.423803,6.649170,5.771729,0.717869
2634,459994,240.0,358.9,,2.418863067626953,180.49020338058472,165,,"0.449668,0.393342,1.703575,1.666514",,,0.423803,6.649170,5.771729,0.717869
2635,460212,218.0,356.08,,2.418863067626953,180.49020338058472,165,,"0.449668,0.393342,1.703575,1.666514",,,0.423803,6.649170,5.771729,0.717869
2636,460428,216.0,355.31,,2.418863067626953,180.49020338058472,165,,"0.449668,0.393342,1.703575,1.666514",,,0.423803,6.649170,5.771729,0.717869
2637,460671,243.0,354.82,,2.418863067626953,180.49020338058472,165,,"0.449668,0.393342,1.703575,1.666514",,,0.423803,6.649170,5.771729,0.717869
2638,460870,199.0,354.14,,2.418863067626953,180.49020338058472,165,,"0.449668,0.393342,1.703575,1.666514",,,0.423803,6.649170,5.771729,0.717869
2639,461156,286.0,352.0,,2.418863067626953,180.49020338058472,165,,"0.449668,0.393342,1.703575,1.666514",,,0.423803,6.649170,5.771729,0.717869
2640,461432,276.0,352.54,,2.4058950614929198,182.09921765327454,166,,"0.449538,0.393786,1.704808,1.670733",,,0.421981,6.670214,5.349139,0.762957
2641,461661,229.0,349.83,,2.4058950614929198,182.09921765327454,166,,"0.449538,0.393786,1.704808,1.670733",,,0.421981,6.670214,5.349139,0.762957
2642,462035,374.0,351.04,,2.4058950614929198,182.09921765327454,166,,"0.449538,0.393786,1.704808,1.670733",,,0.421981,6.670214,5.349139,0.762957
2643,462307,272.0,350.67,,2.4058950614929198,182.09921765327454,166,,"0.449538,0.393786,1.704808,1.670733",,,0.421981,6.670214,5.349139,0.762957
2644,462565,258.0,349.29,,2.4058950614929198,182.09921765327454,166,,"0.449538,0.393786,1.704808,1.670733",,,0.421981,6.670214,5.349139,0.762957
2645,462852,287.0,349.1,,2.4058950614929198,182.09921765327454,166,,"0.449538,0.393786,1.704808,1.670733",,,0.421981,6.670214,5.349139,0.762957
2646,463108,256.0,349.09,,2.4058950614929198,182.09921765327454,166,,"0.449538,0.393786,1.704808,1.670733",,,0.421981,6.670214,5.349139,0.762957
2647,463315,207.0,346.2,,2.4058950614929198,182.09921765327454,166,,"0.449538,0.393786,1.704808,1.670733",,,0.421981,6.670214,5.349139,0.762957
2648,463511,196.0,343.16,,2.4058950614929198,182.09921765327454,166,,"0.449538,0.393786,1.704808,1.670733",,,0.421981,6.670214,5.349139,0.762957
2649,463707,196.0,342.58,,2.4058950614929198,182.09921765327454,166,,"0.449538,0.393786,1.704808,1.670733",500.0,0.0,0.421981,6.670214,5.349139,0.762957
2650,463908,201.0,339.59,,2.4058950614929198,182.09921765327454,166,,"0.449538,0.393786,1.704808,1.670733",,,0.421981,6.670214,5.349139,0.762957
2651,464205,297.0,339.27,,2.4058950614929198,182.09921765327454,166,,"0.449538,0.393786,1.704808,1.670733",,,0.421981,6.670214,5.349139,0.762957
2652,464417,212.0,336.39,,2.4058950614929198,182.09921765327454,166,,"0.449538,0.393786,1.704808,1.670733",,,0.421981,6.670214,5.349139,0.762957
2653,464627,210.0,333.49,,2.4058950614929198,182.09921765327454,166,,"0.449538,0.393786,1.704808,1.670733",,,0.421981,6.670214,5.349139,0.762957
2654,464913,286.0,331.35,,2.4058950614929198,182.1002173423767,166,,"0.449538,0.393786,1.704808,1.670733",,,0.421981,6.670214,5.349139,0.762957
2655,465170,257.0,331.07,,2.4058950614929198,182.1002173423767,166,,"0.449538,0.393786,1.704808,1.670733",,,0.421981,6.670214,5.349139,0.762957
2656,465434,264.0,328.71,,2.3947008085250854,183.74859476089478,167,,"0.448428,0.394196,1.705484,1.676134",,,0.421563,6.695747,5.205212,0.776033
2657,465639,205.0,327.52,,2.3947008085250854,183.74859476089478,167,,"0.448428,0.394196,1.705484,1.676134",,,0.421563,6.695747,5.205212,0.776033
2658,465942,303.0,325.55,,2.3947008085250854,183.74859476089478,167,,"0.448428,0.394196,1.705484,1.676134",,,0.421563,6.695747,5.205212,0.776033
2659,466143,201.0,324.81,,2.3947008085250854,183.74859476089478,167,,"0.448428,0.394196,1.705484,1.676134",,,0.421563,6.695747,5.205212,0.776033
2660,466359,216.0,322.66,,2.3947008085250854,183.74859476089478,167,,"0.448428,0.394196,1.705484,1.676134",,,0.421563,6.695747,5.205212,0.776033
2661,466552,193.0,319.59,,2.3947008085250854,183.74859476089478,167,,"0.448428,0.394196,1.705484,1.676134",,,0.421563,6.695747,5.205212,0.776033
2662,466795,243.0,317.02,,2.3947008085250854,183.74859476089478,167,,"0.448428,0.394196,1.705484,1.676134",,,0.421563,6.695747,5.205212,0.776033
2663,467004,209.0,316.06,,2.3947008085250854,183.74859476089478,167,,"0.448428,0.394196,1.705484,1.676134",,,0.421563,6.695747,5.205212,0.776033
2664,467221,217.0,315.35,,2.3947008085250854,183.74859476089478,167,,"0.448428,0.394196,1.705484,1.676134",,,0.421563,6.695747,5.205212,0.776033
2665,467578,357.0,313.92,,2.3947008085250854,183.74859476089478,167,,"0.448428,0.394196,1.705484,1.676134",,,0.421563,6.695747,5.205212,0.776033
2666,467794,216.0,311.08,,2.3947008085250854,183.74859476089478,167,,"0.448428,0.394196,1.705484,1.676134",,,0.421563,6.695747,5.205212,0.776033
2667,468026,232.0,309.04,,2.3947008085250854,183.74859476089478,167,,"0.448428,0.394196,1.705484,1.676134",,,0.421563,6.695747,5.205212,0.776033
2668,468283,257.0,306.61,,2.3947008085250854,183.74859476089478,167,,"0.448428,0.394196,1.705484,1.676134",,,0.421563,6.695747,5.205212,0.776033
2669,468507,224.0,303.85,,2.3947008085250854,183.74859476089478,167,,"0.448428,0.394196,1.705484,1.676134",,,0.421563,6.695747,5.205212,0.776033
2670,468853,346.0,302.47,,2.3947008085250854,183.7495949268341,167,,"0.448428,0.394196,1.705484,1.676134",,,0.421563,6.695747,5.205212,0.776033
2671,469124,271.0,300.49,,2.3947008085250854,183.7495949268341,167,,"0.448428,0.394196,1.705484,1.676134",,,0.421563,6.695747,5.205212,0.776033
2672,469362,238.0,299.55,,2.3813671827316285,185.2644853591919,168,,"0.447523,0.394455,1.706198,1.681664",,,0.416364,6.719730,5.182229,0.788135
2673,469561,199.0,296.54,,2.3813671827316285,185.2644853591919,168,,"0.447523,0.394455,1.706198,1.681664",,,0.416364,6.719730,5.182229,0.788135
2674,469827,266.0,294.2,,2.3813671827316285,185.2644853591919,168,,"0.447523,0.394455,1.706198,1.681664",,,0.416364,6.719730,5.182229,0.788135
2675,470052,225.0,291.45,,2.3813671827316285,185.2644853591919,168,,"0.447523,0.394455,1.706198,1.681664",,,0.416364,6.719730,5.182229,0.788135
2676,470407,355.0,292.04,,2.3813671827316285,185.2644853591919,168,,"0.447523,0.394455,1.706198,1.681664",,,0.416364,6.719730,5.182229,0.788135
2677,470603,196.0,289.0,,2.3813671827316285,185.2644853591919,168,,"0.447523,0.394455,1.706198,1.681664",,,0.416364,6.719730,5.182229,0.788135
2678,470849,246.0,288.64,,2.3813671827316285,185.2644853591919,168,,"0.447523,0.394455,1.706198,1.681664",,,0.416364,6.719730,5.182229,0.788135
2679,471053,204.0,285.68,,2.3813671827316285,185.2644853591919,168,,"0.447523,0.394455,1.706198,1.681664",,,0.416364,6.719730,5.182229,0.788135
2680,471294,241.0,283.09,,2.3813671827316285,185.2644853591919,168,,"0.447523,0.394455,1.706198,1.681664",,,0.416364,6.719730,5.182229,0.788135
2681,471504,210.0,282.16,,2.3813671827316285,185.2644853591919,168,,"0.447523,0.394455,1.706198,1.681664",,,0.416364,6.719730,5.182229,0.788135
2682,471773,269.0,281.92,,2.3813671827316285,185.2644853591919,168,,"0.447523,0.394455,1.706198,1.681664",,,0.416364,6.719730,5.182229,0.788135
2683,472014,241.0,279.33,,2.3813671827316285,185.2644853591919,168,,"0.447523,0.394455,1.706198,1.681664",,,0.416364,6.719730,5.182229,0.788135
2684,472218,204.0,277.75,,2.3813671827316285,185.2644853591919,168,,"0.447523,0.394455,1.706198,1.681664",,,0.416364,6.719730,5.182229,0.788135
2685,472428,210.0,274.85,,2.3813671827316285,185.2644853591919,168,,"0.447523,0.394455,1.706198,1.681664",,,0.416364,6.719730,5.182229,0.788135
2686,472739,311.0,273.79,,2.3813671827316285,185.2644853591919,168,,"0.447523,0.394455,1.706198,1.681664",,,0.416364,6.719730,5.182229,0.788135
2687,473018,279.0,272.55,,2.3813671827316285,185.2644853591919,168,,"0.447523,0.394455,1.706198,1.681664",,,0.416364,6.719730,5.182229,0.788135
2688,473239,221.0,271.72,,2.3743479013442994,186.42362213134766,169,,"0.447824,0.394929,1.707145,1.685196",,,0.418930,6.736541,5.340225,0.793841
2689,473400,161.0,268.33,,2.3743479013442994,186.42362213134766,169,,"0.447824,0.394929,1.707145,1.685196",,,0.418930,6.736541,5.340225,0.793841
2690,473589,189.0,266.17,,2.3743479013442994,186.42362213134766,169,,"0.447824,0.394929,1.707145,1.685196",,,0.418930,6.736541,5.340225,0.793841
2691,473822,233.0,263.5,,2.3743479013442994,186.42362213134766,169,,"0.447824,0.394929,1.707145,1.685196",,,0.418930,6.736541,5.340225,0.793841
2692,474008,186.0,261.73,,2.3743479013442994,186.42362213134766,169,,"0.447824,0.394929,1.707145,1.685196",,,0.418930,6.736541,5.340225,0.793841
2693,474227,219.0,259.05,,2.3743479013442994,186.42514896392822,169,,"0.447824,0.394929,1.707145,1.685196",,,0.418930,6.736541,5.340225,0.793841
2694,474429,202.0,257.12,,2.3743479013442994,186.42514896392822,169,,"0.447824,0.394929,1.707145,1.685196",,,0.418930,6.736541,5.340225,0.793841
2695,474610,181.0,255.87,,2.3743479013442994,186.42514896392822,169,,"0.447824,0.394929,1.707145,1.685196",,,0.418930,6.736541,5.340225,0.793841
2696,474809,199.0,255.6,,2.3743479013442994,186.42514896392822,169,,"0.447824,0.394929,1.707145,1.685196",,,0.418930,6.736541,5.340225,0.793841
2697,475058,249.0,255.81,,2.3743479013442994,186.42514896392822,169,,"0.447824,0.394929,1.707145,1.685196",,,0.418930,6.736541,5.340225,0.793841
2698,475266,208.0,255.09,,2.3743479013442994,186.42514896392822,169,,"0.447824,0.394929,1.707145,1.685196",,,0.418930,6.736541,5.340225,0.793841
2699,475470,204.0,252.47,,2.3743479013442994,186.42514896392822,169,,"0.447824,0.394929,1.707145,1.685196",500.0,0.0,0.418930,6.736541,5.340225,0.793841
2700,475754,284.0,253.22,,2.3743479013442994,186.42514896392822,169,,"0.447824,0.394929,1.707145,1.685196",,,0.418930,6.736541,5.340225,0.793841
2701,475988,234.0,252.84,,2.3743479013442994,186.42514896392822,169,,"0.447824,0.394929,1.707145,1.685196",,,0.418930,6.736541,5.340225,0.793841
2702,476274,286.0,253.27,,2.3743479013442994,186.42514896392822,169,,"0.447824,0.394929,1.707145,1.685196",,,0.418930,6.736541,5.340225,0.793841
2703,476501,227.0,252.47,,2.3743479013442994,186.42514896392822,169,,"0.447824,0.394929,1.707145,1.685196",,,0.418930,6.736541,5.340225,0.793841
2704,476708,207.0,252.09,,2.3675537633895876,187.73216938972473,170,,"0.448116,0.395293,1.708082,1.689922",,,0.412417,6.757583,5.139180,0.815825
2705,476912,204.0,250.77,,2.3675537633895876,187.73216938972473,170,,"0.448116,0.395293,1.708082,1.689922",,,0.412417,6.757583,5.139180,0.815825
2706,477149,237.0,248.34,,2.3675537633895876,187.73216938972473,170,,"0.448116,0.395293,1.708082,1.689922",,,0.412417,6.757583,5.139180,0.815825
2707,477366,217.0,247.9,,2.3675537633895876,187.73216938972473,170,,"0.448116,0.395293,1.708082,1.689922",,,0.412417,6.757583,5.139180,0.815825
2708,477540,174.0,246.62,,2.3675537633895876,187.73216938972473,170,,"0.448116,0.395293,1.708082,1.689922",,,0.412417,6.757583,5.139180,0.815825
2709,477785,245.0,246.02,,2.3675537633895876,187.73216938972473,170,,"0.448116,0.395293,1.708082,1.689922",,,0.412417,6.757583,5.139180,0.815825
2710,477989,204.0,244.45,,2.3675537633895876,187.73216938972473,170,,"0.448116,0.395293,1.708082,1.689922",,,0.412417,6.757583,5.139180,0.815825
2711,478180,191.0,243.67,,2.3675537633895876,187.73216938972473,170,,"0.448116,0.395293,1.708082,1.689922",,,0.412417,6.757583,5.139180,0.815825
2712,478356,176.0,241.41,,2.3675537633895876,187.73216938972473,170,,"0.448116,0.395293,1.708082,1.689922",,,0.412417,6.757583,5.139180,0.815825
2713,478569,213.0,241.33,,2.3675537633895876,187.73216938972473,170,,"0.448116,0.395293,1.708082,1.689922",,,0.412417,6.757583,5.139180,0.815825
2714,478765,196.0,241.15,,2.3675537633895876,187.73216938972473,170,,"0.448116,0.395293,1.708082,1.689922",,,0.412417,6.757583,5.139180,0.815825
2715,479087,322.0,240.51,,2.3675537633895876,187.73216938972473,170,,"0.448116,0.395293,1.708082,1.689922",,,0.412417,6.757583,5.139180,0.815825
2716,479262,175.0,239.8,,2.3675537633895876,187.73216938972473,170,,"0.448116,0.395293,1.708082,1.689922",,,0.412417,6.757583,5.139180,0.815825
2717,479533,271.0,238.23,,2.3675537633895876,187.73216938972473,170,,"0.448116,0.395293,1.708082,1.689922",,,0.412417,6.757583,5.139180,0.815825
2718,479724,191.0,238.21,,2.3675537633895876,187.73216938972473,170,,"0.448116,0.395293,1.708082,1.689922",,,0.412417,6.757583,5.139180,0.815825
2719,479914,190.0,237.16,,2.3675537633895876,187.73216938972473,170,,"0.448116,0.395293,1.708082,1.689922",,,0.412417,6.757583,5.139180,0.815825
2720,480079,165.0,236.36,,2.360106520652771,189.16765546798706,171,,"0.447455,0.395600,1.708156,1.694356",,,0.411038,6.777115,4.959646,0.831614
2721,480268,189.0,234.39,,2.360106520652771,189.16765546798706,171,,"0.447455,0.395600,1.708156,1.694356",,,0.411038,6.777115,4.959646,0.831614
2722,480450,182.0,233.92,,2.360106520652771,189.16765546798706,171,,"0.447455,0.395600,1.708156,1.694356",,,0.411038,6.777115,4.959646,0.831614
2723,480647,197.0,233.83,,2.360106520652771,189.16875433921814,171,,"0.447455,0.395600,1.708156,1.694356",,,0.411038,6.777115,4.959646,0.831614
2724,480871,224.0,233.94,,2.360106520652771,189.16875433921814,171,,"0.447455,0.395600,1.708156,1.694356",,,0.411038,6.777115,4.959646,0.831614
2725,481257,386.0,234.77,,2.360106520652771,189.16875433921814,171,,"0.447455,0.395600,1.708156,1.694356",,,0.411038,6.777115,4.959646,0.831614
2726,481481,224.0,234.37,,2.360106520652771,189.16875433921814,171,,"0.447455,0.395600,1.708156,1.694356",,,0.411038,6.777115,4.959646,0.831614
2727,481684,203.0,234.39,,2.360106520652771,189.16875433921814,171,,"0.447455,0.395600,1.708156,1.694356",,,0.411038,6.777115,4.959646,0.831614
2728,481860,176.0,233.9,,2.360106520652771,189.16875433921814,171,,"0.447455,0.395600,1.708156,1.694356",,,0.411038,6.777115,4.959646,0.831614
2729,482105,245.0,233.77,,2.360106520652771,189.16875433921814,171,,"0.447455,0.395600,1.708156,1.694356",,,0.411038,6.777115,4.959646,0.831614
2730,482310,205.0,233.35,,2.360106520652771,189.16875433921814,171,,"0.447455,0.395600,1.708156,1.694356",,,0.411038,6.777115,4.959646,0.831614
2731,482511,201.0,232.5,,2.360106520652771,189.16875433921814,171,,"0.447455,0.395600,1.708156,1.694356",,,0.411038,6.777115,4.959646,0.831614
2732,482728,217.0,232.1,,2.360106520652771,189.16875433921814,171,,"0.447455,0.395600,1.708156,1.694356",,,0.411038,6.777115,4.959646,0.831614
2733,482934,206.0,231.8,,2.360106520652771,189.16875433921814,171,,"0.447455,0.395600,1.708156,1.694356",,,0.411038,6.777115,4.959646,0.831614
2734,483155,221.0,231.61,,2.360106520652771,189.16875433921814,171,,"0.447455,0.395600,1.708156,1.694356",,,0.411038,6.777115,4.959646,0.831614
2735,483369,214.0,231.57,,2.360106520652771,189.16875433921814,171,,"0.447455,0.395600,1.708156,1.694356",,,0.411038,6.777115,4.959646,0.831614
2736,483571,202.0,231.43,,2.3517478466033936,190.49590706825256,172,,"0.447751,0.396044,1.708650,1.698282",,,0.409594,6.794619,4.682201,0.844063
2737,483750,179.0,230.79,,2.3517478466033936,190.49590706825256,172,,"0.447751,0.396044,1.708650,1.698282",,,0.409594,6.794619,4.682201,0.844063
2738,483975,225.0,231.05,,2.3517478466033936,190.49590706825256,172,,"0.447751,0.396044,1.708650,1.698282",,,0.409594,6.794619,4.682201,0.844063
2739,484234,259.0,230.78,,2.3517478466033936,190.49590706825256,172,,"0.447751,0.396044,1.708650,1.698282",,,0.409594,6.794619,4.682201,0.844063
2740,484435,201.0,230.03,,2.3517478466033936,190.49590706825256,172,,"0.447751,0.396044,1.708650,1.698282",,,0.409594,6.794619,4.682201,0.844063
2741,484656,221.0,229.95,,2.3517478466033936,190.49590706825256,172,,"0.447751,0.396044,1.708650,1.698282",,,0.409594,6.794619,4.682201,0.844063
2742,484865,209.0,228.3,,2.3517478466033936,190.49590706825256,172,,"0.447751,0.396044,1.708650,1.698282",,,0.409594,6.794619,4.682201,0.844063
2743,485127,262.0,228.2,,2.3517478466033936,190.49590706825256,172,,"0.447751,0.396044,1.708650,1.698282",,,0.409594,6.794619,4.682201,0.844063
2744,485380,253.0,228.15,,2.3517478466033936,190.49590706825256,172,,"0.447751,0.396044,1.708650,1.698282",,,0.409594,6.794619,4.682201,0.844063
2745,485640,260.0,227.88,,2.3517478466033936,190.49590706825256,172,,"0.447751,0.396044,1.708650,1.698282",,,0.409594,6.794619,4.682201,0.844063
2746,485829,189.0,227.21,,2.3517478466033936,190.49590706825256,172,,"0.447751,0.396044,1.708650,1.698282",,,0.409594,6.794619,4.682201,0.844063
2747,485994,165.0,226.79,,2.3517478466033936,190.49590706825256,172,,"0.447751,0.396044,1.708650,1.698282",,,0.409594,6.794619,4.682201,0.844063
2748,486193,199.0,226.82,,2.3517478466033936,190.4964485168457,172,,"0.447751,0.396044,1.708650,1.698282",,,0.409594,6.794619,4.682201,0.844063
2749,486424,231.0,227.17,,2.3517478466033936,190.4964485168457,172,,"0.447751,0.396044,1.708650,1.698282",500.0,0.0,0.409594,6.794619,4.682201,0.844063
2750,486637,213.0,227.29,,2.3517478466033936,190.4974594116211,172,,"0.447751,0.396044,1.708650,1.698282",,,0.409594,6.794619,4.682201,0.844063
2751,486866,229.0,226.61,,2.3517478466033936,190.4974594116211,172,,"0.447751,0.396044,1.708650,1.698282",,,0.409594,6.794619,4.682201,0.844063
2752,487090,224.0,226.73,,2.3449698734283446,191.66465091705322,173,,"0.448156,0.396477,1.709202,1.701848",,,0.404995,6.811320,4.740613,0.843925
2753,487259,169.0,226.32,,2.3449698734283446,191.66465091705322,173,,"0.448156,0.396477,1.709202,1.701848",,,0.404995,6.811320,4.740613,0.843925
2754,487480,221.0,225.67,,2.3449698734283446,191.66465091705322,173,,"0.448156,0.396477,1.709202,1.701848",,,0.404995,6.811320,4.740613,0.843925
2755,487725,245.0,225.55,,2.3449698734283446,191.66465091705322,173,,"0.448156,0.396477,1.709202,1.701848",,,0.404995,6.811320,4.740613,0.843925
2756,487953,228.0,225.19,,2.3449698734283446,191.6656527519226,173,,"0.448156,0.396477,1.709202,1.701848",,,0.404995,6.811320,4.740613,0.843925
2757,488172,219.0,225.33,,2.3449698734283446,191.6656527519226,173,,"0.448156,0.396477,1.709202,1.701848",,,0.404995,6.811320,4.740613,0.843925
2758,488392,220.0,224.5,,2.3449698734283446,191.6656527519226,173,,"0.448156,0.396477,1.709202,1.701848",,,0.404995,6.811320,4.740613,0.843925
2759,488586,194.0,224.43,,2.3449698734283446,191.6656527519226,173,,"0.448156,0.396477,1.709202,1.701848",,,0.404995,6.811320,4.740613,0.843925
2760,488775,189.0,224.16,,2.3449698734283446,191.6656527519226,173,,"0.448156,0.396477,1.709202,1.701848",,,0.404995,6.811320,4.740613,0.843925
2761,489023,248.0,224.71,,2.3449698734283446,191.6656527519226,173,,"0.448156,0.396477,1.709202,1.701848",,,0.404995,6.811320,4.740613,0.843925
2762,489229,206.0,224.34,,2.3449698734283446,191.6656527519226,173,,"0.448156,0.396477,1.709202,1.701848",,,0.404995,6.811320,4.740613,0.843925
2763,489423,194.0,224.19,,2.3449698734283446,191.6656527519226,173,,"0.448156,0.396477,1.709202,1.701848",,,0.404995,6.811320,4.740613,0.843925
2764,489615,192.0,223.94,,2.3449698734283446,191.6656527519226,173,,"0.448156,0.396477,1.709202,1.701848",,,0.404995,6.811320,4.740613,0.843925
2765,489798,183.0,222.2,,2.3449698734283446,191.6656527519226,173,,"0.448156,0.396477,1.709202,1.701848",,,0.404995,6.811320,4.740613,0.843925
2766,489995,197.0,222.01,,2.3449698734283446,191.6656527519226,173,,"0.448156,0.396477,1.709202,1.701848",,,0.404995,6.811320,4.740613,0.843925
2767,490189,194.0,221.63,,2.3449698734283446,191.6656527519226,173,,"0.448156,0.396477,1.709202,1.701848",,,0.404995,6.811320,4.740613,0.843925
2768,490410,221.0,221.27,,2.3371307754516604,193.02918195724487,174,,"0.448901,0.396741,1.710928,1.705976",,,0.403987,6.833480,4.514974,0.854576
2769,490595,185.0,220.88,,2.3371307754516604,193.02918195724487,174,,"0.448901,0.396741,1.710928,1.705976",,,0.403987,6.833480,4.514974,0.854576
2770,490839,244.0,219.86,,2.3371307754516604,193.02918195724487,174,,"0.448901,0.396741,1.710928,1.705976",,,0.403987,6.833480,4.514974,0.854576
2771,491035,196.0,219.11,,2.3371307754516604,193.02918195724487,174,,"0.448901,0.396741,1.710928,1.705976",,,0.403987,6.833480,4.514974,0.854576
2772,491217,182.0,218.55,,2.3371307754516604,193.02918195724487,174,,"0.448901,0.396741,1.710928,1.705976",,,0.403987,6.833480,4.514974,0.854576
2773,491431,214.0,218.7,,2.3371307754516604,193.02918195724487,174,,"0.448901,0.396741,1.710928,1.705976",,,0.403987,6.833480,4.514974,0.854576
2774,491627,196.0,218.0,,2.3371307754516604,193.02918195724487,174,,"0.448901,0.396741,1.710928,1.705976",,,0.403987,6.833480,4.514974,0.854576
2775,491881,254.0,218.29,,2.3371307754516604,193.0301821231842,174,,"0.448901,0.396741,1.710928,1.705976",,,0.403987,6.833480,4.514974,0.854576
2776,492092,211.0,216.85,,2.3371307754516604,193.0301821231842,174,,"0.448901,0.396741,1.710928,1.705976",,,0.403987,6.833480,4.514974,0.854576
2777,492323,231.0,217.2,,2.3371307754516604,193.0301821231842,174,,"0.448901,0.396741,1.710928,1.705976",,,0.403987,6.833480,4.514974,0.854576
2778,492588,265.0,217.39,,2.3371307754516604,193.0301821231842,174,,"0.448901,0.396741,1.710928,1.705976",,,0.403987,6.833480,4.514974,0.854576
2779,492791,203.0,217.38,,2.3371307754516604,193.0301821231842,174,,"0.448901,0.396741,1.710928,1.705976",,,0.403987,6.833480,4.514974,0.854576
2780,492989,198.0,216.95,,2.3371307754516604,193.0301821231842,174,,"0.448901,0.396741,1.710928,1.705976",,,0.403987,6.833480,4.514974,0.854576
2781,493214,225.0,217.1,,2.3371307754516604,193.0301821231842,174,,"0.448901,0.396741,1.710928,1.705976",,,0.403987,6.833480,4.514974,0.854576
2782,493435,221.0,216.62,,2.3371307754516604,193.0301821231842,174,,"0.448901,0.396741,1.710928,1.705976",,,0.403987,6.833480,4.514974,0.854576
2783,493639,204.0,216.25,,2.3371307754516604,193.0301821231842,174,,"0.448901,0.396741,1.710928,1.705976",,,0.403987,6.833480,4.514974,0.854576
2784,493857,218.0,216.39,,2.3297654294967653,194.2898736000061,175,,"0.450826,0.397054,1.713276,1.709854",,,0.407150,6.854856,4.519742,0.858333
2785,494071,214.0,216.43,,2.3297654294967653,194.2898736000061,175,,"0.450826,0.397054,1.713276,1.709854",,,0.407150,6.854856,4.519742,0.858333
2786,494236,165.0,214.97,,2.3297654294967653,194.2898736000061,175,,"0.450826,0.397054,1.713276,1.709854",,,0.407150,6.854856,4.519742,0.858333
2787,494419,183.0,214.01,,2.3297654294967653,194.2898736000061,175,,"0.450826,0.397054,1.713276,1.709854",,,0.407150,6.854856,4.519742,0.858333
2788,494619,200.0,213.8,,2.3297654294967653,194.2898736000061,175,,"0.450826,0.397054,1.713276,1.709854",,,0.407150,6.854856,4.519742,0.858333
2789,494828,209.0,214.28,,2.3297654294967653,194.2898736000061,175,,"0.450826,0.397054,1.713276,1.709854",,,0.407150,6.854856,4.519742,0.858333
2790,495080,252.0,214.91,,2.3297654294967653,194.2898736000061,175,,"0.450826,0.397054,1.713276,1.709854",,,0.407150,6.854856,4.519742,0.858333
2791,495288,208.0,214.66,,2.3297654294967653,194.2898736000061,175,,"0.450826,0.397054,1.713276,1.709854",,,0.407150,6.854856,4.519742,0.858333
2792,495507,219.0,214.99,,2.3297654294967653,194.2898736000061,175,,"0.450826,0.397054,1.713276,1.709854",,,0.407150,6.854856,4.519742,0.858333
2793,495717,210.0,214.9,,2.3297654294967653,194.2898736000061,175,,"0.450826,0.397054,1.713276,1.709854",,,0.407150,6.854856,4.519742,0.858333
2794,495907,190.0,214.78,,2.3297654294967653,194.2898736000061,175,,"0.450826,0.397054,1.713276,1.709854",,,0.407150,6.854856,4.519742,0.858333
2795,496174,267.0,215.64,,2.3297654294967653,194.2898736000061,175,,"0.450826,0.397054,1.713276,1.709854",,,0.407150,6.854856,4.519742,0.858333
2796,496409,235.0,216.0,,2.3297654294967653,194.2898736000061,175,,"0.450826,0.397054,1.713276,1.709854",,,0.407150,6.854856,4.519742,0.858333
2797,496583,174.0,215.25,,2.3297654294967653,194.2898736000061,175,,"0.450826,0.397054,1.713276,1.709854",,,0.407150,6.854856,4.519742,0.858333
2798,496767,184.0,215.01,,2.3297654294967653,194.2898736000061,175,,"0.450826,0.397054,1.713276,1.709854",,,0.407150,6.854856,4.519742,0.858333
2799,496966,199.0,214.96,,2.3297654294967653,194.2898736000061,175,,"0.450826,0.397054,1.713276,1.709854",500.0,0.0,0.407150,6.854856,4.519742,0.858333
2800,497226,260.0,214.72,,2.3221384191513064,195.68203592300415,176,,"0.452070,0.397021,1.716223,1.714937",,,0.402001,6.882039,4.221447,0.861689
2801,497414,188.0,214.26,,2.3221384191513064,195.68203592300415,176,,"0.452070,0.397021,1.716223,1.714937",,,0.402001,6.882039,4.221447,0.861689
2802,497610,196.0,213.36,,2.3221384191513064,195.68203592300415,176,,"0.452070,0.397021,1.716223,1.714937",,,0.402001,6.882039,4.221447,0.861689
2803,497867,257.0,213.66,,2.3221384191513064,195.68203592300415,176,,"0.452070,0.397021,1.716223,1.714937",,,0.402001,6.882039,4.221447,0.861689
2804,498084,217.0,213.76,,2.3221384191513064,195.68203592300415,176,,"0.452070,0.397021,1.716223,1.714937",,,0.402001,6.882039,4.221447,0.861689
2805,498306,222.0,213.94,,2.3221384191513064,195.68203592300415,176,,"0.452070,0.397021,1.716223,1.714937",,,0.402001,6.882039,4.221447,0.861689
2806,498542,236.0,213.93,,2.3221384191513064,195.68203592300415,176,,"0.452070,0.397021,1.716223,1.714937",,,0.402001,6.882039,4.221447,0.861689
2807,498758,216.0,213.92,,2.3221384191513064,195.68203592300415,176,,"0.452070,0.397021,1.716223,1.714937",,,0.402001,6.882039,4.221447,0.861689
2808,499009,251.0,214.69,,2.3221384191513064,195.68203592300415,176,,"0.452070,0.397021,1.716223,1.714937",,,0.402001,6.882039,4.221447,0.861689
2809,499223,214.0,214.38,,2.3221384191513064,195.68203592300415,176,,"0.452070,0.397021,1.716223,1.714937",,,0.402001,6.882039,4.221447,0.861689
2810,499500,277.0,215.11,,2.3221384191513064,195.68203592300415,176,,"0.452070,0.397021,1.716223,1.714937",,,0.402001,6.882039,4.221447,0.861689
2811,499692,192.0,215.12,,2.3221384191513064,195.68203592300415,176,,"0.452070,0.397021,1.716223,1.714937",,,0.402001,6.882039,4.221447,0.861689
2812,499970,278.0,216.14,,2.3221384191513064,195.68203592300415,176,,"0.452070,0.397021,1.716223,1.714937",,,0.402001,6.882039,4.221447,0.861689
2813,500172,202.0,216.03,,2.3221384191513064,195.68303561210632,176,,"0.452070,0.397021,1.716223,1.714937",,,0.402001,6.882039,4.221447,0.861689
2814,500367,195.0,216.02,,2.3221384191513064,195.68303561210632,176,,"0.452070,0.397021,1.716223,1.714937",,,0.402001,6.882039,4.221447,0.861689
2815,500591,224.0,215.04,,2.3221384191513064,195.68303561210632,176,,"0.452070,0.397021,1.716223,1.714937",,,0.402001,6.882039,4.221447,0.861689
2816,500795,204.0,215.33,,2.3126763010025027,197.06331658363342,177,,"0.452974,0.396888,1.719220,1.721133",,,0.402122,6.913862,4.079455,0.856831
2817,501028,233.0,214.95,,2.3126763010025027,197.06331658363342,177,,"0.452974,0.396888,1.719220,1.721133",,,0.402122,6.913862,4.079455,0.856831
2818,501251,223.0,215.27,,2.3126763010025027,197.06331658363342,177,,"0.452974,0.396888,1.719220,1.721133",,,0.402122,6.913862,4.079455,0.856831
2819,501488,237.0,215.74,,2.3126763010025027,197.06331658363342,177,,"0.452974,0.396888,1.719220,1.721133",,,0.402122,6.913862,4.079455,0.856831
2820,501689,201.0,216.1,,2.3126763010025027,197.06331658363342,177,,"0.452974,0.396888,1.719220,1.721133",,,0.402122,6.913862,4.079455,0.856831
2821,501949,260.0,216.81,,2.3126763010025027,197.06331658363342,177,,"0.452974,0.396888,1.719220,1.721133",,,0.402122,6.913862,4.079455,0.856831
2822,502230,281.0,217.8,,2.3126763010025027,197.06331658363342,177,,"0.452974,0.396888,1.719220,1.721133",,,0.402122,6.913862,4.079455,0.856831
2823,502454,224.0,218.07,,2.3126763010025027,197.06331658363342,177,,"0.452974,0.396888,1.719220,1.721133",,,0.402122,6.913862,4.079455,0.856831
2824,502712,258.0,218.41,,2.3126763010025027,197.06331658363342,177,,"0.452974,0.396888,1.719220,1.721133",,,0.402122,6.913862,4.079455,0.856831
2825,502917,205.0,216.6,,2.3126763010025027,197.06331658363342,177,,"0.452974,0.396888,1.719220,1.721133",,,0.402122,6.913862,4.079455,0.856831
2826,503204,287.0,217.23,,2.3126763010025027,197.06484365463257,177,,"0.452974,0.396888,1.719220,1.721133",,,0.402122,6.913862,4.079455,0.856831
2827,503468,264.0,217.84,,2.3126763010025027,197.06484365463257,177,,"0.452974,0.396888,1.719220,1.721133",,,0.402122,6.913862,4.079455,0.856831
2828,503658,190.0,217.98,,2.3126763010025027,197.06484365463257,177,,"0.452974,0.396888,1.719220,1.721133",,,0.402122,6.913862,4.079455,0.856831
2829,503922,264.0,218.17,,2.3126763010025027,197.06484365463257,177,,"0.452974,0.396888,1.719220,1.721133",,,0.402122,6.913862,4.079455,0.856831
2830,504140,218.0,218.3,,2.3126763010025027,197.06484365463257,177,,"0.452974,0.396888,1.719220,1.721133",,,0.402122,6.913862,4.079455,0.856831
2831,504369,229.0,218.58,,2.3126763010025027,197.06484365463257,177,,"0.452974,0.396888,1.719220,1.721133",,,0.402122,6.913862,4.079455,0.856831
2832,504594,225.0,218.66,,2.3036602425575254,198.5097427368164,178,,"0.454312,0.396579,1.722447,1.727594",,,0.398958,6.945944,3.963631,0.842780
2833,504840,246.0,219.06,,2.3036602425575254,198.5097427368164,178,,"0.454312,0.396579,1.722447,1.727594",,,0.398958,6.945944,3.963631,0.842780
2834,505043,203.0,218.88,,2.3036602425575254,198.5097427368164,178,,"0.454312,0.396579,1.722447,1.727594",,,0.398958,6.945944,3.963631,0.842780
2835,505348,305.0,219.79,,2.3036602425575254,198.5097427368164,178,,"0.454312,0.396579,1.722447,1.727594",,,0.398958,6.945944,3.963631,0.842780
2836,505615,267.0,220.44,,2.3036602425575254,198.5097427368164,178,,"0.454312,0.396579,1.722447,1.727594",,,0.398958,6.945944,3.963631,0.842780
2837,505923,308.0,221.73,,2.3036602425575254,198.5097427368164,178,,"0.454312,0.396579,1.722447,1.727594",,,0.398958,6.945944,3.963631,0.842780
2838,506165,242.0,221.9,,2.3036602425575254,198.5097427368164,178,,"0.454312,0.396579,1.722447,1.727594",,,0.398958,6.945944,3.963631,0.842780
2839,506474,309.0,222.4,,2.3036602425575254,198.5097427368164,178,,"0.454312,0.396579,1.722447,1.727594",,,0.398958,6.945944,3.963631,0.842780
2840,506746,272.0,223.11,,2.3036602425575254,198.5097427368164,178,,"0.454312,0.396579,1.722447,1.727594",,,0.398958,6.945944,3.963631,0.842780
2841,506965,219.0,223.09,,2.3036602425575254,198.5097427368164,178,,"0.454312,0.396579,1.722447,1.727594",,,0.398958,6.945944,3.963631,0.842780
2842,507270,305.0,224.05,,2.3036602425575254,198.5097427368164,178,,"0.454312,0.396579,1.722447,1.727594",,,0.398958,6.945944,3.963631,0.842780
2843,507539,269.0,224.12,,2.3036602425575254,198.5097427368164,178,,"0.454312,0.396579,1.722447,1.727594",,,0.398958,6.945944,3.963631,0.842780
2844,507805,266.0,224.25,,2.3036602425575254,198.5097427368164,178,,"0.454312,0.396579,1.722447,1.727594",,,0.398958,6.945944,3.963631,0.842780
2845,508131,326.0,224.91,,2.3036602425575254,198.5097427368164,178,,"0.454312,0.396579,1.722447,1.727594",,,0.398958,6.945944,3.963631,0.842780
2846,508389,258.0,225.6,,2.3036602425575254,198.5097427368164,178,,"0.454312,0.396579,1.722447,1.727594",,,0.398958,6.945944,3.963631,0.842780
2847,508622,233.0,226.28,,2.3036602425575254,198.5097427368164,178,,"0.454312,0.396579,1.722447,1.727594",,,0.398958,6.945944,3.963631,0.842780
2848,509122,500.0,229.29,,2.2933501482009886,200.61606097221375,179,,"0.455444,0.396103,1.725463,1.733889",,,0.390856,6.976446,3.642275,0.825514
2849,509481,359.0,230.57,,2.2933501482009886,200.61709427833557,179,,"0.455444,0.396103,1.725463,1.733889",500.0,0.0,0.390856,6.976446,3.642275,0.825514
2850,509973,492.0,233.36,,2.2933501482009886,200.61809396743774,179,,"0.455444,0.396103,1.725463,1.733889",,,0.390856,6.976446,3.642275,0.825514
2851,510264,291.0,233.98,,2.2933501482009886,200.61809396743774,179,,"0.455444,0.396103,1.725463,1.733889",,,0.390856,6.976446,3.642275,0.825514
2852,510544,280.0,234.54,,2.2933501482009886,200.61809396743774,179,,"0.455444,0.396103,1.725463,1.733889",,,0.390856,6.976446,3.642275,0.825514
2853,510884,340.0,236.25,,2.2933501482009886,200.61809396743774,179,,"0.455444,0.396103,1.725463,1.733889",,,0.390856,6.976446,3.642275,0.825514
2854,511255,371.0,237.75,,2.2933501482009886,200.61809396743774,179,,"0.455444,0.396103,1.725463,1.733889",,,0.390856,6.976446,3.642275,0.825514
2855,511547,292.0,238.22,,2.2933501482009886,200.61809396743774,179,,"0.455444,0.396103,1.725463,1.733889",,,0.390856,6.976446,3.642275,0.825514
2856,511945,398.0,239.92,,2.2933501482009886,200.61809396743774,179,,"0.455444,0.396103,1.725463,1.733889",,,0.390856,6.976446,3.642275,0.825514
2857,512229,284.0,240.57,,2.2933501482009886,200.61809396743774,179,,"0.455444,0.396103,1.725463,1.733889",,,0.390856,6.976446,3.642275,0.825514
2858,512475,246.0,240.83,,2.2933501482009886,200.61809396743774,179,,"0.455444,0.396103,1.725463,1.733889",,,0.390856,6.976446,3.642275,0.825514
2859,512855,380.0,242.69,,2.2933501482009886,200.61809396743774,179,,"0.455444,0.396103,1.725463,1.733889",,,0.390856,6.976446,3.642275,0.825514
2860,513174,319.0,243.99,,2.2933501482009886,200.61809396743774,179,,"0.455444,0.396103,1.725463,1.733889",,,0.390856,6.976446,3.642275,0.825514
2861,513520,346.0,244.97,,2.2933501482009886,200.61859846115112,179,,"0.455444,0.396103,1.725463,1.733889",,,0.390856,6.976446,3.642275,0.825514
2862,513852,332.0,246.23,,2.2933501482009886,200.61859846115112,179,,"0.455444,0.396103,1.725463,1.733889",,,0.390856,6.976446,3.642275,0.825514
2863,514121,269.0,246.98,,2.2933501482009886,200.61859846115112,179,,"0.455444,0.396103,1.725463,1.733889",,,0.390856,6.976446,3.642275,0.825514
2864,514621,500.0,250.06,,2.2729573106765746,203.065101146698,180,,"0.456543,0.395607,1.728080,1.739748",,,0.381688,7.004078,2.743646,0.830198
2865,515121,500.0,253.23,,2.2729573106765746,203.065101146698,180,,"0.456543,0.395607,1.728080,1.739748",,,0.381688,7.004078,2.743646,0.830198
2866,515621,500.0,256.26,,2.2729573106765746,203.065101146698,180,,"0.456543,0.395607,1.728080,1.739748",,,0.381688,7.004078,2.743646,0.830198
2867,516110,489.0,259.21,,2.2729573106765746,203.065101146698,180,,"0.456543,0.395607,1.728080,1.739748",,,0.381688,7.004078,2.743646,0.830198
2868,516589,479.0,261.79,,2.2729573106765746,203.065101146698,180,,"0.456543,0.395607,1.728080,1.739748",,,0.381688,7.004078,2.743646,0.830198
2869,516977,388.0,263.82,,2.2729573106765746,203.065101146698,180,,"0.456543,0.395607,1.728080,1.739748",,,0.381688,7.004078,2.743646,0.830198
2870,517477,500.0,266.38,,2.2729573106765746,203.065101146698,180,,"0.456543,0.395607,1.728080,1.739748",,,0.381688,7.004078,2.743646,0.830198
2871,517871,394.0,268.36,,2.2729573106765746,203.065101146698,180,,"0.456543,0.395607,1.728080,1.739748",,,0.381688,7.004078,2.743646,0.830198
2872,518193,322.0,269.76,,2.2729573106765746,203.065101146698,180,,"0.456543,0.395607,1.728080,1.739748",,,0.381688,7.004078,2.743646,0.830198
2873,518693,500.0,272.62,,2.2729573106765746,203.065101146698,180,,"0.456543,0.395607,1.728080,1.739748",,,0.381688,7.004078,2.743646,0.830198
2874,519028,335.0,274.01,,2.2729573106765746,203.065101146698,180,,"0.456543,0.395607,1.728080,1.739748",,,0.381688,7.004078,2.743646,0.830198
2875,519528,500.0,276.47,,2.2729573106765746,203.065101146698,180,,"0.456543,0.395607,1.728080,1.739748",,,0.381688,7.004078,2.743646,0.830198
2876,520028,500.0,279.36,,2.2729573106765746,203.065101146698,180,,"0.456543,0.395607,1.728080,1.739748",,,0.381688,7.004078,2.743646,0.830198
2877,520358,330.0,280.35,,2.2729573106765746,203.0661015510559,180,,"0.456543,0.395607,1.728080,1.739748",,,0.381688,7.004078,2.743646,0.830198
2878,520706,348.0,281.18,,2.2729573106765746,203.0661015510559,180,,"0.456543,0.395607,1.728080,1.739748",,,0.381688,7.004078,2.743646,0.830198
2879,521206,500.0,284.15,,2.2729573106765746,203.0661015510559,180,,"0.456543,0.395607,1.728080,1.739748",,,0.381688,7.004078,2.743646,0.830198
2880,521706,500.0,287.17,,2.25118771314621,205.40544414520264,181,,"0.456964,0.395286,1.730345,1.745782",,,0.370791,7.032139,2.446965,0.802547
2881,521977,271.0,287.63,,2.25118771314621,205.40544414520264,181,,"0.456964,0.395286,1.730345,1.745782",,,0.370791,7.032139,2.446965,0.802547
2882,522287,310.0,288.52,,2.25118771314621,205.40544414520264,181,,"0.456964,0.395286,1.730345,1.745782",,,0.370791,7.032139,2.446965,0.802547
2883,522622,335.0,289.83,,2.25118771314621,205.40544414520264,181,,"0.456964,0.395286,1.730345,1.745782",,,0.370791,7.032139,2.446965,0.802547
2884,523122,500.0,292.65,,2.25118771314621,205.40544414520264,181,,"0.456964,0.395286,1.730345,1.745782",,,0.370791,7.032139,2.446965,0.802547
2885,523622,500.0,295.51,,2.25118771314621,205.40544414520264,181,,"0.456964,0.395286,1.730345,1.745782",,,0.370791,7.032139,2.446965,0.802547
2886,523949,327.0,297.13,,2.25118771314621,205.40544414520264,181,,"0.456964,0.395286,1.730345,1.745782",,,0.370791,7.032139,2.446965,0.802547
2887,524449,500.0,300.3,,2.25118771314621,205.40544414520264,181,,"0.456964,0.395286,1.730345,1.745782",,,0.370791,7.032139,2.446965,0.802547
2888,524949,500.0,303.3,,2.25118771314621,205.40544414520264,181,,"0.456964,0.395286,1.730345,1.745782",,,0.370791,7.032139,2.446965,0.802547
2889,525449,500.0,306.21,,2.25118771314621,205.40544414520264,181,,"0.456964,0.395286,1.730345,1.745782",,,0.370791,7.032139,2.446965,0.802547
2890,525911,462.0,308.31,,2.25118771314621,205.40596103668213,181,,"0.456964,0.395286,1.730345,1.745782",,,0.370791,7.032139,2.446965,0.802547
2891,526411,500.0,311.23,,2.25118771314621,205.40596103668213,181,,"0.456964,0.395286,1.730345,1.745782",,,0.370791,7.032139,2.446965,0.802547
2892,526911,500.0,314.04,,2.25118771314621,205.40596103668213,181,,"0.456964,0.395286,1.730345,1.745782",,,0.370791,7.032139,2.446965,0.802547
2893,527337,426.0,316.2,,2.25118771314621,205.40596103668213,181,,"0.456964,0.395286,1.730345,1.745782",,,0.370791,7.032139,2.446965,0.802547
2894,527837,500.0,319.3,,2.25118771314621,205.40596103668213,181,,"0.456964,0.395286,1.730345,1.745782",,,0.370791,7.032139,2.446965,0.802547
2895,528118,281.0,319.44,,2.25118771314621,205.40596103668213,181,,"0.456964,0.395286,1.730345,1.745782",,,0.370791,7.032139,2.446965,0.802547
2896,528406,288.0,319.97,,2.243483226299286,207.59542322158813,182,,"0.458435,0.394647,1.732347,1.750971",,,0.364358,7.055714,3.847059,0.782585
2897,528831,425.0,322.48,,2.243483226299286,207.59542322158813,182,,"0.458435,0.394647,1.732347,1.750971",,,0.364358,7.055714,3.847059,0.782585
2898,529331,500.0,325.64,,2.243483226299286,207.59542322158813,182,,"0.458435,0.394647,1.732347,1.750971",,,0.364358,7.055714,3.847059,0.782585
2899,529577,246.0,326.11,,2.243483226299286,207.59542322158813,182,,"0.458435,0.394647,1.732347,1.750971",500.0,0.0,0.364358,7.055714,3.847059,0.782585
2900,529877,300.0,326.51,,2.243483226299286,207.59542322158813,182,,"0.458435,0.394647,1.732347,1.750971",,,0.364358,7.055714,3.847059,0.782585
2901,530278,401.0,328.64,,2.243483226299286,207.59542322158813,182,,"0.458435,0.394647,1.732347,1.750971",,,0.364358,7.055714,3.847059,0.782585
2902,530607,329.0,329.97,,2.243483226299286,207.59542322158813,182,,"0.458435,0.394647,1.732347,1.750971",,,0.364358,7.055714,3.847059,0.782585
2903,530804,197.0,329.37,,2.243483226299286,207.59542322158813,182,,"0.458435,0.394647,1.732347,1.750971",,,0.364358,7.055714,3.847059,0.782585
2904,531139,335.0,330.55,,2.243483226299286,207.59542322158813,182,,"0.458435,0.394647,1.732347,1.750971",,,0.364358,7.055714,3.847059,0.782585
2905,531404,265.0,330.98,,2.243483226299286,207.59542322158813,182,,"0.458435,0.394647,1.732347,1.750971",,,0.364358,7.055714,3.847059,0.782585
2906,531792,388.0,332.5,,2.243483226299286,207.59542322158813,182,,"0.458435,0.394647,1.732347,1.750971",,,0.364358,7.055714,3.847059,0.782585
2907,532089,297.0,333.31,,2.243483226299286,207.59542322158813,182,,"0.458435,0.394647,1.732347,1.750971",,,0.364358,7.055714,3.847059,0.782585
2908,532382,293.0,333.73,,2.243483226299286,207.59542322158813,182,,"0.458435,0.394647,1.732347,1.750971",,,0.364358,7.055714,3.847059,0.782585
2909,532686,304.0,334.63,,2.243483226299286,207.59542322158813,182,,"0.458435,0.394647,1.732347,1.750971",,,0.364358,7.055714,3.847059,0.782585
2910,533034,348.0,335.34,,2.243483226299286,207.59542322158813,182,,"0.458435,0.394647,1.732347,1.750971",,,0.364358,7.055714,3.847059,0.782585
2911,533246,212.0,335.54,,2.243483226299286,207.59542322158813,182,,"0.458435,0.394647,1.732347,1.750971",,,0.364358,7.055714,3.847059,0.782585
2912,533431,185.0,334.61,,2.2445954298973083,209.05056476593018,183,,"0.459057,0.394597,1.733773,1.755969",,,0.360971,7.078017,4.664827,0.783918
2913,533674,243.0,335.02,,2.2445954298973083,209.05056476593018,183,,"0.459057,0.394597,1.733773,1.755969",,,0.360971,7.078017,4.664827,0.783918
2914,533884,210.0,335.17,,2.2445954298973083,209.05056476593018,183,,"0.459057,0.394597,1.733773,1.755969",,,0.360971,7.078017,4.664827,0.783918
2915,534132,248.0,335.41,,2.2445954298973083,209.05056476593018,183,,"0.459057,0.394597,1.733773,1.755969",,,0.360971,7.078017,4.664827,0.783918
2916,534446,314.0,336.51,,2.2445954298973083,209.05056476593018,183,,"0.459057,0.394597,1.733773,1.755969",,,0.360971,7.078017,4.664827,0.783918
2917,534729,283.0,337.01,,2.2445954298973083,209.05056476593018,183,,"0.459057,0.394597,1.733773,1.755969",,,0.360971,7.078017,4.664827,0.783918
2918,535013,284.0,337.62,,2.2445954298973083,209.05056476593018,183,,"0.459057,0.394597,1.733773,1.755969",,,0.360971,7.078017,4.664827,0.783918
2919,535205,192.0,337.17,,2.2445954298973083,209.05056476593018,183,,"0.459057,0.394597,1.733773,1.755969",,,0.360971,7.078017,4.664827,0.783918
2920,535373,168.0,336.84,,2.2445954298973083,209.05056476593018,183,,"0.459057,0.394597,1.733773,1.755969",,,0.360971,7.078017,4.664827,0.783918
2921,535615,242.0,336.66,,2.2445954298973083,209.05056476593018,183,,"0.459057,0.394597,1.733773,1.755969",,,0.360971,7.078017,4.664827,0.783918
2922,535835,220.0,336.05,,2.2445954298973083,209.05056476593018,183,,"0.459057,0.394597,1.733773,1.755969",,,0.360971,7.078017,4.664827,0.783918
2923,536084,249.0,336.3,,2.2445954298973083,209.05156469345093,183,,"0.459057,0.394597,1.733773,1.755969",,,0.360971,7.078017,4.664827,0.783918
2924,536390,306.0,336.78,,2.2445954298973083,209.05156469345093,183,,"0.459057,0.394597,1.733773,1.755969",,,0.360971,7.078017,4.664827,0.783918
2925,536653,263.0,337.36,,2.2445954298973083,209.05156469345093,183,,"0.459057,0.394597,1.733773,1.755969",,,0.360971,7.078017,4.664827,0.783918
2926,536887,234.0,336.83,,2.2445954298973083,209.05156469345093,183,,"0.459057,0.394597,1.733773,1.755969",,,0.360971,7.078017,4.664827,0.783918
2927,537170,283.0,337.02,,2.2445954298973083,209.05156469345093,183,,"0.459057,0.394597,1.733773,1.755969",,,0.360971,7.078017,4.664827,0.783918
2928,537394,224.0,337.36,,2.2462431597709656,210.30510759353638,184,,"0.458710,0.395045,1.734821,1.760963",,,0.362171,7.100151,4.878101,0.790099
2929,537571,177.0,336.49,,2.2462431597709656,210.30510759353638,184,,"0.458710,0.395045,1.734821,1.760963",,,0.362171,7.100151,4.878101,0.790099
2930,537777,206.0,336.37,,2.2462431597709656,210.30510759353638,184,,"0.458710,0.395045,1.734821,1.760963",,,0.362171,7.100151,4.878101,0.790099
2931,538023,246.0,336.54,,2.2462431597709656,210.30510759353638,184,,"0.458710,0.395045,1.734821,1.760963",,,0.362171,7.100151,4.878101,0.790099
2932,538209,186.0,336.15,,2.2462431597709656,210.30510759353638,184,,"0.458710,0.395045,1.734821,1.760963",,,0.362171,7.100151,4.878101,0.790099
2933,538437,228.0,335.97,,2.2462431597709656,210.30510759353638,184,,"0.458710,0.395045,1.734821,1.760963",,,0.362171,7.100151,4.878101,0.790099
2934,538669,232.0,336.26,,2.2462431597709656,210.30510759353638,184,,"0.458710,0.395045,1.734821,1.760963",,,0.362171,7.100151,4.878101,0.790099
2935,538921,252.0,335.73,,2.2462431597709656,210.30510759353638,184,,"0.458710,0.395045,1.734821,1.760963",,,0.362171,7.100151,4.878101,0.790099
2936,539195,274.0,335.8,,2.2462431597709656,210.30510759353638,184,,"0.458710,0.395045,1.734821,1.760963",,,0.362171,7.100151,4.878101,0.790099
2937,539472,277.0,335.49,,2.2462431597709656,210.30610847473145,184,,"0.458710,0.395045,1.734821,1.760963",,,0.362171,7.100151,4.878101,0.790099
2938,539704,232.0,335.39,,2.2462431597709656,210.30610847473145,184,,"0.458710,0.395045,1.734821,1.760963",,,0.362171,7.100151,4.878101,0.790099
2939,539907,203.0,334.33,,2.2462431597709656,210.30610847473145,184,,"0.458710,0.395045,1.734821,1.760963",,,0.362171,7.100151,4.878101,0.790099
2940,540081,174.0,333.35,,2.2462431597709656,210.30610847473145,184,,"0.458710,0.395045,1.734821,1.760963",,,0.362171,7.100151,4.878101,0.790099
2941,540338,257.0,333.73,,2.2462431597709656,210.30610847473145,184,,"0.458710,0.395045,1.734821,1.760963",,,0.362171,7.100151,4.878101,0.790099
2942,540575,237.0,333.05,,2.2462431597709656,210.30610847473145,184,,"0.458710,0.395045,1.734821,1.760963",,,0.362171,7.100151,4.878101,0.790099
2943,540786,211.0,332.47,,2.2462431597709656,210.30610847473145,184,,"0.458710,0.395045,1.734821,1.760963",,,0.362171,7.100151,4.878101,0.790099
2944,540990,204.0,331.85,,2.252816903591156,211.3989279270172,185,,"0.457696,0.395962,1.735285,1.766081",,,0.360501,7.122737,5.417288,0.793901
2945,541184,194.0,330.53,,2.252816903591156,211.3989279270172,185,,"0.457696,0.395962,1.735285,1.766081",,,0.360501,7.122737,5.417288,0.793901
2946,541361,177.0,329.72,,2.252816903591156,211.3989279270172,185,,"0.457696,0.395962,1.735285,1.766081",,,0.360501,7.122737,5.417288,0.793901
2947,541534,173.0,329.12,,2.252816903591156,211.3989279270172,185,,"0.457696,0.395962,1.735285,1.766081",,,0.360501,7.122737,5.417288,0.793901
2948,541733,199.0,326.11,,2.252816903591156,211.3989279270172,185,,"0.457696,0.395962,1.735285,1.766081",,,0.360501,7.122737,5.417288,0.793901
2949,541914,181.0,324.33,,2.252816903591156,211.3989279270172,185,,"0.457696,0.395962,1.735285,1.766081",202.2,14.2464030548065,0.360501,7.122737,5.417288,0.793901
2950,542073,159.0,321.0,,2.252816903591156,211.3989279270172,185,,"0.457696,0.395962,1.735285,1.766081",,,0.360501,7.122737,5.417288,0.793901
2951,542282,209.0,320.18,,2.252816903591156,211.3989279270172,185,,"0.457696,0.395962,1.735285,1.766081",,,0.360501,7.122737,5.417288,0.793901
2952,542468,186.0,319.24,,2.252816903591156,211.3989279270172,185,,"0.457696,0.395962,1.735285,1.766081",,,0.360501,7.122737,5.417288,0.793901
2953,542640,172.0,317.56,,2.252816903591156,211.3989279270172,185,,"0.457696,0.395962,1.735285,1.766081",,,0.360501,7.122737,5.417288,0.793901
2954,542809,169.0,315.54,,2.252816903591156,211.3989279270172,185,,"0.457696,0.395962,1.735285,1.766081",,,0.360501,7.122737,5.417288,0.793901
2955,543080,271.0,315.33,,2.252816903591156,211.3989279270172,185,,"0.457696,0.395962,1.735285,1.766081",,,0.360501,7.122737,5.417288,0.793901
2956,543258,178.0,313.13,,2.252816903591156,211.3989279270172,185,,"0.457696,0.395962,1.735285,1.766081",,,0.360501,7.122737,5.417288,0.793901
2957,543453,195.0,312.24,,2.252816903591156,211.3989279270172,185,,"0.457696,0.395962,1.735285,1.766081",,,0.360501,7.122737,5.417288,0.793901
2958,543653,200.0,311.78,,2.252816903591156,211.3989279270172,185,,"0.457696,0.395962,1.735285,1.766081",,,0.360501,7.122737,5.417288,0.793901
2959,543806,153.0,309.51,,2.252816903591156,211.3989279270172,185,,"0.457696,0.395962,1.735285,1.766081",,,0.360501,7.122737,5.417288,0.793901
2960,543991,185.0,308.17,,2.25696679353714,212.4213366508484,186,,"0.456588,0.397011,1.735402,1.770943",,,0.358871,7.144166,5.427711,0.802694
2961,544171,180.0,306.51,,2.25696679353714,212.4213366508484,186,,"0.456588,0.397011,1.735402,1.770943",,,0.358871,7.144166,5.427711,0.802694
2962,544433,262.0,305.81,,2.25696679353714,212.4213366508484,186,,"0.456588,0.397011,1.735402,1.770943",,,0.358871,7.144166,5.427711,0.802694
2963,544634,201.0,305.13,,2.25696679353714,212.4213366508484,186,,"0.456588,0.397011,1.735402,1.770943",,,0.358871,7.144166,5.427711,0.802694
2964,544784,150.0,301.63,,2.25696679353714,212.4213366508484,186,,"0.456588,0.397011,1.735402,1.770943",,,0.358871,7.144166,5.427711,0.802694
2965,544954,170.0,298.33,,2.25696679353714,212.4213366508484,186,,"0.456588,0.397011,1.735402,1.770943",,,0.358871,7.144166,5.427711,0.802694
2966,545161,207.0,295.4,,2.25696679353714,212.4213366508484,186,,"0.456588,0.397011,1.735402,1.770943",,,0.358871,7.144166,5.427711,0.802694
2967,545351,190.0,292.41,,2.25696679353714,212.4213366508484,186,,"0.456588,0.397011,1.735402,1.770943",,,0.358871,7.144166,5.427711,0.802694
2968,545539,188.0,289.5,,2.25696679353714,212.4213366508484,186,,"0.456588,0.397011,1.735402,1.770943",,,0.358871,7.144166,5.427711,0.802694
2969,545714,175.0,287.37,,2.25696679353714,212.42233872413635,186,,"0.456588,0.397011,1.735402,1.770943",,,0.358871,7.144166,5.427711,0.802694
2970,545889,175.0,284.12,,2.25696679353714,212.42233872413635,186,,"0.456588,0.397011,1.735402,1.770943",,,0.358871,7.144166,5.427711,0.802694
2971,546080,191.0,282.09,,2.25696679353714,212.42233872413635,186,,"0.456588,0.397011,1.735402,1.770943",,,0.358871,7.144166,5.427711,0.802694
2972,546271,191.0,280.78,,2.25696679353714,212.42233872413635,186,,"0.456588,0.397011,1.735402,1.770943",,,0.358871,7.144166,5.427711,0.802694
2973,546431,160.0,277.38,,2.25696679353714,212.42233872413635,186,,"0.456588,0.397011,1.735402,1.770943",,,0.358871,7.144166,5.427711,0.802694
2974,546611,180.0,275.83,,2.25696679353714,212.42233872413635,186,,"0.456588,0.397011,1.735402,1.770943",,,0.358871,7.144166,5.427711,0.802694
2975,546773,162.0,272.45,,2.25696679353714,212.42233872413635,186,,"0.456588,0.397011,1.735402,1.770943",,,0.358871,7.144166,5.427711,0.802694
2976,546962,189.0,269.34,,2.2625071692466734,213.39082193374634,187,,"0.456406,0.397341,1.736031,1.775705",,,0.358755,7.165456,5.385252,0.815697
2977,547125,163.0,267.67,,2.2625071692466734,213.39082193374634,187,,"0.456406,0.397341,1.736031,1.775705",,,0.358755,7.165456,5.385252,0.815697
2978,547325,200.0,266.19,,2.2625071692466734,213.39082193374634,187,,"0.456406,0.397341,1.736031,1.775705",,,0.358755,7.165456,5.385252,0.815697
2979,547502,177.0,262.96,,2.2625071692466734,213.39082193374634,187,,"0.456406,0.397341,1.736031,1.775705",,,0.358755,7.165456,5.385252,0.815697
2980,547696,194.0,259.9,,2.2625071692466734,213.39082193374634,187,,"0.456406,0.397341,1.736031,1.775705",,,0.358755,7.165456,5.385252,0.815697
2981,547884,188.0,259.07,,2.2625071692466734,213.39082193374634,187,,"0.456406,0.397341,1.736031,1.775705",,,0.358755,7.165456,5.385252,0.815697
2982,548040,156.0,257.53,,2.2625071692466734,213.39182806015015,187,,"0.456406,0.397341,1.736031,1.775705",,,0.358755,7.165456,5.385252,0.815697
2983,548202,162.0,255.8,,2.2625071692466734,213.39182806015015,187,,"0.456406,0.397341,1.736031,1.775705",,,0.358755,7.165456,5.385252,0.815697
2984,548370,168.0,252.48,,2.2625071692466734,213.39182806015015,187,,"0.456406,0.397341,1.736031,1.775705",,,0.358755,7.165456,5.385252,0.815697
2985,548543,173.0,249.21,,2.2625071692466734,213.39182806015015,187,,"0.456406,0.397341,1.736031,1.775705",,,0.358755,7.165456,5.385252,0.815697
2986,548751,208.0,248.02,,2.2625071692466734,213.39182806015015,187,,"0.456406,0.397341,1.736031,1.775705",,,0.358755,7.165456,5.385252,0.815697
2987,548925,174.0,244.76,,2.2625071692466734,213.39182806015015,187,,"0.456406,0.397341,1.736031,1.775705",,,0.358755,7.165456,5.385252,0.815697
2988,549091,166.0,241.42,,2.2625071692466734,213.39182806015015,187,,"0.456406,0.397341,1.736031,1.775705",,,0.358755,7.165456,5.385252,0.815697
2989,549309,218.0,238.6,,2.2625071692466734,213.39182806015015,187,,"0.456406,0.397341,1.736031,1.775705",,,0.358755,7.165456,5.385252,0.815697
2990,549474,165.0,235.63,,2.2625071692466734,213.39182806015015,187,,"0.456406,0.397341,1.736031,1.775705",,,0.358755,7.165456,5.385252,0.815697
2991,549657,183.0,232.46,,2.2625071692466734,213.39182806015015,187,,"0.456406,0.397341,1.736031,1.775705",,,0.358755,7.165456,5.385252,0.815697
2992,549795,138.0,228.84,,2.278484981060028,214.19976806640625,188,,"0.456130,0.397653,1.736669,1.779307",,,0.360889,7.182289,5.832224,0.817894
2993,549954,159.0,226.17,,2.278484981060028,214.19976806640625,188,,"0.456130,0.397653,1.736669,1.779307",,,0.360889,7.182289,5.832224,0.817894
2994,550101,147.0,222.64,,2.278484981060028,214.19976806640625,188,,"0.456130,0.397653,1.736669,1.779307",,,0.360889,7.182289,5.832224,0.817894
2995,550254,153.0,221.36,,2.278484981060028,214.19976806640625,188,,"0.456130,0.397653,1.736669,1.779307",,,0.360889,7.182289,5.832224,0.817894
2996,550405,151.0,219.99,,2.278484981060028,214.19976806640625,188,,"0.456130,0.397653,1.736669,1.779307",,,0.360889,7.182289,5.832224,0.817894
2997,550560,155.0,217.29,,2.278484981060028,214.19976806640625,188,,"0.456130,0.397653,1.736669,1.779307",,,0.360889,7.182289,5.832224,0.817894
2998,550711,151.0,213.8,,2.278484981060028,214.19976806640625,188,,"0.456130,0.397653,1.736669,1.779307",,,0.360889,7.182289,5.832224,0.817894
2999,550864,153.0,212.87,,2.278484981060028,214.19976806640625,188,,"0.456130,0.397653,1.736669,1.779307",160.0,8.12403840463596,0.360889,7.182289,5.832224,0.817894
3000,551011,147.0,211.34,,2.278484981060028,214.20075941085815,188,,"0.456130,0.397653,1.736669,1.779307",,,0.360889,7.182289,5.832224,0.817894
3001,551172,161.0,208.94,,2.278484981060028,214.2012641429901,188,,"0.456130,0.397653,1.736669,1.779307",,,0.360889,7.182289,5.832224,0.817894
3002,551309,137.0,207.02,,2.278484981060028,214.2012641429901,188,,"0.456130,0.397653,1.736669,1.779307",,,0.360889,7.182289,5.832224,0.817894
3003,551484,175.0,206.8,,2.278484981060028,214.2012641429901,188,,"0.456130,0.397653,1.736669,1.779307",,,0.360889,7.182289,5.832224,0.817894
3004,551641,157.0,205.02,,2.278484981060028,214.2012641429901,188,,"0.456130,0.397653,1.736669,1.779307",,,0.360889,7.182289,5.832224,0.817894
3005,551792,151.0,203.88,,2.278484981060028,214.2012641429901,188,,"0.456130,0.397653,1.736669,1.779307",,,0.360889,7.182289,5.832224,0.817894
3006,551962,170.0,201.7,,2.278484981060028,214.2012641429901,188,,"0.456130,0.397653,1.736669,1.779307",,,0.360889,7.182289,5.832224,0.817894
3007,552152,190.0,200.63,,2.278484981060028,214.2012641429901,188,,"0.456130,0.397653,1.736669,1.779307",,,0.360889,7.182289,5.832224,0.817894
3008,552323,171.0,199.41,,2.2915819573402403,215.11002612113953,189,,"0.456476,0.397562,1.737723,1.782656",,,0.361164,7.197613,5.576419,0.834016
3009,552463,140.0,197.77,,2.2915819573402403,215.11053252220154,189,,"0.456476,0.397562,1.737723,1.782656",,,0.361164,7.197613,5.576419,0.834016
3010,552617,154.0,195.83,,2.2915819573402403,215.11053252220154,189,,"0.456476,0.397562,1.737723,1.782656",,,0.361164,7.197613,5.576419,0.834016
3011,552764,147.0,195.18,,2.2915819573402403,215.11053252220154,189,,"0.456476,0.397562,1.737723,1.782656",,,0.361164,7.197613,5.576419,0.834016
3012,552946,182.0,195.15,,2.2915819573402403,215.11053252220154,189,,"0.456476,0.397562,1.737723,1.782656",,,0.361164,7.197613,5.576419,0.834016
3013,553095,149.0,194.21,,2.2915819573402403,215.11053252220154,189,,"0.456476,0.397562,1.737723,1.782656",,,0.361164,7.197613,5.576419,0.834016
3014,553288,193.0,194.04,,2.2915819573402403,215.11053252220154,189,,"0.456476,0.397562,1.737723,1.782656",,,0.361164,7.197613,5.576419,0.834016
3015,553434,146.0,193.02,,2.2915819573402403,215.11053252220154,189,,"0.456476,0.397562,1.737723,1.782656",,,0.361164,7.197613,5.576419,0.834016
3016,553599,165.0,191.53,,2.2915819573402403,215.11053252220154,189,,"0.456476,0.397562,1.737723,1.782656",,,0.361164,7.197613,5.576419,0.834016
3017,553749,150.0,190.2,,2.2915819573402403,215.11053252220154,189,,"0.456476,0.397562,1.737723,1.782656",,,0.361164,7.197613,5.576419,0.834016
3018,553889,140.0,188.76,,2.2915819573402403,215.11053252220154,189,,"0.456476,0.397562,1.737723,1.782656",,,0.361164,7.197613,5.576419,0.834016
3019,554085,196.0,188.8,,2.2915819573402403,215.11053252220154,189,,"0.456476,0.397562,1.737723,1.782656",,,0.361164,7.197613,5.576419,0.834016
3020,554217,132.0,188.44,,2.2915819573402403,215.11053252220154,189,,"0.456476,0.397562,1.737723,1.782656",,,0.361164,7.197613,5.576419,0.834016
3021,554385,168.0,187.7,,2.2915819573402403,215.11053252220154,189,,"0.456476,0.397562,1.737723,1.782656",,,0.361164,7.197613,5.576419,0.834016
3022,554549,164.0,187.14,,2.2915819573402403,215.11053252220154,189,,"0.456476,0.397562,1.737723,1.782656",,,0.361164,7.197613,5.576419,0.834016
3023,554697,148.0,186.13,,2.2915819573402403,215.11053252220154,189,,"0.456476,0.397562,1.737723,1.782656",,,0.361164,7.197613,5.576419,0.834016
3024,554837,140.0,184.47,,2.306557037830353,215.92232465744019,190,,"0.458073,0.396566,1.739529,1.785876",,,0.356720,7.212245,5.668535,0.839441
3025,555008,171.0,183.55,,2.306557037830353,215.92232465744019,190,,"0.458073,0.396566,1.739529,1.785876",,,0.356720,7.212245,5.668535,0.839441
3026,555146,138.0,182.59,,2.306557037830353,215.92232465744019,190,,"0.458073,0.396566,1.739529,1.785876",,,0.356720,7.212245,5.668535,0.839441
3027,555316,170.0,181.46,,2.306557037830353,215.92232465744019,190,,"0.458073,0.396566,1.739529,1.785876",,,0.356720,7.212245,5.668535,0.839441
3028,555469,153.0,180.75,,2.306557037830353,215.92232465744019,190,,"0.458073,0.396566,1.739529,1.785876",,,0.356720,7.212245,5.668535,0.839441
3029,555649,180.0,180.78,,2.306557037830353,215.92232465744019,190,,"0.458073,0.396566,1.739529,1.785876",,,0.356720,7.212245,5.668535,0.839441
3030,555777,128.0,180.0,,2.306557037830353,215.92232465744019,190,,"0.458073,0.396566,1.739529,1.785876",,,0.356720,7.212245,5.668535,0.839441
3031,555936,159.0,179.13,,2.306557037830353,215.92232465744019,190,,"0.458073,0.396566,1.739529,1.785876",,,0.356720,7.212245,5.668535,0.839441
3032,556075,139.0,178.66,,2.306557037830353,215.92283034324646,190,,"0.458073,0.396566,1.739529,1.785876",,,0.356720,7.212245,5.668535,0.839441
3033,556220,145.0,177.83,,2.306557037830353,215.92283034324646,190,,"0.458073,0.396566,1.739529,1.785876",,,0.356720,7.212245,5.668535,0.839441
3034,556357,137.0,176.88,,2.306557037830353,215.92283034324646,190,,"0.458073,0.396566,1.739529,1.785876",,,0.356720,7.212245,5.668535,0.839441
3035,556501,144.0,175.8,,2.306557037830353,215.92283034324646,190,,"0.458073,0.396566,1.739529,1.785876",,,0.356720,7.212245,5.668535,0.839441
3036,556653,152.0,174.58,,2.306557037830353,215.92283034324646,190,,"0.458073,0.396566,1.739529,1.785876",,,0.356720,7.212245,5.668535,0.839441
3037,556804,151.0,173.32,,2.306557037830353,215.92283034324646,190,,"0.458073,0.396566,1.739529,1.785876",,,0.356720,7.212245,5.668535,0.839441
3038,556939,135.0,172.35,,2.306557037830353,215.92283034324646,190,,"0.458073,0.396566,1.739529,1.785876",,,0.356720,7.212245,5.668535,0.839441
3039,557080,141.0,171.73,,2.306557037830353,215.92283034324646,190,,"0.458073,0.396566,1.739529,1.785876",,,0.356720,7.212245,5.668535,0.839441
3040,557212,132.0,171.31,,2.308798668384552,216.72703886032104,191,,"0.459670,0.395515,1.741579,1.788048",,,0.362002,7.222594,5.331103,0.849815
3041,557366,154.0,170.28,,2.308798668384552,216.72703886032104,191,,"0.459670,0.395515,1.741579,1.788048",,,0.362002,7.222594,5.331103,0.849815
3042,557527,161.0,169.52,,2.308798668384552,216.72703886032104,191,,"0.459670,0.395515,1.741579,1.788048",,,0.362002,7.222594,5.331103,0.849815
3043,557668,141.0,168.82,,2.308798668384552,216.72703886032104,191,,"0.459670,0.395515,1.741579,1.788048",,,0.362002,7.222594,5.331103,0.849815
3044,557829,161.0,168.39,,2.308798668384552,216.72703886032104,191,,"0.459670,0.395515,1.741579,1.788048",,,0.362002,7.222594,5.331103,0.849815
3045,557990,161.0,168.06,,2.308798668384552,216.72703886032104,191,,"0.459670,0.395515,1.741579,1.788048",,,0.362002,7.222594,5.331103,0.849815
3046,558127,137.0,167.66,,2.308798668384552,216.72703886032104,191,,"0.459670,0.395515,1.741579,1.788048",,,0.362002,7.222594,5.331103,0.849815
3047,558282,155.0,167.48,,2.308798668384552,216.72703886032104,191,,"0.459670,0.395515,1.741579,1.788048",,,0.362002,7.222594,5.331103,0.849815
3048,558451,169.0,167.18,,2.308798668384552,216.72703886032104,191,,"0.459670,0.395515,1.741579,1.788048",,,0.362002,7.222594,5.331103,0.849815
3049,558608,157.0,166.94,,2.308798668384552,216.72703886032104,191,,"0.459670,0.395515,1.741579,1.788048",154.6,9.645724441429996,0.362002,7.222594,5.331103,0.849815
3050,558761,153.0,166.88,,2.308798668384552,216.72703886032104,191,,"0.459670,0.395515,1.741579,1.788048",,,0.362002,7.222594,5.331103,0.849815
3051,558897,136.0,166.15,,2.308798668384552,216.72703886032104,191,,"0.459670,0.395515,1.741579,1.788048",,,0.362002,7.222594,5.331103,0.849815
3052,559077,180.0,166.09,,2.308798668384552,216.72703886032104,191,,"0.459670,0.395515,1.741579,1.788048",,,0.362002,7.222594,5.331103,0.849815
3053,559247,170.0,166.07,,2.308798668384552,216.72703886032104,191,,"0.459670,0.395515,1.741579,1.788048",,,0.362002,7.222594,5.331103,0.849815
3054,559398,151.0,165.89,,2.308798668384552,216.72703886032104,191,,"0.459670,0.395515,1.741579,1.788048",,,0.362002,7.222594,5.331103,0.849815
3055,559558,160.0,164.78,,2.308798668384552,216.72703886032104,191,,"0.459670,0.395515,1.741579,1.788048",,,0.362002,7.222594,5.331103,0.849815
3056,559693,135.0,164.35,,2.3113309931755066,217.49919605255127,192,,"0.460958,0.394510,1.743756,1.790093",,,0.360203,7.232421,5.216651,0.858607
3057,559852,159.0,163.99,,2.3113309931755066,217.49919605255127,192,,"0.460958,0.394510,1.743756,1.790093",,,0.360203,7.232421,5.216651,0.858607
3058,560011,159.0,163.58,,2.3113309931755066,217.49919605255127,192,,"0.460958,0.394510,1.743756,1.790093",,,0.360203,7.232421,5.216651,0.858607
3059,560175,164.0,163.69,,2.3113309931755066,217.49919605255127,192,,"0.460958,0.394510,1.743756,1.790093",,,0.360203,7.232421,5.216651,0.858607
3060,560325,150.0,163.34,,2.3113309931755066,217.49919605255127,192,,"0.460958,0.394510,1.743756,1.790093",,,0.360203,7.232421,5.216651,0.858607
3061,560469,144.0,162.98,,2.3113309931755066,217.49919605255127,192,,"0.460958,0.394510,1.743756,1.790093",,,0.360203,7.232421,5.216651,0.858607
3062,560600,131.0,161.67,,2.3113309931755066,217.49919605255127,192,,"0.460958,0.394510,1.743756,1.790093",,,0.360203,7.232421,5.216651,0.858607
3063,560755,155.0,161.21,,2.3113309931755066,217.49919605255127,192,,"0.460958,0.394510,1.743756,1.790093",,,0.360203,7.232421,5.216651,0.858607
3064,560906,151.0,161.22,,2.3113309931755066,217.49919605255127,192,,"0.460958,0.394510,1.743756,1.790093",,,0.360203,7.232421,5.216651,0.858607
3065,561068,162.0,161.14,,2.3113309931755066,217.49919605255127,192,,"0.460958,0.394510,1.743756,1.790093",,,0.360203,7.232421,5.216651,0.858607
3066,561215,147.0,160.54,,2.3113309931755066,217.49919605255127,192,,"0.460958,0.394510,1.743756,1.790093",,,0.360203,7.232421,5.216651,0.858607
3067,561359,144.0,160.08,,2.3113309931755066,217.49919605255127,192,,"0.460958,0.394510,1.743756,1.790093",,,0.360203,7.232421,5.216651,0.858607
3068,561513,154.0,159.74,,2.3113309931755066,217.49919605255127,192,,"0.460958,0.394510,1.743756,1.790093",,,0.360203,7.232421,5.216651,0.858607
3069,561658,145.0,159.44,,2.3113309931755066,217.49919605255127,192,,"0.460958,0.394510,1.743756,1.790093",,,0.360203,7.232421,5.216651,0.858607
3070,561799,141.0,159.1,,2.3113309931755066,217.49919605255127,192,,"0.460958,0.394510,1.743756,1.790093",,,0.360203,7.232421,5.216651,0.858607
3071,561960,161.0,158.8,,2.3113309931755066,217.49919605255127,192,,"0.460958,0.394510,1.743756,1.790093",,,0.360203,7.232421,5.216651,0.858607
3072,562110,150.0,158.39,,2.312534735202789,218.3033947944641,193,,"0.462868,0.393275,1.745576,1.792633",,,0.360054,7.243284,5.150041,0.864451
3073,562260,150.0,158.29,,2.312534735202789,218.3033947944641,193,,"0.462868,0.393275,1.745576,1.792633",,,0.360054,7.243284,5.150041,0.864451
3074,562380,120.0,157.69,,2.312534735202789,218.3033947944641,193,,"0.462868,0.393275,1.745576,1.792633",,,0.360054,7.243284,5.150041,0.864451
3075,562521,141.0,157.48,,2.312534735202789,218.3033947944641,193,,"0.462868,0.393275,1.745576,1.792633",,,0.360054,7.243284,5.150041,0.864451
3076,562649,128.0,156.87,,2.312534735202789,218.3033947944641,193,,"0.462868,0.393275,1.745576,1.792633",,,0.360054,7.243284,5.150041,0.864451
3077,562785,136.0,156.6,,2.312534735202789,218.3033947944641,193,,"0.462868,0.393275,1.745576,1.792633",,,0.360054,7.243284,5.150041,0.864451
3078,562958,173.0,156.33,,2.312534735202789,218.3033947944641,193,,"0.462868,0.393275,1.745576,1.792633",,,0.360054,7.243284,5.150041,0.864451
3079,563087,129.0,155.85,,2.312534735202789,218.3033947944641,193,,"0.462868,0.393275,1.745576,1.792633",,,0.360054,7.243284,5.150041,0.864451
3080,563220,133.0,155.24,,2.312534735202789,218.3033947944641,193,,"0.462868,0.393275,1.745576,1.792633",,,0.360054,7.243284,5.150041,0.864451
3081,563387,167.0,155.03,,2.312534735202789,218.3033947944641,193,,"0.462868,0.393275,1.745576,1.792633",,,0.360054,7.243284,5.150041,0.864451
3082,563532,145.0,154.92,,2.312534735202789,218.3033947944641,193,,"0.462868,0.393275,1.745576,1.792633",,,0.360054,7.243284,5.150041,0.864451
3083,563697,165.0,154.95,,2.312534735202789,218.3033947944641,193,,"0.462868,0.393275,1.745576,1.792633",,,0.360054,7.243284,5.150041,0.864451
3084,563837,140.0,154.67,,2.312534735202789,218.3033947944641,193,,"0.462868,0.393275,1.745576,1.792633",,,0.360054,7.243284,5.150041,0.864451
3085,563983,146.0,154.4,,2.312534735202789,218.3033947944641,193,,"0.462868,0.393275,1.745576,1.792633",,,0.360054,7.243284,5.150041,0.864451
3086,564122,139.0,153.71,,2.312534735202789,218.3033947944641,193,,"0.462868,0.393275,1.745576,1.792633",,,0.360054,7.243284,5.150041,0.864451
3087,564274,152.0,153.49,,2.312534735202789,218.3033947944641,193,,"0.462868,0.393275,1.745576,1.792633",,,0.360054,7.243284,5.150041,0.864451
3088,564413,139.0,153.22,,2.307909309864044,219.07589077949524,194,,"0.465029,0.391858,1.747560,1.795265",,,0.357903,7.255431,4.854687,0.872695
3089,564551,138.0,152.42,,2.307909309864044,219.07589077949524,194,,"0.465029,0.391858,1.747560,1.795265",,,0.357903,7.255431,4.854687,0.872695
3090,564706,155.0,152.32,,2.307909309864044,219.07589077949524,194,,"0.465029,0.391858,1.747560,1.795265",,,0.357903,7.255431,4.854687,0.872695
3091,564838,132.0,151.81,,2.307909309864044,219.07589077949524,194,,"0.465029,0.391858,1.747560,1.795265",,,0.357903,7.255431,4.854687,0.872695
3092,564987,149.0,151.92,,2.307909309864044,219.07589077949524,194,,"0.465029,0.391858,1.747560,1.795265",,,0.357903,7.255431,4.854687,0.872695
3093,565127,140.0,151.73,,2.307909309864044,219.07589077949524,194,,"0.465029,0.391858,1.747560,1.795265",,,0.357903,7.255431,4.854687,0.872695
3094,565286,159.0,151.85,,2.307909309864044,219.07589077949524,194,,"0.465029,0.391858,1.747560,1.795265",,,0.357903,7.255431,4.854687,0.872695
3095,565430,144.0,151.76,,2.307909309864044,219.07589077949524,194,,"0.465029,0.391858,1.747560,1.795265",,,0.357903,7.255431,4.854687,0.872695
3096,565571,141.0,151.66,,2.307909309864044,219.07589077949524,194,,"0.465029,0.391858,1.747560,1.795265",,,0.357903,7.255431,4.854687,0.872695
3097,565714,143.0,151.54,,2.307909309864044,219.07589077949524,194,,"0.465029,0.391858,1.747560,1.795265",,,0.357903,7.255431,4.854687,0.872695
3098,565884,170.0,151.73,,2.307909309864044,219.07589077949524,194,,"0.465029,0.391858,1.747560,1.795265",,,0.357903,7.255431,4.854687,0.872695
3099,566025,141.0,151.61,,2.307909309864044,219.07589077949524,194,,"0.465029,0.391858,1.747560,1.795265",153.0,11.171392035015153,0.357903,7.255431,4.854687,0.872695
3100,566181,156.0,151.7,,2.307909309864044,219.07589077949524,194,,"0.465029,0.391858,1.747560,1.795265",,,0.357903,7.255431,4.854687,0.872695
3101,566347,166.0,151.75,,2.307909309864044,219.07589077949524,194,,"0.465029,0.391858,1.747560,1.795265",,,0.357903,7.255431,4.854687,0.872695
3102,566483,136.0,151.74,,2.307909309864044,219.07589077949524,194,,"0.465029,0.391858,1.747560,1.795265",,,0.357903,7.255431,4.854687,0.872695
3103,566627,144.0,151.43,,2.307909309864044,219.07589077949524,194,,"0.465029,0.391858,1.747560,1.795265",,,0.357903,7.255431,4.854687,0.872695
3104,566763,136.0,151.22,,2.3047810339927675,219.97293186187744,195,,"0.466897,0.390488,1.749993,1.796777",,,0.354985,7.261808,4.612812,0.880631
3105,566901,138.0,151.09,,2.3047810339927675,219.97293186187744,195,,"0.466897,0.390488,1.749993,1.796777",,,0.354985,7.261808,4.612812,0.880631
3106,567061,160.0,150.99,,2.3047810339927675,219.97293186187744,195,,"0.466897,0.390488,1.749993,1.796777",,,0.354985,7.261808,4.612812,0.880631
3107,567226,165.0,150.74,,2.3047810339927675,219.97293186187744,195,,"0.466897,0.390488,1.749993,1.796777",,,0.354985,7.261808,4.612812,0.880631
3108,567405,179.0,150.82,,2.3047810339927675,219.97293186187744,195,,"0.466897,0.390488,1.749993,1.796777",,,0.354985,7.261808,4.612812,0.880631
3109,567548,143.0,150.85,,2.3047810339927675,219.97293186187744,195,,"0.466897,0.390488,1.749993,1.796777",,,0.354985,7.261808,4.612812,0.880631
3110,567710,162.0,150.93,,2.3047810339927675,219.97293186187744,195,,"0.466897,0.390488,1.749993,1.796777",,,0.354985,7.261808,4.612812,0.880631
3111,567885,175.0,151.21,,2.3047810339927675,219.97293186187744,195,,"0.466897,0.390488,1.749993,1.796777",,,0.354985,7.261808,4.612812,0.880631
3112,568047,162.0,151.01,,2.3047810339927675,219.97293186187744,195,,"0.466897,0.390488,1.749993,1.796777",,,0.354985,7.261808,4.612812,0.880631
3113,568177,130.0,150.82,,2.3047810339927675,219.97293186187744,195,,"0.466897,0.390488,1.749993,1.796777",,,0.354985,7.261808,4.612812,0.880631
3114,568348,171.0,150.6,,2.3047810339927675,219.97293186187744,195,,"0.466897,0.390488,1.749993,1.796777",,,0.354985,7.261808,4.612812,0.880631
3115,568496,148.0,150.62,,2.3047810339927675,219.97293186187744,195,,"0.466897,0.390488,1.749993,1.796777",,,0.354985,7.261808,4.612812,0.880631
3116,568677,181.0,150.78,,2.3047810339927675,219.97293186187744,195,,"0.466897,0.390488,1.749993,1.796777",,,0.354985,7.261808,4.612812,0.880631
3117,568812,135.0,150.63,,2.3047810339927675,219.97293186187744,195,,"0.466897,0.390488,1.749993,1.796777",,,0.354985,7.261808,4.612812,0.880631
3118,568936,124.0,150.47,,2.3047810339927675,219.97293186187744,195,,"0.466897,0.390488,1.749993,1.796777",,,0.354985,7.261808,4.612812,0.880631
3119,569070,134.0,149.85,,2.3047810339927675,219.97293186187744,195,,"0.466897,0.390488,1.749993,1.796777",,,0.354985,7.261808,4.612812,0.880631
3120,569233,163.0,150.16,,2.2978943276405333,220.76863741874695,196,,"0.467610,0.390032,1.750976,1.799384",,,0.355101,7.270985,4.493096,0.883285
3121,569384,151.0,149.99,,2.2978943276405333,220.76863741874695,196,,"0.467610,0.390032,1.750976,1.799384",,,0.355101,7.270985,4.493096,0.883285
3122,569538,154.0,149.89,,2.2978943276405333,220.76863741874695,196,,"0.467610,0.390032,1.750976,1.799384",,,0.355101,7.270985,4.493096,0.883285
3123,569683,145.0,149.86,,2.2978943276405333,220.76863741874695,196,,"0.467610,0.390032,1.750976,1.799384",,,0.355101,7.270985,4.493096,0.883285
3124,569833,150.0,149.96,,2.2978943276405333,220.76863741874695,196,,"0.467610,0.390032,1.750976,1.799384",,,0.355101,7.270985,4.493096,0.883285
3125,569976,143.0,149.68,,2.2978943276405333,220.76863741874695,196,,"0.467610,0.390032,1.750976,1.799384",,,0.355101,7.270985,4.493096,0.883285
3126,570128,152.0,149.82,,2.2978943276405333,220.76863741874695,196,,"0.467610,0.390032,1.750976,1.799384",,,0.355101,7.270985,4.493096,0.883285
3127,570267,139.0,149.51,,2.2978943276405333,220.76863741874695,196,,"0.467610,0.390032,1.750976,1.799384",,,0.355101,7.270985,4.493096,0.883285
3128,570399,132.0,149.3,,2.2978943276405333,220.76863741874695,196,,"0.467610,0.390032,1.750976,1.799384",,,0.355101,7.270985,4.493096,0.883285
3129,570558,159.0,149.09,,2.2978943276405333,220.76863741874695,196,,"0.467610,0.390032,1.750976,1.799384",,,0.355101,7.270985,4.493096,0.883285
3130,570711,153.0,149.34,,2.2978943276405333,220.76863741874695,196,,"0.467610,0.390032,1.750976,1.799384",,,0.355101,7.270985,4.493096,0.883285
3131,570834,123.0,148.98,,2.2978943276405333,220.76863741874695,196,,"0.467610,0.390032,1.750976,1.799384",,,0.355101,7.270985,4.493096,0.883285
3132,570972,138.0,148.97,,2.2978943276405333,220.76863741874695,196,,"0.467610,0.390032,1.750976,1.799384",,,0.355101,7.270985,4.493096,0.883285
3133,571127,155.0,149.07,,2.2978943276405333,220.76863741874695,196,,"0.467610,0.390032,1.750976,1.799384",,,0.355101,7.270985,4.493096,0.883285
3134,571272,145.0,149.15,,2.2978943276405333,220.76863741874695,196,,"0.467610,0.390032,1.750976,1.799384",,,0.355101,7.270985,4.493096,0.883285
3135,571425,153.0,149.24,,2.2978943276405333,220.76863741874695,196,,"0.467610,0.390032,1.750976,1.799384",,,0.355101,7.270985,4.493096,0.883285
3136,571599,174.0,149.46,,2.286736524105072,221.66653609275818,197,,"0.465689,0.390684,1.751566,1.802354",,,0.356237,7.285086,4.322117,0.890541
3137,571754,155.0,149.5,,2.286736524105072,221.66653609275818,197,,"0.465689,0.390684,1.751566,1.802354",,,0.356237,7.285086,4.322117,0.890541
3138,571901,147.0,149.62,,2.286736524105072,221.66653609275818,197,,"0.465689,0.390684,1.751566,1.802354",,,0.356237,7.285086,4.322117,0.890541
3139,572037,136.0,149.57,,2.286736524105072,221.66653609275818,197,,"0.465689,0.390684,1.751566,1.802354",,,0.356237,7.285086,4.322117,0.890541
3140,572178,141.0,149.66,,2.286736524105072,221.66653609275818,197,,"0.465689,0.390684,1.751566,1.802354",,,0.356237,7.285086,4.322117,0.890541
3141,572323,145.0,149.57,,2.286736524105072,221.66653609275818,197,,"0.465689,0.390684,1.751566,1.802354",,,0.356237,7.285086,4.322117,0.890541
3142,572471,148.0,149.44,,2.286736524105072,221.66653609275818,197,,"0.465689,0.390684,1.751566,1.802354",,,0.356237,7.285086,4.322117,0.890541
3143,572614,143.0,149.46,,2.286736524105072,221.66653609275818,197,,"0.465689,0.390684,1.751566,1.802354",,,0.356237,7.285086,4.322117,0.890541
3144,572748,134.0,149.19,,2.286736524105072,221.66653609275818,197,,"0.465689,0.390684,1.751566,1.802354",,,0.356237,7.285086,4.322117,0.890541
3145,572872,124.0,148.82,,2.286736524105072,221.66653609275818,197,,"0.465689,0.390684,1.751566,1.802354",,,0.356237,7.285086,4.322117,0.890541
3146,573046,174.0,149.19,,2.286736524105072,221.66653609275818,197,,"0.465689,0.390684,1.751566,1.802354",,,0.356237,7.285086,4.322117,0.890541
3147,573194,148.0,149.12,,2.286736524105072,221.66653609275818,197,,"0.465689,0.390684,1.751566,1.802354",,,0.356237,7.285086,4.322117,0.890541
3148,573343,149.0,148.92,,2.286736524105072,221.66653609275818,197,,"0.465689,0.390684,1.751566,1.802354",,,0.356237,7.285086,4.322117,0.890541
3149,573504,161.0,148.96,,2.286736524105072,221.66653609275818,197,,"0.465689,0.390684,1.751566,1.802354",152.6,10.983624174196784,0.356237,7.285086,4.322117,0.890541
3150,573649,145.0,148.88,,2.286736524105072,221.66653609275818,197,,"0.465689,0.390684,1.751566,1.802354",,,0.356237,7.285086,4.322117,0.890541
3151,573812,163.0,149.15,,2.286736524105072,221.66653609275818,197,,"0.465689,0.390684,1.751566,1.802354",,,0.356237,7.285086,4.322117,0.890541
3152,573956,144.0,148.79,,2.2791517758369446,222.38234972953796,198,,"0.461655,0.392960,1.749888,1.806463",,,0.357358,7.302069,4.293559,0.889478
3153,574100,144.0,148.53,,2.2791517758369446,222.38234972953796,198,,"0.461655,0.392960,1.749888,1.806463",,,0.357358,7.302069,4.293559,0.889478
3154,574256,156.0,148.58,,2.2791517758369446,222.38234972953796,198,,"0.461655,0.392960,1.749888,1.806463",,,0.357358,7.302069,4.293559,0.889478
3155,574390,134.0,148.32,,2.2791517758369446,222.38234972953796,198,,"0.461655,0.392960,1.749888,1.806463",,,0.357358,7.302069,4.293559,0.889478
3156,574518,128.0,148.25,,2.2791517758369446,222.38234972953796,198,,"0.461655,0.392960,1.749888,1.806463",,,0.357358,7.302069,4.293559,0.889478
3157,574654,136.0,148.02,,2.2791517758369446,222.38234972953796,198,,"0.461655,0.392960,1.749888,1.806463",,,0.357358,7.302069,4.293559,0.889478
3158,574792,138.0,147.81,,2.2791517758369446,222.38234972953796,198,,"0.461655,0.392960,1.749888,1.806463",,,0.357358,7.302069,4.293559,0.889478
3159,574932,140.0,147.57,,2.2791517758369446,222.38234972953796,198,,"0.461655,0.392960,1.749888,1.806463",,,0.357358,7.302069,4.293559,0.889478
3160,575071,139.0,147.46,,2.2791517758369446,222.38234972953796,198,,"0.461655,0.392960,1.749888,1.806463",,,0.357358,7.302069,4.293559,0.889478
3161,575210,139.0,147.41,,2.2791517758369446,222.38234972953796,198,,"0.461655,0.392960,1.749888,1.806463",,,0.357358,7.302069,4.293559,0.889478
3162,575342,132.0,147.42,,2.2791517758369446,222.38234972953796,198,,"0.461655,0.392960,1.749888,1.806463",,,0.357358,7.302069,4.293559,0.889478
3163,575486,144.0,147.31,,2.2791517758369446,222.38234972953796,198,,"0.461655,0.392960,1.749888,1.806463",,,0.357358,7.302069,4.293559,0.889478
3164,575637,151.0,147.31,,2.2791517758369446,222.38234972953796,198,,"0.461655,0.392960,1.749888,1.806463",,,0.357358,7.302069,4.293559,0.889478
3165,575782,145.0,147.14,,2.2791517758369446,222.38234972953796,198,,"0.461655,0.392960,1.749888,1.806463",,,0.357358,7.302069,4.293559,0.889478
3166,575925,143.0,147.1,,2.2791517758369446,222.38234972953796,198,,"0.461655,0.392960,1.749888,1.806463",,,0.357358,7.302069,4.293559,0.889478
3167,576069,144.0,147.1,,2.2791517758369446,222.38234972953796,198,,"0.461655,0.392960,1.749888,1.806463",,,0.357358,7.302069,4.293559,0.889478
3168,576218,149.0,147.05,,2.2704104828834533,223.13175511360168,199,,"0.459887,0.392721,1.751827,1.811458",,,0.354079,7.325872,4.121083,0.900099
3169,576356,138.0,146.98,,2.2704104828834533,223.13175511360168,199,,"0.459887,0.392721,1.751827,1.811458",,,0.354079,7.325872,4.121083,0.900099
3170,576499,143.0,147.0,,2.2704104828834533,223.13175511360168,199,,"0.459887,0.392721,1.751827,1.811458",,,0.354079,7.325872,4.121083,0.900099
3171,576633,134.0,146.73,,2.2704104828834533,223.13175511360168,199,,"0.459887,0.392721,1.751827,1.811458",,,0.354079,7.325872,4.121083,0.900099
3172,576787,154.0,146.77,,2.2704104828834533,223.13175511360168,199,,"0.459887,0.392721,1.751827,1.811458",,,0.354079,7.325872,4.121083,0.900099
3173,576946,159.0,146.86,,2.2704104828834533,223.13175511360168,199,,"0.459887,0.392721,1.751827,1.811458",,,0.354079,7.325872,4.121083,0.900099
3174,577112,166.0,147.32,,2.2704104828834533,223.13175511360168,199,,"0.459887,0.392721,1.751827,1.811458",,,0.354079,7.325872,4.121083,0.900099
3175,577250,138.0,147.29,,2.2704104828834533,223.13175511360168,199,,"0.459887,0.392721,1.751827,1.811458",,,0.354079,7.325872,4.121083,0.900099
3176,577402,152.0,147.53,,2.2704104828834533,223.13175511360168,199,,"0.459887,0.392721,1.751827,1.811458",,,0.354079,7.325872,4.121083,0.900099
3177,577554,152.0,147.69,,2.2704104828834533,223.13175511360168,199,,"0.459887,0.392721,1.751827,1.811458",,,0.354079,7.325872,4.121083,0.900099
3178,577706,152.0,147.48,,2.2704104828834533,223.13175511360168,199,,"0.459887,0.392721,1.751827,1.811458",,,0.354079,7.325872,4.121083,0.900099
3179,577858,152.0,147.71,,2.2704104828834533,223.13175511360168,199,,"0.459887,0.392721,1.751827,1.811458",,,0.354079,7.325872,4.121083,0.900099
3180,577990,132.0,147.7,,2.2704104828834533,223.13175511360168,199,,"0.459887,0.392721,1.751827,1.811458",,,0.354079,7.325872,4.121083,0.900099
3181,578146,156.0,147.59,,2.2704104828834533,223.13175511360168,199,,"0.459887,0.392721,1.751827,1.811458",,,0.354079,7.325872,4.121083,0.900099
3182,578284,138.0,147.52,,2.2704104828834533,223.13175511360168,199,,"0.459887,0.392721,1.751827,1.811458",,,0.354079,7.325872,4.121083,0.900099
3183,578433,149.0,147.36,,2.2704104828834533,223.13175511360168,199,,"0.459887,0.392721,1.751827,1.811458",,,0.354079,7.325872,4.121083,0.900099
3184,578570,137.0,147.33,,2.264950206279755,223.8153853416443,200,,"0.457953,0.392403,1.755362,1.813762",,,0.350285,7.340901,4.128207,0.895376
3185,578706,136.0,147.23,,2.264950206279755,223.8153853416443,200,,"0.457953,0.392403,1.755362,1.813762",,,0.350285,7.340901,4.128207,0.895376
3186,578846,140.0,147.24,,2.264950206279755,223.81640362739563,200,,"0.457953,0.392403,1.755362,1.813762",,,0.350285,7.340901,4.128207,0.895376
3187,578978,132.0,147.04,,2.264950206279755,223.81640362739563,200,,"0.457953,0.392403,1.755362,1.813762",,,0.350285,7.340901,4.128207,0.895376
3188,579107,129.0,146.94,,2.264950206279755,223.81640362739563,200,,"0.457953,0.392403,1.755362,1.813762",,,0.350285,7.340901,4.128207,0.895376
3189,579243,136.0,146.92,,2.264950206279755,223.81640362739563,200,,"0.457953,0.392403,1.755362,1.813762",,,0.350285,7.340901,4.128207,0.895376
3190,579372,129.0,146.66,,2.264950206279755,223.81640362739563,200,,"0.457953,0.392403,1.755362,1.813762",,,0.350285,7.340901,4.128207,0.895376
3191,579518,146.0,146.8,,2.264950206279755,223.81640362739563,200,,"0.457953,0.392403,1.755362,1.813762",,,0.350285,7.340901,4.128207,0.895376
3192,579667,149.0,146.8,,2.264950206279755,223.81640362739563,200,,"0.457953,0.392403,1.755362,1.813762",,,0.350285,7.340901,4.128207,0.895376
3193,579803,136.0,146.76,,2.264950206279755,223.81640362739563,200,,"0.457953,0.392403,1.755362,1.813762",,,0.350285,7.340901,4.128207,0.895376
3194,579958,155.0,146.72,,2.264950206279755,223.81640362739563,200,,"0.457953,0.392403,1.755362,1.813762",,,0.350285,7.340901,4.128207,0.895376
3195,580108,150.0,146.78,,2.264950206279755,223.81640362739563,200,,"0.457953,0.392403,1.755362,1.813762",,,0.350285,7.340901,4.128207,0.895376
3196,580247,139.0,146.76,,2.264950206279755,223.81640362739563,200,,"0.457953,0.392403,1.755362,1.813762",,,0.350285,7.340901,4.128207,0.895376
3197,580384,137.0,146.7,,2.264950206279755,223.81640362739563,200,,"0.457953,0.392403,1.755362,1.813762",,,0.350285,7.340901,4.128207,0.895376
3198,580518,134.0,146.34,,2.264950206279755,223.81640362739563,200,,"0.457953,0.392403,1.755362,1.813762",,,0.350285,7.340901,4.128207,0.895376
3199,580645,127.0,146.2,,2.264950206279755,223.81640362739563,200,,"0.457953,0.392403,1.755362,1.813762",149.2,9.239047569960878,0.350285,7.340901,4.128207,0.895376
3200,580814,169.0,146.33,,2.2563859844207763,224.60432314872742,201,,"0.452742,0.393823,1.758827,1.812645",,,0.351296,7.342141,3.880480,0.906887
3201,580937,123.0,145.9,,2.2563859844207763,224.60432314872742,201,,"0.452742,0.393823,1.758827,1.812645",,,0.351296,7.342141,3.880480,0.906887
3202,581077,140.0,145.94,,2.2563859844207763,224.60432314872742,201,,"0.452742,0.393823,1.758827,1.812645",,,0.351296,7.342141,3.880480,0.906887
3203,581208,131.0,145.81,,2.2563859844207763,224.60432314872742,201,,"0.452742,0.393823,1.758827,1.812645",,,0.351296,7.342141,3.880480,0.906887
3204,581390,182.0,146.27,,2.2563859844207763,224.60432314872742,201,,"0.452742,0.393823,1.758827,1.812645",,,0.351296,7.342141,3.880480,0.906887
3205,581534,144.0,146.33,,2.2563859844207763,224.60432314872742,201,,"0.452742,0.393823,1.758827,1.812645",,,0.351296,7.342141,3.880480,0.906887
3206,581680,146.0,146.19,,2.2563859844207763,224.60432314872742,201,,"0.452742,0.393823,1.758827,1.812645",,,0.351296,7.342141,3.880480,0.906887
3207,581810,130.0,145.84,,2.2563859844207763,224.60432314872742,201,,"0.452742,0.393823,1.758827,1.812645",,,0.351296,7.342141,3.880480,0.906887
3208,581945,135.0,145.4,,2.2563859844207763,224.60432314872742,201,,"0.452742,0.393823,1.758827,1.812645",,,0.351296,7.342141,3.880480,0.906887
3209,582099,154.0,145.51,,2.2563859844207763,224.6053249835968,201,,"0.452742,0.393823,1.758827,1.812645",,,0.351296,7.342141,3.880480,0.906887
3210,582252,153.0,145.42,,2.2563859844207763,224.6053249835968,201,,"0.452742,0.393823,1.758827,1.812645",,,0.351296,7.342141,3.880480,0.906887
3211,582390,138.0,145.05,,2.2563859844207763,224.6053249835968,201,,"0.452742,0.393823,1.758827,1.812645",,,0.351296,7.342141,3.880480,0.906887
3212,582548,158.0,145.01,,2.2563859844207763,224.6053249835968,201,,"0.452742,0.393823,1.758827,1.812645",,,0.351296,7.342141,3.880480,0.906887
3213,582707,159.0,145.3,,2.2563859844207763,224.6053249835968,201,,"0.452742,0.393823,1.758827,1.812645",,,0.351296,7.342141,3.880480,0.906887
3214,582866,159.0,145.18,,2.2563859844207763,224.6053249835968,201,,"0.452742,0.393823,1.758827,1.812645",,,0.351296,7.342141,3.880480,0.906887
3215,583028,162.0,145.32,,2.2563859844207763,224.6053249835968,201,,"0.452742,0.393823,1.758827,1.812645",,,0.351296,7.342141,3.880480,0.906887
3216,583173,145.0,144.96,,2.2472651195526123,225.40887308120728,202,,"0.447303,0.395937,1.760729,1.812546",,,0.352984,7.343158,3.771884,0.907204
3217,583306,133.0,144.94,,2.2472651195526123,225.4098756313324,202,,"0.447303,0.395937,1.760729,1.812546",,,0.352984,7.343158,3.771884,0.907204
3218,583445,139.0,145.09,,2.2472651195526123,225.4098756313324,202,,"0.447303,0.395937,1.760729,1.812546",,,0.352984,7.343158,3.771884,0.907204
3219,583606,161.0,145.36,,2.2472651195526123,225.4098756313324,202,,"0.447303,0.395937,1.760729,1.812546",,,0.352984,7.343158,3.771884,0.907204
3220,583741,135.0,145.08,,2.2472651195526123,225.4098756313324,202,,"0.447303,0.395937,1.760729,1.812546",,,0.352984,7.343158,3.771884,0.907204
3221,583866,125.0,144.82,,2.2472651195526123,225.4098756313324,202,,"0.447303,0.395937,1.760729,1.812546",,,0.352984,7.343158,3.771884,0.907204
3222,584018,152.0,144.8,,2.2472651195526123,225.4098756313324,202,,"0.447303,0.395937,1.760729,1.812546",,,0.352984,7.343158,3.771884,0.907204
3223,584167,149.0,144.84,,2.2472651195526123,225.4098756313324,202,,"0.447303,0.395937,1.760729,1.812546",,,0.352984,7.343158,3.771884,0.907204
3224,584330,163.0,144.97,,2.2472651195526123,225.4098756313324,202,,"0.447303,0.395937,1.760729,1.812546",,,0.352984,7.343158,3.771884,0.907204
3225,584472,142.0,144.96,,2.2472651195526123,225.4098756313324,202,,"0.447303,0.395937,1.760729,1.812546",,,0.352984,7.343158,3.771884,0.907204
3226,584612,140.0,144.84,,2.2472651195526123,225.4098756313324,202,,"0.447303,0.395937,1.760729,1.812546",,,0.352984,7.343158,3.771884,0.907204
3227,584761,149.0,144.94,,2.2472651195526123,225.4098756313324,202,,"0.447303,0.395937,1.760729,1.812546",,,0.352984,7.343158,3.771884,0.907204
3228,584906,145.0,145.07,,2.2472651195526123,225.4098756313324,202,,"0.447303,0.395937,1.760729,1.812546",,,0.352984,7.343158,3.771884,0.907204
3229,585043,137.0,144.85,,2.2472651195526123,225.4098756313324,202,,"0.447303,0.395937,1.760729,1.812546",,,0.352984,7.343158,3.771884,0.907204
3230,585191,148.0,144.8,,2.2472651195526123,225.4098756313324,202,,"0.447303,0.395937,1.760729,1.812546",,,0.352984,7.343158,3.771884,0.907204
3231,585354,163.0,145.2,,2.2472651195526123,225.4098756313324,202,,"0.447303,0.395937,1.760729,1.812546",,,0.352984,7.343158,3.771884,0.907204
3232,585496,142.0,145.24,,2.237540922164917,226.19325947761536,203,,"0.441802,0.398161,1.762696,1.813730",,,0.354034,7.350860,3.679848,0.914671
3233,585664,168.0,145.37,,2.237540922164917,226.19325947761536,203,,"0.441802,0.398161,1.762696,1.813730",,,0.354034,7.350860,3.679848,0.914671
3234,585801,137.0,145.29,,2.237540922164917,226.19325947761536,203,,"0.441802,0.398161,1.762696,1.813730",,,0.354034,7.350860,3.679848,0.914671
3235,585930,129.0,145.05,,2.237540922164917,226.19325947761536,203,,"0.441802,0.398161,1.762696,1.813730",,,0.354034,7.350860,3.679848,0.914671
3236,586079,149.0,144.8,,2.237540922164917,226.19325947761536,203,,"0.441802,0.398161,1.762696,1.813730",,,0.354034,7.350860,3.679848,0.914671
3237,586230,151.0,144.76,,2.237540922164917,226.19325947761536,203,,"0.441802,0.398161,1.762696,1.813730",,,0.354034,7.350860,3.679848,0.914671
3238,586392,162.0,144.91,,2.237540922164917,226.19325947761536,203,,"0.441802,0.398161,1.762696,1.813730",,,0.354034,7.350860,3.679848,0.914671
3239,586546,154.0,145.09,,2.237540922164917,226.19325947761536,203,,"0.441802,0.398161,1.762696,1.813730",,,0.354034,7.350860,3.679848,0.914671
3240,586702,156.0,145.24,,2.237540922164917,226.19325947761536,203,,"0.441802,0.398161,1.762696,1.813730",,,0.354034,7.350860,3.679848,0.914671
3241,586855,153.0,145.32,,2.237540922164917,226.19325947761536,203,,"0.441802,0.398161,1.762696,1.813730",,,0.354034,7.350860,3.679848,0.914671
3242,587000,145.0,145.29,,2.237540922164917,226.19325947761536,203,,"0.441802,0.398161,1.762696,1.813730",,,0.354034,7.350860,3.679848,0.914671
3243,587140,140.0,145.26,,2.237540922164917,226.19325947761536,203,,"0.441802,0.398161,1.762696,1.813730",,,0.354034,7.350860,3.679848,0.914671
3244,587285,145.0,145.37,,2.237540922164917,226.19325947761536,203,,"0.441802,0.398161,1.762696,1.813730",,,0.354034,7.350860,3.679848,0.914671
3245,587435,150.0,145.63,,2.237540922164917,226.19325947761536,203,,"0.441802,0.398161,1.762696,1.813730",,,0.354034,7.350860,3.679848,0.914671
3246,587568,133.0,145.22,,2.237540922164917,226.19325947761536,203,,"0.441802,0.398161,1.762696,1.813730",,,0.354034,7.350860,3.679848,0.914671
3247,587705,137.0,145.11,,2.237540922164917,226.19325947761536,203,,"0.441802,0.398161,1.762696,1.813730",,,0.354034,7.350860,3.679848,0.914671
3248,587863,158.0,145.2,,2.2293297100067138,227.06530737876892,204,,"0.438668,0.398744,1.765704,1.814441",,,0.354688,7.353658,3.455870,0.923970
3249,588032,169.0,145.28,,2.2293297100067138,227.06530737876892,204,,"0.438668,0.398744,1.765704,1.814441",152.4,10.818502669038816,0.354688,7.353658,3.455870,0.923970
3250,588194,162.0,145.45,,2.2293297100067138,227.06530737876892,204,,"0.438668,0.398744,1.765704,1.814441",,,0.354688,7.353658,3.455870,0.923970
3251,588343,149.0,145.31,,2.2293297100067138,227.06530737876892,204,,"0.438668,0.398744,1.765704,1.814441",,,0.354688,7.353658,3.455870,0.923970
3252,588501,158.0,145.45,,2.2293297100067138,227.06530737876892,204,,"0.438668,0.398744,1.765704,1.814441",,,0.354688,7.353658,3.455870,0.923970
3253,588665,164.0,145.65,,2.2293297100067138,227.06530737876892,204,,"0.438668,0.398744,1.765704,1.814441",,,0.354688,7.353658,3.455870,0.923970
3254,588827,162.0,145.71,,2.2293297100067138,227.06530737876892,204,,"0.438668,0.398744,1.765704,1.814441",,,0.354688,7.353658,3.455870,0.923970
3255,588983,156.0,145.93,,2.2293297100067138,227.06530737876892,204,,"0.438668,0.398744,1.765704,1.814441",,,0.354688,7.353658,3.455870,0.923970
3256,589166,183.0,146.48,,2.2293297100067138,227.06530737876892,204,,"0.438668,0.398744,1.765704,1.814441",,,0.354688,7.353658,3.455870,0.923970
3257,589298,132.0,146.44,,2.2293297100067138,227.06530737876892,204,,"0.438668,0.398744,1.765704,1.814441",,,0.354688,7.353658,3.455870,0.923970
3258,589449,151.0,146.57,,2.2293297100067138,227.06530737876892,204,,"0.438668,0.398744,1.765704,1.814441",,,0.354688,7.353658,3.455870,0.923970
3259,589595,146.0,146.63,,2.2293297100067138,227.06530737876892,204,,"0.438668,0.398744,1.765704,1.814441",,,0.354688,7.353658,3.455870,0.923970
3260,589759,164.0,146.88,,2.2293297100067138,227.06530737876892,204,,"0.438668,0.398744,1.765704,1.814441",,,0.354688,7.353658,3.455870,0.923970
3261,589891,132.0,146.81,,2.2293297100067138,227.06530737876892,204,,"0.438668,0.398744,1.765704,1.814441",,,0.354688,7.353658,3.455870,0.923970
3262,590047,156.0,147.05,,2.2293297100067138,227.06530737876892,204,,"0.438668,0.398744,1.765704,1.814441",,,0.354688,7.353658,3.455870,0.923970
3263,590173,126.0,146.87,,2.2293297100067138,227.06530737876892,204,,"0.438668,0.398744,1.765704,1.814441",,,0.354688,7.353658,3.455870,0.923970
3264,590324,151.0,146.87,,2.220897426605225,227.88082718849182,205,,"0.437582,0.397485,1.770606,1.813734",,,0.352194,7.349480,3.355448,0.925980
3265,590460,136.0,146.78,,2.220897426605225,227.88082718849182,205,,"0.437582,0.397485,1.770606,1.813734",,,0.352194,7.349480,3.355448,0.925980
3266,590598,138.0,146.73,,2.220897426605225,227.88082718849182,205,,"0.437582,0.397485,1.770606,1.813734",,,0.352194,7.349480,3.355448,0.925980
3267,590749,151.0,146.8,,2.220897426605225,227.88082718849182,205,,"0.437582,0.397485,1.770606,1.813734",,,0.352194,7.349480,3.355448,0.925980
3268,590904,155.0,146.86,,2.220897426605225,227.88082718849182,205,,"0.437582,0.397485,1.770606,1.813734",,,0.352194,7.349480,3.355448,0.925980
3269,591045,141.0,146.89,,2.220897426605225,227.88208675384521,205,,"0.437582,0.397485,1.770606,1.813734",,,0.352194,7.349480,3.355448,0.925980
3270,591230,185.0,147.31,,2.220897426605225,227.88208675384521,205,,"0.437582,0.397485,1.770606,1.813734",,,0.352194,7.349480,3.355448,0.925980
3271,591377,147.0,147.44,,2.220897426605225,227.88208675384521,205,,"0.437582,0.397485,1.770606,1.813734",,,0.352194,7.349480,3.355448,0.925980
3272,591532,155.0,147.45,,2.220897426605225,227.88208675384521,205,,"0.437582,0.397485,1.770606,1.813734",,,0.352194,7.349480,3.355448,0.925980
3273,591703,171.0,147.57,,2.220897426605225,227.88208675384521,205,,"0.437582,0.397485,1.770606,1.813734",,,0.352194,7.349480,3.355448,0.925980
3274,591863,160.0,147.51,,2.220897426605225,227.88208675384521,205,,"0.437582,0.397485,1.770606,1.813734",,,0.352194,7.349480,3.355448,0.925980
3275,592024,161.0,147.74,,2.220897426605225,227.88208675384521,205,,"0.437582,0.397485,1.770606,1.813734",,,0.352194,7.349480,3.355448,0.925980
3276,592160,136.0,147.58,,2.220897426605225,227.88208675384521,205,,"0.437582,0.397485,1.770606,1.813734",,,0.352194,7.349480,3.355448,0.925980
3277,592321,161.0,147.67,,2.220897426605225,227.88208675384521,205,,"0.437582,0.397485,1.770606,1.813734",,,0.352194,7.349480,3.355448,0.925980
3278,592476,155.0,147.7,,2.220897426605225,227.88208675384521,205,,"0.437582,0.397485,1.770606,1.813734",,,0.352194,7.349480,3.355448,0.925980
3279,592643,167.0,147.85,,2.220897426605225,227.88208675384521,205,,"0.437582,0.397485,1.770606,1.813734",,,0.352194,7.349480,3.355448,0.925980
3280,592822,179.0,148.32,,2.212784867286682,228.6787338256836,206,,"0.436384,0.396780,1.774570,1.812817",,,0.351190,7.341523,3.281874,0.925460
3281,592982,160.0,148.36,,2.212784867286682,228.6787338256836,206,,"0.436384,0.396780,1.774570,1.812817",,,0.351190,7.341523,3.281874,0.925460
3282,593120,138.0,148.36,,2.212784867286682,228.6787338256836,206,,"0.436384,0.396780,1.774570,1.812817",,,0.351190,7.341523,3.281874,0.925460
3283,593262,142.0,148.29,,2.212784867286682,228.6787338256836,206,,"0.436384,0.396780,1.774570,1.812817",,,0.351190,7.341523,3.281874,0.925460
3284,593419,157.0,148.49,,2.212784867286682,228.6787338256836,206,,"0.436384,0.396780,1.774570,1.812817",,,0.351190,7.341523,3.281874,0.925460
3285,593571,152.0,148.65,,2.212784867286682,228.6787338256836,206,,"0.436384,0.396780,1.774570,1.812817",,,0.351190,7.341523,3.281874,0.925460
3286,593708,137.0,148.62,,2.212784867286682,228.6787338256836,206,,"0.436384,0.396780,1.774570,1.812817",,,0.351190,7.341523,3.281874,0.925460
3287,593848,140.0,148.7,,2.212784867286682,228.6787338256836,206,,"0.436384,0.396780,1.774570,1.812817",,,0.351190,7.341523,3.281874,0.925460
3288,593997,149.0,148.9,,2.212784867286682,228.6787338256836,206,,"0.436384,0.396780,1.774570,1.812817",,,0.351190,7.341523,3.281874,0.925460
3289,594137,140.0,148.94,,2.212784867286682,228.6787338256836,206,,"0.436384,0.396780,1.774570,1.812817",,,0.351190,7.341523,3.281874,0.925460
3290,594266,129.0,148.94,,2.212784867286682,228.6787338256836,206,,"0.436384,0.396780,1.774570,1.812817",,,0.351190,7.341523,3.281874,0.925460
3291,594414,148.0,148.96,,2.212784867286682,228.6787338256836,206,,"0.436384,0.396780,1.774570,1.812817",,,0.351190,7.341523,3.281874,0.925460
3292,594583,169.0,149.16,,2.212784867286682,228.6787338256836,206,,"0.436384,0.396780,1.774570,1.812817",,,0.351190,7.341523,3.281874,0.925460
3293,594731,148.0,149.28,,2.212784867286682,228.6787338256836,206,,"0.436384,0.396780,1.774570,1.812817",,,0.351190,7.341523,3.281874,0.925460
3294,594896,165.0,149.38,,2.212784867286682,228.6787338256836,206,,"0.436384,0.396780,1.774570,1.812817",,,0.351190,7.341523,3.281874,0.925460
3295,595048,152.0,149.4,,2.212784867286682,228.6787338256836,206,,"0.436384,0.396780,1.774570,1.812817",,,0.351190,7.341523,3.281874,0.925460
3296,595227,179.0,149.8,,2.2050221490859987,229.46542978286743,207,,"0.435405,0.396530,1.777399,1.811465",,,0.352677,7.329162,3.081842,0.932565
3297,595399,172.0,150.15,,2.2050221490859987,229.46609210968018,207,,"0.435405,0.396530,1.777399,1.811465",,,0.352677,7.329162,3.081842,0.932565
3298,595544,145.0,150.26,,2.2050221490859987,229.46609210968018,207,,"0.435405,0.396530,1.777399,1.811465",,,0.352677,7.329162,3.081842,0.932565
3299,595696,152.0,150.51,,2.2050221490859987,229.46609210968018,207,,"0.435405,0.396530,1.777399,1.811465",160.0,8.12403840463596,0.352677,7.329162,3.081842,0.932565
3300,595850,154.0,150.36,,2.2050221490859987,229.46609210968018,207,,"0.435405,0.396530,1.777399,1.811465",,,0.352677,7.329162,3.081842,0.932565
3301,596007,157.0,150.7,,2.2050221490859987,229.46609210968018,207,,"0.435405,0.396530,1.777399,1.811465",,,0.352677,7.329162,3.081842,0.932565
3302,596151,144.0,150.74,,2.2050221490859987,229.46609210968018,207,,"0.435405,0.396530,1.777399,1.811465",,,0.352677,7.329162,3.081842,0.932565
3303,596303,152.0,150.95,,2.2050221490859987,229.46609210968018,207,,"0.435405,0.396530,1.777399,1.811465",,,0.352677,7.329162,3.081842,0.932565
3304,596449,146.0,150.59,,2.2050221490859987,229.46609210968018,207,,"0.435405,0.396530,1.777399,1.811465",,,0.352677,7.329162,3.081842,0.932565
3305,596592,143.0,150.58,,2.2050221490859987,229.46609210968018,207,,"0.435405,0.396530,1.777399,1.811465",,,0.352677,7.329162,3.081842,0.932565
3306,596734,142.0,150.54,,2.2050221490859987,229.46609210968018,207,,"0.435405,0.396530,1.777399,1.811465",,,0.352677,7.329162,3.081842,0.932565
3307,596874,140.0,150.64,,2.2050221490859987,229.46609210968018,207,,"0.435405,0.396530,1.777399,1.811465",,,0.352677,7.329162,3.081842,0.932565
3308,597040,166.0,150.95,,2.2050221490859987,229.46609210968018,207,,"0.435405,0.396530,1.777399,1.811465",,,0.352677,7.329162,3.081842,0.932565
3309,597193,153.0,150.94,,2.2050221490859987,229.46609210968018,207,,"0.435405,0.396530,1.777399,1.811465",,,0.352677,7.329162,3.081842,0.932565
3310,597335,142.0,150.83,,2.2050221490859987,229.46609210968018,207,,"0.435405,0.396530,1.777399,1.811465",,,0.352677,7.329162,3.081842,0.932565
3311,597485,150.0,150.95,,2.2050221490859987,229.46609210968018,207,,"0.435405,0.396530,1.777399,1.811465",,,0.352677,7.329162,3.081842,0.932565
3312,597646,161.0,150.98,,2.198896746635437,230.27444672584534,208,,"0.433696,0.397035,1.779405,1.809776",,,0.355996,7.314897,2.906657,0.938668
3313,597806,160.0,150.99,,2.198896746635437,230.27444672584534,208,,"0.433696,0.397035,1.779405,1.809776",,,0.355996,7.314897,2.906657,0.938668
3314,597958,152.0,150.92,,2.198896746635437,230.27444672584534,208,,"0.433696,0.397035,1.779405,1.809776",,,0.355996,7.314897,2.906657,0.938668
3315,598114,156.0,150.86,,2.198896746635437,230.27444672584534,208,,"0.433696,0.397035,1.779405,1.809776",,,0.355996,7.314897,2.906657,0.938668
3316,598265,151.0,150.92,,2.198896746635437,230.27444672584534,208,,"0.433696,0.397035,1.779405,1.809776",,,0.355996,7.314897,2.906657,0.938668
3317,598430,165.0,151.24,,2.198896746635437,230.27444672584534,208,,"0.433696,0.397035,1.779405,1.809776",,,0.355996,7.314897,2.906657,0.938668
3318,598607,177.0,151.62,,2.198896746635437,230.27444672584534,208,,"0.433696,0.397035,1.779405,1.809776",,,0.355996,7.314897,2.906657,0.938668
3319,598757,150.0,151.51,,2.198896746635437,230.27444672584534,208,,"0.433696,0.397035,1.779405,1.809776",,,0.355996,7.314897,2.906657,0.938668
3320,598914,157.0,151.73,,2.198896746635437,230.27444672584534,208,,"0.433696,0.397035,1.779405,1.809776",,,0.355996,7.314897,2.906657,0.938668
3321,599083,169.0,152.17,,2.198896746635437,230.27444672584534,208,,"0.433696,0.397035,1.779405,1.809776",,,0.355996,7.314897,2.906657,0.938668
3322,599242,159.0,152.24,,2.198896746635437,230.27444672584534,208,,"0.433696,0.397035,1.779405,1.809776",,,0.355996,7.314897,2.906657,0.938668
3323,599410,168.0,152.43,,2.198896746635437,230.27444672584534,208,,"0.433696,0.397035,1.779405,1.809776",,,0.355996,7.314897,2.906657,0.938668
3324,599551,141.0,152.21,,2.198896746635437,230.27444672584534,208,,"0.433696,0.397035,1.779405,1.809776",,,0.355996,7.314897,2.906657,0.938668
3325,599719,168.0,152.47,,2.198896746635437,230.27444672584534,208,,"0.433696,0.397035,1.779405,1.809776",,,0.355996,7.314897,2.906657,0.938668
3326,599884,165.0,152.72,,2.198896746635437,230.27444672584534,208,,"0.433696,0.397035,1.779405,1.809776",,,0.355996,7.314897,2.906657,0.938668
3327,600036,152.0,152.75,,2.198896746635437,230.27444672584534,208,,"0.433696,0.397035,1.779405,1.809776",,,0.355996,7.314897,2.906657,0.938668
3328,600175,139.0,152.69,,2.195729019641876,231.14192152023315,209,,"0.432595,0.396749,1.782624,1.807736",,,0.354862,7.300073,2.813505,0.941372
3329,600339,164.0,152.96,,2.195729019641876,231.14192152023315,209,,"0.432595,0.396749,1.782624,1.807736",,,0.354862,7.300073,2.813505,0.941372
3330,600511,172.0,153.2,,2.195729019641876,231.14192152023315,209,,"0.432595,0.396749,1.782624,1.807736",,,0.354862,7.300073,2.813505,0.941372
3331,600663,152.0,153.09,,2.195729019641876,231.14192152023315,209,,"0.432595,0.396749,1.782624,1.807736",,,0.354862,7.300073,2.813505,0.941372
3332,600843,180.0,153.47,,2.195729019641876,231.14192152023315,209,,"0.432595,0.396749,1.782624,1.807736",,,0.354862,7.300073,2.813505,0.941372
3333,601014,171.0,153.5,,2.195729019641876,231.14192152023315,209,,"0.432595,0.396749,1.782624,1.807736",,,0.354862,7.300073,2.813505,0.941372
3334,601177,163.0,153.76,,2.195729019641876,231.14192152023315,209,,"0.432595,0.396749,1.782624,1.807736",,,0.354862,7.300073,2.813505,0.941372
3335,601330,153.0,154.0,,2.195729019641876,231.1429204940796,209,,"0.432595,0.396749,1.782624,1.807736",,,0.354862,7.300073,2.813505,0.941372
3336,601474,144.0,153.95,,2.195729019641876,231.1429204940796,209,,"0.432595,0.396749,1.782624,1.807736",,,0.354862,7.300073,2.813505,0.941372
3337,601651,177.0,154.21,,2.195729019641876,231.1429204940796,209,,"0.432595,0.396749,1.782624,1.807736",,,0.354862,7.300073,2.813505,0.941372
3338,601797,146.0,154.05,,2.195729019641876,231.1429204940796,209,,"0.432595,0.396749,1.782624,1.807736",,,0.354862,7.300073,2.813505,0.941372
3339,601947,150.0,154.01,,2.195729019641876,231.1429204940796,209,,"0.432595,0.396749,1.782624,1.807736",,,0.354862,7.300073,2.813505,0.941372
3340,602101,154.0,153.99,,2.195729019641876,231.1429204940796,209,,"0.432595,0.396749,1.782624,1.807736",,,0.354862,7.300073,2.813505,0.941372
3341,602248,147.0,153.93,,2.195729019641876,231.1429204940796,209,,"0.432595,0.396749,1.782624,1.807736",,,0.354862,7.300073,2.813505,0.941372
3342,602421,173.0,154.21,,2.195729019641876,231.1429204940796,209,,"0.432595,0.396749,1.782624,1.807736",,,0.354862,7.300073,2.813505,0.941372
3343,602591,170.0,154.51,,2.195729019641876,231.1429204940796,209,,"0.432595,0.396749,1.782624,1.807736",,,0.354862,7.300073,2.813505,0.941372
3344,602737,146.0,154.52,,2.192630388736725,232.00734090805054,210,,"0.431569,0.396860,1.784963,1.806702",,,0.353429,7.288948,2.695579,0.939842
3345,602895,158.0,154.6,,2.192630388736725,232.00734090805054,210,,"0.431569,0.396860,1.784963,1.806702",,,0.353429,7.288948,2.695579,0.939842
3346,603065,170.0,154.97,,2.192630388736725,232.00734090805054,210,,"0.431569,0.396860,1.784963,1.806702",,,0.353429,7.288948,2.695579,0.939842
3347,603226,161.0,155.21,,2.192630388736725,232.00734090805054,210,,"0.431569,0.396860,1.784963,1.806702",,,0.353429,7.288948,2.695579,0.939842
3348,603412,186.0,155.49,,2.192630388736725,232.00734090805054,210,,"0.431569,0.396860,1.784963,1.806702",,,0.353429,7.288948,2.695579,0.939842
3349,603568,156.0,155.36,,2.192630388736725,232.00734090805054,210,,"0.431569,0.396860,1.784963,1.806702",175.0,10.373041983911952,0.353429,7.288948,2.695579,0.939842
3350,603730,162.0,155.36,,2.192630388736725,232.00734090805054,210,,"0.431569,0.396860,1.784963,1.806702",,,0.353429,7.288948,2.695579,0.939842
3351,603886,156.0,155.43,,2.192630388736725,232.00734090805054,210,,"0.431569,0.396860,1.784963,1.806702",,,0.353429,7.288948,2.695579,0.939842
3352,604042,156.0,155.41,,2.192630388736725,232.00734090805054,210,,"0.431569,0.396860,1.784963,1.806702",,,0.353429,7.288948,2.695579,0.939842
3353,604196,154.0,155.31,,2.192630388736725,232.00734090805054,210,,"0.431569,0.396860,1.784963,1.806702",,,0.353429,7.288948,2.695579,0.939842
3354,604362,166.0,155.35,,2.192630388736725,232.00734090805054,210,,"0.431569,0.396860,1.784963,1.806702",,,0.353429,7.288948,2.695579,0.939842
3355,604505,143.0,155.22,,2.192630388736725,232.00734090805054,210,,"0.431569,0.396860,1.784963,1.806702",,,0.353429,7.288948,2.695579,0.939842
3356,604644,139.0,154.78,,2.192630388736725,232.00734090805054,210,,"0.431569,0.396860,1.784963,1.806702",,,0.353429,7.288948,2.695579,0.939842
3357,604804,160.0,155.06,,2.192630388736725,232.0083384513855,210,,"0.431569,0.396860,1.784963,1.806702",,,0.353429,7.288948,2.695579,0.939842
3358,604973,169.0,155.24,,2.192630388736725,232.0083384513855,210,,"0.431569,0.396860,1.784963,1.806702",,,0.353429,7.288948,2.695579,0.939842
3359,605148,175.0,155.53,,2.192630388736725,232.0083384513855,210,,"0.431569,0.396860,1.784963,1.806702",,,0.353429,7.288948,2.695579,0.939842
3360,605297,149.0,155.38,,2.187481758594513,232.90660691261292,211,,"0.430944,0.396642,1.787593,1.806158",,,0.353826,7.281487,2.571128,0.945154
3361,605494,197.0,156.03,,2.187481758594513,232.90660691261292,211,,"0.430944,0.396642,1.787593,1.806158",,,0.353826,7.281487,2.571128,0.945154
3362,605668,174.0,156.21,,2.187481758594513,232.90660691261292,211,,"0.430944,0.396642,1.787593,1.806158",,,0.353826,7.281487,2.571128,0.945154
3363,605836,168.0,156.63,,2.187481758594513,232.90660691261292,211,,"0.430944,0.396642,1.787593,1.806158",,,0.353826,7.281487,2.571128,0.945154
3364,605995,159.0,156.71,,2.187481758594513,232.90660691261292,211,,"0.430944,0.396642,1.787593,1.806158",,,0.353826,7.281487,2.571128,0.945154
3365,606141,146.0,156.81,,2.187481758594513,232.90660691261292,211,,"0.430944,0.396642,1.787593,1.806158",,,0.353826,7.281487,2.571128,0.945154
3366,606311,170.0,157.13,,2.187481758594513,232.90660691261292,211,,"0.430944,0.396642,1.787593,1.806158",,,0.353826,7.281487,2.571128,0.945154
3367,606479,168.0,157.3,,2.187481758594513,232.90736293792725,211,,"0.430944,0.396642,1.787593,1.806158",,,0.353826,7.281487,2.571128,0.945154
3368,606663,184.0,157.59,,2.187481758594513,232.90736293792725,211,,"0.430944,0.396642,1.787593,1.806158",,,0.353826,7.281487,2.571128,0.945154
3369,606839,176.0,157.94,,2.187481758594513,232.90736293792725,211,,"0.430944,0.396642,1.787593,1.806158",,,0.353826,7.281487,2.571128,0.945154
3370,607028,189.0,157.98,,2.187481758594513,232.90736293792725,211,,"0.430944,0.396642,1.787593,1.806158",,,0.353826,7.281487,2.571128,0.945154
3371,607202,174.0,158.25,,2.187481758594513,232.90736293792725,211,,"0.430944,0.396642,1.787593,1.806158",,,0.353826,7.281487,2.571128,0.945154
3372,607351,149.0,158.19,,2.187481758594513,232.90736293792725,211,,"0.430944,0.396642,1.787593,1.806158",,,0.353826,7.281487,2.571128,0.945154
3373,607527,176.0,158.24,,2.187481758594513,232.90736293792725,211,,"0.430944,0.396642,1.787593,1.806158",,,0.353826,7.281487,2.571128,0.945154
3374,607677,150.0,158.14,,2.187481758594513,232.90736293792725,211,,"0.430944,0.396642,1.787593,1.806158",,,0.353826,7.281487,2.571128,0.945154
3375,607829,152.0,158.05,,2.187481758594513,232.90736293792725,211,,"0.430944,0.396642,1.787593,1.806158",,,0.353826,7.281487,2.571128,0.945154
3376,607986,157.0,158.26,,2.1725883054733277,233.73687601089478,212,,"0.431955,0.395519,1.790669,1.806953",,,0.351639,7.280552,2.483845,0.942732
3377,608157,171.0,158.36,,2.1725883054733277,233.73687601089478,212,,"0.431955,0.395519,1.790669,1.806953",,,0.351639,7.280552,2.483845,0.942732
3378,608307,150.0,158.31,,2.1725883054733277,233.73687601089478,212,,"0.431955,0.395519,1.790669,1.806953",,,0.351639,7.280552,2.483845,0.942732
3379,608477,170.0,158.34,,2.1725883054733277,233.73687601089478,212,,"0.431955,0.395519,1.790669,1.806953",,,0.351639,7.280552,2.483845,0.942732
3380,608646,169.0,158.24,,2.1725883054733277,233.73687601089478,212,,"0.431955,0.395519,1.790669,1.806953",,,0.351639,7.280552,2.483845,0.942732
3381,608811,165.0,158.29,,2.1725883054733277,233.73687601089478,212,,"0.431955,0.395519,1.790669,1.806953",,,0.351639,7.280552,2.483845,0.942732
3382,608967,156.0,158.47,,2.1725883054733277,233.73687601089478,212,,"0.431955,0.395519,1.790669,1.806953",,,0.351639,7.280552,2.483845,0.942732
3383,609115,148.0,158.53,,2.1725883054733277,233.73687601089478,212,,"0.431955,0.395519,1.790669,1.806953",,,0.351639,7.280552,2.483845,0.942732
3384,609265,150.0,158.46,,2.1725883054733277,233.73687601089478,212,,"0.431955,0.395519,1.790669,1.806953",,,0.351639,7.280552,2.483845,0.942732
3385,609442,177.0,158.71,,2.1725883054733277,233.73687601089478,212,,"0.431955,0.395519,1.790669,1.806953",,,0.351639,7.280552,2.483845,0.942732
3386,609623,181.0,159.15,,2.1725883054733277,233.73687601089478,212,,"0.431955,0.395519,1.790669,1.806953",,,0.351639,7.280552,2.483845,0.942732
3387,609786,163.0,159.38,,2.1725883054733277,233.73687601089478,212,,"0.431955,0.395519,1.790669,1.806953",,,0.351639,7.280552,2.483845,0.942732
3388,609936,150.0,159.39,,2.1725883054733277,233.73687601089478,212,,"0.431955,0.395519,1.790669,1.806953",,,0.351639,7.280552,2.483845,0.942732
3389,610109,173.0,159.72,,2.1725883054733277,233.73787641525269,212,,"0.431955,0.395519,1.790669,1.806953",,,0.351639,7.280552,2.483845,0.942732
3390,610298,189.0,160.32,,2.1725883054733277,233.73787641525269,212,,"0.431955,0.395519,1.790669,1.806953",,,0.351639,7.280552,2.483845,0.942732
3391,610449,151.0,160.35,,2.1725883054733277,233.73787641525269,212,,"0.431955,0.395519,1.790669,1.806953",,,0.351639,7.280552,2.483845,0.942732
3392,610625,176.0,160.42,,2.1434411120414736,234.66424369812012,213,,"0.433532,0.394088,1.794059,1.806818",,,0.355662,7.274574,2.399857,0.944859
3393,610806,181.0,160.75,,2.1434411120414736,234.66424369812012,213,,"0.433532,0.394088,1.794059,1.806818",,,0.355662,7.274574,2.399857,0.944859
3394,610957,151.0,160.61,,2.1434411120414736,234.66474962234497,213,,"0.433532,0.394088,1.794059,1.806818",,,0.355662,7.274574,2.399857,0.944859
3395,611145,188.0,160.97,,2.1434411120414736,234.66474962234497,213,,"0.433532,0.394088,1.794059,1.806818",,,0.355662,7.274574,2.399857,0.944859
3396,611335,190.0,161.08,,2.1434411120414736,234.66474962234497,213,,"0.433532,0.394088,1.794059,1.806818",,,0.355662,7.274574,2.399857,0.944859
3397,611498,163.0,160.99,,2.1434411120414736,234.66474962234497,213,,"0.433532,0.394088,1.794059,1.806818",,,0.355662,7.274574,2.399857,0.944859
3398,611688,190.0,161.44,,2.1434411120414736,234.66474962234497,213,,"0.433532,0.394088,1.794059,1.806818",,,0.355662,7.274574,2.399857,0.944859
3399,611860,172.0,161.64,,2.1434411120414736,234.66474962234497,213,,"0.433532,0.394088,1.794059,1.806818",202.4,14.319217855735,0.355662,7.274574,2.399857,0.944859
3400,612008,148.0,161.58,,2.1434411120414736,234.66474962234497,213,,"0.433532,0.394088,1.794059,1.806818",,,0.355662,7.274574,2.399857,0.944859
3401,612191,183.0,161.84,,2.1434411120414736,234.66474962234497,213,,"0.433532,0.394088,1.794059,1.806818",,,0.355662,7.274574,2.399857,0.944859
3402,612384,193.0,162.33,,2.1434411120414736,234.66474962234497,213,,"0.433532,0.394088,1.794059,1.806818",,,0.355662,7.274574,2.399857,0.944859
3403,612548,164.0,162.45,,2.1434411120414736,234.66474962234497,213,,"0.433532,0.394088,1.794059,1.806818",,,0.355662,7.274574,2.399857,0.944859
3404,612719,171.0,162.7,,2.1434411120414736,234.66474962234497,213,,"0.433532,0.394088,1.794059,1.806818",,,0.355662,7.274574,2.399857,0.944859
3405,612892,173.0,163.0,,2.1434411120414736,234.66474962234497,213,,"0.433532,0.394088,1.794059,1.806818",,,0.355662,7.274574,2.399857,0.944859
3406,613076,184.0,163.42,,2.1434411120414736,234.66474962234497,213,,"0.433532,0.394088,1.794059,1.806818",,,0.355662,7.274574,2.399857,0.944859
3407,613269,193.0,163.95,,2.1434411120414736,234.66474962234497,213,,"0.433532,0.394088,1.794059,1.806818",,,0.355662,7.274574,2.399857,0.944859
3408,613462,193.0,164.22,,2.1133082938194274,235.6047146320343,214,,"0.435360,0.392420,1.797677,1.806428",,,0.353672,7.267448,2.406926,0.941938
3409,613636,174.0,164.43,,2.1133082938194274,235.6047146320343,214,,"0.435360,0.392420,1.797677,1.806428",,,0.353672,7.267448,2.406926,0.941938
3410,613850,214.0,165.15,,2.1133082938194274,235.60571765899658,214,,"0.435360,0.392420,1.797677,1.806428",,,0.353672,7.267448,2.406926,0.941938
3411,614028,178.0,165.43,,2.1133082938194274,235.60571765899658,214,,"0.435360,0.392420,1.797677,1.806428",,,0.353672,7.267448,2.406926,0.941938
3412,614192,164.0,165.46,,2.1133082938194274,235.60571765899658,214,,"0.435360,0.392420,1.797677,1.806428",,,0.353672,7.267448,2.406926,0.941938
3413,614394,202.0,165.88,,2.1133082938194274,235.60571765899658,214,,"0.435360,0.392420,1.797677,1.806428",,,0.353672,7.267448,2.406926,0.941938
3414,614586,192.0,166.28,,2.1133082938194274,235.60571765899658,214,,"0.435360,0.392420,1.797677,1.806428",,,0.353672,7.267448,2.406926,0.941938
3415,614767,181.0,166.53,,2.1133082938194274,235.60571765899658,214,,"0.435360,0.392420,1.797677,1.806428",,,0.353672,7.267448,2.406926,0.941938
3416,614932,165.0,166.67,,2.1133082938194274,235.60571765899658,214,,"0.435360,0.392420,1.797677,1.806428",,,0.353672,7.267448,2.406926,0.941938
3417,615124,192.0,166.94,,2.1133082938194274,235.60571765899658,214,,"0.435360,0.392420,1.797677,1.806428",,,0.353672,7.267448,2.406926,0.941938
3418,615298,174.0,166.91,,2.1133082938194274,235.60571765899658,214,,"0.435360,0.392420,1.797677,1.806428",,,0.353672,7.267448,2.406926,0.941938
3419,615491,193.0,167.34,,2.1133082938194274,235.60571765899658,214,,"0.435360,0.392420,1.797677,1.806428",,,0.353672,7.267448,2.406926,0.941938
3420,615692,201.0,167.78,,2.1133082938194274,235.60571765899658,214,,"0.435360,0.392420,1.797677,1.806428",,,0.353672,7.267448,2.406926,0.941938
3421,615870,178.0,167.87,,2.1133082938194274,235.60571765899658,214,,"0.435360,0.392420,1.797677,1.806428",,,0.353672,7.267448,2.406926,0.941938
3422,616044,174.0,168.02,,2.1133082938194274,235.60571765899658,214,,"0.435360,0.392420,1.797677,1.806428",,,0.353672,7.267448,2.406926,0.941938
3423,616236,192.0,168.26,,2.1133082938194274,235.60571765899658,214,,"0.435360,0.392420,1.797677,1.806428",,,0.353672,7.267448,2.406926,0.941938
3424,616442,206.0,168.91,,2.0795357179641725,236.63750576972961,215,,"0.437696,0.390484,1.801426,1.806691",,,0.353881,7.264413,2.408709,0.940655
3425,616668,226.0,169.49,,2.0795357179641725,236.63750576972961,215,,"0.437696,0.390484,1.801426,1.806691",,,0.353881,7.264413,2.408709,0.940655
3426,616906,238.0,170.22,,2.0795357179641725,236.63750576972961,215,,"0.437696,0.390484,1.801426,1.806691",,,0.353881,7.264413,2.408709,0.940655
3427,617098,192.0,170.62,,2.0795357179641725,236.63750576972961,215,,"0.437696,0.390484,1.801426,1.806691",,,0.353881,7.264413,2.408709,0.940655
3428,617308,210.0,171.33,,2.0795357179641725,236.63750576972961,215,,"0.437696,0.390484,1.801426,1.806691",,,0.353881,7.264413,2.408709,0.940655
3429,617473,165.0,171.34,,2.0795357179641725,236.63750576972961,215,,"0.437696,0.390484,1.801426,1.806691",,,0.353881,7.264413,2.408709,0.940655
3430,617667,194.0,171.56,,2.0795357179641725,236.63750576972961,215,,"0.437696,0.390484,1.801426,1.806691",,,0.353881,7.264413,2.408709,0.940655
3431,617869,202.0,172.06,,2.0795357179641725,236.63750576972961,215,,"0.437696,0.390484,1.801426,1.806691",,,0.353881,7.264413,2.408709,0.940655
3432,618060,191.0,172.17,,2.0795357179641725,236.63750576972961,215,,"0.437696,0.390484,1.801426,1.806691",,,0.353881,7.264413,2.408709,0.940655
3433,618280,220.0,172.66,,2.0795357179641725,236.63750576972961,215,,"0.437696,0.390484,1.801426,1.806691",,,0.353881,7.264413,2.408709,0.940655
3434,618478,198.0,173.01,,2.0795357179641725,236.63750576972961,215,,"0.437696,0.390484,1.801426,1.806691",,,0.353881,7.264413,2.408709,0.940655
3435,618664,186.0,173.34,,2.0795357179641725,236.63750576972961,215,,"0.437696,0.390484,1.801426,1.806691",,,0.353881,7.264413,2.408709,0.940655
3436,618845,181.0,173.71,,2.0795357179641725,236.63750576972961,215,,"0.437696,0.390484,1.801426,1.806691",,,0.353881,7.264413,2.408709,0.940655
3437,619045,200.0,173.94,,2.0795357179641725,236.63750576972961,215,,"0.437696,0.390484,1.801426,1.806691",,,0.353881,7.264413,2.408709,0.940655
3438,619269,224.0,174.72,,2.0795357179641725,236.63750576972961,215,,"0.437696,0.390484,1.801426,1.806691",,,0.353881,7.264413,2.408709,0.940655
3439,619486,217.0,175.39,,2.0795357179641725,236.6385133266449,215,,"0.437696,0.390484,1.801426,1.806691",,,0.353881,7.264413,2.408709,0.940655
3440,619687,201.0,175.86,,2.050281054973602,237.74519228935242,216,,"0.439404,0.388880,1.804847,1.806921",,,0.351395,7.260787,2.398987,0.936513
3441,619903,216.0,176.55,,2.050281054973602,237.74519228935242,216,,"0.439404,0.388880,1.804847,1.806921",,,0.351395,7.260787,2.398987,0.936513
3442,620085,182.0,176.64,,2.050281054973602,237.74519228935242,216,,"0.439404,0.388880,1.804847,1.806921",,,0.351395,7.260787,2.398987,0.936513
3443,620325,240.0,177.34,,2.050281054973602,237.74519228935242,216,,"0.439404,0.388880,1.804847,1.806921",,,0.351395,7.260787,2.398987,0.936513
3444,620535,210.0,177.98,,2.050281054973602,237.74519228935242,216,,"0.439404,0.388880,1.804847,1.806921",,,0.351395,7.260787,2.398987,0.936513
3445,620741,206.0,178.46,,2.050281054973602,237.74519228935242,216,,"0.439404,0.388880,1.804847,1.806921",,,0.351395,7.260787,2.398987,0.936513
3446,620971,230.0,179.06,,2.050281054973602,237.74519228935242,216,,"0.439404,0.388880,1.804847,1.806921",,,0.351395,7.260787,2.398987,0.936513
3447,621193,222.0,179.67,,2.050281054973602,237.74519228935242,216,,"0.439404,0.388880,1.804847,1.806921",,,0.351395,7.260787,2.398987,0.936513
3448,621395,202.0,179.83,,2.050281054973602,237.74519228935242,216,,"0.439404,0.388880,1.804847,1.806921",,,0.351395,7.260787,2.398987,0.936513
3449,621629,234.0,180.61,,2.050281054973602,237.7462067604065,216,,"0.439404,0.388880,1.804847,1.806921",462.2,75.6,0.351395,7.260787,2.398987,0.936513
3450,621824,195.0,180.94,,2.050281054973602,237.7462067604065,216,,"0.439404,0.388880,1.804847,1.806921",,,0.351395,7.260787,2.398987,0.936513
3451,622012,188.0,181.26,,2.050281054973602,237.7462067604065,216,,"0.439404,0.388880,1.804847,1.806921",,,0.351395,7.260787,2.398987,0.936513
3452,622187,175.0,181.45,,2.050281054973602,237.7462067604065,216,,"0.439404,0.388880,1.804847,1.806921",,,0.351395,7.260787,2.398987,0.936513
3453,622381,194.0,181.85,,2.050281054973602,237.7462067604065,216,,"0.439404,0.388880,1.804847,1.806921",,,0.351395,7.260787,2.398987,0.936513
3454,622629,248.0,182.67,,2.050281054973602,237.7462067604065,216,,"0.439404,0.388880,1.804847,1.806921",,,0.351395,7.260787,2.398987,0.936513
3455,622806,177.0,183.01,,2.050281054973602,237.7462067604065,216,,"0.439404,0.388880,1.804847,1.806921",,,0.351395,7.260787,2.398987,0.936513
3456,623000,194.0,183.56,,2.0231802964210512,239.05519914627075,217,,"0.440758,0.387318,1.808227,1.807622",,,0.354054,7.260849,2.480810,0.930814
3457,623228,228.0,184.24,,2.0231802964210512,239.05570363998413,217,,"0.440758,0.387318,1.808227,1.807622",,,0.354054,7.260849,2.480810,0.930814
3458,623499,271.0,185.26,,2.0231802964210512,239.05570363998413,217,,"0.440758,0.387318,1.808227,1.807622",,,0.354054,7.260849,2.480810,0.930814
3459,623719,220.0,185.71,,2.0231802964210512,239.05570363998413,217,,"0.440758,0.387318,1.808227,1.807622",,,0.354054,7.260849,2.480810,0.930814
3460,623936,217.0,186.39,,2.0231802964210512,239.05570363998413,217,,"0.440758,0.387318,1.808227,1.807622",,,0.354054,7.260849,2.480810,0.930814
3461,624160,224.0,186.66,,2.0231802964210512,239.05570363998413,217,,"0.440758,0.387318,1.808227,1.807622",,,0.354054,7.260849,2.480810,0.930814
3462,624422,262.0,187.54,,2.0231802964210512,239.05570363998413,217,,"0.440758,0.387318,1.808227,1.807622",,,0.354054,7.260849,2.480810,0.930814
3463,624632,210.0,187.96,,2.0231802964210512,239.05570363998413,217,,"0.440758,0.387318,1.808227,1.807622",,,0.354054,7.260849,2.480810,0.930814
3464,624795,163.0,188.0,,2.0231802964210512,239.05570363998413,217,,"0.440758,0.387318,1.808227,1.807622",,,0.354054,7.260849,2.480810,0.930814
3465,625025,230.0,188.84,,2.0231802964210512,239.05570363998413,217,,"0.440758,0.387318,1.808227,1.807622",,,0.354054,7.260849,2.480810,0.930814
3466,625209,184.0,188.98,,2.0231802964210512,239.05570363998413,217,,"0.440758,0.387318,1.808227,1.807622",,,0.354054,7.260849,2.480810,0.930814
3467,625436,227.0,189.57,,2.0231802964210512,239.05570363998413,217,,"0.440758,0.387318,1.808227,1.807622",,,0.354054,7.260849,2.480810,0.930814
3468,625643,207.0,189.8,,2.0231802964210512,239.05570363998413,217,,"0.440758,0.387318,1.808227,1.807622",,,0.354054,7.260849,2.480810,0.930814
3469,625864,221.0,190.25,,2.0231802964210512,239.05570363998413,217,,"0.440758,0.387318,1.808227,1.807622",,,0.354054,7.260849,2.480810,0.930814
3470,626091,227.0,190.63,,2.0231802964210512,239.05570363998413,217,,"0.440758,0.387318,1.808227,1.807622",,,0.354054,7.260849,2.480810,0.930814
3471,626322,231.0,191.2,,2.0231802964210512,239.05570363998413,217,,"0.440758,0.387318,1.808227,1.807622",,,0.354054,7.260849,2.480810,0.930814
3472,626545,223.0,191.94,,1.9968099427223205,240.4502625465393,218,,"0.442073,0.385765,1.811509,1.808192",,,0.352602,7.260668,2.518525,0.921697
3473,626740,195.0,192.13,,1.9968099427223205,240.4502625465393,218,,"0.442073,0.385765,1.811509,1.808192",,,0.352602,7.260668,2.518525,0.921697
3474,626937,197.0,192.6,,1.9968099427223205,240.4502625465393,218,,"0.442073,0.385765,1.811509,1.808192",,,0.352602,7.260668,2.518525,0.921697
3475,627113,176.0,192.84,,1.9968099427223205,240.4502625465393,218,,"0.442073,0.385765,1.811509,1.808192",,,0.352602,7.260668,2.518525,0.921697
3476,627317,204.0,193.31,,1.9968099427223205,240.4502625465393,218,,"0.442073,0.385765,1.811509,1.808192",,,0.352602,7.260668,2.518525,0.921697
3477,627539,222.0,193.82,,1.9968099427223205,240.4502625465393,218,,"0.442073,0.385765,1.811509,1.808192",,,0.352602,7.260668,2.518525,0.921697
3478,627725,186.0,194.18,,1.9968099427223205,240.4502625465393,218,,"0.442073,0.385765,1.811509,1.808192",,,0.352602,7.260668,2.518525,0.921697
3479,628014,289.0,195.37,,1.9968099427223205,240.4502625465393,218,,"0.442073,0.385765,1.811509,1.808192",,,0.352602,7.260668,2.518525,0.921697
3480,628235,221.0,195.89,,1.9968099427223205,240.4502625465393,218,,"0.442073,0.385765,1.811509,1.808192",,,0.352602,7.260668,2.518525,0.921697
3481,628479,244.0,196.68,,1.9968099427223205,240.4502625465393,218,,"0.442073,0.385765,1.811509,1.808192",,,0.352602,7.260668,2.518525,0.921697
3482,628708,229.0,197.41,,1.9968099427223205,240.4502625465393,218,,"0.442073,0.385765,1.811509,1.808192",,,0.352602,7.260668,2.518525,0.921697
3483,628975,267.0,198.6,,1.9968099427223205,240.4502625465393,218,,"0.442073,0.385765,1.811509,1.808192",,,0.352602,7.260668,2.518525,0.921697
3484,629249,274.0,199.84,,1.9968099427223205,240.4502625465393,218,,"0.442073,0.385765,1.811509,1.808192",,,0.352602,7.260668,2.518525,0.921697
3485,629493,244.0,200.51,,1.9968099427223205,240.4502625465393,218,,"0.442073,0.385765,1.811509,1.808192",,,0.352602,7.260668,2.518525,0.921697
3486,629682,189.0,200.59,,1.9968099427223205,240.4502625465393,218,,"0.442073,0.385765,1.811509,1.808192",,,0.352602,7.260668,2.518525,0.921697
3487,629917,235.0,201.31,,1.9968099427223205,240.4502625465393,218,,"0.442073,0.385765,1.811509,1.808192",,,0.352602,7.260668,2.518525,0.921697
3488,630176,259.0,202.4,,1.9696741771697999,241.7873718738556,219,,"0.443410,0.384290,1.814574,1.808535",,,0.352251,7.259288,2.619721,0.912901
3489,630456,280.0,203.47,,1.9696741771697999,241.7873718738556,219,,"0.443410,0.384290,1.814574,1.808535",,,0.352251,7.259288,2.619721,0.912901
3490,630730,274.0,204.32,,1.9696741771697999,241.7873718738556,219,,"0.443410,0.384290,1.814574,1.808535",,,0.352251,7.259288,2.619721,0.912901
3491,630989,259.0,205.4,,1.9696741771697999,241.7873718738556,219,,"0.443410,0.384290,1.814574,1.808535",,,0.352251,7.259288,2.619721,0.912901
3492,631232,243.0,206.07,,1.9696741771697999,241.78789591789246,219,,"0.443410,0.384290,1.814574,1.808535",,,0.352251,7.259288,2.619721,0.912901
3493,631491,259.0,206.85,,1.9696741771697999,241.78789591789246,219,,"0.443410,0.384290,1.814574,1.808535",,,0.352251,7.259288,2.619721,0.912901
3494,631684,193.0,207.27,,1.9696741771697999,241.78789591789246,219,,"0.443410,0.384290,1.814574,1.808535",,,0.352251,7.259288,2.619721,0.912901
3495,631924,240.0,207.79,,1.9696741771697999,241.78789591789246,219,,"0.443410,0.384290,1.814574,1.808535",,,0.352251,7.259288,2.619721,0.912901
3496,632180,256.0,208.45,,1.9696741771697999,241.78789591789246,219,,"0.443410,0.384290,1.814574,1.808535",,,0.352251,7.259288,2.619721,0.912901
3497,632383,203.0,208.85,,1.9696741771697999,241.78789591789246,219,,"0.443410,0.384290,1.814574,1.808535",,,0.352251,7.259288,2.619721,0.912901
3498,632605,222.0,209.17,,1.9696741771697999,241.78789591789246,219,,"0.443410,0.384290,1.814574,1.808535",,,0.352251,7.259288,2.619721,0.912901
3499,632824,219.0,209.64,,1.9696741771697999,241.78789591789246,219,,"0.443410,0.384290,1.814574,1.808535",500.0,0.0,0.352251,7.259288,2.619721,0.912901
3500,633109,285.0,211.01,,1.9696741771697999,241.78789591789246,219,,"0.443410,0.384290,1.814574,1.808535",,,0.352251,7.259288,2.619721,0.912901
3501,633346,237.0,211.55,,1.9696741771697999,241.78789591789246,219,,"0.443410,0.384290,1.814574,1.808535",,,0.352251,7.259288,2.619721,0.912901
3502,633625,279.0,212.41,,1.9696741771697999,241.78789591789246,219,,"0.443410,0.384290,1.814574,1.808535",,,0.352251,7.259288,2.619721,0.912901
3503,633908,283.0,213.6,,1.9696741771697999,241.78789591789246,219,,"0.443410,0.384290,1.814574,1.808535",,,0.352251,7.259288,2.619721,0.912901
3504,634141,233.0,214.22,,1.94663321018219,243.4517707824707,220,,"0.444485,0.382994,1.817338,1.809235",,,0.351243,7.259708,2.834378,0.899605
3505,634431,290.0,215.39,,1.94663321018219,243.4517707824707,220,,"0.444485,0.382994,1.817338,1.809235",,,0.351243,7.259708,2.834378,0.899605
3506,634803,372.0,217.27,,1.94663321018219,243.4517707824707,220,,"0.444485,0.382994,1.817338,1.809235",,,0.351243,7.259708,2.834378,0.899605
3507,635177,374.0,219.08,,1.94663321018219,243.4517707824707,220,,"0.444485,0.382994,1.817338,1.809235",,,0.351243,7.259708,2.834378,0.899605
3508,635419,242.0,219.57,,1.94663321018219,243.4517707824707,220,,"0.444485,0.382994,1.817338,1.809235",,,0.351243,7.259708,2.834378,0.899605
3509,635779,360.0,221.43,,1.94663321018219,243.4517707824707,220,,"0.444485,0.382994,1.817338,1.809235",,,0.351243,7.259708,2.834378,0.899605
3510,636096,317.0,222.46,,1.94663321018219,243.4517707824707,220,,"0.444485,0.382994,1.817338,1.809235",,,0.351243,7.259708,2.834378,0.899605
3511,636372,276.0,223.44,,1.94663321018219,243.4527781009674,220,,"0.444485,0.382994,1.817338,1.809235",,,0.351243,7.259708,2.834378,0.899605
3512,636647,275.0,224.55,,1.94663321018219,243.4527781009674,220,,"0.444485,0.382994,1.817338,1.809235",,,0.351243,7.259708,2.834378,0.899605
3513,636984,337.0,225.9,,1.94663321018219,243.4527781009674,220,,"0.444485,0.382994,1.817338,1.809235",,,0.351243,7.259708,2.834378,0.899605
3514,637294,310.0,227.08,,1.94663321018219,243.4527781009674,220,,"0.444485,0.382994,1.817338,1.809235",,,0.351243,7.259708,2.834378,0.899605
3515,637585,291.0,228.18,,1.94663321018219,243.4527781009674,220,,"0.444485,0.382994,1.817338,1.809235",,,0.351243,7.259708,2.834378,0.899605
3516,637838,253.0,229.06,,1.94663321018219,243.4527781009674,220,,"0.444485,0.382994,1.817338,1.809235",,,0.351243,7.259708,2.834378,0.899605
3517,638103,265.0,229.79,,1.94663321018219,243.4527781009674,220,,"0.444485,0.382994,1.817338,1.809235",,,0.351243,7.259708,2.834378,0.899605
3518,638424,321.0,231.26,,1.94663321018219,243.4527781009674,220,,"0.444485,0.382994,1.817338,1.809235",,,0.351243,7.259708,2.834378,0.899605
3519,638711,287.0,232.2,,1.94663321018219,243.4527781009674,220,,"0.444485,0.382994,1.817338,1.809235",,,0.351243,7.259708,2.834378,0.899605
3520,639211,500.0,235.19,,1.924585702419281,245.66808533668518,221,,"0.445453,0.381790,1.819933,1.809532",,,0.353012,7.258432,2.742517,0.892655
3521,639466,255.0,235.96,,1.924585702419281,245.66808533668518,221,,"0.445453,0.381790,1.819933,1.809532",,,0.353012,7.258432,2.742517,0.892655
3522,639784,318.0,237.4,,1.924585702419281,245.66808533668518,221,,"0.445453,0.381790,1.819933,1.809532",,,0.353012,7.258432,2.742517,0.892655
3523,640105,321.0,238.69,,1.924585702419281,245.66808533668518,221,,"0.445453,0.381790,1.819933,1.809532",,,0.353012,7.258432,2.742517,0.892655
3524,640500,395.0,240.58,,1.924585702419281,245.66808533668518,221,,"0.445453,0.381790,1.819933,1.809532",,,0.353012,7.258432,2.742517,0.892655
3525,640918,418.0,242.5,,1.924585702419281,245.66808533668518,221,,"0.445453,0.381790,1.819933,1.809532",,,0.353012,7.258432,2.742517,0.892655
3526,641295,377.0,243.89,,1.924585702419281,245.66808533668518,221,,"0.445453,0.381790,1.819933,1.809532",,,0.353012,7.258432,2.742517,0.892655
3527,641641,346.0,245.43,,1.924585702419281,245.66808533668518,221,,"0.445453,0.381790,1.819933,1.809532",,,0.353012,7.258432,2.742517,0.892655
3528,641883,242.0,245.75,,1.924585702419281,245.66808533668518,221,,"0.445453,0.381790,1.819933,1.809532",,,0.353012,7.258432,2.742517,0.892655
3529,642160,277.0,246.87,,1.924585702419281,245.66808533668518,221,,"0.445453,0.381790,1.819933,1.809532",,,0.353012,7.258432,2.742517,0.892655
3530,642455,295.0,247.88,,1.924585702419281,245.66808533668518,221,,"0.445453,0.381790,1.819933,1.809532",,,0.353012,7.258432,2.742517,0.892655
3531,642684,229.0,248.15,,1.924585702419281,245.66808533668518,221,,"0.445453,0.381790,1.819933,1.809532",,,0.353012,7.258432,2.742517,0.892655
3532,642941,257.0,248.81,,1.924585702419281,245.66808533668518,221,,"0.445453,0.381790,1.819933,1.809532",,,0.353012,7.258432,2.742517,0.892655
3533,643441,500.0,251.61,,1.924585702419281,245.66808533668518,221,,"0.445453,0.381790,1.819933,1.809532",,,0.353012,7.258432,2.742517,0.892655
3534,643782,341.0,253.04,,1.924585702419281,245.66808533668518,221,,"0.445453,0.381790,1.819933,1.809532",,,0.353012,7.258432,2.742517,0.892655
3535,644118,336.0,254.54,,1.924585702419281,245.66808533668518,221,,"0.445453,0.381790,1.819933,1.809532",,,0.353012,7.258432,2.742517,0.892655
3536,644618,500.0,257.73,,1.9020672225952149,247.86072707176208,222,,"0.445842,0.380786,1.822304,1.809853",,,0.355233,7.257167,2.452841,0.893241
3537,644938,320.0,258.93,,1.9020672225952149,247.86072707176208,222,,"0.445842,0.380786,1.822304,1.809853",,,0.355233,7.257167,2.452841,0.893241
3538,645230,292.0,259.61,,1.9020672225952149,247.86072707176208,222,,"0.445842,0.380786,1.822304,1.809853",,,0.355233,7.257167,2.452841,0.893241
3539,645730,500.0,262.44,,1.9020672225952149,247.86174178123474,222,,"0.445842,0.380786,1.822304,1.809853",,,0.355233,7.257167,2.452841,0.893241
3540,646004,274.0,263.17,,1.9020672225952149,247.86174178123474,222,,"0.445842,0.380786,1.822304,1.809853",,,0.355233,7.257167,2.452841,0.893241
3541,646504,500.0,266.01,,1.9020672225952149,247.86174178123474,222,,"0.445842,0.380786,1.822304,1.809853",,,0.355233,7.257167,2.452841,0.893241
3542,647004,500.0,269.19,,1.9020672225952149,247.86174178123474,222,,"0.445842,0.380786,1.822304,1.809853",,,0.355233,7.257167,2.452841,0.893241
3543,647277,273.0,269.52,,1.9020672225952149,247.86174178123474,222,,"0.445842,0.380786,1.822304,1.809853",,,0.355233,7.257167,2.452841,0.893241
3544,647580,303.0,270.45,,1.9020672225952149,247.86174178123474,222,,"0.445842,0.380786,1.822304,1.809853",,,0.355233,7.257167,2.452841,0.893241
3545,648017,437.0,272.76,,1.9020672225952149,247.86174178123474,222,,"0.445842,0.380786,1.822304,1.809853",,,0.355233,7.257167,2.452841,0.893241
3546,648273,256.0,273.02,,1.9020672225952149,247.86174178123474,222,,"0.445842,0.380786,1.822304,1.809853",,,0.355233,7.257167,2.452841,0.893241
3547,648773,500.0,275.8,,1.9020672225952149,247.86174178123474,222,,"0.445842,0.380786,1.822304,1.809853",,,0.355233,7.257167,2.452841,0.893241
3548,649273,500.0,278.78,,1.9020672225952149,247.86174178123474,222,,"0.445842,0.380786,1.822304,1.809853",,,0.355233,7.257167,2.452841,0.893241
3549,649773,500.0,281.44,,1.9020672225952149,247.86174178123474,222,,"0.445842,0.380786,1.822304,1.809853",500.0,0.0,0.355233,7.257167,2.452841,0.893241
3550,650018,245.0,281.94,,1.9020672225952149,247.86174178123474,222,,"0.445842,0.380786,1.822304,1.809853",,,0.355233,7.257167,2.452841,0.893241
3551,650305,287.0,282.93,,1.9020672225952149,247.86174178123474,222,,"0.445842,0.380786,1.822304,1.809853",,,0.355233,7.257167,2.452841,0.893241
3552,650805,500.0,286.18,,1.8786478567123412,250.06156015396118,223,,"0.446810,0.379718,1.824569,1.810371",,,0.355925,7.258324,2.467437,0.879662
3553,651305,500.0,289.24,,1.8786478567123412,250.06156015396118,223,,"0.446810,0.379718,1.824569,1.810371",,,0.355925,7.258324,2.467437,0.879662
3554,651805,500.0,291.76,,1.8786478567123412,250.06156015396118,223,,"0.446810,0.379718,1.824569,1.810371",,,0.355925,7.258324,2.467437,0.879662
3555,652305,500.0,294.99,,1.8786478567123412,250.06156015396118,223,,"0.446810,0.379718,1.824569,1.810371",,,0.355925,7.258324,2.467437,0.879662
3556,652748,443.0,297.48,,1.8786478567123412,250.06156015396118,223,,"0.446810,0.379718,1.824569,1.810371",,,0.355925,7.258324,2.467437,0.879662
3557,653055,307.0,298.27,,1.8786478567123412,250.06156015396118,223,,"0.446810,0.379718,1.824569,1.810371",,,0.355925,7.258324,2.467437,0.879662
3558,653555,500.0,300.56,,1.8786478567123412,250.06156015396118,223,,"0.446810,0.379718,1.824569,1.810371",,,0.355925,7.258324,2.467437,0.879662
3559,654055,500.0,303.36,,1.8786478567123412,250.06156015396118,223,,"0.446810,0.379718,1.824569,1.810371",,,0.355925,7.258324,2.467437,0.879662
3560,654507,452.0,305.71,,1.8786478567123412,250.06156015396118,223,,"0.446810,0.379718,1.824569,1.810371",,,0.355925,7.258324,2.467437,0.879662
3561,655007,500.0,308.47,,1.8786478567123412,250.06156015396118,223,,"0.446810,0.379718,1.824569,1.810371",,,0.355925,7.258324,2.467437,0.879662
3562,655507,500.0,310.85,,1.8786478567123412,250.06156015396118,223,,"0.446810,0.379718,1.824569,1.810371",,,0.355925,7.258324,2.467437,0.879662
3563,656007,500.0,313.75,,1.8786478567123412,250.06156015396118,223,,"0.446810,0.379718,1.824569,1.810371",,,0.355925,7.258324,2.467437,0.879662
3564,656507,500.0,317.12,,1.8786478567123412,250.06156015396118,223,,"0.446810,0.379718,1.824569,1.810371",,,0.355925,7.258324,2.467437,0.879662
3565,656849,342.0,318.24,,1.8786478567123412,250.06156015396118,223,,"0.446810,0.379718,1.824569,1.810371",,,0.355925,7.258324,2.467437,0.879662
3566,657264,415.0,320.55,,1.8786478567123412,250.0625603199005,223,,"0.446810,0.379718,1.824569,1.810371",,,0.355925,7.258324,2.467437,0.879662
3567,657764,500.0,323.28,,1.8786478567123412,250.0625603199005,223,,"0.446810,0.379718,1.824569,1.810371",,,0.355925,7.258324,2.467437,0.879662
3568,658264,500.0,326.21,,1.8542904329299927,252.30401229858398,224,,"0.448368,0.378625,1.826665,1.811232",,,0.360699,7.262318,2.137417,0.860009
3569,658764,500.0,329.0,,1.8542904329299927,252.3050081729889,224,,"0.448368,0.378625,1.826665,1.811232",,,0.360699,7.262318,2.137417,0.860009
3570,659264,500.0,331.73,,1.8542904329299927,252.3050081729889,224,,"0.448368,0.378625,1.826665,1.811232",,,0.360699,7.262318,2.137417,0.860009
3571,659605,341.0,332.83,,1.8542904329299927,252.3050081729889,224,,"0.448368,0.378625,1.826665,1.811232",,,0.360699,7.262318,2.137417,0.860009
3572,660105,500.0,335.6,,1.8542904329299927,252.3050081729889,224,,"0.448368,0.378625,1.826665,1.811232",,,0.360699,7.262318,2.137417,0.860009
3573,660468,363.0,337.28,,1.8542904329299927,252.3050081729889,224,,"0.448368,0.378625,1.826665,1.811232",,,0.360699,7.262318,2.137417,0.860009
3574,660968,500.0,340.31,,1.8542904329299927,252.3050081729889,224,,"0.448368,0.378625,1.826665,1.811232",,,0.360699,7.262318,2.137417,0.860009
3575,661309,341.0,341.96,,1.8542904329299927,252.3050081729889,224,,"0.448368,0.378625,1.826665,1.811232",,,0.360699,7.262318,2.137417,0.860009
3576,661809,500.0,344.92,,1.8542904329299927,252.3050081729889,224,,"0.448368,0.378625,1.826665,1.811232",,,0.360699,7.262318,2.137417,0.860009
3577,662309,500.0,347.7,,1.8542904329299927,252.3050081729889,224,,"0.448368,0.378625,1.826665,1.811232",,,0.360699,7.262318,2.137417,0.860009
3578,662809,500.0,350.84,,1.8542904329299927,252.3050081729889,224,,"0.448368,0.378625,1.826665,1.811232",,,0.360699,7.262318,2.137417,0.860009
3579,663309,500.0,352.95,,1.8542904329299927,252.3050081729889,224,,"0.448368,0.378625,1.826665,1.811232",,,0.360699,7.262318,2.137417,0.860009
3580,663717,408.0,354.82,,1.8542904329299927,252.3050081729889,224,,"0.448368,0.378625,1.826665,1.811232",,,0.360699,7.262318,2.137417,0.860009
3581,664217,500.0,357.38,,1.8542904329299927,252.3050081729889,224,,"0.448368,0.378625,1.826665,1.811232",,,0.360699,7.262318,2.137417,0.860009
3582,664717,500.0,360.09,,1.8542904329299927,252.3050081729889,224,,"0.448368,0.378625,1.826665,1.811232",,,0.360699,7.262318,2.137417,0.860009
3583,665217,500.0,362.42,,1.8542904329299927,252.3050081729889,224,,"0.448368,0.378625,1.826665,1.811232",,,0.360699,7.262318,2.137417,0.860009
3584,665717,500.0,364.68,,1.8260857379436493,254.68254709243774,225,,"0.449722,0.377634,1.828562,1.812285",,,0.365918,7.267610,1.842596,0.825890
3585,666217,500.0,367.24,,1.8260857379436493,254.68254709243774,225,,"0.449722,0.377634,1.828562,1.812285",,,0.365918,7.267610,1.842596,0.825890
3586,666717,500.0,370.35,,1.8260857379436493,254.68254709243774,225,,"0.449722,0.377634,1.828562,1.812285",,,0.365918,7.267610,1.842596,0.825890
3587,667217,500.0,373.0,,1.8260857379436493,254.68254709243774,225,,"0.449722,0.377634,1.828562,1.812285",,,0.365918,7.267610,1.842596,0.825890
3588,667717,500.0,375.41,,1.8260857379436493,254.68254709243774,225,,"0.449722,0.377634,1.828562,1.812285",,,0.365918,7.267610,1.842596,0.825890
3589,668217,500.0,377.61,,1.8260857379436493,254.68254709243774,225,,"0.449722,0.377634,1.828562,1.812285",,,0.365918,7.267610,1.842596,0.825890
3590,668717,500.0,379.87,,1.8260857379436493,254.68254709243774,225,,"0.449722,0.377634,1.828562,1.812285",,,0.365918,7.267610,1.842596,0.825890
3591,669217,500.0,382.28,,1.8260857379436493,254.68254709243774,225,,"0.449722,0.377634,1.828562,1.812285",,,0.365918,7.267610,1.842596,0.825890
3592,669717,500.0,384.85,,1.8260857379436493,254.68254709243774,225,,"0.449722,0.377634,1.828562,1.812285",,,0.365918,7.267610,1.842596,0.825890
3593,670217,500.0,387.26,,1.8260857379436493,254.68354678153992,225,,"0.449722,0.377634,1.828562,1.812285",,,0.365918,7.267610,1.842596,0.825890
3594,670717,500.0,390.33,,1.8260857379436493,254.68354678153992,225,,"0.449722,0.377634,1.828562,1.812285",,,0.365918,7.267610,1.842596,0.825890
3595,671217,500.0,392.93,,1.8260857379436493,254.68354678153992,225,,"0.449722,0.377634,1.828562,1.812285",,,0.365918,7.267610,1.842596,0.825890
3596,671717,500.0,395.37,,1.8260857379436493,254.68354678153992,225,,"0.449722,0.377634,1.828562,1.812285",,,0.365918,7.267610,1.842596,0.825890
3597,672217,500.0,398.34,,1.8260857379436493,254.68354678153992,225,,"0.449722,0.377634,1.828562,1.812285",,,0.365918,7.267610,1.842596,0.825890
3598,672717,500.0,401.12,,1.8260857379436493,254.68354678153992,225,,"0.449722,0.377634,1.828562,1.812285",,,0.365918,7.267610,1.842596,0.825890
3599,673217,500.0,403.93,,1.8260857379436493,254.68354678153992,225,,"0.449722,0.377634,1.828562,1.812285",500.0,0.0,0.365918,7.267610,1.842596,0.825890
3600,673717,500.0,406.08,,1.8044493091106415,256.918288230896,226,,"0.451356,0.376787,1.830281,1.813211",,,0.372370,7.272608,2.127305,0.845309
3601,674217,500.0,408.71,,1.8044493091106415,256.918288230896,226,,"0.451356,0.376787,1.830281,1.813211",,,0.372370,7.272608,2.127305,0.845309
3602,674717,500.0,410.92,,1.8044493091106415,256.919305562973,226,,"0.451356,0.376787,1.830281,1.813211",,,0.372370,7.272608,2.127305,0.845309
3603,675217,500.0,413.09,,1.8044493091106415,256.919305562973,226,,"0.451356,0.376787,1.830281,1.813211",,,0.372370,7.272608,2.127305,0.845309
3604,675717,500.0,415.76,,1.8044493091106415,256.919305562973,226,,"0.451356,0.376787,1.830281,1.813211",,,0.372370,7.272608,2.127305,0.845309
3605,676217,500.0,417.86,,1.8044493091106415,256.919305562973,226,,"0.451356,0.376787,1.830281,1.813211",,,0.372370,7.272608,2.127305,0.845309
3606,676717,500.0,419.14,,1.8044493091106415,256.919305562973,226,,"0.451356,0.376787,1.830281,1.813211",,,0.372370,7.272608,2.127305,0.845309
3607,677217,500.0,420.4,,1.8044493091106415,256.919305562973,226,,"0.451356,0.376787,1.830281,1.813211",,,0.372370,7.272608,2.127305,0.845309
3608,677717,500.0,422.98,,1.8044493091106415,256.919305562973,226,,"0.451356,0.376787,1.830281,1.813211",,,0.372370,7.272608,2.127305,0.845309
3609,678217,500.0,424.38,,1.8044493091106415,256.919305562973,226,,"0.451356,0.376787,1.830281,1.813211",,,0.372370,7.272608,2.127305,0.845309
3610,678581,364.0,424.85,,1.8044493091106415,256.919305562973,226,,"0.451356,0.376787,1.830281,1.813211",,,0.372370,7.272608,2.127305,0.845309
3611,679081,500.0,427.09,,1.8044493091106415,256.919305562973,226,,"0.451356,0.376787,1.830281,1.813211",,,0.372370,7.272608,2.127305,0.845309
3612,679581,500.0,429.34,,1.8044493091106415,256.919305562973,226,,"0.451356,0.376787,1.830281,1.813211",,,0.372370,7.272608,2.127305,0.845309
3613,680081,500.0,430.97,,1.8044493091106415,256.919305562973,226,,"0.451356,0.376787,1.830281,1.813211",,,0.372370,7.272608,2.127305,0.845309
3614,680581,500.0,432.87,,1.8044493091106415,256.919305562973,226,,"0.451356,0.376787,1.830281,1.813211",,,0.372370,7.272608,2.127305,0.845309
3615,681081,500.0,434.96,,1.8044493091106415,256.919305562973,226,,"0.451356,0.376787,1.830281,1.813211",,,0.372370,7.272608,2.127305,0.845309
3616,681581,500.0,437.43,,1.7883612859249114,259.1379945278168,227,,"0.452915,0.376043,1.831919,1.814096",,,0.376119,7.278247,2.497074,0.863277
3617,681943,362.0,438.4,,1.7883612859249114,259.1379945278168,227,,"0.452915,0.376043,1.831919,1.814096",,,0.376119,7.278247,2.497074,0.863277
3618,682443,500.0,440.19,,1.7883612859249114,259.1379945278168,227,,"0.452915,0.376043,1.831919,1.814096",,,0.376119,7.278247,2.497074,0.863277
3619,682943,500.0,442.32,,1.7883612859249114,259.1379945278168,227,,"0.452915,0.376043,1.831919,1.814096",,,0.376119,7.278247,2.497074,0.863277
3620,683443,500.0,442.32,,1.7883612859249114,259.13900876045227,227,,"0.452915,0.376043,1.831919,1.814096",,,0.376119,7.278247,2.497074,0.863277
3621,683788,345.0,443.22,,1.7883612859249114,259.13900876045227,227,,"0.452915,0.376043,1.831919,1.814096",,,0.376119,7.278247,2.497074,0.863277
3622,684140,352.0,443.56,,1.7883612859249114,259.13900876045227,227,,"0.452915,0.376043,1.831919,1.814096",,,0.376119,7.278247,2.497074,0.863277
3623,684640,500.0,445.35,,1.7883612859249114,259.13900876045227,227,,"0.452915,0.376043,1.831919,1.814096",,,0.376119,7.278247,2.497074,0.863277
3624,685140,500.0,446.4,,1.7883612859249114,259.13900876045227,227,,"0.452915,0.376043,1.831919,1.814096",,,0.376119,7.278247,2.497074,0.863277
3625,685640,500.0,447.22,,1.7883612859249114,259.13900876045227,227,,"0.452915,0.376043,1.831919,1.814096",,,0.376119,7.278247,2.497074,0.863277
3626,686140,500.0,448.45,,1.7883612859249114,259.13900876045227,227,,"0.452915,0.376043,1.831919,1.814096",,,0.376119,7.278247,2.497074,0.863277
3627,686640,500.0,449.99,,1.7883612859249114,259.13900876045227,227,,"0.452915,0.376043,1.831919,1.814096",,,0.376119,7.278247,2.497074,0.863277
3628,687140,500.0,452.57,,1.7883612859249114,259.13900876045227,227,,"0.452915,0.376043,1.831919,1.814096",,,0.376119,7.278247,2.497074,0.863277
3629,687436,296.0,452.76,,1.7883612859249114,259.13900876045227,227,,"0.452915,0.376043,1.831919,1.814096",,,0.376119,7.278247,2.497074,0.863277
3630,687936,500.0,454.81,,1.7883612859249114,259.13900876045227,227,,"0.452915,0.376043,1.831919,1.814096",,,0.376119,7.278247,2.497074,0.863277
3631,688436,500.0,457.52,,1.7883612859249114,259.13900876045227,227,,"0.452915,0.376043,1.831919,1.814096",,,0.376119,7.278247,2.497074,0.863277
3632,688844,408.0,459.03,,1.7791185224056243,261.2734544277191,228,,"0.454804,0.375385,1.833278,1.815287",,,0.379494,7.284805,3.043467,0.843657
3633,689259,415.0,458.18,,1.7791185224056243,261.2734544277191,228,,"0.454804,0.375385,1.833278,1.815287",,,0.379494,7.284805,3.043467,0.843657
3634,689759,500.0,459.77,,1.7791185224056243,261.2744576931,228,,"0.454804,0.375385,1.833278,1.815287",,,0.379494,7.284805,3.043467,0.843657
3635,690229,470.0,461.11,,1.7791185224056243,261.2744576931,228,,"0.454804,0.375385,1.833278,1.815287",,,0.379494,7.284805,3.043467,0.843657
3636,690506,277.0,458.88,,1.7791185224056243,261.2744576931,228,,"0.454804,0.375385,1.833278,1.815287",,,0.379494,7.284805,3.043467,0.843657
3637,691006,500.0,460.68,,1.7791185224056243,261.2744576931,228,,"0.454804,0.375385,1.833278,1.815287",,,0.379494,7.284805,3.043467,0.843657
3638,691506,500.0,462.76,,1.7791185224056243,261.2744576931,228,,"0.454804,0.375385,1.833278,1.815287",,,0.379494,7.284805,3.043467,0.843657
3639,691959,453.0,462.29,,1.7791185224056243,261.2744576931,228,,"0.454804,0.375385,1.833278,1.815287",,,0.379494,7.284805,3.043467,0.843657
3640,692459,500.0,464.55,,1.7791185224056243,261.2744576931,228,,"0.454804,0.375385,1.833278,1.815287",,,0.379494,7.284805,3.043467,0.843657
3641,692781,322.0,462.77,,1.7791185224056243,261.2744576931,228,,"0.454804,0.375385,1.833278,1.815287",,,0.379494,7.284805,3.043467,0.843657
3642,693281,500.0,462.77,,1.7791185224056243,261.2744576931,228,,"0.454804,0.375385,1.833278,1.815287",,,0.379494,7.284805,3.043467,0.843657
3643,693781,500.0,465.04,,1.7791185224056243,261.2744576931,228,,"0.454804,0.375385,1.833278,1.815287",,,0.379494,7.284805,3.043467,0.843657
3644,694205,424.0,466.25,,1.7791185224056243,261.2744576931,228,,"0.454804,0.375385,1.833278,1.815287",,,0.379494,7.284805,3.043467,0.843657
3645,694523,318.0,465.06,,1.7791185224056243,261.2744576931,228,,"0.454804,0.375385,1.833278,1.815287",,,0.379494,7.284805,3.043467,0.843657
3646,694963,440.0,466.9,,1.7791185224056243,261.2744576931,228,,"0.454804,0.375385,1.833278,1.815287",,,0.379494,7.284805,3.043467,0.843657
3647,695344,381.0,465.71,,1.7791185224056243,261.2744576931,228,,"0.454804,0.375385,1.833278,1.815287",,,0.379494,7.284805,3.043467,0.843657
3648,695721,377.0,464.48,,1.7728469693660736,263.4314486980438,229,,"0.456205,0.374814,1.834601,1.816654",,,0.379851,7.292521,3.003166,0.836859
3649,696045,324.0,462.72,,1.7728469693660736,263.43246483802795,229,,"0.456205,0.374814,1.834601,1.816654",500.0,0.0,0.379851,7.292521,3.003166,0.836859
3650,696345,300.0,463.27,,1.7728469693660736,263.43346548080444,229,,"0.456205,0.374814,1.834601,1.816654",,,0.379851,7.292521,3.003166,0.836859
3651,696766,421.0,464.61,,1.7728469693660736,263.43346548080444,229,,"0.456205,0.374814,1.834601,1.816654",,,0.379851,7.292521,3.003166,0.836859
3652,697140,374.0,463.35,,1.7728469693660736,263.43346548080444,229,,"0.456205,0.374814,1.834601,1.816654",,,0.379851,7.292521,3.003166,0.836859
3653,697580,440.0,462.75,,1.7728469693660736,263.43346548080444,229,,"0.456205,0.374814,1.834601,1.816654",,,0.379851,7.292521,3.003166,0.836859
3654,697939,359.0,461.34,,1.7728469693660736,263.43346548080444,229,,"0.456205,0.374814,1.834601,1.816654",,,0.379851,7.292521,3.003166,0.836859
3655,698392,453.0,460.87,,1.7728469693660736,263.43346548080444,229,,"0.456205,0.374814,1.834601,1.816654",,,0.379851,7.292521,3.003166,0.836859
3656,698842,450.0,460.94,,1.7728469693660736,263.43346548080444,229,,"0.456205,0.374814,1.834601,1.816654",,,0.379851,7.292521,3.003166,0.836859
3657,699157,315.0,461.02,,1.7728469693660736,263.43346548080444,229,,"0.456205,0.374814,1.834601,1.816654",,,0.379851,7.292521,3.003166,0.836859
3658,699547,390.0,459.92,,1.7728469693660736,263.43346548080444,229,,"0.456205,0.374814,1.834601,1.816654",,,0.379851,7.292521,3.003166,0.836859
3659,699951,404.0,458.96,,1.7728469693660736,263.43346548080444,229,,"0.456205,0.374814,1.834601,1.816654",,,0.379851,7.292521,3.003166,0.836859
3660,700265,314.0,457.58,,1.7728469693660736,263.43346548080444,229,,"0.456205,0.374814,1.834601,1.816654",,,0.379851,7.292521,3.003166,0.836859
3661,700765,500.0,457.58,,1.7728469693660736,263.43346548080444,229,,"0.456205,0.374814,1.834601,1.816654",,,0.379851,7.292521,3.003166,0.836859
3662,701265,500.0,457.58,,1.7728469693660736,263.43346548080444,229,,"0.456205,0.374814,1.834601,1.816654",,,0.379851,7.292521,3.003166,0.836859
3663,701667,402.0,456.6,,1.7728469693660736,263.43346548080444,229,,"0.456205,0.374814,1.834601,1.816654",,,0.379851,7.292521,3.003166,0.836859
3664,701922,255.0,454.15,,1.776925972700119,265.4510061740875,230,,"0.456672,0.374072,1.836146,1.818548",,,0.379265,7.306720,3.129969,0.829419
3665,702214,292.0,453.65,,1.776925972700119,265.4520261287689,230,,"0.456672,0.374072,1.836146,1.818548",,,0.379265,7.306720,3.129969,0.829419
3666,702478,264.0,452.14,,1.776925972700119,265.4520261287689,230,,"0.456672,0.374072,1.836146,1.818548",,,0.379265,7.306720,3.129969,0.829419
3667,702845,367.0,450.81,,1.776925972700119,265.4520261287689,230,,"0.456672,0.374072,1.836146,1.818548",,,0.379265,7.306720,3.129969,0.829419
3668,703247,402.0,449.83,,1.776925972700119,265.4520261287689,230,,"0.456672,0.374072,1.836146,1.818548",,,0.379265,7.306720,3.129969,0.829419
3669,703542,295.0,447.78,,1.776925972700119,265.4520261287689,230,,"0.456672,0.374072,1.836146,1.818548",,,0.379265,7.306720,3.129969,0.829419
3670,703830,288.0,445.66,,1.776925972700119,265.4520261287689,230,,"0.456672,0.374072,1.836146,1.818548",,,0.379265,7.306720,3.129969,0.829419
3671,704330,500.0,447.25,,1.776925972700119,265.4520261287689,230,,"0.456672,0.374072,1.836146,1.818548",,,0.379265,7.306720,3.129969,0.829419
3672,704734,404.0,446.29,,1.776925972700119,265.4520261287689,230,,"0.456672,0.374072,1.836146,1.818548",,,0.379265,7.306720,3.129969,0.829419
3673,705067,333.0,445.99,,1.776925972700119,265.4520261287689,230,,"0.456672,0.374072,1.836146,1.818548",,,0.379265,7.306720,3.129969,0.829419
3674,705331,264.0,443.63,,1.776925972700119,265.4520261287689,230,,"0.456672,0.374072,1.836146,1.818548",,,0.379265,7.306720,3.129969,0.829419
3675,705717,386.0,444.08,,1.776925972700119,265.4520261287689,230,,"0.456672,0.374072,1.836146,1.818548",,,0.379265,7.306720,3.129969,0.829419
3676,706074,357.0,442.65,,1.776925972700119,265.4520261287689,230,,"0.456672,0.374072,1.836146,1.818548",,,0.379265,7.306720,3.129969,0.829419
3677,706399,325.0,440.9,,1.776925972700119,265.4520261287689,230,,"0.456672,0.374072,1.836146,1.818548",,,0.379265,7.306720,3.129969,0.829419
3678,706686,287.0,438.77,,1.776925972700119,265.4520261287689,230,,"0.456672,0.374072,1.836146,1.818548",,,0.379265,7.306720,3.129969,0.829419
3679,706929,243.0,436.2,,1.776925972700119,265.4520261287689,230,,"0.456672,0.374072,1.836146,1.818548",,,0.379265,7.306720,3.129969,0.829419
3680,707320,391.0,436.03,,1.7841368925571441,267.39941692352295,231,,"0.454797,0.373134,1.837928,1.821967",,,0.378119,7.330725,3.133502,0.822710
3681,707609,289.0,433.92,,1.7841368925571441,267.39941692352295,231,,"0.454797,0.373134,1.837928,1.821967",,,0.378119,7.330725,3.133502,0.822710
3682,708001,392.0,432.84,,1.7841368925571441,267.39941692352295,231,,"0.454797,0.373134,1.837928,1.821967",,,0.378119,7.330725,3.133502,0.822710
3683,708347,346.0,431.3,,1.7841368925571441,267.39941692352295,231,,"0.454797,0.373134,1.837928,1.821967",,,0.378119,7.330725,3.133502,0.822710
3684,708594,247.0,428.77,,1.7841368925571441,267.39941692352295,231,,"0.454797,0.373134,1.837928,1.821967",,,0.378119,7.330725,3.133502,0.822710
3685,708930,336.0,427.13,,1.7841368925571441,267.39941692352295,231,,"0.454797,0.373134,1.837928,1.821967",,,0.378119,7.330725,3.133502,0.822710
3686,709283,353.0,425.66,,1.7841368925571441,267.39941692352295,231,,"0.454797,0.373134,1.837928,1.821967",,,0.378119,7.330725,3.133502,0.822710
3687,709718,435.0,425.01,,1.7841368925571441,267.39941692352295,231,,"0.454797,0.373134,1.837928,1.821967",,,0.378119,7.330725,3.133502,0.822710
3688,709978,260.0,422.61,,1.7841368925571441,267.39941692352295,231,,"0.454797,0.373134,1.837928,1.821967",,,0.378119,7.330725,3.133502,0.822710
3689,710377,399.0,421.6,,1.7841368925571441,267.39941692352295,231,,"0.454797,0.373134,1.837928,1.821967",,,0.378119,7.330725,3.133502,0.822710
3690,710791,414.0,420.74,,1.7841368925571441,267.39941692352295,231,,"0.454797,0.373134,1.837928,1.821967",,,0.378119,7.330725,3.133502,0.822710
3691,711218,427.0,420.01,,1.7841368925571441,267.39941692352295,231,,"0.454797,0.373134,1.837928,1.821967",,,0.378119,7.330725,3.133502,0.822710
3692,711490,272.0,417.73,,1.7841368925571441,267.39941692352295,231,,"0.454797,0.373134,1.837928,1.821967",,,0.378119,7.330725,3.133502,0.822710
3693,711883,393.0,416.66,,1.7841368925571441,267.39941692352295,231,,"0.454797,0.373134,1.837928,1.821967",,,0.378119,7.330725,3.133502,0.822710
3694,712268,385.0,415.51,,1.7841368925571441,267.39941692352295,231,,"0.454797,0.373134,1.837928,1.821967",,,0.378119,7.330725,3.133502,0.822710
3695,712573,305.0,413.56,,1.7841368925571441,267.39941692352295,231,,"0.454797,0.373134,1.837928,1.821967",,,0.378119,7.330725,3.133502,0.822710
3696,713036,463.0,413.19,,1.7760620677471162,269.3224980831146,232,,"0.455782,0.372631,1.839130,1.825042",,,0.376982,7.349457,3.052155,0.821766
3697,713312,276.0,410.95,,1.7760620677471162,269.3224980831146,232,,"0.455782,0.372631,1.839130,1.825042",,,0.376982,7.349457,3.052155,0.821766
3698,713780,468.0,410.63,,1.7760620677471162,269.3224980831146,232,,"0.455782,0.372631,1.839130,1.825042",,,0.376982,7.349457,3.052155,0.821766
3699,714022,242.0,408.05,,1.7760620677471162,269.3224980831146,232,,"0.455782,0.372631,1.839130,1.825042",500.0,0.0,0.376982,7.349457,3.052155,0.821766
3700,714468,446.0,407.51,,1.7760620677471162,269.3224980831146,232,,"0.455782,0.372631,1.839130,1.825042",,,0.376982,7.349457,3.052155,0.821766
3701,714796,328.0,405.79,,1.7760620677471162,269.3224980831146,232,,"0.455782,0.372631,1.839130,1.825042",,,0.376982,7.349457,3.052155,0.821766
3702,715138,342.0,404.21,,1.7760620677471162,269.3224980831146,232,,"0.455782,0.372631,1.839130,1.825042",,,0.376982,7.349457,3.052155,0.821766
3703,715638,500.0,404.21,,1.7760620677471162,269.3224980831146,232,,"0.455782,0.372631,1.839130,1.825042",,,0.376982,7.349457,3.052155,0.821766
3704,715909,271.0,401.92,,1.7760620677471162,269.3224980831146,232,,"0.455782,0.372631,1.839130,1.825042",,,0.376982,7.349457,3.052155,0.821766
3705,716261,352.0,400.44,,1.7760620677471162,269.3224980831146,232,,"0.455782,0.372631,1.839130,1.825042",,,0.376982,7.349457,3.052155,0.821766
3706,716613,352.0,398.96,,1.7760620677471162,269.3224980831146,232,,"0.455782,0.372631,1.839130,1.825042",,,0.376982,7.349457,3.052155,0.821766
3707,716981,368.0,397.64,,1.7760620677471162,269.3224980831146,232,,"0.455782,0.372631,1.839130,1.825042",,,0.376982,7.349457,3.052155,0.821766
3708,717283,302.0,395.66,,1.7760620677471162,269.32301902770996,232,,"0.455782,0.372631,1.839130,1.825042",,,0.376982,7.349457,3.052155,0.821766
3709,717587,304.0,393.7,,1.7760620677471162,269.32301902770996,232,,"0.455782,0.372631,1.839130,1.825042",,,0.376982,7.349457,3.052155,0.821766
3710,717940,353.0,393.59,,1.7760620677471162,269.32301902770996,232,,"0.455782,0.372631,1.839130,1.825042",,,0.376982,7.349457,3.052155,0.821766
3711,718232,292.0,391.51,,1.7760620677471162,269.32301902770996,232,,"0.455782,0.372631,1.839130,1.825042",,,0.376982,7.349457,3.052155,0.821766
3712,718557,325.0,389.76,,1.7569890916347504,271.4871199131012,233,,"0.457919,0.372369,1.840297,1.827531",,,0.377526,7.364850,2.779624,0.818221
3713,718857,300.0,387.76,,1.7569890916347504,271.4871199131012,233,,"0.457919,0.372369,1.840297,1.827531",,,0.377526,7.364850,2.779624,0.818221
3714,719134,277.0,385.53,,1.7569890916347504,271.4871199131012,233,,"0.457919,0.372369,1.840297,1.827531",,,0.377526,7.364850,2.779624,0.818221
3715,719614,480.0,385.33,,1.7569890916347504,271.4871199131012,233,,"0.457919,0.372369,1.840297,1.827531",,,0.377526,7.364850,2.779624,0.818221
3716,720075,461.0,384.94,,1.7569890916347504,271.4871199131012,233,,"0.457919,0.372369,1.840297,1.827531",,,0.377526,7.364850,2.779624,0.818221
3717,720377,302.0,384.34,,1.7569890916347504,271.4871199131012,233,,"0.457919,0.372369,1.840297,1.827531",,,0.377526,7.364850,2.779624,0.818221
3718,720731,354.0,382.88,,1.7569890916347504,271.4871199131012,233,,"0.457919,0.372369,1.840297,1.827531",,,0.377526,7.364850,2.779624,0.818221
3719,721167,436.0,382.24,,1.7569890916347504,271.4871199131012,233,,"0.457919,0.372369,1.840297,1.827531",,,0.377526,7.364850,2.779624,0.818221
3720,721667,500.0,382.24,,1.7569890916347504,271.4871199131012,233,,"0.457919,0.372369,1.840297,1.827531",,,0.377526,7.364850,2.779624,0.818221
3721,722039,372.0,382.51,,1.7569890916347504,271.4871199131012,233,,"0.457919,0.372369,1.840297,1.827531",,,0.377526,7.364850,2.779624,0.818221
3722,722412,373.0,382.72,,1.7569890916347504,271.4871199131012,233,,"0.457919,0.372369,1.840297,1.827531",,,0.377526,7.364850,2.779624,0.818221
3723,722871,459.0,382.31,,1.7569890916347504,271.4871199131012,233,,"0.457919,0.372369,1.840297,1.827531",,,0.377526,7.364850,2.779624,0.818221
3724,723243,372.0,381.03,,1.7569890916347504,271.4871199131012,233,,"0.457919,0.372369,1.840297,1.827531",,,0.377526,7.364850,2.779624,0.818221
3725,723743,500.0,381.03,,1.7569890916347504,271.4871199131012,233,,"0.457919,0.372369,1.840297,1.827531",,,0.377526,7.364850,2.779624,0.818221
3726,724077,334.0,379.37,,1.7569890916347504,271.4881205558777,233,,"0.457919,0.372369,1.840297,1.827531",,,0.377526,7.364850,2.779624,0.818221
3727,724501,424.0,378.61,,1.7569890916347504,271.4881205558777,233,,"0.457919,0.372369,1.840297,1.827531",,,0.377526,7.364850,2.779624,0.818221
3728,724920,419.0,377.8,,1.737267416715622,273.54285192489624,234,,"0.456428,0.371659,1.841951,1.830001",,,0.374698,7.381301,2.928749,0.806749
3729,725285,365.0,378.49,,1.737267416715622,273.54285192489624,234,,"0.456428,0.371659,1.841951,1.830001",,,0.374698,7.381301,2.928749,0.806749
3730,725644,359.0,377.08,,1.737267416715622,273.54285192489624,234,,"0.456428,0.371659,1.841951,1.830001",,,0.374698,7.381301,2.928749,0.806749
3731,726144,500.0,377.08,,1.737267416715622,273.54285192489624,234,,"0.456428,0.371659,1.841951,1.830001",,,0.374698,7.381301,2.928749,0.806749
3732,726572,428.0,377.28,,1.737267416715622,273.54285192489624,234,,"0.456428,0.371659,1.841951,1.830001",,,0.374698,7.381301,2.928749,0.806749
3733,726960,388.0,377.01,,1.737267416715622,273.54285192489624,234,,"0.456428,0.371659,1.841951,1.830001",,,0.374698,7.381301,2.928749,0.806749
3734,727298,338.0,375.39,,1.737267416715622,273.54285192489624,234,,"0.456428,0.371659,1.841951,1.830001",,,0.374698,7.381301,2.928749,0.806749
3735,727587,289.0,373.58,,1.737267416715622,273.54285192489624,234,,"0.456428,0.371659,1.841951,1.830001",,,0.374698,7.381301,2.928749,0.806749
3736,727989,402.0,374.83,,1.737267416715622,273.54285192489624,234,,"0.456428,0.371659,1.841951,1.830001",,,0.374698,7.381301,2.928749,0.806749
3737,728437,448.0,374.31,,1.737267416715622,273.54285192489624,234,,"0.456428,0.371659,1.841951,1.830001",,,0.374698,7.381301,2.928749,0.806749
3738,728797,360.0,372.91,,1.737267416715622,273.54385209083557,234,,"0.456428,0.371659,1.841951,1.830001",,,0.374698,7.381301,2.928749,0.806749
3739,729162,365.0,372.03,,1.737267416715622,273.54385209083557,234,,"0.456428,0.371659,1.841951,1.830001",,,0.374698,7.381301,2.928749,0.806749
3740,729412,250.0,369.53,,1.737267416715622,273.54385209083557,234,,"0.456428,0.371659,1.841951,1.830001",,,0.374698,7.381301,2.928749,0.806749
3741,729753,341.0,369.72,,1.737267416715622,273.54385209083557,234,,"0.456428,0.371659,1.841951,1.830001",,,0.374698,7.381301,2.928749,0.806749
3742,730034,281.0,367.53,,1.737267416715622,273.54385209083557,234,,"0.456428,0.371659,1.841951,1.830001",,,0.374698,7.381301,2.928749,0.806749
3743,730324,290.0,365.43,,1.737267416715622,273.54385209083557,234,,"0.456428,0.371659,1.841951,1.830001",,,0.374698,7.381301,2.928749,0.806749
3744,730639,315.0,364.34,,1.714621876478195,275.3136034011841,235,,"0.456236,0.371007,1.842687,1.833732",,,0.376009,7.398208,3.171735,0.792380
3745,730995,356.0,364.72,,1.714621876478195,275.3136034011841,235,,"0.456236,0.371007,1.842687,1.833732",,,0.376009,7.398208,3.171735,0.792380
3746,731386,391.0,364.23,,1.714621876478195,275.3136034011841,235,,"0.456236,0.371007,1.842687,1.833732",,,0.376009,7.398208,3.171735,0.792380
3747,731711,325.0,363.67,,1.714621876478195,275.3136034011841,235,,"0.456236,0.371007,1.842687,1.833732",,,0.376009,7.398208,3.171735,0.792380
3748,732053,342.0,363.32,,1.714621876478195,275.3136034011841,235,,"0.456236,0.371007,1.842687,1.833732",,,0.376009,7.398208,3.171735,0.792380
3749,732459,406.0,364.14,,1.714621876478195,275.3136034011841,235,,"0.456236,0.371007,1.842687,1.833732",500.0,0.0,0.376009,7.398208,3.171735,0.792380
3750,732716,257.0,363.71,,1.714621876478195,275.3136034011841,235,,"0.456236,0.371007,1.842687,1.833732",,,0.376009,7.398208,3.171735,0.792380
3751,733004,288.0,362.38,,1.714621876478195,275.3136034011841,235,,"0.456236,0.371007,1.842687,1.833732",,,0.376009,7.398208,3.171735,0.792380
3752,733339,335.0,361.99,,1.714621876478195,275.3136034011841,235,,"0.456236,0.371007,1.842687,1.833732",,,0.376009,7.398208,3.171735,0.792380
3753,733765,426.0,361.85,,1.714621876478195,275.3136034011841,235,,"0.456236,0.371007,1.842687,1.833732",,,0.376009,7.398208,3.171735,0.792380
3754,734102,337.0,361.63,,1.714621876478195,275.3136034011841,235,,"0.456236,0.371007,1.842687,1.833732",,,0.376009,7.398208,3.171735,0.792380
3755,734337,235.0,359.45,,1.714621876478195,275.3136034011841,235,,"0.456236,0.371007,1.842687,1.833732",,,0.376009,7.398208,3.171735,0.792380
3756,734622,285.0,357.8,,1.714621876478195,275.3136034011841,235,,"0.456236,0.371007,1.842687,1.833732",,,0.376009,7.398208,3.171735,0.792380
3757,734973,351.0,358.16,,1.714621876478195,275.3136034011841,235,,"0.456236,0.371007,1.842687,1.833732",,,0.376009,7.398208,3.171735,0.792380
3758,735281,308.0,357.34,,1.714621876478195,275.3136034011841,235,,"0.456236,0.371007,1.842687,1.833732",,,0.376009,7.398208,3.171735,0.792380
3759,735551,270.0,356.0,,1.714621876478195,275.3136034011841,235,,"0.456236,0.371007,1.842687,1.833732",,,0.376009,7.398208,3.171735,0.792380
3760,735805,254.0,355.4,,1.6874618518352509,277.45039653778076,236,,"0.456662,0.370596,1.843546,1.836427",,,0.374748,7.410763,2.730819,0.795904
3761,736104,299.0,353.39,,1.6874618518352509,277.45039653778076,236,,"0.456662,0.370596,1.843546,1.836427",,,0.374748,7.410763,2.730819,0.795904
3762,736604,500.0,353.39,,1.6874618518352509,277.45039653778076,236,,"0.456662,0.370596,1.843546,1.836427",,,0.374748,7.410763,2.730819,0.795904
3763,736975,371.0,353.08,,1.6874618518352509,277.45039653778076,236,,"0.456662,0.370596,1.843546,1.836427",,,0.374748,7.410763,2.730819,0.795904
3764,737461,486.0,355.39,,1.6874618518352509,277.45039653778076,236,,"0.456662,0.370596,1.843546,1.836427",,,0.374748,7.410763,2.730819,0.795904
3765,737961,500.0,357.47,,1.6874618518352509,277.45039653778076,236,,"0.456662,0.370596,1.843546,1.836427",,,0.374748,7.410763,2.730819,0.795904
3766,738299,338.0,358.21,,1.6874618518352509,277.45039653778076,236,,"0.456662,0.370596,1.843546,1.836427",,,0.374748,7.410763,2.730819,0.795904
3767,738799,500.0,359.54,,1.6874618518352509,277.45039653778076,236,,"0.456662,0.370596,1.843546,1.836427",,,0.374748,7.410763,2.730819,0.795904
3768,739137,338.0,358.9,,1.6874618518352509,277.45039653778076,236,,"0.456662,0.370596,1.843546,1.836427",,,0.374748,7.410763,2.730819,0.795904
3769,739457,320.0,359.15,,1.6874618518352509,277.45039653778076,236,,"0.456662,0.370596,1.843546,1.836427",,,0.374748,7.410763,2.730819,0.795904
3770,739796,339.0,359.66,,1.6874618518352509,277.45039653778076,236,,"0.456662,0.370596,1.843546,1.836427",,,0.374748,7.410763,2.730819,0.795904
3771,740156,360.0,358.26,,1.6874618518352509,277.45139336586,236,,"0.456662,0.370596,1.843546,1.836427",,,0.374748,7.410763,2.730819,0.795904
3772,740574,418.0,358.4,,1.6874618518352509,277.45139336586,236,,"0.456662,0.370596,1.843546,1.836427",,,0.374748,7.410763,2.730819,0.795904
3773,740863,289.0,357.96,,1.6874618518352509,277.45139336586,236,,"0.456662,0.370596,1.843546,1.836427",,,0.374748,7.410763,2.730819,0.795904
3774,741247,384.0,359.16,,1.6874618518352509,277.45139336586,236,,"0.456662,0.370596,1.843546,1.836427",,,0.374748,7.410763,2.730819,0.795904
3775,741747,500.0,360.3,,1.6874618518352509,277.45139336586,236,,"0.456662,0.370596,1.843546,1.836427",,,0.374748,7.410763,2.730819,0.795904
3776,742125,378.0,360.51,,1.6591884672641755,279.76026678085327,237,,"0.456945,0.370228,1.844362,1.839121",,,0.376966,7.423436,2.590281,0.789919
3777,742564,439.0,361.65,,1.6591884672641755,279.7612705230713,237,,"0.456945,0.370228,1.844362,1.839121",,,0.376966,7.423436,2.590281,0.789919
3778,742962,398.0,362.76,,1.6591884672641755,279.7612705230713,237,,"0.456945,0.370228,1.844362,1.839121",,,0.376966,7.423436,2.590281,0.789919
3779,743313,351.0,363.84,,1.6591884672641755,279.7612705230713,237,,"0.456945,0.370228,1.844362,1.839121",,,0.376966,7.423436,2.590281,0.789919
3780,743730,417.0,364.1,,1.6591884672641755,279.7612705230713,237,,"0.456945,0.370228,1.844362,1.839121",,,0.376966,7.423436,2.590281,0.789919
3781,744089,359.0,364.8,,1.6591884672641755,279.7612705230713,237,,"0.456945,0.370228,1.844362,1.839121",,,0.376966,7.423436,2.590281,0.789919
3782,744589,500.0,365.88,,1.6591884672641755,279.7612705230713,237,,"0.456945,0.370228,1.844362,1.839121",,,0.376966,7.423436,2.590281,0.789919
3783,745027,438.0,366.8,,1.6591884672641755,279.7612705230713,237,,"0.456945,0.370228,1.844362,1.839121",,,0.376966,7.423436,2.590281,0.789919
3784,745383,356.0,367.89,,1.6591884672641755,279.7612705230713,237,,"0.456945,0.370228,1.844362,1.839121",,,0.376966,7.423436,2.590281,0.789919
3785,745883,500.0,369.53,,1.6591884672641755,279.7612705230713,237,,"0.456945,0.370228,1.844362,1.839121",,,0.376966,7.423436,2.590281,0.789919
3786,746183,300.0,369.0,,1.6591884672641755,279.7612705230713,237,,"0.456945,0.370228,1.844362,1.839121",,,0.376966,7.423436,2.590281,0.789919
3787,746683,500.0,369.65,,1.6591884672641755,279.7612705230713,237,,"0.456945,0.370228,1.844362,1.839121",,,0.376966,7.423436,2.590281,0.789919
3788,747183,500.0,372.05,,1.6591884672641755,279.7612705230713,237,,"0.456945,0.370228,1.844362,1.839121",,,0.376966,7.423436,2.590281,0.789919
3789,747593,410.0,372.16,,1.6591884672641755,279.7612705230713,237,,"0.456945,0.370228,1.844362,1.839121",,,0.376966,7.423436,2.590281,0.789919
3790,748005,412.0,372.14,,1.6591884672641755,279.7612705230713,237,,"0.456945,0.370228,1.844362,1.839121",,,0.376966,7.423436,2.590281,0.789919
3791,748386,381.0,371.68,,1.6591884672641755,279.7612705230713,237,,"0.456945,0.370228,1.844362,1.839121",,,0.376966,7.423436,2.590281,0.789919
3792,748813,427.0,373.23,,1.6264067208766937,282.13309359550476,238,,"0.457418,0.369926,1.845180,1.841080",,,0.375059,7.431901,2.613801,0.773087
3793,749313,500.0,374.3,,1.6264067208766937,282.13309359550476,238,,"0.457418,0.369926,1.845180,1.841080",,,0.375059,7.431901,2.613801,0.773087
3794,749801,488.0,375.33,,1.6264067208766937,282.13309359550476,238,,"0.457418,0.369926,1.845180,1.841080",,,0.375059,7.431901,2.613801,0.773087
3795,750201,400.0,376.28,,1.6264067208766937,282.13309359550476,238,,"0.457418,0.369926,1.845180,1.841080",,,0.375059,7.431901,2.613801,0.773087
3796,750499,298.0,374.63,,1.6264067208766937,282.13309359550476,238,,"0.457418,0.369926,1.845180,1.841080",,,0.375059,7.431901,2.613801,0.773087
3797,750894,395.0,375.82,,1.6264067208766937,282.13309359550476,238,,"0.457418,0.369926,1.845180,1.841080",,,0.375059,7.431901,2.613801,0.773087
3798,751192,298.0,374.12,,1.6264067208766937,282.1340699195862,238,,"0.457418,0.369926,1.845180,1.841080",,,0.375059,7.431901,2.613801,0.773087
3799,751513,321.0,374.91,,1.6264067208766937,282.1340699195862,238,,"0.457418,0.369926,1.845180,1.841080",500.0,0.0,0.375059,7.431901,2.613801,0.773087
3800,751953,440.0,374.85,,1.6264067208766937,282.1340699195862,238,,"0.457418,0.369926,1.845180,1.841080",,,0.375059,7.431901,2.613801,0.773087
3801,752333,380.0,375.37,,1.6264067208766937,282.1340699195862,238,,"0.457418,0.369926,1.845180,1.841080",,,0.375059,7.431901,2.613801,0.773087
3802,752833,500.0,376.95,,1.6264067208766937,282.1340699195862,238,,"0.457418,0.369926,1.845180,1.841080",,,0.375059,7.431901,2.613801,0.773087
3803,753333,500.0,376.95,,1.6264067208766937,282.1340699195862,238,,"0.457418,0.369926,1.845180,1.841080",,,0.375059,7.431901,2.613801,0.773087
3804,753833,500.0,379.24,,1.6264067208766937,282.1340699195862,238,,"0.457418,0.369926,1.845180,1.841080",,,0.375059,7.431901,2.613801,0.773087
3805,754263,430.0,380.02,,1.6264067208766937,282.1340699195862,238,,"0.457418,0.369926,1.845180,1.841080",,,0.375059,7.431901,2.613801,0.773087
3806,754581,318.0,379.68,,1.6264067208766937,282.1350681781769,238,,"0.457418,0.369926,1.845180,1.841080",,,0.375059,7.431901,2.613801,0.773087
3807,754838,257.0,378.57,,1.6264067208766937,282.1350681781769,238,,"0.457418,0.369926,1.845180,1.841080",,,0.375059,7.431901,2.613801,0.773087
3808,755317,479.0,380.34,,1.5880702674388885,284.30935525894165,239,,"0.457200,0.369557,1.845937,1.843477",,,0.370443,7.442247,1.838400,0.834837
3809,755817,500.0,382.3,,1.5880702674388885,284.30935525894165,239,,"0.457200,0.369557,1.845937,1.843477",,,0.370443,7.442247,1.838400,0.834837
3810,756250,433.0,383.1,,1.5880702674388885,284.30935525894165,239,,"0.457200,0.369557,1.845937,1.843477",,,0.370443,7.442247,1.838400,0.834837
3811,756750,500.0,385.18,,1.5880702674388885,284.30935525894165,239,,"0.457200,0.369557,1.845937,1.843477",,,0.370443,7.442247,1.838400,0.834837
3812,757250,500.0,386.93,,1.5880702674388885,284.30935525894165,239,,"0.457200,0.369557,1.845937,1.843477",,,0.370443,7.442247,1.838400,0.834837
3813,757750,500.0,388.93,,1.5880702674388885,284.30935525894165,239,,"0.457200,0.369557,1.845937,1.843477",,,0.370443,7.442247,1.838400,0.834837
3814,758250,500.0,391.16,,1.5880702674388885,284.30935525894165,239,,"0.457200,0.369557,1.845937,1.843477",,,0.370443,7.442247,1.838400,0.834837
3815,758750,500.0,391.36,,1.5880702674388885,284.30935525894165,239,,"0.457200,0.369557,1.845937,1.843477",,,0.370443,7.442247,1.838400,0.834837
3816,759250,500.0,391.75,,1.5880702674388885,284.30935525894165,239,,"0.457200,0.369557,1.845937,1.843477",,,0.370443,7.442247,1.838400,0.834837
3817,759750,500.0,393.73,,1.5880702674388885,284.30935525894165,239,,"0.457200,0.369557,1.845937,1.843477",,,0.370443,7.442247,1.838400,0.834837
3818,760129,379.0,393.98,,1.5880702674388885,284.30935525894165,239,,"0.457200,0.369557,1.845937,1.843477",,,0.370443,7.442247,1.838400,0.834837
3819,760629,500.0,394.62,,1.5880702674388885,284.30935525894165,239,,"0.457200,0.369557,1.845937,1.843477",,,0.370443,7.442247,1.838400,0.834837
3820,761129,500.0,394.62,,1.5880702674388885,284.30935525894165,239,,"0.457200,0.369557,1.845937,1.843477",,,0.370443,7.442247,1.838400,0.834837
3821,761629,500.0,395.9,,1.5880702674388885,284.30935525894165,239,,"0.457200,0.369557,1.845937,1.843477",,,0.370443,7.442247,1.838400,0.834837
3822,762042,413.0,396.3,,1.5880702674388885,284.3103566169739,239,,"0.457200,0.369557,1.845937,1.843477",,,0.370443,7.442247,1.838400,0.834837
3823,762542,500.0,396.71,,1.5880702674388885,284.3103566169739,239,,"0.457200,0.369557,1.845937,1.843477",,,0.370443,7.442247,1.838400,0.834837
3824,763042,500.0,397.99,,1.5469753456115722,286.50154995918274,240,,"0.457376,0.369253,1.846610,1.845690",,,0.369530,7.451476,1.661308,0.851060
3825,763542,500.0,397.99,,1.5469753456115722,286.50154995918274,240,,"0.457376,0.369253,1.846610,1.845690",,,0.369530,7.451476,1.661308,0.851060
3826,764042,500.0,399.65,,1.5469753456115722,286.50154995918274,240,,"0.457376,0.369253,1.846610,1.845690",,,0.369530,7.451476,1.661308,0.851060
3827,764542,500.0,400.41,,1.5469753456115722,286.50154995918274,240,,"0.457376,0.369253,1.846610,1.845690",,,0.369530,7.451476,1.661308,0.851060
3828,765042,500.0,401.22,,1.5469753456115722,286.50154995918274,240,,"0.457376,0.369253,1.846610,1.845690",,,0.369530,7.451476,1.661308,0.851060
3829,765542,500.0,402.57,,1.5469753456115722,286.50154995918274,240,,"0.457376,0.369253,1.846610,1.845690",,,0.369530,7.451476,1.661308,0.851060
3830,765939,397.0,402.95,,1.5469753456115722,286.50154995918274,240,,"0.457376,0.369253,1.846610,1.845690",,,0.369530,7.451476,1.661308,0.851060
3831,766439,500.0,402.95,,1.5469753456115722,286.50154995918274,240,,"0.457376,0.369253,1.846610,1.845690",,,0.369530,7.451476,1.661308,0.851060
3832,766939,500.0,403.67,,1.5469753456115722,286.50154995918274,240,,"0.457376,0.369253,1.846610,1.845690",,,0.369530,7.451476,1.661308,0.851060
3833,767439,500.0,404.79,,1.5469753456115722,286.50154995918274,240,,"0.457376,0.369253,1.846610,1.845690",,,0.369530,7.451476,1.661308,0.851060
3834,767939,500.0,406.41,,1.5469753456115722,286.50154995918274,240,,"0.457376,0.369253,1.846610,1.845690",,,0.369530,7.451476,1.661308,0.851060
3835,768439,500.0,408.52,,1.5469753456115722,286.50154995918274,240,,"0.457376,0.369253,1.846610,1.845690",,,0.369530,7.451476,1.661308,0.851060
3836,768939,500.0,409.5,,1.5469753456115722,286.50154995918274,240,,"0.457376,0.369253,1.846610,1.845690",,,0.369530,7.451476,1.661308,0.851060
3837,769439,500.0,410.02,,1.5469753456115722,286.50154995918274,240,,"0.457376,0.369253,1.846610,1.845690",,,0.369530,7.451476,1.661308,0.851060
3838,769851,412.0,410.54,,1.5469753456115722,286.50154995918274,240,,"0.457376,0.369253,1.846610,1.845690",,,0.369530,7.451476,1.661308,0.851060
3839,770351,500.0,411.89,,1.5469753456115722,286.50154995918274,240,,"0.457376,0.369253,1.846610,1.845690",,,0.369530,7.451476,1.661308,0.851060
3840,770851,500.0,414.39,,1.5058273565769196,288.869487285614,241,,"0.457367,0.368975,1.847252,1.848689",,,0.365686,7.464921,1.371196,0.784329
3841,771351,500.0,415.98,,1.5058273565769196,288.869487285614,241,,"0.457367,0.368975,1.847252,1.848689",,,0.365686,7.464921,1.371196,0.784329
3842,771714,363.0,416.8,,1.5058273565769196,288.8704903125763,241,,"0.457367,0.368975,1.847252,1.848689",,,0.365686,7.464921,1.371196,0.784329
3843,772214,500.0,418.9,,1.5058273565769196,288.8704903125763,241,,"0.457367,0.368975,1.847252,1.848689",,,0.365686,7.464921,1.371196,0.784329
3844,772714,500.0,420.75,,1.5058273565769196,288.8704903125763,241,,"0.457367,0.368975,1.847252,1.848689",,,0.365686,7.464921,1.371196,0.784329
3845,773214,500.0,422.19,,1.5058273565769196,288.8704903125763,241,,"0.457367,0.368975,1.847252,1.848689",,,0.365686,7.464921,1.371196,0.784329
3846,773714,500.0,423.28,,1.5058273565769196,288.8704903125763,241,,"0.457367,0.368975,1.847252,1.848689",,,0.365686,7.464921,1.371196,0.784329
3847,774214,500.0,425.03,,1.5058273565769196,288.8704903125763,241,,"0.457367,0.368975,1.847252,1.848689",,,0.365686,7.464921,1.371196,0.784329
3848,774714,500.0,426.61,,1.5058273565769196,288.8704903125763,241,,"0.457367,0.368975,1.847252,1.848689",,,0.365686,7.464921,1.371196,0.784329
3849,775046,332.0,425.87,,1.5058273565769196,288.8704903125763,241,,"0.457367,0.368975,1.847252,1.848689",500.0,0.0,0.365686,7.464921,1.371196,0.784329
3850,775546,500.0,428.3,,1.5058273565769196,288.8704903125763,241,,"0.457367,0.368975,1.847252,1.848689",,,0.365686,7.464921,1.371196,0.784329
3851,776046,500.0,430.42,,1.5058273565769196,288.8704903125763,241,,"0.457367,0.368975,1.847252,1.848689",,,0.365686,7.464921,1.371196,0.784329
3852,776546,500.0,432.07,,1.5058273565769196,288.8714897632599,241,,"0.457367,0.368975,1.847252,1.848689",,,0.365686,7.464921,1.371196,0.784329
3853,777046,500.0,432.81,,1.5058273565769196,288.8714897632599,241,,"0.457367,0.368975,1.847252,1.848689",,,0.365686,7.464921,1.371196,0.784329
3854,777546,500.0,434.44,,1.5058273565769196,288.8714897632599,241,,"0.457367,0.368975,1.847252,1.848689",,,0.365686,7.464921,1.371196,0.784329
3855,778046,500.0,437.09,,1.5058273565769196,288.8714897632599,241,,"0.457367,0.368975,1.847252,1.848689",,,0.365686,7.464921,1.371196,0.784329
3856,778546,500.0,439.24,,1.462610386610031,291.0786988735199,242,,"0.457337,0.368730,1.847929,1.852524",,,0.360760,7.483243,1.136500,0.657571
3857,779046,500.0,440.73,,1.462610386610031,291.07971453666687,242,,"0.457337,0.368730,1.847929,1.852524",,,0.360760,7.483243,1.136500,0.657571
3858,779546,500.0,442.65,,1.462610386610031,291.07971453666687,242,,"0.457337,0.368730,1.847929,1.852524",,,0.360760,7.483243,1.136500,0.657571
3859,780046,500.0,444.95,,1.462610386610031,291.07971453666687,242,,"0.457337,0.368730,1.847929,1.852524",,,0.360760,7.483243,1.136500,0.657571
3860,780546,500.0,447.41,,1.462610386610031,291.07971453666687,242,,"0.457337,0.368730,1.847929,1.852524",,,0.360760,7.483243,1.136500,0.657571
3861,781046,500.0,449.42,,1.462610386610031,291.07971453666687,242,,"0.457337,0.368730,1.847929,1.852524",,,0.360760,7.483243,1.136500,0.657571
3862,781546,500.0,449.42,,1.462610386610031,291.07971453666687,242,,"0.457337,0.368730,1.847929,1.852524",,,0.360760,7.483243,1.136500,0.657571
3863,782046,500.0,450.71,,1.462610386610031,291.07971453666687,242,,"0.457337,0.368730,1.847929,1.852524",,,0.360760,7.483243,1.136500,0.657571
3864,782546,500.0,450.85,,1.462610386610031,291.07971453666687,242,,"0.457337,0.368730,1.847929,1.852524",,,0.360760,7.483243,1.136500,0.657571
3865,783046,500.0,450.85,,1.462610386610031,291.07971453666687,242,,"0.457337,0.368730,1.847929,1.852524",,,0.360760,7.483243,1.136500,0.657571
3866,783546,500.0,452.47,,1.462610386610031,291.07971453666687,242,,"0.457337,0.368730,1.847929,1.852524",,,0.360760,7.483243,1.136500,0.657571
3867,784046,500.0,452.47,,1.462610386610031,291.07971453666687,242,,"0.457337,0.368730,1.847929,1.852524",,,0.360760,7.483243,1.136500,0.657571
3868,784546,500.0,454.09,,1.462610386610031,291.07971453666687,242,,"0.457337,0.368730,1.847929,1.852524",,,0.360760,7.483243,1.136500,0.657571
3869,785046,500.0,455.89,,1.462610386610031,291.07971453666687,242,,"0.457337,0.368730,1.847929,1.852524",,,0.360760,7.483243,1.136500,0.657571
3870,785546,500.0,457.5,,1.462610386610031,291.07971453666687,242,,"0.457337,0.368730,1.847929,1.852524",,,0.360760,7.483243,1.136500,0.657571
3871,786046,500.0,458.9,,1.462610386610031,291.07971453666687,242,,"0.457337,0.368730,1.847929,1.852524",,,0.360760,7.483243,1.136500,0.657571
3872,786546,500.0,459.72,,1.4217494857311248,293.259827375412,243,,"0.457326,0.368541,1.848548,1.857051",,,0.356605,7.505484,1.270140,0.444081
3873,787046,500.0,461.83,,1.4217494857311248,293.259827375412,243,,"0.457326,0.368541,1.848548,1.857051",,,0.356605,7.505484,1.270140,0.444081
3874,787546,500.0,462.99,,1.4217494857311248,293.259827375412,243,,"0.457326,0.368541,1.848548,1.857051",,,0.356605,7.505484,1.270140,0.444081
3875,788046,500.0,462.99,,1.4217494857311248,293.259827375412,243,,"0.457326,0.368541,1.848548,1.857051",,,0.356605,7.505484,1.270140,0.444081
3876,788546,500.0,464.21,,1.4217494857311248,293.259827375412,243,,"0.457326,0.368541,1.848548,1.857051",,,0.356605,7.505484,1.270140,0.444081
3877,789046,500.0,464.82,,1.4217494857311248,293.259827375412,243,,"0.457326,0.368541,1.848548,1.857051",,,0.356605,7.505484,1.270140,0.444081
3878,789546,500.0,465.84,,1.4217494857311248,293.26084184646606,243,,"0.457326,0.368541,1.848548,1.857051",,,0.356605,7.505484,1.270140,0.444081
3879,790046,500.0,467.33,,1.4217494857311248,293.26084184646606,243,,"0.457326,0.368541,1.848548,1.857051",,,0.356605,7.505484,1.270140,0.444081
3880,790546,500.0,468.16,,1.4217494857311248,293.26084184646606,243,,"0.457326,0.368541,1.848548,1.857051",,,0.356605,7.505484,1.270140,0.444081
3881,791046,500.0,469.57,,1.4217494857311248,293.26084184646606,243,,"0.457326,0.368541,1.848548,1.857051",,,0.356605,7.505484,1.270140,0.444081
3882,791546,500.0,469.57,,1.4217494857311248,293.26084184646606,243,,"0.457326,0.368541,1.848548,1.857051",,,0.356605,7.505484,1.270140,0.444081
3883,792046,500.0,470.19,,1.4217494857311248,293.26084184646606,243,,"0.457326,0.368541,1.848548,1.857051",,,0.356605,7.505484,1.270140,0.444081
3884,792546,500.0,471.63,,1.4217494857311248,293.26084184646606,243,,"0.457326,0.368541,1.848548,1.857051",,,0.356605,7.505484,1.270140,0.444081
3885,793046,500.0,471.63,,1.4217494857311248,293.26084184646606,243,,"0.457326,0.368541,1.848548,1.857051",,,0.356605,7.505484,1.270140,0.444081
3886,793546,500.0,473.63,,1.4217494857311248,293.26084184646606,243,,"0.457326,0.368541,1.848548,1.857051",,,0.356605,7.505484,1.270140,0.444081
3887,794046,500.0,473.63,,1.4217494857311248,293.26084184646606,243,,"0.457326,0.368541,1.848548,1.857051",,,0.356605,7.505484,1.270140,0.444081
3888,794546,500.0,473.63,,1.38960524559021,295.6796307563782,244,,"0.456632,0.368397,1.849152,1.861663",,,0.348072,7.528163,1.770871,0.810319
3889,795046,500.0,474.53,,1.38960524559021,295.6796307563782,244,,"0.456632,0.368397,1.849152,1.861663",,,0.348072,7.528163,1.770871,0.810319
3890,795546,500.0,475.41,,1.38960524559021,295.6796307563782,244,,"0.456632,0.368397,1.849152,1.861663",,,0.348072,7.528163,1.770871,0.810319
