episode,total_env_steps,episode_reward,avg_reward_100,epsilon,mean_loss,wall_clock_s,grad_steps,w,lam,eval_mean_reward,eval_std_reward
0,88,11.0,11.0,1.0,0.41346696444920134,0.198868989944458,7,"1.688184,1.692753","1.003308,0.993322,0.996075,0.993159,0.999024,0.997926,0.993079,1.001477,1.003264,1.004136,0.993013,1.004987,0.995370,0.993350,0.993135,0.993715,1.001740,1.000072,0.993277,0.993185",,
1,111,14.0,12.5,0.99,0.40866957008838656,0.28217291831970215,10,"1.971706,1.981835","1.001743,0.990390,0.996474,0.990179,0.997731,0.998639,0.990179,0.999814,1.002654,1.006509,0.990009,1.007380,0.993322,0.990322,0.990938,0.991004,1.003271,1.000037,0.990456,0.990444",,
2,158,20.0,15.0,0.9801,0.4129811163459505,0.39992594718933105,14,"2.349736,2.367291","1.002107,0.986474,0.997239,0.986022,0.999194,0.999897,0.986418,0.997481,1.001953,1.009632,0.985952,1.010898,0.990439,0.986223,0.988473,0.987310,1.005374,0.999909,0.986528,0.986888",,
3,173,10.0,13.75,0.970299,0.4143210109323263,0.45888590812683105,16,"2.539992,2.558341","1.003023,0.984420,0.998533,0.983866,1.000602,1.001309,0.984457,0.996183,1.001101,1.011291,0.983825,1.012838,0.988656,0.984176,0.987566,0.985337,1.006653,0.999852,0.984445,0.984919",,
4,204,26.0,16.2,0.96059601,0.41332221344897624,0.5401937961578369,19,"2.835201,2.833881","1.004002,0.981410,1.000927,0.980697,1.003061,1.003382,0.981513,0.993582,0.999273,1.013708,0.980611,1.015738,0.986124,0.981129,0.985411,0.982261,1.007479,0.999864,0.981275,0.981827",,
5,211,27.0,18.0,0.9509900498999999,0.41384596526622774,0.5671236515045166,20,"2.934589,2.922884","1.004604,0.980666,1.001433,0.979726,1.003775,1.003620,0.980580,0.992603,0.999224,1.014440,0.979509,1.016604,0.985640,0.980072,0.984601,0.981245,1.007814,0.999840,0.980354,0.980754",,
6,226,29.0,19.571428571428573,0.941480149401,0.4105072958128793,0.5997951030731201,21,"3.034742,3.008696","1.005207,0.979847,1.001837,0.978757,1.004452,1.003726,0.979740,0.991607,0.999132,1.015028,0.978425,1.017438,0.985253,0.978987,0.983779,0.980193,1.007816,0.999808,0.979485,0.979669",,
7,297,15.0,19.0,0.9320653479069899,0.41959269664117266,0.819159746170044,28,"3.707562,3.622773","1.011054,0.974072,1.002474,0.971727,1.009367,1.001907,0.975214,0.984950,0.999403,1.017237,0.970769,1.022474,0.984861,0.971050,0.977553,0.973281,1.004876,0.999165,0.972926,0.972104",,
8,304,39.0,21.22222222222222,0.9227446944279201,0.42093213776062277,0.846358060836792,29,"3.805512,3.710640","1.011989,0.973443,1.002298,0.970649,1.010254,1.001359,0.974374,0.983930,0.999608,1.017433,0.969569,1.023364,0.984748,0.969972,0.976538,0.972234,1.004647,0.998951,0.971837,0.971047",,
9,335,28.0,21.9,0.9135172474836408,0.42353167198598385,0.9481773376464844,32,"4.100573,3.979512","1.014923,0.971151,1.002702,0.967320,1.013105,0.999862,0.971628,0.980950,0.999058,1.016841,0.965984,1.025995,0.984012,0.966653,0.973377,0.969055,1.003513,0.998383,0.968480,0.967879",,
10,350,15.0,21.272727272727273,0.9043820750088044,0.42650072101284475,1.019068956375122,34,"4.291739,4.161795","1.016409,0.969518,1.002877,0.965062,1.014860,0.998693,0.969608,0.979002,0.998721,1.016570,0.963706,1.027731,0.983423,0.964309,0.971796,0.967095,1.003766,0.998122,0.966122,0.965757",,
11,357,19.0,21.083333333333332,0.8953382542587164,0.42650072101284475,1.0195801258087158,34,"4.291739,4.161795","1.016409,0.969518,1.002877,0.965062,1.014860,0.998693,0.969608,0.979002,0.998721,1.016570,0.963706,1.027731,0.983423,0.964309,0.971796,0.967095,1.003766,0.998122,0.966122,0.965757",,
12,388,29.0,21.692307692307693,0.8863848717161292,0.4379702226535694,1.10398268699646,37,"4.564312,4.435709","1.017892,0.967328,1.001933,0.961648,1.017866,0.996590,0.966359,0.976876,0.998974,1.015918,0.960148,1.030742,0.981308,0.960987,0.970005,0.964265,1.005313,0.998149,0.962485,0.963034",,
13,403,52.0,23.857142857142858,0.8775210229989678,0.4445402790338565,1.1728668212890625,39,"4.745478,4.618341","1.019265,0.966227,1.000983,0.959390,1.019758,0.994897,0.964213,0.975484,0.999266,1.015560,0.957784,1.032813,0.980137,0.958750,0.968497,0.962323,1.006390,0.998388,0.960175,0.961083",,
14,418,14.0,23.2,0.8687458127689782,0.4472468599677086,1.2086927890777588,40,"4.836174,4.709411","1.020018,0.965479,1.000983,0.958187,1.020857,0.994443,0.963104,0.974762,0.999153,1.015461,0.956675,1.033901,0.979489,0.957700,0.967765,0.961261,1.006811,0.998516,0.959004,0.960144",,
15,425,27.0,23.4375,0.8600583546412884,0.45137631166272046,1.2429230213165283,41,"4.927488,4.799714","1.020948,0.964844,1.000717,0.956966,1.022026,0.994161,0.961960,0.973954,0.999201,1.015293,0.955478,1.035065,0.978752,0.956606,0.966990,0.960180,1.007395,0.998612,0.957759,0.959247",,
16,448,14.0,22.88235294117647,0.8514577710948755,0.45524982103081635,1.3168213367462158,43,"5.115425,4.972855","1.023057,0.963373,1.000116,0.954506,1.024493,0.993484,0.959653,0.972220,0.998962,1.015150,0.953013,1.037416,0.977327,0.954517,0.965082,0.957915,1.008175,0.998791,0.955281,0.957338",,
17,487,12.0,22.27777777777778,0.8429431933839268,0.4624504935234151,1.4966509342193604,47,"5.488099,5.311845","1.027700,0.961425,0.997723,0.949711,1.028986,0.990888,0.955119,0.968778,1.000226,1.012601,0.947805,1.042353,0.975508,0.950244,0.960800,0.953479,1.009740,0.999430,0.950424,0.954276",,
18,502,10.0,21.63157894736842,0.8345137614500875,0.4673212346981983,1.5778241157531738,49,"5.662870,5.487866","1.029818,0.960634,0.997265,0.947349,1.031036,0.989791,0.952615,0.966991,1.000393,1.011600,0.945329,1.044418,0.975030,0.948188,0.958431,0.951459,1.010593,0.999563,0.947992,0.952517",,
19,549,18.0,21.45,0.8261686238355866,0.4634795548780909,1.7555313110351562,53,"6.018828,5.826139","1.033978,0.958638,0.995635,0.942571,1.034784,0.986808,0.947748,0.963593,1.001576,1.009300,0.940247,1.048509,0.973970,0.943777,0.953650,0.947266,1.012399,0.999564,0.943426,0.948678",,
20,556,25.0,21.61904761904762,0.8179069375972308,0.46764611094086256,1.7933218479156494,54,"6.108493,5.909612","1.035067,0.958218,0.995005,0.941425,1.035719,0.986069,0.946530,0.962657,1.001962,1.008824,0.938911,1.049527,0.974037,0.942666,0.952435,0.946266,1.012807,0.999482,0.942294,0.947600",,
21,603,14.0,21.272727272727273,0.8097278682212584,0.48234068943282304,1.9781386852264404,59,"6.555955,6.338216","1.040765,0.956376,0.992291,0.935578,1.040868,0.982359,0.940909,0.957442,1.004009,1.006587,0.932500,1.055122,0.973161,0.937018,0.946889,0.940658,1.015584,0.999210,0.936761,0.942213",,
22,610,20.0,21.217391304347824,0.8016305895390459,0.4839638034502665,2.007966995239258,60,"6.645478,6.421813","1.041848,0.956229,0.991525,0.934410,1.041880,0.981406,0.939768,0.956241,1.004502,1.005984,0.931184,1.056340,0.972653,0.935840,0.945957,0.939371,1.016137,0.999198,0.935596,0.941189",,
23,617,14.0,20.916666666666668,0.7936142836436554,0.4839638034502665,2.007966995239258,60,"6.645478,6.421813","1.041848,0.956229,0.991525,0.934410,1.041880,0.981406,0.939768,0.956241,1.004502,1.005984,0.931184,1.056340,0.972653,0.935840,0.945957,0.939371,1.016137,0.999198,0.935596,0.941189",,
24,656,46.0,21.92,0.7856781408072188,0.4848806010559201,2.1487200260162354,64,"6.998775,6.757256","1.045697,0.955112,0.988808,0.929632,1.046054,0.978728,0.934884,0.952118,1.006151,1.004268,0.925858,1.061111,0.970754,0.930927,0.942541,0.934673,1.018897,0.999641,0.930468,0.937394",,
25,663,40.0,22.615384615384617,0.7778213593991467,0.48458946026288546,2.1726479530334473,65,"7.086721,6.842589","1.046299,0.954676,0.988152,0.928394,1.047150,0.978160,0.933612,0.951106,1.006541,1.003887,0.924476,1.062344,0.970210,0.929692,0.941660,0.933511,1.019543,0.999763,0.929106,0.936485",,
26,686,33.0,23.0,0.7700431458051551,0.4943442264599587,2.2711918354034424,67,"7.255512,7.018750","1.047805,0.953631,0.986896,0.925890,1.049664,0.977414,0.930795,0.949587,1.006824,1.003533,0.921645,1.064801,0.968596,0.927388,0.939605,0.931260,1.020996,1.000050,0.926330,0.934913",,
27,717,14.0,22.678571428571427,0.7623427143471035,0.5006174287625722,2.3837697505950928,70,"7.525069,7.273658","1.050137,0.951250,0.985894,0.921928,1.053273,0.977796,0.926752,0.946536,1.005778,1.004301,0.917695,1.068417,0.966454,0.923971,0.936675,0.927468,1.022705,1.000467,0.922340,0.931634",,
28,732,22.0,22.655172413793103,0.7547192872036326,0.5024325570298566,2.4515368938446045,72,"7.705371,7.445716","1.051739,0.949764,0.985433,0.919383,1.055318,0.978272,0.923970,0.944539,1.004514,1.004945,0.915205,1.070433,0.965743,0.922076,0.934276,0.925122,1.023182,1.000538,0.919683,0.929503",,
29,747,17.0,22.466666666666665,0.7471720943315961,0.5037843842212468,2.491809368133545,73,"7.797697,7.527816","1.052596,0.948964,0.985111,0.918128,1.056281,0.978520,0.922589,0.943578,1.003876,1.005393,0.913958,1.071445,0.965424,0.921124,0.932983,0.923933,1.023301,1.000596,0.918483,0.928597",,
30,754,26.0,22.580645161290324,0.7397003733882802,0.510325042379869,2.526883363723755,74,"7.888611,7.607915","1.053494,0.948174,0.984656,0.916885,1.057391,0.978687,0.921175,0.942657,1.003357,1.005938,0.912685,1.072444,0.965138,0.920138,0.931708,0.922739,1.023464,1.000746,0.917226,0.927694",,
31,754,17.0,22.40625,0.7397003733882802,0.510325042379869,2.526883363723755,74,"7.888611,7.607915","1.053494,0.948174,0.984656,0.916885,1.057391,0.978687,0.921175,0.942657,1.003357,1.005938,0.912685,1.072444,0.965138,0.920138,0.931708,0.922739,1.023464,1.000746,0.917226,0.927694",,
32,776,14.0,22.151515151515152,0.7249803359578534,0.5182322840157308,2.5966761112213135,76,"8.066919,7.763001","1.055310,0.946342,0.983290,0.914344,1.059514,0.978928,0.918294,0.940778,1.002483,1.006926,0.909961,1.074230,0.964217,0.917989,0.929180,0.920472,1.024293,1.000995,0.914661,0.925620",,
33,791,17.0,22.0,0.7177305325982749,0.5189881450854815,2.6762311458587646,78,"8.239345,7.923095","1.057174,0.944097,0.982708,0.911652,1.061409,0.979929,0.915526,0.938698,1.001224,1.008142,0.907443,1.075663,0.963354,0.915859,0.926690,0.918205,1.025217,1.001326,0.912171,0.923360",,
34,822,11.0,21.685714285714287,0.7105532272722921,0.5200569924013114,2.7769362926483154,81,"8.507833,8.168112","1.059616,0.940645,0.982290,0.907427,1.064554,0.981502,0.911496,0.935349,0.999446,1.009844,0.903641,1.078239,0.961707,0.912600,0.923388,0.914461,1.026805,1.001825,0.908158,0.919985",,
35,845,20.0,21.63888888888889,0.7034476949995692,0.5205727356025972,2.8606057167053223,83,"8.685965,8.334791","1.061141,0.938663,0.981554,0.904710,1.066939,0.982005,0.908875,0.933183,0.999128,1.010386,0.901032,1.080309,0.960104,0.910418,0.921446,0.911746,1.028005,1.001967,0.905515,0.917955",,
36,852,12.0,21.37837837837838,0.6964132180495735,0.5224802813359669,2.894700050354004,84,"8.768478,8.422036","1.061905,0.937685,0.981149,0.903358,1.068174,0.982181,0.907507,0.932264,0.999095,1.010555,0.899729,1.081218,0.959095,0.909379,0.920418,0.910496,1.028671,1.001968,0.904179,0.917035",,
37,883,11.0,21.105263157894736,0.6894490858690777,0.5300708714572863,3.031202793121338,87,"9.018614,8.670748","1.063978,0.935223,0.979834,0.899376,1.071831,0.982320,0.903558,0.929476,0.999683,1.011028,0.895838,1.084260,0.956295,0.906321,0.917976,0.906659,1.030982,1.002079,0.900459,0.913887",,
38,883,17.0,21.0,0.6894490858690777,0.5300708714572863,3.031202793121338,87,"9.018614,8.670748","1.063978,0.935223,0.979834,0.899376,1.071831,0.982320,0.903558,0.929476,0.999683,1.011028,0.895838,1.084260,0.956295,0.906321,0.917976,0.906659,1.030982,1.002079,0.900459,0.913887",,
39,937,28.0,21.175,0.6757290490602831,0.5339672711232434,3.2328929901123047,92,"9.412539,9.098976","1.066793,0.931261,0.977519,0.892781,1.078070,0.982149,0.896722,0.926076,0.999595,1.012269,0.889403,1.089879,0.953010,0.901853,0.913713,0.900940,1.034843,1.003026,0.893770,0.909663",,
40,952,13.0,20.975609756097562,0.6689717585696803,0.5358535232062035,3.301661491394043,94,"9.568216,9.272401","1.067907,0.930105,0.976560,0.890278,1.080439,0.981630,0.894138,0.924476,0.999896,1.012253,0.886889,1.092346,0.951422,0.900296,0.911848,0.898569,1.036560,1.003295,0.891290,0.908213",,
41,975,28.0,21.142857142857142,0.6622820409839835,0.5412063806628188,3.3822455406188965,96,"9.729931,9.442286","1.069060,0.929377,0.975102,0.887851,1.082805,0.980810,0.891647,0.922427,1.000537,1.012152,0.884366,1.094898,0.950472,0.898613,0.909614,0.896150,1.037402,1.003105,0.889002,0.906731",,
42,990,21.0,21.13953488372093,0.6556592205741436,0.538192227786901,3.4704089164733887,98,"9.895080,9.603828","1.070068,0.928678,0.973511,0.885418,1.085182,0.979847,0.889353,0.920308,1.001400,1.012046,0.881961,1.097559,0.949402,0.896630,0.907618,0.893608,1.038102,1.002953,0.886858,0.905062",,
43,1005,19.0,21.09090909090909,0.6491026283684022,0.5378506454554471,3.519972085952759,99,"9.980384,9.686885","1.070554,0.928189,0.972648,0.884081,1.086482,0.979501,0.888217,0.919102,1.001785,1.012075,0.880665,1.099025,0.948736,0.895599,0.906736,0.892256,1.038601,1.002799,0.885660,0.904098",,
44,1044,11.0,20.866666666666667,0.6426116020847181,0.5494854878453375,3.69626522064209,103,"10.307722,10.017353","1.073441,0.926262,0.970035,0.878803,1.091804,0.977513,0.883432,0.914096,1.002753,1.011350,0.875767,1.104544,0.945422,0.892182,0.903731,0.886680,1.040327,1.002202,0.880753,0.900411",,
45,1059,36.0,21.195652173913043,0.6361854860638709,0.5517973733636049,3.7389419078826904,104,"10.386547,10.103751","1.074393,0.925822,0.969489,0.877499,1.093198,0.976883,0.882220,0.912849,1.002791,1.010920,0.874608,1.105803,0.944556,0.891348,0.902905,0.885354,1.040514,1.002031,0.879508,0.899495",,
46,1090,19.0,21.148936170212767,0.6298236312032323,0.5577266917184547,3.9005208015441895,108,"10.721168,10.446749","1.077464,0.925128,0.966296,0.872611,1.098271,0.973345,0.877595,0.907874,1.003963,1.008379,0.869855,1.110798,0.941598,0.887884,0.899329,0.880083,1.041353,1.001590,0.874688,0.896258",,
47,1145,17.0,21.0625,0.6235253948912,0.5575004496933085,4.199937343597412,113,"11.173874,10.866770","1.080506,0.924790,0.961089,0.866599,1.104917,0.967123,0.871846,0.901073,1.007390,1.004252,0.863315,1.117591,0.937804,0.883709,0.894458,0.873091,1.042351,1.000104,0.869154,0.892396",,
48,1152,34.0,21.3265306122449,0.617290140942288,0.5594357500473658,4.275686740875244,114,"11.272139,10.943549","1.081169,0.924515,0.959972,0.865403,1.106099,0.965957,0.870854,0.899573,1.008046,1.003464,0.861995,1.118840,0.937558,0.882860,0.893202,0.871787,1.042313,0.999703,0.868292,0.891383",,
49,1152,22.0,21.34,0.617290140942288,0.5594357500473658,4.275686740875244,114,"11.272139,10.943549","1.081169,0.924515,0.959972,0.865403,1.106099,0.965957,0.870854,0.899573,1.008046,1.003464,0.861995,1.118840,0.937558,0.882860,0.893202,0.871787,1.042313,0.999703,0.868292,0.891383",16.2,2.7856776554368237
50,1190,39.0,21.686274509803923,0.6050060671375364,0.5608770529092368,4.455017566680908,118,"11.646189,11.277340","1.083989,0.922686,0.955603,0.860352,1.111313,0.962451,0.866478,0.893927,1.010107,1.002107,0.856676,1.123960,0.935520,0.879508,0.888927,0.866483,1.042879,0.998411,0.864294,0.887331",,
51,1197,17.0,21.596153846153847,0.598956006466161,0.5608770529092368,4.476135969161987,118,"11.646189,11.277340","1.083989,0.922686,0.955603,0.860352,1.111313,0.962451,0.866478,0.893927,1.010107,1.002107,0.856676,1.123960,0.935520,0.879508,0.888927,0.866483,1.042879,0.998411,0.864294,0.887331",,
52,1212,28.0,21.71698113207547,0.5929664464014994,0.5674486920237541,4.557690382003784,120,"11.827390,11.439578","1.085028,0.921719,0.953176,0.857906,1.113561,0.960228,0.864584,0.890861,1.011641,1.001270,0.854253,1.126354,0.934560,0.877685,0.887293,0.863729,1.042800,0.997577,0.862505,0.885098",,
53,1267,22.0,21.72222222222222,0.5870367819374844,0.5778107686042786,4.7680277824401855,125,"12.229134,11.870879","1.086858,0.917855,0.948494,0.851570,1.119549,0.956188,0.859810,0.885198,1.015270,1.000655,0.848906,1.131483,0.931547,0.873809,0.884340,0.856811,1.042991,0.995802,0.858400,0.881429",,
54,1314,20.0,21.69090909090909,0.5811664141181095,0.5922423672217589,4.981346368789673,130,"12.621236,12.288029","1.086829,0.911499,0.947001,0.845161,1.125236,0.954955,0.855617,0.879856,1.015518,1.000620,0.844983,1.134972,0.928982,0.869803,0.880841,0.850294,1.041348,0.995164,0.855244,0.876756",,
55,1321,15.0,21.571428571428573,0.5753547499769285,0.5986971133992872,5.016587257385254,131,"12.691489,12.375788","1.086791,0.910175,0.946731,0.843834,1.126307,0.954827,0.854710,0.878890,1.015931,1.000332,0.844248,1.135354,0.928285,0.868837,0.880269,0.849092,1.041062,0.995206,0.854532,0.875933",,
56,1321,21.0,21.56140350877193,0.5753547499769285,0.5986971133992872,5.016587257385254,131,"12.691489,12.375788","1.086791,0.910175,0.946731,0.843834,1.126307,0.954827,0.854710,0.878890,1.015931,1.000332,0.844248,1.135354,0.928285,0.868837,0.880269,0.849092,1.041062,0.995206,0.854532,0.875933",,
57,1327,23.0,21.586206896551722,0.5639051904523875,0.5986971133992872,5.025529384613037,131,"12.691489,12.375788","1.086791,0.910175,0.946731,0.843834,1.126307,0.954827,0.854710,0.878890,1.015931,1.000332,0.844248,1.135354,0.928285,0.868837,0.880269,0.849092,1.041062,0.995206,0.854532,0.875933",,
58,1334,15.0,21.47457627118644,0.5582661385478637,0.5986335311423648,5.053336143493652,132,"12.762338,12.458226","1.086897,0.908868,0.946622,0.842548,1.127404,0.954784,0.853947,0.877860,1.016332,1.000139,0.843619,1.135729,0.927593,0.867934,0.879896,0.847888,1.040745,0.995264,0.853881,0.875017",,
59,1341,19.0,21.433333333333334,0.5526834771623851,0.5966829731500238,5.103561878204346,133,"12.833218,12.540945","1.087014,0.907528,0.946362,0.841227,1.128613,0.954582,0.853190,0.876796,1.016752,0.999828,0.843058,1.136106,0.926997,0.866955,0.879617,0.846756,1.040196,0.995253,0.853150,0.874236",,
60,1388,44.0,21.80327868852459,0.5471566423907612,0.6082211804650995,5.304088830947876,137,"13.115184,12.870275","1.087162,0.902163,0.944970,0.836075,1.133047,0.953594,0.849635,0.872749,1.017982,0.998692,0.840803,1.137481,0.924731,0.863083,0.877878,0.842600,1.037716,0.995807,0.850137,0.870860",,
61,1419,13.0,21.661290322580644,0.5416850759668536,0.6125556962830679,5.433989763259888,140,"13.349482,13.093530","1.087490,0.898167,0.944237,0.832065,1.136465,0.953161,0.847300,0.868616,1.017590,0.998460,0.838858,1.139047,0.923312,0.860771,0.876167,0.839665,1.036443,0.996827,0.848116,0.868084",,
62,1530,17.0,21.58730158730159,0.536268225207185,0.6215489457704519,5.920676946640015,152,"14.300097,14.117895","1.093230,0.882543,0.938594,0.815432,1.151008,0.951049,0.836210,0.853473,1.013886,0.994771,0.828373,1.146368,0.917916,0.850941,0.866559,0.827969,1.033239,0.998850,0.838539,0.853565",,
63,1545,15.0,21.484375,0.5309055429551132,0.6295847914187737,5.9665162563323975,153,"14.388124,14.198904","1.093654,0.881269,0.937833,0.814102,1.152054,0.950863,0.835549,0.851997,1.013584,0.994224,0.827392,1.147070,0.917491,0.850056,0.865502,0.826843,1.032701,0.998875,0.838095,0.851999",,
64,1560,30.0,21.615384615384617,0.525596487525562,0.627263254888596,6.0505406856536865,155,"14.570266,14.359677","1.093674,0.878724,0.936302,0.811434,1.154129,0.950819,0.834180,0.848976,1.012912,0.993660,0.825260,1.148693,0.916360,0.848365,0.863515,0.824455,1.031880,0.999100,0.836904,0.848945",,
65,1591,41.0,21.90909090909091,0.5203405226503064,0.6267805672899077,6.18213415145874,158,"14.835237,14.620687","1.093036,0.874491,0.934128,0.807288,1.157346,0.950889,0.831843,0.844887,1.012197,0.992741,0.822100,1.150822,0.914507,0.845642,0.860536,0.820918,1.030511,0.999160,0.834846,0.844641",,
66,1606,35.0,22.104477611940297,0.5151371174238033,0.6276806341777058,6.218312740325928,159,"14.922392,14.708079","1.092847,0.873284,0.933516,0.805982,1.158386,0.951069,0.830974,0.843682,1.011908,0.992618,0.821019,1.151632,0.914090,0.844919,0.859412,0.819814,1.030089,0.999157,0.834182,0.843395",,
67,1606,34.0,22.279411764705884,0.5151371174238033,0.6276806341777058,6.218312740325928,159,"14.922392,14.708079","1.092847,0.873284,0.933516,0.805982,1.158386,0.951069,0.830974,0.843682,1.011908,0.992618,0.821019,1.151632,0.914090,0.844919,0.859412,0.819814,1.030089,0.999157,0.834182,0.843395",,
68,1668,13.0,22.144927536231883,0.5048858887870696,0.6315036054813501,6.482253074645996,165,"15.427404,15.237080","1.090969,0.866672,0.930332,0.798753,1.164444,0.953432,0.824444,0.837427,1.009042,0.993167,0.814839,1.156042,0.911849,0.841998,0.851648,0.814635,1.026767,0.999569,0.829268,0.837317",,
69,1683,17.0,22.071428571428573,0.4998370298991989,0.633494522757159,6.560800313949585,167,"15.576374,15.415393","1.090707,0.864879,0.928887,0.796603,1.166747,0.953955,0.822254,0.835898,1.009031,0.993549,0.812742,1.157305,0.911093,0.841408,0.848889,0.813060,1.025882,1.000241,0.827769,0.836205",,
70,1690,20.0,22.04225352112676,0.49483865960020695,0.6350885061990648,6.6006553173065186,168,"15.650134,15.497311","1.090629,0.864040,0.928095,0.795556,1.167834,0.954125,0.821280,0.835000,1.009246,0.993951,0.811774,1.158026,0.910769,0.841034,0.847500,0.812345,1.025396,1.000770,0.827280,0.835587",,
71,1690,44.0,22.34722222222222,0.49483865960020695,0.6350885061990648,6.6006553173065186,168,"15.650134,15.497311","1.090629,0.864040,0.928095,0.795556,1.167834,0.954125,0.821280,0.835000,1.009246,0.993951,0.811774,1.158026,0.910769,0.841034,0.847500,0.812345,1.025396,1.000770,0.827280,0.835587",,
72,1720,14.0,22.232876712328768,0.48499137027416284,0.6302341465015857,6.7370765209198,171,"15.878196,15.744942","1.090474,0.861668,0.925610,0.792424,1.171146,0.954483,0.818296,0.832281,1.009563,0.994891,0.808652,1.160382,0.909635,0.839923,0.843468,0.809960,1.024141,1.002049,0.825635,0.833793",,
73,1783,59.0,22.72972972972973,0.4801414565714212,0.6443300338114722,7.010511875152588,177,"16.341751,16.283838","1.090680,0.857787,0.922240,0.786297,1.176327,0.954774,0.811187,0.827209,1.009935,0.997474,0.802056,1.164332,0.908805,0.837148,0.834906,0.805825,1.021660,1.003979,0.821732,0.829826",,
74,1798,16.0,22.64,0.47534004200570695,0.6466516246286671,7.060670852661133,178,"16.419411,16.375700","1.090861,0.857275,0.921606,0.785244,1.177127,0.954582,0.809906,0.826389,1.009923,0.997816,0.800941,1.164949,0.908565,0.836602,0.833528,0.805098,1.021192,1.004136,0.820940,0.829337",,
75,1861,21.0,22.61842105263158,0.4705866415856499,0.6510825973910255,7.3506691455841064,185,"16.969740,16.987659","1.093230,0.853410,0.917301,0.777036,1.183903,0.953297,0.800439,0.820357,1.008872,0.998079,0.793041,1.170519,0.905713,0.834499,0.823824,0.799612,1.017967,1.003542,0.815309,0.825853",,
76,1908,23.0,22.623376623376622,0.46588077516979337,0.6507989024674451,7.527796030044556,189,"17.269867,17.340223","1.094760,0.851186,0.915335,0.772442,1.187941,0.952333,0.795237,0.816442,1.008711,0.997029,0.788922,1.173478,0.902557,0.833484,0.819093,0.796034,1.017157,1.003627,0.811828,0.823585",,
77,1987,15.0,22.525641025641026,0.46122196741809546,0.667616424070397,7.879143238067627,197,"17.899614,17.968817","1.098527,0.849113,0.910114,0.765718,1.195495,0.951094,0.784884,0.809454,1.008656,0.997703,0.780455,1.179528,0.896954,0.832191,0.807548,0.789650,1.016372,1.004607,0.808026,0.818843",,
78,1987,50.0,22.873417721518987,0.46122196741809546,0.667616424070397,7.879143238067627,197,"17.899614,17.968817","1.098527,0.849113,0.910114,0.765718,1.195495,0.951094,0.784884,0.809454,1.008656,0.997703,0.780455,1.179528,0.896954,0.832191,0.807548,0.789650,1.016372,1.004607,0.808026,0.818843",,
79,2001,50.0,23.2125,0.45204365026647536,0.6676851755111062,7.965497255325317,199,"18.058290,18.126595","1.098478,0.848374,0.908126,0.763731,1.197866,0.950378,0.782152,0.807512,1.008653,0.997451,0.777819,1.181456,0.895329,0.831618,0.804558,0.787921,1.016199,1.005284,0.806846,0.817734",,
80,2008,40.0,23.419753086419753,0.4475232137638106,0.6676851755111062,7.965497255325317,199,"18.058290,18.126595","1.098478,0.848374,0.908126,0.763731,1.197866,0.950378,0.782152,0.807512,1.008653,0.997451,0.777819,1.181456,0.895329,0.831618,0.804558,0.787921,1.016199,1.005284,0.806846,0.817734",,
81,2095,13.0,23.29268292682927,0.4430479816261725,0.6902724269777536,8.344867467880249,208,"18.813932,18.763765","1.101294,0.845065,0.900244,0.755441,1.206667,0.946544,0.771114,0.797778,1.007237,0.996642,0.768103,1.187518,0.890088,0.827488,0.792125,0.781190,1.012800,1.004997,0.801807,0.810751",,
82,2110,39.0,23.481927710843372,0.43861750180991077,0.6973679888993501,8.422020435333252,210,"18.998482,18.903044","1.102306,0.843955,0.898722,0.753424,1.208706,0.945530,0.768972,0.794852,1.006943,0.996250,0.766374,1.189248,0.889465,0.827082,0.790038,0.779539,1.012010,1.004728,0.800527,0.808961",,
83,2133,57.0,23.88095238095238,0.43423132679181164,0.699342105165124,8.510081052780151,212,"19.192621,19.048861","1.103042,0.842924,0.897028,0.751375,1.210386,0.944191,0.767005,0.791820,1.006825,0.995366,0.764635,1.191140,0.889539,0.826497,0.788126,0.777780,1.011254,1.004405,0.799083,0.807044",,
84,2148,30.0,23.95294117647059,0.4298890135238935,0.705282059982419,8.55652141571045,213,"19.281702,19.124193","1.103425,0.842580,0.896506,0.750400,1.211239,0.943746,0.765898,0.790581,1.006625,0.994972,0.763836,1.191992,0.889844,0.826348,0.787108,0.777090,1.010860,1.004210,0.798289,0.806174",,
85,2235,15.0,23.848837209302324,0.4255901233886546,0.7179292394965887,8.909646987915039,222,"20.059980,19.863209","1.109452,0.835018,0.891080,0.739550,1.220421,0.941064,0.755270,0.779083,1.003537,0.991918,0.756161,1.197802,0.889773,0.822927,0.778420,0.770200,1.008763,1.003494,0.789561,0.797729",,
86,2250,19.0,23.79310344827586,0.421334222154768,0.7177366454154253,8.99376654624939,224,"20.236145,20.034880","1.110727,0.833226,0.889716,0.736977,1.222426,0.940683,0.752756,0.776628,1.003369,0.991536,0.754192,1.199486,0.888905,0.822591,0.776731,0.768332,1.009139,1.003222,0.787475,0.796183",,
87,2289,35.0,23.920454545454547,0.41712087993322033,0.7209687860310078,9.123783349990845,227,"20.488867,20.283857","1.113162,0.830858,0.887761,0.733377,1.225479,0.940024,0.748977,0.773558,1.002524,0.991503,0.751171,1.201812,0.887251,0.822008,0.774065,0.765361,1.010006,1.003258,0.784201,0.794593",,
88,2368,16.0,23.831460674157302,0.41294967113388814,0.7552110162377358,9.442254304885864,235,"21.141041,20.896055","1.118789,0.823250,0.882841,0.724057,1.232166,0.938042,0.741004,0.764720,0.998336,0.990731,0.744568,1.204557,0.880394,0.816406,0.767353,0.756777,1.009761,1.003282,0.776949,0.788012",,
89,2383,48.0,24.1,0.40882017442254925,0.7581828455626964,9.531980276107788,237,"21.315842,21.028465","1.119854,0.821684,0.881208,0.722134,1.233267,0.937145,0.739672,0.762193,0.997556,0.990099,0.743116,1.204880,0.879288,0.814802,0.765303,0.755213,1.008485,1.003789,0.775683,0.785936",,
90,2430,35.0,24.21978021978022,0.4047319726783238,0.7686095906794072,9.737406969070435,242,"21.712139,21.382851","1.120594,0.817626,0.877697,0.717569,1.235604,0.935454,0.735684,0.756946,0.995262,0.988775,0.739365,1.205560,0.877217,0.810773,0.760115,0.751994,1.005131,1.004956,0.772636,0.780243",,
91,2430,22.0,24.195652173913043,0.4047319726783238,0.7686095906794072,9.737406969070435,242,"21.712139,21.382851","1.120594,0.817626,0.877697,0.717569,1.235604,0.935454,0.735684,0.756946,0.995262,0.988775,0.739365,1.205560,0.877217,0.810773,0.760115,0.751994,1.005131,1.004956,0.772636,0.780243",,
92,2476,13.0,24.0752688172043,0.3966778064220251,0.7864010995626449,9.897622346878052,246,"21.983303,21.695498","1.120791,0.813680,0.875136,0.713624,1.238175,0.934433,0.731596,0.753808,0.993946,0.988377,0.736727,1.206815,0.874871,0.807727,0.756982,0.749704,1.004114,1.006465,0.769379,0.776066",,
93,2491,45.0,24.29787234042553,0.39271102835780486,0.7938948011398316,9.965433597564697,248,"22.108402,21.859314","1.122037,0.811297,0.874477,0.711418,1.239511,0.934386,0.729384,0.752260,0.991732,0.988694,0.735546,1.207388,0.873291,0.806601,0.755352,0.748419,1.003230,1.007215,0.767613,0.773976",,
94,2506,15.0,24.2,0.3887839180742268,0.797344438135624,10.020060300827026,249,"22.180655,21.939129","1.122536,0.810126,0.873975,0.710303,1.240382,0.934746,0.728375,0.751227,0.990743,0.989195,0.734798,1.207846,0.872548,0.806201,0.754220,0.747756,1.002723,1.007591,0.767029,0.772758",,
95,2513,93.0,24.916666666666668,0.38489607889348454,0.7975726844370365,10.057533264160156,250,"22.257288,22.023884","1.123084,0.809023,0.873425,0.709178,1.241347,0.934867,0.727401,0.750103,0.989935,0.989535,0.734021,1.208362,0.871707,0.805764,0.753228,0.746988,1.002415,1.007781,0.766355,0.771611",,
96,2544,71.0,25.391752577319586,0.38104711810454966,0.8017914316058159,10.179542779922485,253,"22.495333,22.287104","1.124557,0.806194,0.871891,0.705968,1.244046,0.934990,0.724540,0.746700,0.987759,0.990394,0.731611,1.210106,0.869907,0.804236,0.750108,0.744810,1.001860,1.008479,0.764489,0.768171",,
97,2591,14.0,25.275510204081634,0.37723664692350417,0.8006055688858033,10.393211841583252,258,"22.897177,22.733845","1.128247,0.801159,0.870344,0.700235,1.250008,0.936263,0.718918,0.741769,0.984276,0.991680,0.727332,1.212842,0.868330,0.802486,0.745460,0.741128,1.001135,1.009135,0.760251,0.763315",,
98,2630,43.0,25.454545454545453,0.37346428045426916,0.7990029507875442,10.561862230300903,262,"23.207333,23.107937","1.130474,0.797116,0.868721,0.695436,1.254732,0.937539,0.714036,0.738198,0.982032,0.993334,0.723661,1.215820,0.866644,0.801101,0.741883,0.738018,1.000646,1.008273,0.755758,0.759903",,
99,2653,20.0,25.4,0.36972963764972644,0.808329601585865,10.645778179168701,264,"23.360870,23.285097","1.131704,0.795844,0.867471,0.693319,1.256864,0.937959,0.711309,0.736702,0.981300,0.994355,0.721368,1.217171,0.865801,0.800335,0.739659,0.736397,1.000794,1.007722,0.753626,0.758503",27.0,7.694153624668538
100,2732,28.0,25.57,0.3660323412732292,0.8409016840159893,10.9800386428833,272,"23.997505,23.904888","1.133182,0.787983,0.863424,0.685314,1.262001,0.942987,0.703062,0.728627,0.977416,0.997053,0.715033,1.220673,0.866460,0.797559,0.731472,0.731915,0.995986,1.006113,0.748367,0.749718",,
101,2755,41.0,25.84,0.3623720178604969,0.8499627487361431,11.073987483978271,274,"24.152639,24.063070","1.133159,0.785851,0.862084,0.683420,1.262649,0.944417,0.701075,0.726770,0.976231,0.996916,0.713568,1.221141,0.867269,0.797076,0.729346,0.731276,0.993882,1.005455,0.747448,0.747114",,
102,2802,32.0,25.96,0.3587482976818919,0.8578039170801639,11.300335884094238,279,"24.541981,24.468824","1.134522,0.780324,0.856897,0.677952,1.266538,0.946738,0.694362,0.722151,0.973367,0.995921,0.708361,1.222693,0.867279,0.795886,0.723314,0.728502,0.988869,1.005401,0.743540,0.741728",,
103,2817,49.0,26.35,0.355160814705073,0.8581856305897236,11.347187995910645,280,"24.625225,24.551411","1.135001,0.779510,0.855786,0.676854,1.267517,0.946791,0.692910,0.721134,0.972950,0.995643,0.707172,1.223166,0.866788,0.795641,0.722079,0.727699,0.988168,1.005183,0.742644,0.740825",,
104,2840,41.0,26.5,0.35160920655802225,0.8604242174327373,11.465974569320679,283,"24.874182,24.795559","1.135974,0.777769,0.852760,0.673965,1.270084,0.946832,0.689131,0.718146,0.972504,0.995696,0.703918,1.224695,0.865442,0.794720,0.718319,0.725392,0.986248,1.004229,0.740617,0.738331",,
105,2903,39.0,26.62,0.348093114492442,0.880323775857687,11.731278896331787,289,"25.337460,25.322895","1.138512,0.774940,0.848968,0.668494,1.274441,0.947811,0.681710,0.714549,0.972386,0.996762,0.697921,1.227489,0.864757,0.791146,0.710668,0.722279,0.983873,1.002176,0.736273,0.733771",,
106,3038,38.0,26.71,0.3446121833475176,0.9083280871808529,12.319319009780884,302,"26.322552,26.416298","1.142477,0.770688,0.845474,0.657613,1.281872,0.950959,0.668073,0.708730,0.969585,0.995230,0.688804,1.230685,0.865629,0.783505,0.695493,0.719154,0.979851,1.002146,0.727899,0.722938",,
107,3053,50.0,27.06,0.34116606151404244,0.9171462054550648,12.41204023361206,304,"26.489630,26.578861","1.142644,0.769971,0.844797,0.655910,1.282639,0.950708,0.666389,0.707458,0.968979,0.994493,0.687750,1.231380,0.865476,0.782367,0.693785,0.718364,0.979443,1.002359,0.726049,0.721368",,
108,3068,28.0,26.95,0.337754400898902,0.9138839074969292,12.472098350524902,305,"26.575394,26.659184","1.142783,0.769607,0.844511,0.655137,1.283174,0.950691,0.665583,0.706882,0.968575,0.994215,0.687250,1.231703,0.865438,0.781820,0.692983,0.717963,0.979270,1.002565,0.725216,0.720542",,
109,3083,33.0,27.0,0.334376856889913,0.9219420512020587,12.562926769256592,307,"26.736418,26.811106","1.142951,0.769092,0.844239,0.653809,1.283785,0.950313,0.664024,0.706243,0.967444,0.993337,0.686655,1.231951,0.865361,0.780424,0.691843,0.717331,0.978870,1.003168,0.723837,0.718943",,
110,3162,45.0,27.3,0.33103308832101386,0.9567395776510239,12.92521047592163,315,"27.477551,27.353046","1.144509,0.767930,0.840731,0.648209,1.287815,0.949523,0.657113,0.702506,0.963555,0.990224,0.682202,1.235103,0.866331,0.777198,0.685167,0.715140,0.976352,1.005745,0.718677,0.712135",,
111,3233,22.0,27.33,0.3277227574378037,0.9762699526548385,13.244028568267822,322,"28.043774,27.904594","1.144532,0.766856,0.840444,0.643177,1.292222,0.950470,0.650255,0.699322,0.959007,0.986636,0.680010,1.239088,0.868835,0.775339,0.679980,0.713273,0.974352,1.006470,0.715167,0.704862",,
112,3240,19.0,27.23,0.3244455298634257,0.9818621289730072,13.281037092208862,323,"28.117023,27.988493","1.144686,0.766388,0.840521,0.642386,1.293026,0.950697,0.649193,0.698796,0.958373,0.986260,0.679805,1.239629,0.868908,0.775023,0.679556,0.712781,0.974482,1.006493,0.714494,0.703877",,
113,3240,61.0,27.32,0.3244455298634257,0.9818621289730072,13.281037092208862,323,"28.117023,27.988493","1.144686,0.766388,0.840521,0.642386,1.293026,0.950697,0.649193,0.698796,0.958373,0.986260,0.679805,1.239629,0.868908,0.775023,0.679556,0.712781,0.974482,1.006493,0.714494,0.703877",,
114,3270,25.0,27.43,0.3179890638191435,0.9799794992804527,13.395339488983154,326,"28.328260,28.246155","1.144936,0.764583,0.840296,0.639879,1.295148,0.951926,0.645900,0.697275,0.956360,0.985383,0.678770,1.240838,0.869469,0.773356,0.677645,0.711483,0.974065,1.006036,0.712554,0.700254",,
115,3285,15.0,27.31,0.31480917318095203,0.9768346332013607,13.447091817855835,327,"28.399347,28.334961","1.145164,0.763936,0.840130,0.638987,1.295972,0.952351,0.644704,0.696753,0.955652,0.984990,0.678282,1.241114,0.869475,0.772718,0.676944,0.710877,0.973832,1.005744,0.711870,0.699004",,
116,3372,59.0,27.76,0.3116610814491425,0.9922957521677017,13.836830615997314,336,"29.062864,29.064884","1.147932,0.761211,0.838293,0.632237,1.301252,0.949144,0.636401,0.690770,0.951582,0.977167,0.675383,1.245178,0.871676,0.767400,0.672677,0.705189,0.972103,1.004954,0.707120,0.689611",,
117,3372,94.0,28.58,0.3116610814491425,0.9922957521677017,13.837829828262329,336,"29.062864,29.064884","1.147932,0.761211,0.838293,0.632237,1.301252,0.949144,0.636401,0.690770,0.951582,0.977167,0.675383,1.245178,0.871676,0.767400,0.672677,0.705189,0.972103,1.004954,0.707120,0.689611",,
118,3402,16.0,28.64,0.3054590259283046,0.9956780004501343,13.970301389694214,339,"29.282301,29.302814","1.148921,0.760553,0.838479,0.630173,1.302809,0.949141,0.633571,0.689171,0.950121,0.976347,0.674545,1.246415,0.872773,0.766135,0.671032,0.703240,0.971884,1.004950,0.705178,0.687092",,
119,3425,49.0,28.95,0.30240443566902153,1.0045985779166222,14.054939985275269,341,"29.427206,29.463276","1.149662,0.760003,0.838418,0.628791,1.303516,0.949004,0.631692,0.687939,0.948891,0.975546,0.674261,1.246987,0.873549,0.764904,0.670146,0.702004,0.971274,1.004697,0.703983,0.685347",,
120,3472,23.0,28.93,0.2993803913123313,1.0053027449548244,14.25710916519165,346,"29.825003,29.892365","1.153078,0.757938,0.837267,0.624530,1.305694,0.947956,0.627043,0.683148,0.947170,0.974060,0.672407,1.248955,0.874032,0.763289,0.667920,0.697464,0.969997,1.002539,0.700173,0.681974",,
121,3543,38.0,29.17,0.296386587399208,0.9941287441551685,14.540930986404419,353,"30.352846,30.559418","1.156818,0.752941,0.834575,0.618005,1.308362,0.947381,0.620576,0.677759,0.946614,0.973256,0.668472,1.251556,0.875717,0.760327,0.663656,0.691963,0.967702,1.000396,0.694711,0.677034",,
122,3558,23.0,29.2,0.2934227215252159,0.9940977554023266,14.589529991149902,354,"30.429279,30.653753","1.157122,0.752110,0.834239,0.616981,1.308759,0.947209,0.619716,0.677111,0.946356,0.972732,0.667895,1.251774,0.875958,0.759826,0.663182,0.691232,0.967058,1.000117,0.693890,0.676342",,
123,3661,29.0,29.35,0.29048849430996376,1.0315918917953968,15.033773422241211,365,"31.405123,31.537735","1.159917,0.746518,0.829738,0.606101,1.310068,0.941258,0.612075,0.667262,0.945268,0.964219,0.663249,1.255384,0.878512,0.753097,0.657564,0.685056,0.959641,0.997276,0.688367,0.667553",,
124,3661,36.0,29.25,0.29048849430996376,1.0315918917953968,15.033773422241211,365,"31.405123,31.537735","1.159917,0.746518,0.829738,0.606101,1.310068,0.941258,0.612075,0.667262,0.945268,0.964219,0.663249,1.255384,0.878512,0.753097,0.657564,0.685056,0.959641,0.997276,0.688367,0.667553",,
125,3691,16.0,29.01,0.28470777327319546,1.0290205684304237,15.182444095611572,368,"31.673660,31.753353","1.159680,0.745247,0.828762,0.603393,1.309177,0.939946,0.610334,0.664765,0.944495,0.962821,0.662416,1.256332,0.879886,0.751533,0.656183,0.683868,0.958110,0.997003,0.686480,0.665317",,
126,3714,21.0,28.89,0.2818606955404635,1.036979350298643,15.25619101524353,370,"31.845240,31.914618","1.160162,0.743948,0.827495,0.601089,1.309036,0.938510,0.608672,0.663054,0.944548,0.962102,0.661264,1.257220,0.880059,0.750262,0.654958,0.682620,0.957423,0.997317,0.684365,0.664513",,
127,3729,32.0,29.07,0.27904208858505886,1.0430488048493862,15.317565441131592,371,"31.934099,31.992445","1.160250,0.743233,0.826882,0.599964,1.308884,0.937976,0.607971,0.662190,0.944504,0.961806,0.660829,1.257555,0.880129,0.749668,0.654257,0.682128,0.956898,0.997463,0.683570,0.663920",,
128,3800,17.0,29.02,0.2762516676992083,1.0545482578873635,15.624981164932251,379,"32.531303,32.720325","1.161494,0.737596,0.824120,0.591742,1.310431,0.936265,0.600212,0.657631,0.943264,0.958950,0.657202,1.259974,0.882258,0.746239,0.648868,0.678742,0.952533,0.998203,0.676841,0.658180",,
129,3807,72.0,29.57,0.2734891510222162,1.0545482578873635,15.632291316986084,379,"32.531303,32.720325","1.161494,0.737596,0.824120,0.591742,1.310431,0.936265,0.600212,0.657631,0.943264,0.958950,0.657202,1.259974,0.882258,0.746239,0.648868,0.678742,0.952533,0.998203,0.676841,0.658180",,
130,3814,74.0,30.05,0.27075425951199406,1.0558354601264,15.66844129562378,380,"32.603775,32.810032","1.161571,0.736896,0.824116,0.590924,1.310450,0.936374,0.599283,0.657248,0.942766,0.958449,0.657086,1.259996,0.882636,0.745772,0.648421,0.678538,0.951720,0.998239,0.676370,0.657067",,
131,3845,23.0,30.11,0.2680467169168741,1.061623917967081,15.797754764556885,383,"32.826950,33.081562","1.161831,0.735246,0.823645,0.588397,1.310624,0.936397,0.596449,0.655649,0.941848,0.956279,0.656163,1.260045,0.883959,0.743825,0.646562,0.677747,0.949624,0.998800,0.674862,0.653588",,
132,3908,24.0,30.21,0.26536624974770534,1.109261428117752,16.046507835388184,389,"33.261860,33.558243","1.161775,0.731822,0.824896,0.582617,1.312312,0.935314,0.591343,0.653288,0.937614,0.950370,0.656797,1.260842,0.886681,0.737778,0.644979,0.676160,0.946207,0.998032,0.671925,0.647017",,
133,3923,66.0,30.7,0.2627125872502283,1.0964894331991673,16.13411831855774,391,"33.409744,33.701828","1.162080,0.730824,0.825353,0.580799,1.312965,0.934470,0.589606,0.652608,0.936150,0.948414,0.657044,1.261435,0.886925,0.735329,0.644560,0.675321,0.945076,0.997926,0.670784,0.645172",,
134,3946,18.0,30.77,0.26008546137772603,1.0949493028223514,16.220648765563965,393,"33.554615,33.841961","1.163067,0.730444,0.825649,0.578880,1.313814,0.932667,0.587572,0.651810,0.935227,0.946095,0.657045,1.262824,0.887014,0.734111,0.644312,0.674021,0.944367,0.997872,0.669153,0.643996",,
135,3953,18.0,30.75,0.25748460676394874,1.0919981117546558,16.273446083068848,394,"33.630615,33.912762","1.163558,0.730347,0.825789,0.577983,1.314246,0.931824,0.586434,0.651356,0.934756,0.945118,0.657010,1.263609,0.887087,0.733763,0.644160,0.673236,0.944062,0.997849,0.668232,0.643435",,
136,4000,34.0,30.97,0.2549097606963093,1.117978996783495,16.544318437576294,399,"34.019478,34.274876","1.164565,0.728592,0.826123,0.573052,1.315082,0.929543,0.581648,0.648468,0.930524,0.941067,0.657343,1.266075,0.888263,0.731634,0.642543,0.670939,0.939632,0.996335,0.665118,0.639001",,
137,4055,26.0,31.12,0.2523606630893462,1.1190429051220416,16.753434419631958,404,"34.332798,34.666306","1.164914,0.725558,0.827568,0.568165,1.317024,0.930607,0.576324,0.647877,0.925030,0.939848,0.657804,1.268056,0.891086,0.731274,0.641346,0.669790,0.936767,0.993744,0.660342,0.635196",,
138,4102,22.0,31.17,0.2498370564584527,1.1296306446939708,16.986589193344116,409,"34.645020,35.081558","1.164290,0.723084,0.828248,0.563349,1.320309,0.930050,0.570964,0.648032,0.919644,0.937402,0.657289,1.270941,0.894634,0.730485,0.638864,0.668295,0.932803,0.991933,0.654945,0.632199",,
139,4109,37.0,31.26,0.24733868589386818,1.1296306446939708,16.993553161621094,409,"34.645020,35.081558","1.164290,0.723084,0.828248,0.563349,1.320309,0.930050,0.570964,0.648032,0.919644,0.937402,0.657289,1.270941,0.894634,0.730485,0.638864,0.668295,0.932803,0.991933,0.654945,0.632199",,
140,4164,27.0,31.4,0.24486529903492948,1.1528824982792139,17.233899116516113,415,"35.066990,35.563133","1.160985,0.720572,0.830358,0.559019,1.323371,0.930588,0.564475,0.649764,0.911634,0.934352,0.656862,1.273895,0.899918,0.729811,0.634994,0.667617,0.927587,0.990106,0.650141,0.627505",,
141,4171,27.0,31.39,0.2424166460445802,1.1567655859142543,17.271351099014282,416,"35.135071,35.638809","1.160115,0.720279,0.831031,0.558492,1.323752,0.930815,0.563451,0.650193,0.909915,0.933813,0.657044,1.274189,0.901281,0.729774,0.634371,0.667636,0.926471,0.990325,0.649753,0.626536",,
142,4314,25.0,31.43,0.2399924795841344,1.185212866216898,17.84626841545105,430,"36.246452,36.416687","1.151608,0.719853,0.838185,0.553166,1.327269,0.930983,0.552550,0.651066,0.896293,0.927726,0.660871,1.280421,0.911578,0.728814,0.631197,0.665274,0.918774,0.993331,0.646226,0.614789",,
143,4345,55.0,31.79,0.23759255478829303,1.1730948765575886,17.982433319091797,433,"36.444801,36.599842","1.150556,0.719162,0.839200,0.551581,1.327917,0.930525,0.549785,0.651223,0.894592,0.927028,0.661248,1.282333,0.912859,0.728897,0.630818,0.664202,0.917952,0.993786,0.644951,0.612707",,
144,4352,37.0,32.05,0.23521662924041012,1.1696578319370747,18.020861387252808,434,"36.505329,36.657631","1.150193,0.719075,0.839838,0.551137,1.328076,0.930086,0.548727,0.651512,0.893921,0.926386,0.661648,1.283063,0.913335,0.728945,0.630833,0.663982,0.917695,0.994119,0.644578,0.612000",,
145,4415,39.0,32.08,0.232864462948006,1.1688486175984145,18.25939631462097,440,"36.855583,37.091431","1.148890,0.717682,0.841658,0.548048,1.328991,0.927661,0.542415,0.652412,0.890954,0.924269,0.661923,1.286917,0.914098,0.728643,0.629452,0.661626,0.916433,0.995332,0.640686,0.609315",,
146,4486,61.0,32.5,0.23053581831852593,1.144348167553544,18.546152591705322,447,"37.331043,37.616367","1.150966,0.715843,0.842188,0.543915,1.329556,0.921903,0.535131,0.651784,0.889604,0.921416,0.661730,1.292901,0.912771,0.726107,0.628763,0.656987,0.913721,0.995843,0.635015,0.607022",,
147,4509,24.0,32.57,0.22823046013534068,1.1595502734929324,18.623921155929565,449,"37.459839,37.757141","1.153444,0.715549,0.842787,0.542973,1.331120,0.920739,0.534092,0.651356,0.888518,0.919659,0.662561,1.294155,0.914742,0.726000,0.629396,0.656560,0.912162,0.996382,0.634513,0.605352",,
148,4516,105.0,33.28,0.22594815553398728,1.1800364961475134,18.66436791419983,450,"37.517548,37.820076","1.154562,0.715622,0.843115,0.542555,1.331749,0.920006,0.533803,0.651064,0.888088,0.918590,0.663151,1.294675,0.915454,0.725596,0.630005,0.656463,0.911300,0.996553,0.634566,0.604252",,
149,4571,28.0,33.34,0.2236886739786474,1.2019051557034255,18.914564609527588,456,"37.877350,38.252434","1.158321,0.714067,0.844695,0.538083,1.334513,0.918180,0.531578,0.649408,0.883733,0.912971,0.666329,1.297111,0.919084,0.722559,0.632252,0.656586,0.905778,0.996325,0.633494,0.597269",29.4,7.08801805866774
150,4578,51.0,33.46,0.22145178723886091,1.2019051557034255,18.914564609527588,456,"37.877350,38.252434","1.158321,0.714067,0.844695,0.538083,1.334513,0.918180,0.531578,0.649408,0.883733,0.912971,0.666329,1.297111,0.919084,0.722559,0.632252,0.656586,0.905778,0.996325,0.633494,0.597269",,
151,4593,54.0,33.83,0.2192372693664723,1.2007841826230288,19.001068830490112,458,"38.014404,38.401409","1.158708,0.713926,0.844880,0.536797,1.334824,0.917719,0.531084,0.648181,0.882235,0.911179,0.667085,1.297677,0.920149,0.721163,0.632612,0.656373,0.903921,0.995204,0.633414,0.594767",,
152,4648,17.0,33.72,0.21704489667280757,1.2126379669457674,19.199331998825073,463,"38.358231,38.806385","1.161268,0.712901,0.844435,0.533731,1.336651,0.916173,0.528697,0.645696,0.878940,0.907155,0.666794,1.297893,0.921842,0.717843,0.631494,0.655111,0.899182,0.994870,0.632523,0.590065",,
153,4727,47.0,33.97,0.2148744477060795,1.1837499660998583,19.540344715118408,471,"38.924850,39.393124","1.174298,0.710300,0.843304,0.529049,1.347327,0.913032,0.523317,0.643817,0.870291,0.900771,0.664331,1.299657,0.928096,0.715222,0.628369,0.651446,0.895654,0.993990,0.627851,0.585273",,
154,4742,20.0,33.97,0.2127257032290187,1.1784809037297963,19.61353087425232,473,"39.065495,39.539291","1.177147,0.709701,0.842643,0.527775,1.349439,0.911735,0.521327,0.643595,0.867803,0.899949,0.663178,1.300166,0.928388,0.713022,0.627127,0.650169,0.893619,0.993773,0.625785,0.584732",,
155,4749,29.0,34.11,0.21059844619672852,1.1784809037297963,19.62159752845764,473,"39.065495,39.539291","1.177147,0.709701,0.842643,0.527775,1.349439,0.911735,0.521327,0.643595,0.867803,0.899949,0.663178,1.300166,0.928388,0.713022,0.627127,0.650169,0.893619,0.993773,0.625785,0.584732",,
156,4820,42.0,34.32,0.20849246173476124,1.1990400960296392,19.942769765853882,481,"39.610420,40.053482","1.183718,0.707369,0.845278,0.523280,1.355363,0.908193,0.514755,0.642942,0.859011,0.893856,0.664832,1.301551,0.929841,0.707406,0.627567,0.647759,0.887338,0.994558,0.622083,0.579638",,
157,4827,52.0,34.61,0.2064075371174136,1.1990400960296392,19.96123170852661,481,"39.610420,40.053482","1.183718,0.707369,0.845278,0.523280,1.355363,0.908193,0.514755,0.642942,0.859011,0.893856,0.664832,1.301551,0.929841,0.707406,0.627567,0.647759,0.887338,0.994558,0.622083,0.579638",,
158,4906,20.0,34.66,0.2043434617462395,1.2198851402848958,20.288429498672485,489,"40.174953,40.541149","1.186909,0.706050,0.848628,0.519193,1.356118,0.905026,0.508569,0.640370,0.851172,0.888541,0.668365,1.302796,0.928752,0.700469,0.628235,0.644260,0.878659,0.993433,0.618711,0.573149",,
159,4945,37.0,34.84,0.2023000271287771,1.2229185185581446,20.446933031082153,493,"40.423286,40.798172","1.186924,0.703851,0.851016,0.516900,1.354578,0.904073,0.505257,0.639436,0.847524,0.885980,0.671292,1.302655,0.927925,0.697780,0.628966,0.642944,0.874319,0.992358,0.617217,0.569822",,
160,5048,60.0,35.0,0.2002770268574893,1.2183538223057986,20.874988079071045,503,"41.017231,41.523399","1.184001,0.698949,0.858610,0.511498,1.351066,0.902941,0.496453,0.640884,0.837810,0.881374,0.678048,1.304372,0.930933,0.693992,0.629594,0.641639,0.863105,0.993090,0.612763,0.562208",,
161,5071,15.0,35.02,0.19827425658891443,1.2197659289091825,20.991973161697388,506,"41.209526,41.727242","1.182210,0.697685,0.860069,0.509364,1.349751,0.902305,0.494176,0.640810,0.834690,0.879850,0.679355,1.304980,0.932420,0.692802,0.628812,0.641063,0.859151,0.993742,0.611403,0.559745",,
162,5094,63.0,35.48,0.19629151402302528,1.2184654531627894,21.069535732269287,508,"41.331161,41.845104","1.181042,0.696606,0.861283,0.508204,1.348799,0.902101,0.492740,0.640898,0.833072,0.878892,0.680519,1.305357,0.933002,0.692292,0.628867,0.640727,0.857143,0.994399,0.610655,0.558113",,
163,5094,43.0,35.76,0.19629151402302528,1.2184654531627894,21.069535732269287,508,"41.331161,41.845104","1.181042,0.696606,0.861283,0.508204,1.348799,0.902101,0.492740,0.640898,0.833072,0.878892,0.680519,1.305357,0.933002,0.692292,0.628867,0.640727,0.857143,0.994399,0.610655,0.558113",,
164,5140,40.0,35.86,0.19238531289396707,1.212031722739339,21.2666974067688,513,"41.617794,42.142948","1.179051,0.693930,0.864352,0.505737,1.348851,0.901068,0.487045,0.643209,0.829980,0.877511,0.682531,1.307336,0.933488,0.690976,0.628674,0.640059,0.855626,0.995778,0.607234,0.554601",,
165,5275,22.0,35.67,0.1904614597650274,1.21224319383502,21.8191077709198,526,"42.462898,42.829037","1.175192,0.690462,0.873410,0.497255,1.349419,0.895453,0.474960,0.646933,0.818165,0.868590,0.691475,1.311699,0.938174,0.685521,0.630248,0.641488,0.846152,0.999202,0.603226,0.541633",,
166,5275,46.0,35.78,0.1904614597650274,1.21224319383502,21.8191077709198,526,"42.462898,42.829037","1.175192,0.690462,0.873410,0.497255,1.349419,0.895453,0.474960,0.646933,0.818165,0.868590,0.691475,1.311699,0.938174,0.685521,0.630248,0.641488,0.846152,0.999202,0.603226,0.541633",,
167,5353,38.0,35.82,0.18667127671570335,1.2085036639869213,22.147456169128418,534,"42.920906,43.329567","1.174447,0.687387,0.880495,0.492457,1.351817,0.893415,0.468328,0.649876,0.809292,0.864268,0.698696,1.313972,0.943799,0.684085,0.632940,0.642815,0.840932,1.000157,0.601473,0.534849",,
168,5368,28.0,35.97,0.1848045639485463,1.2158780570328236,22.19141411781311,535,"42.977539,43.399776","1.174370,0.686945,0.881195,0.491829,1.352031,0.893289,0.467385,0.650173,0.808323,0.863703,0.699423,1.313900,0.944329,0.683711,0.633037,0.643046,0.840369,1.000086,0.601269,0.533899",,
169,5399,38.0,36.18,0.18295651830906084,1.200266719982028,22.304431676864624,538,"43.136330,43.624275","1.173935,0.685612,0.883069,0.489877,1.352632,0.892538,0.464519,0.651132,0.805516,0.862436,0.701141,1.313788,0.945543,0.682023,0.632873,0.643505,0.838801,1.000125,0.600389,0.531441",,
170,5446,78.0,36.76,0.18112695312597024,1.2067695065587758,22.508312940597534,543,"43.435688,43.984879","1.173336,0.686573,0.885080,0.486703,1.353831,0.889153,0.460413,0.651640,0.800710,0.859010,0.702529,1.314506,0.948653,0.679203,0.630746,0.643795,0.836578,1.001156,0.598768,0.528035",,
171,5446,21.0,36.53,0.18112695312597024,1.2067695065587758,22.508312940597534,543,"43.435688,43.984879","1.173336,0.686573,0.885080,0.486703,1.353831,0.889153,0.460413,0.651640,0.800710,0.859010,0.702529,1.314506,0.948653,0.679203,0.630746,0.643795,0.836578,1.001156,0.598768,0.528035",,
172,5476,25.0,36.64,0.17752252675876343,1.2284636079519986,22.62306046485901,546,"43.652718,44.178585","1.175791,0.687637,0.885206,0.484794,1.355556,0.886181,0.458516,0.650956,0.799395,0.856144,0.703257,1.315630,0.951016,0.677445,0.629902,0.643705,0.835456,1.002890,0.597628,0.525912",,
173,5483,52.0,36.57,0.1757473014911758,1.2276320802420377,22.668426513671875,547,"43.727867,44.235706","1.176369,0.688038,0.885517,0.484210,1.356118,0.885196,0.457781,0.650969,0.798875,0.855043,0.703689,1.316233,0.951548,0.676781,0.629802,0.643742,0.835289,1.003188,0.597246,0.525052",,
174,5522,21.0,36.62,0.173989828476264,1.2415436210483313,22.83480215072632,551,"44.005814,44.463448","1.176979,0.689240,0.887883,0.482472,1.358090,0.882181,0.454041,0.652472,0.796059,0.850715,0.705987,1.318332,0.954355,0.675304,0.629397,0.644859,0.834297,1.003685,0.595712,0.521152",,
175,5617,21.0,36.62,0.1722499301915014,1.2914647152274847,23.243558883666992,560,"44.554176,45.044384","1.176266,0.692279,0.892233,0.478262,1.360462,0.876411,0.443511,0.655408,0.790224,0.845632,0.707729,1.319623,0.958112,0.671116,0.623979,0.646318,0.830161,1.005129,0.589417,0.514622",,
176,5688,20.0,36.59,0.17052743088958636,1.259368385002017,23.553587913513184,567,"44.928997,45.482555","1.173434,0.693502,0.896765,0.474114,1.359171,0.872964,0.436406,0.657007,0.785277,0.843130,0.710025,1.319944,0.960196,0.666853,0.620749,0.647633,0.825770,1.008561,0.584756,0.509140",,
177,5703,28.0,36.72,0.1688221565806905,1.2649280341714622,23.641998767852783,569,"45.060551,45.612865","1.172502,0.693052,0.897865,0.472477,1.358787,0.872422,0.434661,0.656987,0.783801,0.842645,0.710678,1.320086,0.960569,0.665773,0.619894,0.647417,0.824482,1.009073,0.583543,0.507562",,
178,5766,132.0,37.54,0.1671339350148836,1.2511541520804166,23.909850120544434,575,"45.462292,45.982498","1.169707,0.691610,0.900756,0.468734,1.357641,0.871701,0.429866,0.657362,0.779023,0.839282,0.711753,1.318705,0.961531,0.662466,0.617061,0.648241,0.820209,1.010590,0.581501,0.501626",,
179,5766,50.0,37.54,0.1671339350148836,1.2511541520804166,23.909850120544434,575,"45.462292,45.982498","1.169707,0.691610,0.900756,0.468734,1.357641,0.871701,0.429866,0.657362,0.779023,0.839282,0.711753,1.318705,0.961531,0.662466,0.617061,0.648241,0.820209,1.010590,0.581501,0.501626",,
180,5788,38.0,37.52,0.16380796970808742,1.2601412548869848,24.004883289337158,577,"45.588879,46.105560","1.168437,0.691003,0.902606,0.467630,1.357417,0.871071,0.428111,0.657916,0.776753,0.837206,0.713002,1.317837,0.962081,0.661463,0.616806,0.648867,0.818748,1.010439,0.581383,0.499073",,
181,5859,30.0,37.69,0.16216989001100654,1.2576084015518427,24.28373646736145,584,"45.984337,46.514175","1.165947,0.688356,0.909852,0.463176,1.358197,0.868149,0.423241,0.659471,0.770150,0.830097,0.719442,1.315815,0.965762,0.658886,0.618325,0.650710,0.812101,1.010569,0.580562,0.491112",,
182,5938,21.0,37.51,0.16054819111089647,1.2319381385296584,24.628093481063843,592,"46.468624,47.002583","1.162284,0.683617,0.917705,0.456602,1.355351,0.865805,0.418841,0.660520,0.764189,0.821680,0.727875,1.311392,0.968931,0.654724,0.621609,0.654493,0.803735,1.010124,0.580239,0.482012",,
183,6033,41.0,37.35,0.1589427091997875,1.2613091595098376,25.062742471694946,602,"47.041702,47.557999","1.160826,0.679968,0.924307,0.449528,1.354174,0.860646,0.413589,0.660942,0.759585,0.815413,0.735784,1.310135,0.967560,0.649232,0.624441,0.656138,0.797583,1.009762,0.576834,0.475705",,
184,6096,88.0,37.93,0.15735328210778962,1.2909051574394106,25.31793975830078,608,"47.343250,47.923332","1.162649,0.678137,0.930227,0.445067,1.356469,0.856717,0.410453,0.663023,0.752349,0.809170,0.742936,1.308340,0.971143,0.649135,0.626382,0.659458,0.792110,1.008860,0.574671,0.470446",,
185,6271,104.0,38.82,0.15577974928671173,1.2741347485408188,26.089868545532227,626,"48.668556,48.984951","1.169141,0.674925,0.943022,0.435134,1.364605,0.846775,0.398734,0.662850,0.740689,0.798239,0.757119,1.310192,0.975506,0.653368,0.632979,0.656861,0.789187,1.008994,0.565468,0.460341",,
186,6342,60.0,39.23,0.1542219517938446,1.2789121271297335,26.38264751434326,633,"49.010010,49.502060","1.168243,0.674670,0.948199,0.432767,1.365176,0.842244,0.394523,0.664054,0.737742,0.796596,0.762817,1.312141,0.976248,0.652271,0.635637,0.656808,0.788407,1.010790,0.561662,0.457616",,
187,6421,82.0,39.7,0.15267973227590617,1.3078607207909227,26.727375507354736,641,"49.449001,50.006107","1.170986,0.675240,0.952373,0.430644,1.366868,0.833618,0.388905,0.663501,0.735773,0.796048,0.767307,1.314822,0.974576,0.649243,0.636865,0.654080,0.787937,1.012155,0.557126,0.456742",,
188,6444,95.0,40.49,0.1511529349531471,1.31251846101135,26.81546926498413,643,"49.529381,50.126137","1.170492,0.674694,0.954885,0.429765,1.367332,0.832112,0.387200,0.664429,0.734039,0.795441,0.769171,1.315259,0.975118,0.649255,0.637250,0.654212,0.787812,1.012132,0.555973,0.455827",,
189,6475,67.0,40.68,0.14964140560361563,1.3343688678368926,26.95521569252014,646,"49.635540,50.290695","1.169094,0.673081,0.959273,0.428343,1.367945,0.831209,0.385147,0.666496,0.730165,0.792944,0.772783,1.314355,0.977168,0.649153,0.638204,0.656321,0.786484,1.012444,0.555323,0.452709",,
190,6530,93.0,41.26,0.14814499154757946,1.3379510146752,27.204522848129272,652,"49.871548,50.598598","1.165827,0.669593,0.968914,0.425094,1.368286,0.828452,0.381058,0.671044,0.723408,0.786696,0.781122,1.312030,0.979303,0.648016,0.640972,0.661280,0.782705,1.013448,0.554431,0.445868",,
191,6537,33.0,41.37,0.14666354163210368,1.3379510146752,27.216614723205566,652,"49.871548,50.598598","1.165827,0.669593,0.968914,0.425094,1.368286,0.828452,0.381058,0.671044,0.723408,0.786696,0.781122,1.312030,0.979303,0.648016,0.640972,0.661280,0.782705,1.013448,0.554431,0.445868",,
192,6704,45.0,41.69,0.14519690621578263,1.3774487026408315,27.91955804824829,669,"50.870361,51.477615","1.153886,0.663814,0.991639,0.414692,1.365039,0.820592,0.368346,0.680031,0.708065,0.771058,0.798327,1.305672,0.985844,0.650507,0.642176,0.670724,0.770083,1.013154,0.549004,0.428668",,
193,6751,82.0,42.06,0.1437449371536248,1.4123337318375706,28.122893571853638,674,"51.154568,51.700424","1.154034,0.663092,0.997043,0.412632,1.365077,0.818582,0.363751,0.683341,0.706134,0.767286,0.803414,1.304445,0.986753,0.651049,0.643807,0.674355,0.766921,1.013359,0.547215,0.423558",,
194,6886,58.0,42.49,0.14230748778208857,1.381842652000487,28.684455156326294,687,"51.813377,52.335697","1.154794,0.655532,1.013329,0.405658,1.372141,0.813140,0.354418,0.692093,0.691553,0.755156,0.818988,1.298200,0.996437,0.656693,0.649228,0.683816,0.758118,1.017243,0.541434,0.410468",,
195,6965,54.0,42.1,0.14088441290426768,1.378051207177341,29.00285768508911,695,"52.318489,52.823112","1.152927,0.650624,1.021367,0.401788,1.375121,0.810418,0.349575,0.695387,0.684149,0.751114,0.824820,1.294648,1.001488,0.658135,0.649802,0.686535,0.754899,1.017877,0.537391,0.404831",,
196,7148,84.0,42.23,0.139475568775225,1.380451688580215,29.761794805526733,713,"53.436199,53.921196","1.145359,0.638060,1.037519,0.393280,1.375344,0.798300,0.335018,0.701581,0.670381,0.745233,0.839393,1.294349,1.005254,0.659665,0.652507,0.685576,0.751536,1.017091,0.525905,0.397323",,
197,7203,62.0,42.71,0.13808081308747275,1.3401662707701325,29.989223957061768,719,"53.729836,54.306763","1.143863,0.636119,1.043752,0.390404,1.374480,0.796604,0.331297,0.704702,0.666761,0.741503,0.843768,1.292965,1.006186,0.659440,0.653616,0.688968,0.748441,1.017959,0.523567,0.392177",,
198,7290,17.0,42.45,0.136700004956598,1.340399619601667,30.36640501022339,728,"54.299740,54.907082","1.140826,0.629830,1.052646,0.384966,1.372892,0.796187,0.328375,0.709216,0.661717,0.734834,0.850874,1.289659,1.007877,0.658849,0.655885,0.694598,0.743693,1.015701,0.521427,0.385249",,
199,7297,95.0,43.2,0.13533300490703204,1.340399619601667,30.36640501022339,728,"54.299740,54.907082","1.140826,0.629830,1.052646,0.384966,1.372892,0.796187,0.328375,0.709216,0.661717,0.734834,0.850874,1.289659,1.007877,0.658849,0.655885,0.694598,0.743693,1.015701,0.521427,0.385249",78.6,12.306096050332128
200,7320,44.0,43.36,0.13397967485796172,1.324806725345552,30.490177869796753,731,"54.546577,55.121643","1.140004,0.629036,1.055375,0.383073,1.372064,0.795647,0.327676,0.709679,0.660235,0.732835,0.852517,1.288894,1.008626,0.658494,0.655778,0.695412,0.741844,1.015019,0.520825,0.383563",,
201,7447,126.0,44.21,0.1326398781093821,1.3852385961636902,31.056567192077637,743,"55.390434,55.907257","1.136978,0.624198,1.067340,0.374394,1.365768,0.791598,0.323136,0.710380,0.654415,0.726712,0.860706,1.284696,1.007449,0.654785,0.655264,0.696172,0.733663,1.009930,0.515998,0.377665",,
202,7678,44.0,44.33,0.13131347932828827,1.356879086829722,32.0686776638031,766,"56.941811,57.393066","1.118956,0.612542,1.091300,0.362848,1.360608,0.786638,0.316347,0.715345,0.635686,0.714213,0.878593,1.275791,1.006544,0.651939,0.659455,0.701784,0.714188,1.005218,0.510494,0.361339",,
203,7821,117.0,45.01,0.1300003445350054,1.3732856416329742,32.73899984359741,781,"57.742111,58.197567","1.105317,0.606174,1.108855,0.360190,1.365021,0.780295,0.308024,0.718696,0.617614,0.704260,0.888791,1.272368,1.014167,0.661500,0.662757,0.702459,0.706611,1.007429,0.504962,0.351692",,
204,7884,54.0,45.14,0.12870034108965533,1.353984720222652,33.006245374679565,787,"58.157288,58.539951","1.101462,0.601857,1.114270,0.359736,1.366842,0.777687,0.303012,0.720515,0.611479,0.702145,0.892148,1.270853,1.015637,0.663749,0.662487,0.702430,0.704372,1.007432,0.502661,0.348257",,
205,7907,145.0,46.2,0.1274133376787588,1.357165435217321,33.10386371612549,789,"58.301651,58.661041","1.099760,0.600344,1.116394,0.359600,1.367146,0.777016,0.301516,0.721410,0.609174,0.701121,0.893392,1.270257,1.015795,0.664307,0.662489,0.702711,0.703224,1.007035,0.502075,0.346838",,
206,7914,89.0,46.71,0.12613920430197118,1.3727808709070086,33.14072823524475,790,"58.370125,58.728256","1.098989,0.599662,1.117381,0.359670,1.367264,0.776608,0.300671,0.721956,0.608071,0.700747,0.893892,1.269674,1.015671,0.663967,0.662144,0.703035,0.702446,1.006818,0.501660,0.345988",,
207,7977,86.0,47.07,0.12487781225895148,1.3948191516846418,33.43256425857544,796,"58.708675,59.119953","1.095647,0.595350,1.124633,0.359743,1.368993,0.774313,0.296564,0.725868,0.601336,0.698492,0.898574,1.266731,1.016521,0.663100,0.662646,0.706350,0.699057,1.007533,0.498999,0.341394",,
208,8200,113.0,47.92,0.12362903413636196,1.341159403398633,34.486626625061035,819,"60.084709,60.515633","1.090428,0.589605,1.144114,0.348464,1.368406,0.765286,0.287061,0.727877,0.585191,0.683233,0.908287,1.251233,1.018743,0.660495,0.659160,0.710479,0.683589,1.008010,0.489745,0.325214",,
209,8279,49.0,48.08,0.12239274379499834,1.3495312293618917,34.803324699401855,826,"60.477055,60.851391","1.089246,0.584010,1.151598,0.345699,1.367508,0.766782,0.286310,0.730957,0.578596,0.676389,0.914628,1.244314,1.022885,0.661663,0.661424,0.715274,0.680637,1.008285,0.488330,0.317570",,
210,8438,66.0,48.29,0.12116881635704835,1.3308718424290418,35.493985176086426,842,"61.359337,61.632698","1.086327,0.572377,1.164838,0.342432,1.368696,0.765033,0.280683,0.736131,0.566828,0.666629,0.925972,1.230424,1.023337,0.661083,0.663500,0.722122,0.673135,1.003873,0.482565,0.304575",,
211,8453,97.0,49.04,0.11995712819347787,1.3177556201070546,35.57962989807129,844,"61.493160,61.746712","1.085477,0.571851,1.165653,0.342801,1.368676,0.764113,0.279108,0.736483,0.565235,0.666672,0.926304,1.229206,1.022404,0.660273,0.662420,0.722322,0.671534,1.003406,0.481476,0.303637",,
212,8516,87.0,49.72,0.11875755691154309,1.2928125693649053,35.82785606384277,850,"61.900780,62.076447","1.081557,0.567748,1.169197,0.343578,1.369085,0.762018,0.275012,0.736889,0.558982,0.665916,0.927697,1.226102,1.019815,0.659318,0.659736,0.721123,0.666400,1.003230,0.478157,0.301078",,
213,8627,89.0,50.0,0.11756998134242766,1.2709451030194758,36.32238245010376,861,"62.410355,62.770668","1.072759,0.559917,1.178451,0.341796,1.364117,0.761339,0.270616,0.741859,0.551535,0.661997,0.933962,1.221809,1.015433,0.661523,0.660025,0.724103,0.660945,1.001931,0.474048,0.293811",,
214,8690,29.0,50.04,0.11639428152900338,1.2693694207072257,36.61237621307373,868,"62.695202,63.232437","1.069109,0.554023,1.185949,0.340833,1.361940,0.760731,0.269956,0.746283,0.547299,0.659244,0.940794,1.221171,1.015082,0.662210,0.663115,0.728262,0.659346,1.000724,0.472356,0.289864",,
215,8873,358.0,53.47,0.11523033871371334,1.2089273370057345,37.39254856109619,886,"63.810852,64.141151","1.061482,0.539218,1.205121,0.337559,1.367144,0.761773,0.269346,0.757466,0.532538,0.649729,0.953920,1.214758,1.025794,0.669793,0.668905,0.738794,0.653043,0.998340,0.470821,0.277009",,
216,9056,135.0,54.23,0.1140780353265762,1.2468361508846284,38.17666006088257,904,"64.814270,65.204994","1.056099,0.525950,1.218234,0.332026,1.367747,0.757056,0.263549,0.760690,0.522622,0.643165,0.960447,1.203851,1.029089,0.672362,0.667135,0.740032,0.647527,1.001398,0.460474,0.268401",,
217,9087,111.0,54.4,0.11293725497331045,1.2383489103615284,38.30980134010315,907,"64.996964,65.362701","1.055305,0.524766,1.220571,0.331622,1.366985,0.754940,0.262111,0.761279,0.521150,0.642154,0.961739,1.203349,1.028292,0.672505,0.666443,0.739936,0.646590,1.001506,0.458989,0.267473",,
218,9142,78.0,55.02,0.11180788242357734,1.2566039614379405,38.56215476989746,913,"65.377808,65.638519","1.053592,0.522203,1.225427,0.331484,1.368191,0.751029,0.259196,0.762308,0.516699,0.640491,0.965172,1.200471,1.028389,0.672465,0.666192,0.739585,0.644832,1.001936,0.456869,0.264741",,
219,9157,110.0,55.63,0.11068980359934157,1.2653793136775493,38.604756116867065,914,"65.441536,65.691460","1.053297,0.521779,1.226117,0.331499,1.368588,0.750408,0.258611,0.762270,0.515749,0.640421,0.965578,1.199636,1.028551,0.672131,0.665971,0.739315,0.644642,1.001923,0.456513,0.264376",,
220,9284,106.0,56.46,0.10958290556334815,1.3378060837090016,39.209962368011475,927,"66.107574,66.429016","1.048624,0.527083,1.234021,0.334858,1.373676,0.743819,0.253897,0.764506,0.504161,0.636898,0.971367,1.188071,1.027249,0.660404,0.664235,0.743537,0.637058,0.995895,0.455005,0.253863",,
221,9395,96.0,57.04,0.10848707650771466,1.286918742954731,39.6873459815979,938,"66.768234,66.937042","1.044755,0.530131,1.241467,0.338938,1.376050,0.744177,0.253646,0.768737,0.497322,0.629783,0.978452,1.182442,1.026804,0.655891,0.667516,0.749470,0.630419,0.990620,0.457816,0.243713",,
222,9410,67.0,57.48,0.10740220574263752,1.2639414194971323,39.75916051864624,940,"66.905716,67.037170","1.044652,0.530777,1.242507,0.339294,1.376303,0.744920,0.254342,0.768937,0.496617,0.628575,0.979217,1.182125,1.027320,0.655915,0.668371,0.749930,0.629475,0.990395,0.458342,0.242366",,
223,9505,102.0,58.21,0.10632818368521114,1.2646061860024929,40.175437211990356,949,"67.337753,67.560966","1.039840,0.526513,1.250104,0.341908,1.378433,0.746230,0.253095,0.773473,0.490446,0.625226,0.983614,1.176589,1.030393,0.657011,0.671126,0.754975,0.625772,0.987110,0.458216,0.233925",,
224,9568,53.0,58.38,0.10526490184835903,1.2995153123140335,40.49928045272827,955,"67.567314,67.868149","1.040793,0.520723,1.256209,0.346050,1.385255,0.747035,0.250305,0.777638,0.481698,0.622820,0.987486,1.169715,1.035181,0.657276,0.672856,0.760014,0.622892,0.986052,0.459321,0.226932",,
225,9815,50.0,58.72,0.10421225282987544,1.247430679500103,41.7179811000824,980,"68.774200,69.148399","1.032389,0.494013,1.276590,0.352345,1.399874,0.742985,0.236604,0.785216,0.454534,0.618098,0.997672,1.146802,1.044223,0.655871,0.667806,0.760757,0.611977,0.986698,0.451681,0.211201",,
226,9830,54.0,59.05,0.10317013030157669,1.2463020318746567,41.7937970161438,982,"68.866066,69.262405","1.031544,0.491879,1.277754,0.351918,1.400316,0.742031,0.235679,0.785434,0.452936,0.617688,0.997907,1.145744,1.044329,0.655833,0.666833,0.760040,0.611199,0.986462,0.450041,0.210783",,
227,9973,17.0,58.9,0.10213842899856092,1.2558920933306217,42.39164090156555,996,"69.543503,69.947182","1.029553,0.481395,1.284895,0.352495,1.410793,0.738403,0.230086,0.791163,0.440627,0.617274,1.003107,1.136611,1.051880,0.655979,0.665265,0.763711,0.605972,0.987210,0.441995,0.203304",,
228,9988,21.0,58.94,0.10111704470857531,1.2431175434589385,42.43356370925903,997,"69.596687,69.984871","1.029549,0.480581,1.285313,0.352652,1.411830,0.738284,0.229745,0.791514,0.439756,0.617149,1.003522,1.136052,1.052683,0.656137,0.665385,0.764005,0.605642,0.987352,0.441561,0.202795",,
229,10091,73.0,58.95,0.10010587426148955,1.2434590008109807,42.89888548851013,1008,"70.297508,70.472069","1.027103,0.471644,1.289274,0.351019,1.417816,0.733404,0.223261,0.793532,0.431166,0.615237,1.005860,1.127648,1.055696,0.657687,0.663203,0.762143,0.599139,0.986258,0.435655,0.196174",,
230,10114,104.0,59.25,0.09910481551887466,1.2488794820010662,42.993635416030884,1010,"70.392731,70.559525","1.026633,0.470549,1.289931,0.350924,1.418498,0.732853,0.222269,0.793955,0.429964,0.614865,1.006248,1.126058,1.056382,0.658143,0.662841,0.761998,0.597933,0.986215,0.434995,0.194687",,
231,10529,69.0,59.71,0.0981137673636859,1.1954802770912647,44.73603820800781,1051,"72.435036,72.456497","1.015989,0.447532,1.307165,0.358324,1.422155,0.724192,0.201884,0.797423,0.412365,0.609163,1.017188,1.098410,1.049922,0.648974,0.658693,0.760391,0.581251,0.998585,0.422094,0.170298",,
232,10568,59.0,60.06,0.09713262969004904,1.2053965527564288,44.90196466445923,1055,"72.627884,72.681297","1.014734,0.445621,1.309032,0.359619,1.421984,0.722950,0.198240,0.799257,0.411726,0.610387,1.018027,1.093386,1.048641,0.646854,0.656562,0.762090,0.579618,1.000690,0.420520,0.165926",,
233,10607,191.0,61.31,0.09616130339314856,1.2144954722374677,45.08085250854492,1059,"72.830482,72.919724","1.013439,0.444908,1.310045,0.361083,1.422318,0.721269,0.195364,0.800429,0.411419,0.611284,1.018410,1.089464,1.047579,0.644545,0.654605,0.763032,0.577733,1.001193,0.419516,0.162424",,
234,10607,195.0,63.08,0.09616130339314856,1.2144954722374677,45.08085250854492,1059,"72.830482,72.919724","1.013439,0.444908,1.310045,0.361083,1.422318,0.721269,0.195364,0.800429,0.411419,0.611284,1.018410,1.089464,1.047579,0.644545,0.654605,0.763032,0.577733,1.001193,0.419516,0.162424",,
235,10613,62.0,63.52,0.0942476934556249,1.2147298591583968,45.128297567367554,1060,"72.889076,72.981087","1.013151,0.445023,1.310312,0.361336,1.422413,0.720729,0.194745,0.800522,0.411283,0.611403,1.018364,1.088626,1.047332,0.644041,0.654110,0.763123,0.577267,1.001206,0.419274,0.161691",,
236,10660,189.0,65.07,0.09330521652106866,1.2047358749061823,45.32746481895447,1065,"73.132927,73.227821","1.011042,0.444931,1.311763,0.362771,1.423346,0.719384,0.193109,0.801384,0.410545,0.610658,1.019518,1.086386,1.047457,0.643655,0.653442,0.763549,0.574195,1.000961,0.419228,0.158497",,
237,10715,144.0,66.25,0.09237216435585796,1.1985652036219836,45.53278422355652,1070,"73.393982,73.462120","1.010451,0.443597,1.311403,0.364512,1.423575,0.718253,0.190961,0.800922,0.410680,0.610324,1.019607,1.084684,1.047079,0.642228,0.652195,0.762300,0.571641,1.001666,0.418763,0.156298",,
238,10770,98.0,67.01,0.09144844271229938,1.1831011550873518,45.8100688457489,1076,"73.767128,73.782440","1.009950,0.440503,1.310777,0.365662,1.423967,0.716958,0.188165,0.799260,0.410105,0.610285,1.018768,1.082290,1.046975,0.639755,0.649471,0.759285,0.569226,1.001467,0.417065,0.155199",,
239,11001,54.0,67.18,0.0905339582851764,1.2131156646460295,46.786104917526245,1099,"74.696701,74.844673","1.000206,0.429858,1.323874,0.377883,1.433506,0.714989,0.179080,0.807869,0.396097,0.608105,1.027336,1.071320,1.048377,0.637606,0.646888,0.766128,0.559149,1.002708,0.413456,0.136853",,
240,11024,45.0,67.36,0.08962861870232462,1.2073562864214182,46.88610339164734,1101,"74.818764,74.930771","0.999744,0.429696,1.324516,0.377621,1.434236,0.713698,0.178447,0.807655,0.394969,0.607676,1.027477,1.070326,1.047844,0.637451,0.646044,0.765462,0.558483,1.002548,0.412647,0.136111",,
241,11063,67.0,67.76,0.08873233251530138,1.1898560034483672,47.04785418510437,1105,"75.115555,75.101440","0.998418,0.428606,1.325869,0.377262,1.435192,0.711298,0.176695,0.806720,0.392805,0.606856,1.027411,1.068257,1.046836,0.637283,0.643946,0.763407,0.556782,1.002067,0.410775,0.134795",,
242,11086,46.0,67.97,0.08784500919014836,1.1815904852747918,47.13772797584534,1107,"75.257660,75.185242","0.997918,0.428063,1.326404,0.377323,1.435403,0.710254,0.175927,0.806448,0.392206,0.606559,1.027650,1.067321,1.046389,0.637336,0.643217,0.762629,0.556078,1.002082,0.410067,0.134060",,
243,11133,65.0,68.07,0.08696655909824688,1.1476920352131128,47.35345506668091,1112,"75.578041,75.408875","0.997603,0.425749,1.327460,0.378341,1.436991,0.709043,0.173738,0.805643,0.390839,0.606187,1.027469,1.064796,1.046532,0.637612,0.641287,0.760817,0.554296,1.003363,0.408339,0.131961",,
244,11140,67.0,68.37,0.0860968935072644,1.1466632511466741,47.382720947265625,1113,"75.631363,75.451698","0.997574,0.425195,1.327468,0.378719,1.437103,0.708987,0.173209,0.805364,0.390544,0.606217,1.027291,1.064216,1.046570,0.637540,0.640826,0.760363,0.553950,1.003690,0.408046,0.131630",,
245,11339,92.0,68.9,0.08523592457219176,1.0878544991463424,48.2139995098114,1132,"76.195084,76.418770","0.994496,0.418747,1.333874,0.386474,1.435879,0.710081,0.168084,0.806648,0.387318,0.602833,1.027356,1.062006,1.046754,0.638627,0.639255,0.761117,0.543500,1.006137,0.405528,0.123525",,
246,11458,57.0,68.86,0.08438356532646984,1.1287790659070014,48.708462953567505,1144,"76.692047,76.741577","0.992824,0.410318,1.338981,0.392331,1.438429,0.710128,0.164868,0.811725,0.385123,0.600335,1.031809,1.061578,1.044842,0.640971,0.642223,0.764769,0.536964,1.013259,0.406392,0.117565",,
247,11577,69.0,69.31,0.08353972967320515,1.0827956852316856,49.20580530166626,1156,"77.011650,77.179245","0.993648,0.402308,1.343829,0.399037,1.440159,0.708006,0.154673,0.817714,0.385005,0.603911,1.034678,1.052949,1.043604,0.639612,0.640263,0.770875,0.530652,1.017405,0.402583,0.107377",,
248,11584,56.0,68.82,0.0827043323764731,1.0816994558274746,49.242483139038086,1157,"77.056580,77.224899","0.993361,0.401810,1.343781,0.399486,1.439803,0.707566,0.153713,0.817836,0.384875,0.604311,1.034621,1.052361,1.043059,0.638901,0.639698,0.770945,0.529635,1.017503,0.402194,0.106968",,
249,11679,67.0,69.21,0.08187728905270836,1.0741266379505396,49.608577251434326,1166,"77.495201,77.545563","0.991580,0.396975,1.342850,0.406418,1.437846,0.706697,0.146570,0.817987,0.384465,0.606807,1.034866,1.049221,1.039715,0.633598,0.635860,0.771447,0.522438,1.016196,0.400224,0.103268",412.2,175.6
250,11742,85.0,69.55,0.08105851616218128,1.107004366517067,49.88274598121643,1173,"77.755920,77.812729","0.990556,0.394377,1.342813,0.409650,1.437935,0.704399,0.144606,0.818530,0.383820,0.605898,1.037138,1.049487,1.039301,0.632394,0.634326,0.771406,0.518293,1.012988,0.399347,0.101605",,
251,12021,55.0,69.56,0.08024793100055946,1.0815141985937953,51.1273136138916,1201,"78.900345,78.869728","0.990852,0.378855,1.345661,0.422482,1.436941,0.699260,0.130829,0.822323,0.381038,0.608536,1.038771,1.042087,1.039667,0.627053,0.623085,0.774011,0.508042,1.006125,0.392455,0.091252",,
252,12180,105.0,70.44,0.07944545169055386,1.083957713507116,51.79464244842529,1217,"79.528885,79.552994","0.986792,0.369802,1.343764,0.422541,1.431239,0.691712,0.125465,0.820149,0.380253,0.606260,1.040080,1.041959,1.035855,0.622880,0.614272,0.768776,0.502485,1.001358,0.386754,0.092147",,
253,12827,258.0,72.55,0.07865099717364833,1.1368262185901403,54.4831120967865,1281,"82.106628,82.033005","0.987586,0.341304,1.337158,0.447616,1.429404,0.680949,0.106401,0.824880,0.378037,0.604625,1.052391,1.040144,1.032567,0.620519,0.601000,0.766041,0.478227,0.987573,0.379822,0.073545",,
254,12914,154.0,73.89,0.07786448720191184,1.1416335324198008,54.855966567993164,1290,"82.274727,82.463623","0.987030,0.341036,1.335739,0.444353,1.429829,0.673509,0.108609,0.826997,0.381392,0.600286,1.055930,1.043805,1.030920,0.623830,0.597940,0.765420,0.477855,0.986172,0.376373,0.073959",,
255,13113,171.0,75.31,0.07708584232989273,1.1437599849700928,55.73120617866516,1310,"83.209900,82.995850","0.982118,0.332592,1.335699,0.444487,1.428191,0.665998,0.102110,0.825834,0.388675,0.597131,1.055590,1.046945,1.027261,0.624821,0.589341,0.762997,0.467532,0.986236,0.366842,0.072294",,
256,13552,90.0,75.79,0.0763149839065938,1.1135076171532274,57.75288152694702,1354,"84.766594,84.666740","0.978408,0.324157,1.332420,0.444128,1.421782,0.649834,0.094683,0.822877,0.385991,0.587062,1.055784,1.048890,1.013592,0.627353,0.574337,0.754180,0.448525,0.979061,0.350189,0.069650",,
257,13671,261.0,77.88,0.07555183406752786,1.0933880534768106,58.276400327682495,1366,"85.104332,85.130646","0.975557,0.323898,1.332101,0.447502,1.421510,0.649089,0.093267,0.823175,0.383611,0.588505,1.054210,1.047148,1.011780,0.624453,0.573208,0.753631,0.440358,0.979852,0.350180,0.065936",,
258,13798,222.0,79.9,0.07479631572685258,1.0556185583397746,58.799543380737305,1378,"85.521172,85.423149","0.972677,0.323011,1.330291,0.450674,1.418891,0.645126,0.088549,0.822454,0.379669,0.590227,1.055068,1.043658,1.011150,0.620949,0.570806,0.750639,0.432865,0.979091,0.352007,0.063392",,
259,14005,136.0,80.89,0.07404835256958406,1.0544610266014933,59.70973348617554,1399,"86.003418,85.932411","0.968370,0.324294,1.325078,0.457706,1.408303,0.640912,0.087856,0.820451,0.377230,0.588747,1.062744,1.045909,1.007019,0.617991,0.571222,0.747404,0.424629,0.981154,0.358536,0.059958",,
260,14060,326.0,83.55,0.07330786904388821,1.050148414503783,59.95026135444641,1405,"86.120033,86.059471","0.967977,0.323434,1.323513,0.459345,1.405270,0.639207,0.087621,0.820066,0.376359,0.587723,1.066419,1.047182,1.005535,0.617208,0.571095,0.746686,0.422575,0.980245,0.359361,0.059870",,
261,14387,73.0,84.13,0.07257479035344933,1.0226944020949305,61.26431608200073,1437,"87.004791,87.131233","0.969628,0.319714,1.323822,0.472509,1.405144,0.627612,0.067126,0.818478,0.370619,0.586674,1.067963,1.037808,1.001509,0.607884,0.555656,0.748167,0.410443,0.978722,0.347079,0.048831",,
262,14402,161.0,85.11,0.07184904244991483,1.0211070149578154,61.33231043815613,1439,"87.062302,87.173981","0.970470,0.318995,1.324180,0.472937,1.405814,0.626764,0.065520,0.818359,0.369267,0.586469,1.067815,1.036541,1.001864,0.608106,0.554905,0.748212,0.410050,0.978969,0.346149,0.048024",,
263,14769,88.0,85.56,0.07113055202541568,0.8988143141008913,62.8428008556366,1475,"87.941010,87.873734","0.967961,0.310019,1.319423,0.488735,1.401464,0.626174,0.060862,0.822071,0.360880,0.590880,1.083337,1.035412,1.009698,0.608663,0.556232,0.750276,0.393482,0.978881,0.351166,0.034069",,
264,15072,500.0,90.16,0.07041924650516153,0.845602944213897,64.16190314292908,1506,"88.960487,88.765968","0.970850,0.303968,1.312771,0.495568,1.397401,0.614617,0.052584,0.811198,0.357275,0.586346,1.080462,1.037883,1.011604,0.609267,0.549380,0.737900,0.376712,0.976633,0.348301,0.035372",,
265,15343,117.0,91.11,0.06971505404010991,0.7771652595512569,65.28376483917236,1533,"89.685074,89.466850","0.969398,0.294075,1.306474,0.502336,1.380775,0.609112,0.045056,0.806057,0.359436,0.582813,1.082703,1.039694,0.996959,0.603077,0.542075,0.731484,0.370293,0.970944,0.347883,0.034880",,
266,15390,402.0,94.67,0.06901790349970881,0.7494018979929388,65.48076605796814,1538,"89.834877,89.521042","0.968234,0.292671,1.306174,0.503760,1.378382,0.608927,0.044233,0.805125,0.358453,0.582547,1.082405,1.039821,0.995621,0.602235,0.541511,0.730334,0.369691,0.970845,0.348421,0.034214",,
267,15421,129.0,95.58,0.06832772446471172,0.7512338115088641,65.59203624725342,1541,"89.894600,89.590256","0.967331,0.292044,1.305846,0.504233,1.377286,0.608399,0.043740,0.804482,0.358117,0.582465,1.081410,1.039628,0.994841,0.602065,0.540978,0.729446,0.369217,0.970562,0.348265,0.033915",,
268,15820,93.0,96.23,0.0676444472200646,0.7815026685036719,67.28319978713989,1581,"90.696854,90.424301","0.963027,0.286851,1.298711,0.510096,1.371174,0.592194,0.038961,0.804016,0.358712,0.583036,1.089286,1.035491,0.983410,0.590392,0.531804,0.725922,0.358150,0.975445,0.344012,0.034195",,
269,16123,87.0,96.72,0.06696800274786396,0.81026114160195,68.56389737129211,1611,"91.313423,91.023659","0.956331,0.277517,1.289004,0.515724,1.359345,0.588685,0.036296,0.797796,0.350638,0.584224,1.091554,1.031231,0.982004,0.587818,0.526707,0.714071,0.349860,0.981787,0.345879,0.035870",,
270,16186,99.0,96.93,0.06629832272038531,0.8213560662418604,68.82298874855042,1617,"91.418556,91.183784","0.954870,0.277305,1.285847,0.515089,1.354556,0.586907,0.036611,0.797008,0.348900,0.584101,1.093489,1.030465,0.980656,0.586763,0.525047,0.712256,0.347429,0.982170,0.345649,0.037162",,
271,16641,102.0,97.74,0.06563533949318147,0.7172275587543845,70.81025719642639,1663,"92.470917,92.062286","0.946786,0.272473,1.276090,0.516007,1.334247,0.575432,0.035590,0.790117,0.338564,0.580010,1.103396,1.033378,0.967379,0.585085,0.521201,0.700386,0.325968,0.979490,0.346567,0.044379",,
272,17464,337.0,100.86,0.06497898609824965,0.6174904403649271,74.34280228614807,1745,"94.003334,93.664444","0.936769,0.263971,1.264949,0.520506,1.304222,0.560089,0.030365,0.773322,0.314910,0.574619,1.100467,1.031599,0.954455,0.587722,0.510143,0.678066,0.287152,0.983855,0.335407,0.049683",,
273,17543,500.0,105.34,0.06432919623726716,0.6017254534550012,74.72358679771423,1753,"94.017006,93.804543","0.936186,0.263462,1.264335,0.520681,1.303048,0.556654,0.030354,0.771620,0.318101,0.573099,1.102360,1.032719,0.951907,0.588392,0.509727,0.675718,0.284759,0.984114,0.335268,0.050530",,
274,17598,176.0,106.89,0.06368590427489448,0.5755015854537487,75.00240135192871,1758,"94.058998,93.824593","0.936772,0.262619,1.263625,0.521192,1.302959,0.555385,0.029887,0.771260,0.318994,0.572664,1.103448,1.032522,0.951141,0.589262,0.509299,0.675182,0.284627,0.983579,0.335321,0.050409",,
275,17661,500.0,111.68,0.06304904523214554,0.5619179883226753,75.34706234931946,1765,"94.179489,93.844009","0.934184,0.262592,1.262600,0.521544,1.300074,0.553885,0.029456,0.771269,0.319656,0.573469,1.104062,1.031228,0.949445,0.589343,0.508245,0.674735,0.283388,0.983454,0.335064,0.049724",,
276,17996,500.0,116.48,0.06241855477982408,0.5594657585583627,76.86738729476929,1798,"94.453087,94.208412","0.924670,0.258312,1.254166,0.517410,1.294690,0.543356,0.032502,0.766118,0.318377,0.570021,1.110397,1.033469,0.946373,0.598296,0.507800,0.664502,0.268127,0.980087,0.336097,0.054953",,
277,18363,215.0,118.35,0.06179436923202584,0.5927906409464776,78.50527381896973,1835,"94.888741,94.625687","0.904164,0.258489,1.246452,0.519499,1.289792,0.539912,0.041662,0.763930,0.312268,0.566680,1.130612,1.044752,0.957504,0.611547,0.509709,0.656251,0.229335,0.988053,0.344932,0.058522",,
278,18682,127.0,118.3,0.06117642553970558,0.6028422640636564,79.91988611221313,1867,"95.241371,95.044922","0.876516,0.251849,1.245185,0.523100,1.290056,0.532955,0.039193,0.762261,0.323285,0.567535,1.142669,1.048205,0.946076,0.611801,0.508712,0.652198,0.202598,0.984404,0.344551,0.058124",,
279,19281,210.0,119.9,0.06056466128430853,0.6068621046841145,82.64864301681519,1927,"96.384140,95.992126","0.873024,0.239850,1.239056,0.523922,1.290387,0.522681,0.029882,0.755813,0.327022,0.566010,1.140693,1.038281,0.934002,0.604390,0.498446,0.644880,0.201285,0.993155,0.333959,0.056022",,
280,19336,500.0,124.52,0.05995901467146544,0.606850846260786,82.89816284179688,1932,"96.451904,95.982025","0.872075,0.239138,1.237994,0.525094,1.288699,0.523669,0.030341,0.755758,0.324073,0.566286,1.141855,1.039406,0.934868,0.605024,0.498993,0.644281,0.199717,0.994613,0.334762,0.055830",,
281,19887,190.0,126.12,0.059359424524750785,0.6834952696599066,85.33951330184937,1987,"97.023880,96.813705","0.846159,0.227861,1.222957,0.523418,1.262458,0.509191,0.036514,0.746220,0.320456,0.556448,1.167236,1.056336,0.917173,0.609979,0.502465,0.627179,0.168818,0.998201,0.338286,0.066185",,
282,19958,159.0,127.5,0.05876583027950327,0.7233880202285945,85.64773797988892,1994,"97.170013,96.831024","0.843068,0.225254,1.221105,0.523300,1.259948,0.505723,0.033980,0.744793,0.321551,0.554321,1.167380,1.056586,0.912383,0.609441,0.500748,0.625517,0.167512,0.997947,0.336171,0.066584",,
283,20117,500.0,132.09,0.05817817197670824,0.7213116440363229,86.29302191734314,2010,"97.345085,97.136459","0.839580,0.220974,1.218438,0.522279,1.253306,0.498375,0.030295,0.742939,0.318107,0.549667,1.168883,1.055055,0.904794,0.607777,0.499700,0.622425,0.165782,0.996520,0.336412,0.066949",,
284,20260,122.0,132.43,0.05759639025694116,0.6238312028720975,86.90783333778381,2025,"97.581711,97.213120","0.839457,0.216086,1.217277,0.520656,1.253732,0.493027,0.024396,0.741209,0.321097,0.546921,1.166969,1.051501,0.904170,0.610800,0.498008,0.620379,0.167288,0.993752,0.331084,0.066041",,
285,20355,295.0,134.34,0.057020426354371746,0.6277675032429397,87.29979276657104,2034,"97.723610,97.347176","0.835201,0.213633,1.216969,0.519796,1.253828,0.491665,0.022414,0.740310,0.320857,0.545879,1.165941,1.049595,0.901171,0.611354,0.497347,0.619077,0.160927,0.994189,0.329872,0.065677",,
286,20402,64.0,134.38,0.05645022209082803,0.6300223636813462,87.50599503517151,2039,"97.770187,97.435326","0.829607,0.214701,1.215929,0.519053,1.253895,0.490993,0.022538,0.740420,0.317003,0.546062,1.166795,1.049224,0.904539,0.610593,0.497285,0.618590,0.152736,0.995452,0.330656,0.064939",,
287,20513,147.0,135.03,0.05588571986991975,0.6857328487560153,87.97483110427856,2050,"97.946098,97.565956","0.819149,0.214694,1.213433,0.519127,1.249528,0.490514,0.021621,0.739203,0.311801,0.545730,1.165874,1.048661,0.903600,0.610058,0.494891,0.616416,0.142344,0.996058,0.329998,0.064090",,
288,20872,94.0,135.02,0.05532686267122055,0.667777469586581,89.48017072677612,2086,"98.245049,98.064293","0.804453,0.206699,1.207474,0.521573,1.235075,0.486030,0.019910,0.736627,0.313594,0.539555,1.171243,1.045684,0.877265,0.608956,0.496523,0.611869,0.151762,0.997177,0.330288,0.063923",,
289,21455,500.0,139.35,0.05477359404450834,0.6841732554323972,91.870361328125,2144,"98.645966,98.319336","0.793769,0.196887,1.201970,0.523815,1.231189,0.478534,0.014031,0.736075,0.312252,0.540068,1.187774,1.030749,0.871573,0.609717,0.498711,0.606678,0.160572,1.000684,0.326362,0.056557",,
290,21534,500.0,143.42,0.05422585810406326,0.63684864025563,92.21002840995789,2152,"98.794983,98.400658","0.793524,0.196535,1.201046,0.524017,1.230963,0.476258,0.012620,0.735295,0.311485,0.538393,1.188420,1.029067,0.869690,0.608415,0.498566,0.605209,0.162550,1.002199,0.325868,0.056087",,
291,21534,127.0,144.36,0.05422585810406326,0.63684864025563,92.21204471588135,2152,"98.794983,98.400658","0.793524,0.196535,1.201046,0.524017,1.230963,0.476258,0.012620,0.735295,0.311485,0.538393,1.188420,1.029067,0.869690,0.608415,0.498566,0.605209,0.162550,1.002199,0.325868,0.056087",,
292,21636,210.0,146.01,0.0531467635277924,0.6063636882975697,92.62599754333496,2162,"98.778481,98.585182","0.795005,0.195022,1.202066,0.524434,1.232305,0.473168,0.009890,0.734295,0.315214,0.537602,1.187344,1.026854,0.867413,0.608716,0.498333,0.604393,0.165082,1.003402,0.323358,0.054712",,
293,21707,21.0,145.4,0.05261529589251448,0.5854691627621651,92.90514159202576,2169,"98.744377,98.653313","0.798176,0.193866,1.201931,0.524254,1.233697,0.470092,0.007386,0.733627,0.316564,0.537838,1.187513,1.024195,0.869107,0.608706,0.497949,0.603805,0.168443,1.004715,0.321797,0.053179",,
294,21842,180.0,146.62,0.05208914293358933,0.5969154972396791,93.4891107082367,2183,"99.138954,98.673447","0.799902,0.190829,1.201772,0.523948,1.230598,0.463879,0.004077,0.731781,0.321095,0.536615,1.184176,1.021890,0.865317,0.608520,0.496433,0.601144,0.172395,1.009276,0.319309,0.052372",,
295,22081,228.0,148.36,0.05156825150425344,0.5439330065250396,94.54188108444214,2207,"99.318275,98.920158","0.792531,0.178219,1.202337,0.523518,1.234049,0.453876,0.001833,0.727489,0.337712,0.536679,1.184845,1.018408,0.862548,0.617060,0.496067,0.596253,0.172626,1.012852,0.316004,0.052336",,
296,22392,117.0,148.69,0.0510525689892109,0.5411969008855522,95.84631705284119,2238,"99.688683,99.171951","0.778615,0.171926,1.199573,0.521466,1.242242,0.451285,-0.004750,0.725307,0.335318,0.537132,1.185163,1.011549,0.859962,0.614273,0.494690,0.591165,0.160366,1.007935,0.315391,0.049539",,
297,23207,196.0,150.03,0.050542043299318794,0.55933992004022,99.1716456413269,2319,"100.488770,100.217560","0.745966,0.156815,1.186409,0.523348,1.246755,0.443446,-0.013234,0.720676,0.310134,0.526669,1.196952,1.005681,0.849309,0.602265,0.489315,0.581682,0.127189,0.998934,0.312301,0.042460",,
298,23478,174.0,151.6,0.050036622866325604,0.5065580481849611,100.2895929813385,2346,"100.753334,100.481560","0.737562,0.159995,1.190503,0.526632,1.255216,0.429503,-0.022824,0.723757,0.319804,0.523775,1.197825,1.000027,0.859180,0.603492,0.488404,0.586671,0.132280,0.994182,0.308333,0.033532",,
299,23517,140.0,152.05,0.04953625663766235,0.5095063309930264,100.4668300151825,2350,"100.794586,100.515411","0.735561,0.158620,1.190815,0.527049,1.258356,0.428191,-0.024302,0.723792,0.321243,0.523345,1.197696,1.000289,0.859596,0.604458,0.488224,0.586672,0.130781,0.992839,0.307458,0.032730",272.8,193.95917096131342
300,23692,248.0,154.09,0.04904089407128572,0.5131682526133955,101.19498062133789,2368,"100.993408,100.673126","0.723262,0.154798,1.192180,0.528075,1.275532,0.429961,-0.028187,0.722966,0.322508,0.526754,1.196249,0.998394,0.865843,0.607589,0.488078,0.583783,0.121779,0.993377,0.305745,0.029177",,
301,23763,69.0,153.52,0.04855048513057287,0.5009680147841573,101.48468780517578,2375,"100.967323,100.709396","0.711241,0.151969,1.192268,0.530706,1.283175,0.430340,-0.028169,0.723725,0.326996,0.528453,1.196265,0.998750,0.867612,0.612004,0.488146,0.583155,0.114463,0.995581,0.305983,0.027091",,
302,24098,321.0,156.29,0.04806498027926714,0.49944932747632265,102.81418895721436,2408,"101.439682,101.048752","0.687512,0.148555,1.188506,0.534052,1.286176,0.428256,-0.032085,0.727258,0.326154,0.530983,1.205939,0.994988,0.868064,0.617135,0.494692,0.582962,0.095510,0.996797,0.307771,0.016785",,
303,24345,500.0,160.12,0.047584330476474465,0.5533759803511202,103.8285436630249,2433,"101.657364,101.442177","0.666343,0.149135,1.188469,0.538137,1.298454,0.421288,-0.033826,0.726219,0.332588,0.531990,1.209715,0.996294,0.876545,0.624081,0.496200,0.581711,0.076716,0.991997,0.307347,0.012437",,
304,24832,169.0,161.27,0.04710848717170972,0.44363323736935856,105.95478582382202,2482,"102.298393,101.882057","0.631127,0.144133,1.183141,0.545222,1.319404,0.413081,-0.041571,0.728867,0.336317,0.536134,1.223158,0.983498,0.888175,0.627390,0.496047,0.582952,0.032758,0.993243,0.313950,-0.006351",,
305,24863,500.0,164.82,0.04663740229999262,0.41420702457427977,106.08017754554749,2485,"102.356606,101.931892","0.628593,0.142469,1.182954,0.546520,1.320145,0.412936,-0.042008,0.728908,0.337474,0.536144,1.223667,0.982977,0.888466,0.628308,0.496094,0.583229,0.030495,0.992245,0.313633,-0.007688",,
306,25046,118.0,165.11,0.046171028276992696,0.38065772837027906,106.87010836601257,2503,"102.602409,102.234726","0.619644,0.134062,1.182846,0.549293,1.320614,0.413072,-0.040691,0.727526,0.340419,0.536530,1.229324,0.980923,0.891049,0.635371,0.498890,0.580915,0.018958,0.989726,0.316260,-0.009214",,
307,25077,91.0,165.16,0.045709317994222766,0.38084064858034256,106.98687767982483,2506,"102.624779,102.280617","0.619172,0.133283,1.182254,0.549329,1.321162,0.411830,-0.041202,0.727303,0.340257,0.536561,1.230611,0.979913,0.891774,0.636273,0.499433,0.580310,0.018160,0.990472,0.316562,-0.009954",,
308,25092,166.0,165.69,0.04525222481428054,0.38269800871610643,107.06614112854004,2508,"102.646545,102.289963","0.618344,0.132586,1.182078,0.549400,1.322015,0.411083,-0.041697,0.727285,0.339898,0.536690,1.231744,0.979002,0.892332,0.637057,0.499876,0.580041,0.017304,0.991059,0.316857,-0.010753",,
309,25195,210.0,167.3,0.04479970256613774,0.40085245814174414,107.46761274337769,2518,"102.767647,102.273071","0.608680,0.132673,1.179133,0.550889,1.328982,0.407640,-0.045960,0.728283,0.336171,0.540420,1.235541,0.973584,0.891203,0.637995,0.500937,0.580110,0.010292,0.995380,0.317383,-0.014801",,
310,25498,56.0,167.2,0.044351705540476356,0.43719147458672525,108.6804587841034,2548,"102.976608,102.504356","0.594499,0.137162,1.171436,0.553226,1.335836,0.393317,-0.061960,0.733923,0.327051,0.547696,1.245006,0.961704,0.886325,0.637256,0.502099,0.582071,0.001664,0.995163,0.314768,-0.027520",,
311,25833,500.0,171.23,0.043908188485071595,0.45159183215349913,110.02190399169922,2582,"103.522964,103.072609","0.582342,0.140560,1.167423,0.555367,1.338426,0.378841,-0.069058,0.735695,0.337091,0.552043,1.253930,0.958581,0.883408,0.636571,0.501892,0.578583,-0.012094,0.997712,0.312998,-0.039730",,
312,26288,178.0,172.14,0.04346910660022087,0.5245355706103146,111.89466547966003,2627,"104.026794,103.540779","0.581513,0.133419,1.165031,0.558000,1.324584,0.367412,-0.073629,0.732610,0.342772,0.552081,1.259307,0.948899,0.868789,0.619874,0.504557,0.571873,-0.020015,0.994406,0.312192,-0.044613",,
313,26335,188.0,173.13,0.04303441553421867,0.5071159517951309,112.09158086776733,2632,"104.037544,103.626137","0.577299,0.134422,1.164500,0.559506,1.324717,0.365500,-0.073802,0.732895,0.343936,0.553585,1.259738,0.946931,0.867209,0.620580,0.504507,0.571046,-0.020449,0.993923,0.312133,-0.045615",,
314,26446,156.0,174.4,0.04260407137887648,0.5065026580542326,112.53199887275696,2643,"104.175674,103.676323","0.572165,0.134135,1.165411,0.563142,1.323879,0.365008,-0.075303,0.732299,0.343888,0.556281,1.259050,0.944051,0.861666,0.618999,0.504317,0.569268,-0.020486,0.993858,0.310302,-0.047766",,
315,26669,373.0,174.55,0.04217803066508771,0.5108535659685731,113.38554692268372,2665,"104.448418,103.885788","0.565111,0.131712,1.167368,0.567129,1.319959,0.359120,-0.079781,0.730532,0.342425,0.558359,1.258860,0.939141,0.854093,0.615535,0.504526,0.565945,-0.020640,0.996058,0.308060,-0.051492",,
316,26780,211.0,175.31,0.04175625035843684,0.5345639817416667,113.85413217544556,2677,"104.487885,104.019310","0.557597,0.133083,1.165068,0.568594,1.321683,0.358922,-0.079361,0.727370,0.334520,0.561958,1.260366,0.937303,0.854053,0.617105,0.504589,0.562615,-0.023167,0.998374,0.308663,-0.051099",,
317,26795,120.0,175.4,0.04133868785485247,0.5341997484117746,113.92196536064148,2678,"104.467400,104.058769","0.557409,0.133160,1.164873,0.568609,1.321173,0.359023,-0.079265,0.727057,0.333916,0.562303,1.260463,0.937219,0.853921,0.617124,0.504609,0.562410,-0.023015,0.998556,0.308746,-0.050894",,
318,26802,163.0,176.25,0.040925300976303945,0.5359733127802611,113.96690201759338,2679,"104.451935,104.094528","0.557234,0.133058,1.164706,0.568903,1.320755,0.359329,-0.079217,0.726747,0.333322,0.562750,1.260561,0.937309,0.853908,0.617155,0.504620,0.562217,-0.023006,0.998832,0.308851,-0.050824",,
319,27057,32.0,175.47,0.0405160479665409,0.5505066561698914,115.00209045410156,2704,"104.684647,104.347954","0.555414,0.134995,1.162567,0.571934,1.317632,0.354874,-0.080993,0.720722,0.334541,0.569120,1.261508,0.935385,0.860632,0.614010,0.504695,0.554906,-0.028010,1.006487,0.310737,-0.056118",,
320,27608,159.0,176.0,0.040110887486875496,0.6352117629349232,117.20480012893677,2759,"105.125893,104.473495","0.551912,0.145071,1.159516,0.576794,1.314382,0.335229,-0.092485,0.722513,0.339029,0.580242,1.284136,0.917224,0.850158,0.606894,0.524805,0.548946,-0.040268,1.004814,0.314205,-0.074836",,
321,27839,194.0,176.98,0.03970977861200674,0.6211639145761728,118.12500715255737,2782,"105.118919,104.297096","0.553278,0.150989,1.162701,0.578955,1.311830,0.325433,-0.101780,0.728009,0.349661,0.588488,1.295962,0.910687,0.840302,0.605264,0.538236,0.553025,-0.042737,1.010206,0.312818,-0.086295",,
322,27942,187.0,178.18,0.039312680825886674,0.6092626835033298,118.57012057304382,2793,"105.051071,104.494705","0.552923,0.153979,1.164848,0.579625,1.309823,0.323676,-0.106698,0.730285,0.354553,0.591754,1.300255,0.903910,0.835128,0.600388,0.542775,0.555568,-0.038526,1.009037,0.310899,-0.095474",,
323,28005,367.0,180.83,0.038919554017627804,0.5880831053853035,118.80504107475281,2799,"105.215752,104.458725","0.554609,0.154297,1.167079,0.579955,1.306448,0.323249,-0.108817,0.731263,0.355937,0.591711,1.301274,0.901598,0.830648,0.595092,0.544931,0.556047,-0.036679,1.006404,0.309498,-0.098630",,
324,28172,171.0,182.01,0.03853035847745152,0.5229830338433384,119.5147020816803,2816,"105.334724,104.559822","0.552142,0.154940,1.171876,0.581732,1.306935,0.324478,-0.115554,0.732999,0.355002,0.594100,1.303389,0.894490,0.822130,0.584582,0.551054,0.556638,-0.036338,1.004567,0.304025,-0.108243",,
325,28211,179.0,183.3,0.03814505489267701,0.5237150825187564,119.67197370529175,2820,"105.332802,104.598747","0.550343,0.155428,1.172355,0.582695,1.309394,0.324721,-0.116824,0.733204,0.354420,0.595168,1.303462,0.893405,0.822100,0.583620,0.551822,0.557067,-0.037029,1.004803,0.302777,-0.110469",,
326,28482,227.0,185.03,0.03776360434375024,0.5333138714171946,120.76844525337219,2847,"105.911964,104.823044","0.526598,0.156110,1.166413,0.586922,1.337574,0.328387,-0.120522,0.732067,0.339175,0.600701,1.311139,0.887071,0.826665,0.588549,0.559348,0.554244,-0.058679,0.999393,0.301975,-0.121622",,
327,29049,70.0,185.56,0.03738596830031274,0.5498718638345599,123.0080635547638,2903,"106.972343,105.727287","0.514938,0.151193,1.162179,0.591337,1.331960,0.336477,-0.130788,0.745988,0.325044,0.616265,1.342239,0.872916,0.811609,0.573024,0.591198,0.554583,-0.087409,0.982032,0.300502,-0.147422",,
328,29120,258.0,187.93,0.03701210861730961,0.5680273394286632,123.31743144989014,2911,"107.024071,105.900352","0.510785,0.149740,1.160093,0.594322,1.328318,0.332761,-0.131818,0.746873,0.318006,0.613622,1.347307,0.873374,0.803994,0.570960,0.593905,0.554462,-0.095221,0.980397,0.300351,-0.147210",,
329,29239,204.0,189.24,0.03664198753113651,0.5028707194328308,123.75273847579956,2922,"107.056274,105.945839","0.509072,0.147458,1.162171,0.596281,1.322249,0.332060,-0.131523,0.750658,0.314716,0.614213,1.354067,0.873161,0.796531,0.565683,0.600022,0.556202,-0.101861,0.979138,0.299322,-0.150389",,
330,29334,166.0,189.86,0.036275567655825146,0.4794652382656932,124.13233232498169,2932,"107.208725,105.949417","0.507732,0.145334,1.166564,0.597938,1.316903,0.330523,-0.131519,0.752864,0.317627,0.616911,1.357658,0.870605,0.787955,0.562650,0.605726,0.556431,-0.102714,0.980964,0.297028,-0.152447",,
331,29397,19.0,189.36,0.03591281197926689,0.5123056452348829,124.39074039459229,2938,"107.204987,106.076981","0.507617,0.149704,1.167345,0.597950,1.318824,0.327548,-0.133003,0.754960,0.319922,0.620187,1.361610,0.866809,0.787191,0.563149,0.610684,0.557878,-0.100931,0.981892,0.295737,-0.157633",,
332,29532,170.0,190.47,0.035553683859474224,0.49756781503558156,124.94666028022766,2952,"107.489380,105.975403","0.503387,0.156269,1.163674,0.598566,1.323068,0.323571,-0.132961,0.758504,0.320315,0.625875,1.368779,0.859696,0.783636,0.565576,0.619817,0.560260,-0.106599,0.983614,0.293974,-0.166059",,
333,29539,17.0,188.73,0.035198147020879485,0.49756781503558156,124.95447635650635,2952,"107.489380,105.975403","0.503387,0.156269,1.163674,0.598566,1.323068,0.323571,-0.132961,0.758504,0.320315,0.625875,1.368779,0.859696,0.783636,0.565576,0.619817,0.560260,-0.106599,0.983614,0.293974,-0.166059",,
334,29730,190.0,188.68,0.03484616555067069,0.5039198495447635,125.76058983802795,2972,"107.724236,106.132904","0.500694,0.160991,1.163541,0.600230,1.325193,0.319917,-0.136007,0.761959,0.320600,0.631848,1.377380,0.855939,0.773533,0.561455,0.632021,0.561751,-0.117845,0.982402,0.293174,-0.173195",,
335,30097,270.0,190.76,0.03449770389516398,0.5435784512385726,127.32240104675293,3008,"108.132004,106.566826","0.488110,0.156821,1.161855,0.605295,1.331805,0.317816,-0.141895,0.770732,0.314760,0.637342,1.407454,0.842417,0.753093,0.563139,0.663101,0.561994,-0.147769,0.979952,0.290447,-0.191127",,
336,30232,16.0,189.03,0.03415272685621234,0.555968739837408,127.92614936828613,3022,"108.506027,106.568840","0.481862,0.153902,1.163491,0.609598,1.332097,0.319349,-0.144543,0.772267,0.306209,0.638497,1.415775,0.840848,0.739775,0.564008,0.672295,0.561145,-0.157487,0.976284,0.289648,-0.193268",,
337,30527,176.0,189.35,0.03381119958765022,0.6064341649785638,129.19209146499634,3051,"108.815323,106.884285","0.471549,0.158421,1.162388,0.616031,1.332860,0.319128,-0.145914,0.775531,0.306284,0.646960,1.435299,0.838831,0.732311,0.562426,0.695335,0.562527,-0.178530,0.966861,0.290741,-0.208238",,
338,30766,179.0,190.16,0.03347308759177372,0.5983604740723968,130.16006994247437,3075,"109.064056,107.091583","0.467736,0.167151,1.156717,0.617346,1.328630,0.304891,-0.151678,0.777666,0.309878,0.641076,1.445420,0.833344,0.719908,0.559164,0.707479,0.561314,-0.184578,0.959254,0.287981,-0.216127",,
339,30933,175.0,191.37,0.03313835671585598,0.5658468018099666,130.85092449188232,3092,"109.214066,107.277039","0.465161,0.164665,1.155147,0.623919,1.324320,0.301905,-0.151997,0.778985,0.308942,0.639523,1.449672,0.835776,0.708298,0.554596,0.714895,0.557818,-0.194164,0.955663,0.285726,-0.214762",,
340,31028,248.0,193.4,0.03280697314869742,0.5650908731296659,131.20875811576843,3101,"109.134819,107.395653","0.465970,0.160550,1.154696,0.626839,1.320593,0.301567,-0.152034,0.778403,0.310045,0.641593,1.450504,0.837640,0.701867,0.554218,0.717088,0.555177,-0.195663,0.955060,0.284343,-0.212023",,
341,31043,188.0,194.61,0.03247890341721044,0.5667197281494737,131.29299473762512,3103,"109.114159,107.420334","0.466790,0.160369,1.154619,0.627371,1.320309,0.301308,-0.152225,0.777958,0.310103,0.641625,1.450158,0.838249,0.700708,0.553642,0.717281,0.554537,-0.194932,0.954532,0.283298,-0.211290",,
342,31666,242.0,196.57,0.03215411438303834,0.5567165480181575,133.78487038612366,3165,"109.026360,107.328880","0.452549,0.179021,1.163852,0.631346,1.333834,0.279468,-0.158022,0.799517,0.297063,0.632897,1.475020,0.831137,0.682397,0.549465,0.752216,0.555617,-0.215927,0.965441,0.270305,-0.231735",,
343,31825,500.0,200.92,0.031832573239207955,0.5805454969033599,134.4423313140869,3181,"108.973488,107.042328","0.446359,0.182255,1.167313,0.629550,1.341603,0.280132,-0.159007,0.807551,0.289134,0.634448,1.485790,0.827996,0.676740,0.553604,0.766021,0.558737,-0.226253,0.966145,0.270888,-0.242014",,
344,31960,179.0,202.04,0.031514247506815876,0.5567343133315444,135.02361917495728,3195,"108.998390,106.971092","0.441990,0.179306,1.167004,0.629551,1.339373,0.282559,-0.157146,0.810928,0.287892,0.638391,1.494102,0.824917,0.670158,0.556143,0.778537,0.559396,-0.229551,0.963191,0.271265,-0.245921",,
345,31967,217.0,203.29,0.031199105031747717,0.5567343133315444,135.02963638305664,3195,"108.998390,106.971092","0.441990,0.179306,1.167004,0.629551,1.339373,0.282559,-0.157146,0.810928,0.287892,0.638391,1.494102,0.824917,0.670158,0.556143,0.778537,0.559396,-0.229551,0.963191,0.271265,-0.245921",,
346,32390,203.0,204.75,0.03088711398143024,0.590911019295454,136.81432604789734,3238,"109.240944,107.156670","0.435055,0.186795,1.164159,0.630148,1.348363,0.271271,-0.152884,0.816845,0.272888,0.620134,1.513912,0.819475,0.647521,0.558236,0.811621,0.555829,-0.237236,0.954075,0.264178,-0.257357",,
347,32749,213.0,206.19,0.030578242841615935,0.575367830991745,138.23164892196655,3273,"109.317314,107.164978","0.436490,0.186515,1.174783,0.630640,1.350631,0.258455,-0.159135,0.818325,0.278142,0.608143,1.526372,0.825927,0.649059,0.561698,0.828330,0.553532,-0.236127,0.944731,0.257314,-0.262795",,
348,33604,205.0,207.68,0.030272460413199778,0.5677834754437208,141.69851422309875,3359,"109.030815,106.872597","0.409709,0.205328,1.203617,0.617302,1.375979,0.245110,-0.167603,0.844578,0.248842,0.587035,1.561520,0.830737,0.623228,0.568425,0.886123,0.557397,-0.260453,0.949601,0.234895,-0.284994",,
349,33643,209.0,209.1,0.02996973580906778,0.5687162976711988,141.860835313797,3363,"109.096481,106.824600","0.407354,0.207333,1.205271,0.616009,1.377285,0.244654,-0.167830,0.845405,0.247573,0.584446,1.562623,0.830777,0.623474,0.566303,0.888954,0.557564,-0.261376,0.950381,0.233005,-0.286789",346.8,125.46457667405569
350,33730,238.0,210.63,0.029670038450977102,0.5597601991146803,142.20318174362183,3372,"109.229332,106.688789","0.404591,0.206470,1.207255,0.619103,1.380356,0.244171,-0.169288,0.845963,0.244924,0.582855,1.564336,0.831954,0.619033,0.565482,0.893213,0.557277,-0.267560,0.949688,0.231165,-0.288661",,
351,33745,352.0,213.6,0.02937333806646733,0.5597377935796977,142.25467205047607,3373,"109.228348,106.684616","0.404599,0.206609,1.207322,0.619438,1.380758,0.243974,-0.169552,0.846023,0.244654,0.582622,1.564755,0.832328,0.618929,0.565647,0.893914,0.557338,-0.268045,0.949480,0.231079,-0.288923",,
352,34336,243.0,214.98,0.029079604685802656,0.4866277292743325,144.61022973060608,3432,"109.161385,106.893776","0.400131,0.204451,1.209481,0.645608,1.390532,0.239495,-0.177789,0.856591,0.239743,0.567366,1.578789,0.858576,0.608619,0.563676,0.921227,0.549724,-0.297252,0.943589,0.222712,-0.300514",,
353,34471,215.0,214.55,0.02878880863894463,0.4984933974221349,145.19761776924133,3446,"109.376556,106.860039","0.399753,0.202043,1.208493,0.647534,1.385227,0.233523,-0.182039,0.857227,0.237770,0.558503,1.583202,0.860360,0.600047,0.559681,0.924353,0.548457,-0.301260,0.941506,0.219933,-0.300099",,
354,34870,401.0,217.02,0.02850092055255518,0.4992069299705327,147.0581681728363,3486,"109.413010,107.129555","0.389505,0.188381,1.211541,0.656214,1.373891,0.230796,-0.191722,0.863431,0.237797,0.549113,1.582712,0.859382,0.573208,0.546341,0.929276,0.540826,-0.304276,0.935051,0.207598,-0.298933",,
355,35021,500.0,220.31,0.02821591134702963,0.48859781308099626,147.68255853652954,3501,"109.398575,107.158798","0.389040,0.184381,1.213023,0.658093,1.368884,0.229100,-0.192183,0.867451,0.237998,0.549440,1.585058,0.860151,0.563252,0.544530,0.931474,0.537989,-0.311051,0.933157,0.208584,-0.299732",,
356,35148,193.0,221.34,0.027933752233559334,0.47901388196274636,148.19707775115967,3513,"109.422592,107.211014","0.389609,0.183361,1.210827,0.659822,1.363937,0.224025,-0.193382,0.867597,0.240049,0.544278,1.585612,0.862249,0.556998,0.541702,0.930538,0.535462,-0.315435,0.935235,0.207947,-0.299945",,
357,35171,180.0,220.53,0.027654414711223742,0.4784600535593927,148.30441570281982,3516,"109.385719,107.241333","0.389821,0.183847,1.210037,0.659454,1.363063,0.222829,-0.193342,0.867809,0.239874,0.542481,1.586051,0.862551,0.556319,0.540987,0.930851,0.534985,-0.316262,0.934456,0.207236,-0.300004",,
358,35410,208.0,220.39,0.027377870564111503,0.462902459949255,149.24466967582703,3540,"109.345573,107.259178","0.394823,0.179668,1.216108,0.656907,1.354102,0.219540,-0.197538,0.871521,0.246606,0.535898,1.585447,0.869651,0.548948,0.531297,0.928554,0.534076,-0.311248,0.929383,0.196899,-0.298442",,
359,36137,225.0,221.28,0.02710409185847039,0.4295475088432431,152.22456240653992,3612,"110.016678,108.085533","0.395739,0.176009,1.222638,0.656272,1.329447,0.217538,-0.200362,0.873230,0.238900,0.531429,1.569805,0.880350,0.521818,0.500710,0.922611,0.527388,-0.303709,0.921136,0.176519,-0.292826",,
360,37120,246.0,220.48,0.026833050939885684,0.41053490709513424,156.2650740146637,3711,"110.620850,108.802979","0.377154,0.177661,1.230957,0.658998,1.349405,0.205204,-0.207151,0.875792,0.208902,0.498490,1.559955,0.897873,0.512359,0.484430,0.919998,0.521989,-0.321174,0.935121,0.147473,-0.289235",,
361,37207,342.0,223.17,0.026564720430486827,0.39208212118595837,156.6322319507599,3719,"110.654022,108.904953","0.376246,0.174891,1.232731,0.659279,1.346712,0.205037,-0.207021,0.875829,0.210116,0.499090,1.557938,0.898461,0.509469,0.482466,0.918098,0.520786,-0.319542,0.936301,0.145667,-0.288081",,
362,37638,500.0,226.56,0.026299073226181958,0.40364239072427155,158.34045267105103,3762,"110.839401,109.127121","0.370878,0.170113,1.242574,0.655222,1.335842,0.203912,-0.208038,0.879245,0.210092,0.502337,1.551565,0.902360,0.496927,0.472903,0.916796,0.518523,-0.315337,0.943995,0.132529,-0.288061",,
363,38165,393.0,229.61,0.026036082493920136,0.39048288283869625,160.45718050003052,3815,"110.989357,109.195267","0.356676,0.167791,1.246567,0.656664,1.328235,0.201734,-0.205649,0.883529,0.202724,0.498271,1.548001,0.907619,0.475011,0.462884,0.916351,0.512486,-0.327815,0.944440,0.131858,-0.288464",,
364,38868,500.0,229.61,0.025775721668980935,0.35795458135195074,163.23393964767456,3885,"111.144310,109.456871","0.360917,0.165669,1.254444,0.651594,1.329952,0.196605,-0.208716,0.887436,0.198678,0.481828,1.541169,0.918867,0.459230,0.455206,0.909668,0.509080,-0.333444,0.943226,0.121639,-0.292572",,
365,39171,500.0,233.44,0.025517964452291125,0.3817974974308163,164.46858382225037,3916,"111.122910,109.287666","0.368145,0.172621,1.254317,0.653838,1.344932,0.192346,-0.209688,0.892488,0.189980,0.473276,1.539168,0.923860,0.451855,0.457009,0.909736,0.506890,-0.342966,0.944500,0.119694,-0.295485",,
366,39410,500.0,234.42,0.025262784807768213,0.40496939855627717,165.4257550239563,3940,"111.214378,109.653046","0.369688,0.168885,1.255557,0.653775,1.340784,0.192103,-0.208069,0.890482,0.192514,0.479534,1.535269,0.922735,0.444850,0.450514,0.907603,0.501872,-0.347287,0.938550,0.113958,-0.287115",,
367,40129,311.0,236.24,0.025010156959690534,0.3720086492411792,168.23601531982422,4011,"111.349930,109.859749","0.365622,0.155460,1.260133,0.651690,1.341370,0.189622,-0.209246,0.896013,0.194150,0.475005,1.525572,0.925008,0.437963,0.447499,0.892604,0.495889,-0.343556,0.938661,0.094996,-0.285976",,
368,40136,500.0,240.31,0.024760055390093627,0.3708741934783757,168.27785468101501,4012,"111.360489,109.850647","0.365102,0.155111,1.260304,0.651930,1.341478,0.189674,-0.209393,0.896082,0.194012,0.475013,1.525315,0.924664,0.437474,0.447397,0.892334,0.495675,-0.343701,0.938900,0.094475,-0.285814",,
369,40847,335.0,242.79,0.02451245483619269,0.3210050841607153,170.96542739868164,4083,"111.266144,109.672058","0.375854,0.145819,1.271870,0.658144,1.342181,0.191120,-0.211889,0.901398,0.201842,0.480229,1.516649,0.927561,0.421887,0.443952,0.885093,0.494280,-0.340662,0.934042,0.078282,-0.278341",,
370,41118,489.0,246.69,0.024267330287830763,0.29422910143621267,171.94587922096252,4110,"111.517029,109.799095","0.385181,0.136155,1.275256,0.655221,1.328458,0.193539,-0.213852,0.898579,0.213264,0.485860,1.513317,0.926852,0.412214,0.439931,0.881069,0.491211,-0.328955,0.934362,0.070795,-0.275876",,
371,41118,500.0,250.67,0.024267330287830763,0.29422910143621267,171.94587922096252,4110,"111.517029,109.799095","0.385181,0.136155,1.275256,0.655221,1.328458,0.193539,-0.213852,0.898579,0.213264,0.485860,1.513317,0.926852,0.412214,0.439931,0.881069,0.491211,-0.328955,0.934362,0.070795,-0.275876",,
372,41780,364.0,250.94,0.02378441041510293,0.2859455580916256,174.25245833396912,4177,"111.668671,110.135429","0.379618,0.122677,1.277522,0.664609,1.313032,0.196996,-0.215353,0.892149,0.220106,0.496244,1.501937,0.927399,0.400660,0.436392,0.870837,0.477672,-0.316975,0.938630,0.057408,-0.270766",,
373,42347,397.0,249.91,0.0235465663109519,0.33336149125359954,176.2482430934906,4233,"112.003052,110.250313","0.383021,0.112397,1.283313,0.677541,1.300864,0.195654,-0.216571,0.888679,0.236584,0.505645,1.491478,0.921195,0.385228,0.429605,0.855817,0.469053,-0.304067,0.940815,0.041788,-0.265224",,
374,43354,403.0,252.18,0.02331110064784238,0.29941927078180014,180.09329199790955,4334,"112.536804,110.673767","0.389204,0.094459,1.298974,0.677204,1.279169,0.206535,-0.218800,0.883573,0.248826,0.530759,1.474740,0.914862,0.358833,0.422707,0.846044,0.454564,-0.283045,0.940346,0.026336,-0.259927",,
375,43409,500.0,252.18,0.02307798964136396,0.299329385580495,180.27402567863464,4339,"112.559036,110.632050","0.387468,0.093692,1.298464,0.677769,1.279721,0.206334,-0.218797,0.883273,0.248165,0.530353,1.474349,0.914259,0.358781,0.422926,0.845252,0.453781,-0.283233,0.940205,0.025856,-0.260026",,
376,43928,474.0,251.92,0.022847209744950317,0.27146061474457384,182.1163990497589,4391,"112.676758,110.682137","0.381569,0.091214,1.297127,0.680792,1.278015,0.204632,-0.216886,0.880242,0.243661,0.531224,1.469290,0.912796,0.349714,0.421839,0.842576,0.449245,-0.280808,0.939295,0.023903,-0.258275",,
377,44479,420.0,253.97,0.022618737647500813,0.2447437628544867,184.13962030410767,4446,"112.809761,110.719673","0.372437,0.090498,1.305054,0.681967,1.280820,0.204287,-0.219982,0.875808,0.240031,0.531714,1.461414,0.907325,0.353014,0.426358,0.842790,0.443336,-0.271875,0.936513,0.009671,-0.263589",,
378,44846,500.0,257.7,0.022392550271025807,0.24108602833468468,185.4905641078949,4483,"112.751572,110.692245","0.374730,0.091878,1.309357,0.683029,1.287047,0.204998,-0.221909,0.873556,0.240365,0.530183,1.457386,0.905778,0.356748,0.427945,0.843875,0.440587,-0.270650,0.937041,0.005549,-0.259434",,
379,45117,500.0,260.6,0.022168624768315548,0.2451892440300435,186.50418400764465,4510,"112.710327,110.532875","0.370655,0.092248,1.310347,0.685932,1.290348,0.205315,-0.223066,0.870979,0.238465,0.527686,1.456821,0.905968,0.357917,0.428034,0.843092,0.436123,-0.273168,0.939277,0.005630,-0.260233",,
380,45780,500.0,260.6,0.021946938520632394,0.2792936330800876,189.0682897567749,4577,"112.590767,110.551918","0.375555,0.090285,1.307790,0.680587,1.289350,0.202146,-0.222027,0.868154,0.240097,0.520837,1.456130,0.909108,0.354062,0.428633,0.839647,0.431190,-0.269225,0.934931,0.006745,-0.265798",,
381,46347,500.0,263.7,0.02172746913542607,0.30955285917967557,191.25433707237244,4633,"112.581879,110.539665","0.379918,0.088812,1.309422,0.676643,1.291285,0.202651,-0.221349,0.864486,0.242347,0.519931,1.455147,0.909228,0.350954,0.428620,0.838406,0.426660,-0.270844,0.935452,0.009262,-0.263174",,
382,46970,452.0,266.63,0.021510194444071807,0.41052756561432036,193.69275784492493,4696,"112.555077,110.427361","0.377428,0.087131,1.307690,0.670462,1.288766,0.203071,-0.220904,0.860920,0.245630,0.519570,1.454623,0.905731,0.348955,0.429115,0.838117,0.421574,-0.269296,0.932770,0.011777,-0.262177",,
383,47409,500.0,266.63,0.021295092499631088,0.42049481682013723,195.38937139511108,4739,"112.597839,110.471390","0.380957,0.084768,1.306869,0.662480,1.289098,0.201504,-0.221048,0.856907,0.249357,0.516482,1.453683,0.902634,0.344659,0.430363,0.836362,0.419100,-0.267896,0.932223,0.009620,-0.263774",,
384,47856,342.0,268.83,0.02108214157463478,0.4041696811444126,197.14800477027893,4784,"112.439766,110.390556","0.381540,0.084307,1.307011,0.662079,1.285317,0.201201,-0.220825,0.854227,0.251596,0.516607,1.452953,0.902363,0.339457,0.430399,0.835456,0.415849,-0.266991,0.931803,0.008564,-0.264865",,
385,47927,500.0,270.88,0.02087132015888843,0.37193931894609705,197.4191541671753,4791,"112.427612,110.367065","0.380124,0.084522,1.307006,0.661847,1.286957,0.201012,-0.220705,0.853611,0.251123,0.516079,1.452927,0.901505,0.339240,0.430681,0.835297,0.414991,-0.267615,0.932302,0.008650,-0.265121",,
386,48478,500.0,275.24,0.020662606957299545,0.3565681998594664,199.57639336585999,4846,"112.476593,110.280006","0.374515,0.083975,1.306208,0.667072,1.282970,0.199955,-0.220054,0.848311,0.249866,0.512794,1.452809,0.898251,0.332511,0.429607,0.834169,0.409412,-0.263166,0.935631,0.009177,-0.261527",,
387,48845,500.0,278.77,0.02045598088772655,0.3305221696081571,201.0394368171692,4883,"112.379120,110.170799","0.373071,0.084821,1.305007,0.666566,1.279544,0.199515,-0.220260,0.847797,0.249163,0.513282,1.452481,0.897485,0.326115,0.428853,0.833504,0.405959,-0.259492,0.936469,0.009206,-0.264079",,
388,49780,500.0,282.83,0.020251421078849283,0.19776468291878702,204.6637909412384,4977,"112.274445,109.987053","0.376386,0.086021,1.304609,0.656399,1.285637,0.196696,-0.221116,0.847486,0.250316,0.507653,1.450806,0.894911,0.311706,0.429689,0.830209,0.404389,-0.260173,0.936808,0.008521,-0.265272",,
389,50211,350.0,281.33,0.02004890686806079,0.19783902251161634,206.46005511283875,5020,"112.258392,109.980194","0.371433,0.086526,1.303063,0.657332,1.287269,0.195678,-0.221944,0.845684,0.245047,0.506421,1.449452,0.891635,0.304730,0.430320,0.829793,0.399609,-0.258154,0.937620,0.005537,-0.268946",,
390,50346,500.0,281.33,0.019848417799380184,0.22049037026707083,207.01133584976196,5033,"112.266510,109.906914","0.372020,0.085788,1.302964,0.657542,1.288653,0.195564,-0.222013,0.844709,0.243465,0.505602,1.449216,0.890506,0.303282,0.430741,0.829381,0.398228,-0.257681,0.937807,0.005112,-0.268227",,
391,50761,363.0,283.69,0.01964993362138638,0.20692588295787573,208.82035326957703,5075,"112.109314,109.758377","0.372039,0.089762,1.301816,0.657369,1.297679,0.193812,-0.222268,0.846583,0.244064,0.499417,1.448484,0.888236,0.304563,0.433180,0.828428,0.397818,-0.255787,0.938274,0.004182,-0.270074",,
392,50968,500.0,286.59,0.019453434285172516,0.2528948711208068,209.63560819625854,5095,"112.097900,109.735863","0.370384,0.089494,1.301666,0.658068,1.302048,0.193720,-0.222654,0.846884,0.240664,0.498214,1.448141,0.888023,0.302864,0.433574,0.827287,0.396944,-0.258900,0.939626,0.004137,-0.268053",,
393,51927,500.0,291.38,0.01925889994232079,0.35212161105358974,213.50006556510925,5191,"112.099243,109.835732","0.375725,0.091587,1.298584,0.656392,1.295758,0.189809,-0.223907,0.840404,0.242304,0.489969,1.446729,0.887683,0.298700,0.432828,0.824785,0.388068,-0.251582,0.936688,0.002165,-0.265675",,
394,52478,500.0,294.58,0.019066310942897582,0.3588232333003543,215.7411789894104,5246,"112.095657,109.684021","0.371490,0.092622,1.298239,0.655063,1.296584,0.187194,-0.224354,0.838174,0.240289,0.485856,1.445924,0.885728,0.294095,0.432790,0.823197,0.383302,-0.252703,0.936374,0.001686,-0.262483",,
395,52845,500.0,297.3,0.01887564783346861,0.3379337157867849,217.2560350894928,5283,"112.036072,109.667160","0.366558,0.092717,1.298259,0.655913,1.292737,0.185362,-0.223815,0.835104,0.244198,0.483414,1.445903,0.884654,0.294410,0.432411,0.823039,0.379402,-0.249930,0.935561,0.001679,-0.263234",,
396,53780,500.0,301.13,0.018686891355133923,0.3328674885071814,221.0704984664917,5377,"111.985329,109.565224","0.360969,0.093459,1.296962,0.649792,1.297288,0.179358,-0.224521,0.828389,0.245625,0.470763,1.445173,0.883058,0.298427,0.431386,0.820375,0.371112,-0.247283,0.934429,0.001510,-0.258826",,
397,54211,500.0,304.17,0.01850002244158258,0.3631785025494173,222.7739222049713,5420,"112.080452,109.661011","0.362992,0.092059,1.296138,0.647973,1.286439,0.177761,-0.225259,0.824638,0.244315,0.471379,1.444552,0.882326,0.286746,0.430356,0.818777,0.366298,-0.245331,0.933741,0.000712,-0.256564",,
398,54330,446.0,306.89,0.018315022217166757,0.38862147347070275,223.24984860420227,5432,"112.021950,109.630058","0.357919,0.091362,1.296036,0.646923,1.287247,0.177114,-0.225879,0.823714,0.244247,0.466989,1.444408,0.882465,0.287987,0.430219,0.817247,0.365112,-0.245870,0.934692,0.000721,-0.256088",,
399,54345,500.0,310.49,0.018131871994995087,0.38789275142364205,223.28916788101196,5433,"112.021263,109.623268","0.357436,0.091318,1.296034,0.646879,1.287441,0.177075,-0.225975,0.823670,0.244180,0.466535,1.444407,0.882536,0.288145,0.430214,0.817067,0.365082,-0.245941,0.934793,0.000723,-0.256090",470.4,59.199999999999996
400,54968,500.0,313.01,0.017950553275045137,0.3691344654862769,225.7641339302063,5495,"111.920029,109.504623","0.356019,0.093745,1.296455,0.648054,1.283521,0.173838,-0.227475,0.820446,0.243217,0.457727,1.444116,0.883308,0.285451,0.428889,0.812590,0.356352,-0.244953,0.937137,0.001605,-0.254454",,
401,55927,500.0,317.32,0.017771047742294686,0.2748810198134743,229.64835381507874,5591,"112.056854,109.681419","0.364664,0.091527,1.293868,0.640613,1.269232,0.169793,-0.229660,0.812113,0.247615,0.451713,1.441262,0.880365,0.274663,0.428019,0.810000,0.346778,-0.235295,0.941537,-0.002052,-0.251046",,
402,56006,395.0,318.06,0.01759333726487174,0.2761178301065229,229.96627569198608,5599,"112.111557,109.671928","0.363688,0.090544,1.293413,0.640252,1.268170,0.169152,-0.229694,0.810742,0.247644,0.450052,1.440955,0.879931,0.274235,0.427830,0.809990,0.345804,-0.234491,0.941971,-0.002776,-0.250311",,
403,56477,500.0,318.06,0.017417403892223023,0.1853301291191019,231.8565170764923,5646,"112.062317,109.756256","0.355985,0.085929,1.291613,0.637594,1.268647,0.166788,-0.228390,0.806381,0.244640,0.444877,1.440318,0.878431,0.272991,0.427109,0.810002,0.340053,-0.236897,0.943260,-0.003613,-0.248495",,
404,57620,331.0,319.68,0.01724322985330079,0.16959904068615286,236.41238260269165,5761,"112.141502,109.850708","0.365598,0.085898,1.287409,0.632403,1.254374,0.162284,-0.226294,0.797045,0.239906,0.442621,1.437396,0.876818,0.244195,0.424978,0.808808,0.323987,-0.234143,0.945946,-0.006534,-0.242860",,
405,57779,500.0,319.68,0.017070797554767782,0.1669317510165274,237.01999378204346,5776,"112.130089,109.834892","0.364263,0.085576,1.287422,0.631185,1.255013,0.162027,-0.226133,0.795506,0.239778,0.441304,1.437384,0.877058,0.243716,0.424497,0.808786,0.321149,-0.235929,0.946619,-0.006181,-0.242071",,
406,58210,500.0,323.5,0.016900089579220106,0.2195967642776668,238.75689959526062,5820,"112.068100,109.822083","0.363606,0.085577,1.286168,0.628061,1.255769,0.161368,-0.225470,0.792828,0.239390,0.438088,1.436695,0.877084,0.244680,0.424592,0.808841,0.316370,-0.237043,0.947345,-0.005827,-0.240041",,
407,58329,500.0,327.59,0.016731088683427903,0.24657790924422443,239.1891565322876,5831,"112.079094,109.835945","0.366050,0.086460,1.285933,0.626254,1.253471,0.160799,-0.225629,0.791234,0.239031,0.436149,1.436543,0.876643,0.242066,0.424698,0.808121,0.314781,-0.235621,0.948230,-0.005846,-0.239051",,
408,58344,500.0,330.93,0.016563777796593626,0.2464279270451516,239.25940084457397,5833,"112.065666,109.850929","0.366436,0.086690,1.285836,0.625982,1.253155,0.160681,-0.225715,0.791054,0.239062,0.435762,1.436479,0.876663,0.242125,0.424691,0.807842,0.314497,-0.235327,0.948417,-0.005774,-0.238969",,
409,59631,394.0,332.77,0.016398140018627688,0.28102942515397444,244.20694208145142,5962,"112.089363,109.952766","0.365140,0.088697,1.283567,0.617040,1.253615,0.154808,-0.224572,0.783286,0.234182,0.421819,1.434149,0.879636,0.239827,0.422369,0.801995,0.300547,-0.239173,0.948756,-0.007256,-0.228967",,
410,59926,500.0,337.21,0.01623415861844141,0.30207020895788445,245.38251543045044,5991,"112.076195,109.916893","0.363754,0.090926,1.283360,0.615370,1.255487,0.153289,-0.222595,0.781969,0.233792,0.419034,1.434367,0.879052,0.239632,0.422138,0.802011,0.296913,-0.241798,0.947544,-0.005011,-0.227388",,
411,60005,500.0,337.21,0.016071817032256998,0.3334403087128885,245.7194540500641,5999,"112.047768,109.888023","0.364414,0.091886,1.283535,0.614727,1.256437,0.153069,-0.222577,0.781898,0.235402,0.418763,1.434292,0.878683,0.240696,0.422032,0.802073,0.296188,-0.240379,0.947347,-0.005148,-0.228038",,
412,61620,500.0,340.43,0.015911098861934425,0.2683706728974357,252.33692955970764,6161,"112.034180,109.874893","0.364993,0.088190,1.279847,0.603393,1.240929,0.151292,-0.221362,0.776975,0.233387,0.412112,1.429533,0.877786,0.218425,0.419458,0.801711,0.279060,-0.230650,0.948083,-0.014513,-0.225318",,
413,61779,500.0,343.55,0.015751987873315082,0.24916859663557261,252.95230674743652,6176,"112.104744,109.961952","0.368775,0.088331,1.279099,0.601991,1.236103,0.150670,-0.221948,0.776199,0.232424,0.409984,1.428992,0.878123,0.213824,0.419123,0.800284,0.277895,-0.228200,0.947567,-0.015062,-0.224181",,
414,62098,308.0,345.07,0.015594467994581931,0.1898073641443625,254.22476267814636,6208,"112.173210,109.975822","0.369089,0.087543,1.278003,0.598039,1.231150,0.149629,-0.221915,0.773111,0.230622,0.404517,1.428269,0.878913,0.208667,0.418709,0.799493,0.274809,-0.225014,0.945780,-0.016418,-0.222048",,
415,62209,500.0,346.34,0.015438523314636111,0.18963541166391223,254.6566731929779,6219,"112.139992,110.006317","0.371509,0.087367,1.277475,0.597189,1.228331,0.149502,-0.221932,0.772128,0.229893,0.404925,1.427799,0.878588,0.207353,0.418449,0.798452,0.272329,-0.225155,0.945346,-0.017067,-0.220888",,
416,62328,500.0,349.23,0.01528413808148975,0.2095694128703326,255.14231514930725,6231,"112.077515,109.912819","0.367240,0.087679,1.277174,0.597810,1.230151,0.149105,-0.221180,0.772440,0.229589,0.403979,1.427757,0.878102,0.207867,0.418528,0.798626,0.270956,-0.226939,0.945624,-0.016709,-0.220136",,
417,62343,500.0,353.03,0.015131296700674854,0.20985078929923476,255.21178698539734,6233,"112.066437,109.900742","0.366005,0.087897,1.277060,0.598093,1.230919,0.148943,-0.221044,0.772590,0.229461,0.403495,1.427765,0.877978,0.207974,0.418589,0.798569,0.270858,-0.227434,0.945674,-0.016524,-0.220195",,
418,63062,392.0,355.32,0.014979983733668104,0.2595480662025511,258.1570870876312,6305,"112.039322,109.857765","0.363633,0.091819,1.274761,0.591578,1.237216,0.145996,-0.221328,0.769696,0.229758,0.394322,1.426615,0.875534,0.215032,0.417637,0.795305,0.263860,-0.226691,0.943469,-0.016977,-0.219934",,
419,63141,392.0,358.92,0.014830183896331423,0.2902446006052196,258.51146602630615,6313,"112.017204,109.861221","0.361717,0.092226,1.274877,0.591289,1.238141,0.145319,-0.220919,0.769608,0.230203,0.393341,1.426602,0.875665,0.215156,0.417598,0.795492,0.263115,-0.226924,0.942848,-0.017038,-0.219710",,
420,65132,379.0,361.12,0.014681882057368109,0.2669839095533825,266.52018117904663,6512,"111.959938,109.711975","0.359379,0.094094,1.268955,0.584952,1.240071,0.141583,-0.217845,0.762948,0.230054,0.380895,1.423149,0.873066,0.207112,0.415976,0.794864,0.246621,-0.220780,0.940300,-0.022414,-0.214849",,
421,65619,500.0,364.18,0.014535063236794427,0.23289756218437105,268.40482091903687,6560,"111.893288,109.509682","0.360118,0.096966,1.266855,0.582868,1.244232,0.139784,-0.217187,0.762337,0.228252,0.376786,1.422204,0.871131,0.205609,0.416867,0.794789,0.242013,-0.221094,0.938228,-0.023802,-0.216588",,
422,65778,500.0,367.31,0.014389712604426484,0.2526190823246725,269.0209984779358,6576,"111.851128,109.481865","0.360921,0.098765,1.266428,0.583574,1.244197,0.138619,-0.216987,0.762816,0.226119,0.374760,1.422198,0.870803,0.203474,0.417048,0.793827,0.240830,-0.221994,0.937981,-0.023376,-0.216205",,
423,66209,500.0,368.64,0.014245815478382218,0.22271660015918315,270.7517156600952,6619,"111.842178,109.554527","0.367059,0.100720,1.264871,0.582223,1.237084,0.137808,-0.215883,0.761926,0.225260,0.372845,1.422035,0.871523,0.196346,0.415683,0.793015,0.237426,-0.221238,0.938561,-0.020880,-0.212898",,
424,66328,500.0,371.93,0.014103357323598397,0.14082056448096408,271.2291269302368,6631,"111.868286,109.542786","0.369236,0.101220,1.264755,0.581995,1.234751,0.137736,-0.215806,0.761480,0.226734,0.372666,1.421947,0.871626,0.196252,0.415331,0.793249,0.236370,-0.219020,0.938551,-0.020997,-0.212806",,
425,66343,500.0,375.14,0.013962323750362412,0.1408031002082862,271.30901980400085,6633,"111.869408,109.556107","0.369716,0.101179,1.264694,0.581913,1.234195,0.137765,-0.215733,0.761456,0.226797,0.372754,1.421914,0.871734,0.195998,0.415249,0.793244,0.236231,-0.218736,0.938542,-0.020979,-0.212713",,
426,67062,500.0,377.87,0.013822700512858787,0.21943201431073248,274.1490683555603,6705,"111.895393,109.644730","0.379992,0.103720,1.261291,0.581430,1.219214,0.135888,-0.214813,0.761115,0.222567,0.371696,1.420558,0.871574,0.183090,0.414748,0.792203,0.229966,-0.210946,0.939957,-0.022459,-0.214436",,
427,67141,500.0,382.17,0.013684473507730199,0.2509148240205832,274.47052812576294,6713,"111.901031,109.581978","0.377533,0.103859,1.261159,0.581112,1.221422,0.135677,-0.214831,0.761025,0.222237,0.370607,1.420477,0.871372,0.183273,0.414916,0.791943,0.229543,-0.212276,0.940098,-0.022491,-0.214422",,
428,69132,500.0,384.59,0.013547628772652897,0.2744358893739991,281.8257303237915,6912,"111.903496,109.608093","0.390792,0.105391,1.255676,0.580799,1.198188,0.134768,-0.213886,0.758183,0.222238,0.365452,1.417562,0.867069,0.162264,0.413458,0.788884,0.218235,-0.203812,0.939141,-0.021723,-0.210932",,
429,69619,500.0,387.55,0.013412152484926368,0.24239248839206995,283.519419670105,6960,"111.912369,109.637215","0.393175,0.107008,1.254586,0.579807,1.193775,0.133780,-0.213532,0.756575,0.222553,0.361226,1.416988,0.866919,0.162084,0.413016,0.788249,0.214025,-0.199493,0.939001,-0.022061,-0.210956",,
430,69778,500.0,390.89,0.013278030960077104,0.21155789836542682,284.07833528518677,6976,"111.990540,109.655792","0.394215,0.106725,1.254099,0.579298,1.189903,0.133610,-0.213425,0.755557,0.222171,0.361378,1.416882,0.866967,0.160332,0.412679,0.788099,0.212504,-0.198838,0.939164,-0.022001,-0.210216",,
431,70209,500.0,395.7,0.013145250650476333,0.2769316416030051,285.6992666721344,7019,"111.979073,109.634216","0.397808,0.105582,1.252837,0.577592,1.182643,0.133706,-0.212654,0.754209,0.220959,0.361074,1.416432,0.867879,0.153415,0.412294,0.788275,0.209537,-0.197479,0.939749,-0.021745,-0.209502",,
432,70328,500.0,399.0,0.01301379814397157,0.23630552875634747,286.1482615470886,7031,"111.964767,109.687103","0.398663,0.106276,1.252608,0.577246,1.183481,0.133234,-0.212300,0.753880,0.219476,0.359798,1.416163,0.867248,0.151392,0.412631,0.787970,0.208682,-0.198504,0.940798,-0.021697,-0.210308",,
433,70343,500.0,403.83,0.012883660162531854,0.23616372196993324,286.22694206237793,7033,"111.969261,109.691833","0.398763,0.106413,1.252566,0.577270,1.183346,0.133124,-0.212272,0.753808,0.219270,0.359591,1.416122,0.867120,0.150890,0.412654,0.787911,0.208503,-0.198569,0.940923,-0.021701,-0.210447",,
434,70590,441.0,406.34,0.012754823560906535,0.26441191412333864,287.14437317848206,7058,"111.995506,109.684502","0.399634,0.106860,1.251901,0.576489,1.180394,0.132440,-0.211971,0.752847,0.219279,0.357674,1.415808,0.866779,0.150762,0.412578,0.787890,0.207029,-0.197074,0.942535,-0.021844,-0.210592",,
435,71141,500.0,408.64,0.01262727532529747,0.2754240488022333,289.2246165275574,7113,"111.949944,109.599640","0.396540,0.106646,1.251390,0.576330,1.181713,0.132119,-0.211477,0.750986,0.220599,0.355432,1.415469,0.865370,0.153622,0.412857,0.787477,0.203179,-0.197198,0.942413,-0.021793,-0.211757",,
436,73132,500.0,413.48,0.012501002572044496,0.24758637356921098,296.99136090278625,7312,"111.932388,109.557831","0.399516,0.109162,1.247351,0.573745,1.171221,0.130969,-0.208229,0.747281,0.219438,0.350182,1.412941,0.861370,0.145225,0.413458,0.787566,0.193419,-0.190536,0.943603,-0.022092,-0.212627",,
437,73619,500.0,416.72,0.01237599254632405,0.1805845092330128,298.8893325328827,7360,"111.987709,109.552460","0.399994,0.109145,1.246508,0.572920,1.164833,0.130410,-0.208094,0.747455,0.220029,0.350733,1.412665,0.861504,0.140774,0.413170,0.787347,0.191715,-0.188433,0.944273,-0.022157,-0.213706",,
438,73778,500.0,419.93,0.012252232620860809,0.11872010070132091,299.53352785110474,7376,"111.979858,109.599594","0.401716,0.109324,1.246292,0.572991,1.162615,0.130278,-0.207987,0.746824,0.219196,0.350974,1.412556,0.861291,0.138984,0.413096,0.787156,0.190675,-0.188764,0.944650,-0.022030,-0.213161",,
439,74209,500.0,423.18,0.012129710294652202,0.14048964839719702,301.2064468860626,7419,"111.968315,109.609283","0.402374,0.110172,1.245423,0.573650,1.159415,0.129875,-0.207439,0.746739,0.218319,0.350848,1.412081,0.861131,0.136269,0.413140,0.786987,0.188909,-0.189222,0.944579,-0.021980,-0.212329",,
440,74328,500.0,425.7,0.01200841319170568,0.14042880747409073,301.6831622123718,7431,"111.967949,109.586609","0.402721,0.110629,1.245517,0.573515,1.160141,0.129679,-0.207257,0.746751,0.218138,0.349833,1.412047,0.860658,0.137117,0.413408,0.786810,0.188986,-0.190021,0.944312,-0.021774,-0.212188",,
441,74343,500.0,428.82,0.011888329059788622,0.14044788470200728,301.7570524215698,7433,"111.970757,109.581390","0.402700,0.110595,1.245522,0.573468,1.160213,0.129683,-0.207231,0.746643,0.218117,0.349648,1.412042,0.860577,0.137176,0.413456,0.786801,0.189043,-0.190095,0.944265,-0.021755,-0.212045",,
442,74590,500.0,431.4,0.011769445769190735,0.13962977975956165,302.7931959629059,7458,"111.967422,109.572418","0.402294,0.111368,1.245367,0.572637,1.160628,0.129232,-0.207195,0.745884,0.217159,0.347683,1.411975,0.859778,0.135705,0.413835,0.786387,0.188735,-0.190667,0.944106,-0.021615,-0.211861",,
443,75141,500.0,431.4,0.011651751311498829,0.17765997451613658,305.0106840133667,7513,"111.985435,109.582214","0.406270,0.111504,1.244657,0.570392,1.155964,0.129036,-0.207133,0.744217,0.218442,0.346576,1.411683,0.859303,0.134523,0.413684,0.786099,0.187246,-0.187005,0.944507,-0.021752,-0.211626",,
444,77132,500.0,434.61,0.01153523379838384,0.0718883598933462,312.9369685649872,7712,"112.055557,109.694946","0.411543,0.111349,1.242565,0.564000,1.147504,0.128450,-0.205854,0.741509,0.215566,0.344862,1.410744,0.859698,0.127469,0.412851,0.784436,0.182769,-0.187432,0.943400,-0.020117,-0.208231",,
445,77619,500.0,437.44,0.011419881460400001,0.10105000519310124,314.8800194263458,7760,"112.070198,109.693787","0.411861,0.111481,1.242265,0.563505,1.146830,0.128500,-0.205456,0.740230,0.214861,0.343939,1.410574,0.859361,0.126635,0.412895,0.784346,0.181835,-0.188091,0.942933,-0.019988,-0.206876",,
446,77778,500.0,440.41,0.011305682645796001,0.13216109250672162,315.5086019039154,7776,"112.040733,109.738823","0.412435,0.111990,1.242152,0.563118,1.146433,0.128353,-0.205441,0.740074,0.214635,0.343941,1.410547,0.859362,0.126667,0.412779,0.784289,0.180817,-0.188178,0.942813,-0.019957,-0.206952",,
447,78209,500.0,443.28,0.011192625819338041,0.10285314144741278,317.2340021133423,7819,"112.083908,109.784409","0.412915,0.112175,1.241753,0.561833,1.145782,0.128222,-0.205334,0.738292,0.214382,0.341769,1.410404,0.858673,0.126458,0.412936,0.784163,0.180214,-0.188035,0.942909,-0.019884,-0.205308",,
448,78328,500.0,446.23,0.011080699561144661,0.10222477075294592,317.68714022636414,7831,"112.075577,109.780060","0.413258,0.112448,1.241715,0.561658,1.145222,0.128165,-0.205204,0.737867,0.214426,0.341377,1.410369,0.858367,0.127104,0.412970,0.784134,0.179738,-0.187616,0.942885,-0.019742,-0.205236",,
449,78343,500.0,449.14,0.010969892565533214,0.10288862732006238,317.77102851867676,7833,"112.068726,109.796791","0.413223,0.112300,1.241694,0.561309,1.145194,0.128217,-0.205181,0.737693,0.214563,0.341348,1.410357,0.858324,0.127403,0.412966,0.784117,0.179676,-0.187480,0.942863,-0.019713,-0.205303",490.4,19.200000000000003
450,78590,500.0,451.76,0.010860193639877882,0.1329225277263322,318.7350778579712,7858,"112.055840,109.809181","0.411551,0.112420,1.241688,0.559995,1.147077,0.128054,-0.204704,0.736816,0.213505,0.339897,1.410264,0.857794,0.129892,0.413212,0.783808,0.178477,-0.188161,0.943341,-0.019338,-0.205900",,
451,79141,500.0,453.24,0.010751591703479103,0.22630086257180665,320.91720151901245,7913,"112.091309,109.789711","0.412163,0.112469,1.241376,0.558215,1.145719,0.128023,-0.204277,0.735426,0.212802,0.339413,1.410088,0.857283,0.126553,0.412958,0.783564,0.176314,-0.188587,0.943126,-0.018984,-0.205224",,
452,81132,500.0,455.81,0.010644075786444312,0.3114084513869602,329.0693609714508,8112,"112.073044,109.769997","0.412075,0.112406,1.240123,0.550983,1.144746,0.127887,-0.203001,0.731906,0.212787,0.336105,1.409138,0.855644,0.126382,0.412457,0.782531,0.170836,-0.188141,0.942443,-0.018458,-0.202601",,
453,81619,500.0,458.66,0.01053763502857987,0.2556978202657774,331.0160610675812,8160,"112.054871,109.764694","0.409958,0.111650,1.239743,0.549503,1.145567,0.127941,-0.202793,0.730636,0.212230,0.334782,1.408983,0.855053,0.126678,0.412663,0.782500,0.169945,-0.189400,0.941785,-0.018249,-0.202587",,
454,81778,500.0,459.65,0.01043225867829407,0.22621023766114376,331.6481728553772,8176,"112.016800,109.773567","0.408907,0.111424,1.239599,0.548983,1.146393,0.127923,-0.202378,0.730621,0.211990,0.334269,1.408833,0.855123,0.127807,0.412774,0.782494,0.169641,-0.190123,0.941715,-0.017995,-0.202800",,
455,82209,500.0,459.65,0.01032793609151113,0.28860994827002284,333.4278507232666,8219,"112.040337,109.742180","0.407707,0.111021,1.239335,0.546814,1.145583,0.127908,-0.201892,0.729824,0.211311,0.333489,1.408623,0.854567,0.125437,0.412708,0.782298,0.168233,-0.190456,0.941155,-0.017603,-0.203242",,
456,82328,500.0,462.72,0.010224656730596018,0.28778722103408655,333.9302251338959,8231,"112.026108,109.759361","0.407689,0.110769,1.239284,0.546375,1.145522,0.127935,-0.201717,0.729630,0.211308,0.333282,1.408609,0.854621,0.125993,0.412705,0.782231,0.168020,-0.190461,0.941252,-0.017492,-0.203009",,
457,82343,500.0,465.92,0.010122410163290057,0.2880091043714492,333.99846601486206,8233,"112.026848,109.755516","0.407644,0.110723,1.239295,0.546352,1.145553,0.127948,-0.201689,0.729598,0.211353,0.333224,1.408613,0.854648,0.126193,0.412707,0.782220,0.168017,-0.190448,0.941273,-0.017472,-0.202901",,
458,82590,500.0,468.84,0.010021186061657156,0.2874822850392957,335.0306866168976,8258,"112.085136,109.770920","0.407990,0.110183,1.239218,0.544679,1.144602,0.128056,-0.201608,0.728611,0.211842,0.333315,1.408371,0.854484,0.125741,0.412558,0.781928,0.167108,-0.189737,0.941182,-0.017332,-0.203308",,
459,83141,500.0,471.59,0.01,0.2558807528401667,337.27380752563477,8313,"112.086502,109.814201","0.407407,0.109169,1.238762,0.542193,1.143858,0.128136,-0.201332,0.727833,0.212220,0.332922,1.408240,0.854657,0.126682,0.412296,0.781313,0.166273,-0.189638,0.940647,-0.016848,-0.202397",,
460,85132,500.0,474.13,0.01,0.1919673018352478,345.41717195510864,8512,"112.070961,109.733040","0.402148,0.109109,1.237219,0.536655,1.145736,0.127919,-0.200401,0.725525,0.213916,0.329261,1.407489,0.854874,0.129026,0.412048,0.779712,0.161996,-0.190683,0.942274,-0.015679,-0.201725",,
461,85619,500.0,475.71,0.01,0.15891560809497604,347.34105253219604,8560,"112.021835,109.740982","0.402200,0.110307,1.236917,0.536891,1.145227,0.127500,-0.200665,0.725517,0.214765,0.328297,1.407377,0.854937,0.128815,0.412033,0.779290,0.161816,-0.189816,0.942165,-0.015526,-0.201382",,
