episode,total_env_steps,episode_reward,avg_reward_100,epsilon,mean_loss,wall_clock_s,grad_steps,w,lam,eval_mean_reward,eval_std_reward
0,88,11.0,11.0,1.0,0.4318752544266837,0.290179967880249,7,"1.689329,1.688895","0.994820,0.993125,0.993350,0.993180",,
1,103,13.0,12.0,0.99,0.42841265930069816,0.37326669692993164,9,"1.885067,1.882308","0.993457,0.991128,0.991585,0.991170",,
2,126,16.0,13.333333333333334,0.9801,0.447371398860758,0.4297652244567871,11,"2.077695,2.076063","0.992226,0.989121,0.989773,0.989179",,
3,157,20.0,15.0,0.970299,0.46115833095141817,0.542241096496582,14,"2.362559,2.366852","0.990914,0.986012,0.986869,0.986078",,
4,220,28.0,17.6,0.96059601,0.46280857352983384,0.797551155090332,21,"2.995051,3.053246","0.989126,0.978845,0.979510,0.978783",,
5,259,12.0,16.666666666666668,0.9509900498999999,0.4741623103618622,0.9015200138092041,24,"3.258489,3.347468","0.987676,0.975982,0.976123,0.975601",,
6,259,33.0,19.0,0.9509900498999999,0.4741623103618622,0.9015200138092041,24,"3.258489,3.347468","0.987676,0.975982,0.976123,0.975601",,
7,259,19.0,19.0,0.9509900498999999,0.4741623103618622,0.9015200138092041,24,"3.258489,3.347468","0.987676,0.975982,0.976123,0.975601",,
8,320,29.0,20.11111111111111,0.9227446944279201,0.48961874265824595,1.226938009262085,31,"3.899150,3.994912","0.986222,0.968968,0.967964,0.967722",,
9,327,42.0,22.3,0.9135172474836408,0.48961874265824595,1.2275002002716064,31,"3.899150,3.994912","0.986222,0.968968,0.967964,0.967722",,
10,327,13.0,21.454545454545453,0.9135172474836408,0.48961874265824595,1.228264331817627,31,"3.899150,3.994912","0.986222,0.968968,0.967964,0.967722",,
11,333,43.0,23.25,0.8953382542587164,0.4901857739314437,1.2757177352905273,32,"3.988205,4.088639","0.985796,0.967968,0.966770,0.966645",,
12,364,30.0,23.76923076923077,0.8863848717161292,0.4917857885360718,1.448047161102295,35,"4.246494,4.365816","0.984351,0.964773,0.963469,0.963453",,
13,419,20.0,23.5,0.8775210229989678,0.49990288987755777,1.647146463394165,40,"4.676341,4.810566","0.984594,0.959600,0.958152,0.957510",,
14,426,21.0,23.333333333333332,0.8687458127689782,0.4989713117843721,1.6769990921020508,41,"4.762793,4.899354","0.984821,0.958574,0.957125,0.956236",,
15,426,12.0,22.625,0.8687458127689782,0.4989713117843721,1.6769990921020508,41,"4.762793,4.899354","0.984821,0.958574,0.957125,0.956236",,
16,504,21.0,22.529411764705884,0.8514577710948755,0.51452942222965,1.987039566040039,49,"5.467179,5.601140","0.984069,0.950722,0.948209,0.946382",,
17,535,35.0,23.22222222222222,0.8429431933839268,0.5162323902432735,2.116123914718628,52,"5.753582,5.849049","0.983288,0.947858,0.944749,0.942507",,
18,558,16.0,22.842105263157894,0.8345137614500875,0.519798410711465,2.200026512145996,54,"5.946892,6.005770","0.982963,0.945932,0.942535,0.939844",,
19,589,20.0,22.7,0.8261686238355866,0.5251786891828504,2.331819772720337,57,"6.223925,6.260725","0.981761,0.942817,0.939282,0.935918",,
20,589,21.0,22.61904761904762,0.8261686238355866,0.5251786891828504,2.332536458969116,57,"6.223925,6.260725","0.981761,0.942817,0.939282,0.935918",,
21,643,17.0,22.363636363636363,0.8097278682212584,0.5468300897923727,2.56990122795105,63,"6.761687,6.800527","0.979711,0.936361,0.932021,0.928320",,
22,706,14.0,22.0,0.8016305895390459,0.5547728966111722,2.8078341484069824,69,"7.292758,7.350691","0.977620,0.929667,0.923889,0.920795",,
23,706,18.0,21.833333333333332,0.8016305895390459,0.5547728966111722,2.8078341484069824,69,"7.292758,7.350691","0.977620,0.929667,0.923889,0.920795",,
24,706,21.0,21.8,0.8016305895390459,0.5547728966111722,2.8078341484069824,69,"7.292758,7.350691","0.977620,0.929667,0.923889,0.920795",,
25,727,52.0,22.96153846153846,0.7778213593991467,0.5583950016700047,2.899056911468506,71,"7.466082,7.538060","0.976397,0.927333,0.921108,0.918339",,
26,742,19.0,22.814814814814813,0.7700431458051551,0.5647274063874598,2.9709312915802,73,"7.639263,7.716613","0.975575,0.924836,0.918237,0.916113",,
27,797,55.0,23.964285714285715,0.7623427143471035,0.5716257038024756,3.2197911739349365,78,"8.078079,8.156729","0.976234,0.918837,0.910812,0.910630",,
28,828,23.0,23.93103448275862,0.7547192872036326,0.5728310041221572,3.3495330810546875,81,"8.336941,8.428864","0.977501,0.914974,0.906241,0.907132",,
29,891,23.0,23.9,0.7471720943315961,0.5824284485795281,3.630298614501953,88,"9.008133,9.007903","0.978821,0.906468,0.897226,0.898509",,
30,906,9.0,23.419354838709676,0.7397003733882802,0.580681113379725,3.680741310119629,89,"9.103184,9.094277","0.978975,0.905379,0.895953,0.897293",,
31,929,28.0,23.5625,0.7323033696543975,0.5802059406107598,3.7727434635162354,91,"9.296652,9.264501","0.979852,0.902989,0.893305,0.894803",,
32,952,19.0,23.424242424242426,0.7249803359578534,0.589593121028961,3.8915579319000244,94,"9.564919,9.535207","0.981589,0.899409,0.889037,0.891189",,
33,959,27.0,23.529411764705884,0.7177305325982749,0.589593121028961,3.8976144790649414,94,"9.564919,9.535207","0.981589,0.899409,0.889037,0.891189",,
34,982,35.0,23.857142857142858,0.7105532272722921,0.5922725855075207,4.005422592163086,97,"9.836592,9.797432","0.981964,0.895410,0.885042,0.887192",,
35,1045,92.0,25.75,0.7034476949995692,0.6038632285826414,4.293627023696899,103,"10.355049,10.341592","0.982606,0.887980,0.876797,0.879792",,
36,1045,40.0,26.135135135135137,0.7034476949995692,0.6038632285826414,4.293627023696899,103,"10.355049,10.341592","0.982606,0.887980,0.876797,0.879792",,
37,1083,16.0,25.86842105263158,0.6894490858690777,0.6128139838437053,4.450415134429932,107,"10.688949,10.705567","0.982294,0.882643,0.871404,0.874838",,
38,1170,26.0,25.871794871794872,0.682554595010387,0.6258177857460647,4.827691555023193,116,"11.406156,11.580678","0.983575,0.871923,0.858811,0.864205",,
39,1185,17.0,25.65,0.6757290490602831,0.6280794915480491,4.8651487827301025,117,"11.482367,11.676020","0.983703,0.870683,0.857512,0.863078",,
40,1185,35.0,25.878048780487806,0.6757290490602831,0.6280794915480491,4.8651487827301025,117,"11.482367,11.676020","0.983703,0.870683,0.857512,0.863078",,
41,1263,47.0,26.38095238095238,0.6622820409839835,0.6310054185390472,5.218188524246216,125,"12.158166,12.391382","0.984084,0.862223,0.847889,0.853961",,
42,1294,46.0,26.837209302325583,0.6556592205741436,0.6299624375533313,5.353889465332031,128,"12.419971,12.657409","0.983708,0.859493,0.844079,0.850378",,
43,1294,26.0,26.818181818181817,0.6556592205741436,0.6299624375533313,5.353889465332031,128,"12.419971,12.657409","0.983708,0.859493,0.844079,0.850378",,
44,1308,33.0,26.955555555555556,0.6426116020847181,0.6304426893245342,5.4072511196136475,129,"12.510584,12.746138","0.983604,0.858602,0.842765,0.849151",,
45,1411,30.0,27.02173913043478,0.6361854860638709,0.6428157158195973,5.853295803070068,140,"13.469036,13.698558","0.983643,0.845732,0.827612,0.836773",,
46,1418,29.0,27.06382978723404,0.6298236312032323,0.6428157158195973,5.861807346343994,140,"13.469036,13.698558","0.983643,0.845732,0.827612,0.836773",,
47,1489,64.0,27.833333333333332,0.6235253948912,0.6511341952750472,6.140343189239502,147,"14.075594,14.324079","0.987842,0.839049,0.818042,0.829367",,
48,1496,39.0,28.06122448979592,0.617290140942288,0.6510872727108968,6.176124334335327,148,"14.170152,14.414094","0.988018,0.837985,0.816774,0.828243",,
49,1663,46.0,28.42,0.611117239532865,0.6586586425701777,6.872236490249634,165,"15.658301,15.944050","0.987447,0.821334,0.796794,0.809721",80.8,33.01151314314446
50,1678,46.0,28.764705882352942,0.6050060671375364,0.6600952644843653,6.921516418457031,166,"15.738158,16.033762","0.987002,0.820427,0.795570,0.808670",,
51,1693,54.0,29.25,0.598956006466161,0.6592583465611651,6.996730804443359,168,"15.888297,16.228224","0.986342,0.818655,0.792884,0.806630",,
52,1700,51.0,29.660377358490567,0.5929664464014994,0.6609331021118446,7.02813982963562,169,"15.964705,16.321297","0.986122,0.817784,0.791629,0.805605",,
53,1803,13.0,29.35185185185185,0.5870367819374844,0.6692092950617134,7.453118801116943,179,"16.771843,17.224722","0.983933,0.806635,0.778706,0.794685",,
54,1803,38.0,29.509090909090908,0.5870367819374844,0.6692092950617134,7.453118801116943,179,"16.771843,17.224722","0.983933,0.806635,0.778706,0.794685",,
55,1817,50.0,29.875,0.5753547499769285,0.670744329608149,7.502017021179199,180,"16.853992,17.308029","0.983801,0.805426,0.777489,0.793528",,
56,1872,48.0,30.19298245614035,0.5696012024771592,0.6763146515655262,7.731331825256348,186,"17.401726,17.806456","0.982255,0.799028,0.770310,0.786562",,
57,1903,28.0,30.155172413793103,0.5639051904523875,0.6878438105501196,7.859014511108398,189,"17.703903,18.048412","0.979136,0.794939,0.765917,0.782404",,
58,1942,30.0,30.152542372881356,0.5582661385478637,0.6975992268694498,8.023804187774658,193,"18.095377,18.368725","0.977341,0.789166,0.759909,0.776594",,
59,1949,36.0,30.25,0.5526834771623851,0.6975992268694498,8.03181505203247,193,"18.095377,18.368725","0.977341,0.789166,0.759909,0.776594",,
60,2052,81.0,31.081967213114755,0.5471566423907612,0.7188806576281785,8.478703022003174,204,"19.089371,19.287613","0.970589,0.776419,0.745138,0.763618",,
61,2187,48.0,31.35483870967742,0.5416850759668536,0.7300041116774082,9.025522947311401,217,"20.090670,20.499533","0.960994,0.764409,0.727267,0.750679",,
62,2194,47.0,31.603174603174605,0.536268225207185,0.7301223188638687,9.07377815246582,218,"20.173716,20.584646","0.960011,0.763555,0.726037,0.749672",,
63,2201,31.0,31.59375,0.5309055429551132,0.7311602103710174,9.113692045211792,219,"20.255365,20.672592","0.959010,0.762474,0.724690,0.748666",,
64,2224,21.0,31.43076923076923,0.525596487525562,0.7407198350131512,9.199477195739746,221,"20.432976,20.841784","0.957281,0.760415,0.721993,0.746581",,
65,2255,44.0,31.62121212121212,0.5203405226503064,0.7434446062147617,9.332176685333252,224,"20.686228,21.103725","0.955082,0.757238,0.718285,0.743396",,
66,2255,57.0,32.0,0.5203405226503064,0.7434446062147617,9.332176685333252,224,"20.686228,21.103725","0.955082,0.757238,0.718285,0.743396",,
67,2285,43.0,32.161764705882355,0.5099857462495653,0.7497295336425305,9.45420503616333,227,"20.938589,21.342152","0.953381,0.754035,0.715374,0.740263",,
68,2300,54.0,32.47826086956522,0.5048858887870696,0.7495079018175602,9.539628267288208,229,"21.104990,21.493847","0.952009,0.751642,0.713718,0.738044",,
69,2499,38.0,32.55714285714286,0.4998370298991989,0.7638589476048946,10.32620620727539,248,"22.606619,23.098953","0.939465,0.727111,0.693687,0.719735",,
70,2522,40.0,32.66197183098591,0.49483865960020695,0.7716575340926647,10.429641008377075,251,"22.810440,23.356558","0.936945,0.723527,0.690158,0.717550",,
71,2561,38.0,32.736111111111114,0.4898902730042049,0.7809621550142765,10.623761892318726,255,"23.134623,23.699415","0.934603,0.719388,0.684723,0.714326",,
72,2608,48.0,32.945205479452056,0.48499137027416284,0.7827221228182316,10.806057929992676,259,"23.501507,24.016306","0.933470,0.715576,0.679045,0.711326",,
73,2703,65.0,33.37837837837838,0.4801414565714212,0.8143856436014175,11.224894762039185,269,"24.389668,24.792475","0.932909,0.707974,0.664090,0.705289",,
74,2806,30.0,33.333333333333336,0.47534004200570695,0.8371489068865776,11.639737606048584,279,"25.135061,25.665771","0.931904,0.696970,0.651450,0.698249",,
75,2853,71.0,33.828947368421055,0.4705866415856499,0.8499381612241268,11.832517385482788,284,"25.500935,26.114225","0.930535,0.691635,0.645841,0.694172",,
76,2868,46.0,33.98701298701299,0.46588077516979337,0.8473158840835094,11.878380298614502,285,"25.579432,26.203976","0.930250,0.690680,0.644542,0.693363",,
77,2899,36.0,34.01282051282051,0.46122196741809546,0.8455452333390713,12.002198934555054,288,"25.813393,26.467117","0.929085,0.687177,0.640784,0.690663",,
78,2970,33.0,34.0,0.4566097477439145,0.860121453255415,12.308518171310425,296,"26.488808,27.097416","0.923345,0.677972,0.632943,0.683348",,
79,3033,64.0,34.375,0.45204365026647536,0.8780052916705609,12.554809808731079,302,"27.081070,27.501083","0.921893,0.670966,0.628060,0.676684",,
80,3144,112.0,35.333333333333336,0.4475232137638106,0.8896543969213963,13.014702081680298,313,"28.087439,28.287872","0.920135,0.660777,0.620097,0.665607",,
81,3207,114.0,36.292682926829265,0.4430479816261725,0.9052884012460709,13.261074542999268,319,"28.620609,28.787790","0.917514,0.654104,0.615072,0.659661",,
82,3374,59.0,36.566265060240966,0.43861750180991077,0.949698053970933,13.983625888824463,336,"29.893270,30.339537","0.904783,0.633998,0.601788,0.642155",,
83,3405,46.0,36.67857142857143,0.43423132679181164,0.9652896872907877,14.113431453704834,339,"30.109043,30.619926","0.902216,0.629594,0.599218,0.639756",,
84,3420,77.0,37.15294117647059,0.4298890135238935,0.9623607855290175,14.188164472579956,341,"30.248919,30.812229","0.900153,0.626400,0.597294,0.637935",,
85,3443,72.0,37.55813953488372,0.4255901233886546,0.9675842922180891,14.284300565719604,343,"30.384916,30.997215","0.898703,0.623456,0.595499,0.636171",,
86,3490,43.0,37.62068965517241,0.421334222154768,0.9799736271053553,14.474051713943481,348,"30.736380,31.411440","0.894743,0.617629,0.591760,0.631204",,
87,3641,54.0,37.80681818181818,0.41712087993322033,0.9872429067641497,15.080577373504639,363,"32.002361,32.586834","0.876445,0.597828,0.575074,0.616916",,
88,3648,85.0,38.337078651685395,0.41294967113388814,0.9872429067641497,15.087634325027466,363,"32.002361,32.586834","0.876445,0.597828,0.575074,0.616916",,
89,3687,105.0,39.077777777777776,0.40882017442254925,0.9792422135919332,15.26259732246399,367,"32.337276,32.889397","0.870894,0.592496,0.571172,0.613005",,
90,3710,36.0,39.043956043956044,0.4047319726783238,0.9938987446576357,15.38095235824585,370,"32.585526,33.127937","0.867020,0.588066,0.568079,0.610300",,
91,3861,46.0,39.119565217391305,0.40068465295154054,1.004945060685277,16.021043300628662,385,"33.885586,34.439705","0.842821,0.566560,0.553242,0.595920",,
92,3868,19.0,38.903225806451616,0.3966778064220251,1.004945060685277,16.02811288833618,385,"33.885586,34.439705","0.842821,0.566560,0.553242,0.595920",,
93,3915,68.0,39.212765957446805,0.39271102835780486,1.0166359157115221,16.22390842437744,390,"34.315804,34.848255","0.835586,0.560615,0.547631,0.591501",,
94,3930,66.0,39.49473684210526,0.3887839180742268,1.0054678993672133,16.304396867752075,392,"34.506004,34.998692","0.833086,0.558439,0.545303,0.589555",,
95,4081,55.0,39.65625,0.38489607889348454,0.997979541644454,16.922189474105835,407,"35.810734,36.240906","0.820714,0.540950,0.531647,0.575831",,
96,4096,56.0,39.824742268041234,0.38104711810454966,0.9965356003493071,16.971153736114502,408,"35.900570,36.319439","0.819637,0.539776,0.530997,0.574794",,
97,4207,96.0,40.39795918367347,0.37723664692350417,1.0086741380393505,17.451114177703857,419,"36.796871,37.228165","0.809616,0.525593,0.521987,0.565224",,
98,4254,49.0,40.484848484848484,0.37346428045426916,1.005815317183733,17.66418743133545,424,"37.181465,37.648899","0.803080,0.519395,0.519185,0.560316",,
99,4293,47.0,40.55,0.36972963764972644,1.0226040314137936,17.84587264060974,428,"37.481194,37.983269","0.796440,0.514539,0.517308,0.556499",47.0,13.798550648528272
100,4356,84.0,41.28,0.3660323412732292,1.034500826150179,18.085673570632935,434,"37.914612,38.534962","0.788492,0.506746,0.512055,0.551153",,
101,4387,36.0,41.51,0.3623720178604969,1.061561330407858,18.26935863494873,437,"38.150158,38.791637","0.785526,0.502923,0.509985,0.548827",,
102,4434,22.0,41.57,0.3587482976818919,1.0621097469329834,18.552472591400146,442,"38.554440,39.206154","0.781712,0.496777,0.506787,0.545326",,
103,4497,79.0,42.16,0.355160814705073,1.0738087145239115,18.857218265533447,448,"39.079540,39.675316","0.776571,0.489656,0.502325,0.540270",,
104,4560,60.0,42.48,0.35160920655802225,1.0923353826254607,19.17109441757202,455,"39.650791,40.231628","0.768241,0.480434,0.497156,0.534537",,
105,4615,86.0,43.22,0.348093114492442,1.0909694934636354,19.395787000656128,460,"40.101315,40.620304","0.762493,0.473937,0.491792,0.530695",,
106,4654,33.0,43.22,0.3446121833475176,1.1002570094168187,19.56589388847351,464,"40.437386,40.908138","0.758165,0.469230,0.489830,0.527459",,
107,4765,70.0,43.73,0.34116606151404244,1.1186090688407422,20.084574699401855,475,"41.347462,41.770443","0.748619,0.457316,0.484303,0.516919",,
108,4796,17.0,43.61,0.337754400898902,1.1155208615958692,20.223001718521118,478,"41.592129,42.022388","0.745746,0.454340,0.482282,0.513644",,
109,4796,63.0,43.82,0.337754400898902,1.1155208615958692,20.22377300262451,478,"41.592129,42.022388","0.745746,0.454340,0.482282,0.513644",,
110,4810,39.0,44.08,0.33103308832101386,1.1426608343422413,20.305081605911255,480,"41.754047,42.184727","0.744016,0.452336,0.481095,0.511377",,
111,4833,50.0,44.15,0.3277227574378037,1.1286530666053296,20.40337061882019,482,"41.912945,42.347397","0.741908,0.450068,0.479818,0.509248",,
112,4856,37.0,44.22,0.3244455298634257,1.1256322632730007,20.475695848464966,484,"42.077896,42.503063","0.739554,0.447705,0.478572,0.506998",,
113,4935,73.0,44.75,0.3212010745647914,1.1739235409349202,20.819000005722046,492,"42.686981,43.125973","0.731887,0.438418,0.473475,0.500729",,
114,4950,42.0,44.96,0.3179890638191435,1.1780292005091906,20.901787519454956,494,"42.832100,43.280300","0.730656,0.436181,0.472227,0.499516",,
115,5077,39.0,45.23,0.31480917318095203,1.1605627665668725,21.431724071502686,506,"43.720112,44.242756","0.722502,0.423010,0.461733,0.491538",,
116,5108,39.0,45.41,0.3116610814491425,1.1698173128813505,21.559306621551514,509,"43.986240,44.462585","0.719676,0.419677,0.459010,0.489237",,
117,5171,47.0,45.53,0.30854447063465107,1.1710165245085955,21.84951615333557,516,"44.589897,44.957371","0.714429,0.411224,0.451864,0.483904",,
118,5250,49.0,45.86,0.3054590259283046,1.2001511377841234,22.205214977264404,524,"45.223194,45.531448","0.709348,0.401570,0.444235,0.476997",,
119,5250,39.0,46.05,0.3054590259283046,1.2001511377841234,22.205214977264404,524,"45.223194,45.531448","0.709348,0.401570,0.444235,0.476997",,
120,5336,63.0,46.47,0.2993803913123313,1.175594927817583,22.546088218688965,532,"45.740974,46.237839","0.701893,0.392276,0.437820,0.470281",,
121,5359,51.0,46.81,0.296386587399208,1.1848147983849049,22.628544807434082,534,"45.883411,46.399693","0.699798,0.390246,0.436471,0.468690",,
122,5398,74.0,47.41,0.2934227215252159,1.1696131568402053,22.79261350631714,538,"46.179558,46.714520","0.697106,0.386210,0.433805,0.465077",,
123,5445,46.0,47.69,0.29048849430996376,1.1683561814576386,22.989317655563354,543,"46.588303,47.083042","0.692875,0.380946,0.429886,0.459919",,
124,5476,28.0,47.76,0.2875836093668641,1.1573140249028802,23.11460542678833,546,"46.828400,47.307739","0.690350,0.377596,0.427384,0.456770",,
125,5491,48.0,47.72,0.28470777327319546,1.1693222356215118,23.208058834075928,548,"46.975227,47.450657","0.689240,0.375677,0.425557,0.455012",,
126,5554,38.0,47.91,0.2818606955404635,1.1795226890221238,23.46074104309082,554,"47.458271,47.884518","0.685703,0.370549,0.421553,0.449715",,
127,5625,33.0,47.69,0.27904208858505886,1.2223116156086327,23.757462739944458,561,"48.014294,48.360752","0.681397,0.364922,0.418107,0.444101",,
128,5736,32.0,47.78,0.2762516676992083,1.2266918496415018,24.22329068183899,572,"48.846695,49.074612","0.668059,0.356749,0.414798,0.436116",,
129,5775,27.0,47.82,0.2734891510222162,1.2681874872371555,24.381232261657715,576,"49.130924,49.342136","0.663011,0.353825,0.414011,0.433848",,
130,5838,43.0,48.16,0.27075425951199406,1.2432467898353934,24.64660954475403,582,"49.540642,49.800938","0.657131,0.349160,0.411347,0.429601",,
131,5861,66.0,48.54,0.2680467169168741,1.2365113132819534,24.756755352020264,585,"49.755325,50.039970","0.654897,0.347081,0.409564,0.426932",,
132,5876,60.0,48.95,0.26536624974770534,1.235424925200641,24.811370611190796,586,"49.824657,50.125618","0.654120,0.346303,0.408859,0.426058",,
133,5883,32.0,49.0,0.2627125872502283,1.2262727307900787,24.85121488571167,587,"49.890694,50.209522","0.653471,0.345553,0.408219,0.425181",,
134,5898,92.0,49.57,0.26008546137772603,1.2233858005329967,24.895830631256104,588,"49.954006,50.291157","0.652900,0.344810,0.407645,0.424405",,
135,5953,11.0,48.76,0.25748460676394874,1.2623283441737294,25.200892448425293,594,"50.387260,50.745068","0.649564,0.339727,0.407045,0.419852",,
136,6040,38.0,48.74,0.2549097606963093,1.2553398752585054,25.60205388069153,603,"51.110676,51.400047","0.643908,0.331798,0.406077,0.413496",,
137,6063,78.0,49.36,0.2523606630893462,1.2637920767441393,25.70061230659485,605,"51.269310,51.548580","0.642693,0.329944,0.405534,0.411994",,
138,6110,42.0,49.52,0.2498370564584527,1.3113286190852522,25.897711038589478,610,"51.654552,51.905373","0.640535,0.326209,0.404865,0.408655",,
139,6173,27.0,49.62,0.24733868589386818,1.2870266991481185,26.18690848350525,616,"52.069370,52.348763","0.638418,0.322817,0.404633,0.405090",,
140,6276,55.0,49.82,0.24486529903492948,1.3160400035604836,26.637742042541504,626,"52.720348,53.113541","0.632514,0.314010,0.401770,0.400494",,
141,6299,29.0,49.64,0.2424166460445802,1.3122193175181747,26.721607446670532,628,"52.866199,53.261574","0.631045,0.312018,0.400910,0.399447",,
142,6306,54.0,49.72,0.2399924795841344,1.310470827780664,26.76148772239685,629,"52.939220,53.333221","0.630352,0.311046,0.400532,0.398916",,
143,6329,56.0,50.02,0.23759255478829303,1.313544588498771,26.84614586830139,631,"53.086704,53.467808","0.629080,0.309211,0.400158,0.397599",,
144,6344,56.0,50.25,0.23521662924041012,1.324788548760116,26.927528142929077,633,"53.231579,53.592133","0.627552,0.307345,0.400208,0.396552",,
145,6367,24.0,50.19,0.232864462948006,1.3160835891589522,27.013235569000244,635,"53.392319,53.719757","0.625569,0.305343,0.399389,0.395055",,
146,6598,40.0,50.3,0.23053581831852593,1.308840381167829,28.01386046409607,658,"55.149876,55.415871","0.609656,0.285551,0.389399,0.374368",,
147,6613,39.0,50.05,0.22823046013534068,1.321393233165145,28.09502363204956,660,"55.281559,55.570297","0.608334,0.283882,0.388336,0.372859",,
148,6620,73.0,50.39,0.22594815553398728,1.3147888644784689,28.136489868164062,661,"55.340172,55.650440","0.607671,0.283011,0.387931,0.372299",,
149,6620,34.0,50.27,0.22594815553398728,1.3147888644784689,28.136489868164062,661,"55.340172,55.650440","0.607671,0.283011,0.387931,0.372299",48.2,8.4
150,6642,39.0,50.2,0.22145178723886091,1.305763463973999,28.21864104270935,663,"55.472454,55.801559","0.606511,0.281386,0.386949,0.371079",,
151,6665,45.0,50.11,0.2192372693664723,1.2941648644953967,28.283365964889526,665,"55.620232,55.947086","0.605473,0.279700,0.385647,0.369762",,
152,6696,41.0,50.01,0.21704489667280757,1.3034608245640993,28.444783687591553,668,"55.832809,56.158775","0.603715,0.277325,0.383327,0.367727",,
153,6735,79.0,50.67,0.2148744477060795,1.3113672102987766,28.634899616241455,672,"56.122047,56.442513","0.600891,0.274198,0.380443,0.364449",,
154,6910,39.0,50.68,0.2127257032290187,1.260310070551932,29.33468794822693,690,"57.477661,57.612850","0.588325,0.260396,0.371661,0.351183",,
155,6910,36.0,50.54,0.2127257032290187,1.260310070551932,29.33468794822693,690,"57.477661,57.612850","0.588325,0.260396,0.371661,0.351183",,
156,7044,47.0,50.53,0.20849246173476124,1.2513542621210219,29.90958023071289,703,"58.319637,58.520287","0.580127,0.249498,0.369308,0.343693",,
157,7051,54.0,50.79,0.2064075371174136,1.2506726389750837,29.965089082717896,704,"58.381554,58.593369","0.579482,0.248629,0.369177,0.343047",,
158,7066,57.0,51.06,0.2043434617462395,1.2495750419422984,30.042792081832886,705,"58.444328,58.664833","0.578825,0.247813,0.369004,0.342429",,
159,7137,62.0,51.32,0.2023000271287771,1.2532924016937614,30.32493543624878,712,"58.928596,59.145966","0.574387,0.242962,0.367876,0.337456",,
160,7160,31.0,50.82,0.2002770268574893,1.2632695401087404,30.455902814865112,715,"59.121727,59.338512","0.572532,0.240933,0.367485,0.335847",,
161,7271,67.0,51.01,0.19827425658891443,1.2641873588785528,30.907237768173218,726,"59.816708,59.997292","0.565343,0.234459,0.367506,0.329982",,
162,7286,74.0,51.28,0.19629151402302528,1.2665636935457587,30.963940382003784,727,"59.881413,60.050392","0.564512,0.233725,0.367837,0.329537",,
163,7429,36.0,51.33,0.19432859888279502,1.3268625251203776,31.547959804534912,741,"60.704758,60.958317","0.558165,0.222848,0.370649,0.323691",,
164,7436,66.0,51.78,0.19238531289396707,1.3423443589359523,31.586894273757935,742,"60.751328,61.038849","0.557745,0.222193,0.370370,0.323114",,
165,7451,48.0,51.82,0.1904614597650274,1.3584070217609405,31.659642696380615,744,"60.851875,61.187000","0.556927,0.220936,0.369790,0.321982",,
166,7466,52.0,51.77,0.1885568451673771,1.345507026538253,31.70825433731079,745,"60.908970,61.257332","0.556530,0.220367,0.369492,0.321361",,
167,7481,55.0,51.89,0.18667127671570335,1.3313559322431683,31.770031213760376,747,"61.026546,61.394855","0.555662,0.219205,0.368818,0.320046",,
168,7496,28.0,51.63,0.1848045639485463,1.3640054223313927,31.828585386276245,748,"61.083561,61.460056","0.555440,0.218512,0.368594,0.319504",,
169,7583,53.0,51.78,0.18295651830906084,1.3826776044815778,32.19329762458801,757,"61.712990,61.917030","0.552491,0.213049,0.366969,0.315212",,
170,7846,51.0,51.89,0.18112695312597024,1.3410939780622722,33.25280404090881,783,"63.238934,63.359447","0.541947,0.199968,0.365429,0.302167",,
171,7885,75.0,52.26,0.17931568359471053,1.3787900629546492,33.40266132354736,787,"63.417419,63.542725","0.540756,0.197330,0.366872,0.302577",,
172,7908,55.0,52.33,0.17752252675876343,1.3556638693716376,33.492087602615356,789,"63.526321,63.627563","0.539680,0.196174,0.367398,0.302374",,
173,7947,62.0,52.3,0.1757473014911758,1.327435289984569,33.66316509246826,793,"63.754971,63.823830","0.537316,0.193972,0.367427,0.301024",,
174,8162,72.0,52.72,0.173989828476264,1.3685977632086723,34.53298568725586,815,"64.828865,65.016258","0.522672,0.182989,0.366681,0.292410",,
175,8273,53.0,52.54,0.1722499301915014,1.298687880737707,34.989580154418945,826,"65.398018,65.640305","0.516183,0.177961,0.367498,0.288198",,
176,8304,103.0,53.11,0.17052743088958636,1.314330905592069,35.11784768104553,829,"65.583214,65.777031","0.513774,0.176489,0.368337,0.287369",,
177,8319,103.0,53.78,0.1688221565806905,1.3132519915606826,35.161298513412476,830,"65.645477,65.820572","0.512983,0.176041,0.368732,0.287140",,
178,8422,64.0,54.09,0.1671339350148836,1.312676758794114,35.59109687805176,841,"66.297791,66.393608","0.504714,0.169911,0.368688,0.282986",,
179,8501,24.0,53.69,0.16546259566473476,1.3278956879395991,35.91589879989624,849,"66.672112,66.911118","0.500186,0.165565,0.367546,0.280025",,
180,8508,78.0,53.35,0.16380796970808742,1.3278956879395991,35.91589879989624,849,"66.672112,66.911118","0.500186,0.165565,0.367546,0.280025",,
181,8531,139.0,53.6,0.16216989001100654,1.3054608968365937,36.03691291809082,852,"66.805275,67.103775","0.498164,0.164104,0.366680,0.278912",,
182,8554,35.0,53.36,0.16054819111089647,1.2924956283066422,36.11812210083008,854,"66.911110,67.223763","0.496510,0.163034,0.366083,0.278102",,
183,8585,33.0,53.23,0.1589427091997875,1.2752215779107063,36.2459192276001,857,"67.078186,67.386276","0.494002,0.161442,0.365302,0.276970",,
184,8585,80.0,53.26,0.1589427091997875,1.2752215779107063,36.2459192276001,857,"67.078186,67.386276","0.494002,0.161442,0.365302,0.276970",,
185,8585,53.0,53.07,0.1589427091997875,1.2752215779107063,36.2459192276001,857,"67.078186,67.386276","0.494002,0.161442,0.365302,0.276970",,
186,8670,31.0,52.95,0.1542219517938446,1.230159096987918,36.601712703704834,866,"67.621857,67.764511","0.488510,0.158294,0.363762,0.273784",,
187,8837,20.0,52.61,0.15267973227590617,1.2775762648973614,37.257787227630615,882,"68.335709,68.492455","0.484514,0.151877,0.368630,0.274614",,
188,9036,67.0,52.43,0.1511529349531471,1.3438917805347592,38.065107345581055,902,"69.274155,69.426254","0.482476,0.145441,0.372640,0.273564",,
189,9067,70.0,52.08,0.14964140560361563,1.3629764127545059,38.16961359977722,905,"69.415665,69.576416","0.482465,0.144775,0.372767,0.273305",,
190,9074,68.0,52.4,0.14814499154757946,1.362195947971195,38.22760796546936,906,"69.466408,69.622353","0.482415,0.144586,0.372814,0.273176",,
191,9074,61.0,52.55,0.14814499154757946,1.362195947971195,38.22760796546936,906,"69.466408,69.622353","0.482415,0.144586,0.372814,0.273176",,
192,9088,67.0,53.03,0.14519690621578263,1.399834542106837,38.26516127586365,907,"69.512863,69.670319","0.482289,0.144361,0.372979,0.273148",,
193,9175,74.0,53.09,0.1437449371536248,1.4117564228735864,38.650224924087524,916,"69.913948,70.108757","0.480242,0.141589,0.375837,0.272715",,
194,9414,72.0,53.15,0.14230748778208857,1.3024759883247317,39.62260818481445,940,"71.009003,71.118233","0.473088,0.133962,0.381574,0.268180",,
195,9485,113.0,53.73,0.14088441290426768,1.3855244290828705,39.91739511489868,947,"71.331696,71.454918","0.469574,0.131244,0.384160,0.266669",,
196,9524,61.0,53.78,0.139475568775225,1.4188505886867642,40.07930111885071,951,"71.510963,71.639542","0.466606,0.129759,0.385438,0.265546",,
197,9531,57.0,53.39,0.13808081308747275,1.4394058392569422,40.10184407234192,952,"71.554588,71.684654","0.466265,0.129407,0.385665,0.265433",,
198,9538,58.0,53.48,0.136700004956598,1.4394058392569422,40.118210315704346,952,"71.554588,71.684654","0.466265,0.129407,0.385665,0.265433",,
199,9633,71.0,53.72,0.13533300490703204,1.4666815253347159,40.51717710494995,962,"71.931969,72.116646","0.461717,0.126222,0.391205,0.265802",70.2,13.029197979921864
200,9704,77.0,53.65,0.13397967485796172,1.4648806717526168,40.79815077781677,969,"72.222008,72.407021","0.458428,0.125018,0.393673,0.265374",,
201,9847,84.0,54.13,0.1326398781093821,1.4779764330107719,41.35223579406738,983,"72.917984,73.029205","0.449845,0.123104,0.396338,0.260239",,
202,9958,54.0,54.45,0.13131347932828827,1.4776629201881588,41.80961585044861,994,"73.358757,73.573624","0.444755,0.119470,0.400139,0.258075",,
203,10029,61.0,54.27,0.1300003445350054,1.4391435221582651,42.07782983779907,1001,"73.693024,73.907402","0.442698,0.117568,0.400689,0.255472",,
204,10084,75.0,54.42,0.12870034108965533,1.4630870820581914,42.34511709213257,1007,"74.014442,74.200264","0.440241,0.115948,0.399631,0.253048",,
205,10107,72.0,54.28,0.1274133376787588,1.4444010487757624,42.44165563583374,1009,"74.131294,74.292053","0.439446,0.115481,0.399153,0.252047",,
206,10138,91.0,54.86,0.12613920430197118,1.4348917206190526,42.57375383377075,1012,"74.281937,74.424492","0.438879,0.115018,0.399087,0.251045",,
207,10177,68.0,54.84,0.12487781225895148,1.441361043099314,42.734641551971436,1016,"74.455185,74.612572","0.438136,0.114509,0.399049,0.249943",,
208,10256,51.0,55.18,0.12362903413636196,1.4805211031809449,43.07172966003418,1024,"74.773987,74.942085","0.436502,0.113148,0.400864,0.249154",,
209,10479,65.0,55.2,0.12239274379499834,1.6137307819910347,44.11445331573486,1046,"75.615280,75.789093","0.427137,0.105985,0.412930,0.252057",,
210,10574,58.0,55.39,0.12116881635704835,1.6646690084598958,44.51738214492798,1056,"75.969498,76.160515","0.422717,0.100956,0.419105,0.254147",,
211,10589,70.0,55.59,0.11995712819347787,1.6649992272630334,44.57600784301758,1057,"76.005302,76.197723","0.422652,0.100541,0.419754,0.254436",,
212,10589,111.0,56.33,0.11995712819347787,1.6649992272630334,44.57600784301758,1057,"76.005302,76.197723","0.422652,0.100541,0.419754,0.254436",,
213,10611,66.0,56.26,0.11756998134242766,1.6862408744171262,44.701141119003296,1060,"76.102493,76.303276","0.422014,0.099229,0.422180,0.255565",,
214,10866,76.0,56.6,0.11639428152900338,1.723914556875825,45.71808934211731,1085,"77.036545,77.168518","0.409497,0.090801,0.435996,0.259379",,
215,10977,105.0,57.26,0.11523033871371334,1.6627893262170255,46.1442232131958,1096,"77.420731,77.579567","0.403921,0.089081,0.439511,0.258393",,
216,11008,104.0,57.91,0.1140780353265762,1.7046847612038254,46.25606846809387,1099,"77.537781,77.687050","0.403638,0.089005,0.441051,0.258007",,
217,11119,68.0,58.12,0.11293725497331045,1.7037619817256928,46.69881558418274,1110,"77.878265,78.094376","0.401269,0.088476,0.447633,0.259010",,
218,11142,69.0,58.32,0.11180788242357734,1.7062709801085294,46.82005429267883,1113,"77.949303,78.229103","0.401396,0.088537,0.448509,0.259374",,
219,11157,85.0,58.78,0.11068980359934157,1.6854760188795626,46.858530044555664,1114,"77.975876,78.275604","0.401302,0.088549,0.448684,0.259372",,
220,11172,70.0,58.85,0.10958290556334815,1.7030862592719496,46.922138929367065,1116,"78.036522,78.357376","0.401368,0.088795,0.449199,0.259428",,
221,11187,75.0,59.09,0.10848707650771466,1.7029328733123839,46.98299956321716,1117,"78.068321,78.393814","0.401507,0.088985,0.449434,0.259493",,
222,11514,67.0,59.02,0.10740220574263752,1.6439066081866622,48.309587478637695,1150,"79.251945,79.493347","0.402766,0.088443,0.454095,0.254440",,
223,11514,81.0,59.37,0.10740220574263752,1.6439066081866622,48.309587478637695,1150,"79.251945,79.493347","0.402766,0.088443,0.454095,0.254440",,
224,11600,60.0,59.69,0.10526490184835903,1.5997568140551448,48.68427777290344,1159,"79.627190,79.760498","0.405349,0.087818,0.454912,0.254324",,
225,11639,79.0,60.0,0.10421225282987544,1.5781317024677992,48.8062698841095,1162,"79.737000,79.855919","0.405985,0.087770,0.455742,0.254637",,
226,11678,67.0,60.29,0.10317013030157669,1.5611889515072108,48.9653902053833,1166,"79.863609,80.004829","0.407325,0.087816,0.456461,0.255331",,
227,11741,69.0,60.65,0.10213842899856092,1.6035445353854447,49.22628116607666,1173,"80.105225,80.254097","0.408241,0.088300,0.457891,0.256589",,
228,12004,106.0,61.39,0.10111704470857531,1.6492116235103458,50.29910182952881,1199,"80.941460,81.198891","0.420233,0.091649,0.457589,0.254542",,
229,12083,114.0,62.26,0.10010587426148955,1.6053983252774924,50.64428400993347,1207,"81.234581,81.479378","0.420518,0.090362,0.457712,0.253865",,
230,12106,74.0,62.57,0.09910481551887466,1.6057723105605692,50.72863006591797,1209,"81.316605,81.552460","0.420461,0.090055,0.457259,0.253174",,
231,12153,69.0,62.6,0.0981137673636859,1.5654799825232475,50.91407084465027,1214,"81.525330,81.721283","0.420408,0.089563,0.456514,0.251570",,
232,12312,84.0,62.84,0.09713262969004904,1.474620338147506,51.57092475891113,1230,"82.191124,82.274681","0.415788,0.085532,0.452563,0.245659",,
233,12351,105.0,63.57,0.09616130339314856,1.407009900836274,51.75340032577515,1234,"82.332977,82.426277","0.413789,0.084929,0.451602,0.245178",,
234,12406,91.0,63.56,0.09519969035921708,1.423920328654349,51.97145462036133,1239,"82.529228,82.615211","0.411525,0.084633,0.450922,0.244607",,
235,12485,93.0,64.38,0.0942476934556249,1.3416124073695392,52.30405282974243,1247,"82.832024,82.926315","0.409057,0.084681,0.451023,0.243327",,
236,12620,77.0,64.77,0.09330521652106866,1.3023825331870467,52.84248352050781,1261,"83.338882,83.479698","0.401303,0.084657,0.448452,0.241816",,
237,12707,78.0,64.77,0.09237216435585796,1.350165451830253,53.168702125549316,1269,"83.614624,83.770836","0.400841,0.085357,0.445198,0.240690",,
238,12738,79.0,65.14,0.09144844271229938,1.3298669460322707,53.29458403587341,1272,"83.709801,83.883942","0.399994,0.085394,0.444029,0.240246",,
239,13049,70.0,65.57,0.0905339582851764,1.1210057410039007,54.500776529312134,1303,"84.885078,84.917915","0.395929,0.083946,0.441153,0.237085",,
240,13080,91.0,65.93,0.08962861870232462,1.1228321750741452,54.64879250526428,1307,"85.014648,85.104179","0.393110,0.082852,0.440148,0.236394",,
241,13135,91.0,66.55,0.08873233251530138,1.0971857435675338,54.86863970756531,1312,"85.159500,85.311150","0.390561,0.081809,0.439075,0.235632",,
242,13158,126.0,67.27,0.08784500919014836,1.096836760812439,54.95259499549866,1314,"85.230240,85.390327","0.389168,0.081541,0.438629,0.235326",,
243,13221,114.0,67.85,0.08696655909824688,1.1728394911298528,55.21900916099548,1321,"85.444221,85.638046","0.386777,0.079837,0.437035,0.235671",,
244,13324,88.0,68.17,0.0860968935072644,1.0643553289445118,55.62258982658386,1331,"85.754478,85.871880","0.382553,0.078093,0.436566,0.237853",,
245,13395,86.0,68.79,0.08523592457219176,1.2228810213459655,55.905011892318726,1338,"85.907852,86.039482","0.384194,0.076372,0.438766,0.241041",,
246,13458,90.0,69.29,0.08438356532646984,1.203202754468657,56.152934074401855,1344,"86.042801,86.218033","0.383597,0.073284,0.440623,0.243582",,
247,13689,69.0,69.59,0.08353972967320515,1.1506998805468902,57.05920052528381,1367,"86.755936,86.917976","0.375037,0.070530,0.440154,0.248079",,
248,13712,79.0,69.65,0.0827043323764731,1.1314206178905442,57.17086935043335,1370,"86.820900,87.015556","0.375793,0.070835,0.440194,0.248485",,
249,13712,69.0,70.0,0.0827043323764731,1.1314206178905442,57.17086935043335,1370,"86.820900,87.015556","0.375793,0.070835,0.440194,0.248485",117.0,39.04356541096113
250,13982,82.0,70.43,0.08105851616218128,1.2646468641981483,58.197869300842285,1397,"87.520592,87.716484","0.383903,0.072402,0.440045,0.258558",,
251,14029,42.0,70.4,0.08024793100055946,1.2402626721933485,58.362468004226685,1401,"87.616814,87.825806","0.385353,0.072710,0.439867,0.260386",,
252,14029,79.0,70.78,0.08024793100055946,1.2402626721933485,58.362468004226685,1401,"87.616814,87.825806","0.385353,0.072710,0.439867,0.260386",,
253,14029,123.0,71.22,0.08024793100055946,1.2402626721933485,58.362468004226685,1401,"87.616814,87.825806","0.385353,0.072710,0.439867,0.260386",,
254,14250,129.0,72.12,0.07786448720191184,1.3437681596726179,59.26268529891968,1424,"88.174034,88.476372","0.388046,0.071935,0.438408,0.264171",,
255,14497,98.0,72.74,0.07708584232989273,1.3477040253765882,60.198662996292114,1448,"88.886948,89.196465","0.369469,0.069749,0.431533,0.260268",,
256,14544,70.0,72.97,0.0763149839065938,1.3062180653680115,60.40121006965637,1453,"89.045761,89.321129","0.369045,0.069448,0.431209,0.261163",,
257,14647,149.0,73.92,0.07555183406752786,1.3072597944829614,60.7952995300293,1463,"89.368355,89.563797","0.366279,0.068182,0.430609,0.262219",,
258,14934,113.0,74.48,0.07479631572685258,1.4036705019581133,61.907349586486816,1492,"90.143509,90.380585","0.373197,0.075570,0.427699,0.271175",,
259,15029,125.0,75.11,0.07404835256958406,1.3610096783819607,62.26518368721008,1501,"90.328384,90.643867","0.376320,0.077181,0.425907,0.273551",,
260,15052,128.0,76.08,0.07330786904388821,1.3821629621833562,62.37338733673096,1504,"90.398201,90.736366","0.376205,0.077173,0.425309,0.273542",,
261,15091,173.0,77.14,0.07257479035344933,1.3574319590209052,62.52607989311218,1508,"90.488548,90.857193","0.375100,0.076976,0.425084,0.273659",,
262,15506,107.0,77.47,0.07184904244991483,1.2022945598419756,64.11747646331787,1549,"91.607811,91.940247","0.375603,0.079046,0.414006,0.277203",,
263,15601,138.0,78.49,0.07113055202541568,1.2298609870532529,64.49899864196777,1559,"91.899200,92.201279","0.381789,0.077923,0.411153,0.280904",,
264,15856,100.0,78.83,0.07041924650516153,1.2677808904414996,65.46436357498169,1584,"92.459282,92.776077","0.388924,0.079355,0.408668,0.286546",,
265,16095,231.0,80.66,0.06971505404010991,1.121468447833322,66.38295102119446,1608,"93.116745,93.444382","0.398738,0.082084,0.403850,0.291465",,
266,16166,154.0,81.68,0.06901790349970881,1.0925182508630678,66.6547634601593,1615,"93.299553,93.772957","0.396533,0.080950,0.401553,0.289036",,
267,16237,143.0,82.56,0.06832772446471172,1.1263814392825588,66.92181968688965,1622,"93.452690,93.972298","0.394955,0.081436,0.399151,0.289555",,
268,16636,201.0,84.29,0.0676444472200646,1.263667208822444,68.46353793144226,1662,"94.486168,94.967606","0.415596,0.099648,0.384140,0.298891",,
269,16771,279.0,86.55,0.06696800274786396,1.2610681616398507,68.99857020378113,1676,"94.894760,95.351662","0.420275,0.100892,0.379816,0.300294",,
270,16794,149.0,87.53,0.06629832272038531,1.2404166531027294,69.07596492767334,1678,"94.951805,95.412392","0.420585,0.100965,0.379100,0.300314",,
271,17177,209.0,88.87,0.06563533949318147,0.9870593254780397,70.61566209793091,1716,"95.972778,96.345093","0.411301,0.095184,0.370197,0.296023",,
272,17504,91.0,89.23,0.06497898609824965,0.9880774878337979,71.95107865333557,1749,"96.575928,96.976143","0.420192,0.092347,0.363308,0.297579",,
273,17575,117.0,89.78,0.06432919623726716,1.012429319107905,72.2212507724762,1756,"96.755241,97.116364","0.420149,0.090329,0.363071,0.298956",,
274,17670,227.0,91.33,0.06368590427489448,1.0070509878220038,72.61853528022766,1766,"96.977577,97.334229","0.418247,0.085587,0.362621,0.298726",,
275,17917,219.0,92.99,0.06304904523214554,0.8010698726167902,73.56052899360657,1790,"97.454201,97.803146","0.420849,0.084990,0.358976,0.300033",,
276,18084,161.0,93.57,0.06241855477982408,0.907292295913212,74.22171807289124,1807,"97.680885,98.086205","0.426008,0.085746,0.358458,0.303119",,
277,18323,261.0,95.15,0.06179436923202584,0.8623824168159626,75.17919278144836,1831,"98.004646,98.444557","0.438626,0.090137,0.352855,0.308685",,
278,18586,176.0,96.27,0.06117642553970558,0.8637549762963317,76.2126624584198,1857,"98.302666,98.723694","0.457200,0.100308,0.353065,0.322283",,
279,18689,139.0,97.42,0.06056466128430853,0.8664835470006801,76.60711979866028,1867,"98.421532,98.894882","0.464701,0.105771,0.351616,0.327812",,
280,18736,331.0,99.95,0.05995901467146544,0.8654845687770285,76.80155992507935,1872,"98.450981,99.027771","0.467252,0.107822,0.351251,0.330149",,
281,19375,234.0,100.9,0.059359424524750785,1.1099367141653784,79.42607831954956,1936,"99.271889,99.906754","0.517214,0.125536,0.345327,0.357199",,
282,19646,165.0,102.2,0.05876583027950327,1.1099105697707272,80.54733681678772,1963,"99.595856,100.369156","0.535603,0.131023,0.344051,0.370591",,
283,19813,268.0,104.55,0.05817817197670824,1.2402806236990727,81.25977754592896,1980,"99.825607,100.668037","0.551388,0.140767,0.341804,0.374784",,
284,19900,248.0,106.23,0.05759639025694116,1.1905288244062104,81.65466952323914,1989,"99.888527,100.827538","0.556536,0.140537,0.341482,0.377161",,
285,20515,228.0,107.98,0.057020426354371746,1.0033755103684963,84.12277936935425,2050,"100.511169,101.241364","0.587389,0.149396,0.339051,0.384714",,
286,20658,259.0,110.26,0.05645022209082803,0.9280301989335566,84.72684621810913,2064,"100.585426,101.345512","0.593966,0.149319,0.339547,0.392454",,
287,20905,136.0,111.42,0.05588571986991975,0.8729783414117992,85.75076627731323,2089,"100.829353,101.695900","0.603346,0.159478,0.337353,0.397905",,
288,21312,208.0,112.83,0.05532686267122055,0.6500485111493617,87.34769034385681,2130,"100.928307,101.998283","0.615109,0.168656,0.337499,0.403802",,
289,21399,253.0,114.66,0.05477359404450834,0.6499870724603534,87.67067289352417,2138,"101.027557,101.961182","0.616731,0.172518,0.336922,0.403309",,
290,21526,203.0,116.01,0.05422585810406326,0.5740071590710432,88.17323160171509,2151,"101.027267,102.065475","0.622647,0.177299,0.333868,0.407069",,
291,22021,139.0,116.79,0.05368359952302263,0.5524073505820707,90.11310386657715,2201,"101.180290,102.278114","0.629203,0.184753,0.326625,0.414706",,
292,22076,500.0,121.12,0.0531467635277924,0.5500593675347045,90.31354117393494,2206,"101.163208,102.243019","0.630808,0.185114,0.326315,0.415066",,
293,22731,500.0,125.38,0.05261529589251448,0.6471113483095542,92.8559832572937,2272,"101.468674,102.429260","0.631962,0.190484,0.327397,0.419492",,
294,23602,368.0,128.34,0.05208914293358933,0.604460913662333,96.21408271789551,2359,"101.774254,102.732948","0.645772,0.192776,0.332956,0.437149",,
295,23641,264.0,129.85,0.05156825150425344,0.6268517637462355,96.37200999259949,2363,"101.793465,102.659546","0.647309,0.194288,0.332878,0.438118",,
296,23832,304.0,132.28,0.0510525689892109,0.5958156409324147,97.09458613395691,2382,"101.800484,102.655769","0.655522,0.197722,0.332595,0.445560",,
297,23967,432.0,136.03,0.050542043299318794,0.5684558328078129,97.6044704914093,2395,"101.847031,102.711136","0.660210,0.199812,0.333304,0.449751",,
298,24062,166.0,137.11,0.050036622866325604,0.6408041650266386,97.99147462844849,2405,"101.779831,102.674545","0.664227,0.203262,0.334813,0.454846",,
299,24093,348.0,139.88,0.04953625663766235,0.6411272793705575,98.1352424621582,2408,"101.739410,102.705498","0.664928,0.203540,0.335061,0.455749",432.6,134.8
300,24356,292.0,142.03,0.04904089407128572,0.5107564393780194,99.19851732254028,2434,"101.858002,102.681366","0.664989,0.203703,0.334549,0.462440",,
301,24675,325.0,144.44,0.04855048513057287,0.5642477811942809,100.52854585647583,2466,"101.731514,102.610329","0.692306,0.205351,0.337141,0.462478",,
302,25738,209.0,145.99,0.04806498027926714,0.4866137024341151,104.67337465286255,2572,"102.062401,102.828316","0.702723,0.218291,0.323153,0.452078",,
303,25801,180.0,147.18,0.047584330476474465,0.48590020135510714,104.93843388557434,2579,"101.975891,102.762489","0.706436,0.219688,0.322688,0.453843",,
304,26000,254.0,148.97,0.04710848717170972,0.45678145830053835,105.70682644844055,2599,"101.900673,102.684387","0.713034,0.220918,0.323344,0.458769",,
305,26135,317.0,151.42,0.04663740229999262,0.48561440923716875,106.20653367042542,2612,"101.993813,102.628418","0.716940,0.223179,0.323480,0.464360",,
306,26510,302.0,153.53,0.046171028276992696,0.4858786620898172,107.67002177238464,2650,"101.916168,102.726700","0.730252,0.234828,0.322859,0.471017",,
307,26589,239.0,155.24,0.045709317994222766,0.4583936302969232,107.9459068775177,2657,"101.968994,102.797470","0.730136,0.235764,0.321325,0.470436",,
308,26908,409.0,158.82,0.04525222481428054,0.45383577587548646,109.1973512172699,2689,"102.007423,102.674034","0.746164,0.243501,0.318936,0.469762",,
309,27571,468.0,162.85,0.04479970256613774,0.47181157104671,111.7964563369751,2756,"101.886864,102.853767","0.765880,0.245871,0.303147,0.474801",,
310,27578,230.0,164.57,0.044351705540476356,0.47181157104671,111.80698251724243,2756,"101.886864,102.853767","0.765880,0.245871,0.303147,0.474801",,
311,28001,250.0,166.37,0.043908188485071595,0.4786582631058991,113.46257376670837,2799,"102.114929,102.867188","0.776594,0.250094,0.295218,0.468255",,
312,28528,341.0,168.67,0.04346910660022087,0.3613342108298093,115.4775857925415,2851,"102.178787,102.959229","0.771462,0.260274,0.281952,0.464305",,
313,28791,285.0,170.86,0.04303441553421867,0.34229629395529626,116.5215322971344,2878,"101.942230,102.824364","0.785337,0.265729,0.276730,0.470303",,
314,28886,287.0,172.97,0.04260407137887648,0.3447485790587962,116.90748333930969,2887,"101.961601,102.820343","0.782406,0.264861,0.274746,0.469578",,
315,29445,233.0,174.25,0.04217803066508771,0.32373678411357104,119.28054237365723,2943,"101.939507,102.914627","0.778344,0.277338,0.266444,0.466378",,
316,29500,324.0,176.45,0.04175625035843684,0.29487650842405855,119.51807069778442,2949,"101.952118,102.878120","0.777162,0.276925,0.266872,0.465688",,
317,29635,258.0,178.35,0.04133868785485247,0.30926002661697566,120.03965735435486,2962,"102.081993,102.885880","0.779576,0.280561,0.265822,0.461634",,
318,30130,500.0,182.66,0.040925300976303945,0.27100044815801083,122.12779021263123,3012,"101.720131,102.681770","0.809540,0.291095,0.262062,0.456276",,
319,30537,129.0,183.1,0.0405160479665409,0.37294820576906207,123.81171250343323,3052,"101.805115,102.908752","0.820779,0.295855,0.255785,0.457894",,
320,30592,143.0,183.83,0.040110887486875496,0.37309281250461934,124.05959391593933,3058,"101.838661,102.865379","0.821184,0.299561,0.254800,0.457767",,
321,30663,333.0,186.41,0.03970977861200674,0.3734989437647164,124.33398127555847,3065,"101.868713,102.916733","0.821678,0.302638,0.254145,0.458213",,
322,30790,144.0,187.18,0.039312680825886674,0.3766754429973662,124.88416075706482,3078,"101.880844,102.928375","0.818750,0.303807,0.253470,0.459000",,
323,31381,357.0,189.94,0.038919554017627804,0.39091385120525957,127.2934148311615,3137,"101.657997,102.780777","0.835204,0.318462,0.251668,0.464378",,
324,31588,182.0,191.16,0.03853035847745152,0.39427549758926034,128.11664533615112,3157,"101.784813,102.839783","0.834967,0.313496,0.248401,0.463844",,
325,32219,203.0,192.4,0.03814505489267701,0.3272495611384511,130.60859537124634,3220,"101.734283,102.722519","0.820705,0.333590,0.239537,0.460573",,
326,32298,220.0,193.93,0.03776360434375024,0.30587979597970844,130.92521023750305,3228,"101.658684,102.791656","0.820262,0.335583,0.239574,0.460554",,
327,32433,444.0,197.68,0.03738596830031274,0.308546098805964,131.4401113986969,3242,"101.612465,102.654556","0.819078,0.340049,0.238939,0.457170",,
328,32440,457.0,201.19,0.03701210861730961,0.28180030081421137,131.4807858467102,3243,"101.612938,102.656944","0.818727,0.339596,0.239012,0.456814",,
329,32775,264.0,202.69,0.03664198753113651,0.3328533227182925,132.7894835472107,3276,"101.821373,102.782448","0.816945,0.328620,0.236749,0.450383",,
330,33086,213.0,204.08,0.036275567655825146,0.301496327072382,133.98537135124207,3307,"101.499252,102.960701","0.822405,0.340353,0.233309,0.446884",,
331,33269,310.0,206.49,0.03591281197926689,0.3320969611033797,134.68773746490479,3325,"101.430336,102.781517","0.831160,0.347971,0.231946,0.445629",,
332,33300,135.0,207.0,0.035553683859474224,0.3089382017031312,134.82834768295288,3329,"101.398888,102.738808","0.833036,0.349465,0.231698,0.445164",,
333,33355,132.0,207.27,0.035198147020879485,0.29810750400647523,135.03559160232544,3334,"101.456482,102.747772","0.833761,0.350576,0.231224,0.444190",,
334,33394,120.0,207.56,0.03484616555067069,0.3008282348699868,135.18734312057495,3338,"101.513069,102.811333","0.833854,0.351439,0.230274,0.443391",,
335,33449,233.0,208.96,0.03449770389516398,0.30065278870984913,135.38707089424133,3343,"101.649635,102.856873","0.834014,0.352085,0.229401,0.443052",,
336,33560,140.0,209.59,0.03415272685621234,0.30245613541454075,135.84516763687134,3355,"101.432533,102.916710","0.836456,0.355682,0.227259,0.442943",,
337,33791,127.0,210.08,0.03381119958765022,0.2850068686529994,136.79102897644043,3378,"101.392921,102.862686","0.841523,0.355946,0.223856,0.440674",,
338,34110,128.0,210.57,0.03347308759177372,0.29210652304813267,138.02107739448547,3410,"101.370949,102.949944","0.847048,0.369018,0.220266,0.442481",,
339,34197,116.0,211.03,0.03313835671585598,0.29528581399470566,138.34916400909424,3418,"101.410736,102.903656","0.849238,0.372018,0.221206,0.441716",,
340,34220,115.0,211.27,0.03280697314869742,0.2957186829671264,138.44680094718933,3421,"101.409889,102.885620","0.850310,0.373585,0.221817,0.440937",,
341,34555,145.0,211.81,0.03247890341721044,0.3436450843140483,139.7707257270813,3454,"101.338554,103.157417","0.867029,0.384919,0.225349,0.432430",,
342,34602,130.0,211.85,0.03215411438303834,0.32048696242272856,139.95576882362366,3459,"101.431824,103.252472","0.867273,0.384694,0.225139,0.432923",,
343,34633,160.0,212.31,0.031832573239207955,0.3223189102113247,140.0695629119873,3462,"101.528015,103.276466","0.866990,0.384731,0.224897,0.432998",,
344,34712,158.0,213.01,0.031514247506815876,0.2959906286559999,140.38640451431274,3470,"101.632530,103.282372","0.866811,0.385259,0.224726,0.431222",,
345,34823,129.0,213.44,0.031199105031747717,0.32286226393654943,140.80504393577576,3481,"101.718727,103.404686","0.866367,0.388704,0.225568,0.428275",,
346,35070,109.0,213.63,0.03088711398143024,0.38041845651343464,141.76984119415283,3506,"102.219337,103.756371","0.863407,0.392949,0.224839,0.425721",,
347,35149,130.0,214.24,0.030578242841615935,0.3927289442159235,142.0428466796875,3513,"102.331886,103.713966","0.861894,0.394934,0.225488,0.426862",,
348,35212,124.0,214.69,0.030272460413199778,0.37841261414811017,142.30051565170288,3520,"102.212502,103.887932","0.861881,0.399027,0.225634,0.426698",,
349,35355,100.0,215.0,0.02996973580906778,0.4058046244084835,142.80922269821167,3534,"102.335289,103.983795","0.864067,0.405106,0.226088,0.428119",108.2,5.1536394906900505
350,35370,92.0,215.1,0.029670038450977102,0.4289349470287561,142.87791967391968,3536,"102.373199,103.990021","0.863757,0.405359,0.226066,0.428404",,
351,35370,96.0,215.64,0.029670038450977102,0.4289349470287561,142.87791967391968,3536,"102.373199,103.990021","0.863757,0.405359,0.226066,0.428404",,
352,35560,106.0,215.91,0.029079604685802656,0.4271901662275195,143.5913906097412,3555,"102.459541,104.317139","0.862432,0.407571,0.227013,0.425944",,
353,35575,27.0,214.95,0.02878880863894463,0.4266351845860481,143.6393439769745,3556,"102.484535,104.296791","0.862341,0.407910,0.226953,0.425763",,
354,35838,127.0,214.93,0.02850092055255518,0.4987305014394224,144.73238277435303,3582,"102.756096,104.417778","0.855410,0.411783,0.225752,0.424645",,
355,35893,103.0,214.98,0.02821591134702963,0.5007477629743516,144.97581934928894,3588,"102.777351,104.499046","0.856732,0.413251,0.225293,0.425663",,
356,35932,98.0,215.26,0.027933752233559334,0.4789403735846281,145.12032413482666,3592,"102.830307,104.537918","0.857081,0.413151,0.224679,0.425906",,
357,35971,95.0,214.72,0.027654414711223742,0.5243563531711698,145.26478791236877,3596,"102.839500,104.569786","0.857847,0.413097,0.224032,0.426968",,
358,36210,105.0,214.64,0.027377870564111503,0.5435758275911212,146.1704490184784,3620,"103.272240,104.823860","0.860325,0.416425,0.224685,0.427733",,
359,36321,119.0,214.58,0.02710409185847039,0.5663194836676121,146.56693291664124,3631,"103.269539,104.889481","0.863104,0.419868,0.225246,0.430455",,
360,36392,102.0,214.32,0.026833050939885684,0.5650259513035416,146.82941222190857,3638,"103.335350,104.950836","0.864004,0.421078,0.224446,0.431592",,
361,36423,108.0,213.67,0.026564720430486827,0.564167520403862,146.93423795700073,3641,"103.362434,104.953064","0.864534,0.422633,0.224491,0.431052",,
362,36558,43.0,213.03,0.026299073226181958,0.5225232742540539,147.41042923927307,3654,"103.486389,105.206818","0.865308,0.429238,0.224026,0.428387",,
363,36741,101.0,212.66,0.026036082493920136,0.6168159520626069,148.12504172325134,3673,"103.476295,105.439865","0.868257,0.439394,0.227796,0.433719",,
364,36820,9.0,211.75,0.025775721668980935,0.639540686942637,148.44651985168457,3681,"103.635078,105.400047","0.870115,0.441699,0.228813,0.435079",,
365,36835,118.0,210.62,0.025517964452291125,0.6397172198817134,148.49328541755676,3682,"103.646935,105.414230","0.870156,0.441940,0.228987,0.435234",,
366,36946,139.0,210.47,0.025262784807768213,0.5924707988649607,148.88938689231873,3693,"103.640587,105.422859","0.871532,0.446326,0.233722,0.436536",,
367,36961,124.0,210.28,0.025010156959690534,0.5919435670971871,148.97392511367798,3695,"103.658180,105.414978","0.871427,0.446649,0.234929,0.436693",,
368,36984,20.0,208.47,0.024760055390093627,0.5926751419901848,149.04198837280273,3697,"103.661285,105.429825","0.871600,0.446773,0.236099,0.436838",,
369,37111,90.0,206.58,0.02451245483619269,0.5664607532508671,149.49790859222412,3710,"103.552155,105.491951","0.871385,0.451408,0.240947,0.436579",,
370,37206,111.0,206.2,0.024267330287830763,0.565357256513089,149.8167543411255,3719,"103.536514,105.469841","0.869395,0.457280,0.244785,0.432995",,
371,37277,90.0,205.01,0.024024656984952455,0.5395211607776582,150.06758570671082,3726,"103.600502,105.531105","0.867087,0.462879,0.247440,0.429229",,
372,37324,113.0,205.23,0.02378441041510293,0.5607936114631593,150.24855732917786,3731,"103.626160,105.566849","0.865449,0.466333,0.249315,0.427648",,
373,37347,17.0,204.23,0.0235465663109519,0.5621846294216811,150.31609439849854,3733,"103.592827,105.570290","0.864524,0.467551,0.250532,0.427117",,
374,37386,13.0,202.09,0.02331110064784238,0.56153584131971,150.45562052726746,3737,"103.592743,105.604172","0.862628,0.468470,0.252881,0.427161",,
375,37473,15.0,200.05,0.02307798964136396,0.5903194858878851,150.77910566329956,3746,"103.739586,105.847504","0.857335,0.469509,0.256008,0.429067",,
376,37480,11.0,198.55,0.022847209744950317,0.5904910768941045,150.80695223808289,3747,"103.765129,105.873245","0.856953,0.469875,0.256399,0.429190",,
377,37503,22.0,196.16,0.022618737647500813,0.6181080094352365,150.8872516155243,3749,"103.854584,105.910484","0.856244,0.470395,0.257655,0.430089",,
378,37590,10.0,194.5,0.022392550271025807,0.642667430229485,151.19835805892944,3758,"104.060852,105.960739","0.855438,0.473984,0.262182,0.432569",,
379,37605,16.0,193.27,0.022168624768315548,0.6426212112233043,151.2567093372345,3759,"104.069450,105.977486","0.855370,0.474254,0.262503,0.432644",,
380,37628,18.0,190.14,0.021946938520632394,0.6425714292190969,151.3203251361847,3761,"104.056702,106.017876","0.855412,0.475134,0.263253,0.432826",,
381,37651,89.0,188.69,0.02172746913542607,0.6671402086503804,151.4319326877594,3764,"104.053825,106.038383","0.856041,0.476442,0.264338,0.434309",,
382,37666,9.0,187.13,0.021510194444071807,0.6671460320241749,151.46516370773315,3765,"104.070015,106.049469","0.856158,0.476792,0.264329,0.434746",,
383,37689,92.0,185.37,0.021295092499631088,0.6903006927110255,151.54355263710022,3767,"104.073540,106.068390","0.856793,0.477677,0.264701,0.435290",,
384,37696,109.0,183.98,0.02108214157463478,0.6664719417132438,151.59144759178162,3768,"104.081863,106.071533","0.857247,0.478145,0.264856,0.435542",,
385,37703,9.0,181.79,0.02087132015888843,0.6673485614173115,151.6231894493103,3769,"104.097466,106.073563","0.857671,0.478797,0.265112,0.435745",,
386,37750,18.0,179.38,0.020662606957299545,0.6447322986461222,151.80535912513733,3774,"104.263367,106.098099","0.858356,0.480338,0.266564,0.436026",,
387,37765,14.0,178.16,0.02045598088772655,0.6666295304708183,151.83754444122314,3775,"104.284286,106.104256","0.858457,0.480884,0.267079,0.436069",,
388,37772,100.0,177.08,0.020251421078849283,0.6674614496715366,151.885573387146,3776,"104.304207,106.116272","0.858555,0.481381,0.267637,0.435608",,
389,37772,9.0,174.64,0.020251421078849283,0.6674614496715366,151.885573387146,3776,"104.304207,106.116272","0.858555,0.481381,0.267637,0.435608",,
390,37778,9.0,172.7,0.019848417799380184,0.6674614496715366,151.90276288986206,3776,"104.304207,106.116272","0.858555,0.481381,0.267637,0.435608",,
391,37793,87.0,172.18,0.01964993362138638,0.693554994314909,151.97433185577393,3778,"104.319771,106.124428","0.858989,0.482434,0.268717,0.435631",,
392,37832,18.0,167.36,0.019453434285172516,0.6669343348965049,152.11941862106323,3782,"104.280418,106.203255","0.860122,0.483674,0.269827,0.435206",,
393,37832,8.0,162.44,0.019453434285172516,0.6669343348965049,152.11941862106323,3782,"104.280418,106.203255","0.860122,0.483674,0.269827,0.435206",,
394,37854,13.0,158.89,0.019066310942897582,0.6838142746314406,152.19706964492798,3784,"104.267227,106.212166","0.860611,0.483860,0.270597,0.435423",,
395,37869,26.0,156.51,0.01887564783346861,0.704332102201879,152.2384068965912,3785,"104.273567,106.206734","0.860893,0.483762,0.271039,0.436011",,
396,37892,14.0,153.61,0.018686891355133923,0.7050362564995885,152.33765029907227,3788,"104.308670,106.175896","0.861469,0.483379,0.271789,0.437787",,
397,37892,15.0,149.44,0.018686891355133923,0.7050362564995885,152.33765029907227,3788,"104.308670,106.175896","0.861469,0.483379,0.271789,0.437787",,
398,37898,16.0,147.94,0.018315022217166757,0.7050362564995885,152.34847474098206,3788,"104.308670,106.175896","0.861469,0.483379,0.271789,0.437787",,
399,37898,13.0,144.59,0.018315022217166757,0.7050362564995885,152.34847474098206,3788,"104.308670,106.175896","0.861469,0.483379,0.271789,0.437787",17.8,2.85657137141714
400,37920,8.0,141.75,0.017950553275045137,0.7048319366015494,152.45766615867615,3791,"104.380257,106.182625","0.861663,0.482861,0.271499,0.439011",,
401,37943,9.0,138.59,0.017771047742294686,0.646138581391424,152.5394914150238,3793,"104.439201,106.183754","0.861959,0.482900,0.270986,0.439573",,
402,37958,8.0,136.58,0.01759333726487174,0.6465044393576682,152.5851788520813,3794,"104.464943,106.179031","0.862210,0.483053,0.270734,0.439886",,
403,37981,10.0,134.88,0.017417403892223023,0.6775656525231898,152.6808066368103,3797,"104.500092,106.171242","0.863443,0.483782,0.270594,0.440678",,
404,38100,22.0,132.56,0.01724322985330079,0.7254640195891261,153.1333830356598,3809,"104.443130,106.267212","0.868742,0.486807,0.272309,0.442730",,
405,38115,36.0,129.75,0.017070797554767782,0.7256820859387517,153.17615413665771,3810,"104.439926,106.269348","0.869138,0.486959,0.272344,0.442836",,
406,38115,21.0,126.94,0.017070797554767782,0.7256820859387517,153.17615413665771,3810,"104.439926,106.269348","0.869138,0.486959,0.272344,0.442836",,
407,38137,31.0,124.86,0.016731088683427903,0.7443210116401314,153.2518289089203,3812,"104.431061,106.237015","0.870120,0.487579,0.272712,0.443416",,
408,38336,27.0,121.04,0.016563777796593626,0.7450610297545791,154.04921221733093,3832,"104.349915,106.336227","0.873504,0.495189,0.276464,0.444856",,
409,38351,46.0,116.82,0.016398140018627688,0.7446896098554134,154.12261486053467,3834,"104.372147,106.363335","0.873081,0.495035,0.276825,0.444730",,
410,38366,33.0,114.85,0.01623415861844141,0.7437558257766068,154.1700885295868,3835,"104.386536,106.365456","0.872825,0.494949,0.277097,0.444713",,
411,38373,32.0,112.67,0.016071817032256998,0.7436266229115427,154.20976424217224,3836,"104.394585,106.350792","0.872691,0.495003,0.277478,0.444699",,
412,38436,8.0,109.34,0.015911098861934425,0.7723546357266605,154.44869756698608,3842,"104.599403,106.299362","0.871307,0.493335,0.279274,0.446525",,
413,38619,22.0,106.71,0.015751987873315082,0.8995356727577746,155.2016899585724,3860,"104.355240,106.217438","0.877259,0.499009,0.289678,0.453931",,
414,38626,92.0,104.76,0.015594467994581931,0.8996731624566019,155.25376749038696,3861,"104.365471,106.191544","0.877546,0.499417,0.290145,0.454098",,
415,38626,36.0,102.79,0.015594467994581931,0.8996731624566019,155.25376749038696,3861,"104.365471,106.191544","0.877546,0.499417,0.290145,0.454098",,
416,38632,35.0,99.9,0.01528413808148975,0.9012427217327058,155.29711389541626,3862,"104.381737,106.153297","0.877853,0.499964,0.290695,0.454250",,
417,38647,34.0,97.66,0.015131296700674854,0.901473089735955,155.35507798194885,3863,"104.386513,106.097572","0.878333,0.501081,0.291333,0.454254",,
418,38838,25.0,92.91,0.014979983733668104,0.8370319154113531,156.09560751914978,3882,"104.084137,105.934090","0.884231,0.509750,0.298886,0.462672",,
419,38838,26.0,91.88,0.014979983733668104,0.8370319154113531,156.09560751914978,3882,"104.084137,105.934090","0.884231,0.509750,0.298886,0.462672",,
420,38860,114.0,91.59,0.014681882057368109,0.8364183484390378,156.20842027664185,3885,"104.129669,105.843163","0.885513,0.511102,0.299647,0.463074",,
421,38867,132.0,89.58,0.014535063236794427,0.8364183484390378,156.21724438667297,3885,"104.129669,105.843163","0.885513,0.511102,0.299647,0.463074",,
422,38890,33.0,88.47,0.014389712604426484,0.8358961088955402,156.32540583610535,3888,"104.200394,105.741676","0.886580,0.512292,0.300616,0.463532",,
423,38897,35.0,85.25,0.014245815478382218,0.8358961088955402,156.33319067955017,3888,"104.200394,105.741676","0.886580,0.512292,0.300616,0.463532",,
424,38968,105.0,84.48,0.014103357323598397,0.888260991461575,156.61530709266663,3895,"104.182213,105.649689","0.887507,0.512970,0.303208,0.466210",,
425,39095,15.0,82.6,0.013962323750362412,0.9204511261172592,157.13081192970276,3908,"104.000145,105.453606","0.886410,0.514311,0.307744,0.470210",,
426,39206,46.0,80.86,0.013822700512858787,1.0401853249780835,157.61122012138367,3919,"103.639656,105.378464","0.886579,0.513907,0.314829,0.479327",,
427,39661,56.0,76.98,0.013684473507730199,1.1425105842202903,159.39803671836853,3965,"103.495361,105.048775","0.896645,0.513998,0.331718,0.499344",,
428,39676,102.0,73.43,0.013547628772652897,1.118449256271124,159.446120262146,3966,"103.509041,105.027626","0.896688,0.513826,0.331919,0.499380",,
429,39787,115.0,71.94,0.013412152484926368,1.1469486460648477,159.88056182861328,3977,"103.676392,104.886871","0.896736,0.512764,0.335286,0.500618",,
430,39787,112.0,70.93,0.013412152484926368,1.1469486460648477,159.88056182861328,3977,"103.676392,104.886871","0.896736,0.512764,0.335286,0.500618",,
431,39825,124.0,69.07,0.013145250650476333,1.145506947003305,160.04151606559753,3981,"103.684158,104.944206","0.897198,0.512655,0.335770,0.501854",,
432,39856,152.0,69.24,0.01301379814397157,1.1481786756031216,160.16031098365784,3984,"103.685600,105.064651","0.897009,0.511626,0.336005,0.503074",,
433,39887,99.0,68.91,0.012883660162531854,1.1265727190114558,160.2801365852356,3987,"103.728241,105.126831","0.896758,0.511163,0.336630,0.503946",,
434,41278,298.0,70.69,0.012754823560906535,0.9747357393056154,165.72124862670898,4126,"105.951683,106.739578","0.887129,0.452271,0.292660,0.532154",,
435,41365,213.0,70.49,0.01262727532529747,0.9518125082552433,166.06692624092102,4135,"106.208221,106.916222","0.882507,0.449671,0.290242,0.529891",,
436,41852,272.0,71.81,0.012501002572044496,0.8212759440764785,168.00566864013672,4184,"106.680656,107.221413","0.869132,0.439575,0.282490,0.522283",,
437,42003,272.0,73.26,0.01237599254632405,0.8780739183723927,168.6029257774353,4199,"106.851501,107.291245","0.869086,0.437194,0.282261,0.526771",,
438,42010,278.0,74.76,0.012252232620860809,0.8785898448526859,168.63987851142883,4200,"106.843147,107.327415","0.869313,0.437082,0.281895,0.526617",,
439,42097,280.0,76.4,0.012129710294652202,0.9316334515810013,168.9480423927307,4208,"106.965576,107.331322","0.872539,0.434467,0.278047,0.524426",,
440,42464,322.0,78.47,0.01200841319170568,0.8283441038802266,170.3959629535675,4245,"107.293739,107.728958","0.863432,0.424457,0.273114,0.513164",,
441,42607,155.0,78.57,0.011888329059788622,0.8506042858306319,170.9429407119751,4259,"107.490921,107.719315","0.864877,0.421447,0.272174,0.512412",,
442,42742,183.0,79.1,0.011769445769190735,0.8264374279323965,171.48211145401,4273,"107.523041,107.971077","0.865366,0.420866,0.269321,0.510242",,
443,43093,414.0,81.64,0.011651751311498829,0.9247969710733741,172.83179926872253,4308,"107.881905,107.960526","0.854298,0.417257,0.268430,0.507434",,
444,43093,155.0,81.61,0.011651751311498829,0.9247969710733741,172.83179926872253,4308,"107.881905,107.960526","0.854298,0.417257,0.268430,0.507434",,
445,43171,145.0,81.77,0.011419881460400001,0.9628831460047513,173.14078855514526,4316,"107.708565,108.117714","0.851344,0.415965,0.270125,0.505187",,
446,43290,149.0,82.17,0.011305682645796001,1.0537118923757225,173.6800262928009,4328,"107.886261,107.796150","0.851350,0.411456,0.271627,0.507831",,
447,43633,204.0,82.91,0.011192625819338041,1.1476155512686819,175.07318115234375,4362,"107.936470,108.028374","0.839818,0.404113,0.265539,0.511706",,
448,43936,149.0,83.16,0.011080699561144661,1.0358326500002295,176.27295517921448,4392,"107.876640,108.079704","0.830580,0.400539,0.256005,0.504973",,
449,43943,185.0,84.01,0.010969892565533214,1.0350483836326747,176.3203022480011,4393,"107.882423,108.068176","0.830389,0.400672,0.255729,0.504743",149.8,16.460862674841803
450,43982,172.0,84.81,0.010860193639877882,1.0349422432202846,176.47181582450867,4397,"107.977623,107.979065","0.830055,0.401432,0.254852,0.503781",,
451,44285,149.0,85.34,0.010751591703479103,1.114183958368376,177.6527111530304,4427,"108.178596,108.232117","0.821552,0.402086,0.252747,0.502065",,
452,44556,183.0,86.11,0.010644075786444312,1.14053744321689,178.71041655540466,4454,"107.935570,108.039383","0.810961,0.399273,0.255245,0.502895",,
453,44643,169.0,87.53,0.01053763502857987,1.0832779614441097,179.06025457382202,4463,"108.065651,108.122772","0.804545,0.395619,0.254513,0.500127",,
454,44714,193.0,88.19,0.01043225867829407,1.1181173787266017,179.3497133255005,4470,"108.079353,108.156799","0.800016,0.392800,0.252730,0.498705",,
455,45177,155.0,88.71,0.01032793609151113,1.070486688800156,181.18643164634705,4516,"107.713234,108.167465","0.780975,0.390156,0.245958,0.494556",,
456,45416,223.0,89.96,0.010224656730596018,1.0197613990213723,182.16677832603455,4540,"107.745003,108.196754","0.774237,0.390655,0.251652,0.492637",,
457,45607,208.0,91.09,0.010122410163290057,0.9731167373992503,182.91514492034912,4559,"107.412285,108.164459","0.771487,0.388675,0.253948,0.490522",,
458,45694,176.0,91.8,0.010021186061657156,0.9756504555605352,183.26461935043335,4568,"107.599617,108.069534","0.766518,0.385151,0.253300,0.487283",,
459,45901,240.0,93.01,0.01,1.1975209315121174,184.0970802307129,4589,"107.431389,108.256783","0.756085,0.378650,0.253269,0.484854",,
460,46020,163.0,93.62,0.01,1.1765430101938545,184.5662636756897,4601,"107.570213,108.119347","0.752861,0.375729,0.256689,0.483194",,
461,46203,195.0,94.49,0.01,1.1566666047275067,185.34151887893677,4619,"107.515457,108.323730","0.745591,0.373301,0.258618,0.478136",,
462,46826,141.0,95.47,0.01,1.1888521861564367,187.7559778690338,4681,"107.135147,108.567253","0.720111,0.374032,0.255705,0.483330",,
463,46865,289.0,97.35,0.01,1.1885570724587888,187.90502762794495,4685,"107.111862,108.527153","0.718895,0.374428,0.254950,0.484066",,
464,46880,122.0,98.48,0.01,1.1618195895198733,187.97829842567444,4687,"107.102158,108.521828","0.718027,0.374744,0.254785,0.484432",,
465,46895,215.0,99.45,0.01,1.1608248668815941,188.02307796478271,4688,"107.092384,108.530830","0.717661,0.374897,0.254718,0.484520",,
466,47078,184.0,99.9,0.01,1.104265126772225,188.72207021713257,4706,"106.983437,108.575203","0.714226,0.377008,0.255020,0.483584",,
467,47285,135.0,100.01,0.01,1.0093596874829383,189.55475854873657,4727,"107.121048,108.641747","0.705514,0.380281,0.253056,0.479978",,
468,47508,186.0,101.67,0.01,1.0359596838708967,190.4222662448883,4749,"106.884605,108.639267","0.696821,0.379572,0.250880,0.480526",,
469,47643,279.0,103.56,0.01,1.0703458585590124,190.97635078430176,4763,"106.717529,108.600456","0.694238,0.380401,0.250305,0.481452",,
470,47786,62.0,103.07,0.01,0.9497908898070455,191.52251744270325,4777,"106.652153,108.603355","0.692122,0.379312,0.246552,0.483378",,
471,47977,112.0,103.29,0.01,0.8562218420859427,192.3050892353058,4796,"106.720230,108.724403","0.683673,0.377185,0.243419,0.484687",,
472,48040,147.0,103.63,0.01,0.8279664551373571,192.58215594291687,4803,"106.825409,108.741631","0.681916,0.376678,0.243359,0.482774",,
473,48263,180.0,105.26,0.01,0.8182067429926246,193.4587504863739,4825,"106.666428,108.702690","0.678493,0.377929,0.243700,0.482916",,
474,48326,67.0,105.8,0.01,0.7653435695357621,193.68690156936646,4831,"106.695839,108.742149","0.678185,0.377467,0.241879,0.482124",,
475,48405,112.0,106.77,0.01,0.7305652849189938,194.00310349464417,4839,"106.866173,108.718529","0.675685,0.376835,0.240463,0.481806",,
476,48412,96.0,107.62,0.01,0.7010389192216099,194.0241265296936,4840,"106.860046,108.720558","0.675149,0.376858,0.240479,0.482283",,
477,48731,58.0,107.98,0.01,0.7463775741960853,195.2798879146576,4872,"106.875534,108.848457","0.658371,0.380114,0.245601,0.477066",,
478,48746,232.0,110.2,0.01,0.7466300513129681,195.32361721992493,4873,"106.868500,108.830383","0.658395,0.380106,0.245777,0.476977",,
479,48753,89.0,110.93,0.01,0.7459846788551658,195.35941243171692,4874,"106.860497,108.813042","0.658393,0.380082,0.245932,0.476909",,
480,49032,78.0,111.53,0.01,0.6380149090848863,196.44504165649414,4902,"106.398552,108.823616","0.657388,0.381562,0.245788,0.476273",,
481,49047,134.0,111.98,0.01,0.6377837811782956,196.49146151542664,4903,"106.438850,108.809425","0.656967,0.381425,0.245666,0.476408",,
482,49062,81.0,112.7,0.01,0.6379685596004129,196.5652391910553,4905,"106.508942,108.737251","0.656553,0.381278,0.245714,0.476790",,
483,49093,96.0,112.74,0.01,0.6379846207424998,196.67872524261475,4908,"106.586609,108.694260","0.655378,0.380737,0.245857,0.477293",,
484,49140,284.0,114.49,0.01,0.6388122940342873,196.86122131347656,4913,"106.504356,108.805893","0.653842,0.379609,0.246048,0.477967",,
485,49531,60.0,115.0,0.01,0.512268764944747,198.43524527549744,4952,"106.739464,108.807968","0.637239,0.375386,0.242500,0.482512",,
486,49578,104.0,115.86,0.01,0.5132444864418357,198.6203191280365,4956,"106.742317,108.798454","0.635875,0.374664,0.241714,0.482878",,
487,49601,109.0,116.81,0.01,0.5120349717605859,198.74246859550476,4959,"106.681892,108.812187","0.635520,0.374223,0.241237,0.483200",,
488,49608,58.0,116.39,0.01,0.5120349717605859,198.74625992774963,4959,"106.681892,108.812187","0.635520,0.374223,0.241237,0.483200",,
489,49631,71.0,117.01,0.01,0.5125323241204023,198.85707020759583,4962,"106.636742,108.853287","0.634833,0.373924,0.240716,0.483235",,
490,49678,73.0,117.65,0.01,0.48298814761452374,199.07418084144592,4966,"106.703094,108.836784","0.634272,0.373648,0.239888,0.483315",,
491,49845,102.0,117.8,0.01,0.5080372432246805,199.84985423088074,4983,"106.645363,108.802528","0.632665,0.374854,0.241501,0.483406",,
492,49860,139.0,119.01,0.01,0.48370075615122915,199.92221426963806,4985,"106.636581,108.746025","0.632355,0.375190,0.242023,0.483591",,
493,50035,57.0,119.5,0.01,0.5118801878113299,200.5922966003418,5002,"106.653091,108.739151","0.628980,0.376015,0.244147,0.482244",,
494,50098,62.0,119.99,0.01,0.4827902097348124,200.851313829422,5008,"106.567360,108.823936","0.628460,0.376556,0.244364,0.482185",,
495,50169,70.0,120.43,0.01,0.46621589292772114,201.13691878318787,5015,"106.607254,108.702805","0.626363,0.376814,0.245434,0.481949",,
496,50240,70.0,120.99,0.01,0.4931979565974325,201.44718980789185,5023,"106.480431,108.746170","0.625021,0.376396,0.246918,0.482748",,
497,50319,99.0,121.83,0.01,0.5426341365883127,201.73148393630981,5030,"106.530151,108.628838","0.624172,0.375525,0.247903,0.483249",,
498,50382,67.0,122.34,0.01,0.5498909260286018,202.0044708251953,5037,"106.495171,108.710617","0.622966,0.374302,0.248622,0.483433",,
499,50533,113.0,123.34,0.01,0.5368383462773636,202.5940887928009,5052,"106.634682,108.721123","0.619238,0.373219,0.247225,0.482831",87.6,10.091580649234292
500,50676,72.0,123.98,0.01,0.5876374264713377,203.14681887626648,5066,"106.670837,108.771606","0.619250,0.372353,0.246647,0.481243",,
501,50899,82.0,124.71,0.01,0.6142762665823102,204.04140949249268,5088,"106.469574,108.642212","0.615749,0.375611,0.244467,0.477604",,
502,50938,135.0,125.98,0.01,0.6133098938222975,204.20896983146667,5092,"106.417625,108.604965","0.615018,0.376145,0.244078,0.476993",,
503,50969,117.0,127.05,0.01,0.5863229414913803,204.33585953712463,5095,"106.370514,108.594833","0.614257,0.376334,0.243840,0.476767",,
504,50984,102.0,127.85,0.01,0.5857740456890315,204.41544151306152,5097,"106.316963,108.585449","0.613870,0.376473,0.243952,0.476672",,
505,51031,81.0,128.3,0.01,0.5852815993502736,204.60889744758606,5102,"106.147621,108.516563","0.613834,0.377674,0.245053,0.475891",,
506,51118,100.0,129.09,0.01,0.5824529773136601,204.9521565437317,5110,"105.958977,108.450539","0.614631,0.379427,0.245800,0.474144",,
507,51261,91.0,129.69,0.01,0.6685895971441641,205.53764867782593,5125,"105.746277,108.354797","0.613153,0.382093,0.247702,0.471063",,
508,51324,81.0,130.23,0.01,0.6663425173470751,205.76662921905518,5131,"105.725838,108.287140","0.613889,0.382331,0.247598,0.469867",,
509,51571,67.0,130.44,0.01,0.6632167717395351,206.76081109046936,5156,"105.516060,108.170998","0.615117,0.380859,0.248091,0.468795",,
510,51714,97.0,131.08,0.01,0.7785821344703436,207.34064626693726,5170,"105.442963,108.135040","0.615263,0.382046,0.249048,0.466772",,
511,51737,96.0,131.72,0.01,0.7783072805218398,207.42255330085754,5172,"105.434410,108.156418","0.615039,0.382139,0.249024,0.466929",,
512,51776,64.0,132.28,0.01,0.7772992304898798,207.59362077713013,5176,"105.405243,108.163818","0.614624,0.382052,0.249461,0.467137",,
513,51807,103.0,133.09,0.01,0.7768778466526419,207.71341371536255,5179,"105.432434,108.109009","0.614427,0.381927,0.249518,0.467047",,
514,51958,133.0,133.5,0.01,0.7437283456791193,208.31009125709534,5194,"105.231911,108.018372","0.614413,0.381017,0.251918,0.467300",,
515,51973,107.0,134.21,0.01,0.7134874849487096,208.3841896057129,5196,"105.230858,107.973503","0.614218,0.380928,0.252485,0.467356",,
516,52132,101.0,134.87,0.01,0.8224183581769466,209.04794788360596,5212,"105.007027,107.915497","0.614177,0.381633,0.254928,0.468789",,
517,52219,60.0,135.13,0.01,0.7637924241181463,209.38747262954712,5220,"105.053436,107.873123","0.614137,0.382648,0.257088,0.468418",,
518,52306,92.0,135.8,0.01,0.7697329429769888,209.77232813835144,5229,"105.036316,107.827782","0.614219,0.383188,0.258542,0.468979",,
519,52337,66.0,136.2,0.01,0.7394632108835504,209.89265275001526,5232,"105.024437,107.807533","0.614282,0.383186,0.258932,0.469919",,
520,52504,66.0,135.72,0.01,0.7182570096803829,210.54339838027954,5249,"104.824425,107.663544","0.615112,0.383727,0.259802,0.471078",,
521,52623,114.0,135.54,0.01,0.7712339268811047,211.0123679637909,5261,"104.546768,107.550171","0.617132,0.384902,0.261708,0.471818",,
522,52862,136.0,136.57,0.01,0.8216060289554298,211.93087816238403,5285,"104.234390,107.315514","0.618871,0.384510,0.265491,0.475436",,
523,52877,115.0,137.37,0.01,0.8215093858540058,211.9747531414032,5286,"104.234138,107.313744","0.618976,0.384453,0.265653,0.475551",,
524,52884,83.0,137.15,0.01,0.8215985638648271,212.0107455253601,5287,"104.220810,107.300453","0.619083,0.384475,0.266025,0.475669",,
525,53019,85.0,137.85,0.01,0.8187915951292962,212.5203673839569,5300,"104.195045,107.276039","0.619696,0.384638,0.269483,0.476740",,
526,53066,95.0,138.34,0.01,0.8732618642412127,212.71131134033203,5305,"104.279610,107.137009","0.619712,0.385183,0.270857,0.476874",,
527,53113,123.0,139.01,0.01,0.873640810623765,212.90313506126404,5310,"104.230377,107.277214","0.619401,0.385296,0.270748,0.476870",,
528,53200,72.0,138.71,0.01,0.8691536208800972,213.24661993980408,5319,"104.356194,107.105171","0.619488,0.385163,0.272186,0.477397",,
529,53231,91.0,138.47,0.01,0.841417749915272,213.3616156578064,5322,"104.268013,107.171234","0.619523,0.384988,0.272614,0.477780",,
530,53374,64.0,137.99,0.01,0.8363531728368252,213.8982982635498,5336,"104.264702,107.035896","0.619492,0.383748,0.275342,0.481820",,
531,53677,99.0,137.74,0.01,0.8036166394921019,215.05464363098145,5366,"104.422714,107.058891","0.617632,0.380475,0.275656,0.481502",,
532,53740,78.0,137.0,0.01,0.7460387980984524,215.31516242027283,5373,"104.387512,107.034241","0.617437,0.380294,0.277521,0.480822",,
533,53819,94.0,136.95,0.01,0.8300941319996491,215.58536791801453,5380,"104.264221,107.007126","0.617203,0.381260,0.280944,0.480476",,
534,53842,103.0,135.0,0.01,0.8301729388302193,215.6934473514557,5383,"104.339134,106.936195","0.617023,0.381787,0.282542,0.480003",,
535,53857,123.0,134.1,0.01,0.8299577201483771,215.7370617389679,5384,"104.365021,106.926010","0.616963,0.381775,0.282865,0.479918",,
536,53992,95.0,132.33,0.01,0.7710798690794036,216.26317524909973,5398,"104.508980,107.026749","0.615809,0.382815,0.286426,0.476479",,
537,54023,103.0,130.64,0.01,0.744896209561266,216.3809940814972,5401,"104.544487,106.986053","0.615655,0.383075,0.286934,0.475917",,
538,54150,59.0,128.45,0.01,0.7170799462450668,216.89243030548096,5414,"104.528549,107.054131","0.614838,0.383434,0.289791,0.474583",,
539,54213,59.0,126.24,0.01,0.7446896763099358,217.1243555545807,5420,"104.505264,107.033188","0.614856,0.382842,0.291365,0.475054",,
540,54228,107.0,124.09,0.01,0.7450911873998121,217.16882705688477,5421,"104.476562,107.053024","0.614877,0.382718,0.291609,0.475122",,
541,54323,58.0,123.12,0.01,0.7444831133820117,217.55406403541565,5431,"104.495186,106.929382","0.615378,0.381281,0.294209,0.475208",,
542,54498,63.0,121.92,0.01,0.8797415989078581,218.2211151123047,5448,"104.375961,106.864479","0.616973,0.378657,0.295343,0.477855",,
543,54513,61.0,118.39,0.01,0.8786553459241986,218.29565405845642,5450,"104.357521,106.836998","0.617168,0.378830,0.296115,0.477978",,
544,54696,110.0,117.94,0.01,0.8524043962266297,218.98703837394714,5468,"104.105476,106.822853","0.617308,0.380518,0.299801,0.477410",,
545,54743,74.0,117.23,0.01,0.8508661865536123,219.176584482193,5473,"104.011017,106.784142","0.617342,0.380720,0.300714,0.477933",,
546,54790,70.0,116.44,0.01,0.8512852206546814,219.37732005119324,5478,"104.021103,106.734390","0.617399,0.380491,0.301311,0.478368",,
547,54797,120.0,115.6,0.01,0.8512852206546814,219.38589596748352,5478,"104.021103,106.734390","0.617399,0.380491,0.301311,0.478368",,
548,54804,74.0,114.85,0.01,0.8533193197567016,219.42157745361328,5479,"104.015984,106.725082","0.617412,0.380542,0.301425,0.478464",,
549,54939,77.0,113.77,0.01,0.8241755992360413,219.9272005558014,5492,"103.887360,106.710213","0.617127,0.381595,0.305332,0.479002",69.6,8.522910301065007
550,55018,65.0,112.7,0.01,0.8231464231666178,220.23740577697754,5500,"103.911613,106.685074","0.617027,0.381838,0.306755,0.478932",,
551,55025,64.0,111.85,0.01,0.7964157250430435,220.27316999435425,5501,"103.898865,106.667015","0.617060,0.381863,0.306955,0.478982",,
552,55208,64.0,110.66,0.01,0.7374622590979562,220.97587728500366,5519,"103.702362,106.552567","0.617966,0.381667,0.310263,0.478051",,
553,55375,71.0,109.68,0.01,0.7917855244269595,221.61695289611816,5536,"103.735039,106.599792","0.617226,0.379668,0.310878,0.476671",,
554,55398,76.0,108.51,0.01,0.7917150695854798,221.69996452331543,5538,"103.678139,106.643852","0.617232,0.379603,0.310914,0.476444",,
555,55405,58.0,107.54,0.01,0.7916391045926139,221.7349648475647,5539,"103.648827,106.651169","0.617256,0.379663,0.311036,0.476346",,
556,55428,86.0,106.17,0.01,0.7917821740033105,221.81471753120422,5541,"103.616386,106.644684","0.617435,0.379776,0.311337,0.476086",,
557,55539,93.0,105.02,0.01,0.7908347158087418,222.2380359172821,5552,"103.743050,106.552208","0.618031,0.379125,0.312489,0.475193",,
558,55570,68.0,103.94,0.01,0.817928012679331,222.38333797454834,5556,"103.664803,106.561005","0.618170,0.378823,0.313021,0.475316",,
559,55697,85.0,102.39,0.01,0.8176278505241499,222.85490202903748,5568,"103.693665,106.528343","0.618412,0.377426,0.314189,0.474465",,
560,55912,67.0,101.43,0.01,0.8115070680249482,223.76763772964478,5590,"103.723259,106.576309","0.618661,0.376814,0.317381,0.470329",,
561,55919,64.0,100.12,0.01,0.8115070680249482,223.7897572517395,5590,"103.723259,106.576309","0.618661,0.376814,0.317381,0.470329",,
562,55919,61.0,99.32,0.01,0.8115070680249482,223.7897572517395,5590,"103.723259,106.576309","0.618661,0.376814,0.317381,0.470329",,
563,55949,69.0,97.12,0.01,0.8384117447864264,223.91270971298218,5593,"103.737732,106.500755","0.618785,0.377101,0.318716,0.469677",,
564,55964,95.0,96.85,0.01,0.8383668937999755,223.9840226173401,5595,"103.753677,106.469231","0.618869,0.377280,0.319444,0.469264",,
565,56083,64.0,95.34,0.01,0.89165028097108,224.49002766609192,5607,"103.601334,106.543739","0.618691,0.377031,0.320635,0.467614",,
566,56114,72.0,94.22,0.01,0.9442695069871843,224.6158561706543,5610,"103.672379,106.494614","0.618734,0.376761,0.320733,0.467614",,
567,56329,51.0,93.38,0.01,1.0241348301107065,225.52173972129822,5631,"103.496155,106.471291","0.618738,0.372288,0.321483,0.465010",,
568,56344,49.0,92.01,0.01,1.0492747485404834,225.5969295501709,5633,"103.481056,106.445602","0.618794,0.372160,0.321971,0.464704",,
569,56351,82.0,90.04,0.01,1.0494709620950744,225.63717103004456,5634,"103.466797,106.439789","0.618814,0.372050,0.322041,0.464536",,
570,56470,63.0,90.05,0.01,0.9661514258757233,226.11876130104065,5646,"103.364822,106.451035","0.618625,0.368869,0.323639,0.464289",,
571,56509,75.0,89.68,0.01,0.9647226219344884,226.2457790374756,5649,"103.314293,106.446465","0.618638,0.368644,0.324462,0.463972",,
572,56724,101.0,89.22,0.01,0.9358208610489964,227.10045313835144,5671,"103.463310,106.450943","0.616637,0.362830,0.329965,0.462243",,
573,56739,78.0,88.2,0.01,0.9358780389279127,227.1488242149353,5672,"103.458809,106.463898","0.616542,0.362463,0.330118,0.462206",,
574,56818,61.0,88.14,0.01,0.9333209479879588,227.4590244293213,5680,"103.406548,106.494934","0.615847,0.360390,0.331282,0.462014",,
575,56953,109.0,88.11,0.01,0.9328633891977369,228.00500583648682,5694,"103.451363,106.492592","0.614282,0.357395,0.331602,0.461084",,
576,56976,79.0,87.94,0.01,0.9328287810180336,228.08640718460083,5696,"103.428993,106.530830","0.614044,0.356971,0.331785,0.460648",,
577,57071,70.0,88.06,0.01,0.9328864152543247,228.48003959655762,5706,"103.371994,106.488190","0.613427,0.355213,0.332871,0.459721",,
578,57118,81.0,86.55,0.01,0.9063756399508566,228.64823698997498,5710,"103.344986,106.491714","0.613072,0.354118,0.333081,0.459725",,
579,57253,64.0,86.3,0.01,0.9333226444292814,229.18252277374268,5724,"103.267929,106.503769","0.611466,0.350297,0.334452,0.459101",,
580,57260,114.0,86.66,0.01,0.988566040256992,229.22020173072815,5725,"103.251457,106.507179","0.611400,0.350247,0.334653,0.458949",,
581,57483,83.0,86.15,0.01,1.0709930613124743,230.0711531639099,5747,"103.083557,106.573509","0.610702,0.350466,0.338170,0.454853",,
582,57506,98.0,86.32,0.01,1.098772052708082,230.14933061599731,5749,"103.051102,106.605629","0.610746,0.350466,0.338099,0.454535",,
583,57601,81.0,86.17,0.01,1.182263005594723,230.54529237747192,5759,"103.023277,106.536018","0.610664,0.349736,0.339288,0.453765",,
584,57632,70.0,84.03,0.01,1.1820912973722444,230.66699290275574,5762,"103.027512,106.562111","0.610480,0.348872,0.339397,0.453720",,
585,57767,81.0,84.24,0.01,1.2079081304231658,231.19360256195068,5775,"102.990273,106.588768","0.610155,0.345402,0.337369,0.452152",,
586,57774,64.0,83.84,0.01,1.2078093116777018,231.24406099319458,5776,"102.968689,106.593033","0.610218,0.345362,0.337105,0.451994",,
587,57917,83.0,83.58,0.01,1.1256264550425112,231.81446170806885,5790,"102.875000,106.586998","0.610363,0.344125,0.335849,0.449977",,
588,58036,133.0,84.33,0.01,1.1809132499992847,232.3020761013031,5802,"102.746468,106.597191","0.610205,0.342827,0.336196,0.448281",,
589,58171,86.0,84.48,0.01,1.0984598795929923,232.9130825996399,5816,"102.812218,106.599831","0.609857,0.340361,0.334954,0.447100",,
590,58186,69.0,84.44,0.01,1.0981572794215753,232.95832324028015,5817,"102.805878,106.606705","0.609844,0.340180,0.334889,0.447022",,
591,58273,96.0,84.38,0.01,0.9879551014443859,233.31853914260864,5826,"102.908203,106.648842","0.609437,0.337621,0.334046,0.446018",,
592,58328,70.0,83.69,0.01,0.961221241755411,233.5050220489502,5831,"102.949043,106.660614","0.609232,0.336696,0.333736,0.445136",,
593,58511,92.0,84.04,0.01,0.8836597782792524,234.2539985179901,5850,"103.068604,106.835159","0.608722,0.332772,0.327040,0.440103",,
594,58686,81.0,84.23,0.01,0.911795710772276,234.98512506484985,5867,"102.855736,106.758141","0.609573,0.331420,0.322520,0.436958",,
595,58861,158.0,85.11,0.01,0.9122732926649042,235.67242097854614,5885,"102.851097,106.775703","0.609467,0.330774,0.319687,0.433301",,
596,58868,22.0,84.63,0.01,0.9122732926649042,235.6932828426361,5885,"102.851097,106.775703","0.609467,0.330774,0.319687,0.433301",,
597,59011,103.0,84.67,0.01,0.9930420349119231,236.32114458084106,5900,"102.711731,106.794868","0.609829,0.330378,0.316869,0.429951",,
598,59018,86.0,84.86,0.01,0.9930420349119231,236.32114458084106,5900,"102.711731,106.794868","0.609829,0.330378,0.316869,0.429951",,
599,59018,106.0,84.79,0.01,0.9930420349119231,236.32114458084106,5900,"102.711731,106.794868","0.609829,0.330378,0.316869,0.429951",78.6,8.867919710958146
600,59184,84.0,84.91,0.01,0.9921411617705599,236.9757924079895,5917,"102.675453,106.792198","0.609898,0.328180,0.314429,0.427379",,
601,59184,159.0,85.68,0.01,0.9921411617705599,236.9757924079895,5917,"102.675453,106.792198","0.609898,0.328180,0.314429,0.427379",,
602,59462,75.0,85.08,0.01,0.879757187999785,238.0865089893341,5945,"102.447517,106.894257","0.609915,0.327092,0.310778,0.423810",,
603,59525,157.0,85.48,0.01,0.8508244535396807,238.33545804023743,5951,"102.509575,106.837448","0.610038,0.327131,0.310670,0.422702",,
604,59532,65.0,85.11,0.01,0.822723498523701,238.36714959144592,5952,"102.499039,106.840500","0.610094,0.327217,0.310723,0.422530",,
605,59595,72.0,85.02,0.01,0.7938414239487611,238.60825753211975,5958,"102.416855,106.873466","0.610250,0.327265,0.311090,0.422246",,
606,59754,92.0,84.94,0.01,0.8210294096427969,239.22204661369324,5974,"102.278862,106.796844","0.611337,0.328272,0.312082,0.421214",,
607,59833,81.0,84.84,0.01,0.8750577903888188,239.51112389564514,5982,"102.139420,106.769211","0.612262,0.328875,0.312306,0.420272",,
608,59904,90.0,84.93,0.01,0.8745591111923567,239.78601717948914,5989,"102.069679,106.732300","0.613001,0.329588,0.312742,0.419545",,
609,59904,130.0,85.56,0.01,0.8745591111923567,239.78601717948914,5989,"102.069679,106.732300","0.613001,0.329588,0.312742,0.419545",,
610,60062,75.0,85.34,0.01,0.7619098879955709,240.40491271018982,6005,"102.058235,106.710892","0.613820,0.330154,0.313573,0.418825",,
611,60349,102.0,85.4,0.01,0.8923621780890971,241.49749565124512,6033,"101.853722,106.607246","0.616256,0.332347,0.317402,0.416716",,
612,60420,73.0,85.49,0.01,0.9183126997807994,241.79697251319885,6041,"101.751266,106.610077","0.617229,0.333665,0.319605,0.415424",,
613,60443,67.0,85.13,0.01,0.944367460408248,241.88230347633362,6043,"101.728767,106.625847","0.617440,0.334050,0.319995,0.415078",,
614,60554,81.0,84.61,0.01,0.9151547884754837,242.3152711391449,6054,"101.667130,106.579605","0.618689,0.335951,0.321193,0.413923",,
615,60633,139.0,84.93,0.01,0.9135431666718796,242.64138269424438,6062,"101.645370,106.482468","0.619695,0.337581,0.321234,0.413350",,
616,60648,73.0,84.65,0.01,0.8868832467356697,242.6732428073883,6063,"101.654572,106.450996","0.619897,0.337834,0.321192,0.413300",,
617,60895,143.0,85.48,0.01,0.9371496718446725,243.65401101112366,6088,"101.403458,106.399857","0.622568,0.340319,0.321965,0.412929",,
618,60902,164.0,86.2,0.01,0.9371001039328984,243.7019898891449,6089,"101.426888,106.378128","0.622703,0.340266,0.321964,0.412963",,
619,60957,76.0,86.3,0.01,0.9620463989162817,243.89371871948242,6094,"101.411407,106.383255","0.623350,0.340489,0.321834,0.412690",,
620,61124,85.0,86.49,0.01,0.9624992945231498,244.57483220100403,6111,"101.257812,106.329178","0.625964,0.343580,0.320633,0.412220",,
621,61331,114.0,86.49,0.01,0.9575944550195709,245.39700078964233,6132,"101.167694,106.224976","0.627887,0.346565,0.323723,0.411302",,
622,61410,95.0,86.08,0.01,1.0343000509869307,245.69996428489685,6140,"101.068878,106.188820","0.629350,0.348471,0.326374,0.410531",,
623,61417,98.0,85.91,0.01,1.0343000509869307,245.71590614318848,6140,"101.068878,106.188820","0.629350,0.348471,0.326374,0.410531",,
624,61417,108.0,86.16,0.01,1.0343000509869307,245.71590614318848,6140,"101.068878,106.188820","0.629350,0.348471,0.326374,0.410531",,
625,61471,71.0,86.02,0.01,0.9802278481470421,245.95340538024902,6146,"101.125114,106.161980","0.630340,0.349346,0.327387,0.410259",,
626,61510,77.0,85.84,0.01,0.9269466582569293,246.10827589035034,6150,"101.115265,106.176369","0.630865,0.349849,0.327178,0.409968",,
627,61581,78.0,85.39,0.01,0.951176003171131,246.37790417671204,6157,"101.121452,106.162399","0.632243,0.351094,0.327254,0.409390",,
628,61708,73.0,85.4,0.01,0.9725776030262933,246.84122467041016,6169,"101.032906,106.114891","0.634346,0.354490,0.329490,0.407411",,
629,61915,73.0,85.22,0.01,0.9938836436159909,247.6649296283722,6190,"101.064636,106.074280","0.637524,0.359236,0.334086,0.405292",,
630,61922,63.0,85.21,0.01,0.993855336336419,247.6879162788391,6191,"101.038963,106.093048","0.637625,0.359532,0.334354,0.405170",,
631,62025,77.0,84.99,0.01,0.9948795873112977,248.08536171913147,6201,"101.012032,105.989288","0.638747,0.361739,0.336669,0.405439",,
632,62064,74.0,84.95,0.01,0.995010718377307,248.24195742607117,6205,"100.954269,106.060127","0.639132,0.362497,0.337348,0.405482",,
633,62064,69.0,84.7,0.01,0.995010718377307,248.24195742607117,6205,"100.954269,106.060127","0.639132,0.362497,0.337348,0.405482",,
634,62070,82.0,84.49,0.01,0.9949976413929835,248.2842288017273,6206,"100.952126,106.076538","0.639189,0.362600,0.337451,0.405479",,
635,62293,89.0,84.15,0.01,0.9662150350469164,249.11760759353638,6228,"101.181480,105.956932","0.641439,0.367712,0.342414,0.403285",,
636,62404,87.0,84.07,0.01,0.8846722983405926,249.53224921226501,6239,"101.117722,105.919533","0.643604,0.371561,0.347224,0.402560",,
637,62435,64.0,83.68,0.01,0.8581142210238614,249.63240218162537,6242,"101.126442,105.860489","0.644144,0.372204,0.348317,0.402689",,
638,62458,68.0,83.77,0.01,0.8585009943903423,249.70408463478088,6244,"101.087166,105.891113","0.644437,0.372658,0.348998,0.402747",,
639,62537,59.0,83.77,0.01,0.8571270386665129,249.9892258644104,6252,"100.998581,105.892799","0.645712,0.375641,0.352273,0.402289",,
640,62552,61.0,83.31,0.01,0.8572861284925603,250.0529763698578,6254,"101.062286,105.851097","0.646114,0.376311,0.352767,0.402030",,
641,62559,67.0,83.4,0.01,0.8572861284925603,250.06883192062378,6254,"101.062286,105.851097","0.646114,0.376311,0.352767,0.402030",,
642,62710,80.0,83.57,0.01,0.9534273571497761,250.65020942687988,6270,"101.036316,105.783928","0.649324,0.381683,0.358030,0.402068",,
643,62965,84.0,83.8,0.01,0.8412429044465535,251.67307329177856,6295,"100.921951,105.698265","0.655077,0.392010,0.368583,0.399150",,
644,62980,65.0,83.35,0.01,0.8644935831683688,251.7589452266693,6297,"100.951393,105.666069","0.655584,0.392882,0.369554,0.398880",,
645,62980,68.0,83.29,0.01,0.8644935831683688,251.7589452266693,6297,"100.951393,105.666069","0.655584,0.392882,0.369554,0.398880",,
646,62994,74.0,83.33,0.01,0.8644567146408372,251.79703378677368,6298,"100.954483,105.658157","0.655856,0.393408,0.370030,0.398695",,
647,63121,73.0,82.86,0.01,0.9076082472293637,252.30225133895874,6311,"100.819588,105.620338","0.659563,0.402148,0.378861,0.394501",,
648,63192,80.0,82.92,0.01,0.9305983775178902,252.60381054878235,6318,"100.901642,105.597481","0.660841,0.404422,0.381408,0.392612",,
649,63239,66.0,82.81,0.01,0.931052439424675,252.78824257850647,6322,"100.906494,105.636421","0.661406,0.405529,0.382711,0.391980",66.8,8.059776671843954
650,63262,88.0,83.04,0.01,0.9539130337606184,252.90007066726685,6325,"100.924858,105.667259","0.661861,0.406411,0.383949,0.391202",,
651,63453,57.0,82.97,0.01,0.9267193200229668,253.65364575386047,6344,"101.151123,105.608719","0.664100,0.413197,0.390138,0.387111",,
652,63476,62.0,82.95,0.01,0.9518161548650823,253.73901200294495,6346,"101.190895,105.607643","0.664180,0.414084,0.391103,0.386676",,
653,63523,68.0,82.92,0.01,0.9762528006243519,253.92536234855652,6351,"101.277946,105.691788","0.664572,0.415948,0.393492,0.385180",,
654,63570,76.0,82.92,0.01,0.9529634352168068,254.11400389671326,6356,"101.378082,105.729866","0.664940,0.417701,0.395826,0.384046",,
655,63681,70.0,83.04,0.01,0.9251527548534796,254.56136441230774,6367,"101.472527,105.710167","0.667956,0.425896,0.402323,0.379460",,
656,63728,67.0,82.85,0.01,0.8983689816179685,254.71495127677917,6371,"101.592400,105.642876","0.669198,0.428607,0.404503,0.378541",,
657,63767,63.0,82.55,0.01,0.8991155407601036,254.87465620040894,6375,"101.632309,105.751816","0.670147,0.430898,0.406166,0.377504",,
658,63854,77.0,82.64,0.01,0.8987607276742346,255.2151072025299,6384,"101.848976,105.716583","0.671522,0.435255,0.410309,0.375012",,
659,63989,67.0,82.46,0.01,1.0140403170674108,255.72475814819336,6397,"102.152466,105.917809","0.673471,0.442688,0.420027,0.368650",,
660,64044,71.0,82.5,0.01,1.014019143001642,255.93974781036377,6403,"102.270462,105.982964","0.674291,0.446375,0.427909,0.366131",,
661,64075,69.0,82.55,0.01,1.0601697984733618,256.04632902145386,6406,"102.254745,106.089249","0.674879,0.448959,0.431706,0.364713",,
662,64130,70.0,82.64,0.01,1.061540700495243,256.26317715644836,6412,"102.316887,106.064713","0.676271,0.454369,0.438662,0.362056",,
663,64145,58.0,82.53,0.01,1.085324412472546,256.31131529808044,6413,"102.353920,106.035645","0.676473,0.455062,0.439844,0.361636",,
664,64176,56.0,82.14,0.01,1.1086365578509867,256.42229318618774,6416,"102.483902,106.039619","0.677136,0.456908,0.442455,0.360375",,
665,64199,54.0,82.04,0.01,1.131349255302921,256.51770877838135,6418,"102.548660,106.114334","0.677597,0.458209,0.444154,0.359322",,
666,64294,55.0,81.87,0.01,1.1253905808832496,256.8845500946045,6428,"102.730934,106.224411","0.680004,0.462907,0.450849,0.355948",,
667,64573,73.0,82.09,0.01,1.109561114194803,257.9473156929016,6456,"103.399979,106.631226","0.682573,0.462550,0.469181,0.350271",,
668,64620,68.0,82.28,0.01,1.0357894101319836,258.12052726745605,6461,"103.411674,106.797981","0.683454,0.463133,0.472999,0.350659",,
669,64643,64.0,82.1,0.01,1.0138509575789794,258.20017170906067,6463,"103.456558,106.823967","0.683804,0.463460,0.474239,0.350664",,
670,64658,77.0,82.24,0.01,1.0383749375259503,258.2474992275238,6464,"103.477394,106.813782","0.684110,0.464067,0.475115,0.350405",,
671,64673,66.0,82.15,0.01,1.0389716958673672,258.3199315071106,6466,"103.528198,106.772064","0.684634,0.465152,0.476920,0.350063",,
672,64736,67.0,81.81,0.01,1.037860545986332,258.54771876335144,6472,"103.639297,106.837852","0.685535,0.466941,0.482523,0.349507",,
673,64736,70.0,81.73,0.01,1.037860545986332,258.54771876335144,6472,"103.639297,106.837852","0.685535,0.466941,0.482523,0.349507",,
674,64758,23.0,81.35,0.01,1.060249377922155,258.6190185546875,6474,"103.629166,106.851387","0.685908,0.467997,0.485390,0.348956",,
675,64773,19.0,80.45,0.01,1.061367357154377,258.6918435096741,6476,"103.591866,106.875671","0.686243,0.468830,0.488354,0.348444",,
676,64773,60.0,80.26,0.01,1.061367357154377,258.6924617290497,6476,"103.591866,106.875671","0.686243,0.468830,0.488354,0.348444",,
677,64779,17.0,79.73,0.01,1.061367357154377,258.6924617290497,6476,"103.591866,106.875671","0.686243,0.468830,0.488354,0.348444",,
678,64794,15.0,79.07,0.01,1.0856089206645265,258.7556064128876,6478,"103.551834,106.897675","0.686485,0.469341,0.491548,0.348025",,
679,64841,13.0,78.56,0.01,1.0622181188547983,258.9412491321564,6483,"103.509735,106.936325","0.687208,0.470218,0.497252,0.347560",,
680,64944,20.0,77.62,0.01,1.1349042079830542,259.3253712654114,6493,"103.436195,106.939148","0.689863,0.472198,0.509390,0.348465",,
681,64959,23.0,77.02,0.01,1.135462487381883,259.36979699134827,6494,"103.457611,106.935661","0.689981,0.472079,0.510371,0.348388",,
682,64982,17.0,76.21,0.01,1.114036453119479,259.4801375865936,6497,"103.482536,106.941910","0.690290,0.471854,0.513368,0.348229",,
683,65165,64.0,76.04,0.01,1.0445277403807267,260.16657066345215,6515,"103.403290,107.071213","0.693751,0.476632,0.534438,0.343208",,
684,65236,63.0,75.97,0.01,1.138463481995277,260.4263687133789,6522,"103.252174,107.074753","0.695783,0.480050,0.544051,0.340234",,
685,65236,60.0,75.76,0.01,1.138463481995277,260.4263687133789,6522,"103.252174,107.074753","0.695783,0.480050,0.544051,0.340234",,
686,65322,69.0,75.81,0.01,1.0669078064151107,260.77526092529297,6531,"103.343933,107.187164","0.696954,0.479458,0.549859,0.340745",,
687,65385,74.0,75.72,0.01,1.0467902212310582,261.0062394142151,6537,"103.352623,107.136490","0.698178,0.481442,0.555025,0.340305",,
688,65432,13.0,74.52,0.01,1.0706163954082877,261.1900084018707,6542,"103.284874,107.302391","0.699368,0.482774,0.558899,0.340184",,
689,65463,63.0,74.29,0.01,1.0469627196900546,261.31136178970337,6545,"103.314514,107.333580","0.700171,0.483301,0.561130,0.340166",,
690,65478,67.0,74.27,0.01,1.047833984894678,261.35242199897766,6546,"103.352600,107.290176","0.700400,0.483395,0.562568,0.340295",,
691,65509,66.0,73.97,0.01,1.0475369723234325,261.4624710083008,6549,"103.400558,107.290115","0.701262,0.483444,0.566666,0.340996",,
692,65620,23.0,73.5,0.01,1.03048576194793,261.89707255363464,6561,"103.308060,107.311401","0.704739,0.486477,0.578144,0.339292",,
693,65747,73.0,73.31,0.01,1.0582591680809856,262.3460295200348,6573,"102.953835,107.442596","0.707950,0.489941,0.588824,0.337358",,
694,65754,65.0,73.15,0.01,1.0586727515608072,262.3784329891205,6574,"102.984085,107.410187","0.708143,0.489849,0.589415,0.337509",,
695,65754,65.0,72.22,0.01,1.0586727515608072,262.3784329891205,6574,"102.984085,107.410187","0.708143,0.489849,0.589415,0.337509",,
696,65904,18.0,72.18,0.01,1.0774151982925833,262.9186689853668,6589,"102.867737,107.431030","0.714040,0.493443,0.599574,0.337390",,
697,65951,71.0,71.86,0.01,1.0331116767786443,263.09894824028015,6594,"102.916527,107.288643","0.716231,0.493306,0.603613,0.339023",,
698,66054,18.0,71.18,0.01,0.9881477412953973,263.4659106731415,6604,"102.812653,107.476105","0.717984,0.490614,0.613356,0.341971",,
699,66117,82.0,70.94,0.01,0.9480142253264785,263.692227602005,6610,"102.687347,107.391937","0.719722,0.490269,0.621853,0.344868",75.6,32.952086428631496
700,66117,76.0,70.86,0.01,0.9480142253264785,263.692227602005,6610,"102.687347,107.391937","0.719722,0.490269,0.621853,0.344868",,
701,66187,89.0,70.16,0.01,0.9034004698321223,263.94638419151306,6617,"102.553383,107.575577","0.720448,0.488097,0.628361,0.346478",,
702,66338,90.0,70.31,0.01,0.9255377207696438,264.5058536529541,6632,"102.568321,107.659920","0.722996,0.490104,0.637643,0.343287",,
703,66377,78.0,69.52,0.01,0.9255931438505649,264.65939831733704,6636,"102.610428,107.688774","0.724631,0.491078,0.638547,0.342674",,
704,66408,83.0,69.7,0.01,0.9274861346930265,264.77448868751526,6639,"102.617706,107.713387","0.725507,0.490975,0.638661,0.342594",,
705,66463,43.0,69.41,0.01,0.9724002237617969,264.9980037212372,6645,"102.435562,107.848015","0.726975,0.491593,0.639682,0.342279",,
706,66670,41.0,68.9,0.01,1.0172536036744715,265.7601099014282,6666,"102.254822,107.845619","0.732171,0.495062,0.649374,0.341360",,
707,66725,97.0,69.06,0.01,1.0427831052988767,265.93974566459656,6671,"102.356674,107.746170","0.734144,0.495230,0.651950,0.342710",,
708,66725,32.0,68.48,0.01,1.0427831052988767,265.93974566459656,6671,"102.356674,107.746170","0.734144,0.495230,0.651950,0.342710",,
709,66755,80.0,67.98,0.01,1.0018025126680732,266.0469045639038,6674,"102.354942,107.764534","0.735270,0.495094,0.653370,0.343258",,
710,66906,107.0,68.3,0.01,0.9627347414009273,266.5900492668152,6689,"102.513535,108.017487","0.740398,0.495193,0.656252,0.347959",,
711,67105,115.0,68.43,0.01,0.9142985849268734,267.3150029182434,6709,"102.519531,108.203491","0.744474,0.499722,0.665962,0.349854",,
712,67136,95.0,68.65,0.01,0.937345028501004,267.4350891113281,6712,"102.461044,108.218636","0.745564,0.499904,0.668153,0.351049",,
713,67231,103.0,69.01,0.01,0.8694355217181147,267.8071758747101,6722,"102.348419,108.245827","0.749954,0.503772,0.671983,0.349857",,
714,67318,81.0,69.01,0.01,0.8733871146850288,268.1083650588989,6730,"102.309113,108.104095","0.753899,0.509394,0.674320,0.347212",,
715,67461,88.0,68.5,0.01,0.9495934122987092,268.6565680503845,6745,"102.142532,108.166084","0.759769,0.517300,0.674649,0.345278",,
716,67588,108.0,68.85,0.01,0.9700595709867775,269.08902740478516,6757,"102.277802,108.277939","0.761827,0.520595,0.675567,0.342908",,
717,67747,105.0,68.47,0.01,1.0197808771952988,269.6666386127472,6773,"102.234001,108.393463","0.768538,0.526913,0.683317,0.343018",,
718,67794,134.0,68.17,0.01,1.0192037618532777,269.86619210243225,6778,"102.297867,108.423012","0.769626,0.527245,0.684946,0.344901",,
719,68065,116.0,68.57,0.01,1.075968607775867,270.8623595237732,6805,"102.396217,108.447098","0.781479,0.539707,0.692084,0.346042",,
720,68168,117.0,68.89,0.01,1.1138014401122929,271.22404313087463,6815,"102.217400,108.582123","0.783855,0.541404,0.694459,0.348258",,
721,68183,90.0,68.65,0.01,1.1266424941644073,271.2893466949463,6817,"102.239494,108.614182","0.783866,0.541375,0.694660,0.348086",,
722,68270,119.0,68.89,0.01,1.1003199777007102,271.5917809009552,6826,"102.454391,108.479362","0.785050,0.541811,0.694895,0.349232",,
723,68333,93.0,68.84,0.01,1.0985597205162048,271.8018527030945,6832,"102.263702,108.650017","0.785458,0.540847,0.695819,0.350909",,
724,68468,24.0,68.0,0.01,1.1091098473593592,272.24190950393677,6845,"102.338852,108.603004","0.787870,0.540404,0.699347,0.353847",,
725,68755,126.0,68.55,0.01,1.1624086615070701,273.22537207603455,6874,"102.381721,108.869629","0.786667,0.541252,0.704414,0.356445",,
726,68842,97.0,68.75,0.01,1.12355187356472,273.5249354839325,6883,"102.585396,109.049896","0.785749,0.542836,0.700210,0.357230",,
727,68865,134.0,69.31,0.01,1.1371748335659504,273.59750151634216,6885,"102.631752,109.027504","0.785281,0.542740,0.699737,0.358268",,
728,68920,94.0,69.52,0.01,1.1378345105424523,273.7976984977722,6891,"102.672508,109.153427","0.781966,0.542856,0.697876,0.357525",,
729,69183,106.0,69.85,0.01,1.2007089783251286,274.67878913879395,6917,"102.607361,109.264877","0.776696,0.550788,0.696528,0.346360",,
730,69246,133.0,70.55,0.01,1.2007022588327527,274.8829264640808,6923,"102.671875,109.136955","0.776606,0.550925,0.695234,0.346657",,
731,69293,275.0,72.53,0.01,1.1816429731622338,275.045535326004,6928,"102.753525,109.096451","0.775488,0.550711,0.693240,0.345956",,
732,69332,108.0,72.87,0.01,1.1847814458981156,275.1805167198181,6932,"102.653687,109.124405","0.774794,0.550139,0.692396,0.345728",,
733,69883,127.0,73.45,0.01,1.0431112463399768,277.0376732349396,6987,"102.055611,109.036270","0.783916,0.560849,0.681543,0.357500",,
734,69890,131.0,73.94,0.01,1.0412753754481674,277.05728220939636,6988,"102.062523,109.030586","0.783662,0.561595,0.681712,0.357491",,
735,70057,95.0,74.0,0.01,0.9784669875353574,277.6392242908478,7004,"101.839783,108.980721","0.782607,0.564525,0.685358,0.361341",,
736,70072,111.0,74.24,0.01,0.9927713147550822,277.72873711586,7006,"101.767265,109.050659","0.782368,0.564341,0.685710,0.361653",,
737,70159,114.0,74.74,0.01,1.0074451118707657,278.02125787734985,7014,"101.769508,109.114372","0.782313,0.565136,0.686566,0.361042",,
738,70214,162.0,75.68,0.01,0.9712879482656718,278.21884417533875,7020,"102.061699,108.929993","0.782299,0.564382,0.686482,0.362124",,
739,70229,112.0,76.21,0.01,0.9881565869599581,278.2564597129822,7021,"102.075317,108.941162","0.782400,0.564200,0.686425,0.362350",,
740,70660,239.0,77.99,0.01,1.022100972160697,279.80054926872253,7065,"101.605209,109.074211","0.783513,0.580280,0.689079,0.359361",,
741,70715,103.0,78.35,0.01,1.0058706540614366,279.973317861557,7070,"101.662209,108.973854","0.783770,0.582961,0.689956,0.358465",,
742,70818,117.0,78.72,0.01,1.0069292099773883,280.30813908576965,7080,"101.554176,109.193939","0.781355,0.581274,0.690294,0.359805",,
743,70881,90.0,78.78,0.01,1.0038778313994408,280.5345540046692,7087,"101.537598,109.144127","0.779743,0.579246,0.692804,0.361609",,
744,70888,104.0,79.17,0.01,1.0038778313994408,280.54059505462646,7087,"101.537598,109.144127","0.779743,0.579246,0.692804,0.361609",,
745,70927,107.0,79.56,0.01,0.9885890705883503,280.67758774757385,7091,"101.584740,109.004654","0.780266,0.578919,0.693312,0.362387",,
746,71006,99.0,79.81,0.01,0.9750161246955394,280.94637870788574,7099,"101.286232,108.964973","0.782609,0.580690,0.694981,0.362993",,
747,71117,111.0,80.19,0.01,1.009866544380784,281.3464455604553,7110,"101.193962,108.977325","0.780769,0.578243,0.698047,0.364943",,
748,71524,108.0,80.47,0.01,0.979206038415432,282.8146770000458,7151,"100.988838,109.359657","0.760625,0.571866,0.693911,0.365118",,
749,71595,110.0,80.91,0.01,0.9732851634174585,283.07065320014954,7158,"101.159004,109.276176","0.759540,0.574724,0.692257,0.363051",111.6,6.590902821313632
750,71618,91.0,80.94,0.01,0.9521196384727955,283.1408758163452,7160,"101.200119,109.259338","0.759241,0.576492,0.691969,0.361655",,
751,71761,118.0,81.55,0.01,0.9323495304957032,283.63707995414734,7175,"100.983002,109.309631","0.757706,0.580557,0.693919,0.363213",,
752,71768,111.0,82.04,0.01,0.9323495304957032,283.6436278820038,7175,"100.983002,109.309631","0.757706,0.580557,0.693919,0.363213",,
753,71807,110.0,82.46,0.01,0.9659092599898577,283.7757124900818,7179,"100.962021,109.300598","0.756448,0.580883,0.693802,0.364610",,
754,72086,135.0,83.05,0.01,1.053082451634109,284.72651171684265,7207,"100.986519,109.541634","0.749799,0.583389,0.689614,0.364579",,
755,72149,129.0,83.64,0.01,1.032703060656786,284.9276223182678,7213,"101.079903,109.593765","0.749720,0.582191,0.688539,0.365439",,
756,72372,106.0,84.03,0.01,0.9392471653036774,285.7168433666229,7236,"101.431053,109.645081","0.751893,0.581256,0.684303,0.363612",,
757,72547,119.0,84.59,0.01,0.8910969705320895,286.28251934051514,7253,"101.658257,110.082283","0.749110,0.579738,0.685036,0.360865",,
758,72626,126.0,85.08,0.01,0.9058010661788285,286.5466730594635,7261,"101.755684,110.052551","0.749568,0.580962,0.687041,0.359100",,
759,72641,109.0,85.5,0.01,0.9192346348054707,286.6088035106659,7263,"101.815125,110.042831","0.749562,0.581140,0.686764,0.358685",,
760,72664,107.0,85.86,0.01,0.8893382495082914,286.68179392814636,7265,"101.868256,110.082062","0.749279,0.580917,0.686339,0.358367",,
761,72703,118.0,86.35,0.01,0.9042507482506335,286.81877422332764,7269,"101.852371,110.162460","0.748039,0.580504,0.686087,0.358273",,
762,73006,115.0,86.8,0.01,0.9090618322230876,287.83112478256226,7299,"102.119171,110.784355","0.732972,0.567510,0.679483,0.362583",,
763,73029,110.0,87.32,0.01,0.9099723386950791,287.89934825897217,7301,"102.179520,110.811165","0.731646,0.567529,0.678914,0.362590",,
764,73260,111.0,87.87,0.01,0.8542353046499193,288.7727539539337,7325,"102.906387,111.307571","0.714803,0.561537,0.671624,0.362125",,
765,73491,118.0,88.51,0.01,0.8114289998076856,289.55450677871704,7348,"103.277809,111.708862","0.702239,0.548694,0.664063,0.367211",,
766,73586,120.0,89.16,0.01,0.8017684507928788,289.8622930049896,7357,"103.394646,112.297287","0.695477,0.540039,0.659821,0.369071",,
767,73841,72.0,89.15,0.01,0.7360665886290372,290.7291193008423,7383,"104.432671,113.130180","0.676168,0.526387,0.647277,0.370136",,
768,73984,168.0,90.15,0.01,0.7420710611529648,291.22577381134033,7397,"105.179146,113.246704","0.670741,0.524718,0.641906,0.373330",,
769,73999,167.0,91.18,0.01,0.727228090185672,291.2664713859558,7398,"105.188194,113.324661","0.670205,0.524498,0.641273,0.372959",,
770,74102,175.0,92.16,0.01,0.6753156943432986,291.64083099365234,7409,"105.399025,113.546532","0.671503,0.523649,0.635305,0.370569",,
771,74397,174.0,93.24,0.01,0.7504100535437465,292.62057971954346,7438,"106.042938,113.896805","0.667105,0.521957,0.629275,0.367295",,
772,74420,52.0,93.09,0.01,0.7536009785160422,292.7147009372711,7441,"106.062485,113.996254","0.666599,0.521785,0.629101,0.367003",,
773,74651,203.0,94.42,0.01,0.8465919564291835,293.44039154052734,7464,"106.300941,114.165291","0.662894,0.522700,0.628385,0.365452",,
774,74682,35.0,94.54,0.01,0.8288278949633241,293.5335440635681,7467,"106.472443,114.113144","0.661581,0.522206,0.627638,0.365658",,
775,74745,40.0,94.75,0.01,0.8440582092851401,293.7330470085144,7473,"106.730988,114.125916","0.657022,0.521215,0.625788,0.365249",,
776,74808,103.0,95.18,0.01,0.8510722103342414,293.9310550689697,7479,"106.682785,114.305725","0.651332,0.520410,0.626342,0.364372",,
777,75191,201.0,97.02,0.01,0.9138818519562483,295.163197517395,7518,"107.257988,114.907166","0.624701,0.504662,0.623477,0.363257",,
778,75414,27.0,97.14,0.01,0.9900742837041616,295.87386202812195,7540,"107.862617,115.095367","0.612168,0.501645,0.617701,0.359317",,
779,75453,169.0,98.7,0.01,0.9901557637006044,296.0018861293793,7544,"108.000481,115.132500","0.609520,0.500633,0.617535,0.359590",,
780,75644,104.0,99.54,0.01,1.062933876812458,296.6038589477539,7563,"108.160522,115.497047","0.598663,0.492482,0.614676,0.357639",,
781,75683,275.0,102.06,0.01,1.099437086880207,296.7322578430176,7567,"108.340080,115.537468","0.595546,0.489756,0.614096,0.357411",,
782,75954,62.0,102.51,0.01,1.0430137899890541,297.59034037590027,7594,"108.810066,116.013771","0.585524,0.485021,0.609086,0.359380",,
783,75961,152.0,103.39,0.01,1.042329280320555,297.62107276916504,7595,"108.842094,116.033974","0.585039,0.484681,0.608846,0.359139",,
784,76000,165.0,104.41,0.01,1.0417023360170423,297.75314140319824,7599,"109.008461,116.039963","0.583102,0.483654,0.608144,0.358155",,
785,76095,11.0,103.92,0.01,1.1041796292923391,298.04115629196167,7608,"109.230423,116.249092","0.578841,0.482263,0.606793,0.356624",,
786,76118,19.0,103.42,0.01,1.0844963046349585,298.10914611816406,7610,"109.294029,116.315704","0.577418,0.481754,0.606245,0.355950",,
787,76125,60.0,103.28,0.01,1.1322323899902402,298.13982033729553,7611,"109.323448,116.350334","0.576885,0.481679,0.606121,0.355544",,
788,76125,21.0,103.36,0.01,1.1322323899902402,298.13982033729553,7611,"109.323448,116.350334","0.576885,0.481679,0.606121,0.355544",,
789,76227,16.0,102.89,0.01,1.0579511339776217,298.45638728141785,7621,"109.833916,116.575905","0.571210,0.478169,0.602263,0.352024",,
790,76290,20.0,102.42,0.01,1.0551361259259284,298.67103123664856,7628,"110.139214,116.566467","0.568447,0.475885,0.599576,0.349944",,
791,76329,26.0,102.02,0.01,1.0394394168816508,298.77446842193604,7631,"110.172745,116.614082","0.567209,0.474924,0.598938,0.349714",,
792,76360,317.0,104.96,0.01,1.024799458514899,298.8937156200409,7635,"110.190125,116.796104","0.564021,0.472623,0.597672,0.349097",,
793,76423,16.0,104.39,0.01,1.0444897123984993,299.0866355895996,7641,"110.215080,116.931480","0.560335,0.470560,0.596795,0.349428",,
794,76430,224.0,105.98,0.01,1.0669083317928016,299.1160583496094,7642,"110.237755,116.945892","0.559939,0.470457,0.596604,0.349462",,
795,76453,28.0,105.61,0.01,1.0673820647411048,299.18323373794556,7644,"110.283562,116.948402","0.559795,0.470375,0.596067,0.349496",,
796,76524,24.0,105.67,0.01,1.0030733831785619,299.4086277484894,7651,"110.597786,116.958183","0.557632,0.468951,0.593911,0.346737",,
797,76563,13.0,105.09,0.01,0.9836637819372117,299.5359969139099,7655,"110.615562,117.021118","0.556493,0.468370,0.593170,0.344895",,
798,76618,23.0,105.14,0.01,0.9667129361070692,299.6971786022186,7660,"110.623840,117.044136","0.554470,0.467036,0.592231,0.343272",,
799,76673,18.0,104.5,0.01,0.9509499665908515,299.8901515007019,7666,"110.658417,117.104523","0.551185,0.466253,0.590724,0.340926",113.4,186.8042826061544
800,76720,12.0,103.86,0.01,0.9328788580559194,300.0571732521057,7671,"110.795731,117.068710","0.548878,0.465895,0.589645,0.338742",,
801,76791,14.0,103.11,0.01,0.9832395757734775,300.30176854133606,7678,"110.928940,117.053703","0.546229,0.465119,0.589771,0.336603",,
802,76974,69.0,102.9,0.01,1.035898583866656,300.90566205978394,7696,"111.003441,117.197861","0.539784,0.464594,0.594184,0.328749",,
803,77141,20.0,102.32,0.01,0.9695207758620381,301.49068212509155,7713,"111.185188,117.322708","0.531922,0.460960,0.595852,0.325512",,
804,77292,18.0,101.67,0.01,0.951863082125783,302.09614849090576,7728,"111.227028,117.265434","0.527583,0.459081,0.595674,0.320473",,
805,77595,185.0,103.09,0.01,0.8726411906443536,303.1837811470032,7758,"111.364311,117.723450","0.516165,0.452449,0.592969,0.312493",,
806,77698,12.0,102.8,0.01,0.810203795377165,303.54215598106384,7768,"111.655586,117.719986","0.509921,0.450454,0.590516,0.310953",,
807,77985,204.0,103.87,0.01,0.9366767956875265,304.55044865608215,7797,"111.655807,117.842758","0.502653,0.450133,0.587586,0.307878",,
808,78016,39.0,103.94,0.01,0.9258023185282945,304.6653308868408,7800,"111.582275,117.903938","0.502219,0.449533,0.588008,0.307647",,
809,78135,197.0,105.11,0.01,0.9599659498408437,305.0935661792755,7812,"111.773277,117.738411","0.499719,0.450167,0.589910,0.305056",,
810,78294,188.0,105.92,0.01,1.0039431318826972,305.6391315460205,7828,"111.706245,117.621040","0.499663,0.452071,0.589972,0.301416",,
811,78389,31.0,105.08,0.01,1.0017922494001688,305.9489109516144,7837,"111.644089,117.667755","0.498837,0.451776,0.589741,0.298261",,
812,78396,47.0,104.6,0.01,0.9825474435649812,305.98269963264465,7838,"111.633347,117.676323","0.498833,0.451660,0.589761,0.298068",,
813,78579,74.0,104.31,0.01,1.0318816158361732,306.58954215049744,7856,"111.517792,117.634018","0.496313,0.448091,0.591072,0.295313",,
814,78610,39.0,103.89,0.01,1.0089421749673784,306.73259449005127,7860,"111.463928,117.610176","0.494897,0.447627,0.591945,0.295028",,
815,78633,29.0,103.3,0.01,1.0532091221399604,306.80664014816284,7862,"111.458046,117.577446","0.494794,0.447660,0.592821,0.294936",,
816,78664,34.0,102.56,0.01,1.0537669856101275,306.91215229034424,7865,"111.457138,117.570648","0.494350,0.447963,0.593788,0.294646",,
817,78879,30.0,101.81,0.01,0.9828961848840118,307.651673078537,7886,"111.342384,117.462631","0.490968,0.448842,0.597472,0.290269",,
818,78886,38.0,100.85,0.01,0.9812383486144245,307.68388628959656,7887,"111.347237,117.456032","0.491063,0.448957,0.597582,0.290003",,
819,78949,446.0,104.15,0.01,1.0145357709564269,307.888064622879,7893,"111.298531,117.505096","0.490735,0.449343,0.598343,0.288469",,
820,79004,14.0,103.12,0.01,0.966905241496861,308.09600281715393,7899,"111.294106,117.521568","0.490155,0.449849,0.598960,0.286769",,
821,79004,287.0,105.09,0.01,0.966905241496861,308.09600281715393,7899,"111.294106,117.521568","0.490155,0.449849,0.598960,0.286769",,
822,79018,421.0,108.11,0.01,0.943678709603846,308.1354124546051,7900,"111.291107,117.521439","0.490086,0.449879,0.599039,0.286533",,
823,79049,21.0,107.39,0.01,0.9656501565501094,308.23945212364197,7903,"111.337791,117.493507","0.489835,0.449912,0.599262,0.285827",,
824,79120,64.0,107.79,0.01,0.9409577681869269,308.5003340244293,7911,"111.434280,117.431343","0.489029,0.450491,0.599603,0.283929",,
825,79207,32.0,106.85,0.01,0.9154712822008878,308.7847864627838,7919,"111.312111,117.537651","0.487279,0.449905,0.599770,0.282610",,
826,79238,29.0,106.17,0.01,0.9361514108721167,308.8953332901001,7922,"111.257523,117.505135","0.486947,0.450237,0.600181,0.282116",,
827,79277,19.0,105.02,0.01,0.936518832417205,309.0457754135132,7926,"111.272667,117.467941","0.485500,0.450257,0.600186,0.281563",,
828,79292,30.0,104.38,0.01,0.9119296390516684,309.1236972808838,7928,"111.287453,117.461029","0.484655,0.450080,0.600058,0.281247",,
829,79347,41.0,103.73,0.01,0.8895191609719768,309.3255739212036,7933,"111.282387,117.531944","0.482283,0.449535,0.600133,0.279888",,
830,79354,260.0,105.0,0.01,0.9138577203685417,309.36485624313354,7934,"111.281357,117.527992","0.482086,0.449388,0.600082,0.279604",,
831,79377,47.0,102.72,0.01,0.9142482978710905,309.43704080581665,7936,"111.261894,117.495689","0.482074,0.449420,0.600303,0.279322",,
832,79408,21.0,101.85,0.01,0.9389367278898135,309.54734563827515,7939,"111.228592,117.462555","0.482119,0.449613,0.600950,0.278682",,
833,79503,19.0,100.77,0.01,0.9602668448956684,309.90939497947693,7949,"111.044960,117.388054","0.478967,0.450105,0.603156,0.276706",,
834,79558,22.0,99.68,0.01,0.9570773745561019,310.0956778526306,7954,"110.979279,117.319878","0.477193,0.450351,0.604073,0.276116",,
835,79621,41.0,99.14,0.01,0.9515515882009641,310.34907627105713,7961,"110.833778,117.232376","0.476904,0.452797,0.604826,0.274565",,
836,79676,21.0,98.24,0.01,0.9756114825839177,310.5332157611847,7966,"110.713394,117.239220","0.476916,0.454665,0.605331,0.273146",,
837,79691,35.0,97.45,0.01,0.9768976243073121,310.60072898864746,7968,"110.730370,117.181282","0.477353,0.455568,0.605660,0.272537",,
838,79698,43.0,96.26,0.01,0.9768976243073121,310.60853576660156,7968,"110.730370,117.181282","0.477353,0.455568,0.605660,0.272537",,
839,79897,27.0,95.41,0.01,0.9546903934562578,311.3173897266388,7988,"110.645065,117.091919","0.471299,0.455335,0.608626,0.267446",,
840,79944,84.0,93.86,0.01,0.90087264474947,311.4850106239319,7993,"110.641602,117.003212","0.470549,0.456245,0.609915,0.265723",,
841,79991,99.0,93.82,0.01,0.9026659191446379,311.6510081291199,7998,"110.575798,117.048187","0.469007,0.455986,0.611093,0.264311",,
842,80014,40.0,93.05,0.01,0.8836423447588458,311.7198803424835,8000,"110.544991,117.074013","0.468249,0.455989,0.611596,0.263785",,
843,80045,43.0,92.58,0.01,0.8574071498820558,311.82139706611633,8003,"110.502144,117.045784","0.468137,0.456629,0.612686,0.262889",,
844,80228,29.0,91.83,0.01,0.8714851078437641,312.4618101119995,8021,"110.282707,116.893677","0.462991,0.457484,0.620206,0.257830",,
845,80228,26.0,91.02,0.01,0.8714851078437641,312.4618101119995,8021,"110.282707,116.893677","0.462991,0.457484,0.620206,0.257830",,
846,80250,44.0,90.47,0.01,0.8718350279750302,312.5704975128174,8024,"110.304695,116.846458","0.462051,0.457996,0.622295,0.256681",,
847,80273,82.0,90.18,0.01,0.8711886420520023,312.6592071056366,8026,"110.339165,116.812286","0.461406,0.458252,0.623458,0.256022",,
848,80424,60.0,89.7,0.01,0.8661128482082858,313.2199091911316,8041,"110.157822,116.845818","0.456779,0.458752,0.629562,0.252021",,
849,80447,50.0,89.1,0.01,0.8675296824844554,313.29097509384155,8043,"110.199547,116.828827","0.456034,0.458620,0.629799,0.251875",64.6,60.73088176537535
850,80462,29.0,88.48,0.01,0.8685745103703811,313.3655574321747,8045,"110.262093,116.772720","0.455339,0.458680,0.630317,0.251651",,
851,80733,38.0,87.68,0.01,0.802804246977903,314.34388279914856,8072,"109.869278,116.558289","0.447055,0.462834,0.641994,0.242922",,
852,80740,58.0,87.15,0.01,0.8040579332457856,314.3879873752594,8073,"109.844391,116.555130","0.446792,0.463048,0.642498,0.242505",,
853,80763,266.0,88.71,0.01,0.8290521102072671,314.4730575084686,8075,"109.813560,116.515411","0.446495,0.463656,0.643873,0.241757",,
854,80826,160.0,88.96,0.01,0.8388989144237712,314.6888904571533,8081,"109.842964,116.429977","0.443459,0.464991,0.648426,0.238610",,
855,81001,67.0,88.34,0.01,0.8130004365416243,315.3098804950714,8099,"109.644051,116.325333","0.435453,0.468309,0.661561,0.227750",,
856,81096,45.0,87.73,0.01,0.7909017060557381,315.62161684036255,8108,"109.596649,116.247795","0.432308,0.470545,0.667785,0.223633",,
857,81103,45.0,86.99,0.01,0.792925107316114,315.65130519866943,8109,"109.577347,116.246857","0.431962,0.470585,0.668566,0.223269",,
858,81398,71.0,86.44,0.01,0.8018835970573127,316.6736171245575,8138,"109.633102,116.246613","0.418292,0.469005,0.688586,0.209268",,
859,81541,165.0,87.0,0.01,0.8557387099787593,317.2280614376068,8153,"109.708237,116.323784","0.406956,0.466560,0.700076,0.198362",,
860,81644,175.0,87.68,0.01,0.8538864683359861,317.58062648773193,8163,"109.675491,116.339073","0.401178,0.464785,0.707053,0.191441",,
861,81659,152.0,88.02,0.01,0.8543270180374384,317.62256717681885,8164,"109.680336,116.328812","0.400771,0.464547,0.707641,0.191031",,
862,81850,56.0,87.43,0.01,0.9034851386770606,318.3427007198334,8184,"109.834579,116.407066","0.392403,0.460302,0.718565,0.184912",,
863,81953,106.0,87.39,0.01,0.8774936440587043,318.70560240745544,8194,"109.769417,116.389709","0.388788,0.460010,0.727013,0.179862",,
864,82184,65.0,86.93,0.01,0.8757713602297008,319.5184636116028,8217,"109.837036,116.481102","0.380962,0.454417,0.740846,0.170686",,
865,82207,151.0,87.26,0.01,0.8479286640882492,319.59218168258667,8219,"109.830536,116.506996","0.380077,0.453974,0.742290,0.170035",,
866,82406,69.0,86.75,0.01,0.9878170122392476,320.29475355148315,8239,"109.720619,116.387177","0.372742,0.455614,0.764084,0.156747",,
867,82685,143.0,87.46,0.01,0.9448321046307683,321.34822726249695,8267,"109.595222,116.318161","0.360833,0.454478,0.795887,0.141213",,
868,82708,94.0,86.72,0.01,0.946456435918808,321.43113017082214,8269,"109.614365,116.370369","0.359734,0.453749,0.796990,0.139620",,
869,82708,62.0,85.67,0.01,0.946456435918808,321.43113017082214,8269,"109.614365,116.370369","0.359734,0.453749,0.796990,0.139620",,
870,82730,136.0,85.28,0.01,0.9477122259326279,321.53905057907104,8272,"109.661476,116.402138","0.357988,0.452542,0.798824,0.137363",,
871,82761,72.0,84.26,0.01,0.9425094800628722,321.64716720581055,8275,"109.682800,116.432053","0.355783,0.451561,0.802091,0.135063",,
872,82952,275.0,86.49,0.01,1.0449873673915864,322.37155628204346,8294,"109.956520,116.655762","0.345316,0.448445,0.825857,0.120790",,
873,83039,244.0,86.9,0.01,1.073225462399423,322.6591944694519,8302,"110.095207,116.704048","0.340070,0.446287,0.833663,0.115107",,
874,83110,88.0,87.43,0.01,1.0991698171198367,322.945543050766,8310,"110.098900,116.910812","0.333902,0.442282,0.841717,0.109901",,
875,83269,63.0,87.66,0.01,1.1839102593250572,323.50465869903564,8325,"110.938980,117.144714","0.324048,0.434493,0.852933,0.095797",,
876,83324,77.0,87.4,0.01,1.1662630654126405,323.7069375514984,8331,"110.929253,117.529373","0.319084,0.429495,0.856688,0.089815",,
877,83331,75.0,86.14,0.01,1.1648321191966533,323.74057388305664,8332,"110.900635,117.613281","0.318202,0.428681,0.857332,0.088973",,
878,83394,86.0,86.73,0.01,1.1866087164357304,323.9548330307007,8338,"111.134872,117.924599","0.313622,0.424351,0.859255,0.084271",,
879,83489,101.0,86.05,0.01,1.2139017026312648,324.30587363243103,8347,"111.963943,117.965302","0.307992,0.418141,0.862211,0.077701",,
880,83512,59.0,85.6,0.01,1.1951766895502807,324.4078426361084,8350,"112.079063,118.106277","0.305264,0.414548,0.863403,0.074626",,
881,83663,89.0,83.74,0.01,1.1451361966878175,324.9711787700653,8365,"112.343788,118.917557","0.293715,0.401145,0.872510,0.059735",,
882,83663,69.0,83.81,0.01,1.1451361966878175,324.9711787700653,8365,"112.343788,118.917557","0.293715,0.401145,0.872510,0.059735",,
883,83829,70.0,82.99,0.01,1.188890502564609,325.55988216400146,8381,"113.176300,119.157066","0.285300,0.391233,0.886633,0.043951",,
884,83908,52.0,81.86,0.01,1.2212741887755691,325.828492641449,8389,"113.213470,119.649429","0.281349,0.385677,0.894977,0.034726",,
885,83971,80.0,82.55,0.01,1.2079067072831093,326.0721616744995,8396,"113.767189,119.950836","0.278935,0.381298,0.898538,0.027398",,
886,84002,76.0,83.12,0.01,1.2134732920862734,326.1822669506073,8399,"114.051315,120.014137","0.278010,0.379744,0.900532,0.024329",,
887,84065,93.0,83.45,0.01,1.2042214741744102,326.42526388168335,8405,"114.562218,120.017479","0.275270,0.375318,0.906957,0.018024",,
888,84224,70.0,83.94,0.01,1.2509900876507163,327.011234998703,8421,"114.845360,120.857857","0.267179,0.362621,0.921364,-0.004103",,
889,84231,90.0,84.68,0.01,1.2844357587024569,327.04576325416565,8422,"114.886925,120.885406","0.266863,0.362070,0.922727,-0.005363",,
890,84366,88.0,85.36,0.01,1.2143171543627977,327.55358362197876,8435,"115.839890,121.340919","0.263970,0.353522,0.933252,-0.021695",,
891,84389,70.0,85.8,0.01,1.2508218453079463,327.62774109840393,8437,"115.934929,121.396332","0.263209,0.352137,0.935994,-0.024617",,
892,84548,72.0,83.35,0.01,1.2792269594222307,328.22268986701965,8453,"116.811493,121.999611","0.256703,0.340609,0.957092,-0.047744",,
893,84859,119.0,84.38,0.01,1.3463599944114686,329.4272177219391,8484,"118.282883,122.935631","0.243416,0.317228,0.985325,-0.097540",,
894,84946,10.0,82.24,0.01,1.3615281327813864,329.7630400657654,8493,"118.649635,123.187164","0.240806,0.309849,0.991232,-0.114070",,
895,85001,117.0,83.13,0.01,1.3446715469658375,329.98921847343445,8499,"118.952896,123.184502","0.239377,0.305957,0.994054,-0.124261",,
896,85056,132.0,84.21,0.01,1.3660776280611753,330.24272632598877,8504,"119.247719,123.219627","0.238441,0.302649,0.995981,-0.133173",,
897,85279,132.0,85.4,0.01,1.3326330804824829,331.1808683872223,8526,"120.068794,123.441902","0.233419,0.288568,0.999541,-0.167613",,
898,85302,134.0,86.51,0.01,1.3438227909058333,331.30823612213135,8529,"120.035370,123.533264","0.231756,0.286211,1.001999,-0.172676",,
899,85365,10.0,86.43,0.01,1.3634410890936852,331.548531293869,8535,"119.912666,123.895500","0.228182,0.280239,1.006241,-0.183575",151.2,10.998181667894016
900,85492,141.0,87.72,0.01,1.3663276662677526,332.02155351638794,8548,"120.432533,123.795761","0.221911,0.268428,1.010428,-0.207560",,
901,85523,142.0,89.0,0.01,1.367383551299572,332.1574664115906,8551,"120.517006,123.720757","0.220583,0.266057,1.010291,-0.212778",,
902,85642,14.0,88.45,0.01,1.431697603687644,332.63995599746704,8563,"120.621445,123.903549","0.214881,0.258980,1.012068,-0.232152",,
903,85721,147.0,89.72,0.01,1.4390363691747188,332.9557399749756,8571,"121.033890,123.807106","0.210895,0.253443,1.011913,-0.243097",,
904,86048,138.0,90.92,0.01,1.4782475040853023,334.2289185523987,8603,"121.631050,124.020142","0.199354,0.232648,1.012167,-0.305864",,
905,86151,12.0,89.19,0.01,1.4690772292017937,334.6743140220642,8614,"121.787041,124.110931","0.195667,0.230010,1.007392,-0.323347",,
906,86198,150.0,90.57,0.01,1.4737311939895152,334.8339455127716,8618,"121.900360,124.094803","0.195282,0.229572,1.006232,-0.329748",,
907,86277,98.0,89.51,0.01,1.4750040744245052,335.15008878707886,8626,"122.230530,124.153229","0.196981,0.226572,1.004045,-0.342558",,
908,86284,16.0,89.28,0.01,1.4784668073803187,335.1908755302429,8627,"122.282608,124.200523","0.197185,0.225948,1.003635,-0.343933",,
909,86363,20.0,87.51,0.01,1.4530949000269175,335.5017833709717,8635,"122.611938,124.460625","0.198423,0.222335,1.001292,-0.352936",,
910,86474,24.0,85.87,0.01,1.4385505726188421,335.93561339378357,8646,"123.114716,124.880661","0.199563,0.219215,0.997571,-0.364387",,
911,86577,191.0,87.47,0.01,1.4426601652801037,336.3409354686737,8656,"123.866142,125.203911","0.201805,0.217715,0.990814,-0.377006",,
912,86592,28.0,87.28,0.01,1.4329922066628933,336.4297125339508,8658,"124.032059,125.321815","0.202832,0.217530,0.988952,-0.379444",,
913,86631,124.0,87.78,0.01,1.4779348696768284,336.58731174468994,8662,"124.345833,125.582802","0.204575,0.216881,0.984885,-0.383483",,
914,86654,162.0,89.01,0.01,1.479958126693964,336.6756663322449,8664,"124.544678,125.731880","0.204903,0.216243,0.982626,-0.385004",,
915,86693,51.0,89.23,0.01,1.505890907794237,336.8495020866394,8668,"124.949142,125.997955","0.205449,0.215469,0.978052,-0.387752",,
916,86732,17.0,89.06,0.01,1.493112807571888,337.00681805610657,8672,"125.313751,126.210785","0.205763,0.214342,0.974002,-0.390026",,
917,86763,16.0,88.92,0.01,1.5220908769965171,337.122154712677,8675,"125.527313,126.446762","0.205697,0.213089,0.970972,-0.391753",,
918,86763,131.0,89.85,0.01,1.5220908769965171,337.122154712677,8675,"125.527313,126.446762","0.205697,0.213089,0.970972,-0.391753",,
919,86769,185.0,87.24,0.01,1.5220908769965171,337.12382912635803,8675,"125.527313,126.446762","0.205697,0.213089,0.970972,-0.391753",,
920,86792,40.0,87.5,0.01,1.5071337825059892,337.2481760978699,8678,"125.674507,126.661392","0.205221,0.211925,0.968527,-0.395271",,
921,86815,20.0,84.83,0.01,1.5138744255900383,337.32614254951477,8680,"125.779922,126.807785","0.204601,0.211019,0.966429,-0.397801",,
922,86830,8.0,80.7,0.01,1.4971545633673669,337.38813400268555,8682,"125.881447,126.979454","0.203970,0.210148,0.964656,-0.400186",,
923,86893,16.0,80.65,0.01,1.5191968178749085,337.6292634010315,8688,"126.278572,127.371017","0.200743,0.206943,0.959672,-0.406290",,
924,86900,41.0,80.42,0.01,1.5442626237869264,337.66857743263245,8689,"126.351234,127.420883","0.200402,0.206461,0.958872,-0.407112",,
925,86939,18.0,80.28,0.01,1.5237369649857282,337.79093885421753,8692,"126.553879,127.513306","0.200138,0.205723,0.957237,-0.410294",,
926,86939,26.0,80.25,0.01,1.5237369649857282,337.79093885421753,8692,"126.553879,127.513306","0.200138,0.205723,0.957237,-0.410294",,
927,86961,34.0,80.4,0.01,1.4863839604705573,337.9017331600189,8695,"126.758347,127.627151","0.200011,0.204741,0.955698,-0.412780",,
928,86976,10.0,80.2,0.01,1.488006323799491,337.93502378463745,8696,"126.840347,127.669289","0.199780,0.204555,0.954712,-0.413421",,
929,87039,12.0,79.91,0.01,1.5089731664210557,338.1676547527313,8702,"127.240646,128.060608","0.199751,0.202916,0.948431,-0.416983",,
930,87039,28.0,77.59,0.01,1.5089731664210557,338.1676547527313,8702,"127.240646,128.060608","0.199751,0.202916,0.948431,-0.416983",,
931,87039,12.0,77.24,0.01,1.5089731664210557,338.1676547527313,8702,"127.240646,128.060608","0.199751,0.202916,0.948431,-0.416983",,
932,87039,26.0,77.29,0.01,1.5089731664210557,338.1676547527313,8702,"127.240646,128.060608","0.199751,0.202916,0.948431,-0.416983",,
933,87043,18.0,77.28,0.01,1.50861170001328,338.196129322052,8703,"127.317520,128.127747","0.199379,0.202452,0.947313,-0.417567",,
934,87050,36.0,77.42,0.01,1.5134707102924585,338.2392933368683,8704,"127.402069,128.183670","0.199072,0.201971,0.946159,-0.417850",,
935,87057,12.0,77.13,0.01,1.5134707102924585,338.2412965297699,8704,"127.402069,128.183670","0.199072,0.201971,0.946159,-0.417850",,
936,87104,8.0,77.0,0.01,1.5167707119137048,338.44506216049194,8709,"127.752869,128.566666","0.198238,0.199397,0.940250,-0.418483",,
937,87119,10.0,76.75,0.01,1.5192413414269685,338.4812979698181,8710,"127.782059,128.651306","0.198209,0.199001,0.939175,-0.418737",,
938,87134,10.0,76.42,0.01,1.5407700792700052,338.56169748306274,8712,"127.830276,128.826645","0.198245,0.198176,0.936763,-0.419068",,
939,87141,10.0,76.25,0.01,1.509328917041421,338.5955584049225,8713,"127.861374,128.907669","0.198262,0.197831,0.935486,-0.419239",,
940,87148,14.0,75.55,0.01,1.509328917041421,338.6083767414093,8713,"127.861374,128.907669","0.198262,0.197831,0.935486,-0.419239",,
941,87267,16.0,74.72,0.01,1.5175423196703195,339.06547474861145,8725,"128.260071,129.715363","0.199464,0.195262,0.922260,-0.420837",,
942,87267,18.0,74.5,0.01,1.5175423196703195,339.0664837360382,8725,"128.260071,129.715363","0.199464,0.195262,0.922260,-0.420837",,
943,87281,30.0,74.37,0.01,1.5428241201490165,339.13969826698303,8727,"128.331085,129.760834","0.199326,0.195351,0.919864,-0.421116",,
944,87304,42.0,74.5,0.01,1.5773235370963812,339.22047901153564,8729,"128.462830,129.796539","0.198240,0.195082,0.917331,-0.421068",,
945,87311,20.0,74.44,0.01,1.5822401464730502,339.2630386352539,8730,"128.502579,129.820465","0.197894,0.195002,0.916163,-0.421243",,
946,87342,30.0,74.3,0.01,1.5974834413081407,339.38995933532715,8733,"128.610733,129.908524","0.198122,0.195349,0.912520,-0.421129",,
947,87365,12.0,73.6,0.01,1.6479849065095187,339.46940302848816,8735,"128.645645,129.952515","0.198702,0.195827,0.910777,-0.420775",,
948,87380,8.0,73.08,0.01,1.6470573047548533,339.5641267299652,8737,"128.683304,129.985947","0.199487,0.196303,0.909260,-0.420535",,
949,87395,32.0,72.9,0.01,1.6603144101053475,339.61013436317444,8738,"128.691635,129.997757","0.199920,0.196620,0.908693,-0.420514",23.2,8.541662601625049
950,87466,20.0,72.81,0.01,1.6700068885833026,339.8846700191498,8745,"128.833527,130.335403","0.201924,0.197066,0.902273,-0.417769",,
951,87473,16.0,72.59,0.01,1.671591589525342,339.9349491596222,8746,"128.846222,130.396225","0.202078,0.196955,0.901484,-0.417699",,
952,87488,26.0,72.27,0.01,1.6734759856015444,339.9749712944031,8747,"128.850464,130.436584","0.202072,0.196838,0.901072,-0.418008",,
953,87488,28.0,69.89,0.01,1.6734759856015444,339.9749712944031,8747,"128.850464,130.436584","0.202072,0.196838,0.901072,-0.418008",,
954,87526,20.0,68.49,0.01,1.672519307360053,340.13580870628357,8751,"128.985275,130.558151","0.201766,0.196557,0.898246,-0.418221",,
955,87526,63.0,68.45,0.01,1.672519307360053,340.136803150177,8751,"128.985275,130.558151","0.201766,0.196557,0.898246,-0.418221",,
956,87532,17.0,68.17,0.01,1.7057355431467294,340.16527819633484,8752,"129.034561,130.600876","0.201604,0.196393,0.897714,-0.418195",,
957,87563,12.0,67.84,0.01,1.7010242467373609,340.2738251686096,8755,"129.137878,130.730988","0.200540,0.195464,0.895568,-0.417863",,
958,87586,26.0,67.39,0.01,1.7054693581908942,340.36275720596313,8757,"129.171570,130.789139","0.199836,0.195137,0.894009,-0.418057",,
959,87625,12.0,65.86,0.01,1.6764046641439199,340.5130648612976,8761,"129.209732,130.830353","0.198380,0.194782,0.890981,-0.419170",,
960,87640,14.0,64.25,0.01,1.676848519667983,340.5897169113159,8763,"129.227066,130.849457","0.197605,0.194958,0.888963,-0.418905",,
961,87647,22.0,62.95,0.01,1.676848519667983,340.5948302745819,8763,"129.227066,130.849457","0.197605,0.194958,0.888963,-0.418905",,
962,87710,28.0,62.67,0.01,1.7390291783958673,340.8525252342224,8770,"129.220871,131.050720","0.195018,0.195772,0.882676,-0.418480",,
963,87725,30.0,61.91,0.01,1.7501251519471408,340.88426446914673,8771,"129.196274,131.066772","0.195094,0.196081,0.882030,-0.418492",,
964,87732,10.0,61.36,0.01,1.7510932720452548,340.9347643852234,8772,"129.194244,131.096100","0.194830,0.196137,0.881346,-0.418574",,
965,87779,19.0,60.04,0.01,1.811279856339097,341.0814251899719,8776,"129.066803,131.186462","0.194023,0.195581,0.880561,-0.420043",,
966,87810,31.0,59.66,0.01,1.8153629643470048,341.2326874732971,8780,"128.961029,131.184494","0.194290,0.195529,0.880595,-0.421898",,
967,87810,28.0,58.51,0.01,1.8153629643470048,341.2326874732971,8780,"128.961029,131.184494","0.194290,0.195529,0.880595,-0.421898",,
968,87872,29.0,57.86,0.01,1.8394244907051325,341.51948738098145,8786,"129.004395,131.097595","0.193070,0.195177,0.878025,-0.423776",,
969,87879,12.0,57.36,0.01,1.8394244907051325,341.51948738098145,8786,"129.004395,131.097595","0.193070,0.195177,0.878025,-0.423776",,
970,87879,19.0,56.19,0.01,1.8394244907051325,341.51948738098145,8786,"129.004395,131.097595","0.193070,0.195177,0.878025,-0.423776",,
971,87949,27.0,55.74,0.01,1.8440880703181028,341.7994041442871,8793,"129.031158,131.013199","0.191864,0.194942,0.873152,-0.424882",,
972,87972,33.0,53.32,0.01,1.8374852327257394,341.89787888526917,8796,"128.939224,131.002350","0.192059,0.194799,0.871658,-0.425539",,
973,88003,15.0,51.03,0.01,1.8904171348363161,342.0084636211395,8799,"128.870911,130.964798","0.193029,0.195008,0.869966,-0.425572",,
974,88018,17.0,50.32,0.01,1.8890456587821245,342.05449080467224,8800,"128.848785,130.943359","0.193663,0.195288,0.869400,-0.425336",,
975,88065,68.0,50.37,0.01,1.890475857630372,342.2384419441223,8805,"128.877167,130.879639","0.197017,0.196593,0.865964,-0.424512",,
976,88072,33.0,49.93,0.01,1.9059586886316537,342.27320885658264,8806,"128.881668,130.881226","0.197486,0.196674,0.865144,-0.424386",,
977,88087,35.0,49.53,0.01,1.90107961691916,342.31091499328613,8807,"128.884628,130.885681","0.197902,0.196897,0.864097,-0.424293",,
978,88102,19.0,48.86,0.01,1.904129242375493,342.3886442184448,8809,"128.882706,130.856201","0.198513,0.197469,0.862466,-0.423952",,
979,88141,21.0,48.06,0.01,1.9078350477665662,342.5277199745178,8813,"128.891052,130.876190","0.198939,0.197649,0.859345,-0.424107",,
980,88196,13.0,47.6,0.01,1.9474405816942453,342.70341992378235,8818,"128.897964,130.836533","0.200241,0.197776,0.857808,-0.423907",,
981,88203,16.0,46.87,0.01,1.9898521343618631,342.72617387771606,8819,"128.915527,130.820435","0.200633,0.197806,0.857536,-0.423555",,
982,88234,29.0,46.47,0.01,1.9661437944322824,342.83860659599304,8822,"129.000198,130.800598","0.201700,0.198057,0.855813,-0.421744",,
983,88234,21.0,45.98,0.01,1.9661437944322824,342.83860659599304,8822,"129.000198,130.800598","0.201700,0.198057,0.855813,-0.421744",,
984,88304,25.0,45.71,0.01,1.9910192725807427,343.0962641239166,8829,"128.833069,131.036942","0.202729,0.199411,0.852503,-0.420326",,
985,88343,13.0,45.04,0.01,1.9813485487550497,343.2593412399292,8833,"128.783585,131.201813","0.202422,0.199946,0.849821,-0.420222",,
986,88374,29.0,44.57,0.01,2.0011645900458097,343.3630881309509,8836,"128.694427,131.237396","0.202657,0.200534,0.848855,-0.421323",,
987,88405,25.0,43.89,0.01,2.0434424193948506,343.4844629764557,8839,"128.610840,131.148895","0.202557,0.201522,0.848792,-0.422859",,
988,88436,25.0,43.44,0.01,2.0314679285138846,343.5958867073059,8842,"128.583511,131.041122","0.202418,0.202836,0.848738,-0.423357",,
989,88515,17.0,42.71,0.01,2.0090648180991413,343.8755233287811,8850,"128.570953,130.720688","0.203444,0.206447,0.847091,-0.424966",,
990,88530,23.0,42.06,0.01,2.053587487116456,343.95642614364624,8852,"128.610352,130.705490","0.203253,0.206465,0.846282,-0.424744",,
991,88537,29.0,41.65,0.01,2.053587487116456,343.96009969711304,8852,"128.610352,130.705490","0.203253,0.206465,0.846282,-0.424744",,
992,88632,78.0,41.71,0.01,2.079397425428033,344.32975363731384,8862,"128.689194,130.873306","0.201620,0.207898,0.841999,-0.421783",,
993,88639,29.0,40.81,0.01,2.079397425428033,344.33527278900146,8862,"128.689194,130.873306","0.201620,0.207898,0.841999,-0.421783",,
994,88686,19.0,40.9,0.01,2.1399781059473755,344.49284267425537,8867,"128.719086,131.109344","0.201247,0.208294,0.839131,-0.419126",,
995,88757,15.0,39.88,0.01,2.1030965299159288,344.7528705596924,8874,"128.645798,131.332275","0.201317,0.207414,0.835607,-0.416495",,
996,88764,31.0,38.87,0.01,2.098290416672826,344.7815537452698,8875,"128.630203,131.355820","0.201327,0.207497,0.834829,-0.416123",,
997,88771,29.0,37.84,0.01,2.0991714883595707,344.8138036727905,8876,"128.606461,131.368698","0.201463,0.207695,0.834132,-0.415640",,
998,88874,128.0,37.78,0.01,2.0732316524535417,345.17288517951965,8886,"128.661438,131.232574","0.199358,0.208769,0.828121,-0.410996",,
999,89009,29.0,37.97,0.01,2.1153267946839334,345.6229155063629,8899,"128.313568,131.104126","0.196865,0.209134,0.824834,-0.412065",27.4,7.08801805866774
1000,89064,79.0,37.35,0.01,2.131912989318371,345.83617329597473,8905,"128.178284,131.121353","0.196018,0.209104,0.824100,-0.411718",,
1001,89087,41.0,36.34,0.01,2.128637697994709,345.9032096862793,8907,"128.124802,131.072189","0.195858,0.209244,0.823578,-0.411157",,
1002,89142,57.0,36.77,0.01,2.1284242786467074,346.113135099411,8913,"128.072128,130.858841","0.193698,0.208939,0.822938,-0.411795",,
1003,89189,15.0,35.45,0.01,2.1261665987968446,346.2465145587921,8917,"128.121414,130.751221","0.192304,0.209442,0.821648,-0.412198",,
1004,89236,18.0,34.25,0.01,2.190427194684744,346.42784357070923,8922,"128.183121,130.736725","0.191117,0.210741,0.818752,-0.414243",,
1005,89363,27.0,34.4,0.01,2.1836965319514277,346.8838303089142,8935,"128.203934,130.893585","0.195710,0.217463,0.812257,-0.418556",,
1006,89394,95.0,33.85,0.01,2.1518751482665537,347.0127444267273,8938,"128.150162,130.925049","0.196668,0.218885,0.810745,-0.419199",,
1007,89505,39.0,33.26,0.01,2.16184547431767,347.44252157211304,8949,"127.579552,131.055328","0.202560,0.224910,0.807376,-0.418007",,
1008,89505,17.0,33.27,0.01,2.16184547431767,347.44252157211304,8949,"127.579552,131.055328","0.202560,0.224910,0.807376,-0.418007",,
1009,89775,200.0,35.07,0.01,2.076682228669524,348.4892191886902,8976,"126.794449,130.589310","0.204971,0.240581,0.799712,-0.417490",,
1010,89974,92.0,35.75,0.01,2.1533481361716986,349.18079566955566,8996,"126.374290,130.332916","0.208897,0.250820,0.795272,-0.421515",,
1011,90117,76.0,34.6,0.01,2.1045623756200076,349.70884132385254,9010,"126.119514,130.312149","0.212737,0.259265,0.794541,-0.431728",,
1012,90140,142.0,35.74,0.01,2.10841106466949,349.8242235183716,9013,"126.080833,130.358475","0.212810,0.260326,0.793581,-0.432462",,
1013,90163,176.0,36.26,0.01,2.1059018553048374,349.90962648391724,9015,"126.050362,130.375290","0.212997,0.261050,0.792861,-0.432859",,
1014,90746,78.0,35.42,0.01,2.2071661218628287,352.04814100265503,9073,"125.378593,130.526550","0.212042,0.287327,0.774214,-0.420187",,
1015,90969,100.0,35.91,0.01,2.17014138687402,352.84685945510864,9095,"125.491707,130.539047","0.217290,0.294600,0.767440,-0.410500",,
1016,91016,109.0,36.83,0.01,2.1751473378017545,353.03642868995667,9100,"125.446259,130.685654","0.217718,0.296561,0.764772,-0.407192",,
1017,91039,133.0,38.0,0.01,2.2257976587489248,353.10240840911865,9102,"125.412010,130.682739","0.217567,0.298004,0.764280,-0.406267",,
1018,91039,158.0,38.27,0.01,2.2257976587489248,353.10240840911865,9102,"125.412010,130.682739","0.217567,0.298004,0.764280,-0.406267",,
1019,91925,119.0,37.61,0.01,2.206324764229357,356.63464546203613,9191,"125.332344,131.605255","0.202866,0.344650,0.751788,-0.385109",,
1020,92380,167.0,38.88,0.01,2.0878081049025057,358.43733191490173,9237,"125.779816,131.694626","0.189370,0.351498,0.747858,-0.381839",,
1021,92859,500.0,43.68,0.01,2.0029203428886833,360.30315804481506,9284,"125.998528,132.043854","0.177161,0.359266,0.741760,-0.372322",,
1022,93066,256.0,46.16,0.01,1.9725217701308428,361.15251541137695,9305,"126.107025,131.913605","0.170727,0.357888,0.739600,-0.367852",,
1023,93225,162.0,47.62,0.01,1.8607777277193964,361.8021695613861,9321,"126.389679,132.089096","0.160147,0.348024,0.733778,-0.369893",,
1024,93225,466.0,51.87,0.01,1.8607777277193964,361.8021695613861,9321,"126.389679,132.089096","0.160147,0.348024,0.733778,-0.369893",,
1025,93335,494.0,56.63,0.01,1.867961601000279,362.2108075618744,9332,"126.526642,132.207275","0.154797,0.345930,0.730591,-0.366617",,
1026,93574,89.0,57.26,0.01,1.708477851115167,363.1798357963562,9356,"126.300041,132.217316","0.145905,0.344163,0.728320,-0.360400",,
1027,93861,99.0,57.91,0.01,1.6787690264731645,364.2623519897461,9385,"126.121239,132.195053","0.132048,0.342345,0.734909,-0.351910",,
1028,93861,390.0,61.71,0.01,1.6787690264731645,364.2623519897461,9385,"126.121239,132.195053","0.132048,0.342345,0.734909,-0.351910",,
1029,93867,80.0,62.39,0.01,1.6787690264731645,364.26839447021484,9385,"126.121239,132.195053","0.132048,0.342345,0.734909,-0.351910",,
1030,94210,229.0,64.4,0.01,1.5554237344115973,365.64015007019043,9420,"125.928902,132.066269","0.120475,0.341562,0.735239,-0.347460",,
1031,94369,143.0,65.71,0.01,1.5737219693139195,366.2244653701782,9435,"125.901848,132.104614","0.115453,0.342779,0.734193,-0.340885",,
1032,94688,103.0,66.48,0.01,1.3716484617069364,367.46439385414124,9467,"125.967262,132.284286","0.100840,0.334309,0.729548,-0.338735",,
1033,94727,174.0,68.04,0.01,1.3625574695318938,367.6318943500519,9471,"125.997108,132.315231","0.099459,0.334477,0.729514,-0.337704",,
1034,95030,500.0,72.68,0.01,1.2391108033061027,368.8715889453888,9502,"126.506500,132.726913","0.083323,0.327009,0.725339,-0.337228",,
1035,96005,164.0,74.2,0.01,1.2366067104041576,372.5082416534424,9599,"126.641174,132.485916","0.069891,0.326360,0.719483,-0.330864",,
1036,96116,281.0,76.93,0.01,1.2340690025687218,372.9069540500641,9610,"126.745110,132.498199","0.069267,0.323488,0.715896,-0.331669",,
1037,96203,249.0,79.32,0.01,1.1833210478723049,373.21738743782043,9619,"126.870644,132.447952","0.069226,0.321175,0.713681,-0.333461",,
1038,96258,236.0,81.58,0.01,1.2167349705845119,373.42176246643066,9624,"126.807800,132.414627","0.069421,0.320795,0.713421,-0.334210",,
1039,96265,337.0,84.85,0.01,1.2385335897654295,373.45893025398254,9625,"126.791039,132.401672","0.069423,0.320980,0.713671,-0.334103",,
1040,96328,200.0,86.71,0.01,1.2199841607362032,373.7121605873108,9631,"126.755493,132.356827","0.069795,0.322467,0.713915,-0.333310",,
1041,96951,240.0,88.95,0.01,1.069005100671202,376.02952766418457,9694,"127.069160,132.364044","0.069729,0.321649,0.705010,-0.334027",,
1042,97414,445.0,93.22,0.01,1.0231668968498706,377.74125051498413,9740,"126.976570,132.446960","0.064081,0.331150,0.705722,-0.320007",,
1043,97949,243.0,95.35,0.01,0.9705176337808371,379.8413164615631,9793,"126.928764,132.360550","0.066361,0.333545,0.702642,-0.312027",,
1044,98164,237.0,97.3,0.01,0.9441967358626425,380.6674630641937,9815,"126.897636,132.249023","0.066657,0.335905,0.703232,-0.309419",,
1045,98275,270.0,99.8,0.01,0.8962303581461311,381.09438943862915,9826,"126.668129,132.299362","0.067372,0.336386,0.704521,-0.307987",,
1046,98578,203.0,101.53,0.01,0.9475171789526939,382.2967929840088,9856,"126.667351,132.077881","0.067415,0.337623,0.702865,-0.305915",,
1047,98657,300.0,104.41,0.01,0.9589202952757477,382.60657501220703,9864,"126.561729,132.037781","0.066153,0.337757,0.703926,-0.306195",,
1048,100200,500.0,109.33,0.01,0.5736709463782609,388.740273475647,10019,"125.409798,131.133484","0.046978,0.336894,0.703845,-0.303777",,
1049,100279,291.0,111.92,0.01,0.5492403726000339,389.0283989906311,10026,"125.430305,131.089050","0.045050,0.336152,0.703809,-0.303911",498.8,2.4
1050,100326,500.0,116.72,0.01,0.5732057912368327,389.27237272262573,10031,"125.344673,131.075897","0.044390,0.335391,0.704136,-0.303689",,
1051,101413,500.0,121.56,0.01,0.32338995390571657,393.5840756893158,10140,"124.630730,130.480026","0.032777,0.326079,0.718819,-0.309674",,
1052,102036,432.0,125.62,0.01,0.3852503369562328,396.02862310409546,10202,"124.689041,130.520538","0.028287,0.322464,0.724028,-0.310828",,
1053,102163,500.0,130.34,0.01,0.3695546391792595,396.5074324607849,10215,"124.657387,130.494965","0.024544,0.320243,0.725715,-0.309963",,
1054,102274,500.0,135.14,0.01,0.4185995639394969,396.9331750869751,10226,"124.534744,130.563278","0.021600,0.319088,0.727309,-0.310171",,
1055,102657,500.0,139.51,0.01,0.44488014820963145,398.32490062713623,10264,"124.466492,130.551971","0.013017,0.314176,0.733302,-0.310469",,
1056,104032,327.0,142.61,0.01,0.36866897049359976,403.83781814575195,10402,"124.228760,130.516312","-0.013976,0.312813,0.731088,-0.313619",,
1057,104199,500.0,147.49,0.01,0.3623812491260469,404.50227522850037,10418,"124.165123,130.483047","-0.016739,0.311747,0.730960,-0.313397",,
1058,104278,500.0,152.23,0.01,0.30770027326885613,404.8621783256531,10426,"124.070969,130.411118","-0.017379,0.311721,0.730873,-0.313525",,
1059,104325,500.0,157.11,0.01,0.339024795726873,405.0647325515747,10431,"123.991806,130.400360","-0.017764,0.311616,0.730784,-0.313853",,
1060,104372,11.0,157.08,0.01,0.30832328052958474,405.2754485607147,10436,"123.964401,130.370987","-0.017709,0.311551,0.730807,-0.314326",,
1061,106035,500.0,161.86,0.01,0.19948498684447258,411.8621349334717,10602,"123.578308,130.265457","-0.021450,0.307097,0.732101,-0.317319",,
1062,106162,500.0,166.58,0.01,0.20056845209677704,412.36041259765625,10615,"123.594330,130.265045","-0.022914,0.306825,0.732570,-0.317168",,
1063,106273,500.0,171.28,0.01,0.19964633718598634,412.7613875865936,10626,"123.550987,130.256302","-0.022815,0.306897,0.733043,-0.317188",,
1064,106656,500.0,176.18,0.01,0.15407425001845695,414.20928978919983,10664,"123.516342,130.233795","-0.023457,0.306255,0.732961,-0.315529",,
1065,107007,335.0,179.34,0.01,0.11772712681675329,415.56109285354614,10699,"123.426399,130.119293","-0.022282,0.305965,0.732647,-0.315430",,
1066,107094,10.0,179.13,0.01,0.11912212196504697,415.88781571388245,10708,"123.318832,130.140594","-0.021597,0.306239,0.733488,-0.315997",,
1067,108029,500.0,183.85,0.01,0.27460586200118997,419.2838759422302,10801,"123.122589,130.011581","-0.018515,0.306164,0.734102,-0.316437",,
1068,108196,500.0,188.56,0.01,0.3075691729650134,419.9237496852875,10818,"123.163612,129.951233","-0.017832,0.306666,0.735121,-0.316681",,
1069,108371,500.0,193.44,0.01,0.3696842436370207,420.7188239097595,10836,"123.071686,129.943115","-0.017665,0.306943,0.735222,-0.315940",,
1070,110034,500.0,198.25,0.01,0.28246768095355945,427.2467978000641,11002,"122.911858,129.655426","-0.013251,0.309585,0.738122,-0.315911",,
1071,110145,381.0,201.79,0.01,0.3132148169353604,427.6910865306854,11013,"122.801636,129.675201","-0.013095,0.309557,0.738094,-0.315822",,
1072,110160,500.0,206.46,0.01,0.28152554972213695,427.7635588645935,11015,"122.793762,129.660416","-0.012806,0.309617,0.738080,-0.315806",,
1073,110271,500.0,211.31,0.01,0.24972623214125633,428.1781177520752,11026,"122.800415,129.625916","-0.011840,0.309872,0.737983,-0.315741",,
1074,110366,11.0,211.25,0.01,0.21819148532871624,428.5510513782501,11035,"122.824226,129.644257","-0.011343,0.309988,0.737899,-0.315732",,
1075,110653,500.0,215.57,0.01,0.18425246657570823,429.7723698616028,11064,"122.818085,129.676468","-0.010022,0.310095,0.737710,-0.315046",,
1076,112028,500.0,220.24,0.01,0.24386321429978125,435.21516394615173,11201,"122.589249,129.428909","-0.006983,0.311835,0.738376,-0.314591",,
1077,112195,500.0,224.89,0.01,0.24766449802555143,435.894216299057,11218,"122.630974,129.395004","-0.006023,0.311998,0.738754,-0.314599",,
1078,112370,500.0,229.7,0.01,0.3116263812239049,436.5966820716858,11236,"122.649590,129.328644","-0.006754,0.311911,0.739004,-0.315086",,
1079,112649,327.0,232.76,0.01,0.3437286344199674,437.71797275543213,11263,"122.564507,129.309006","-0.006010,0.312190,0.738971,-0.315025",,
1080,112904,343.0,236.06,0.01,0.31044027196301616,438.8532681465149,11289,"122.489777,129.304886","-0.006352,0.312358,0.738910,-0.315232",,
1081,112991,10.0,236.0,0.01,0.3132891475019278,439.2144765853882,11298,"122.487602,129.235809","-0.006247,0.312554,0.738944,-0.315140",,
1082,113078,10.0,235.81,0.01,0.34754646581714044,439.5646848678589,11306,"122.430328,129.229736","-0.006704,0.312933,0.740227,-0.316107",,
1083,114141,500.0,240.6,0.01,0.21522520485741553,443.7849371433258,11413,"122.583717,129.234741","-0.008448,0.314691,0.744457,-0.314172",,
1084,114364,500.0,245.35,0.01,0.16470503273769282,444.63041472435,11435,"122.611183,129.229721","-0.007528,0.315855,0.745810,-0.315190",,
1085,114651,500.0,250.22,0.01,0.1638467782747466,445.7325949668884,11464,"122.607040,129.143280","-0.008641,0.315855,0.745780,-0.315188",,
1086,116026,500.0,254.93,0.01,0.2804430098610464,450.9447934627533,11601,"122.546562,129.096893","-0.012970,0.316430,0.746763,-0.314787",,
1087,116193,500.0,259.68,0.01,0.3291369308927096,451.53364872932434,11618,"122.534279,129.029510","-0.010179,0.317445,0.747208,-0.314807",,
1088,116368,500.0,264.43,0.01,0.36350086364429446,452.14595770835876,11635,"122.550201,129.000763","-0.010443,0.318328,0.749460,-0.316675",,
1089,116455,10.0,264.36,0.01,0.33243812888278623,452.46226143836975,11644,"122.572548,129.036087","-0.010106,0.318723,0.749939,-0.316877",,
1090,116542,10.0,264.23,0.01,0.3322852935618721,452.7712218761444,11653,"122.597466,129.015640","-0.009393,0.319065,0.750087,-0.316736",,
1091,116645,500.0,268.94,0.01,0.3662659195123706,453.12421917915344,11663,"122.595238,129.014236","-0.008790,0.319840,0.751626,-0.317478",,
1092,116732,10.0,268.26,0.01,0.33584068915515675,453.43838834762573,11672,"122.624840,129.015182","-0.008236,0.320383,0.752109,-0.316745",,
1093,116819,10.0,268.07,0.01,0.24322636292956304,453.73299765586853,11680,"122.600555,129.084732","-0.008583,0.320558,0.752256,-0.315357",,
1094,117074,500.0,272.88,0.01,0.27857209179259373,454.7310206890106,11706,"122.583328,128.976669","-0.010716,0.320659,0.752857,-0.316368",,
1095,117265,327.0,276.0,0.01,0.247511356259929,455.4435558319092,11725,"122.575851,128.901764","-0.010325,0.321106,0.753487,-0.317944",,
1096,118136,500.0,280.69,0.01,0.4103571676719002,458.77578115463257,11812,"122.694221,128.791641","-0.008659,0.326725,0.759530,-0.327004",,
1097,118359,500.0,285.4,0.01,0.4044585406099213,459.5909342765808,11834,"122.716774,128.777451","-0.009405,0.326996,0.760139,-0.327009",,
1098,120022,500.0,289.12,0.01,0.3027966211887542,465.7248387336731,12001,"122.933258,128.788879","-0.013965,0.330798,0.765147,-0.329725",,
1099,120189,500.0,293.83,0.01,0.33053823495400136,466.28622245788574,12017,"122.928772,128.726624","-0.013542,0.331397,0.765679,-0.329570",402.0,196.0
1100,120540,500.0,298.04,0.01,0.2845151404209901,467.5584762096405,12053,"122.916824,128.792007","-0.015586,0.331430,0.767581,-0.331072",,
1101,120819,500.0,302.63,0.01,0.28454020430333915,468.5586540699005,12080,"122.989815,128.730316","-0.016146,0.332518,0.769722,-0.332728",,
1102,121002,467.0,306.73,0.01,0.3166790948715061,469.2366609573364,12099,"123.063156,128.658752","-0.017202,0.333065,0.770163,-0.334305",,
1103,121073,500.0,311.58,0.01,0.34741086364490914,469.49195647239685,12106,"122.967682,128.660904","-0.016783,0.333426,0.770252,-0.334660",,
1104,122136,500.0,316.4,0.01,0.34867952201573643,473.32960319519043,12212,"123.045502,128.671310","-0.021363,0.333371,0.769722,-0.335049",,
1105,122359,500.0,321.13,0.01,0.3629720902180998,474.1978163719177,12234,"123.093857,128.626373","-0.019462,0.334616,0.771032,-0.335335",,
1106,124022,500.0,325.18,0.01,0.3549283798970282,481.21959805488586,12401,"123.424973,128.518967","-0.007583,0.343448,0.781188,-0.346371",,
1107,124189,500.0,329.79,0.01,0.3871353398356587,481.92306113243103,12417,"123.486549,128.489792","-0.007123,0.344318,0.782103,-0.348879",,
1108,124540,500.0,334.62,0.01,0.410878508167807,483.5256588459015,12453,"123.647614,128.458527","-0.009366,0.346403,0.786251,-0.352804",,
1109,124819,500.0,337.62,0.01,0.4106618914147839,484.68249917030334,12480,"123.841965,128.502548","-0.007049,0.348029,0.787226,-0.355087",,
1110,125002,500.0,341.7,0.01,0.4073334124509711,485.48627066612244,12499,"123.865265,128.636978","-0.006641,0.348423,0.787036,-0.356422",,
1111,125073,500.0,345.94,0.01,0.3460684444045182,485.76639914512634,12506,"123.930107,128.574493","-0.006536,0.348856,0.787347,-0.356507",,
1112,126136,500.0,349.52,0.01,0.2150860913726501,490.2230591773987,12612,"124.291267,128.705490","-0.008253,0.356101,0.797121,-0.364513",,
1113,126359,500.0,352.76,0.01,0.18462240504682995,491.15051770210266,12634,"124.274399,128.577911","-0.008859,0.356854,0.800010,-0.366575",,
1114,128022,500.0,356.98,0.01,0.46577741908840836,497.83855628967285,12801,"124.192795,128.428452","0.013066,0.360860,0.805380,-0.365661",,
1115,128189,500.0,360.98,0.01,0.46472001960501075,498.50817489624023,12817,"124.183556,128.451706","0.011500,0.360515,0.805209,-0.364998",,
1116,128540,500.0,364.89,0.01,0.3625587011128664,500.0703775882721,12853,"124.210075,128.498993","0.015359,0.360120,0.804712,-0.360951",,
1117,128819,500.0,368.56,0.01,0.3583358754194342,501.12196922302246,12880,"124.183746,128.452499","0.011731,0.359497,0.804439,-0.360356",,
1118,129002,500.0,371.98,0.01,0.3264393104793271,501.9127264022827,12899,"124.118011,128.514801","0.011604,0.359460,0.804279,-0.358961",,
1119,129073,500.0,375.79,0.01,0.32688106626912483,502.21081042289734,12906,"124.169601,128.433624","0.011095,0.359408,0.804156,-0.357988",,
1120,130136,500.0,379.12,0.01,0.32489056420861745,506.5726261138916,13012,"123.880234,128.296204","0.014714,0.356079,0.802616,-0.351136",,
1121,130359,500.0,379.12,0.01,0.32428298568207536,507.51798152923584,13034,"123.807159,128.251678","0.014788,0.355787,0.802443,-0.350716",,
1122,132022,500.0,381.56,0.01,0.22719825202977517,514.020210981369,13201,"123.746262,128.214233","0.011464,0.352209,0.800718,-0.340105",,
1123,132189,500.0,384.94,0.01,0.19561045410082442,514.6102106571198,13217,"123.744431,128.236832","0.011554,0.352257,0.800530,-0.339329",,
1124,132540,500.0,385.28,0.01,0.1949169055616949,515.9436593055725,13253,"123.606857,128.218979","0.009171,0.351051,0.800369,-0.339633",,
1125,132819,500.0,385.34,0.01,0.19484593824017793,517.000467300415,13280,"123.779785,128.260162","0.011090,0.350096,0.799908,-0.337164",,
1126,133002,500.0,389.45,0.01,0.19488104263320566,517.7011196613312,13299,"123.822540,128.218643","0.013500,0.350363,0.799607,-0.335267",,
1127,133073,500.0,393.46,0.01,0.19504489751765505,517.9890129566193,13306,"123.739449,128.282776","0.012594,0.349948,0.799458,-0.335748",,
1128,134136,500.0,394.56,0.01,0.0695439169369638,521.9169178009033,13412,"123.603310,128.210037","0.003891,0.347722,0.798019,-0.327116",,
1129,134359,500.0,398.76,0.01,0.1014409777824767,522.813460111618,13434,"123.571365,128.155609","0.000807,0.346449,0.797858,-0.323618",,
1130,136022,500.0,401.47,0.01,0.22597265043499648,528.8103144168854,13601,"123.418999,128.038223","-0.002831,0.343625,0.795634,-0.315061",,
1131,136189,500.0,405.04,0.01,0.22609019005001754,529.3671441078186,13617,"123.419701,128.058929","-0.002635,0.342607,0.795235,-0.315092",,
1132,136540,500.0,409.01,0.01,0.16250090347137303,530.5909197330475,13653,"123.372055,128.029434","0.000245,0.343511,0.794918,-0.314867",,
1133,136627,10.0,407.37,0.01,0.1622854308289243,530.875734090805,13661,"123.328827,128.022949","0.000384,0.343654,0.794854,-0.314703",,
1134,136818,500.0,407.37,0.01,0.19310850663168821,531.5092880725861,13680,"123.282730,127.993347","-0.000735,0.343567,0.794691,-0.314568",,
1135,137001,500.0,410.73,0.01,0.16244485258706845,532.1763455867767,13699,"123.375237,127.996422","-0.000219,0.343472,0.794326,-0.312100",,
1136,137072,500.0,412.92,0.01,0.16253807329863776,532.4075984954834,13706,"123.237785,128.086548","-0.000676,0.343206,0.794205,-0.311964",,
1137,138135,500.0,415.43,0.01,0.273696038540802,535.962895154953,13812,"123.391212,127.951492","-0.019111,0.344025,0.797861,-0.311423",,
1138,138358,500.0,418.07,0.01,0.27779332123231143,536.7052018642426,13834,"123.426750,127.919060","-0.011564,0.346749,0.801118,-0.311383",,
1139,140021,500.0,419.7,0.01,0.10558166443835944,542.4221878051758,14001,"123.487427,128.071396","-0.005876,0.346624,0.801545,-0.301251",,
1140,140116,11.0,417.81,0.01,0.16826705393963493,542.7205240726471,14010,"123.611671,127.977539","-0.006179,0.346093,0.801419,-0.299949",,
1141,140187,500.0,420.41,0.01,0.16824515421234537,542.964958190918,14017,"123.544014,127.997360","-0.007056,0.345578,0.801403,-0.299883",,
1142,140626,500.0,420.96,0.01,0.19615294933260885,544.5413768291473,14061,"123.490059,128.041565","-0.008732,0.344413,0.800574,-0.294975",,
1143,140713,10.0,418.63,0.01,0.19640238783613312,544.8857924938202,14070,"123.589516,128.008194","-0.009037,0.344470,0.800409,-0.293664",,
1144,140816,500.0,421.26,0.01,0.19732812545611522,545.2508563995361,14080,"123.548317,127.957214","-0.009289,0.344165,0.800324,-0.293406",,
1145,140999,500.0,423.56,0.01,0.19637160495884018,545.9945778846741,14098,"123.508499,127.945198","-0.008927,0.343668,0.799966,-0.295996",,
1146,141070,500.0,426.53,0.01,0.19625425646750955,546.2721440792084,14106,"123.525917,127.898346","-0.009462,0.343505,0.799713,-0.296395",,
1147,142133,500.0,428.53,0.01,0.1048563800859847,550.1703395843506,14212,"123.490387,127.817009","-0.012287,0.345888,0.799486,-0.294342",,
1148,142356,500.0,428.53,0.01,0.07496510324097472,550.9352316856384,14234,"123.512527,127.833191","-0.014106,0.349438,0.803501,-0.296954",,
1149,144115,500.0,430.62,0.01,0.23581934481218922,557.0012640953064,14410,"123.514000,127.645706","-0.008114,0.357886,0.816509,-0.301188",500.0,0.0
1150,144186,500.0,430.62,0.01,0.23611304733727592,557.2410035133362,14417,"123.629875,127.610352","-0.007231,0.357991,0.816229,-0.302363",,
1151,144713,500.0,430.62,0.01,0.20451053225435317,559.0933582782745,14470,"123.644997,127.618454","0.001493,0.360343,0.816867,-0.303358",,
1152,144816,500.0,431.3,0.01,0.20457215585396626,559.4571340084076,14480,"123.594604,127.626488","0.002210,0.360426,0.817333,-0.304988",,
1153,144999,500.0,431.3,0.01,0.174360140603967,560.0591516494751,14498,"123.583542,127.589676","0.003379,0.361857,0.817232,-0.307464",,
1154,145030,26.0,426.56,0.01,0.1743424226134084,560.1867549419403,14502,"123.563179,127.585091","0.002920,0.361919,0.817227,-0.307502",,
1155,145069,500.0,426.56,0.01,0.20632492721662857,560.2880158424377,14505,"123.583038,127.535385","0.002551,0.362069,0.817183,-0.308258",,
1156,145260,68.0,423.97,0.01,0.20614044447545893,560.9647483825684,14525,"123.510452,127.538910","-0.000948,0.363003,0.816526,-0.310928",,
1157,146131,500.0,423.97,0.01,0.18020598462753695,564.0382006168365,14612,"123.635208,127.383430","-0.006186,0.372920,0.825457,-0.320392",,
1158,146234,12.0,419.09,0.01,0.18098895559058292,564.3723726272583,14622,"123.682465,127.389709","-0.003289,0.373751,0.826143,-0.320644",,
1159,146353,500.0,419.09,0.01,0.18098013360606274,564.7886106967926,14634,"123.749863,127.466850","-0.001334,0.373833,0.826880,-0.318163",,
1160,146568,26.0,419.24,0.01,0.20875226811127504,565.5105350017548,14655,"123.637672,127.440437","0.000417,0.374795,0.824948,-0.319737",,
1161,146671,12.0,414.36,0.01,0.20730536032730015,565.8821883201599,14666,"123.597015,127.407974","-0.000955,0.375413,0.822421,-0.321652",,
1162,147926,362.0,412.98,0.01,0.26369573950883934,570.084540605545,14791,"123.877281,127.294426","-0.006967,0.378965,0.840335,-0.334952",,
1163,148109,500.0,412.98,0.01,0.27161285757203585,570.68261885643,14809,"123.856606,127.184814","-0.010022,0.379649,0.840926,-0.330296",,
1164,148180,500.0,412.98,0.01,0.27240012283087706,570.9430241584778,14817,"123.735191,127.267937","-0.011366,0.378499,0.841854,-0.329993",,
1165,148803,476.0,414.39,0.01,0.32448951514961666,572.9192223548889,14879,"123.925865,127.041504","0.003184,0.389034,0.852975,-0.331198",,
1166,149066,500.0,419.29,0.01,0.2890380072646076,573.7300851345062,14905,"123.866570,126.966553","0.008158,0.390624,0.856886,-0.336143",,
1167,149257,500.0,419.29,0.01,0.3479749984724913,574.3281638622284,14924,"123.747009,126.900391","0.006489,0.387972,0.852065,-0.335262",,
1168,150232,500.0,419.29,0.01,0.3372713491064496,577.4604682922363,15022,"124.115555,127.045990","0.009066,0.392460,0.865543,-0.332857",,
1169,150671,500.0,419.29,0.01,0.4490889916743617,578.8507287502289,15066,"124.084229,126.929367","0.010028,0.388348,0.866018,-0.330675",,
1170,151926,500.0,419.29,0.01,0.32674560782383194,582.641583442688,15191,"123.974884,126.823975","0.002383,0.377149,0.855684,-0.318534",,
1171,151965,473.0,420.21,0.01,0.3272850498824846,582.764340877533,15195,"123.833199,126.936012","0.002471,0.376944,0.855585,-0.319374",,
1172,152108,500.0,420.21,0.01,0.3283686538564507,583.1799471378326,15209,"123.847092,127.035774","0.005580,0.376170,0.856003,-0.321089",,
1173,152179,26.0,415.47,0.01,0.3325131197005976,583.3907992839813,15216,"124.035500,126.813866","0.007486,0.379608,0.859682,-0.320687",,
1174,152802,500.0,420.36,0.01,0.24163888553041032,585.3224878311157,15279,"123.880470,126.850136","-0.003073,0.370707,0.879053,-0.318836",,
1175,153065,500.0,420.36,0.01,0.17181341353920287,586.1259858608246,15305,"123.750412,126.935272","-0.004261,0.364702,0.883303,-0.321913",,
1176,153112,305.0,418.41,0.01,0.17241762127145194,586.279271364212,15310,"123.786263,126.843407","-0.004659,0.364122,0.884088,-0.321474",,
1177,153175,13.0,413.54,0.01,0.17209117967751808,586.4753792285919,15316,"123.659836,126.912651","-0.005475,0.363480,0.884617,-0.321441",,
1178,153254,500.0,413.54,0.01,0.20501917454996146,586.7247557640076,15324,"123.656715,126.833405","-0.005642,0.365099,0.883126,-0.319558",,
1179,154229,500.0,415.27,0.01,0.2417654654837679,589.693601846695,15421,"123.926941,126.850540","0.001114,0.371954,0.873948,-0.308513",,
1180,154684,313.0,414.97,0.01,0.2737597916368395,591.0871996879578,15467,"123.800621,127.014801","0.012260,0.375046,0.866320,-0.309030",,
1181,155923,500.0,419.87,0.01,0.38989032816956753,595.111864566803,15591,"124.009979,127.021027","0.003820,0.364976,0.870880,-0.298893",,
1182,156106,500.0,424.77,0.01,0.33410087109194136,595.6421916484833,15609,"123.935051,127.109192","0.000786,0.363853,0.869562,-0.299876",,
1183,156801,500.0,424.77,0.01,0.26943317949771883,597.6961748600006,15679,"123.989830,127.019241","0.013092,0.369577,0.861534,-0.291878",,
1184,157112,500.0,424.77,0.01,0.29600548728485593,598.6024718284607,15710,"123.871246,126.909637","0.015971,0.368470,0.855599,-0.292022",,
1185,157175,500.0,424.77,0.01,0.2955865508178249,598.7817351818085,15716,"123.799515,126.918983","0.015496,0.366846,0.856553,-0.291681",,
1186,157254,500.0,424.77,0.01,0.32556933944812044,599.0255012512207,15724,"123.752792,126.793282","0.013508,0.364257,0.857545,-0.291732",,
