episode,total_env_steps,episode_reward,avg_reward_100,epsilon,mean_loss,wall_clock_s,grad_steps,w,lam,eval_mean_reward,eval_std_reward
0,88,11.0,11.0,1.0,0.4336156930242266,0.20289134979248047,7,"1.693043,1.692386","0.996822,0.993179,0.994265,0.993302,0.997097,0.994368,0.993202,0.993177,0.995142,1.006117,0.993156,1.003233,0.994508,0.993197,0.993467,0.993193,1.005754,1.000164,0.993368,0.993183",,
1,88,11.0,11.0,1.0,0.4336156930242266,0.20289134979248047,7,"1.693043,1.692386","0.996822,0.993179,0.994265,0.993302,0.997097,0.994368,0.993202,0.993177,0.995142,1.006117,0.993156,1.003233,0.994508,0.993197,0.993467,0.993193,1.005754,1.000164,0.993368,0.993183",,
2,94,12.0,11.333333333333334,0.9801,0.43462061882019043,0.22987031936645508,8,"1.788848,1.791755","0.997036,0.992183,0.994434,0.992324,0.997427,0.993571,0.992238,0.992240,0.995224,1.006559,0.992156,1.004097,0.993657,0.992196,0.993040,0.992193,1.006675,1.000196,0.992448,0.992193",,
3,101,13.0,11.75,0.970299,0.4239228334691789,0.2694125175476074,9,"1.885558,1.886392","0.997556,0.991484,0.994091,0.991355,0.997997,0.992712,0.991261,0.991274,0.995708,1.006361,0.991183,1.004977,0.992761,0.991189,0.992850,0.991185,1.007455,1.000180,0.991503,0.991204",,
4,204,14.0,12.2,0.96059601,0.42898948412192495,0.5613305568695068,19,"2.843508,2.847615","1.005047,0.985341,0.986942,0.981460,1.006310,0.983106,0.981232,0.983007,1.002529,1.003214,0.980858,1.014938,0.984191,0.980889,0.987395,0.980750,1.014568,1.000510,0.981881,0.982143",,
5,204,26.0,14.5,0.96059601,0.42898948412192495,0.5613305568695068,19,"2.843508,2.847615","1.005047,0.985341,0.986942,0.981460,1.006310,0.983106,0.981232,0.983007,1.002529,1.003214,0.980858,1.014938,0.984191,0.980889,0.987395,0.980750,1.014568,1.000510,0.981881,0.982143",,
6,210,13.0,14.285714285714286,0.941480149401,0.4328729256987572,0.5912652015686035,20,"2.941026,2.941620","1.005996,0.984828,0.986130,0.980374,1.007293,0.982102,0.980152,0.982032,1.003326,1.002988,0.979769,1.016027,0.983179,0.979794,0.986875,0.979622,1.015370,1.000546,0.980844,0.981301",,
7,233,18.0,14.75,0.9320653479069899,0.440580200065266,0.6551942825317383,22,"3.131950,3.129342","1.007111,0.983737,0.984473,0.978168,1.008998,0.980247,0.977947,0.980038,1.005103,1.002821,0.977535,1.018229,0.981156,0.977560,0.985853,0.977384,1.017149,1.000571,0.978734,0.979521",,
8,280,36.0,17.11111111111111,0.9227446944279201,0.45018435628325854,0.8231837749481201,27,"3.599510,3.605525","1.010182,0.979592,0.981995,0.972496,1.012848,0.976125,0.972436,0.975178,1.006992,1.003240,0.972264,1.023176,0.977027,0.971839,0.982515,0.972035,1.020956,1.000679,0.973258,0.974721",,
9,311,13.0,16.7,0.9135172474836408,0.46241894364356995,0.930156946182251,30,"3.893027,3.883258","1.011849,0.976750,0.981751,0.969010,1.015316,0.973903,0.969110,0.971833,1.008142,1.004105,0.968982,1.026167,0.974494,0.968381,0.980005,0.968597,1.023671,1.000852,0.969777,0.971598",,
10,311,40.0,18.818181818181817,0.9135172474836408,0.46241894364356995,0.9313356876373291,30,"3.893027,3.883258","1.011849,0.976750,0.981751,0.969010,1.015316,0.973903,0.969110,0.971833,1.008142,1.004105,0.968982,1.026167,0.974494,0.968381,0.980005,0.968597,1.023671,1.000852,0.969777,0.971598",,
11,311,12.0,18.25,0.9135172474836408,0.46241894364356995,0.9313356876373291,30,"3.893027,3.883258","1.011849,0.976750,0.981751,0.969010,1.015316,0.973903,0.969110,0.971833,1.008142,1.004105,0.968982,1.026167,0.974494,0.968381,0.980005,0.968597,1.023671,1.000852,0.969777,0.971598",,
12,372,17.0,18.153846153846153,0.8863848717161292,0.47649264252848095,1.1293129920959473,36,"4.444341,4.437586","1.015669,0.970578,0.981735,0.961692,1.019895,0.968954,0.962055,0.965799,1.008734,1.007382,0.962145,1.032173,0.969774,0.961272,0.975802,0.962328,1.029357,1.000603,0.962663,0.964554",,
13,379,12.0,17.714285714285715,0.8775210229989678,0.47649264252848095,1.1375596523284912,36,"4.444341,4.437586","1.015669,0.970578,0.981735,0.961692,1.019895,0.968954,0.962055,0.965799,1.008734,1.007382,0.962145,1.032173,0.969774,0.961272,0.975802,0.962328,1.029357,1.000603,0.962663,0.964554",,
14,418,27.0,18.333333333333332,0.8687458127689782,0.4811362162232399,1.2813756465911865,40,"4.810850,4.801110","1.018126,0.966300,0.981315,0.956560,1.022652,0.965635,0.957455,0.961603,1.009375,1.009631,0.957553,1.036188,0.966974,0.956296,0.973309,0.957961,1.032878,1.000061,0.958212,0.959551",,
15,425,14.0,18.0625,0.8600583546412884,0.4817711783618462,1.3168213367462158,41,"4.900100,4.895375","1.018867,0.965192,0.981102,0.955247,1.023520,0.964806,0.956222,0.960536,1.009778,1.010390,0.956306,1.037298,0.966147,0.955064,0.972623,0.956828,1.033826,0.999928,0.956994,0.958512",,
16,425,14.0,17.823529411764707,0.8600583546412884,0.4817711783618462,1.3168213367462158,41,"4.900100,4.895375","1.018867,0.965192,0.981102,0.955247,1.023520,0.964806,0.956222,0.960536,1.009778,1.010390,0.956306,1.037298,0.966147,0.955064,0.972623,0.956828,1.033826,0.999928,0.956994,0.958512",,
17,439,16.0,17.72222222222222,0.8429431933839268,0.4812482503198442,1.3700881004333496,42,"4.989895,4.989112","1.019558,0.964133,0.980787,0.953928,1.024334,0.963883,0.954966,0.959457,1.010244,1.011053,0.955054,1.038484,0.965298,0.953842,0.971939,0.955669,1.034698,0.999863,0.955781,0.957476",,
18,454,46.0,19.210526315789473,0.8345137614500875,0.48955554786053573,1.4587125778198242,44,"5.166814,5.183948","1.021216,0.961914,0.979945,0.951237,1.026316,0.961996,0.952338,0.957333,1.010900,1.012488,0.952456,1.040885,0.963312,0.951357,0.970452,0.953262,1.036677,0.999588,0.953223,0.955572",,
19,493,15.0,19.0,0.8261686238355866,0.4929256420582533,1.6423747539520264,48,"5.540789,5.555453","1.024781,0.957541,0.977984,0.945918,1.030739,0.958016,0.947615,0.952604,1.012163,1.014032,0.947555,1.045519,0.959123,0.946202,0.967894,0.948124,1.039614,0.999169,0.948385,0.951191",,
20,508,11.0,18.61904761904762,0.8179069375972308,0.4968930683573898,1.6886248588562012,49,"5.633498,5.642921","1.025611,0.956523,0.977482,0.944602,1.031778,0.956994,0.946448,0.951435,1.012642,1.014504,0.946447,1.046721,0.958062,0.944941,0.967214,0.946867,1.040304,0.999182,0.947294,0.950097",,
21,515,17.0,18.545454545454547,0.8097278682212584,0.49933176577091215,1.7235732078552246,50,"5.730074,5.727932","1.026495,0.955574,0.976974,0.943256,1.032804,0.955885,0.945288,0.950170,1.013240,1.014863,0.945348,1.047985,0.956969,0.943674,0.966643,0.945554,1.040924,0.999058,0.946225,0.948909",,
22,586,16.0,18.434782608695652,0.8016305895390459,0.5115140796753398,2.005950927734375,57,"6.354032,6.324844","1.032588,0.949242,0.973601,0.934231,1.040227,0.949175,0.937086,0.942090,1.016062,1.018859,0.937541,1.056030,0.950683,0.935517,0.963107,0.937750,1.045656,0.998524,0.938128,0.941870",,
23,617,15.0,18.291666666666668,0.7936142836436554,0.5159288048744202,2.1213715076446533,60,"6.615091,6.578316","1.035607,0.946809,0.971336,0.930671,1.043522,0.946368,0.933533,0.938693,1.016778,1.020878,0.933986,1.059205,0.947917,0.932243,0.960583,0.934530,1.046727,0.997967,0.934544,0.939564",,
24,617,24.0,18.52,0.7936142836436554,0.5159288048744202,2.1213715076446533,60,"6.615091,6.578316","1.035607,0.946809,0.971336,0.930671,1.043522,0.946368,0.933533,0.938693,1.016778,1.020878,0.933986,1.059205,0.947917,0.932243,0.960583,0.934530,1.046727,0.997967,0.934544,0.939564",,
25,639,25.0,18.76923076923077,0.7778213593991467,0.5264436785251864,2.194524049758911,62,"6.793695,6.749601","1.037787,0.945166,0.969777,0.928321,1.045911,0.944735,0.931038,0.936521,1.017249,1.022308,0.931453,1.061480,0.946020,0.930142,0.958868,0.932176,1.047495,0.997626,0.932163,0.937956",,
26,646,16.0,18.666666666666668,0.7700431458051551,0.5274755614144462,2.2195353507995605,63,"6.879640,6.836745","1.038997,0.944150,0.969269,0.927101,1.047153,0.944344,0.929842,0.935422,1.017190,1.023311,0.930296,1.062559,0.945211,0.929081,0.957932,0.931048,1.047855,0.997496,0.931136,0.937014",,
27,646,28.0,19.0,0.7700431458051551,0.5274755614144462,2.2195353507995605,63,"6.879640,6.836745","1.038997,0.944150,0.969269,0.927101,1.047153,0.944344,0.929842,0.935422,1.017190,1.023311,0.930296,1.062559,0.945211,0.929081,0.957932,0.931048,1.047855,0.997496,0.931136,0.937014",,
28,732,95.0,21.620689655172413,0.7547192872036326,0.5344818230304453,2.5854415893554688,72,"7.689322,7.647522","1.046602,0.935385,0.964547,0.915253,1.056279,0.940218,0.919578,0.924958,1.017509,1.029475,0.919874,1.072088,0.940225,0.918782,0.947730,0.920603,1.048636,0.995658,0.921323,0.927256",,
29,732,10.0,21.233333333333334,0.7547192872036326,0.5344818230304453,2.5854415893554688,72,"7.689322,7.647522","1.046602,0.935385,0.964547,0.915253,1.056279,0.940218,0.919578,0.924958,1.017509,1.029475,0.919874,1.072088,0.940225,0.918782,0.947730,0.920603,1.048636,0.995658,0.921323,0.927256",,
30,738,29.0,21.483870967741936,0.7397003733882802,0.5344818230304453,2.586446762084961,72,"7.689322,7.647522","1.046602,0.935385,0.964547,0.915253,1.056279,0.940218,0.919578,0.924958,1.017509,1.029475,0.919874,1.072088,0.940225,0.918782,0.947730,0.920603,1.048636,0.995658,0.921323,0.927256",,
31,745,13.0,21.21875,0.7323033696543975,0.5355358903538691,2.621364116668701,73,"7.785690,7.731966","1.047268,0.934705,0.964042,0.913923,1.057040,0.939477,0.918674,0.923755,1.017743,1.029509,0.918707,1.073215,0.939758,0.917689,0.946504,0.919441,1.048467,0.995724,0.920377,0.926164",,
32,745,16.0,21.060606060606062,0.7323033696543975,0.5355358903538691,2.621364116668701,73,"7.785690,7.731966","1.047268,0.934705,0.964042,0.913923,1.057040,0.939477,0.918674,0.923755,1.017743,1.029509,0.918707,1.073215,0.939758,0.917689,0.946504,0.919441,1.048467,0.995724,0.920377,0.926164",,
33,783,17.0,20.941176470588236,0.7177305325982749,0.5409436570359515,2.7769362926483154,77,"8.151041,8.076492","1.050181,0.932030,0.962419,0.908523,1.059588,0.936304,0.915043,0.918659,1.018021,1.030011,0.914433,1.077412,0.938079,0.913176,0.942274,0.914934,1.048299,0.996025,0.916459,0.921780",,
34,798,27.0,21.114285714285714,0.7105532272722921,0.5434210013884765,2.8263964653015137,78,"8.238188,8.163284","1.050966,0.931376,0.961622,0.907205,1.060342,0.935394,0.914062,0.917517,1.018367,1.029778,0.913346,1.078514,0.937691,0.911983,0.941236,0.913754,1.048029,0.996186,0.915496,0.920754",,
35,798,23.0,21.166666666666668,0.7105532272722921,0.5434210013884765,2.8263964653015137,78,"8.238188,8.163284","1.050966,0.931376,0.961622,0.907205,1.060342,0.935394,0.914062,0.917517,1.018367,1.029778,0.913346,1.078514,0.937691,0.911983,0.941236,0.913754,1.048029,0.996186,0.915496,0.920754",,
36,820,11.0,20.89189189189189,0.6964132180495735,0.5554093847304215,2.9291319847106934,81,"8.495919,8.429041","1.052702,0.929122,0.958940,0.903403,1.061913,0.932824,0.911137,0.913782,1.019290,1.029536,0.909839,1.081666,0.936664,0.908198,0.937724,0.910296,1.047394,0.996444,0.912570,0.917382",,
37,835,12.0,20.657894736842106,0.6894490858690777,0.5546116025709524,2.979717969894409,82,"8.582632,8.521297","1.053239,0.928251,0.958068,0.902102,1.062451,0.932041,0.910161,0.912416,1.019478,1.029618,0.908622,1.082720,0.936185,0.906940,0.936695,0.909083,1.047423,0.996432,0.911561,0.916287",,
38,850,13.0,20.46153846153846,0.682554595010387,0.5575091395349729,3.061093330383301,84,"8.757692,8.696809","1.054572,0.926436,0.956749,0.899541,1.063938,0.930812,0.907879,0.909617,1.019572,1.030138,0.906159,1.084987,0.934872,0.904641,0.934735,0.906557,1.048028,0.996517,0.909446,0.914229",,
39,905,22.0,20.5,0.6757290490602831,0.5627373945846986,3.275714159011841,89,"9.202341,9.108936","1.058426,0.922509,0.954262,0.893547,1.067687,0.928249,0.902861,0.902997,1.019941,1.030534,0.900627,1.090564,0.932907,0.899752,0.928834,0.900253,1.048549,0.996559,0.905428,0.909563",,
40,936,17.0,20.414634146341463,0.6689717585696803,0.576940453570822,3.4096102714538574,92,"9.468996,9.332207","1.060513,0.919681,0.953686,0.889849,1.070102,0.927176,0.899887,0.899134,1.019270,1.030934,0.897447,1.093872,0.931258,0.896879,0.925417,0.896544,1.049186,0.996057,0.903349,0.906367",,
41,967,16.0,20.30952380952381,0.6622820409839835,0.5766328397550081,3.561725616455078,95,"9.732670,9.559557","1.062586,0.916339,0.952913,0.886134,1.072787,0.926048,0.897102,0.895325,1.018715,1.031347,0.894521,1.096907,0.929272,0.893874,0.922443,0.893053,1.049811,0.995100,0.901267,0.903150",,
42,1014,34.0,20.627906976744185,0.6556592205741436,0.5901878160238266,3.791869878768921,100,"10.145102,9.999633","1.066014,0.909984,0.951272,0.879628,1.078065,0.924122,0.891413,0.889653,1.017507,1.032453,0.889285,1.102033,0.925885,0.888696,0.917244,0.887485,1.050033,0.994816,0.896762,0.897999",,
43,1037,30.0,20.84090909090909,0.6491026283684022,0.5939308901627859,3.8850154876708984,102,"10.304037,10.186209","1.067387,0.907435,0.951290,0.876903,1.080339,0.923448,0.888875,0.887385,1.016240,1.032879,0.887452,1.103913,0.925230,0.886593,0.915021,0.885560,1.049745,0.994790,0.894678,0.895926",,
44,1044,17.0,20.755555555555556,0.6426116020847181,0.5938151119982155,3.950817584991455,103,"10.386470,10.280715","1.068056,0.906155,0.951400,0.875501,1.081405,0.923319,0.887663,0.886104,1.015669,1.033344,0.886548,1.104941,0.925035,0.885608,0.913964,0.884486,1.049641,0.994859,0.893661,0.894783",,
45,1059,35.0,21.065217391304348,0.6361854860638709,0.5983812493773607,4.025978326797485,104,"10.466778,10.374153","1.068711,0.904753,0.951501,0.874138,1.082513,0.923168,0.886568,0.885064,1.015072,1.033587,0.885747,1.105756,0.924861,0.884576,0.912995,0.883438,1.049406,0.994955,0.892811,0.893718",,
46,1090,30.0,21.25531914893617,0.6298236312032323,0.605187913885823,4.237710952758789,108,"10.782652,10.769334","1.070609,0.898881,0.951435,0.868388,1.086966,0.922361,0.881496,0.881055,1.012833,1.034589,0.882073,1.109493,0.922321,0.880053,0.910341,0.878916,1.050659,0.995384,0.888475,0.889186",,
47,1121,19.0,21.208333333333332,0.6235253948912,0.607847337250237,4.37369441986084,111,"11.017741,11.068999","1.072241,0.894664,0.950829,0.864195,1.089542,0.921801,0.877870,0.877747,1.011372,1.035233,0.879164,1.112128,0.920692,0.876691,0.908615,0.875519,1.052006,0.996499,0.885274,0.885408",,
48,1121,23.0,21.244897959183675,0.6235253948912,0.607847337250237,4.374018907546997,111,"11.017741,11.068999","1.072241,0.894664,0.950829,0.864195,1.089542,0.921801,0.877870,0.877747,1.011372,1.035233,0.879164,1.112128,0.920692,0.876691,0.908615,0.875519,1.052006,0.996499,0.885274,0.885408",,
49,1135,11.0,21.04,0.611117239532865,0.6096902585455349,4.430772304534912,112,"11.098965,11.161293","1.072858,0.893550,0.950663,0.862950,1.090400,0.921717,0.876725,0.876682,1.010944,1.035450,0.878277,1.112999,0.920290,0.875801,0.907822,0.874414,1.052345,0.996845,0.884339,0.884231",116.0,192.0947682785765
50,1150,42.0,21.45098039215686,0.6050060671375364,0.6080502841556281,4.520531415939331,114,"11.266084,11.342793","1.073812,0.891570,0.950171,0.860546,1.092242,0.921257,0.874416,0.874412,1.010410,1.036026,0.876252,1.114922,0.919445,0.874062,0.905999,0.872076,1.053055,0.997370,0.882355,0.882120",,
51,1181,15.0,21.326923076923077,0.598956006466161,0.6098422721410409,4.6394593715667725,117,"11.517250,11.611038","1.075454,0.888739,0.948779,0.856848,1.094873,0.920316,0.871215,0.870630,1.009879,1.036754,0.872680,1.117821,0.918475,0.871527,0.902337,0.868794,1.053642,0.997732,0.879575,0.878876",,
52,1181,21.0,21.32075471698113,0.598956006466161,0.6098422721410409,4.6394593715667725,117,"11.517250,11.611038","1.075454,0.888739,0.948779,0.856848,1.094873,0.920316,0.871215,0.870630,1.009879,1.036754,0.872680,1.117821,0.918475,0.871527,0.902337,0.868794,1.053642,0.997732,0.879575,0.878876",,
53,1187,19.0,21.27777777777778,0.5870367819374844,0.6098422721410409,4.6394593715667725,117,"11.517250,11.611038","1.075454,0.888739,0.948779,0.856848,1.094873,0.920316,0.871215,0.870630,1.009879,1.036754,0.872680,1.117821,0.918475,0.871527,0.902337,0.868794,1.053642,0.997732,0.879575,0.878876",,
54,1234,14.0,21.145454545454545,0.5811664141181095,0.6257131397724152,4.853633165359497,122,"11.951552,12.030280","1.078804,0.883592,0.944402,0.851087,1.099056,0.917512,0.866897,0.864561,1.010076,1.037081,0.866727,1.122426,0.916920,0.866889,0.896407,0.863577,1.052969,0.998922,0.876650,0.873609",,
55,1241,15.0,21.035714285714285,0.5753547499769285,0.626846906130876,4.893974542617798,123,"12.036436,12.115455","1.079675,0.882416,0.943394,0.849941,1.099834,0.917122,0.865823,0.863386,1.010227,1.037197,0.865520,1.123311,0.916415,0.865906,0.895047,0.862489,1.052742,0.999256,0.876135,0.872428",,
56,1360,14.0,20.912280701754387,0.5696012024771592,0.6475389118547793,5.389297723770142,135,"13.059348,13.116977","1.088114,0.869199,0.933074,0.835745,1.110540,0.915515,0.851761,0.850717,1.011387,1.041025,0.851018,1.134641,0.910440,0.856114,0.879014,0.849952,1.051291,0.999422,0.868146,0.860110",,
57,1360,15.0,20.810344827586206,0.5696012024771592,0.6475389118547793,5.389297723770142,135,"13.059348,13.116977","1.088114,0.869199,0.933074,0.835745,1.110540,0.915515,0.851761,0.850717,1.011387,1.041025,0.851018,1.134641,0.910440,0.856114,0.879014,0.849952,1.051291,0.999422,0.868146,0.860110",,
58,1366,27.0,20.915254237288135,0.5582661385478637,0.6475389118547793,5.3953423500061035,135,"13.059348,13.116977","1.088114,0.869199,0.933074,0.835745,1.110540,0.915515,0.851761,0.850717,1.011387,1.041025,0.851018,1.134641,0.910440,0.856114,0.879014,0.849952,1.051291,0.999422,0.868146,0.860110",,
59,1389,38.0,21.2,0.5526834771623851,0.6500913870595667,5.477912902832031,137,"13.231092,13.282705","1.088170,0.867075,0.931525,0.833446,1.111251,0.915784,0.849751,0.848498,1.011545,1.041770,0.849002,1.136298,0.910119,0.854548,0.876246,0.848124,1.051170,0.999410,0.867033,0.857614",,
60,1404,34.0,21.40983606557377,0.5471566423907612,0.64797266867521,5.557783842086792,139,"13.395786,13.464512","1.088529,0.865127,0.929946,0.831028,1.112042,0.915434,0.847768,0.846271,1.011729,1.042064,0.846853,1.138132,0.909726,0.853187,0.873614,0.846202,1.050947,0.999725,0.865751,0.855279",,
61,1404,27.0,21.5,0.5471566423907612,0.64797266867521,5.557783842086792,139,"13.395786,13.464512","1.088529,0.865127,0.929946,0.831028,1.112042,0.915434,0.847768,0.846271,1.011729,1.042064,0.846853,1.138132,0.909726,0.853187,0.873614,0.846202,1.050947,0.999725,0.865751,0.855279",,
62,1404,28.0,21.603174603174605,0.5471566423907612,0.64797266867521,5.557783842086792,139,"13.395786,13.464512","1.088529,0.865127,0.929946,0.831028,1.112042,0.915434,0.847768,0.846271,1.011729,1.042064,0.846853,1.138132,0.909726,0.853187,0.873614,0.846202,1.050947,0.999725,0.865751,0.855279",,
63,1417,30.0,21.734375,0.5309055429551132,0.6520113970552172,5.6082844734191895,140,"13.475765,13.552941","1.088713,0.864222,0.929371,0.829949,1.112487,0.915415,0.846893,0.845391,1.011760,1.042341,0.845921,1.138963,0.909597,0.852644,0.872266,0.845421,1.050737,0.999817,0.865346,0.854210",,
64,1512,19.0,21.692307692307693,0.525596487525562,0.6563732069730759,6.021330833435059,150,"14.364351,14.404444","1.090304,0.855953,0.921031,0.817804,1.119030,0.911927,0.836954,0.834009,1.013781,1.044126,0.835093,1.149478,0.908150,0.848087,0.859171,0.836815,1.049097,1.000232,0.857089,0.844351",,
65,1527,15.0,21.59090909090909,0.5203405226503064,0.662515700455533,6.067359447479248,151,"14.453651,14.490599","1.090498,0.855135,0.920691,0.816544,1.119849,0.911949,0.835852,0.832935,1.013546,1.044631,0.834168,1.150564,0.908037,0.847719,0.857961,0.836008,1.049225,1.000222,0.856159,0.843326",,
66,1534,18.0,21.53731343283582,0.5151371174238033,0.6658516653666371,6.112839460372925,152,"14.538948,14.576365","1.090702,0.854343,0.920899,0.815253,1.120802,0.912318,0.834715,0.831938,1.013017,1.045295,0.833321,1.151464,0.907958,0.847429,0.856635,0.835266,1.049340,1.000235,0.855156,0.842505",,
67,1573,27.0,21.61764705882353,0.5099857462495653,0.6699130004033064,6.278408527374268,156,"14.857677,14.937119","1.091181,0.850982,0.920432,0.810281,1.124123,0.913144,0.829691,0.828305,1.011121,1.046564,0.829310,1.154476,0.907465,0.845458,0.851471,0.831890,1.049488,1.000210,0.850780,0.838949",,
68,1588,23.0,21.63768115942029,0.5048858887870696,0.6716930156300782,6.319239854812622,157,"14.935254,15.036069","1.091143,0.850152,0.920159,0.808962,1.124863,0.913127,0.828260,0.827264,1.010610,1.046809,0.828216,1.155383,0.907272,0.844960,0.850164,0.830973,1.049625,1.000166,0.849493,0.837903",,
69,1611,10.0,21.47142857142857,0.4998370298991989,0.6705728281289339,6.4346022605896,160,"15.191199,15.311913","1.091075,0.847756,0.919127,0.805091,1.126832,0.912404,0.824545,0.823944,1.009807,1.045988,0.825367,1.157818,0.906768,0.843373,0.846544,0.827890,1.049306,1.000487,0.846137,0.834784",,
70,1650,17.0,21.408450704225352,0.49483865960020695,0.6760409547061454,6.602847099304199,164,"15.550708,15.665705","1.091822,0.844423,0.917349,0.800324,1.129392,0.911968,0.820734,0.819488,1.009373,1.044663,0.822183,1.160677,0.906126,0.841329,0.842021,0.823778,1.048522,1.000923,0.843281,0.830608",,
71,1650,31.0,21.541666666666668,0.49483865960020695,0.6760409547061454,6.602847099304199,164,"15.550708,15.665705","1.091822,0.844423,0.917349,0.800324,1.129392,0.911968,0.820734,0.819488,1.009373,1.044663,0.822183,1.160677,0.906126,0.841329,0.842021,0.823778,1.048522,1.000923,0.843281,0.830608",,
72,1650,36.0,21.73972602739726,0.49483865960020695,0.6760409547061454,6.602847099304199,164,"15.550708,15.665705","1.091822,0.844423,0.917349,0.800324,1.129392,0.911968,0.820734,0.819488,1.009373,1.044663,0.822183,1.160677,0.906126,0.841329,0.842021,0.823778,1.048522,1.000923,0.843281,0.830608",,
73,1743,21.0,21.72972972972973,0.4801414565714212,0.6843681454313972,6.984291315078735,173,"16.380310,16.423971","1.095839,0.836363,0.914399,0.790486,1.137028,0.912159,0.811762,0.809766,1.007721,1.046672,0.816184,1.168303,0.901486,0.837308,0.834898,0.814980,1.047731,1.002591,0.837660,0.821571",,
74,1766,22.0,21.733333333333334,0.47534004200570695,0.6853219580650329,7.059326887130737,175,"16.554121,16.610996","1.096709,0.834284,0.912567,0.788332,1.138363,0.910984,0.809841,0.807560,1.008110,1.046156,0.814516,1.170152,0.899995,0.836210,0.833588,0.812916,1.046959,1.002813,0.836508,0.819556",,
75,1805,34.0,21.894736842105264,0.4705866415856499,0.6891396628411789,7.229978084564209,179,"16.909611,16.990627","1.097357,0.829269,0.909940,0.783692,1.140858,0.910113,0.806010,0.803435,1.007852,1.045754,0.811757,1.173357,0.898082,0.833342,0.830647,0.809029,1.044991,1.002875,0.834500,0.814433",,
76,1852,25.0,21.935064935064936,0.46588077516979337,0.699025642612706,7.438446760177612,184,"17.335272,17.472578","1.099317,0.822614,0.907061,0.777625,1.145406,0.909426,0.800168,0.798605,1.005402,1.044904,0.807994,1.177116,0.896383,0.829271,0.826977,0.804354,1.042880,1.002277,0.831126,0.807979",,
77,1859,26.0,21.987179487179485,0.46122196741809546,0.699025642612706,7.438961744308472,184,"17.335272,17.472578","1.099317,0.822614,0.907061,0.777625,1.145406,0.909426,0.800168,0.798605,1.005402,1.044904,0.807994,1.177116,0.896383,0.829271,0.826977,0.804354,1.042880,1.002277,0.831126,0.807979",,
78,1859,56.0,22.417721518987342,0.46122196741809546,0.699025642612706,7.438961744308472,184,"17.335272,17.472578","1.099317,0.822614,0.907061,0.777625,1.145406,0.909426,0.800168,0.798605,1.005402,1.044904,0.807994,1.177116,0.896383,0.829271,0.826977,0.804354,1.042880,1.002277,0.831126,0.807979",,
79,1881,29.0,22.5,0.45204365026647536,0.7064318500738093,7.566458702087402,187,"17.603710,17.739614","1.101691,0.819189,0.904774,0.774126,1.148634,0.908469,0.797083,0.795393,1.003571,1.043640,0.805172,1.178975,0.896215,0.826707,0.823892,0.801551,1.040917,1.002276,0.829289,0.803780",,
80,1984,22.0,22.493827160493826,0.4475232137638106,0.708728826590601,7.962830543518066,197,"18.523670,18.579107","1.108222,0.809795,0.897584,0.762968,1.157964,0.905117,0.787170,0.783453,0.999110,1.041739,0.796036,1.186792,0.892447,0.820907,0.813894,0.792136,1.037340,1.004396,0.822852,0.793234",,
81,1999,29.0,22.573170731707318,0.4430479816261725,0.7102381629173202,8.003049373626709,198,"18.610886,18.656919","1.108561,0.809001,0.897062,0.761995,1.158743,0.905193,0.786156,0.782322,0.998919,1.041967,0.795394,1.187674,0.892028,0.820519,0.813173,0.791283,1.037112,1.004758,0.822238,0.792245",,
82,2014,34.0,22.710843373493976,0.43861750180991077,0.7175362342596054,8.09654450416565,200,"18.779501,18.812737","1.108972,0.807998,0.896156,0.760159,1.159811,0.905286,0.784041,0.780146,0.998917,1.042938,0.793925,1.189604,0.890706,0.820177,0.811274,0.789507,1.036890,1.005023,0.821211,0.790554",,
83,2037,54.0,23.083333333333332,0.43423132679181164,0.7240390005707741,8.18719482421875,202,"18.946898,18.980959","1.109365,0.807133,0.895029,0.758481,1.161166,0.905023,0.782015,0.778075,0.999186,1.043833,0.792515,1.191422,0.889323,0.819764,0.809428,0.787801,1.036707,1.005319,0.819860,0.789128",,
84,2052,21.0,23.058823529411764,0.4298890135238935,0.7315807901322842,8.26857614517212,204,"19.105124,19.154894","1.109267,0.805919,0.893766,0.756719,1.162211,0.904866,0.779886,0.776316,0.999252,1.044559,0.791016,1.192848,0.887935,0.819017,0.807401,0.786162,1.036548,1.005408,0.818433,0.787733",,
85,2083,28.0,23.11627906976744,0.4255901233886546,0.7397618043422699,8.403969764709473,207,"19.339403,19.427948","1.109311,0.803647,0.891846,0.754100,1.164262,0.904933,0.776999,0.773703,0.998308,1.045244,0.788785,1.194544,0.887141,0.817717,0.803679,0.784260,1.035330,1.005203,0.816852,0.784988",,
86,2114,16.0,23.03448275862069,0.421334222154768,0.7593438456952571,8.541702032089233,210,"19.570219,19.707748","1.110171,0.801056,0.889296,0.751323,1.166354,0.904821,0.774246,0.770781,0.996984,1.045830,0.786045,1.196106,0.886549,0.816327,0.799146,0.782661,1.034129,1.005495,0.815823,0.781906",,
87,2161,38.0,23.204545454545453,0.41712087993322033,0.761173349916935,8.774220705032349,215,"19.988194,20.158060","1.113327,0.796475,0.885106,0.746372,1.170438,0.902957,0.769919,0.765833,0.995207,1.044105,0.781986,1.198486,0.884793,0.813503,0.793213,0.779493,1.031549,1.006133,0.813852,0.776891",,
88,2216,20.0,23.168539325842698,0.41294967113388814,0.7719706214219332,8.991740703582764,220,"20.409937,20.601311","1.117557,0.792129,0.880134,0.740720,1.175494,0.900269,0.764084,0.761183,0.993406,1.042852,0.776221,1.202111,0.881251,0.811053,0.787840,0.775482,1.031031,1.008037,0.809649,0.773494",,
89,2239,25.0,23.18888888888889,0.40882017442254925,0.7751153209060431,9.079280376434326,222,"20.572269,20.779167","1.119485,0.790683,0.877989,0.738372,1.177548,0.898877,0.761530,0.759529,0.993026,1.042534,0.773681,1.203793,0.880073,0.810182,0.785791,0.773678,1.030947,1.009199,0.807808,0.772601",,
90,2239,28.0,23.24175824175824,0.40882017442254925,0.7751153209060431,9.079280376434326,222,"20.572269,20.779167","1.119485,0.790683,0.877989,0.738372,1.177548,0.898877,0.761530,0.759529,0.993026,1.042534,0.773681,1.203793,0.880073,0.810182,0.785791,0.773678,1.030947,1.009199,0.807808,0.772601",,
91,2269,53.0,23.565217391304348,0.40068465295154054,0.7842623626440763,9.216039657592773,225,"20.821630,21.053276","1.121406,0.788459,0.875079,0.734848,1.179945,0.897156,0.757690,0.756671,0.992402,1.041618,0.770184,1.206467,0.878506,0.808880,0.782603,0.770520,1.030748,1.011332,0.805179,0.770579",,
92,2284,36.0,23.698924731182796,0.3966778064220251,0.8026379778236151,9.302704572677612,227,"20.978710,21.242567","1.122601,0.787113,0.873405,0.732519,1.181521,0.896435,0.754623,0.755354,0.991888,1.041529,0.767687,1.208439,0.877506,0.808210,0.780219,0.768432,1.030734,1.012715,0.803076,0.769602",,
93,2307,18.0,23.638297872340427,0.39271102835780486,0.8180482601374388,9.390173196792603,229,"21.128748,21.418242","1.124029,0.786035,0.872124,0.730347,1.183067,0.895605,0.751889,0.754318,0.990763,1.041299,0.765808,1.210051,0.877143,0.807435,0.778016,0.766917,1.030390,1.013581,0.801346,0.768406",,
94,2314,29.0,23.694736842105264,0.3887839180742268,0.8256514378637075,9.430450677871704,230,"21.202309,21.506136","1.124747,0.785675,0.871336,0.729312,1.183705,0.894888,0.750659,0.753694,0.990315,1.041143,0.764858,1.210824,0.876913,0.806998,0.776982,0.766198,1.030060,1.013941,0.800485,0.767902",,
95,2345,13.0,23.583333333333332,0.38489607889348454,0.8287561593204736,9.558383703231812,233,"21.424030,21.743624","1.126453,0.784229,0.869266,0.726417,1.185454,0.892642,0.747804,0.751956,0.989399,1.040131,0.762980,1.212756,0.876268,0.805444,0.774760,0.764379,1.028980,1.014393,0.798446,0.766077",,
96,2440,25.0,23.5979381443299,0.38104711810454966,0.8643714701384306,9.995703935623169,243,"22.335039,22.509298","1.131977,0.780294,0.865284,0.717352,1.193066,0.889492,0.736628,0.746194,0.985159,1.037422,0.756074,1.219698,0.875383,0.800554,0.765542,0.758660,1.025952,1.012571,0.791700,0.757622",,
97,2511,24.0,23.602040816326532,0.37723664692350417,0.877592586427927,10.302399635314941,250,"23.026194,22.979731","1.137645,0.777626,0.860804,0.711791,1.199415,0.888146,0.729487,0.738617,0.982589,1.037167,0.749764,1.224772,0.874189,0.798805,0.757625,0.753162,1.023697,1.011414,0.788998,0.750480",,
98,2518,51.0,23.87878787878788,0.37346428045426916,0.877592586427927,10.310462474822998,250,"23.026194,22.979731","1.137645,0.777626,0.860804,0.711791,1.199415,0.888146,0.729487,0.738617,0.982589,1.037167,0.749764,1.224772,0.874189,0.798805,0.757625,0.753162,1.023697,1.011414,0.788998,0.750480",,
99,2525,27.0,23.91,0.36972963764972644,0.8799266956746579,10.355469703674316,251,"23.117998,23.055231","1.138181,0.777272,0.860182,0.711097,1.200206,0.888011,0.728661,0.737674,0.982412,1.037266,0.748910,1.225452,0.873982,0.798691,0.756523,0.752450,1.023228,1.011415,0.788654,0.749703",26.2,6.337191807101943
100,2532,40.0,24.2,0.3660323412732292,0.8770245353132486,10.40872049331665,252,"23.204454,23.137255","1.138766,0.776860,0.859427,0.710382,1.201126,0.887918,0.727784,0.736748,0.982342,1.037516,0.747923,1.226158,0.873709,0.798620,0.755283,0.751748,1.022648,1.011356,0.788192,0.749062",,
101,2563,35.0,24.44,0.3623720178604969,0.8871557196229696,10.531123399734497,255,"23.429371,23.419304","1.140563,0.775269,0.856891,0.708169,1.203751,0.888062,0.725029,0.734452,0.982398,1.037998,0.744774,1.227503,0.872908,0.798083,0.751403,0.749933,1.021278,1.011126,0.786884,0.746874",,
102,2634,46.0,24.78,0.3587482976818919,0.9045733881369233,10.81879472732544,262,"23.945675,24.003460","1.142193,0.771983,0.853598,0.702907,1.207044,0.889373,0.719252,0.729276,0.980424,1.039082,0.739819,1.231036,0.873474,0.797454,0.743101,0.745914,1.017624,1.011344,0.785373,0.740056",,
103,2641,13.0,24.78,0.355160814705073,0.904184356071055,10.863701343536377,263,"24.027100,24.090908","1.142359,0.771653,0.853169,0.702004,1.207408,0.889248,0.718392,0.728224,0.980184,1.039030,0.739142,1.231855,0.873705,0.797406,0.741898,0.745162,1.017140,1.011545,0.785099,0.738963",,
104,2688,43.0,25.07,0.35160920655802225,0.9267019695416093,11.04284119606018,267,"24.349308,24.438864","1.143437,0.770393,0.852839,0.698800,1.209647,0.888484,0.714486,0.724643,0.978003,1.038249,0.737426,1.234927,0.874131,0.797351,0.737853,0.742031,1.015248,1.011533,0.783726,0.734913",,
105,2711,34.0,25.15,0.348093114492442,0.9256353480741382,11.160182237625122,270,"24.578600,24.705841","1.144579,0.769172,0.853305,0.696048,1.211382,0.887274,0.711821,0.722392,0.975798,1.037339,0.736959,1.237111,0.874511,0.796772,0.735738,0.740219,1.013694,1.011353,0.782679,0.731775",,
106,2742,28.0,25.3,0.3446121833475176,0.9283463707193732,11.309532880783081,273,"24.823322,24.963425","1.145689,0.767384,0.853233,0.693054,1.213459,0.886309,0.709681,0.719669,0.973751,1.036097,0.736271,1.239349,0.874527,0.795756,0.733758,0.738418,1.012208,1.010926,0.782001,0.728326",,
107,2757,31.0,25.43,0.34116606151404244,0.9309626963362098,11.358076572418213,274,"24.903265,25.048693","1.145990,0.766570,0.853162,0.692001,1.214280,0.886143,0.708938,0.718672,0.973079,1.035748,0.735970,1.239972,0.874400,0.795379,0.733215,0.737716,1.011838,1.010582,0.781622,0.727319",,
108,2836,25.0,25.32,0.337754400898902,0.9419776157662273,11.702245712280273,282,"25.546547,25.797560","1.151251,0.760914,0.849366,0.682346,1.220041,0.880589,0.700179,0.710530,0.968058,1.031004,0.729982,1.246340,0.871759,0.792708,0.727772,0.729971,1.009916,1.008345,0.773728,0.722945",,
109,2867,38.0,25.57,0.334376856889913,0.9634194062277674,11.834977626800537,285,"25.782457,26.062943","1.153626,0.759225,0.848603,0.679034,1.222270,0.879239,0.696302,0.708529,0.965490,1.029284,0.727752,1.248371,0.871797,0.791919,0.725170,0.727369,1.008993,1.007138,0.770666,0.721460",,
110,2938,24.0,25.41,0.33103308832101386,0.9727025985345245,12.130368709564209,292,"26.327719,26.630484","1.159240,0.757093,0.848087,0.672374,1.225890,0.876839,0.689232,0.703858,0.959041,1.026808,0.724652,1.252603,0.875239,0.789951,0.719755,0.722524,1.005029,1.004181,0.764550,0.717295",,
111,2953,54.0,25.83,0.3277227574378037,0.9702979397401214,12.208149433135986,294,"26.501402,26.791985","1.160819,0.756179,0.847357,0.670279,1.226884,0.876016,0.687480,0.701775,0.957721,1.026296,0.723470,1.254054,0.875363,0.789161,0.718366,0.720763,1.004261,1.003649,0.762790,0.715868",,
112,2976,27.0,25.93,0.3244455298634257,0.9869824647530914,12.294713497161865,296,"26.683382,26.947783","1.162143,0.755381,0.846628,0.668396,1.227900,0.875193,0.685606,0.699717,0.955928,1.025537,0.722385,1.255571,0.875629,0.788356,0.716763,0.718907,1.003095,1.003194,0.761342,0.714170",,
113,3007,46.0,26.27,0.3212010745647914,0.9923541685566306,12.41404676437378,299,"26.944250,27.180420","1.163975,0.753923,0.845584,0.665577,1.229147,0.874226,0.683142,0.696438,0.953336,1.024397,0.720846,1.257646,0.876312,0.787209,0.714329,0.716261,1.001111,1.003367,0.759909,0.711145",,
114,3014,38.0,26.38,0.3179890638191435,0.990258450768888,12.45323371887207,300,"27.033508,27.256639","1.164554,0.753493,0.845343,0.664586,1.229537,0.873790,0.682222,0.695381,0.952593,1.024009,0.720310,1.258461,0.876446,0.786799,0.713585,0.715311,1.000681,1.003474,0.759349,0.710127",,
115,3014,22.0,26.46,0.3179890638191435,0.990258450768888,12.45323371887207,300,"27.033508,27.256639","1.164554,0.753493,0.845343,0.664586,1.229537,0.873790,0.682222,0.695381,0.952593,1.024009,0.720310,1.258461,0.876446,0.786799,0.713585,0.715311,1.000681,1.003474,0.759349,0.710127",,
116,3132,33.0,26.65,0.3116610814491425,1.003568072281778,12.955289363861084,312,"28.026777,28.254393","1.167928,0.748278,0.843361,0.653119,1.233635,0.867274,0.672205,0.685973,0.943698,1.018635,0.716310,1.267677,0.878000,0.781405,0.706918,0.707355,0.996777,1.004459,0.752668,0.699759",,
117,3155,17.0,26.66,0.30854447063465107,1.0064998669549823,13.045175075531006,314,"28.179220,28.406271","1.167730,0.747567,0.843873,0.651540,1.234719,0.866658,0.670749,0.685139,0.941549,1.016923,0.716325,1.268865,0.879119,0.780972,0.705925,0.706757,0.995607,1.004515,0.752078,0.697779",,
118,3170,24.0,26.44,0.3054590259283046,1.002502980493009,13.162685871124268,316,"28.328737,28.563105","1.167734,0.746782,0.843788,0.649964,1.235928,0.865859,0.668844,0.684402,0.939900,1.015765,0.715509,1.270148,0.879585,0.780497,0.704447,0.705837,0.994618,1.004467,0.750912,0.696274",,
119,3177,20.0,26.49,0.30240443566902153,1.002502980493009,13.1774263381958,316,"28.328737,28.563105","1.167734,0.746782,0.843788,0.649964,1.235928,0.865859,0.668844,0.684402,0.939900,1.015765,0.715509,1.270148,0.879585,0.780497,0.704447,0.705837,0.994618,1.004467,0.750912,0.696274",,
120,3184,31.0,26.69,0.2993803913123313,1.0086204735562205,13.22258472442627,317,"28.403725,28.638634","1.167688,0.746388,0.843860,0.649266,1.236407,0.865444,0.667936,0.684152,0.939113,1.015128,0.715278,1.270689,0.879792,0.780174,0.703883,0.705383,0.994179,1.004443,0.750409,0.695483",,
121,3199,24.0,26.76,0.296386587399208,1.014629901908338,13.269551753997803,318,"28.474865,28.717960","1.167611,0.745878,0.843984,0.648521,1.236960,0.865162,0.667142,0.683819,0.938258,1.014534,0.715208,1.271255,0.880055,0.779873,0.703305,0.705028,0.993481,1.004558,0.750045,0.694501",,
122,3199,65.0,27.25,0.296386587399208,1.014629901908338,13.269551753997803,318,"28.474865,28.717960","1.167611,0.745878,0.843984,0.648521,1.236960,0.865162,0.667142,0.683819,0.938258,1.014534,0.715208,1.271255,0.880055,0.779873,0.703305,0.705028,0.993481,1.004558,0.750045,0.694501",,
123,3269,17.0,27.27,0.29048849430996376,1.0253990201279521,13.558348178863525,325,"28.941854,29.287134","1.168889,0.743355,0.845244,0.643746,1.240740,0.864158,0.661268,0.682191,0.932165,1.009934,0.713832,1.274488,0.881478,0.777686,0.697683,0.702906,0.989193,1.002904,0.747743,0.686759",,
124,3284,16.0,27.19,0.2875836093668641,1.020448728017509,13.633412837982178,327,"29.085197,29.453741","1.169515,0.742830,0.844998,0.642047,1.241705,0.863415,0.659476,0.681333,0.930791,1.008964,0.712783,1.275752,0.881497,0.777017,0.695808,0.701966,0.988598,1.002617,0.746701,0.684819",,
125,3387,25.0,27.19,0.28470777327319546,1.03548438411206,14.022682666778564,337,"29.888353,30.280352","1.173981,0.737906,0.841572,0.633110,1.246246,0.857281,0.650441,0.674580,0.926116,1.002247,0.708172,1.281726,0.878777,0.772526,0.689019,0.694741,0.986204,1.003697,0.741420,0.677319",,
126,3546,34.0,27.37,0.2818606955404635,1.0573902342841028,14.683297395706177,353,"31.254494,31.480648","1.180556,0.727911,0.834655,0.619774,1.250822,0.854456,0.639295,0.662197,0.917924,0.991758,0.699878,1.286958,0.875338,0.760947,0.675351,0.685215,0.980923,1.012762,0.737665,0.662833",,
127,3633,54.0,27.63,0.27904208858505886,1.1040359255298973,15.060945510864258,362,"31.942200,32.209164","1.183197,0.720002,0.833126,0.612315,1.253224,0.855641,0.633151,0.655467,0.910013,0.987572,0.697839,1.286929,0.873469,0.753201,0.666903,0.680758,0.971322,1.012592,0.739623,0.650628",,
128,3640,87.0,27.55,0.2762516676992083,1.1075648545846344,15.103926181793213,363,"32.014194,32.292587","1.183220,0.719493,0.833434,0.611428,1.253631,0.855689,0.632374,0.655058,0.908982,0.987259,0.697623,1.287259,0.873391,0.752730,0.665894,0.680389,0.970585,1.012290,0.739438,0.649610",,
129,3655,33.0,27.78,0.2734891510222162,1.111098896227777,15.148610353469849,364,"32.090527,32.373482","1.183212,0.719028,0.833750,0.610595,1.253960,0.855792,0.631682,0.654634,0.907999,0.986952,0.697496,1.287589,0.873282,0.752392,0.664824,0.680055,0.969789,1.012335,0.739458,0.648527",,
130,3702,67.0,28.16,0.27075425951199406,1.152592451684177,15.357507467269897,369,"32.464458,32.747334","1.180767,0.718471,0.836935,0.606640,1.254988,0.856397,0.629360,0.653264,0.902303,0.984264,0.697995,1.289196,0.875462,0.751518,0.659739,0.679933,0.964749,1.012910,0.740863,0.642886",,
131,3702,63.0,28.66,0.27075425951199406,1.152592451684177,15.357507467269897,369,"32.464458,32.747334","1.180767,0.718471,0.836935,0.606640,1.254988,0.856397,0.629360,0.653264,0.902303,0.984264,0.697995,1.289196,0.875462,0.751518,0.659739,0.679933,0.964749,1.012910,0.740863,0.642886",,
132,3708,53.0,29.03,0.26536624974770534,1.152592451684177,15.365565776824951,369,"32.464458,32.747334","1.180767,0.718471,0.836935,0.606640,1.254988,0.856397,0.629360,0.653264,0.902303,0.984264,0.697995,1.289196,0.875462,0.751518,0.659739,0.679933,0.964749,1.012910,0.740863,0.642886",,
133,3755,15.0,29.01,0.2627125872502283,1.1524218640848993,15.563944101333618,374,"32.818752,33.112587","1.177629,0.717765,0.838184,0.602622,1.256500,0.854995,0.626928,0.651595,0.896590,0.980104,0.697975,1.291151,0.878130,0.750384,0.655070,0.679564,0.959381,1.013528,0.741505,0.638373",,
134,3778,17.0,28.91,0.26008546137772603,1.1603015286847949,15.652539253234863,376,"32.960850,33.260124","1.176484,0.717389,0.838297,0.600904,1.257373,0.854290,0.625846,0.650651,0.894430,0.978304,0.697771,1.292014,0.878575,0.749524,0.653057,0.679106,0.957953,1.013595,0.741460,0.636748",,
135,3801,32.0,29.0,0.25748460676394874,1.1611651259288192,15.7686128616333,379,"33.147316,33.479511","1.175060,0.716561,0.839300,0.598658,1.258653,0.853353,0.624290,0.649917,0.891020,0.975137,0.698771,1.292905,0.879806,0.748415,0.651413,0.678908,0.955796,1.013817,0.741799,0.634026",,
136,3848,18.0,29.07,0.2549097606963093,1.1454162488505244,15.947522401809692,383,"33.386963,33.767029","1.173030,0.715206,0.841161,0.595820,1.261376,0.852333,0.620834,0.650437,0.886031,0.972215,0.699846,1.294729,0.882220,0.747938,0.649671,0.678133,0.954677,1.013750,0.740107,0.631649",,
137,3863,87.0,29.82,0.2523606630893462,1.136259173117578,16.03464150428772,385,"33.499512,33.924622","1.172671,0.714202,0.841518,0.594150,1.262843,0.851352,0.618857,0.650795,0.883934,0.971007,0.699816,1.295819,0.883015,0.747314,0.648622,0.677443,0.954243,1.014028,0.738618,0.630875",,
138,3982,25.0,29.94,0.2498370564584527,1.1740211901441215,16.53777003288269,397,"34.314274,34.886303","1.170796,0.707344,0.845589,0.582440,1.269516,0.845209,0.606677,0.652025,0.871866,0.964572,0.700763,1.303007,0.886298,0.741368,0.641214,0.674081,0.949872,1.016137,0.730718,0.622461",,
139,3997,36.0,30.08,0.24733868589386818,1.177786467410624,16.569634675979614,398,"34.387394,34.965672","1.170713,0.706792,0.845949,0.581560,1.269902,0.844422,0.605739,0.652036,0.870835,0.963840,0.700999,1.303508,0.886512,0.740694,0.640892,0.673659,0.949246,1.016152,0.730146,0.621731",,
140,4004,38.0,30.29,0.24486529903492948,1.1700050339475274,16.62086796760559,399,"34.462669,35.038635","1.170548,0.706371,0.846334,0.580825,1.270156,0.843826,0.604972,0.652063,0.869951,0.963187,0.701274,1.304032,0.886715,0.740154,0.640572,0.673357,0.948595,1.016185,0.729767,0.620916",,
141,4123,40.0,30.53,0.2424166460445802,1.1454982237890363,17.1491596698761,411,"35.499901,35.813797","1.168339,0.702575,0.850516,0.573287,1.271627,0.842118,0.595013,0.650168,0.863824,0.959418,0.699770,1.309435,0.889208,0.736214,0.632248,0.667959,0.943767,1.015888,0.724893,0.611620",,
142,4146,62.0,30.81,0.2399924795841344,1.1601579910889268,17.23317289352417,413,"35.675274,35.947701","1.167602,0.701673,0.851051,0.571928,1.271225,0.842513,0.593686,0.649211,0.862908,0.958587,0.699434,1.309937,0.889370,0.735129,0.630451,0.666998,0.943483,1.016356,0.724816,0.609500",,
143,4233,28.0,30.79,0.23759255478829303,1.1508032816275955,17.597273111343384,422,"36.395771,36.571877","1.164010,0.697767,0.854632,0.565193,1.270894,0.844015,0.588524,0.645207,0.857802,0.954145,0.700321,1.313474,0.891412,0.732250,0.625611,0.663426,0.940569,1.019840,0.722984,0.599985",,
144,4320,59.0,31.21,0.23521662924041012,1.1294927236065269,17.955658197402954,431,"36.964920,37.348194","1.153134,0.695133,0.858622,0.558336,1.267646,0.844709,0.582491,0.644255,0.848828,0.949001,0.701953,1.317108,0.892077,0.729710,0.619061,0.661701,0.937644,1.020796,0.720942,0.590463",,
145,4327,43.0,31.29,0.232864462948006,1.1294927236065269,17.96435260772705,431,"36.964920,37.348194","1.153134,0.695133,0.858622,0.558336,1.267646,0.844709,0.582491,0.644255,0.848828,0.949001,0.701953,1.317108,0.892077,0.729710,0.619061,0.661701,0.937644,1.020796,0.720942,0.590463",,
146,4358,76.0,31.75,0.23053581831852593,1.1430780864879488,18.086494207382202,434,"37.123005,37.650669","1.150931,0.694404,0.859176,0.556398,1.266467,0.844461,0.579921,0.643778,0.846825,0.948671,0.701546,1.318046,0.891325,0.728604,0.615944,0.660292,0.936408,1.020790,0.719766,0.588154",,
147,4461,75.0,32.31,0.22823046013534068,1.1490023016557098,18.544214487075806,445,"37.839241,38.509407","1.146588,0.693306,0.864800,0.550584,1.269668,0.841096,0.569512,0.644904,0.836915,0.942654,0.703079,1.322800,0.891726,0.727415,0.608490,0.657438,0.931112,1.017609,0.715234,0.578757",,
148,4532,67.0,32.75,0.22594815553398728,1.1843038789555431,18.842822313308716,452,"38.387466,38.860916","1.141469,0.692073,0.870712,0.548033,1.273612,0.838982,0.564229,0.646228,0.828548,0.936022,0.707662,1.325250,0.895593,0.727665,0.608746,0.655966,0.929069,1.017740,0.714876,0.571546",,
149,4635,39.0,33.03,0.2236886739786474,1.184170590341091,19.268218994140625,462,"39.058601,39.488220","1.133243,0.689670,0.879842,0.543208,1.278433,0.834593,0.557058,0.650354,0.816360,0.924767,0.715972,1.328981,0.903614,0.728809,0.609276,0.656533,0.924384,1.016262,0.715406,0.560606",320.8,220.52519130475775
150,4650,36.0,32.97,0.22145178723886091,1.1875390675663948,19.41897177696228,464,"39.178593,39.628822","1.132006,0.689129,0.881697,0.542202,1.279443,0.833789,0.555595,0.651106,0.814680,0.923471,0.717555,1.329902,0.904303,0.728685,0.609402,0.656486,0.923554,1.015784,0.714980,0.559197",,
151,4761,77.0,33.59,0.2192372693664723,1.221402758732438,19.922540426254272,475,"39.892868,40.524006","1.124308,0.687033,0.888125,0.534823,1.284980,0.830076,0.547115,0.654433,0.804547,0.917749,0.720076,1.333389,0.907296,0.726255,0.602509,0.657425,0.918793,1.016711,0.711279,0.551921",,
152,4816,35.0,33.73,0.21704489667280757,1.2447284937649965,20.166324615478516,480,"40.239552,40.894978","1.122028,0.685983,0.892083,0.531464,1.288014,0.829483,0.543149,0.656487,0.797581,0.914026,0.722689,1.334090,0.911674,0.726434,0.599710,0.659026,0.913868,1.017506,0.710655,0.548283",,
153,4871,94.0,34.48,0.2148744477060795,1.2622728653997184,20.452327728271484,486,"40.625172,41.261429","1.116821,0.685810,0.899046,0.528691,1.288731,0.829392,0.540066,0.658916,0.789575,0.908210,0.729013,1.334511,0.916859,0.727965,0.600104,0.661846,0.907614,1.017604,0.712253,0.541722",,
154,4894,54.0,34.88,0.2127257032290187,1.253752155378461,20.541170358657837,488,"40.754822,41.372215","1.115565,0.685515,0.900814,0.527816,1.289058,0.829148,0.538519,0.659703,0.787497,0.906568,0.730439,1.334411,0.917653,0.728321,0.599940,0.662276,0.906042,1.017369,0.712098,0.539827",,
155,4925,87.0,35.6,0.21059844619672852,1.258480946496129,20.677569150924683,491,"40.928043,41.548717","1.113531,0.684817,0.903818,0.526456,1.289672,0.828124,0.535902,0.661456,0.784245,0.904040,0.732671,1.334664,0.918812,0.728981,0.599919,0.663000,0.904145,1.016615,0.711193,0.537629",,
156,4940,38.0,35.84,0.20849246173476124,1.2747763342410325,20.768282890319824,493,"41.044338,41.676197","1.111785,0.684989,0.905913,0.525495,1.288944,0.827091,0.534196,0.662807,0.782713,0.902905,0.733801,1.335249,0.919321,0.729414,0.599430,0.663594,0.902684,1.016698,0.710385,0.536237",,
157,5283,51.0,36.2,0.2064075371174136,1.316992371082306,22.25321912765503,527,"43.261322,43.984802","1.074422,0.686292,0.944949,0.511234,1.292334,0.811053,0.502988,0.684566,0.741557,0.876572,0.756087,1.352640,0.947970,0.744383,0.599024,0.670517,0.888273,1.018795,0.696346,0.511181",,
158,5283,120.0,37.13,0.2064075371174136,1.316992371082306,22.25321912765503,527,"43.261322,43.984802","1.074422,0.686292,0.944949,0.511234,1.292334,0.811053,0.502988,0.684566,0.741557,0.876572,0.756087,1.352640,0.947970,0.744383,0.599024,0.670517,0.888273,1.018795,0.696346,0.511181",,
159,5297,60.0,37.35,0.2023000271287771,1.3230802935361863,22.300434827804565,528,"43.319504,44.057285","1.073196,0.686423,0.946065,0.510716,1.292572,0.810813,0.501932,0.685247,0.740286,0.876151,0.756603,1.353381,0.948664,0.745181,0.598671,0.670692,0.888104,1.019028,0.695739,0.510616",,
160,5336,86.0,37.87,0.2002770268574893,1.3361234329640865,22.46610188484192,532,"43.591076,44.297935","1.066707,0.687261,0.951557,0.509593,1.292506,0.810116,0.498289,0.687450,0.735229,0.873558,0.759754,1.355650,0.951813,0.748256,0.599059,0.671194,0.887678,1.019866,0.694966,0.507384",,
161,5351,74.0,38.34,0.19827425658891443,1.3541689863801003,22.539012908935547,534,"43.710152,44.420010","1.063299,0.687143,0.954548,0.509228,1.292266,0.810043,0.496444,0.689124,0.732756,0.871693,0.761732,1.356401,0.953719,0.749502,0.599499,0.672102,0.887179,1.020028,0.694730,0.505301",,
162,5438,62.0,38.68,0.19629151402302528,1.3943202358484268,22.938482761383057,542,"44.075420,44.898014","1.048800,0.684601,0.968398,0.509141,1.292780,0.811512,0.491448,0.698149,0.719231,0.859094,0.774647,1.353347,0.965212,0.756312,0.603731,0.681192,0.877827,1.020053,0.699046,0.492180",,
163,5533,76.0,39.14,0.19432859888279502,1.4147067680954932,23.386252641677856,552,"44.568092,45.536087","1.033652,0.683198,0.984057,0.505362,1.295315,0.811013,0.484707,0.707472,0.703994,0.846534,0.787036,1.352750,0.981803,0.764947,0.607172,0.690257,0.873255,1.018948,0.701051,0.480335",,
164,5588,87.0,39.82,0.19238531289396707,1.3839831939339637,23.660528898239136,557,"44.874176,45.863689","1.029483,0.681740,0.991053,0.503102,1.295861,0.810904,0.481276,0.710216,0.697894,0.842080,0.792764,1.353551,0.988238,0.768190,0.609978,0.692231,0.872225,1.019638,0.700872,0.477656",,
165,5691,51.0,40.18,0.1904614597650274,1.3674239995330573,24.14460802078247,568,"45.557804,46.515457","1.012576,0.682105,1.005060,0.500983,1.295369,0.811146,0.473480,0.718176,0.682991,0.834106,0.800635,1.356439,1.001635,0.775936,0.608100,0.696632,0.866175,1.025129,0.699550,0.470060",,
166,5722,46.0,40.46,0.1885568451673771,1.3836076406389475,24.282948970794678,571,"45.733753,46.675873","1.007906,0.682577,1.008443,0.500861,1.296047,0.811489,0.472032,0.720855,0.677855,0.830796,0.803005,1.355873,1.004946,0.777029,0.606936,0.699180,0.862229,1.026744,0.700625,0.466854",,
167,5849,69.0,40.88,0.18667127671570335,1.4039391065388918,24.782986402511597,583,"46.445999,47.372223","0.990825,0.680992,1.024196,0.500579,1.300774,0.812423,0.467019,0.734386,0.658390,0.816190,0.814851,1.353408,1.015413,0.781705,0.604933,0.712491,0.848251,1.028521,0.704565,0.452827",,
168,6064,59.0,41.24,0.1848045639485463,1.4100889684259892,25.735326528549194,605,"47.933796,48.665054","0.973274,0.677280,1.051506,0.495317,1.306716,0.808812,0.457194,0.753858,0.634013,0.790088,0.833390,1.350289,1.027367,0.794273,0.607193,0.731339,0.832633,1.030254,0.704042,0.433349",,
169,6064,91.0,42.05,0.1848045639485463,1.4100889684259892,25.735326528549194,605,"47.933796,48.665054","0.973274,0.677280,1.051506,0.495317,1.306716,0.808812,0.457194,0.753858,0.634013,0.790088,0.833390,1.350289,1.027367,0.794273,0.607193,0.731339,0.832633,1.030254,0.704042,0.433349",,
170,6086,101.0,42.89,0.18112695312597024,1.425251712948084,25.820644855499268,607,"48.051197,48.787281","0.971268,0.676627,1.053984,0.494463,1.308247,0.808807,0.455864,0.755666,0.631394,0.787998,0.834865,1.349541,1.029347,0.796238,0.607175,0.732647,0.831558,1.031182,0.703679,0.431316",,
171,6086,81.0,43.39,0.18112695312597024,1.425251712948084,25.820644855499268,607,"48.051197,48.787281","0.971268,0.676627,1.053984,0.494463,1.308247,0.808807,0.455864,0.755666,0.631394,0.787998,0.834865,1.349541,1.029347,0.796238,0.607175,0.732647,0.831558,1.031182,0.703679,0.431316",,
172,6124,74.0,43.77,0.17752252675876343,1.4462722028791903,26.00430130958557,611,"48.297512,49.034081","0.968045,0.675029,1.059151,0.492908,1.312664,0.807816,0.453084,0.758679,0.625186,0.784179,0.838109,1.347717,1.032294,0.799116,0.607807,0.734736,0.831020,1.033216,0.703485,0.427360",,
173,6275,53.0,44.09,0.1757473014911758,1.466082490682602,26.686033725738525,626,"49.073959,50.187145","0.957077,0.667355,1.073603,0.488590,1.315622,0.808440,0.446731,0.769308,0.608254,0.771865,0.848212,1.339429,1.039552,0.801998,0.608417,0.744249,0.819943,1.039276,0.702123,0.414065",,
174,6378,82.0,44.69,0.173989828476264,1.4783086124062539,27.158807277679443,636,"49.811577,50.992428","0.950510,0.659365,1.080783,0.485601,1.320611,0.809876,0.441299,0.773664,0.596670,0.765690,0.850887,1.333230,1.041431,0.794218,0.604008,0.746995,0.814745,1.041424,0.699381,0.407701",,
175,6409,40.0,44.75,0.1722499301915014,1.4536614501476288,27.284311532974243,639,"50.053024,51.194538","0.948382,0.657353,1.083410,0.484970,1.323411,0.808935,0.438898,0.775488,0.592314,0.763788,0.851848,1.331818,1.041616,0.792666,0.602507,0.748071,0.814180,1.040918,0.697981,0.405960",,
176,6432,38.0,44.88,0.17052743088958636,1.4683261115849018,27.409404516220093,642,"50.327011,51.402946","0.946117,0.656113,1.085416,0.484300,1.326051,0.807797,0.436653,0.776280,0.587846,0.762297,0.851951,1.330316,1.042023,0.790940,0.600459,0.748299,0.813651,1.040501,0.696696,0.404615",,
177,6503,28.0,44.9,0.1688221565806905,1.4748652486503124,27.717551231384277,649,"50.874687,51.859871","0.939653,0.654294,1.089749,0.483425,1.327377,0.806673,0.432588,0.777559,0.580390,0.759191,0.853335,1.326361,1.040082,0.788371,0.598541,0.749333,0.812816,1.038432,0.695277,0.400615",,
178,6702,24.0,44.58,0.1671339350148836,1.44803151011467,28.59035038948059,669,"52.531532,53.120972","0.931365,0.661369,1.100641,0.487567,1.331780,0.794520,0.420279,0.774323,0.562307,0.751952,0.858274,1.322209,1.035116,0.783566,0.592901,0.741883,0.801845,1.038641,0.691457,0.392522",,
179,6741,85.0,45.14,0.16546259566473476,1.4404207956790924,28.783631324768066,673,"52.781063,53.427147","0.930229,0.664099,1.102629,0.487631,1.333962,0.789911,0.418593,0.773452,0.558077,0.748600,0.858843,1.321551,1.036869,0.783226,0.591032,0.740506,0.798118,1.039669,0.690890,0.390925",,
180,6748,133.0,46.25,0.16380796970808742,1.4404207956790924,28.79265522956848,673,"52.781063,53.427147","0.930229,0.664099,1.102629,0.487631,1.333962,0.789911,0.418593,0.773452,0.558077,0.748600,0.858843,1.321551,1.036869,0.783226,0.591032,0.740506,0.798118,1.039669,0.690890,0.390925",,
181,6763,85.0,46.81,0.16216989001100654,1.4369427239894867,28.893088817596436,675,"52.929714,53.580093","0.929627,0.664921,1.103682,0.487075,1.334758,0.787521,0.417608,0.772771,0.556247,0.747428,0.858867,1.321657,1.037259,0.782743,0.589883,0.739355,0.797296,1.040224,0.689984,0.390743",,
182,6763,41.0,46.88,0.16216989001100654,1.4369427239894867,28.895112991333008,675,"52.929714,53.580093","0.929627,0.664921,1.103682,0.487075,1.334758,0.787521,0.417608,0.772771,0.556247,0.747428,0.858867,1.321657,1.037259,0.782743,0.589883,0.739355,0.797296,1.040224,0.689984,0.390743",,
183,6785,91.0,47.25,0.1589427091997875,1.4231939381361007,29.000842332839966,677,"53.077847,53.721794","0.928714,0.666031,1.104954,0.486798,1.335283,0.785227,0.416505,0.772383,0.554655,0.746355,0.858807,1.322173,1.037541,0.782915,0.588653,0.738342,0.796753,1.040890,0.689061,0.390456",,
184,6824,52.0,47.56,0.15735328210778962,1.400772220790386,29.1907901763916,681,"53.363873,53.983315","0.927325,0.668029,1.106350,0.486740,1.335607,0.780851,0.413867,0.771170,0.552259,0.745377,0.857810,1.322716,1.036757,0.782049,0.585292,0.735924,0.795555,1.041099,0.686815,0.390292",,
185,7087,48.0,47.76,0.15577974928671173,1.3877384908497334,30.432326078414917,707,"54.995216,55.710579","0.924757,0.669672,1.119909,0.489130,1.351926,0.774814,0.396560,0.774376,0.528807,0.732811,0.864340,1.307211,1.035589,0.773522,0.576658,0.737669,0.775123,1.041336,0.680753,0.375311",,
186,7102,91.0,48.51,0.1542219517938446,1.3949565021693706,30.517471075057983,709,"55.118713,55.834721","0.924150,0.669362,1.121965,0.489931,1.353280,0.775804,0.395874,0.775793,0.527562,0.731250,0.865722,1.305546,1.036181,0.773906,0.576749,0.739342,0.773340,1.042354,0.681418,0.373093",,
187,7165,42.0,48.55,0.15267973227590617,1.3956120567768813,30.835042476654053,715,"55.502979,56.228729","0.921319,0.666283,1.128506,0.489993,1.358458,0.777140,0.393422,0.779948,0.521071,0.726682,0.868917,1.301363,1.038624,0.773501,0.575655,0.743630,0.771634,1.046368,0.681707,0.368269",,
188,7292,69.0,49.04,0.1511529349531471,1.4158413853496312,31.42947030067444,728,"56.289200,57.097664","0.916088,0.658146,1.141757,0.488316,1.366785,0.771798,0.380937,0.785360,0.506150,0.724831,0.871470,1.294827,1.040512,0.767575,0.566077,0.745814,0.769712,1.054636,0.673086,0.363741",,
189,7307,65.0,49.44,0.14964140560361563,1.4059967698901892,31.475082397460938,729,"56.338257,57.172436","0.915684,0.657659,1.143060,0.488155,1.366785,0.771232,0.379942,0.786013,0.504885,0.724650,0.871970,1.294088,1.040597,0.767044,0.565495,0.746295,0.769305,1.054695,0.672340,0.363238",,
190,7354,74.0,49.9,0.14814499154757946,1.3837654254585505,31.687973499298096,734,"56.583019,57.511040","0.910975,0.655148,1.149592,0.487719,1.367006,0.770547,0.375865,0.790246,0.498733,0.722827,0.874367,1.290199,1.042161,0.765357,0.562957,0.749687,0.765176,1.055621,0.669626,0.359389",,
191,7377,77.0,50.14,0.14666354163210368,1.3573790887743236,31.78390669822693,736,"56.682396,57.650734","0.908906,0.654152,1.152024,0.487415,1.367082,0.770101,0.374288,0.792108,0.496285,0.721874,0.875108,1.289082,1.043159,0.764979,0.561716,0.751285,0.763398,1.055928,0.668587,0.358027",,
192,7408,83.0,50.61,0.14519690621578263,1.366101126000285,31.913416862487793,739,"56.827805,57.845570","0.906927,0.653322,1.155732,0.487905,1.366771,0.769928,0.371962,0.794931,0.494346,0.720698,0.876429,1.287973,1.043636,0.764545,0.560518,0.754104,0.760857,1.056471,0.667658,0.355829",,
193,7471,48.0,50.91,0.1437449371536248,1.3842483895272018,32.22586441040039,746,"57.242882,58.207397","0.902279,0.651931,1.166233,0.490119,1.369853,0.767662,0.367277,0.801141,0.487422,0.715725,0.880760,1.285499,1.044928,0.765865,0.559517,0.759986,0.757143,1.057554,0.667241,0.350475",,
194,7502,50.0,51.12,0.14230748778208857,1.3616107808798552,32.365111351013184,749,"57.439945,58.337132","0.900494,0.651193,1.170774,0.490610,1.370586,0.766332,0.366418,0.803478,0.484424,0.713249,0.883138,1.284784,1.045103,0.767003,0.559867,0.762160,0.756203,1.058095,0.667008,0.348803",,
195,7581,25.0,51.24,0.14088441290426768,1.3416303607076407,32.69320011138916,757,"57.963867,58.671555","0.894948,0.649512,1.181429,0.493363,1.369742,0.763679,0.365174,0.808619,0.477026,0.707237,0.889299,1.282879,1.044142,0.768769,0.561469,0.767646,0.753763,1.057137,0.666590,0.344449",,
196,7732,71.0,51.7,0.139475568775225,1.3452266553044319,33.32403326034546,772,"58.776199,59.476429","0.888404,0.644857,1.201335,0.497874,1.368785,0.756921,0.361851,0.816495,0.462056,0.696353,0.904141,1.278615,1.042501,0.772474,0.566785,0.773585,0.744564,1.057435,0.665016,0.335130",,
197,7755,43.0,51.89,0.13808081308747275,1.3543646994233132,33.41807675361633,774,"58.910641,59.574516","0.887491,0.644662,1.203717,0.498783,1.370209,0.756140,0.361871,0.817073,0.459392,0.694587,0.905968,1.277734,1.042910,0.773279,0.567657,0.773922,0.743823,1.057265,0.665371,0.333772",,
198,7762,59.0,51.97,0.136700004956598,1.347643953114748,33.46057486534119,775,"58.975323,59.627251","0.887119,0.644620,1.204659,0.499220,1.370850,0.755649,0.361713,0.817192,0.458266,0.693889,0.906473,1.277228,1.042987,0.773474,0.567609,0.773952,0.743468,1.057339,0.665365,0.333260",,
199,7785,60.0,52.3,0.13533300490703204,1.3477132956683635,33.54807186126709,777,"59.095367,59.728065","0.886195,0.644659,1.206642,0.500027,1.372065,0.754461,0.361352,0.817694,0.455895,0.692483,0.907313,1.276388,1.043233,0.774235,0.567156,0.774282,0.742654,1.057382,0.665215,0.332179",87.6,19.06410239166796
200,7800,41.0,52.31,0.13397967485796172,1.3466206948459147,33.62932062149048,779,"59.203556,59.838943","0.885230,0.644425,1.208075,0.500734,1.372906,0.753647,0.361029,0.818223,0.453653,0.691007,0.908229,1.274936,1.043455,0.774581,0.566565,0.774723,0.741355,1.056709,0.664996,0.330821",,
201,7999,81.0,52.77,0.1326398781093821,1.3835607025027274,34.452351331710815,798,"60.279839,60.947838","0.875088,0.639777,1.217931,0.505328,1.371593,0.747148,0.356980,0.817912,0.435890,0.681467,0.915723,1.258558,1.045348,0.773716,0.561852,0.774667,0.724530,1.060985,0.661697,0.322554",,
202,8094,74.0,53.05,0.13131347932828827,1.351424391567707,34.90250635147095,808,"60.763374,61.663128","0.873179,0.641569,1.220326,0.507019,1.370651,0.744125,0.353769,0.818235,0.429075,0.679597,0.916568,1.249011,1.044559,0.767361,0.557158,0.778603,0.716897,1.063725,0.658980,0.318044",,
203,8141,47.0,53.39,0.1300003445350054,1.3660112196207046,35.1137752532959,813,"61.134552,61.875145","0.871282,0.643270,1.222020,0.509650,1.371769,0.743216,0.353104,0.818161,0.424276,0.677277,0.917223,1.244763,1.046083,0.766968,0.555958,0.779497,0.711716,1.065436,0.659531,0.314978",,
204,8148,52.0,53.48,0.12870034108965533,1.3660112196207046,35.1137752532959,813,"61.134552,61.875145","0.871282,0.643270,1.222020,0.509650,1.371769,0.743216,0.353104,0.818161,0.424276,0.677277,0.917223,1.244763,1.046083,0.766968,0.555958,0.779497,0.711716,1.065436,0.659531,0.314978",,
205,8299,64.0,53.78,0.1274133376787588,1.376644508987665,35.71471977233887,828,"62.100163,62.480698","0.856966,0.643132,1.232273,0.519513,1.371749,0.743495,0.350202,0.822257,0.409176,0.667638,0.922584,1.233260,1.051279,0.770638,0.553331,0.783336,0.690744,1.071890,0.659427,0.303293",,
206,8299,68.0,54.18,0.1274133376787588,1.376644508987665,35.71471977233887,828,"62.100163,62.480698","0.856966,0.643132,1.232273,0.519513,1.371749,0.743495,0.350202,0.822257,0.409176,0.667638,0.922584,1.233260,1.051279,0.770638,0.553331,0.783336,0.690744,1.071890,0.659427,0.303293",,
207,8393,102.0,54.89,0.12487781225895148,1.3923831175267696,36.13507556915283,838,"62.518982,63.085381","0.849859,0.639325,1.240706,0.525041,1.374199,0.746465,0.351167,0.827879,0.400635,0.659875,0.928266,1.224972,1.056750,0.774129,0.554907,0.788977,0.677990,1.069855,0.661654,0.294048",,
208,8528,66.0,55.3,0.12362903413636196,1.4130629107356072,36.67210364341736,851,"63.140869,63.761765","0.842794,0.636593,1.249127,0.532631,1.376389,0.740931,0.347337,0.835239,0.388889,0.656110,0.932658,1.214708,1.058752,0.775753,0.551550,0.796328,0.666186,1.070003,0.660003,0.285716",,
209,8623,40.0,55.32,0.12239274379499834,1.432422257065773,37.08700466156006,861,"63.672226,64.259995","0.834909,0.637060,1.255134,0.539227,1.381952,0.738095,0.344545,0.839774,0.376011,0.652368,0.933370,1.205455,1.063028,0.773590,0.547409,0.800322,0.657317,1.062222,0.662475,0.277583",,
210,8726,73.0,55.81,0.12116881635704835,1.4503237795829773,37.49168014526367,871,"64.313385,64.714890","0.831135,0.635899,1.261402,0.549476,1.392369,0.738303,0.340250,0.841858,0.363327,0.652574,0.933957,1.193430,1.071878,0.768419,0.543919,0.803011,0.654344,1.060420,0.665054,0.270754",,
211,8733,73.0,56.0,0.11995712819347787,1.450291186273098,37.53111410140991,872,"64.385063,64.764633","0.830776,0.635081,1.262061,0.550111,1.392940,0.738169,0.339666,0.842237,0.362337,0.652829,0.934074,1.192284,1.072423,0.768178,0.543547,0.803311,0.654286,1.060388,0.664940,0.270170",,
212,8868,59.0,56.32,0.11875755691154309,1.4404371535778047,38.07801675796509,885,"65.293114,65.670731","0.827941,0.624054,1.267689,0.554720,1.391362,0.735301,0.333246,0.844127,0.354416,0.652771,0.930746,1.178106,1.073055,0.761409,0.534077,0.803360,0.643489,1.062727,0.661515,0.263502",,
213,8923,141.0,57.27,0.11756998134242766,1.4321582843363285,38.31734228134155,891,"65.638634,66.138573","0.826151,0.623243,1.271782,0.556746,1.390767,0.731858,0.329853,0.844987,0.351415,0.650825,0.929190,1.173191,1.074425,0.758803,0.528827,0.804792,0.640021,1.062760,0.658432,0.260594",,
214,8946,40.0,57.29,0.11639428152900338,1.4388071195781231,38.40174627304077,893,"65.751694,66.311401","0.825929,0.622674,1.272818,0.556827,1.390302,0.730249,0.328269,0.844827,0.350284,0.650615,0.928197,1.171838,1.074354,0.757420,0.526748,0.804608,0.638761,1.062354,0.656590,0.260077",,
215,9097,100.0,58.07,0.11523033871371334,1.4230486427247524,39.06484770774841,908,"66.576279,67.185677","0.822559,0.618782,1.283186,0.564407,1.398920,0.721628,0.319279,0.845130,0.338164,0.648376,0.929904,1.162912,1.077042,0.753125,0.519584,0.803939,0.630211,1.062096,0.651577,0.254481",,
216,9176,55.0,58.29,0.1140780353265762,1.485088959634304,39.38364219665527,916,"67.064201,67.569199","0.815325,0.620841,1.290895,0.571910,1.405386,0.718148,0.317263,0.850746,0.331744,0.642942,0.932741,1.158343,1.081670,0.756253,0.516085,0.808882,0.621354,1.060596,0.651520,0.246850",,
217,9335,48.0,58.6,0.11293725497331045,1.460739425122738,40.0786292552948,932,"67.931419,68.433327","0.805814,0.626866,1.297415,0.583189,1.410119,0.712814,0.315629,0.854346,0.321403,0.633766,0.937181,1.151582,1.083838,0.757829,0.511748,0.812277,0.610505,1.060778,0.652931,0.235678",,
218,9342,102.0,59.38,0.11180788242357734,1.4606342169642448,40.11427164077759,933,"67.981918,68.468407","0.805268,0.627086,1.297929,0.584071,1.410417,0.712483,0.315187,0.854575,0.321000,0.633472,0.937578,1.151042,1.083753,0.758191,0.511554,0.812446,0.609820,1.060792,0.652905,0.234956",,
219,9421,69.0,59.87,0.11068980359934157,1.4551233793795109,40.46813225746155,941,"68.382195,68.825974","0.801890,0.626512,1.303073,0.589799,1.418632,0.708546,0.307310,0.855100,0.313430,0.633052,0.936911,1.142329,1.088022,0.759205,0.506349,0.813418,0.606931,1.060196,0.650974,0.230181",,
220,9764,130.0,60.86,0.10958290556334815,1.521217749118805,41.92526936531067,975,"70.279236,70.743248","0.793236,0.619256,1.310825,0.619364,1.437233,0.706683,0.287585,0.854222,0.281924,0.637847,0.939008,1.110115,1.094296,0.748692,0.488127,0.813464,0.593854,1.059761,0.649805,0.212422",,
221,9859,117.0,61.79,0.10848707650771466,1.5148964393138886,42.294220209121704,984,"70.714630,71.157028","0.790793,0.619059,1.318244,0.626768,1.438122,0.706385,0.285051,0.855474,0.277956,0.637175,0.942075,1.103754,1.094906,0.747371,0.486893,0.814736,0.591053,1.062749,0.650597,0.207905",,
222,9930,94.0,62.08,0.10740220574263752,1.5496265542507173,42.6215136051178,992,"71.170387,71.449982","0.787695,0.618143,1.324717,0.631519,1.438343,0.706189,0.284203,0.858028,0.273474,0.635552,0.944583,1.098664,1.093458,0.747310,0.484722,0.816063,0.585828,1.065865,0.651079,0.202664",,
223,9977,80.0,62.71,0.10632818368521114,1.54632861495018,42.78974938392639,996,"71.407570,71.669319","0.786018,0.617080,1.327824,0.634634,1.438510,0.706194,0.282951,0.859185,0.270893,0.635255,0.945328,1.095508,1.093118,0.747303,0.483103,0.816592,0.583026,1.067253,0.652087,0.199812",,
224,10448,138.0,63.93,0.10526490184835903,1.5285324166715144,44.794525146484375,1043,"73.923851,74.253044","0.758176,0.600750,1.370254,0.673075,1.457200,0.695787,0.270661,0.874801,0.250878,0.638544,0.968422,1.065174,1.104113,0.752204,0.474238,0.827652,0.546849,1.067104,0.663423,0.176692",,
225,11047,371.0,67.39,0.10421225282987544,1.4558965713530778,47.53126001358032,1103,"77.479462,77.669075","0.744873,0.581505,1.391230,0.719752,1.465851,0.676961,0.232206,0.866796,0.225282,0.660466,0.964662,1.034868,1.113353,0.723442,0.436381,0.820926,0.533878,1.054768,0.649868,0.168613",,
226,11086,79.0,67.84,0.10317013030157669,1.464357304945588,47.70211100578308,1107,"77.696693,77.889908","0.745448,0.580749,1.392282,0.722917,1.465454,0.676257,0.229102,0.866132,0.225102,0.661031,0.963220,1.033164,1.113313,0.722131,0.434692,0.820031,0.532333,1.054960,0.649506,0.167497",,
227,11501,56.0,67.86,0.10213842899856092,1.3007712721079587,49.50189924240112,1149,"79.957550,80.201775","0.738182,0.571015,1.404452,0.736178,1.461656,0.665345,0.206175,0.858580,0.211379,0.664268,0.952142,1.025842,1.109383,0.708024,0.410990,0.809350,0.516343,1.053354,0.629743,0.166453",,
228,11548,196.0,68.95,0.10111704470857531,1.2395923533290625,49.67933773994446,1153,"80.127762,80.416649","0.736811,0.569452,1.405149,0.736829,1.460009,0.664367,0.204406,0.857325,0.210105,0.664568,0.950581,1.026093,1.108188,0.706272,0.408449,0.807522,0.514863,1.053039,0.626788,0.167387",,
229,11659,237.0,70.99,0.10010587426148955,1.1954687947779894,50.14302945137024,1164,"80.797096,80.938560","0.734421,0.564640,1.406904,0.738954,1.456741,0.661001,0.199369,0.852947,0.206895,0.666053,0.948716,1.027200,1.106580,0.701559,0.403130,0.801817,0.512444,1.050706,0.620582,0.170639",,
230,11738,235.0,72.67,0.09910481551887466,1.1908361445367337,50.47489881515503,1172,"81.186676,81.441780","0.733944,0.560733,1.408572,0.742629,1.455176,0.659150,0.193741,0.849159,0.205127,0.668211,0.947904,1.027052,1.106419,0.696596,0.400057,0.797852,0.510679,1.049993,0.618264,0.172358",,
231,12089,125.0,73.29,0.0981137673636859,1.0972944020479918,51.98181962966919,1207,"82.570923,82.855850","0.729904,0.559900,1.409801,0.754675,1.455861,0.648176,0.176660,0.838044,0.206315,0.670150,0.948606,1.027179,1.098448,0.677459,0.391237,0.787849,0.497016,1.054087,0.610666,0.173962",,
232,12248,87.0,73.63,0.09713262969004904,1.037921604886651,52.64557433128357,1223,"83.221039,83.527679","0.730000,0.561545,1.408507,0.754935,1.457301,0.647354,0.174064,0.832543,0.207283,0.668355,0.949635,1.030093,1.094934,0.671467,0.390101,0.782424,0.485185,1.058151,0.608135,0.174544",,
233,12343,105.0,74.53,0.09616130339314856,1.012791159376502,53.06854605674744,1233,"83.722603,83.842773","0.728108,0.558257,1.411263,0.755959,1.459226,0.644224,0.169582,0.830707,0.207025,0.669039,0.950855,1.029105,1.095770,0.669249,0.387956,0.780485,0.482717,1.058474,0.605276,0.174944",,
234,12566,59.0,74.95,0.09519969035921708,1.0039823446422815,54.011293172836304,1255,"84.489258,84.805107","0.722601,0.553590,1.419257,0.762010,1.455073,0.633356,0.161485,0.830095,0.205281,0.667089,0.958175,1.029297,1.094777,0.666226,0.382940,0.780072,0.475054,1.053444,0.602030,0.174100",,
235,12861,150.0,76.13,0.0942476934556249,0.9362525825947523,55.259798526763916,1285,"85.705910,85.954414","0.712189,0.546467,1.430943,0.777330,1.442464,0.628747,0.154434,0.826711,0.203223,0.664720,0.968180,1.032271,1.090157,0.663311,0.381709,0.775244,0.461141,1.057217,0.600677,0.174054",,
236,12964,380.0,79.75,0.09330521652106866,0.9083457544445992,55.695767402648926,1295,"85.997009,86.480766","0.706206,0.544156,1.434655,0.782995,1.435377,0.627907,0.153429,0.827408,0.204104,0.664740,0.973868,1.033506,1.085347,0.660415,0.381404,0.776396,0.454654,1.057562,0.599657,0.173672",,
237,13083,500.0,83.88,0.09237216435585796,0.871250716522336,56.25062346458435,1307,"86.505096,86.770638","0.702072,0.544482,1.441712,0.789621,1.434842,0.624158,0.150570,0.826841,0.203845,0.663271,0.980190,1.035240,1.087742,0.655729,0.381908,0.776811,0.450352,1.059472,0.600423,0.173938",,
238,13114,68.0,84.31,0.09144844271229938,0.8770153520256281,56.403830766677856,1310,"86.659058,86.788063","0.701506,0.544731,1.442811,0.791473,1.434003,0.622697,0.149524,0.826137,0.203686,0.662878,0.981729,1.035990,1.087736,0.654523,0.381787,0.776481,0.449681,1.060269,0.600557,0.174461",,
239,13409,500.0,88.95,0.0905339582851764,0.8670413066446782,57.77582406997681,1339,"87.703255,87.924026","0.700511,0.535615,1.452344,0.808318,1.427436,0.618205,0.133024,0.819188,0.206053,0.663648,0.977949,1.033361,1.086388,0.640872,0.371742,0.770049,0.438580,1.063896,0.594357,0.174963",,
240,13424,57.0,89.14,0.08962861870232462,0.8640251065790653,57.866225242614746,1341,"87.805367,87.984238","0.700008,0.535404,1.452555,0.808745,1.426134,0.617348,0.132218,0.818519,0.205814,0.663483,0.977634,1.033816,1.086025,0.639941,0.370822,0.769366,0.438124,1.063608,0.593665,0.175390",,
241,13599,233.0,91.07,0.08873233251530138,0.9390697175264359,58.59348750114441,1358,"88.392166,88.628464","0.697395,0.534461,1.453278,0.813989,1.419628,0.611987,0.126997,0.813639,0.205473,0.661645,0.978429,1.038442,1.081077,0.635500,0.364962,0.765196,0.433318,1.061854,0.587605,0.177932",,
242,14062,81.0,91.26,0.08784500919014836,0.95283935431391,60.58861017227173,1405,"89.754532,90.111710","0.679223,0.521344,1.454993,0.831695,1.411241,0.603429,0.118066,0.810207,0.199004,0.664138,0.996738,1.043457,1.062891,0.622105,0.358783,0.763074,0.421973,1.061164,0.579219,0.180068",,
243,14117,234.0,93.32,0.08696655909824688,0.9312858909741044,60.8013436794281,1410,"89.915886,90.235298","0.678748,0.520696,1.456103,0.834209,1.411599,0.602572,0.115424,0.810609,0.198372,0.664759,0.997413,1.042336,1.062374,0.620642,0.358484,0.763870,0.421761,1.061443,0.579098,0.178714",,
244,14188,73.0,93.46,0.0860968935072644,0.9407869802042842,61.0953950881958,1417,"90.156990,90.403114","0.678010,0.519560,1.456708,0.835631,1.411136,0.601310,0.111653,0.811158,0.198063,0.665807,0.997929,1.039985,1.060825,0.618800,0.357764,0.764574,0.421071,1.062519,0.577882,0.176534",,
245,15483,257.0,95.6,0.08523592457219176,0.9529380917176604,66.60373616218567,1547,"94.140282,94.260750","0.626369,0.492965,1.468807,0.856111,1.375456,0.567244,0.062975,0.799986,0.202120,0.668309,1.002165,1.028744,1.010112,0.578031,0.309226,0.755149,0.398114,1.057152,0.535468,0.167497",,
246,16282,270.0,97.54,0.08438356532646984,0.7432054289989174,69.97181224822998,1627,"95.987526,96.065712","0.602335,0.462244,1.485018,0.865328,1.376711,0.540067,0.036856,0.796978,0.221009,0.670620,1.028782,1.034638,0.987426,0.566214,0.291715,0.755478,0.399825,1.039434,0.517074,0.172865",,
247,16337,500.0,101.79,0.08353972967320515,0.709430863764137,70.23277688026428,1632,"96.127182,96.178917","0.599374,0.460539,1.485083,0.866329,1.373456,0.539051,0.035291,0.796553,0.222320,0.670570,1.029349,1.034168,0.982593,0.564663,0.290306,0.755362,0.400601,1.038446,0.517049,0.172269",,
248,16856,500.0,106.12,0.0827043323764731,0.5584866993129254,72.39536571502686,1684,"97.392838,97.444443","0.563734,0.437278,1.491088,0.866578,1.369884,0.526066,0.024600,0.786912,0.233908,0.668967,1.035131,1.036700,0.952267,0.551892,0.278570,0.747336,0.391164,1.028871,0.508104,0.178242",,
249,16871,351.0,109.24,0.08187728905270836,0.5561952880397439,72.47680115699768,1686,"97.444878,97.479523","0.563245,0.436720,1.491038,0.866981,1.369668,0.526213,0.023896,0.786348,0.234227,0.669066,1.034692,1.036447,0.951261,0.551179,0.277864,0.746797,0.391033,1.028108,0.507672,0.178071",425.0,150.0
250,17078,500.0,113.88,0.08105851616218128,0.5419682896323502,73.33148241043091,1706,"98.083549,97.872871","0.554593,0.429669,1.493183,0.870997,1.376871,0.522990,0.013573,0.782232,0.240070,0.670138,1.028780,1.032373,0.951055,0.546488,0.272448,0.742941,0.389794,1.024020,0.507038,0.175672",,
251,17109,500.0,118.11,0.08024793100055946,0.5395051662810146,73.45752954483032,1709,"98.113640,97.918594","0.553955,0.428914,1.493876,0.871105,1.381135,0.522417,0.012503,0.781591,0.241741,0.670497,1.028960,1.032143,0.952100,0.546897,0.272245,0.742378,0.390539,1.023899,0.507011,0.175752",,
252,17524,155.0,119.31,0.07944545169055386,0.5545026247762144,75.220782995224,1751,"98.662666,98.601166","0.535176,0.422662,1.491642,0.869526,1.389703,0.511010,0.007255,0.776216,0.247545,0.675466,1.033109,1.033140,0.929527,0.546806,0.266346,0.735808,0.393644,1.024230,0.503228,0.180322",,
253,18187,500.0,123.37,0.07865099717364833,0.5005576151236891,77.9952290058136,1817,"99.645401,99.542603","0.514493,0.411238,1.498646,0.867542,1.387180,0.487251,-0.004273,0.773167,0.261363,0.682176,1.039976,1.034753,0.905913,0.548002,0.261583,0.731512,0.388185,1.028110,0.504236,0.183310",,
254,19042,245.0,125.28,0.07786448720191184,0.46591198586858806,81.63154029846191,1903,"100.991714,100.872147","0.484912,0.392332,1.499015,0.850661,1.395830,0.474473,-0.021901,0.754495,0.260278,0.682724,1.021811,1.027325,0.882620,0.537363,0.245978,0.708112,0.395912,1.024872,0.493909,0.185829",,
255,19481,500.0,129.41,0.07708584232989273,0.39421168603003026,83.45117807388306,1947,"101.715904,101.439545","0.472656,0.377528,1.498304,0.843699,1.388226,0.463599,-0.029319,0.752635,0.261076,0.686797,1.019484,1.020770,0.862025,0.529772,0.239879,0.704471,0.387570,1.029831,0.493595,0.185447",,
256,19848,439.0,133.42,0.0763149839065938,0.36965614741668107,84.98022150993347,1983,"101.983505,101.872139","0.452089,0.366525,1.500335,0.842905,1.376490,0.452230,-0.033891,0.746986,0.267119,0.686633,1.018565,1.022240,0.844820,0.525176,0.240654,0.698123,0.380133,1.035791,0.497534,0.187917",,
257,20263,259.0,135.5,0.07555183406752786,0.31968018136918547,86.6814923286438,2025,"102.327362,102.256065","0.415249,0.359072,1.503854,0.840258,1.395720,0.434623,-0.036531,0.741735,0.275381,0.688216,1.019648,1.023022,0.824973,0.524934,0.241560,0.692851,0.376576,1.037325,0.504205,0.191201",,
258,20854,500.0,139.3,0.07479631572685258,0.3310653422260657,89.00775694847107,2084,"102.702728,102.725838","0.399704,0.346071,1.507196,0.840492,1.393109,0.428582,-0.045398,0.734083,0.285736,0.690783,1.015408,1.022431,0.791043,0.515414,0.235300,0.682055,0.392839,1.043980,0.503830,0.195533",,
259,20869,500.0,143.7,0.07404835256958406,0.33011623250786215,89.05229234695435,2085,"102.719040,102.724503","0.398338,0.345828,1.507114,0.840469,1.392116,0.428324,-0.045357,0.733900,0.285962,0.690660,1.015509,1.022466,0.789733,0.515317,0.235098,0.681916,0.392734,1.044079,0.503809,0.195606",,
260,20980,432.0,147.16,0.07330786904388821,0.30868176226969807,89.51515293121338,2097,"102.853020,102.730476","0.388784,0.343590,1.506848,0.839732,1.384848,0.425697,-0.045884,0.731940,0.287369,0.689164,1.015341,1.022717,0.778882,0.512999,0.233176,0.679969,0.392357,1.046756,0.503424,0.196077",,
261,21107,500.0,151.42,0.07257479035344933,0.32645838394295423,90.00722026824951,2109,"102.872604,102.867599","0.388208,0.340589,1.506176,0.838962,1.384517,0.425748,-0.046558,0.730695,0.286855,0.689585,1.014779,1.022876,0.770670,0.512612,0.232891,0.678147,0.391479,1.050041,0.503715,0.196472",,
262,22562,440.0,155.2,0.07184904244991483,0.3865004149498418,96.38129115104675,2255,"103.560417,103.683372","0.294478,0.327109,1.505349,0.826751,1.400394,0.405613,-0.058940,0.709810,0.286080,0.690639,1.011432,1.022288,0.668892,0.507900,0.228338,0.655087,0.430533,1.057860,0.505507,0.197703",,
263,23481,500.0,159.44,0.07113055202541568,0.3328691433975473,100.38825392723083,2347,"103.779099,103.977386","0.250420,0.324467,1.507966,0.820456,1.387374,0.392686,-0.063537,0.698488,0.308587,0.699027,1.009539,1.027307,0.621500,0.504050,0.232058,0.644815,0.454208,1.065036,0.508848,0.204275",,
264,23848,500.0,163.57,0.07041924650516153,0.33396724893245844,101.89339661598206,2383,"104.008125,104.278847","0.241972,0.325600,1.508024,0.815832,1.365740,0.391642,-0.064851,0.691126,0.301742,0.700946,1.007424,1.027304,0.598785,0.503675,0.234500,0.639111,0.458596,1.064675,0.507884,0.205953",,
265,23919,381.0,166.87,0.06971505404010991,0.36844076049979774,102.18331146240234,2390,"104.033577,104.419563","0.235407,0.325525,1.508838,0.814304,1.367982,0.390032,-0.065772,0.690009,0.303270,0.701514,1.006235,1.027433,0.595493,0.502554,0.234225,0.637625,0.463550,1.065423,0.508017,0.206483",,
266,24262,500.0,171.41,0.06901790349970881,0.3374912627413869,103.57665419578552,2425,"104.364693,104.694817","0.211277,0.318604,1.510721,0.809317,1.375000,0.385688,-0.068548,0.685162,0.302038,0.708547,1.000231,1.023135,0.579698,0.494912,0.237565,0.633508,0.481013,1.062012,0.511668,0.204640",,
267,24853,500.0,175.72,0.06832772446471172,0.27320534143596886,105.93277740478516,2484,"104.760185,105.092041","0.198613,0.306570,1.511655,0.804171,1.359690,0.380411,-0.071085,0.677646,0.297453,0.710497,0.995318,1.022051,0.553113,0.486935,0.233981,0.626400,0.499904,1.059911,0.513332,0.205938",,
268,24980,500.0,180.13,0.0676444472200646,0.2952800597529858,106.45476365089417,2497,"104.815735,105.133827","0.195761,0.305474,1.511248,0.804072,1.357402,0.381303,-0.071019,0.675760,0.295119,0.711179,0.994849,1.022557,0.548423,0.485086,0.233956,0.624975,0.505331,1.054990,0.513433,0.206532",,
269,25107,500.0,184.22,0.06696800274786396,0.2939301343541592,106.9444694519043,2509,"104.824738,105.145973","0.192333,0.303594,1.510077,0.803522,1.355804,0.383272,-0.070646,0.674008,0.296552,0.710979,0.996613,1.024252,0.547019,0.485683,0.235143,0.623586,0.505439,1.052464,0.512944,0.207144",,
270,26082,153.0,184.74,0.06629832272038531,0.2645991892367601,110.84256482124329,2607,"105.143600,105.568489","0.152314,0.290317,1.505013,0.799868,1.332568,0.383723,-0.071807,0.659145,0.280580,0.707607,1.002437,1.027610,0.513015,0.491138,0.235510,0.614256,0.525002,1.049249,0.515853,0.204499",,
271,26353,261.0,186.54,0.06563533949318147,0.22978123259264976,111.97661781311035,2634,"105.300880,105.704330","0.150162,0.290189,1.505096,0.797840,1.324459,0.386777,-0.072802,0.656050,0.276209,0.709607,1.002123,1.029399,0.508407,0.490739,0.237770,0.612155,0.527729,1.054086,0.517543,0.205102",,
272,26560,500.0,190.8,0.06497898609824965,0.26221730744000527,112.79085922241211,2655,"105.489731,105.859856","0.137446,0.286190,1.506340,0.795679,1.332044,0.385287,-0.073576,0.655501,0.277403,0.710755,1.001676,1.029900,0.507003,0.489609,0.239150,0.610910,0.530641,1.058220,0.518105,0.206247",,
273,27479,500.0,195.27,0.06432919623726716,0.2587021959363483,116.48959136009216,2746,"105.774048,106.230324","0.118348,0.273156,1.504148,0.791169,1.330918,0.378701,-0.074218,0.647876,0.285044,0.706277,0.999077,1.032113,0.492978,0.477124,0.235796,0.604332,0.528814,1.055799,0.520802,0.207022",,
274,27846,500.0,199.45,0.06368590427489448,0.2848220516159199,117.98326206207275,2783,"105.813789,106.307472","0.107416,0.267430,1.503652,0.788561,1.331210,0.375671,-0.072218,0.642634,0.273562,0.701876,1.001492,1.032838,0.492539,0.475099,0.233121,0.600506,0.527690,1.054824,0.518744,0.210563",,
275,27917,500.0,204.05,0.06304904523214554,0.2832854653499089,118.25942921638489,2790,"105.850044,106.297188","0.103154,0.268157,1.503270,0.787980,1.334033,0.374033,-0.072557,0.641842,0.274423,0.701892,1.001103,1.032862,0.491071,0.474576,0.232133,0.599780,0.531491,1.056532,0.517776,0.211120",,
276,28980,500.0,208.67,0.06241855477982408,0.2751989138650242,122.75984048843384,2897,"106.308899,106.811119","0.085903,0.251844,1.502410,0.779420,1.317638,0.368310,-0.070797,0.635226,0.258389,0.699336,1.006803,1.035282,0.466321,0.474006,0.234030,0.593498,0.524088,1.050667,0.516429,0.215451",,
277,29107,500.0,213.39,0.06179436923202584,0.24174481864203698,123.29562997817993,2909,"106.308289,106.856941","0.082920,0.253094,1.504967,0.778990,1.315632,0.364867,-0.070568,0.633808,0.259142,0.702298,1.005550,1.034916,0.460541,0.474347,0.235948,0.593041,0.521092,1.050791,0.518623,0.213672",,
278,29658,447.0,217.62,0.06117642553970558,0.21095533750136383,125.52018094062805,2964,"106.379829,106.941414","0.071223,0.247160,1.503542,0.774099,1.328131,0.352823,-0.072533,0.626924,0.275639,0.702818,1.003722,1.036924,0.456738,0.472455,0.233228,0.586444,0.528920,1.056902,0.520933,0.217706",,
279,30353,500.0,221.77,0.06056466128430853,0.18841755276545882,128.32645750045776,3034,"106.413307,106.951294","0.059779,0.236688,1.496730,0.774069,1.331983,0.355083,-0.066667,0.613667,0.227790,0.695508,1.013193,1.027781,0.465324,0.480770,0.238031,0.582599,0.537837,1.049357,0.526966,0.208537",,
280,30464,327.0,223.71,0.05995901467146544,0.22398819054476918,128.8158552646637,3045,"106.381966,106.933159","0.065124,0.237108,1.496221,0.774488,1.327862,0.354248,-0.068125,0.611587,0.231986,0.696161,1.013449,1.028452,0.464370,0.482036,0.239149,0.581470,0.538160,1.047800,0.526621,0.208206",,
281,30503,190.0,224.76,0.059359424524750785,0.22341437121853233,128.99063658714294,3049,"106.378273,106.928947","0.066102,0.236528,1.496086,0.774042,1.326491,0.354028,-0.068411,0.610764,0.233083,0.696086,1.013921,1.028504,0.463035,0.482579,0.239511,0.580797,0.538001,1.047475,0.526641,0.208106",,
282,30558,500.0,229.35,0.05876583027950327,0.22583782747853548,129.19191718101501,3054,"106.377876,106.927193","0.066435,0.236906,1.495586,0.773353,1.325851,0.352600,-0.068574,0.610025,0.233308,0.694327,1.014685,1.029289,0.461901,0.483123,0.239305,0.579987,0.536601,1.048101,0.526767,0.207910",,
283,30869,220.0,230.64,0.05817817197670824,0.2595963695156388,130.52032136917114,3085,"106.439613,107.074875","0.062432,0.239875,1.494966,0.769155,1.328516,0.340462,-0.069288,0.608666,0.235237,0.689373,1.014153,1.030237,0.455757,0.479691,0.235237,0.578470,0.536663,1.052027,0.525319,0.209450",,
284,31108,399.0,234.11,0.05759639025694116,0.26620994687313215,131.5006935596466,3109,"106.560173,107.219147","0.058358,0.239689,1.497621,0.768381,1.327070,0.333912,-0.068498,0.604049,0.233768,0.692093,1.015325,1.027905,0.447854,0.482611,0.237892,0.577816,0.543952,1.057476,0.529287,0.209537",,
285,31475,500.0,238.63,0.057020426354371746,0.28584876904962586,133.00864219665527,3146,"106.726204,107.345642","0.046077,0.238086,1.493725,0.764098,1.330186,0.323845,-0.069233,0.603008,0.227457,0.691220,1.016740,1.025861,0.430384,0.488864,0.233494,0.575080,0.547284,1.065310,0.527179,0.208423",,
286,31866,175.0,239.47,0.05645022209082803,0.324773961158935,134.56886839866638,3185,"106.525482,107.269577","0.041841,0.241532,1.496004,0.759174,1.335069,0.316650,-0.072313,0.603606,0.233477,0.698864,1.017788,1.024775,0.417530,0.499080,0.237581,0.573879,0.549709,1.059549,0.527600,0.209419",,
287,32441,196.0,241.01,0.05588571986991975,0.2694117437629029,136.9179723262787,3243,"106.450310,107.186783","0.027567,0.243470,1.497836,0.755884,1.338651,0.310326,-0.070028,0.601780,0.236884,0.702661,1.024509,1.024413,0.399843,0.508054,0.245141,0.573305,0.550247,1.055008,0.530017,0.204724",,
288,32920,295.0,243.27,0.05532686267122055,0.24814427205594256,138.867041349411,3291,"106.379150,107.218010","0.021259,0.249610,1.501843,0.754085,1.337967,0.307570,-0.072177,0.601665,0.245645,0.705835,1.023359,1.025943,0.392278,0.499523,0.252225,0.572300,0.546820,1.059365,0.532596,0.196026",,
289,33639,392.0,246.54,0.05477359404450834,0.28269874181831256,141.74111127853394,3362,"106.508575,107.401619","0.031564,0.246658,1.492415,0.749538,1.329580,0.298977,-0.082392,0.599074,0.261975,0.710874,1.022757,1.026565,0.390448,0.493961,0.254623,0.568214,0.568747,1.057561,0.520088,0.195691",,
290,33654,500.0,250.8,0.05422585810406326,0.2819771206961013,141.80803108215332,3364,"106.504097,107.422401","0.031582,0.246340,1.492364,0.749475,1.329795,0.299456,-0.082380,0.599058,0.262075,0.710597,1.022806,1.026747,0.390463,0.493636,0.254557,0.568223,0.568012,1.057550,0.520205,0.195519",,
291,33677,226.0,252.29,0.05368359952302263,0.2821926498436369,141.89445424079895,3366,"106.492393,107.432625","0.031837,0.246021,1.492346,0.749394,1.330037,0.299859,-0.082386,0.599090,0.262103,0.710523,1.022898,1.026953,0.390411,0.493640,0.254607,0.568188,0.567233,1.057563,0.520268,0.195504",,
292,34124,377.0,255.23,0.0531467635277924,0.2791806741221808,143.7036576271057,3411,"106.430519,107.319946","0.030546,0.247342,1.494086,0.747322,1.331111,0.301165,-0.081746,0.598025,0.262302,0.708376,1.026976,1.030664,0.398574,0.492622,0.259853,0.566685,0.557578,1.050562,0.521543,0.192721",,
293,34275,169.0,256.44,0.05261529589251448,0.25463332085171714,144.30832076072693,3426,"106.294098,107.249352","0.023405,0.250702,1.495087,0.747085,1.336635,0.297122,-0.081662,0.597149,0.261753,0.709689,1.026722,1.030833,0.398516,0.491767,0.260569,0.565071,0.556387,1.054323,0.522216,0.192233",,
294,34346,500.0,260.94,0.05208914293358933,0.25412386449286717,144.57618165016174,3433,"106.217079,107.211929","0.019485,0.251259,1.495407,0.746947,1.339437,0.295828,-0.081343,0.597037,0.261677,0.709458,1.027046,1.031726,0.397984,0.492397,0.260638,0.564158,0.554783,1.056968,0.522289,0.192000",,
295,35017,167.0,262.36,0.05156825150425344,0.2201937341550365,147.25319385528564,3500,"106.004128,107.076660","0.025222,0.263119,1.488841,0.743156,1.341223,0.291919,-0.086636,0.594762,0.268460,0.716519,1.032123,1.037359,0.415354,0.506311,0.267899,0.559123,0.559846,1.054758,0.517674,0.192380",,
296,35056,177.0,263.42,0.0510525689892109,0.22042740964796395,147.41367053985596,3504,"105.973572,107.010201","0.022874,0.267504,1.489716,0.743183,1.343406,0.289717,-0.086316,0.594991,0.269472,0.718253,1.032745,1.037403,0.414771,0.508829,0.269451,0.558811,0.562367,1.053407,0.518401,0.191143",,
297,35167,341.0,266.4,0.050542043299318794,0.2501071793073788,147.875328540802,3515,"105.826851,106.993248","0.014621,0.274379,1.491469,0.743440,1.347995,0.287639,-0.085281,0.595876,0.268080,0.719773,1.033835,1.037978,0.413707,0.510793,0.271026,0.557856,0.563677,1.051553,0.519520,0.187491",,
298,35470,500.0,270.81,0.050036622866325604,0.3261659625219181,149.1328010559082,3546,"105.734222,106.983681","0.014261,0.278110,1.490947,0.742032,1.351849,0.279527,-0.086004,0.597476,0.265441,0.717716,1.032753,1.040962,0.411272,0.504675,0.268313,0.554967,0.561081,1.048332,0.516120,0.187862",,
299,35501,172.0,271.93,0.04953625663766235,0.32631877550389615,149.256206035614,3549,"105.711716,106.989029","0.013409,0.277922,1.490951,0.741854,1.352782,0.279847,-0.086045,0.597483,0.265942,0.717665,1.033047,1.041130,0.411398,0.505518,0.268332,0.554642,0.560193,1.048417,0.516271,0.187513",449.0,102.0
300,35668,252.0,274.04,0.04904089407128572,0.3840211015427485,149.90720415115356,3565,"105.792084,106.938530","0.014259,0.276640,1.489059,0.741886,1.351224,0.279152,-0.085711,0.596897,0.264046,0.714662,1.032766,1.040889,0.411230,0.502021,0.268273,0.555186,0.556421,1.048987,0.517381,0.185929",,
301,35923,206.0,275.29,0.04855048513057287,0.3875964740430936,150.94311356544495,3591,"105.668221,106.891182","0.009203,0.273063,1.486548,0.740205,1.355790,0.275819,-0.081855,0.597821,0.254974,0.705767,1.038132,1.041624,0.406691,0.499058,0.268548,0.555029,0.554490,1.049186,0.515494,0.184359",,
302,36178,140.0,275.95,0.04806498027926714,0.4107874251389876,151.9231870174408,3616,"105.497833,106.814476","-0.002489,0.278613,1.488125,0.737755,1.366627,0.265168,-0.079511,0.598963,0.254298,0.705746,1.040480,1.041268,0.393057,0.506479,0.267010,0.552861,0.561314,1.042493,0.514587,0.184564",,
303,36409,155.0,277.03,0.047584330476474465,0.38248306268826127,152.80726432800293,3639,"105.272972,106.655640","-0.012733,0.284768,1.489458,0.737620,1.376932,0.264713,-0.072726,0.599900,0.250197,0.700503,1.046041,1.041548,0.393491,0.512386,0.268006,0.553077,0.561023,1.038146,0.516247,0.179890",,
304,36632,286.0,279.37,0.04710848717170972,0.38709863685071466,153.74193835258484,3662,"105.182343,106.526314","-0.027762,0.293330,1.488732,0.736913,1.395655,0.267613,-0.063851,0.601528,0.247689,0.694519,1.052340,1.040541,0.402578,0.518623,0.265919,0.554227,0.567114,1.042581,0.514819,0.173794",,
305,36799,162.0,280.35,0.04663740229999262,0.4097609200887382,154.39200019836426,3678,"105.152016,106.501846","-0.030875,0.296575,1.488761,0.737538,1.403538,0.269212,-0.054715,0.602296,0.241098,0.690746,1.058565,1.038763,0.400139,0.520647,0.267704,0.555176,0.566335,1.044517,0.517573,0.171027",,
306,36966,187.0,281.54,0.046171028276992696,0.43087365597486493,155.05994701385498,3695,"105.291458,106.540222","-0.025069,0.296502,1.486965,0.737443,1.403353,0.269739,-0.050992,0.603392,0.231481,0.686633,1.060778,1.038140,0.403147,0.514415,0.269630,0.555794,0.568183,1.045246,0.516395,0.169601",,
307,37045,172.0,282.24,0.045709317994222766,0.40994827810674905,155.41054129600525,3703,"105.298409,106.551071","-0.027822,0.300929,1.487367,0.736923,1.408397,0.265682,-0.050876,0.603918,0.230808,0.686587,1.059850,1.038111,0.406823,0.512928,0.269391,0.554842,0.571733,1.045884,0.516192,0.168529",,
308,37060,142.0,283.0,0.04525222481428054,0.3773971142992377,155.4745111465454,3705,"105.270187,106.579933","-0.028761,0.301791,1.487636,0.736692,1.410031,0.264937,-0.050819,0.604096,0.230837,0.686652,1.059561,1.038070,0.407739,0.512775,0.269265,0.554602,0.572192,1.045728,0.516165,0.168263",,
309,37083,259.0,285.19,0.04479970256613774,0.37765329211950305,155.55909729003906,3707,"105.228798,106.601517","-0.029740,0.302166,1.487565,0.736474,1.411750,0.264836,-0.050799,0.604279,0.230889,0.686553,1.059536,1.038141,0.409057,0.512919,0.269058,0.554295,0.572795,1.045773,0.515862,0.168163",,
310,37530,169.0,286.15,0.044351705540476356,0.4190061876643449,157.38323664665222,3752,"105.270821,106.482475","-0.054552,0.320731,1.492602,0.732455,1.440938,0.261652,-0.038091,0.609784,0.218910,0.683316,1.067543,1.031820,0.417439,0.521290,0.268448,0.553925,0.576141,1.043904,0.518116,0.157322",,
311,37553,143.0,286.85,0.043908188485071595,0.4189535234030336,157.46607518196106,3754,"105.267632,106.486656","-0.054894,0.320664,1.492657,0.732306,1.441259,0.261846,-0.037560,0.610332,0.217901,0.682852,1.068194,1.031681,0.416695,0.521323,0.268715,0.554327,0.576517,1.042722,0.517878,0.156943",,
312,37968,167.0,287.93,0.04346910660022087,0.4142479383200407,159.06484198570251,3795,"104.913544,106.304321","-0.059651,0.332465,1.492207,0.731706,1.454939,0.269054,-0.026242,0.615165,0.212793,0.684895,1.084498,1.031791,0.432685,0.535696,0.283950,0.554457,0.582444,1.021990,0.520690,0.145450",,
313,38319,159.0,288.11,0.04303441553421867,0.47952975472435355,160.39065790176392,3830,"104.945801,106.299782","-0.084519,0.356702,1.498696,0.729888,1.476624,0.264886,-0.013193,0.619747,0.210796,0.685553,1.092430,1.023659,0.443440,0.550273,0.289728,0.552257,0.577704,1.016625,0.531223,0.130917",,
314,38358,195.0,289.66,0.04260407137887648,0.48031553734093907,160.5474967956543,3834,"105.001907,106.298347","-0.086582,0.357470,1.498417,0.729269,1.478158,0.262248,-0.013398,0.619691,0.209728,0.684566,1.093921,1.023418,0.447738,0.553780,0.290388,0.551689,0.578523,1.016849,0.530411,0.131126",,
315,38389,104.0,289.7,0.04217803066508771,0.48121288234367965,160.64628958702087,3837,"105.030602,106.298988","-0.087657,0.357747,1.498281,0.728886,1.478911,0.261106,-0.013443,0.619718,0.209169,0.683694,1.094872,1.023326,0.450805,0.555254,0.290899,0.551200,0.578182,1.017039,0.530302,0.131122",,
316,38412,166.0,290.81,0.04175625035843684,0.48276200717315076,160.75711822509766,3840,"105.018013,106.318016","-0.086670,0.357092,1.498358,0.728637,1.478783,0.261497,-0.013752,0.619981,0.209567,0.683189,1.095681,1.023510,0.453609,0.556609,0.291914,0.550761,0.576803,1.016912,0.530331,0.131030",,
317,38987,241.0,292.74,0.04133868785485247,0.5458399100787937,162.8856806755066,3897,"104.877892,106.269661","-0.078182,0.366440,1.492887,0.727416,1.475713,0.259526,0.006246,0.630129,0.174520,0.679376,1.108708,1.020715,0.458385,0.543234,0.285640,0.547138,0.579513,1.031893,0.530083,0.120846",,
318,39002,129.0,293.01,0.040925300976303945,0.5474684539996088,162.94936275482178,3899,"104.878441,106.245842","-0.079365,0.368147,1.492688,0.727462,1.476440,0.259303,0.008063,0.630663,0.172795,0.679170,1.109430,1.020216,0.458206,0.542732,0.285068,0.547149,0.579237,1.032435,0.530903,0.119672",,
319,39177,95.0,293.27,0.0405160479665409,0.5491700910963118,163.52698707580566,3916,"104.819298,106.232224","-0.088650,0.377276,1.495165,0.728043,1.482250,0.258783,0.024498,0.635255,0.152278,0.678607,1.117035,1.016519,0.450011,0.540605,0.282642,0.548105,0.578058,1.032351,0.534425,0.112478",,
320,39320,116.0,293.13,0.040110887486875496,0.549365258347243,164.03776288032532,3931,"104.904610,106.159760","-0.094219,0.383884,1.497775,0.728736,1.485421,0.262825,0.035387,0.638416,0.135685,0.679552,1.121716,1.013458,0.451442,0.538890,0.280203,0.549239,0.573048,1.029801,0.536499,0.106935",,
321,39383,232.0,294.28,0.03970977861200674,0.4977617654390633,164.24354696273804,3937,"104.931969,106.212982","-0.093421,0.384883,1.498258,0.728594,1.485111,0.262104,0.036114,0.639061,0.133369,0.680316,1.122167,1.013281,0.454364,0.538240,0.280296,0.548674,0.573170,1.026734,0.536244,0.106678",,
322,39422,133.0,294.67,0.039312680825886674,0.46566394889727236,164.3807246685028,3941,"104.928642,106.252373","-0.092298,0.383658,1.498426,0.729162,1.484670,0.261534,0.035911,0.639246,0.132411,0.681217,1.122250,1.013097,0.456077,0.537874,0.280252,0.548296,0.574464,1.024344,0.535129,0.107296",,
323,39533,152.0,295.39,0.038919554017627804,0.46298571636900304,164.75639271736145,3952,"104.945381,106.255569","-0.095567,0.386605,1.498685,0.729829,1.486091,0.261031,0.039145,0.641924,0.127807,0.682790,1.123917,1.011428,0.455415,0.535722,0.278538,0.546742,0.574982,1.019935,0.534866,0.105418",,
324,40012,128.0,295.29,0.03853035847745152,0.5700197166390717,166.47477889060974,4000,"104.810509,106.084541","-0.090674,0.391816,1.491578,0.729490,1.482795,0.257601,0.056818,0.654164,0.101230,0.681965,1.132590,1.003788,0.444988,0.517063,0.269026,0.546630,0.565106,1.010398,0.536479,0.098189",,
325,40099,137.0,292.95,0.03814505489267701,0.5723200352862478,166.77547764778137,4008,"104.748718,106.015793","-0.086353,0.391839,1.489802,0.729462,1.481785,0.254768,0.057019,0.654941,0.099329,0.683434,1.133331,1.003636,0.446869,0.519596,0.269481,0.546828,0.568094,1.010186,0.534861,0.098367",,
326,40314,116.0,293.32,0.03776360434375024,0.4846152621135116,167.64577913284302,4030,"104.628517,106.016701","-0.091214,0.398044,1.488830,0.728484,1.483038,0.247290,0.061632,0.658997,0.087420,0.684344,1.135462,1.003779,0.449662,0.512367,0.264098,0.544554,0.566704,1.009531,0.532516,0.093820",,
327,40393,152.0,294.28,0.03738596830031274,0.4859749425202608,167.94925451278687,4038,"104.664459,105.997749","-0.091216,0.398449,1.489354,0.729184,1.481022,0.244616,0.061567,0.660171,0.083865,0.683617,1.136487,1.003669,0.450139,0.508971,0.264609,0.543604,0.565380,1.006644,0.532514,0.092466",,
328,40528,447.0,296.79,0.03701210861730961,0.4855746419541538,168.4171793460846,4051,"104.542282,106.065750","-0.090159,0.399711,1.489713,0.729403,1.479119,0.240522,0.062078,0.661786,0.077388,0.684174,1.137026,1.004812,0.451576,0.504019,0.262806,0.542160,0.565095,1.002552,0.529332,0.091700",,
329,40775,169.0,296.11,0.03664198753113651,0.4587340755574405,169.44372391700745,4076,"104.503777,105.932266","-0.092686,0.403952,1.487940,0.729199,1.477078,0.237956,0.062966,0.665200,0.070474,0.688042,1.139884,1.004305,0.462240,0.498847,0.260785,0.539753,0.558905,1.005213,0.527398,0.087411",,
330,40838,163.0,295.39,0.036275567655825146,0.4562243388593197,169.65969800949097,4082,"104.354156,105.933014","-0.095460,0.405642,1.489084,0.732107,1.478615,0.238393,0.063672,0.667481,0.066264,0.690517,1.141467,1.002713,0.465287,0.497505,0.259177,0.540910,0.559364,1.007323,0.527282,0.083066",,
331,41293,160.0,295.74,0.03591281197926689,0.47318594021722676,171.3492112159729,4128,"104.337410,106.167595","-0.091551,0.411007,1.480418,0.736145,1.476502,0.225176,0.066311,0.669423,0.036089,0.691593,1.139043,1.002738,0.487721,0.476685,0.239159,0.535598,0.564324,0.994371,0.512032,0.084596",,
332,41468,269.0,297.56,0.035553683859474224,0.5054673531651497,171.9847640991211,4145,"104.362907,106.098389","-0.091784,0.414604,1.474487,0.734493,1.476144,0.218119,0.068359,0.672051,0.026499,0.693635,1.139565,1.000558,0.488815,0.467619,0.232095,0.533227,0.564708,0.996826,0.504218,0.084267",,
333,41579,185.0,298.36,0.035198147020879485,0.49301002578809855,172.3484330177307,4156,"104.230949,106.155884","-0.093767,0.413141,1.472229,0.734242,1.479023,0.221068,0.070501,0.674438,0.019981,0.696830,1.139752,0.997797,0.491491,0.466151,0.228704,0.532648,0.560141,0.991847,0.500529,0.082739",,
334,41994,200.0,299.77,0.03484616555067069,0.4027633816190064,173.86625933647156,4198,"104.459007,106.262970","-0.092877,0.416835,1.465237,0.730558,1.471599,0.205890,0.070203,0.672034,0.001823,0.695711,1.137704,0.993198,0.502925,0.447443,0.215230,0.525237,0.545004,0.980118,0.493315,0.084560",,
335,42145,229.0,300.56,0.03449770389516398,0.4011510709673166,174.44968628883362,4213,"104.476463,106.451355","-0.088599,0.411963,1.461502,0.726494,1.466705,0.203055,0.065077,0.671009,-0.000004,0.695828,1.135735,0.992300,0.511122,0.442873,0.211766,0.521209,0.540641,0.981304,0.486506,0.088558",,
336,43488,252.0,299.28,0.03415272685621234,0.43400125885382296,179.54558038711548,4347,"104.299210,106.460854","-0.110995,0.416727,1.457530,0.741272,1.476993,0.180962,0.060118,0.679444,-0.043215,0.720070,1.126073,0.972943,0.509631,0.407340,0.176139,0.512073,0.522145,0.989594,0.454399,0.071775",,
337,43639,358.0,297.86,0.03381119958765022,0.4353472052514553,180.12979221343994,4362,"104.282967,106.501251","-0.109450,0.411139,1.454442,0.743100,1.478508,0.182835,0.055876,0.678092,-0.043999,0.720403,1.123258,0.973262,0.514996,0.404758,0.173766,0.509152,0.518539,0.989241,0.448159,0.075210",,
338,43734,269.0,299.87,0.03347308759177372,0.43345336459577083,180.52387619018555,4372,"104.308968,106.570915","-0.107184,0.407689,1.452794,0.741890,1.476345,0.180045,0.050445,0.676135,-0.039208,0.719634,1.121374,0.973419,0.519665,0.402573,0.176009,0.506571,0.515993,0.989482,0.447427,0.077228",,
339,43781,368.0,298.55,0.03313835671585598,0.39928336555138233,180.71502327919006,4377,"104.319878,106.594978","-0.105294,0.407113,1.451560,0.740982,1.474941,0.177778,0.047535,0.676293,-0.036886,0.719774,1.120786,0.973289,0.521380,0.401911,0.177314,0.505325,0.515628,0.989172,0.446604,0.078278",,
340,44316,378.0,301.76,0.03280697314869742,0.4528300927206874,182.78030967712402,4430,"104.422485,106.894440","-0.102799,0.399388,1.440557,0.735503,1.468274,0.160752,0.030139,0.672060,-0.034216,0.714871,1.104787,0.968342,0.522923,0.385872,0.162706,0.493915,0.496474,0.984117,0.434485,0.081449",,
341,44523,500.0,304.43,0.03247890341721044,0.4588283977657557,183.59440207481384,4451,"104.516724,106.959373","-0.101089,0.399321,1.436682,0.737257,1.465832,0.159776,0.031826,0.670399,-0.036135,0.714050,1.103948,0.967327,0.523864,0.380958,0.158139,0.490317,0.486030,0.981409,0.432830,0.088898",,
342,45938,275.0,306.37,0.03215411438303834,0.4852205312019214,189.11306023597717,4592,"105.080276,107.455513","-0.093708,0.391492,1.417336,0.740911,1.457480,0.151197,0.021000,0.667459,-0.050605,0.716027,1.088360,0.955090,0.518382,0.359314,0.139252,0.478780,0.453618,0.954113,0.420007,0.095822",,
343,45993,500.0,309.03,0.031832573239207955,0.4843432844942436,189.35026288032532,4598,"105.120026,107.474243","-0.094714,0.392638,1.416672,0.741145,1.458225,0.149823,0.020534,0.666644,-0.050023,0.717069,1.087663,0.955061,0.518905,0.358365,0.138482,0.478288,0.452881,0.952188,0.419443,0.095148",,
344,46144,500.0,313.3,0.031514247506815876,0.4571748984185979,189.9309537410736,4613,"105.125191,107.538925","-0.095725,0.391744,1.414539,0.744459,1.460776,0.147891,0.016899,0.665839,-0.045833,0.719398,1.085793,0.955514,0.519785,0.354790,0.138287,0.476972,0.451509,0.952717,0.418972,0.097574",,
345,47287,345.0,314.18,0.031199105031747717,0.39692040792200717,194.41276955604553,4727,"105.517250,107.743385","-0.087778,0.388330,1.403073,0.764616,1.456350,0.157110,0.009666,0.662859,-0.060762,0.730364,1.091279,0.949390,0.530499,0.353268,0.130642,0.473580,0.439562,0.949312,0.411484,0.098968",,
346,47486,500.0,316.48,0.03088711398143024,0.4449922382226214,195.19473385810852,4747,"105.522179,107.811806","-0.089645,0.387502,1.401570,0.768185,1.459521,0.159097,0.009575,0.660968,-0.059192,0.730373,1.092326,0.948455,0.531659,0.349929,0.128576,0.472624,0.438256,0.948379,0.415092,0.099049",,
347,47637,500.0,316.48,0.030578242841615935,0.39627358387690037,195.77449941635132,4762,"105.524094,107.739418","-0.088662,0.389300,1.400324,0.768618,1.458471,0.155863,0.009769,0.659068,-0.062155,0.730325,1.094167,0.949786,0.533401,0.351382,0.127334,0.471267,0.440347,0.952801,0.413176,0.101506",,
348,47780,500.0,316.48,0.030272460413199778,0.3930561394849792,196.40262246131897,4777,"105.479408,107.770340","-0.089820,0.390740,1.400332,0.770678,1.459828,0.152883,0.010548,0.658220,-0.066271,0.730372,1.096121,0.949444,0.535049,0.351099,0.125007,0.470583,0.440697,0.954417,0.413044,0.102676",,
349,47859,214.0,315.11,0.02996973580906778,0.3965744634112343,196.7229299545288,4784,"105.537201,107.768791","-0.090653,0.390905,1.400396,0.771696,1.459099,0.152964,0.010168,0.657492,-0.068782,0.731317,1.095387,0.949068,0.534604,0.349806,0.126281,0.469765,0.439804,0.953785,0.414736,0.102908",432.4,135.20000000000002
350,48314,500.0,315.11,0.029670038450977102,0.35972991069313137,198.6245150566101,4830,"105.443893,107.752625","-0.097633,0.386152,1.396591,0.782357,1.458832,0.153539,0.007843,0.658608,-0.081544,0.733111,1.091598,0.945310,0.535196,0.343620,0.126770,0.466479,0.430982,0.943947,0.421003,0.100667",,
351,49385,190.0,312.01,0.02937333806646733,0.20615260414313524,202.84623885154724,4937,"105.230202,107.555443","-0.112000,0.390844,1.399033,0.790743,1.465809,0.150308,0.017332,0.657078,-0.103614,0.742962,1.098236,0.940835,0.535043,0.348409,0.126173,0.458288,0.418027,0.951075,0.425321,0.104020",,
352,49936,500.0,315.46,0.029079604685802656,0.2004295472148806,205.1184422969818,4992,"105.157082,107.404999","-0.119551,0.387158,1.410392,0.798765,1.467126,0.149016,0.026760,0.657469,-0.113290,0.743209,1.106968,0.941993,0.527392,0.346178,0.132355,0.455185,0.409015,0.947688,0.438623,0.109913",,
353,49991,500.0,315.46,0.02878880863894463,0.19850480959750713,205.34966683387756,4998,"105.145088,107.382378","-0.119967,0.387025,1.411295,0.800766,1.466892,0.149585,0.026860,0.657446,-0.113399,0.743837,1.107322,0.941857,0.526143,0.345396,0.133689,0.455340,0.408554,0.948198,0.440941,0.110128",,
354,51286,500.0,318.01,0.02850092055255518,0.3755796367581934,210.7446892261505,5127,"104.843727,107.207726","-0.127580,0.383946,1.427193,0.828990,1.472093,0.147623,0.021946,0.655760,-0.121642,0.754226,1.114966,0.949887,0.522110,0.342322,0.151662,0.451918,0.414159,0.945557,0.459474,0.122789",,
355,51485,500.0,318.01,0.02821591134702963,0.4250261485110968,211.54668641090393,5147,"104.880661,107.185776","-0.127074,0.382198,1.427648,0.830486,1.474630,0.150175,0.020401,0.657516,-0.120759,0.755847,1.114145,0.950899,0.520256,0.341514,0.155347,0.450576,0.415510,0.944748,0.459574,0.126135",,
356,51636,500.0,318.62,0.027933752233559334,0.3893426276906393,212.15301203727722,5162,"104.806786,107.141129","-0.126847,0.381254,1.427966,0.831290,1.475644,0.151841,0.019047,0.658361,-0.120885,0.756876,1.114593,0.951060,0.520375,0.341501,0.157461,0.450039,0.416998,0.944294,0.459598,0.127352",,
357,51779,500.0,321.03,0.027654414711223742,0.44015585946151986,212.71448016166687,5176,"104.714401,107.110786","-0.126620,0.379020,1.428781,0.831773,1.475285,0.152407,0.018994,0.658153,-0.121140,0.757124,1.115240,0.952137,0.520694,0.341166,0.157173,0.449497,0.416931,0.944301,0.458735,0.129674",,
358,52314,500.0,321.03,0.027377870564111503,0.42984735103556887,215.04456877708435,5230,"104.619179,107.004669","-0.129186,0.376885,1.435895,0.834027,1.475159,0.146411,0.019046,0.656247,-0.122865,0.759219,1.120227,0.952826,0.521787,0.343261,0.165096,0.447960,0.414829,0.948329,0.462934,0.131382",,
359,52977,149.0,317.52,0.02710409185847039,0.3186812223738525,217.74142742156982,5296,"104.470673,106.914337","-0.131976,0.375708,1.444456,0.840223,1.473694,0.137538,0.017515,0.656333,-0.126768,0.759883,1.119167,0.954204,0.516348,0.342503,0.172347,0.446473,0.410941,0.948549,0.473746,0.135487",,
360,52992,188.0,315.08,0.026833050939885684,0.31810258277342657,217.840313911438,5298,"104.478195,106.899269","-0.132146,0.375657,1.444804,0.840321,1.473506,0.137224,0.017518,0.656163,-0.127165,0.759810,1.119242,0.954170,0.516244,0.342495,0.172376,0.446425,0.410823,0.948474,0.474032,0.135383",,
361,53383,500.0,315.08,0.026564720430486827,0.24718503443989903,219.40149593353271,5337,"104.347702,106.807587","-0.134325,0.375548,1.447683,0.839685,1.472692,0.135070,0.018172,0.656185,-0.132368,0.760363,1.118505,0.952496,0.515452,0.342850,0.175937,0.444559,0.407657,0.949466,0.478012,0.135003",,
362,53934,500.0,315.68,0.026299073226181958,0.19593508197227494,221.70832228660583,5392,"104.520950,106.924423","-0.132736,0.373518,1.451480,0.836360,1.470433,0.130784,0.013725,0.658270,-0.124935,0.764335,1.112941,0.952867,0.509489,0.341389,0.182714,0.445382,0.403071,0.947141,0.481735,0.137368",,
363,53989,500.0,315.68,0.026036082493920136,0.21920403194380925,221.92126178741455,5397,"104.551971,106.928551","-0.131465,0.372998,1.450887,0.836011,1.470109,0.131892,0.012267,0.658430,-0.123146,0.765672,1.111789,0.952994,0.509379,0.340996,0.184005,0.445299,0.402878,0.947574,0.481431,0.138050",,
364,55284,500.0,315.68,0.025775721668980935,0.25518135734135283,227.08216452598572,5527,"104.205017,106.666748","-0.123520,0.367191,1.458112,0.831021,1.466893,0.129438,0.001906,0.665230,-0.106951,0.779189,1.100942,0.947986,0.508688,0.339626,0.200000,0.448395,0.395752,0.942848,0.486627,0.138683",,
365,55635,500.0,316.87,0.025517964452291125,0.2939828061289154,228.4334876537323,5562,"104.126480,106.561859","-0.123421,0.366929,1.460095,0.832285,1.466583,0.128320,-0.000384,0.670499,-0.103706,0.779785,1.099581,0.948046,0.505301,0.339706,0.205948,0.448263,0.394320,0.943931,0.489211,0.137814",,
366,56314,500.0,316.87,0.025262784807768213,0.305041617276147,231.13388752937317,5630,"104.242523,106.675056","-0.116832,0.361805,1.462807,0.831639,1.460607,0.129877,-0.010406,0.671481,-0.091163,0.790799,1.089227,0.947305,0.500189,0.336221,0.215246,0.448067,0.389628,0.943887,0.493697,0.139101",,
367,56977,500.0,316.87,0.025010156959690534,0.3462358835013583,233.6844298839569,5696,"104.143898,106.607185","-0.110890,0.359441,1.463909,0.830164,1.456702,0.130719,-0.017006,0.674720,-0.083274,0.795946,1.082364,0.945789,0.498209,0.335005,0.224635,0.452002,0.384687,0.943717,0.496965,0.138284",,
368,56992,500.0,316.87,0.024760055390093627,0.3480400845082477,233.75858330726624,5698,"104.157967,106.612823","-0.110245,0.359309,1.464168,0.830269,1.456306,0.131053,-0.017701,0.674641,-0.082086,0.796711,1.081779,0.945950,0.497957,0.334882,0.225424,0.452126,0.384513,0.943581,0.497213,0.138354",,
369,57383,500.0,316.87,0.02451245483619269,0.3237509544380009,235.27501559257507,5737,"104.113762,106.547737","-0.103891,0.356455,1.466767,0.830503,1.453394,0.134169,-0.024349,0.675958,-0.071701,0.804502,1.075594,0.946752,0.496290,0.334218,0.233303,0.453879,0.381698,0.942614,0.497990,0.139061",,
370,57614,162.0,316.96,0.024267330287830763,0.328087000742089,236.23075532913208,5760,"104.016258,106.462158","-0.104023,0.356748,1.469913,0.829560,1.453627,0.126589,-0.024876,0.677279,-0.070393,0.805461,1.071582,0.946901,0.496122,0.334042,0.234914,0.454340,0.376608,0.940177,0.502255,0.138141",,
371,57645,251.0,316.86,0.024024656984952455,0.3285018896241672,236.35555410385132,5763,"103.994385,106.467354","-0.104092,0.356622,1.471389,0.829367,1.453567,0.125996,-0.024953,0.677404,-0.069950,0.806624,1.070679,0.946638,0.495769,0.334132,0.235781,0.454305,0.375793,0.940481,0.503661,0.138166",,
372,57740,476.0,316.62,0.02378441041510293,0.3298619775264524,236.7497591972351,5773,"103.990303,106.505852","-0.104206,0.355874,1.474607,0.829017,1.453261,0.124210,-0.025441,0.677857,-0.068859,0.808985,1.068134,0.946167,0.494878,0.333840,0.237609,0.454213,0.373114,0.940962,0.506991,0.138266",,
373,57987,500.0,316.62,0.0235465663109519,0.2667654596851207,237.71298003196716,5797,"103.954254,106.510139","-0.104694,0.354557,1.476624,0.829112,1.454365,0.121801,-0.024530,0.679373,-0.070216,0.808766,1.066963,0.945338,0.493727,0.333140,0.237558,0.454823,0.368716,0.939442,0.509899,0.140409",,
374,58058,347.0,315.09,0.02331110064784238,0.23653179907239974,237.9867022037506,5804,"103.977882,106.465698","-0.105163,0.354571,1.477445,0.828655,1.455323,0.120603,-0.023859,0.680891,-0.070056,0.807793,1.067174,0.945400,0.493835,0.333326,0.237666,0.455823,0.367950,0.938825,0.510375,0.140268",,
375,59169,272.0,312.81,0.02307798964136396,0.13306027630576864,242.32896614074707,5915,"104.252975,106.582367","-0.108341,0.351691,1.487615,0.824166,1.454296,0.117632,-0.027518,0.683773,-0.065597,0.813535,1.059032,0.944929,0.486782,0.332805,0.246163,0.457108,0.354809,0.939327,0.519690,0.136936",,
376,59560,196.0,309.77,0.022847209744950317,0.10316649415995925,244.1104919910431,5955,"104.235481,106.556320","-0.107121,0.350813,1.490757,0.824700,1.450190,0.121236,-0.028599,0.687851,-0.061476,0.813488,1.059744,0.945925,0.483681,0.332855,0.251527,0.462486,0.351048,0.936333,0.521107,0.134046",,
377,59991,297.0,307.74,0.022618737647500813,0.13269248545868323,245.88468170166016,5998,"104.125298,106.414795","-0.108019,0.350325,1.491229,0.826124,1.451074,0.119594,-0.027573,0.690599,-0.064166,0.811268,1.061010,0.945815,0.481648,0.331931,0.253588,0.464803,0.348745,0.937236,0.522342,0.136094",,
378,60974,500.0,308.27,0.022392550271025807,0.22959422684973105,249.86506915092468,6096,"103.947403,106.254051","-0.113752,0.347193,1.492023,0.831404,1.460672,0.116834,-0.023558,0.696404,-0.070049,0.807597,1.066133,0.953224,0.482126,0.331594,0.261845,0.466523,0.344934,0.935306,0.527474,0.144184",,
379,61381,500.0,308.27,0.022168624768315548,0.24863838154822587,251.48068642616272,6137,"104.065559,106.215004","-0.116646,0.345676,1.494124,0.828510,1.461652,0.116650,-0.019998,0.700969,-0.071733,0.804566,1.069722,0.950300,0.479505,0.332186,0.264722,0.470655,0.341328,0.933856,0.528997,0.142023",,
380,61644,500.0,310.0,0.021946938520632394,0.24408677817322313,252.51741862297058,6163,"104.096214,106.239105","-0.116509,0.346029,1.492661,0.828146,1.457754,0.117098,-0.020517,0.700881,-0.073528,0.802896,1.070506,0.951364,0.478749,0.332315,0.264893,0.471965,0.339742,0.931936,0.528443,0.139048",,
381,61739,500.0,313.1,0.02172746913542607,0.21690721655497328,252.8749451637268,6172,"104.062691,106.197876","-0.116602,0.346085,1.492480,0.829292,1.457265,0.117651,-0.020198,0.702258,-0.073972,0.802553,1.071413,0.952450,0.478075,0.332403,0.265691,0.473227,0.339729,0.931723,0.528348,0.139513",,
382,62058,500.0,313.1,0.021510194444071807,0.17944552177097647,254.13469529151917,6204,"104.066544,106.185669","-0.116526,0.345506,1.495274,0.829292,1.453974,0.116865,-0.020159,0.704405,-0.073855,0.803321,1.070933,0.953933,0.475276,0.332578,0.268162,0.475236,0.336658,0.933344,0.529837,0.139141",,
383,63169,500.0,315.9,0.021295092499631088,0.33032732572988605,258.60273361206055,6315,"103.982346,106.014114","-0.117740,0.340898,1.494949,0.833716,1.457372,0.125179,-0.020069,0.712853,-0.077249,0.802744,1.073234,0.957161,0.470274,0.328432,0.279177,0.481248,0.334638,0.931558,0.534076,0.143580",,
384,63272,287.0,314.78,0.02108214157463478,0.3409544466540683,259.0128755569458,6326,"103.962463,106.005005","-0.117579,0.341128,1.495895,0.833332,1.456805,0.123973,-0.020429,0.713590,-0.076491,0.802907,1.071837,0.957536,0.469349,0.327809,0.279790,0.481946,0.333449,0.931687,0.534940,0.142652",,
385,63559,500.0,314.78,0.02087132015888843,0.3735020767885726,260.116854429245,6354,"103.967964,106.003181","-0.117383,0.339161,1.497310,0.834322,1.456223,0.122454,-0.021133,0.714013,-0.078016,0.803604,1.069335,0.958315,0.468509,0.326012,0.280196,0.481964,0.333340,0.931101,0.536086,0.144093",,
386,63990,500.0,318.03,0.020662606957299545,0.47713785443571394,261.8088674545288,6398,"103.961205,106.004601","-0.117626,0.338703,1.499150,0.834481,1.454125,0.120140,-0.020652,0.708246,-0.079299,0.804428,1.068534,0.959928,0.467092,0.326140,0.279106,0.482954,0.332373,0.929101,0.537237,0.143317",,
387,64285,330.0,319.37,0.02045598088772655,0.49113288745400496,262.996643781662,6427,"103.992699,106.007729","-0.116918,0.336340,1.500892,0.834626,1.450315,0.121569,-0.021911,0.707757,-0.078073,0.807439,1.067160,0.960268,0.465355,0.325421,0.280842,0.482466,0.331423,0.928802,0.538007,0.143224",,
388,64292,364.0,320.06,0.020251421078849283,0.49101135578122923,263.0285747051239,6428,"103.985611,106.022911","-0.116931,0.336197,1.501029,0.834685,1.450305,0.121843,-0.021825,0.708110,-0.077933,0.807362,1.067227,0.960136,0.465253,0.325359,0.281039,0.482532,0.331470,0.928804,0.537991,0.143309",,
389,65739,500.0,321.14,0.02004890686806079,0.37218904464505614,268.6748032569885,6572,"104.212158,106.109650","-0.113658,0.335983,1.503305,0.831483,1.439275,0.120557,-0.023883,0.717427,-0.077654,0.807702,1.064796,0.959905,0.450194,0.320417,0.291458,0.490765,0.318672,0.930439,0.542520,0.144101",,
390,66058,500.0,321.14,0.019848417799380184,0.30877450741129,269.81548595428467,6604,"104.208420,106.043106","-0.112371,0.333926,1.505761,0.834861,1.439821,0.121078,-0.027157,0.717302,-0.073066,0.810795,1.061896,0.961630,0.450882,0.318144,0.293218,0.490652,0.318526,0.931969,0.545299,0.144171",,
391,66457,270.0,321.58,0.01964993362138638,0.2378910811478272,271.2893810272217,6644,"104.218033,106.069496","-0.111387,0.331920,1.506490,0.837078,1.440877,0.122273,-0.029332,0.716157,-0.070477,0.811592,1.060604,0.963055,0.454871,0.316907,0.295072,0.491190,0.317541,0.932755,0.546156,0.143097",,
392,67168,500.0,322.81,0.019453434285172516,0.3624531052494422,273.86544370651245,6715,"104.204117,105.996872","-0.110681,0.330778,1.507037,0.843035,1.443896,0.132010,-0.029146,0.728755,-0.065265,0.805743,1.063112,0.964671,0.446736,0.313313,0.306247,0.500728,0.317851,0.928676,0.551835,0.139576",,
393,67271,500.0,326.12,0.01925889994232079,0.3373393982974812,274.24052453041077,6726,"104.267609,105.990471","-0.109866,0.330722,1.507123,0.843476,1.441109,0.133661,-0.028540,0.729504,-0.066589,0.804046,1.064164,0.964716,0.444963,0.313068,0.306946,0.502905,0.317826,0.928980,0.552449,0.138014",,
394,67558,500.0,326.12,0.019066310942897582,0.30735217141220345,275.22447061538696,6754,"104.282974,106.023109","-0.108657,0.330770,1.506768,0.843593,1.439650,0.135026,-0.028891,0.729527,-0.067352,0.802580,1.064373,0.966209,0.445430,0.312452,0.307486,0.503819,0.318297,0.929183,0.552430,0.136897",,
395,67989,500.0,329.45,0.01887564783346861,0.30593102778540926,276.72849440574646,6797,"104.264320,105.961838","-0.107854,0.329671,1.510667,0.846474,1.440296,0.139611,-0.026171,0.736479,-0.061979,0.796839,1.066636,0.965523,0.442222,0.311092,0.311227,0.510311,0.320343,0.928567,0.554480,0.135750",,
396,68052,289.0,330.57,0.018686891355133923,0.3067945988290012,276.99795937538147,6804,"104.255074,105.927162","-0.107946,0.329819,1.510704,0.847354,1.440781,0.140375,-0.025980,0.736636,-0.061814,0.795905,1.067139,0.966491,0.442369,0.311230,0.312050,0.510877,0.321517,0.928592,0.555054,0.135013",,
397,68283,500.0,332.16,0.01850002244158258,0.30658782840473575,277.84828662872314,6827,"104.261497,105.947273","-0.107728,0.328687,1.510780,0.848629,1.441977,0.143002,-0.025658,0.736988,-0.061642,0.795188,1.067910,0.968107,0.443092,0.310836,0.313557,0.511669,0.324648,0.929426,0.554755,0.135365",,
398,69890,340.0,330.56,0.018315022217166757,0.2024713013553992,283.95653438568115,6988,"104.191338,105.911972","-0.104537,0.326002,1.512463,0.847527,1.434350,0.149392,-0.022411,0.750491,-0.058955,0.783694,1.072155,0.975058,0.434999,0.310076,0.318252,0.522657,0.324955,0.928263,0.552125,0.136049",,
399,70057,500.0,333.84,0.018131871994995087,0.20056485176086425,284.5996654033661,7004,"104.217445,105.907501","-0.104662,0.325569,1.512380,0.846626,1.433636,0.149705,-0.022645,0.749094,-0.058378,0.783483,1.072108,0.975184,0.435051,0.310176,0.318116,0.522006,0.324003,0.928554,0.551632,0.136117",460.2,79.6
400,70456,500.0,336.32,0.017950553275045137,0.2605133179831319,286.15856075286865,7044,"104.317810,105.950668","-0.103592,0.323558,1.512467,0.846547,1.430241,0.151034,-0.023585,0.749043,-0.060433,0.783558,1.071935,0.975236,0.432531,0.308916,0.318139,0.522474,0.323542,0.929156,0.551404,0.137468",,
401,70631,293.0,337.19,0.017771047742294686,0.24701815985841677,286.8762803077698,7062,"104.294640,105.905457","-0.103295,0.323017,1.513320,0.846858,1.429581,0.151706,-0.023042,0.749901,-0.059431,0.782810,1.072355,0.975601,0.432275,0.308612,0.318767,0.523797,0.323731,0.930302,0.551204,0.137716",,
402,71270,500.0,340.79,0.01759333726487174,0.24744401037809438,289.57900404930115,7126,"104.237892,105.923592","-0.101307,0.323506,1.513706,0.846685,1.422450,0.157529,-0.020840,0.754206,-0.056474,0.774150,1.074025,0.978152,0.428211,0.308531,0.320560,0.531799,0.323080,0.930561,0.551051,0.132998",,
403,71557,500.0,344.24,0.017417403892223023,0.2667030418210197,290.7715735435486,7154,"104.185654,105.863129","-0.101345,0.322607,1.514595,0.847183,1.421684,0.163358,-0.019147,0.758048,-0.053314,0.769781,1.076409,0.977842,0.427796,0.308613,0.323964,0.533648,0.322917,0.930645,0.551727,0.130964",,
404,71988,500.0,346.38,0.01724322985330079,0.2527784972253721,292.53998613357544,7197,"104.199623,105.809349","-0.100734,0.321780,1.514229,0.849183,1.422051,0.164596,-0.019004,0.761958,-0.049345,0.767080,1.077160,0.979131,0.428874,0.307341,0.326041,0.534946,0.325221,0.932087,0.550365,0.131977",,
405,72051,500.0,349.76,0.017070797554767782,0.25470595952006986,292.83696699142456,7204,"104.158394,105.787857","-0.100200,0.321995,1.514394,0.849583,1.421364,0.164280,-0.018935,0.762568,-0.048723,0.766258,1.077314,0.980016,0.428547,0.307353,0.326313,0.536132,0.325558,0.932402,0.550018,0.131677",,
406,73554,387.0,351.76,0.016900089579220106,0.29777965320739896,298.7957911491394,7354,"104.094872,105.748352","-0.098385,0.320587,1.514905,0.854405,1.415327,0.165072,-0.018026,0.774938,-0.042747,0.760015,1.079473,0.984641,0.424189,0.304380,0.331804,0.538909,0.335164,0.938111,0.543432,0.138694",,
407,73569,367.0,353.71,0.016731088683427903,0.2978453322965652,298.85873579978943,7355,"104.088264,105.752594","-0.098410,0.320565,1.514909,0.854443,1.415405,0.165197,-0.018031,0.775128,-0.042608,0.759939,1.079483,0.984701,0.424299,0.304308,0.331830,0.538907,0.335156,0.938098,0.543400,0.138636",,
408,73664,451.0,356.8,0.016563777796593626,0.3175728026218712,299.2582585811615,7365,"104.069061,105.697975","-0.098579,0.320584,1.515514,0.855539,1.415910,0.165417,-0.016988,0.776357,-0.042868,0.759327,1.079867,0.985629,0.424218,0.303534,0.332442,0.539004,0.335626,0.938025,0.543479,0.137980",,
409,73887,500.0,359.21,0.016398140018627688,0.3341613847389817,300.1646008491516,7387,"104.081749,105.701851","-0.097441,0.319458,1.515872,0.857206,1.413457,0.167767,-0.015933,0.777829,-0.043829,0.758686,1.081065,0.985733,0.421223,0.303042,0.334021,0.540869,0.337817,0.938029,0.543204,0.137911",,
410,75270,500.0,362.52,0.01623415861844141,0.253356621946441,305.77002716064453,7526,"104.001175,105.518867","-0.096372,0.319557,1.520031,0.855460,1.410766,0.173505,-0.005855,0.791870,-0.046222,0.747302,1.086727,0.986946,0.407272,0.303924,0.343879,0.549782,0.344675,0.934245,0.540274,0.137196",,
411,75557,500.0,366.09,0.016071817032256998,0.2506118359661195,306.87009048461914,7554,"104.031792,105.475204","-0.098015,0.319637,1.519920,0.854384,1.408831,0.172922,-0.001453,0.793855,-0.048334,0.745449,1.088005,0.987403,0.402303,0.303431,0.345086,0.549224,0.344071,0.934141,0.540280,0.136410",,
412,75988,500.0,369.42,0.015911098861934425,0.1966797710058745,308.59578680992126,7597,"103.974129,105.477730","-0.096449,0.319135,1.519479,0.854134,1.404666,0.174163,-0.001195,0.794927,-0.048732,0.743252,1.087849,0.988940,0.400678,0.302952,0.344362,0.550581,0.343752,0.934532,0.539420,0.135933",,
413,76051,500.0,372.83,0.015751987873315082,0.19568405030178837,308.8650984764099,7604,"103.962250,105.436264","-0.096170,0.319218,1.519347,0.854391,1.403826,0.174882,-0.001079,0.795371,-0.049071,0.742544,1.088037,0.989482,0.400194,0.303122,0.344462,0.550783,0.344101,0.934564,0.539531,0.135725",,
414,77554,500.0,375.88,0.015594467994581931,0.15671307651442476,314.7359004020691,7754,"103.915871,105.388802","-0.091319,0.317694,1.526436,0.869789,1.398585,0.181148,-0.003480,0.803392,-0.056127,0.732226,1.092090,0.995094,0.396158,0.297981,0.352007,0.560397,0.352877,0.928892,0.540200,0.134940",,
415,77569,500.0,379.84,0.015438523314636111,0.1567847762571182,314.7807652950287,7755,"103.912758,105.395966","-0.091355,0.317750,1.526538,0.869855,1.398451,0.181134,-0.003395,0.803467,-0.056020,0.732070,1.092135,0.995111,0.396057,0.297973,0.352059,0.560521,0.352782,0.928900,0.540274,0.134826",,
416,77664,500.0,383.18,0.01528413808148975,0.12669850447913633,315.1704397201538,7765,"103.953674,105.399590","-0.090605,0.318245,1.526768,0.870183,1.396254,0.180327,-0.003337,0.803755,-0.055434,0.731153,1.092107,0.995350,0.395014,0.298015,0.351866,0.561086,0.352192,0.929020,0.540325,0.134419",,
417,77887,500.0,385.77,0.015131296700674854,0.15785352880135178,316.0321319103241,7787,"103.970779,105.408905","-0.089002,0.317371,1.526577,0.869124,1.394249,0.180459,-0.003832,0.804260,-0.057085,0.731058,1.091687,0.995209,0.392838,0.297418,0.351254,0.561198,0.353996,0.929900,0.539805,0.136563",,
418,79270,500.0,389.48,0.014979983733668104,0.1776532234827755,321.9465010166168,7926,"103.949455,105.361557","-0.090960,0.320431,1.526167,0.872924,1.387160,0.178117,0.001294,0.803113,-0.061394,0.723045,1.094204,0.998782,0.384373,0.295704,0.354141,0.559984,0.357656,0.928817,0.536922,0.134795",,
419,79557,500.0,393.53,0.014830183896331423,0.1759390141192125,323.1141211986542,7954,"103.974312,105.317818","-0.090688,0.320401,1.527772,0.873219,1.385415,0.180999,0.003523,0.804488,-0.060188,0.719426,1.095849,0.999139,0.383145,0.296402,0.356303,0.562647,0.357070,0.927684,0.536997,0.133389",,
420,79988,500.0,397.37,0.014681882057368109,0.17504660292586777,324.8532507419586,7997,"104.028152,105.419273","-0.091833,0.319893,1.527507,0.874501,1.382428,0.181018,0.003615,0.803275,-0.060008,0.718710,1.095677,1.000467,0.381946,0.295634,0.356147,0.561276,0.356289,0.927282,0.536609,0.136477",,
421,80051,500.0,400.05,0.014535063236794427,0.1738336366560543,325.13262915611267,8004,"104.065308,105.431679","-0.091803,0.319756,1.527460,0.874141,1.382100,0.181085,0.003626,0.802784,-0.059837,0.718720,1.095655,1.000268,0.382347,0.295534,0.356110,0.561172,0.356156,0.927659,0.536497,0.136500",,
422,81554,500.0,403.72,0.014389712604426484,0.2301628291880479,331.35143756866455,8154,"104.069023,105.362099","-0.093836,0.318691,1.530163,0.874562,1.375919,0.181520,0.010933,0.805235,-0.065028,0.714703,1.098865,1.003109,0.369026,0.293883,0.359630,0.563194,0.354545,0.930361,0.533038,0.136277",,
423,81569,500.0,407.2,0.014245815478382218,0.26130366759898604,331.4034831523895,8155,"104.062904,105.360138","-0.093938,0.318730,1.530180,0.874581,1.375967,0.181489,0.010988,0.805275,-0.065049,0.714632,1.098893,1.003163,0.369020,0.293854,0.359671,0.563182,0.354429,0.930452,0.533074,0.136250",,
424,81664,500.0,410.92,0.014103357323598397,0.23038678384677042,331.8338077068329,8165,"104.038322,105.365578","-0.094451,0.318664,1.530266,0.874688,1.375619,0.181665,0.011269,0.805449,-0.065350,0.714311,1.099029,1.003472,0.368896,0.293543,0.359870,0.563057,0.353356,0.931324,0.533191,0.136084",,
425,81887,500.0,414.55,0.013962323750362412,0.2602709272224456,332.7272083759308,8187,"104.055122,105.346352","-0.095267,0.318179,1.530288,0.873420,1.375973,0.182792,0.011461,0.805899,-0.065402,0.714141,1.099116,1.002790,0.368092,0.292805,0.360055,0.563114,0.352659,0.931509,0.533053,0.136064",,
426,83166,389.0,417.28,0.013822700512858787,0.21176549415278714,338.0187015533447,8315,"104.221291,105.439522","-0.100557,0.320528,1.529059,0.870807,1.375464,0.191608,0.019402,0.811169,-0.063597,0.701109,1.105217,1.004110,0.360803,0.293455,0.370129,0.571646,0.346172,0.930292,0.538378,0.129087",,
427,83269,500.0,420.76,0.013684473507730199,0.21252862379944418,338.4459910392761,8325,"104.257347,105.382057","-0.099556,0.320792,1.529991,0.870315,1.374760,0.191828,0.020569,0.812210,-0.062710,0.699332,1.105748,1.004227,0.360020,0.293535,0.370691,0.573692,0.345928,0.930190,0.538401,0.128712",,
428,83556,500.0,421.29,0.013547628772652897,0.16751623095769902,339.544798374176,8354,"104.259735,105.371063","-0.097195,0.321126,1.530013,0.869361,1.372663,0.191391,0.020342,0.812174,-0.060839,0.697187,1.105647,1.005127,0.360607,0.293359,0.370017,0.575028,0.346141,0.930811,0.537369,0.128378",,
429,83987,500.0,424.6,0.013412152484926368,0.0927386895462405,341.2356586456299,8397,"104.267227,105.381226","-0.096430,0.321215,1.529688,0.868042,1.372187,0.190115,0.020084,0.812195,-0.061837,0.696308,1.105558,1.005229,0.362014,0.292183,0.370295,0.574641,0.344619,0.929973,0.536744,0.129305",,
430,84250,337.0,426.34,0.013278030960077104,0.0980283766129287,342.30959129333496,8424,"104.323219,105.441360","-0.094829,0.322080,1.530813,0.867063,1.369778,0.188425,0.021341,0.813653,-0.060914,0.692926,1.106041,1.006297,0.360685,0.291974,0.370776,0.577521,0.342268,0.931208,0.536447,0.129437",,
431,84281,327.0,428.01,0.013145250650476333,0.09752760837378446,342.47234320640564,8427,"104.339859,105.431694","-0.094744,0.322191,1.530937,0.866990,1.369604,0.188210,0.021473,0.813644,-0.060714,0.692632,1.106112,1.006392,0.360707,0.292020,0.370850,0.577713,0.342024,0.931374,0.536409,0.129397",,
432,85312,428.0,429.6,0.01301379814397157,0.17572730119980406,346.5826766490936,8530,"104.285049,105.364342","-0.093122,0.320933,1.537112,0.862017,1.369072,0.189440,0.030395,0.820556,-0.053679,0.683130,1.111132,1.005775,0.355868,0.292340,0.377625,0.588981,0.338617,0.929648,0.536197,0.131289",,
433,85567,500.0,432.75,0.012883660162531854,0.24022895794769283,347.5737884044647,8555,"104.307770,105.418877","-0.092035,0.320432,1.537181,0.860869,1.367148,0.189404,0.029503,0.820582,-0.053690,0.683052,1.110203,1.004932,0.355399,0.291937,0.376996,0.588919,0.337563,0.929391,0.534326,0.131916",,
434,85894,341.0,434.16,0.012754823560906535,0.24656604955962394,348.97096133232117,8588,"104.292267,105.370323","-0.090911,0.318891,1.538252,0.859075,1.367797,0.189507,0.030811,0.821466,-0.053431,0.681026,1.110503,1.006236,0.355076,0.291986,0.377225,0.591639,0.338307,0.928898,0.531790,0.132473",,
435,87269,500.0,436.87,0.01262727532529747,0.2624505919974763,354.60555243492126,8725,"104.419434,105.561455","-0.088020,0.320295,1.539084,0.854745,1.354287,0.187126,0.030401,0.823465,-0.051208,0.667496,1.109155,1.012075,0.347007,0.289119,0.374796,0.599210,0.329012,0.926262,0.523829,0.131622",,
436,87556,500.0,439.35,0.012501002572044496,0.20005979614914396,355.80713272094727,8754,"104.446777,105.527481","-0.088388,0.320525,1.539072,0.854641,1.354542,0.187225,0.033010,0.825552,-0.051985,0.663716,1.110912,1.012322,0.343126,0.289184,0.376761,0.602248,0.329443,0.925530,0.522243,0.131188",,
437,87987,500.0,440.77,0.01237599254632405,0.19228764612111263,357.56094884872437,8797,"104.374367,105.480392","-0.090285,0.320118,1.539897,0.853679,1.355028,0.188476,0.032950,0.825438,-0.051945,0.661937,1.110421,1.013394,0.343217,0.287927,0.377958,0.602738,0.326670,0.926508,0.520738,0.130343",,
438,88250,500.0,443.08,0.012252232620860809,0.18939472274156288,358.7384707927704,8824,"104.414337,105.465858","-0.089879,0.319442,1.539893,0.852616,1.353686,0.188970,0.033019,0.824731,-0.052387,0.661508,1.110472,1.013155,0.344146,0.287392,0.378255,0.602666,0.324262,0.925954,0.520529,0.130151",,
439,88281,500.0,444.4,0.012129710294652202,0.15944358316482976,358.8509724140167,8827,"104.398506,105.480049","-0.089944,0.319402,1.539899,0.852473,1.353517,0.188944,0.033031,0.824565,-0.052141,0.661425,1.110497,1.013154,0.344340,0.287351,0.378297,0.602660,0.323921,0.925938,0.520514,0.130043",,
440,89312,500.0,445.62,0.01200841319170568,0.1429910945892334,363.0104832649231,8930,"104.430305,105.574959","-0.086506,0.318754,1.543227,0.847972,1.346321,0.190273,0.036819,0.830865,-0.051534,0.649529,1.110796,1.017988,0.330714,0.285714,0.377840,0.614982,0.319942,0.927357,0.512381,0.134868",,
441,89567,500.0,445.62,0.011888329059788622,0.1706388200633228,364.039288520813,8955,"104.512627,105.606956","-0.086628,0.319021,1.544271,0.846227,1.346006,0.189915,0.037373,0.831145,-0.049934,0.646356,1.111589,1.017847,0.329419,0.285368,0.377170,0.616999,0.320020,0.926917,0.510342,0.133986",,
442,89598,463.0,447.5,0.011769445769190735,0.170696261045523,364.16209506988525,8958,"104.508438,105.625496","-0.086692,0.319055,1.544284,0.846136,1.346040,0.189831,0.037375,0.831180,-0.049813,0.646120,1.111547,1.017944,0.329419,0.285278,0.377078,0.617083,0.319961,0.926906,0.510188,0.133953",,
443,91269,500.0,447.5,0.011651751311498829,0.2315285557147581,370.9519555568695,9125,"104.833466,105.946030","-0.089412,0.318884,1.545032,0.840187,1.322713,0.182836,0.039648,0.835817,-0.052073,0.627145,1.106192,1.019594,0.302869,0.282314,0.372071,0.626053,0.311488,0.928091,0.503227,0.132724",,
444,91556,500.0,447.5,0.01153523379838384,0.23259585439111105,372.11429142951965,9154,"104.864250,106.008850","-0.091559,0.320321,1.545392,0.840620,1.321755,0.180540,0.041045,0.837450,-0.051616,0.623440,1.106012,1.022258,0.297263,0.282216,0.372722,0.627659,0.311903,0.929218,0.504170,0.132766",,
445,91987,500.0,449.05,0.011419881460400001,0.2471255758474581,373.8647654056549,9197,"104.981781,106.097122","-0.095100,0.321836,1.547948,0.839555,1.316210,0.174382,0.044840,0.837823,-0.046686,0.618864,1.104722,1.021355,0.288025,0.281907,0.373594,0.630515,0.308849,0.930430,0.504812,0.130122",,
446,92250,500.0,449.05,0.011305682645796001,0.21761971580330283,374.9486060142517,9224,"105.099014,106.270943","-0.096214,0.320569,1.547736,0.837281,1.308294,0.172227,0.044765,0.836380,-0.046298,0.618716,1.100310,1.019830,0.280741,0.279369,0.371662,0.630025,0.307495,0.930899,0.503456,0.130548",,
447,92281,500.0,449.05,0.011192625819338041,0.21812007792061194,375.0610308647156,9227,"105.100800,106.283173","-0.096332,0.320490,1.547760,0.837116,1.307865,0.172041,0.044771,0.836251,-0.046073,0.618749,1.100137,1.019696,0.280422,0.279198,0.371682,0.630007,0.307300,0.931134,0.503476,0.130470",,
448,93312,500.0,449.05,0.011080699561144661,0.2535256151482463,379.2763590812683,9330,"105.000504,106.209076","-0.101666,0.314373,1.550563,0.834208,1.303361,0.168061,0.057471,0.840108,-0.052087,0.614635,1.103229,1.023683,0.262494,0.277738,0.376700,0.636213,0.305653,0.934103,0.504476,0.129727",,
449,93567,500.0,451.91,0.010969892565533214,0.2666909344308078,380.4226429462433,9355,"104.995186,106.197144","-0.101364,0.313749,1.550716,0.833750,1.300883,0.165356,0.059587,0.841588,-0.056708,0.613744,1.104306,1.025405,0.258262,0.276893,0.377590,0.637335,0.304395,0.934166,0.504231,0.130216",500.0,0.0
450,93598,500.0,451.91,0.010860193639877882,0.2683416527044028,380.53824520111084,9358,"104.995285,106.215469","-0.101382,0.313507,1.550505,0.833548,1.300254,0.165877,0.060003,0.841593,-0.056675,0.613743,1.104616,1.025144,0.257638,0.276906,0.378132,0.637487,0.304350,0.934289,0.504580,0.130068",,
451,95269,500.0,455.01,0.010751591703479103,0.3090473709616344,386.43747544288635,9525,"105.063454,106.274559","-0.097531,0.313738,1.555796,0.829843,1.280394,0.169370,0.061356,0.845725,-0.063706,0.604589,1.100002,1.028509,0.230647,0.272850,0.376648,0.644082,0.307733,0.937128,0.496347,0.129424",,
452,95556,500.0,455.01,0.010644075786444312,0.3065414029522799,387.5169599056244,9554,"105.087807,106.306473","-0.097550,0.314372,1.555954,0.829670,1.273472,0.167788,0.060935,0.844894,-0.065113,0.603880,1.099064,1.028567,0.225691,0.272227,0.376273,0.643330,0.306685,0.935800,0.496317,0.129082",,
453,95987,500.0,455.01,0.01053763502857987,0.2544188079301966,389.14856791496277,9597,"105.092896,106.298653","-0.097386,0.314466,1.555626,0.829300,1.266716,0.167942,0.060544,0.843328,-0.064059,0.602934,1.099168,1.029091,0.225313,0.271940,0.376343,0.642440,0.304599,0.935048,0.496534,0.127457",,
454,96250,500.0,455.01,0.01043225867829407,0.25209843905933665,390.153146982193,9624,"105.189964,106.348526","-0.096558,0.313256,1.555216,0.829530,1.259921,0.170926,0.060089,0.843144,-0.063907,0.601691,1.098302,1.028853,0.225038,0.270543,0.374934,0.641705,0.305232,0.936191,0.496931,0.126536",,
455,96281,500.0,455.01,0.01032793609151113,0.22069922994181979,390.2664587497711,9627,"105.200256,106.353706","-0.096470,0.313143,1.555343,0.829433,1.258653,0.170476,0.059905,0.842980,-0.063796,0.601734,1.097809,1.028513,0.224369,0.270240,0.374467,0.641553,0.305224,0.936140,0.496824,0.126490",,
456,97312,500.0,455.01,0.010224656730596018,0.36614616817270873,394.4537808895111,9730,"105.096123,106.262878","-0.095940,0.310843,1.554400,0.826672,1.244578,0.167271,0.058535,0.839757,-0.064191,0.599659,1.090712,1.028571,0.220968,0.266689,0.368144,0.639800,0.303007,0.934882,0.494306,0.125685",,
457,97567,500.0,455.01,0.010122410163290057,0.45795504890207667,395.55491161346436,9755,"105.024208,106.246246","-0.096056,0.310073,1.553952,0.826089,1.243078,0.167248,0.059181,0.838615,-0.065413,0.601039,1.089032,1.029054,0.220497,0.266557,0.368107,0.638868,0.302931,0.935085,0.493944,0.125971",,
458,97598,500.0,455.01,0.010021186061657156,0.4579331611489761,395.7162380218506,9758,"105.018906,106.230286","-0.096100,0.310116,1.553863,0.826096,1.242946,0.167046,0.059316,0.838592,-0.065428,0.601103,1.088701,1.029246,0.220596,0.266619,0.368084,0.638800,0.303016,0.935029,0.493930,0.126011",,
459,99269,500.0,458.52,0.01,0.3187218339004903,403.11020588874817,9925,"104.914650,106.182945","-0.097229,0.306633,1.552060,0.824100,1.228820,0.165735,0.058354,0.835413,-0.066504,0.602194,1.080083,1.027644,0.220462,0.262142,0.363379,0.634804,0.300802,0.935045,0.492094,0.123257",,
460,99556,500.0,461.64,0.01,0.21668483678397024,404.40373826026917,9954,"104.888954,106.164108","-0.096941,0.306507,1.552021,0.824183,1.225730,0.165221,0.058248,0.835251,-0.068499,0.601918,1.080237,1.028234,0.219970,0.261750,0.363454,0.634377,0.299559,0.934374,0.491922,0.123355",,
461,99987,500.0,461.64,0.01,0.213730757109588,406.228547334671,9997,"104.911552,106.155800","-0.097874,0.305848,1.551807,0.824117,1.225411,0.165436,0.058179,0.834423,-0.068381,0.600936,1.080262,1.028106,0.220438,0.261598,0.362747,0.633998,0.298213,0.934687,0.491222,0.122720",,
462,100250,500.0,461.64,0.01,0.18177103380323387,407.4074583053589,10024,"104.880035,106.158211","-0.097417,0.305168,1.551842,0.823739,1.222981,0.165500,0.058257,0.834462,-0.069741,0.601251,1.080276,1.028021,0.220285,0.261038,0.362836,0.633668,0.297116,0.935287,0.491040,0.123563",,
463,100281,500.0,461.64,0.01,0.18185737537860405,407.54230546951294,10027,"104.879135,106.152641","-0.097367,0.305240,1.551843,0.823739,1.222670,0.165363,0.058247,0.834485,-0.070005,0.601230,1.080281,1.028060,0.220143,0.260991,0.362848,0.633636,0.296969,0.935409,0.491014,0.123535",,
464,101312,500.0,461.64,0.01,0.24431834940070984,412.15125703811646,10130,"104.809097,106.063843","-0.096088,0.305364,1.551341,0.823754,1.213244,0.163206,0.057613,0.832838,-0.077058,0.601803,1.080161,1.029458,0.218481,0.260215,0.362929,0.631442,0.294427,0.934591,0.489670,0.125385",,
465,101567,500.0,461.64,0.01,0.2243766384429182,413.27669739723206,10155,"104.799492,106.060928","-0.095707,0.304377,1.551270,0.822894,1.210546,0.163999,0.057545,0.832761,-0.079283,0.602265,1.080196,1.029184,0.217807,0.259147,0.363071,0.631092,0.293842,0.935208,0.489531,0.126107",,
466,101598,500.0,461.64,0.01,0.22441381443495628,413.4071910381317,10158,"104.794128,106.054741","-0.095713,0.304439,1.551263,0.822850,1.210403,0.163886,0.057539,0.832775,-0.079429,0.602235,1.080204,1.029215,0.217730,0.259071,0.363097,0.631060,0.293770,0.935224,0.489520,0.126101",,
467,103269,500.0,461.64,0.01,0.1362291234449367,420.6786024570465,10325,"104.871681,106.124535","-0.095325,0.306102,1.550871,0.819702,1.201984,0.160769,0.056463,0.829309,-0.083005,0.601655,1.080227,1.027398,0.215773,0.256501,0.363017,0.628758,0.290922,0.933581,0.487627,0.125860",,
468,103556,500.0,461.64,0.01,0.16575599620555295,421.9064495563507,10354,"104.862045,106.163292","-0.095320,0.306349,1.550811,0.819599,1.199795,0.160221,0.056372,0.828112,-0.084664,0.601572,1.080286,1.027246,0.215370,0.256350,0.363052,0.627946,0.290541,0.933638,0.487389,0.126245",,
469,103987,500.0,461.64,0.01,0.16744270777358905,423.9230246543884,10397,"104.890633,106.155869","-0.094882,0.306109,1.550781,0.818664,1.196149,0.160230,0.056026,0.826797,-0.086220,0.601709,1.080250,1.026819,0.214216,0.255118,0.362838,0.627306,0.289656,0.934381,0.486835,0.125918",,
470,104250,500.0,465.02,0.01,0.13864120662386994,425.18209171295166,10424,"104.849213,106.114441","-0.094802,0.306859,1.550559,0.818045,1.194871,0.158659,0.055818,0.826469,-0.086560,0.601279,1.080180,1.027218,0.214235,0.254913,0.362921,0.627136,0.289218,0.934995,0.486559,0.125760",,
471,104281,500.0,467.51,0.01,0.13851892541570124,425.3138086795807,10427,"104.844307,106.106903","-0.094761,0.306917,1.550526,0.818027,1.194644,0.158511,0.055795,0.826389,-0.086711,0.601210,1.080184,1.027260,0.214223,0.254873,0.362969,0.627096,0.289186,0.935118,0.486548,0.125778",,
472,105312,500.0,467.75,0.01,0.22753694571583766,429.82301211357117,10530,"104.757416,106.071556","-0.095444,0.307775,1.550004,0.817373,1.190204,0.156656,0.054731,0.825575,-0.087962,0.599993,1.079727,1.027613,0.213591,0.252665,0.362708,0.626359,0.287148,0.936691,0.485426,0.126109",,
473,105567,500.0,467.75,0.01,0.2581544099302846,430.9931342601776,10555,"104.727882,106.035851","-0.095564,0.308004,1.549910,0.817465,1.189097,0.155943,0.054534,0.825235,-0.088562,0.600084,1.079702,1.027941,0.213292,0.252748,0.362690,0.626069,0.286820,0.936909,0.485189,0.126271",,
474,105598,500.0,469.28,0.01,0.25822042091895125,431.12315917015076,10558,"104.728500,106.032768","-0.095548,0.308018,1.549894,0.817460,1.189015,0.155860,0.054520,0.825199,-0.088715,0.600134,1.079699,1.027955,0.213250,0.252783,0.362700,0.626029,0.286823,0.936889,0.485178,0.126321",,
475,107269,500.0,471.56,0.01,0.2265376277663745,438.2639615535736,10725,"104.667915,105.966080","-0.096475,0.309161,1.549088,0.813821,1.188382,0.151868,0.053419,0.821147,-0.088844,0.600359,1.079825,1.027220,0.215255,0.252068,0.363581,0.623452,0.286292,0.938895,0.484255,0.127749",,
476,107556,500.0,474.6,0.01,0.2266670481825713,439.48925590515137,10754,"104.652893,105.979233","-0.096495,0.309360,1.548977,0.813539,1.188236,0.151449,0.053137,0.820357,-0.088392,0.600167,1.079815,1.027530,0.215972,0.251936,0.363524,0.623168,0.286245,0.939195,0.483920,0.127598",,
477,107987,500.0,476.63,0.01,0.19594036406080703,441.3660569190979,10797,"104.676926,106.000351","-0.096426,0.309368,1.548689,0.812301,1.187245,0.150505,0.052736,0.819997,-0.087876,0.600008,1.079512,1.027122,0.216589,0.251375,0.363390,0.623350,0.286036,0.939926,0.483664,0.127361",,
