episode,total_env_steps,episode_reward,avg_reward_100,epsilon,mean_loss,wall_clock_s,grad_steps,w,lam,eval_mean_reward,eval_std_reward
0,29,29.0,29.0,1.0,1.3021746703556605,0.5251312255859375,14,"2.320521,2.391432","0.987766,0.985794,0.985810,0.985869",,
1,52,23.0,26.0,0.99,1.9730327647665273,1.3723454475402832,37,"4.529654,4.481087","0.990798,0.959314,0.961482,0.959077",,
2,72,20.0,24.0,0.9801,2.661693352460861,2.0839054584503174,57,"6.672424,6.431428","1.004544,0.933859,0.937844,0.931745",,
3,119,47.0,29.75,0.970299,2.714078875298196,3.798729419708252,104,"11.919277,11.587556","1.033989,0.878783,0.886395,0.865742",,
4,142,23.0,28.4,0.96059601,3.4252016648002295,4.612275123596191,127,"14.357375,14.343653","1.015774,0.854390,0.853975,0.834233",,
5,155,13.0,25.833333333333332,0.9509900498999999,3.5012345084777245,5.079177379608154,140,"15.597289,15.875188","1.005511,0.839394,0.835682,0.817749",,
6,182,27.0,26.0,0.941480149401,3.717600932827702,6.11135721206665,167,"18.126036,18.537588","0.978058,0.804400,0.809140,0.783359",,
7,221,39.0,27.625,0.9320653479069899,4.8402313116269235,7.684074878692627,206,"21.606550,22.175657","0.960228,0.763764,0.769600,0.738306",,
8,235,14.0,26.11111111111111,0.9227446944279201,5.671349925654275,8.25421953201294,220,"22.956738,23.454718","0.950925,0.743059,0.754275,0.720766",,
9,256,21.0,25.6,0.9135172474836408,6.729184014456613,9.094973802566528,241,"24.849493,24.959934","0.953012,0.723428,0.742966,0.703967",,
10,272,16.0,24.727272727272727,0.9043820750088044,6.840061083436012,9.69149661064148,257,"26.301107,26.459921","0.942875,0.707249,0.731426,0.687065",,
11,306,34.0,25.5,0.8953382542587164,10.454533296472887,11.118492603302002,291,"28.856005,29.490818","0.935038,0.666277,0.712583,0.658416",,
12,341,35.0,26.23076923076923,0.8863848717161292,6.3000336919512065,12.572713613510132,326,"31.811922,32.636730","0.920116,0.636688,0.686033,0.629542",,
13,359,18.0,25.642857142857142,0.8775210229989678,10.039704455269707,13.212909936904907,344,"33.434910,34.191326","0.907365,0.620292,0.663425,0.611191",,
14,408,49.0,27.2,0.8687458127689782,11.199099324187454,15.224589824676514,393,"37.278816,37.914413","0.897606,0.575158,0.623130,0.572202",,
15,420,12.0,26.25,0.8600583546412884,26.331040402253468,15.721932172775269,405,"37.650993,38.581093","0.901041,0.559504,0.627247,0.566003",,
16,489,69.0,28.764705882352942,0.8514577710948755,13.643878097119538,18.658689260482788,474,"42.660053,42.797005","0.892130,0.494045,0.611336,0.509775",,
17,509,20.0,28.27777777777778,0.8429431933839268,7.940835928916931,19.59322762489319,494,"44.138897,44.365822","0.875908,0.477387,0.606028,0.490924",,
18,523,14.0,27.526315789473685,0.8345137614500875,14.905427421842303,20.24668836593628,508,"44.746483,45.312347","0.866484,0.464520,0.602998,0.483610",,
19,562,39.0,28.1,0.8261686238355866,20.6208320580996,22.012444257736206,547,"46.233051,45.921192","0.873286,0.432005,0.615687,0.484844",,
20,584,22.0,27.80952380952381,0.8179069375972308,28.688472753221337,22.95228385925293,569,"46.458065,46.567165","0.890865,0.412858,0.639270,0.496076",,
21,609,25.0,27.681818181818183,0.8097278682212584,10.546882076263428,24.08507227897644,594,"47.885761,47.827049","0.888207,0.389791,0.645489,0.487832",,
22,645,36.0,28.043478260869566,0.8016305895390459,13.876385698715845,25.708410501480103,630,"49.859177,50.258713","0.882470,0.355805,0.640073,0.468815",,
23,718,73.0,29.916666666666668,0.7936142836436554,18.11620241158629,28.853097677230835,703,"53.135181,53.108131","0.868070,0.291770,0.670810,0.473687",,
24,755,37.0,30.2,0.7856781408072188,25.978250883721017,30.3763427734375,740,"54.105145,53.787201","0.865730,0.263315,0.685878,0.490672",,
25,781,26.0,30.03846153846154,0.7778213593991467,14.430906655696722,31.46179699897766,766,"55.197906,54.600285","0.847479,0.239122,0.686710,0.495677",,
26,809,28.0,29.962962962962962,0.7700431458051551,12.549283176660538,32.689058780670166,794,"57.466518,55.705799","0.822014,0.215138,0.681722,0.487412",,
27,827,18.0,29.535714285714285,0.7623427143471035,17.248785919613308,33.40109705924988,812,"58.143559,57.249817","0.799571,0.191403,0.684897,0.485589",,
28,840,13.0,28.96551724137931,0.7547192872036326,12.642021509317251,33.95290970802307,825,"58.795685,58.170822","0.785631,0.179176,0.688265,0.484358",,
29,883,43.0,29.433333333333334,0.7471720943315961,22.21634475020475,35.81996393203735,868,"60.729073,59.785400","0.740025,0.147570,0.708527,0.504767",,
30,904,21.0,29.161290322580644,0.7397003733882802,12.168823287600564,36.76854062080383,889,"62.428852,60.854836","0.715161,0.133465,0.713175,0.504573",,
31,926,22.0,28.9375,0.7323033696543975,31.276163187893953,37.72859454154968,911,"63.477402,62.348911","0.696265,0.111099,0.725484,0.505687",,
32,945,19.0,28.636363636363637,0.7249803359578534,21.374151480825322,38.6438467502594,930,"64.430328,63.907692","0.683180,0.099562,0.724778,0.510419",,
33,973,28.0,28.61764705882353,0.7177305325982749,23.5542339852878,39.83069586753845,958,"66.225487,65.149696","0.664626,0.082731,0.726963,0.522855",,
34,1023,50.0,29.228571428571428,0.7105532272722921,26.13850561618805,41.97132968902588,1008,"68.884476,67.679924","0.625503,0.052335,0.734337,0.523655",,
35,1088,65.0,30.22222222222222,0.7034476949995692,24.497147904909575,44.751707792282104,1073,"72.401794,70.520798","0.608342,0.039920,0.738539,0.524555",,
36,1215,127.0,32.83783783783784,0.6964132180495735,24.356606774442778,50.47620129585266,1200,"79.393661,77.574409","0.518731,-0.004611,0.743012,0.533363",,
37,1230,15.0,32.36842105263158,0.6894490858690777,24.77822732925415,51.18201732635498,1215,"80.222626,78.491066","0.514677,0.000076,0.740494,0.537807",,
38,1244,14.0,31.897435897435898,0.682554595010387,29.465696096420288,51.87871527671814,1229,"80.910606,79.400276","0.505767,0.000359,0.736107,0.542885",,
39,1349,105.0,33.725,0.6757290490602831,27.755187983739944,57.06945252418518,1334,"88.264847,87.746414","0.423366,-0.033678,0.721579,0.544507",,
40,1373,24.0,33.48780487804878,0.6689717585696803,34.70464062690735,58.151100397109985,1358,"90.314667,88.916107","0.400733,-0.039246,0.726781,0.545543",,
41,1453,80.0,34.595238095238095,0.6622820409839835,25.403830307722092,61.91912484169006,1438,"95.661667,94.578377","0.346119,-0.052914,0.705713,0.537335",,
42,1546,93.0,35.95348837209303,0.6556592205741436,26.22610613351227,66.2161762714386,1531,"102.357819,101.922729","0.277166,-0.082965,0.712917,0.551293",,
43,1691,145.0,38.43181818181818,0.6491026283684022,34.34242513261992,72.64663505554199,1676,"113.525993,113.609833","0.200571,-0.085872,0.725525,0.542928",,
44,1781,90.0,39.577777777777776,0.6426116020847181,26.724407998720803,76.67684817314148,1766,"119.461952,120.334290","0.160410,-0.089669,0.726685,0.544809",,
45,1871,90.0,40.67391304347826,0.6361854860638709,39.31905925538805,80.62153124809265,1856,"125.368019,126.928528","0.085720,-0.113359,0.734758,0.558544",,
46,1949,78.0,41.46808510638298,0.6298236312032323,40.3615269110753,84.08750987052917,1934,"131.741043,133.633652","0.048410,-0.128058,0.734711,0.568917",,
47,1994,45.0,41.541666666666664,0.6235253948912,37.111187336179945,86.2121593952179,1979,"136.065903,137.467209","0.038999,-0.143629,0.740046,0.568600",,
48,2010,16.0,41.02040816326531,0.617290140942288,41.67945209145546,86.84803009033203,1995,"137.634399,139.079025","0.041049,-0.140421,0.734195,0.565065",,
49,2093,83.0,41.86,0.611117239532865,38.13913548710835,90.60091471672058,2078,"145.138504,146.750900","0.018244,-0.146549,0.730341,0.573799",500.0,0.0
50,2163,70.0,42.411764705882355,0.6050060671375364,43.044836793627056,93.80643963813782,2148,"152.204239,153.877853","0.002144,-0.138092,0.705981,0.582822",,
51,2223,60.0,42.75,0.598956006466161,46.065216604868574,96.47986459732056,2208,"159.185287,160.986481","-0.018351,-0.139026,0.709046,0.566672",,
52,2360,137.0,44.528301886792455,0.5929664464014994,44.29178784015405,102.57863235473633,2345,"173.285339,174.559250","-0.047166,-0.119915,0.701531,0.551789",,
53,2468,108.0,45.7037037037037,0.5870367819374844,53.84109659989675,107.19388723373413,2453,"183.386978,185.458572","-0.042451,-0.126107,0.700062,0.540300",,
54,2521,53.0,45.836363636363636,0.5811664141181095,61.27028846740723,109.44439387321472,2506,"189.498093,191.071869","-0.047151,-0.105368,0.682406,0.526949",,
55,2696,175.0,48.142857142857146,0.5753547499769285,62.08689264297485,116.38006401062012,2681,"204.006119,205.995560","-0.081661,-0.110525,0.687499,0.557468",,
56,2825,129.0,49.56140350877193,0.5696012024771592,75.44902299540911,122.09103178977966,2810,"215.924911,218.032486","-0.068928,-0.118622,0.707267,0.554554",,
57,3060,235.0,52.758620689655174,0.5639051904523875,67.73351317872392,132.74692964553833,3045,"238.783173,241.176376","-0.033635,-0.102056,0.696133,0.525179",,
58,3134,74.0,53.11864406779661,0.5582661385478637,123.03980829909041,136.2243983745575,3119,"244.533646,247.644928","-0.069771,-0.115638,0.708911,0.533180",,
59,3486,352.0,58.1,0.5526834771623851,93.54521578279409,152.3169720172882,3471,"274.560638,277.722565","-0.046191,-0.074498,0.708710,0.510811",,
60,3566,80.0,58.459016393442624,0.5471566423907612,83.77117872238159,156.07625675201416,3551,"280.618622,284.882782","-0.035744,-0.061331,0.698361,0.515392",,
61,3717,151.0,59.95161290322581,0.5416850759668536,132.71186510932367,162.8284454345703,3702,"291.710083,296.891083","-0.058371,-0.058512,0.672534,0.497741",,
62,3771,54.0,59.857142857142854,0.536268225207185,150.58733941890574,165.22405099868774,3756,"295.278412,299.426117","-0.056275,-0.047698,0.698078,0.515092",,
63,3819,48.0,59.671875,0.5309055429551132,100.51922881603241,167.26723194122314,3804,"298.203827,304.485260","-0.053152,-0.055182,0.700568,0.514987",,
64,3939,120.0,60.6,0.525596487525562,150.97235972086588,172.4011378288269,3924,"307.055969,312.288666","-0.061273,-0.038348,0.714232,0.546356",,
65,3997,58.0,60.56060606060606,0.5203405226503064,101.7666020228945,174.84857153892517,3982,"312.295410,317.866516","-0.058456,-0.045375,0.706524,0.540084",,
66,4185,188.0,62.46268656716418,0.5151371174238033,142.6919685931916,183.4712700843811,4170,"326.115997,332.376770","-0.042074,-0.051870,0.739207,0.544642",,
67,4391,206.0,64.57352941176471,0.5099857462495653,175.3359542402249,192.44965434074402,4376,"341.530182,347.609924","-0.059632,-0.040061,0.752671,0.535607",,
68,4839,448.0,70.1304347826087,0.5048858887870696,154.7948760986328,210.27501368522644,4824,"376.901306,381.922394","-0.044758,0.004181,0.754730,0.521294",,
69,4921,82.0,70.3,0.4998370298991989,143.95889154294642,213.00563430786133,4906,"381.973175,388.145874","-0.036508,0.009455,0.771955,0.536235",,
70,5091,170.0,71.70422535211267,0.49483865960020695,200.49040192996753,218.51999044418335,5076,"395.893585,401.680145","-0.041437,0.013937,0.769685,0.545774",,
71,5591,500.0,77.65277777777777,0.4898902730042049,173.69785976791383,234.845960855484,5576,"432.911957,438.264191","-0.042148,0.040811,0.753922,0.519807",,
72,5815,224.0,79.65753424657534,0.48499137027416284,226.3303785579545,242.6599645614624,5800,"448.857391,453.433258","-0.021673,0.057266,0.751875,0.525483",,
73,6053,238.0,81.79729729729729,0.4801414565714212,320.62544810671767,249.58203315734863,6038,"463.495636,465.968231","0.013130,0.057152,0.765837,0.530618",,
74,6328,275.0,84.37333333333333,0.47534004200570695,332.1611399980025,257.49911427497864,6313,"481.469635,483.018585","0.004999,0.050699,0.752534,0.517709",,
75,6667,339.0,87.72368421052632,0.4705866415856499,335.5826178187818,267.4728617668152,6652,"500.163696,500.269501","0.002189,0.068187,0.751564,0.510055",,
76,6937,270.0,90.0909090909091,0.46588077516979337,288.7644814879806,275.5791087150574,6922,"514.770264,515.276245","-0.006102,0.078983,0.713648,0.486906",,
77,7196,259.0,92.25641025641026,0.46122196741809546,454.54662978419003,282.67454838752747,7181,"525.658875,526.493530","-0.017305,0.066908,0.719986,0.489162",,
78,7696,500.0,97.41772151898734,0.4566097477439145,600.8196459007263,296.055282831192,7681,"541.140991,541.085144","0.012970,0.104263,0.729073,0.505465",,
79,8022,326.0,100.275,0.45204365026647536,855.560061010115,305.10889625549316,8007,"549.411438,547.606201","0.025393,0.108846,0.725693,0.496684",,
80,8265,243.0,102.03703703703704,0.4475232137638106,606.127787939315,311.5754747390747,8250,"555.074463,552.123474","0.036843,0.110790,0.716975,0.492683",,
81,8539,274.0,104.13414634146342,0.4430479816261725,848.441963098345,319.0179841518402,8524,"561.403809,557.736694","0.054882,0.134630,0.711047,0.489645",,
82,8625,86.0,103.91566265060241,0.43861750180991077,766.6137137302132,321.428692817688,8610,"561.507874,560.695984","0.066759,0.136695,0.728309,0.503376",,
83,8854,229.0,105.4047619047619,0.43423132679181164,854.2398736279083,328.16578912734985,8839,"566.205444,565.169006","0.109978,0.160013,0.721100,0.488143",,
84,8935,81.0,105.11764705882354,0.4298890135238935,716.2247823079427,330.6832444667816,8920,"568.684814,565.985840","0.114483,0.158250,0.718686,0.482498",,
85,9435,500.0,109.70930232558139,0.4255901233886546,684.6933226737976,353.09352850914,9420,"578.425720,575.349792","0.162321,0.151274,0.708927,0.466832",,
86,9632,197.0,110.71264367816092,0.421334222154768,663.1098179792995,365.0554687976837,9617,"581.322021,579.606201","0.190560,0.179540,0.704116,0.476270",,
87,9799,167.0,111.35227272727273,0.41712087993322033,1050.500440723168,375.01915407180786,9784,"583.971375,582.120056","0.221056,0.182759,0.709509,0.486820",,
88,10120,321.0,113.70786516853933,0.41294967113388814,670.2712264788856,394.3108823299408,10105,"591.164001,589.441650","0.239885,0.190269,0.710875,0.490463",,
89,10426,306.0,115.84444444444445,0.40882017442254925,982.2534438301535,412.51769971847534,10411,"595.348877,593.670166","0.277745,0.183496,0.709090,0.463728",,
90,10757,331.0,118.20879120879121,0.4047319726783238,866.7768998160464,432.24948263168335,10742,"598.386047,594.911316","0.299812,0.198965,0.707715,0.452470",,
91,10900,143.0,118.47826086956522,0.40068465295154054,1117.7982126782824,440.65209197998047,10885,"597.350098,595.764893","0.338191,0.212521,0.703171,0.448818",,
92,10918,18.0,117.39784946236558,0.3966778064220251,1059.2101226382786,441.6570656299591,10903,"597.701843,596.025757","0.336778,0.211747,0.699596,0.445327",,
93,10976,58.0,116.76595744680851,0.39271102835780486,457.00394377215156,445.05466890335083,10961,"597.806335,596.567017","0.345245,0.213579,0.702197,0.442433",,
94,11242,266.0,118.33684210526316,0.3887839180742268,592.5314547244767,460.90741443634033,11227,"598.916260,598.118225","0.333340,0.200847,0.700117,0.424112",,
95,11742,500.0,122.3125,0.38489607889348454,861.2840340805054,490.67604804039,11727,"600.074280,598.850708","0.381333,0.194843,0.704604,0.419179",,
96,12053,311.0,124.25773195876289,0.38104711810454966,716.7066362755091,509.233788728714,12038,"598.644836,599.398071","0.386652,0.205085,0.700844,0.417366",,
97,12452,399.0,127.06122448979592,0.37723664692350417,528.5150146388769,533.0318703651428,12437,"598.012573,598.499207","0.380143,0.174321,0.683213,0.394786",,
98,12668,216.0,127.95959595959596,0.37346428045426916,709.0776985839561,546.0512681007385,12653,"595.341858,597.731445","0.410040,0.195418,0.687489,0.399671",,
99,12868,200.0,128.68,0.36972963764972644,559.8601338291169,558.0993890762329,12853,"592.022217,596.419006","0.405747,0.199424,0.681736,0.401877",495.2,9.600000000000001
100,13342,474.0,133.13,0.3660323412732292,600.9958606671684,586.8647134304047,13327,"583.650818,593.923401","0.441318,0.220737,0.675758,0.387431",,
101,13486,144.0,134.34,0.3623720178604969,398.31431378589735,595.4155044555664,13471,"583.034302,594.036865","0.447561,0.224676,0.662213,0.382467",,
102,13831,345.0,137.59,0.3587482976818919,395.9383689990942,616.0608606338501,13816,"579.375244,592.501709","0.458338,0.232430,0.655046,0.368570",,
103,14052,221.0,139.33,0.355160814705073,359.1817466856667,629.3929224014282,14037,"576.897644,590.933167","0.454036,0.225006,0.656210,0.355524",,
104,14266,214.0,141.24,0.35160920655802225,562.1703368481075,642.2028257846832,14251,"573.101990,587.863770","0.478788,0.241172,0.653666,0.331898",,
105,14305,39.0,141.5,0.348093114492442,405.0808446835249,644.5026140213013,14290,"572.813965,586.983276","0.478322,0.244821,0.656957,0.337876",,
106,14505,200.0,143.23,0.3446121833475176,376.8911265087128,653.4758632183075,14490,"570.916260,584.189941","0.467985,0.225202,0.657687,0.332659",,
107,14735,230.0,145.14,0.34116606151404244,256.54900171031125,660.0006744861603,14720,"567.364624,581.751831","0.470695,0.233412,0.651603,0.316446",,
108,14890,155.0,146.55,0.337754400898902,419.8946416793331,664.2222907543182,14875,"565.561157,579.384216","0.458970,0.226982,0.638694,0.299317",,
109,15122,232.0,148.66,0.334376856889913,275.6642921710837,670.5894722938538,15107,"564.102295,577.207214","0.438901,0.218024,0.645338,0.294619",,
110,15285,163.0,150.13,0.33103308832101386,172.11980682794302,674.9995350837708,15270,"563.367859,576.370178","0.433017,0.207032,0.635072,0.283787",,
111,15356,71.0,150.5,0.3277227574378037,236.65952014923096,676.9232132434845,15341,"563.194702,576.244934","0.428268,0.202153,0.635530,0.281616",,
112,15428,72.0,150.87,0.3244455298634257,241.188961174753,678.874938249588,15413,"563.252747,576.207275","0.425288,0.201523,0.632944,0.282295",,
113,15465,37.0,151.06,0.3212010745647914,216.15205867870435,679.8362812995911,15450,"563.251831,575.853760","0.425452,0.202042,0.635118,0.281292",,
114,15484,19.0,150.76,0.3179890638191435,379.4688545026277,680.3042440414429,15469,"563.108154,575.992371","0.429096,0.206265,0.637172,0.278805",,
115,15603,119.0,151.83,0.31480917318095203,256.9021088255554,683.5329847335815,15588,"563.831909,576.750244","0.431702,0.197510,0.652360,0.282884",,
116,15729,126.0,152.4,0.3116610814491425,378.5184525118934,687.0697131156921,15714,"564.420715,577.306885","0.441607,0.187468,0.654836,0.290326",,
117,15865,136.0,153.56,0.30854447063465107,259.9600126883563,691.0528075695038,15850,"565.421692,578.107666","0.450877,0.183505,0.657770,0.287457",,
118,15986,121.0,154.63,0.3054590259283046,361.67988450074,694.3628122806549,15971,"565.485840,577.791870","0.473394,0.184198,0.681786,0.304591",,
119,16111,125.0,155.49,0.30240443566902153,262.3282589111328,697.8510076999664,16096,"565.331726,578.227356","0.484047,0.184716,0.683388,0.312365",,
120,16269,158.0,156.85,0.2993803913123313,285.5181620090823,702.2203614711761,16254,"563.613403,576.562927","0.494083,0.186892,0.688802,0.321593",,
121,16412,143.0,158.03,0.296386587399208,318.3485547846014,706.1292879581451,16397,"562.533325,575.872131","0.519364,0.201902,0.692607,0.312725",,
122,16580,168.0,159.35,0.2934227215252159,236.21796875908262,710.7622916698456,16565,"563.717224,576.734985","0.518339,0.196474,0.696270,0.309915",,
123,16720,140.0,160.02,0.29048849430996376,265.7830497469221,714.6320116519928,16705,"564.046082,575.613831","0.528080,0.197414,0.701880,0.313404",,
124,16759,39.0,160.04,0.2875836093668641,343.08984027764734,715.6869783401489,16744,"563.229980,575.586060","0.529137,0.200153,0.704165,0.317243",,
125,16908,149.0,161.27,0.28470777327319546,269.2375898425211,720.146808385849,16893,"562.249634,574.971497","0.538441,0.199611,0.713384,0.320891",,
126,17060,152.0,162.51,0.2818606955404635,219.48737256150497,724.5034623146057,17045,"561.928406,574.066895","0.541834,0.200518,0.701203,0.325483",,
127,17206,146.0,163.79,0.27904208858505886,194.09737498139683,728.529983997345,17191,"560.368958,573.327637","0.550073,0.205443,0.717427,0.327027",,
128,17364,158.0,165.24,0.2762516676992083,160.91456512258023,732.8027198314667,17349,"560.179871,572.617676","0.553500,0.201190,0.721892,0.335747",,
129,17494,130.0,166.11,0.2734891510222162,214.1692767216609,736.3185632228851,17479,"560.267273,571.392151","0.563303,0.212650,0.729080,0.338746",,
130,17662,168.0,167.58,0.27075425951199406,143.59551833924792,740.8910911083221,17647,"560.605042,572.466736","0.564115,0.212964,0.710079,0.328436",,
131,17807,145.0,168.81,0.2680467169168741,176.75315161080195,744.9039103984833,17792,"559.417175,570.937134","0.556982,0.198644,0.707541,0.325004",,
132,18043,236.0,170.98,0.26536624974770534,139.0242067918939,751.5790722370148,18028,"559.191895,570.341980","0.581697,0.214010,0.713560,0.331865",,
133,18092,49.0,171.19,0.2627125872502283,125.58103526368433,752.8807339668274,18077,"559.134033,570.082092","0.582308,0.218992,0.721487,0.332871",,
134,18251,159.0,172.28,0.26008546137772603,167.84799358679814,757.285430431366,18236,"558.305298,568.966248","0.573412,0.203215,0.717663,0.330354",,
135,18416,165.0,173.28,0.25748460676394874,181.9449384140246,761.981626033783,18401,"556.527039,567.518127","0.565914,0.198795,0.720083,0.333953",,
136,18564,148.0,173.49,0.2549097606963093,173.44056628845834,766.0034983158112,18549,"555.646973,567.333557","0.561583,0.186831,0.725477,0.332423",,
137,18758,194.0,175.28,0.2523606630893462,116.46304744543488,771.3287489414215,18743,"554.822144,567.606995","0.555220,0.186320,0.716511,0.315790",,
138,18941,183.0,176.97,0.2498370564584527,123.58079008456788,776.3250744342804,18926,"555.076538,567.481079","0.555592,0.187350,0.710167,0.312039",,
139,19076,135.0,177.27,0.24733868589386818,143.93429319593642,780.1443467140198,19061,"554.542114,566.536621","0.558438,0.184348,0.714860,0.314028",,
140,19125,49.0,177.52,0.24486529903492948,94.87942592465147,781.5090596675873,19110,"554.805725,566.551575","0.561000,0.184894,0.714244,0.308454",,
141,19275,150.0,178.22,0.2424166460445802,166.0158618736267,785.5918555259705,19260,"553.437073,564.923157","0.560166,0.176370,0.722133,0.318149",,
142,19440,165.0,178.94,0.2399924795841344,106.23702839938078,790.0817890167236,19425,"551.848328,563.925049","0.547352,0.161647,0.715058,0.323268",,
143,19627,187.0,179.36,0.23759255478829303,119.21435710325598,795.2150087356567,19612,"549.805542,562.450989","0.533796,0.157456,0.701811,0.327585",,
144,19806,179.0,180.25,0.23521662924041012,79.42804547794704,800.1661677360535,19791,"549.079163,562.649658","0.529381,0.165152,0.684308,0.312190",,
145,19987,181.0,181.16,0.232864462948006,148.9181633864977,805.2664361000061,19972,"547.315918,561.635925","0.530129,0.155689,0.697215,0.330001",,
146,20168,181.0,182.19,0.23053581831852593,82.71903649746383,810.5529861450195,20153,"547.639526,562.311890","0.509698,0.148905,0.676562,0.320538",,
147,20349,181.0,183.55,0.22823046013534068,86.66812433327101,815.5673458576202,20334,"546.521851,562.515442","0.488318,0.142370,0.655591,0.309619",,
148,20551,202.0,185.41,0.22594815553398728,153.83497811780117,821.1772603988647,20536,"543.717102,561.035522","0.491237,0.144113,0.656831,0.310789",,
149,20958,407.0,188.65,0.2236886739786474,95.04758778895442,832.417741060257,20943,"542.451538,560.232727","0.479732,0.132385,0.641224,0.302685",308.6,60.89203560400983
150,21323,365.0,191.6,0.22145178723886091,79.12364211539699,843.0632863044739,21308,"539.844849,560.102539","0.471995,0.137536,0.623638,0.291628",,
151,21485,162.0,192.62,0.2192372693664723,167.36411173255354,847.6861374378204,21470,"537.372070,558.221313","0.487181,0.141817,0.652230,0.307128",,
152,21824,339.0,194.64,0.21704489667280757,122.78012479230718,857.3697109222412,21809,"538.482666,560.407104","0.484255,0.131020,0.640760,0.322251",,
153,22186,362.0,197.18,0.2148744477060795,137.60693926969284,867.9619345664978,22171,"537.804626,561.173706","0.498960,0.130790,0.643819,0.326183",,
154,22563,377.0,200.42,0.2127257032290187,127.83801236898893,878.8778505325317,22548,"537.581360,560.530640","0.502904,0.121691,0.646873,0.327276",,
155,22872,309.0,201.76,0.21059844619672852,175.0882951896939,887.7408039569855,22857,"542.424438,565.188660","0.495330,0.113792,0.613185,0.328646",,
156,23097,225.0,202.72,0.20849246173476124,153.9984053993225,894.5076291561127,23082,"539.556335,564.957214","0.517957,0.137985,0.588487,0.304791",,
157,23242,145.0,201.82,0.2064075371174136,134.49288907544366,898.8019814491272,23227,"536.422058,562.276062","0.533751,0.149868,0.603515,0.313008",,
158,23601,359.0,204.67,0.2043434617462395,94.53251895599047,909.2825484275818,23586,"534.091248,562.375122","0.531829,0.134650,0.626065,0.335607",,
159,23991,390.0,205.05,0.2023000271287771,95.66549259577042,921.3782413005829,23976,"531.077820,560.674316","0.543837,0.138867,0.628985,0.325179",,
160,24361,370.0,207.95,0.2002770268574893,91.08248782673398,932.3391745090485,24346,"534.236145,563.222168","0.506652,0.099335,0.612798,0.320244",,
161,24769,408.0,210.52,0.19827425658891443,112.1228904782557,944.3007779121399,24754,"533.113342,560.738647","0.547274,0.127685,0.603695,0.309063",,
162,25150,381.0,213.79,0.19629151402302528,71.92406151989313,955.6711113452911,25135,"528.036499,557.977844","0.553343,0.131500,0.601779,0.288513",,
163,25479,329.0,216.6,0.19432859888279502,67.31054843015583,965.5712187290192,25464,"526.753906,558.108765","0.553744,0.119867,0.582649,0.277082",,
164,25844,365.0,219.05,0.19238531289396707,64.21988842585316,976.6605830192566,25829,"527.098999,556.373352","0.555439,0.104925,0.577175,0.270324",,
165,26239,395.0,222.42,0.1904614597650274,88.04558267653744,988.8912661075592,26224,"527.865112,554.944458","0.584339,0.117953,0.587556,0.273853",,
166,26621,382.0,224.36,0.1885568451673771,75.20366259707207,1000.0452401638031,26606,"529.165955,554.711060","0.602484,0.122448,0.562051,0.247699",,
167,27017,396.0,226.26,0.18667127671570335,63.65213676384001,1013.3075096607208,27002,"530.494080,555.480347","0.601157,0.112961,0.556585,0.242002",,
168,27424,407.0,225.85,0.1848045639485463,52.75401329349827,1026.3283443450928,27409,"528.878296,553.133301","0.612648,0.124277,0.531942,0.215917",,
169,27769,345.0,228.48,0.18295651830906084,55.86074385712112,1037.0833535194397,27754,"527.522705,552.769897","0.622497,0.123274,0.529782,0.217498",,
170,27925,156.0,228.34,0.18112695312597024,44.906308929125466,1042.8570265769958,27910,"527.144104,552.976501","0.631136,0.127993,0.525709,0.203846",,
171,28260,335.0,226.69,0.17931568359471053,41.99441178022926,1053.5262327194214,28245,"527.960754,552.762268","0.623859,0.110217,0.501541,0.192934",,
172,28687,427.0,228.72,0.17752252675876343,42.2507679225131,1068.0592806339264,28672,"528.627197,552.141968","0.630304,0.100917,0.461404,0.172067",,
173,29032,345.0,229.79,0.1757473014911758,38.25689532929572,1079.6790997982025,29017,"529.565979,552.229492","0.615144,0.079513,0.436051,0.172785",,
174,29532,500.0,232.04,0.173989828476264,37.5281365749836,1095.2352077960968,29517,"529.013123,551.909424","0.609312,0.066782,0.434325,0.193963",,
175,29572,40.0,229.05,0.1722499301915014,50.947990846633914,1096.4481410980225,29557,"529.171509,551.575195","0.609590,0.063113,0.433349,0.193092",,
176,29606,34.0,226.69,0.17052743088958636,6.300604175118839,1097.4902970790863,29591,"529.100159,551.539490","0.611422,0.062126,0.434462,0.190113",,
177,29651,45.0,224.55,0.1688221565806905,122.36281693776449,1098.9840414524078,29636,"528.059082,551.164001","0.619997,0.070182,0.436412,0.194234",,
178,30054,403.0,223.58,0.1671339350148836,32.61316675968265,1111.552277803421,30039,"528.386353,551.590820","0.611240,0.054324,0.409782,0.185071",,
179,30410,356.0,223.88,0.16546259566473476,49.08153362505222,1123.0225267410278,30395,"527.729675,551.424805","0.585408,0.042875,0.429025,0.196195",,
180,30828,418.0,225.63,0.16380796970808742,29.635529302951824,1136.369610786438,30813,"526.267273,551.967224","0.560832,0.026968,0.413191,0.192330",,
181,31026,198.0,224.87,0.16216989001100654,55.499340928564166,1142.0198872089386,31011,"524.804504,551.615540","0.551912,0.001398,0.425932,0.209545",,
182,31038,12.0,224.13,0.16054819111089647,21.79826056957245,1142.3470442295074,31023,"525.223267,551.702576","0.550544,0.001126,0.426851,0.211815",,
183,31048,10.0,221.94,0.1589427091997875,10.461873888969421,1142.6375107765198,31033,"525.181763,552.151001","0.548516,-0.001199,0.426255,0.211651",,
184,31059,11.0,221.24,0.15735328210778962,8.322359366850419,1142.9556558132172,31044,"525.804871,552.298706","0.545131,-0.003843,0.425447,0.211430",,
185,31070,11.0,216.35,0.15577974928671173,7.238048835234209,1143.2646746635437,31055,"526.139587,552.451050","0.542259,-0.005086,0.425602,0.211669",,
186,31086,16.0,214.54,0.1542219517938446,43.022154718637466,1143.701506137848,31071,"526.233337,552.847717","0.543882,0.000988,0.425516,0.210401",,
187,31126,40.0,213.27,0.15267973227590617,52.359930872917175,1144.8190252780914,31111,"524.980103,552.282959","0.554610,0.006586,0.428277,0.215262",,
188,31138,12.0,210.18,0.1511529349531471,5.209419548511505,1145.1339383125305,31123,"524.943237,551.842896","0.555109,0.004808,0.431932,0.218733",,
189,31151,13.0,207.25,0.14964140560361563,13.615562438964844,1145.505826473236,31136,"524.638611,551.768311","0.555339,0.002110,0.432294,0.218274",,
190,31160,9.0,204.03,0.14814499154757946,11.907283239894443,1145.7548522949219,31145,"524.540588,551.732483","0.556755,0.000269,0.431990,0.217903",,
191,31172,12.0,202.72,0.14666354163210368,17.81488797068596,1146.0869626998901,31157,"524.653442,551.538208","0.554911,-0.003094,0.430106,0.218106",,
192,31183,11.0,202.65,0.14519690621578263,266.9367199811068,1146.3841757774353,31168,"524.746826,550.991699","0.554131,-0.005346,0.427659,0.219473",,
193,31194,11.0,202.18,0.1437449371536248,11.708067720586603,1146.6872191429138,31179,"524.518921,551.024658","0.555547,-0.006472,0.426173,0.220300",,
194,31202,8.0,199.6,0.14230748778208857,282.9028559923172,1146.9323513507843,31187,"524.509216,550.618713","0.555677,-0.007448,0.425661,0.221821",,
195,31214,12.0,194.72,0.14088441290426768,154.0848266283671,1147.3098504543304,31199,"524.237305,550.174133","0.557016,-0.009152,0.425880,0.223894",,
196,31222,8.0,191.69,0.139475568775225,345.6236869096756,1147.5481898784637,31207,"523.578979,550.229614","0.556969,-0.015492,0.430771,0.232012",,
197,31232,10.0,187.8,0.13808081308747275,28.596524238586426,1147.8228821754456,31217,"523.860107,550.260925","0.555514,-0.022036,0.435881,0.240237",,
198,31241,9.0,185.73,0.136700004956598,21.204786194695366,1148.075673341751,31226,"524.890686,550.412842","0.553312,-0.025714,0.436907,0.242396",,
199,31252,11.0,183.84,0.13533300490703204,29.220499818975274,1148.4001822471619,31237,"525.795776,551.004761","0.550320,-0.027423,0.436704,0.242790",9.0,0.0
200,31262,10.0,179.2,0.13397967485796172,13.817308568954468,1148.707456111908,31247,"526.213135,551.614868","0.546454,-0.029109,0.435488,0.242268",,
201,31272,10.0,177.86,0.1326398781093821,230.6290470838547,1148.9931128025055,31257,"526.211426,552.024719","0.542743,-0.030147,0.439659,0.244095",,
202,31282,10.0,174.51,0.13131347932828827,33.420803260803225,1149.2815701961517,31267,"526.852417,552.201660","0.541185,-0.030646,0.442697,0.244800",,
203,31292,10.0,172.4,0.1300003445350054,11.597097682952882,1149.5660147666931,31277,"527.409851,552.605225","0.539866,-0.030726,0.443858,0.244510",,
204,31301,9.0,170.35,0.12870034108965533,13.89980673789978,1149.822766304016,31286,"527.784180,553.144775","0.536744,-0.029850,0.444530,0.244557",,
205,31311,10.0,170.06,0.1274133376787588,275.876318025589,1150.0976557731628,31296,"527.588562,553.539673","0.533563,-0.028399,0.451226,0.247000",,
206,31322,11.0,168.17,0.12613920430197118,12.763683319091797,1150.4169960021973,31307,"527.723206,553.505676","0.529175,-0.027205,0.457307,0.249291",,
207,31333,11.0,165.98,0.12487781225895148,180.34884426810524,1150.7225551605225,31318,"527.692627,553.689514","0.531113,-0.018057,0.469129,0.257849",,
208,31375,42.0,164.85,0.12362903413636196,56.38314416862669,1151.908310174942,31360,"526.800659,553.237244","0.543276,-0.009261,0.484762,0.276131",,
209,31474,99.0,163.52,0.12239274379499834,107.72074505295416,1154.8360271453857,31459,"525.123718,552.741882","0.561703,0.004696,0.524345,0.322451",,
210,31711,237.0,164.26,0.12116881635704835,75.02394967541916,1162.0423710346222,31696,"528.296875,554.724670","0.547261,-0.019006,0.548098,0.357664",,
211,31985,274.0,166.29,0.11995712819347787,96.09435597127371,1169.9458191394806,31970,"537.029907,557.275208","0.585681,0.004591,0.588472,0.414081",,
212,32427,442.0,169.99,0.11875755691154309,122.81932388010068,1182.3682417869568,32412,"534.092102,557.397217","0.568944,-0.011874,0.624418,0.432300",,
213,32927,500.0,174.62,0.11756998134242766,93.16432947540284,1196.8938448429108,32912,"538.140015,558.934326","0.576159,0.001247,0.619859,0.425087",,
214,33374,447.0,178.9,0.11639428152900338,139.98097149317695,1209.8211805820465,33359,"541.200378,559.340576","0.591838,0.022793,0.638528,0.448358",,
215,33874,500.0,182.71,0.11523033871371334,113.60547325897217,1224.6564967632294,33859,"543.936218,557.340698","0.597384,0.012140,0.630896,0.437727",,
216,34374,500.0,186.45,0.1140780353265762,84.64981793212891,1239.3181471824646,34359,"544.847473,558.233887","0.585901,0.023764,0.620503,0.421661",,
217,34874,500.0,190.09,0.11293725497331045,114.13918749094009,1253.7062451839447,34859,"542.918091,555.310852","0.533534,-0.000960,0.641591,0.445286",,
218,35155,281.0,191.69,0.11180788242357734,145.9650630916989,1261.822974205017,35140,"545.759155,556.606995","0.546510,-0.001100,0.624998,0.447213",,
219,35633,478.0,195.22,0.11068980359934157,117.99403805413506,1275.4073705673218,35618,"548.460388,555.594727","0.554094,0.003908,0.593127,0.440926",,
220,36133,500.0,198.64,0.10958290556334815,125.67119138717652,1289.7552921772003,36118,"550.182861,555.854370","0.502752,0.003606,0.611335,0.476770",,
221,36572,439.0,201.6,0.10848707650771466,115.92684454309642,1301.9426627159119,36557,"553.443054,557.416504","0.505048,0.013788,0.581532,0.448628",,
222,37072,500.0,204.92,0.10740220574263752,76.42271299171448,1316.3259308338165,37057,"554.819641,555.806458","0.520803,0.002737,0.575628,0.448215",,
223,37572,500.0,208.52,0.10632818368521114,112.77511775970459,1330.4096002578735,37557,"554.685913,552.945068","0.516156,0.008994,0.603809,0.453893",,
224,38072,500.0,213.13,0.10526490184835903,80.00016397857667,1344.7100253105164,38057,"556.683411,552.657471","0.487867,0.009952,0.583292,0.453800",,
225,38572,500.0,216.64,0.10421225282987544,72.76204557704925,1358.8752975463867,38557,"555.662170,552.031128","0.455395,0.010205,0.576477,0.448477",,
226,39072,500.0,220.12,0.10317013030157669,77.96819432735442,1373.6069543361664,39057,"554.657654,548.979675","0.451061,0.007581,0.578735,0.445849",,
227,39572,500.0,223.66,0.10213842899856092,64.6418542406559,1388.4841921329498,39557,"555.472046,548.422058","0.428154,0.007450,0.556628,0.422520",,
228,39839,267.0,224.75,0.10111704470857531,44.8190551902471,1396.22833609581,39824,"553.421936,548.057861","0.397775,0.003194,0.578465,0.424535",,
229,40127,288.0,226.33,0.10010587426148955,68.15849233998193,1405.0576210021973,40112,"552.992065,547.244934","0.398542,-0.001553,0.573497,0.416261",,
230,40389,262.0,227.27,0.09910481551887466,53.44707036382369,1412.78138589859,40374,"553.078674,545.279480","0.389330,-0.000292,0.579049,0.435047",,
231,40737,348.0,229.3,0.0981137673636859,48.67943319798201,1423.0900206565857,40722,"554.031189,545.281494","0.394553,0.001886,0.580724,0.423678",,
232,41008,271.0,229.65,0.09713262969004904,49.133700183616796,1431.3129813671112,40993,"554.775757,542.967590","0.377410,0.033778,0.575685,0.442479",,
233,41284,276.0,231.92,0.09616130339314856,26.621955377252206,1439.5922901630402,41269,"553.966919,542.830200","0.352826,0.037980,0.576443,0.435791",,
234,41652,368.0,234.01,0.09519969035921708,25.10978064297334,1450.361707687378,41637,"550.268250,540.824646","0.355076,0.040573,0.558734,0.406855",,
235,41923,271.0,235.07,0.0942476934556249,28.344647466696497,1458.4734449386597,41908,"550.919373,541.129578","0.335025,0.035957,0.545388,0.390470",,
236,42180,257.0,236.16,0.09330521652106866,30.56905482181779,1466.2856750488281,42165,"549.298401,539.483704","0.327016,0.029637,0.529305,0.382013",,
237,42680,500.0,239.22,0.09237216435585796,18.048366392731666,1481.0463132858276,42665,"546.599976,537.553650","0.316364,0.051086,0.507979,0.350277",,
238,42991,311.0,240.5,0.09144844271229938,22.96252464653978,1490.4754276275635,42976,"543.679504,536.917419","0.290166,0.040935,0.497090,0.344353",,
239,43236,245.0,241.6,0.0905339582851764,13.90122806539341,1497.794936656952,43221,"543.191162,536.300781","0.286398,0.035070,0.483147,0.330311",,
240,43736,500.0,246.11,0.08962861870232462,15.067362592220306,1513.114688873291,43721,"541.011841,535.363464","0.267029,0.048605,0.457246,0.299588",,
241,44059,323.0,247.84,0.08873233251530138,17.158328998199558,1523.2356131076813,44044,"540.139771,534.741577","0.270101,0.058662,0.446435,0.282953",,
242,44334,275.0,248.94,0.08784500919014836,13.904676025997508,1531.355123758316,44319,"538.849609,534.138672","0.263696,0.053401,0.436107,0.272551",,
243,44834,500.0,252.07,0.08696655909824688,15.476845167040825,1545.4374117851257,44819,"537.161743,533.662476","0.227302,0.039125,0.422600,0.270007",,
244,45109,275.0,253.03,0.0860968935072644,21.377031965580855,1553.9263880252838,45094,"535.890869,533.440796","0.228955,0.062393,0.420272,0.275163",,
245,45349,240.0,253.62,0.08523592457219176,11.475699068481724,1560.9914026260376,45334,"536.670776,533.310425","0.219659,0.055194,0.413592,0.282002",,
246,45593,244.0,254.25,0.08438356532646984,12.690276283343307,1568.0005674362183,45578,"535.664734,532.820984","0.224505,0.066454,0.399788,0.267265",,
247,45929,336.0,255.8,0.08353972967320515,19.127416276084702,1577.588393688202,45914,"534.834351,532.019714","0.229524,0.051065,0.399997,0.259638",,
248,46429,500.0,258.78,0.0827043323764731,12.586479171633721,1592.2147235870361,46414,"534.195251,531.799500","0.216310,0.040568,0.376606,0.241834",,
249,46706,277.0,257.48,0.08187728905270836,11.115086053656112,1600.2500989437103,46691,"533.154175,531.200073","0.208653,0.031255,0.369046,0.229361",242.6,4.223742416388575
250,47206,500.0,258.83,0.08105851616218128,19.281448109865188,1615.092075586319,47191,"532.941833,530.700073","0.212318,0.017642,0.338199,0.214577",,
251,47451,245.0,259.66,0.08024793100055946,16.63298077686709,1622.353084564209,47436,"531.513855,530.194885","0.214259,0.032790,0.349448,0.233902",,
252,47628,177.0,258.04,0.07944545169055386,5.573696556064369,1627.459300994873,47613,"532.200195,530.953003","0.202667,0.019568,0.344362,0.230232",,
253,47910,282.0,257.24,0.07865099717364833,16.237319770381383,1636.0598983764648,47895,"531.927307,530.222656","0.210838,0.018632,0.331167,0.214885",,
254,48130,220.0,255.67,0.07786448720191184,11.684314995902506,1642.4047973155975,48115,"532.268860,530.293335","0.215049,0.039140,0.321553,0.205707",,
255,48367,237.0,254.95,0.07708584232989273,25.14034341445452,1654.1010019779205,48352,"532.518066,529.812683","0.228900,0.044387,0.330102,0.222291",,
256,48530,163.0,254.33,0.0763149839065938,26.248015451833513,1665.8607263565063,48515,"533.982788,531.581543","0.226322,0.029472,0.359416,0.247469",,
257,48632,102.0,253.9,0.07555183406752786,30.850522386677124,1672.4021236896515,48617,"535.981873,532.726440","0.226382,0.037216,0.372399,0.262625",,
258,48790,158.0,251.89,0.07479631572685258,43.67842698436749,1682.5643796920776,48775,"535.581299,532.670471","0.224470,0.025389,0.365154,0.274462",,
259,48984,194.0,249.93,0.07404835256958406,27.687250970718786,1695.0174660682678,48969,"534.145691,530.375732","0.249445,0.001751,0.349250,0.266867",,
260,49175,191.0,248.14,0.07330786904388821,12.52734056942126,1707.2846972942352,49160,"534.756958,530.636230","0.251291,0.012294,0.345509,0.267292",,
261,49346,171.0,245.77,0.07257479035344933,15.45481294498109,1718.229956150055,49331,"535.608337,531.037659","0.252617,0.028893,0.320062,0.261279",,
262,49512,166.0,243.62,0.07184904244991483,25.08499828914562,1728.8809900283813,49497,"535.684753,529.782593","0.272464,0.049231,0.300954,0.255047",,
263,49664,152.0,241.85,0.07113055202541568,11.934151906422095,1738.4409883022308,49649,"536.242798,529.585876","0.278032,0.057146,0.295139,0.256605",,
264,49752,88.0,239.08,0.07041924650516153,13.435821441086857,1744.010282278061,49737,"536.919556,529.626282","0.286122,0.064663,0.292487,0.259009",,
265,49887,135.0,236.48,0.06971505404010991,23.103599205723516,1752.8806824684143,49872,"538.997681,529.902832","0.297771,0.051614,0.269833,0.249882",,
266,50027,140.0,234.06,0.06901790349970881,12.5386522891266,1760.3473098278046,50012,"539.846008,530.351746","0.306094,0.058566,0.265962,0.242094",,
267,50203,176.0,231.86,0.06832772446471172,17.869568800384346,1767.6670770645142,50188,"538.065918,528.651184","0.306412,0.057261,0.277353,0.251484",,
268,50413,210.0,229.89,0.0676444472200646,4.833867892268158,1781.2068994045258,50398,"536.482056,528.077698","0.287145,0.067677,0.297036,0.258895",,
269,50603,190.0,228.34,0.06696800274786396,7.374135302399334,1793.566202878952,50588,"535.368835,527.620544","0.280569,0.078680,0.281632,0.254522",,
270,50805,202.0,228.8,0.06629832272038531,9.741358792722815,1806.5745408535004,50790,"535.001160,527.206299","0.271405,0.073602,0.274085,0.243591",,
271,51030,225.0,227.7,0.06563533949318147,5.576751922501458,1820.9736423492432,51015,"534.681030,527.124695","0.260497,0.080527,0.263937,0.234058",,
272,51216,186.0,225.29,0.06497898609824965,15.36099095882908,1833.15931224823,51201,"534.725891,526.387695","0.272787,0.091076,0.235733,0.217665",,
273,51420,204.0,223.88,0.06432919623726716,7.450387097018607,1846.7268471717834,51405,"534.010254,526.277954","0.260705,0.090663,0.243298,0.213422",,
274,51633,213.0,221.01,0.06368590427489448,6.753508338206251,1860.5570209026337,51618,"533.100708,525.390747","0.262780,0.106399,0.232385,0.203919",,
275,51946,313.0,223.74,0.06304904523214554,14.163710896151896,1881.032392024994,51931,"531.421082,524.463196","0.258079,0.094322,0.223872,0.218521",,
276,52152,206.0,225.46,0.06241855477982408,12.032980690809708,1894.4499654769897,52137,"531.787109,524.314087","0.247662,0.074313,0.208149,0.208948",,
277,52332,180.0,226.81,0.06179436923202584,16.7330967253281,1906.456695318222,52317,"531.417664,523.752930","0.253937,0.083299,0.217644,0.214645",,
278,52510,178.0,224.56,0.06117642553970558,11.508536337383008,1918.2614386081696,52495,"531.726196,523.596619","0.249590,0.080794,0.204380,0.209433",,
279,53010,500.0,226.0,0.06056466128430853,11.382381498873233,1951.2391266822815,52995,"533.200256,523.325378","0.253698,0.096252,0.217907,0.248073",,
280,53377,367.0,225.49,0.05995901467146544,30.11056178824453,1974.505751132965,53362,"531.624573,522.930237","0.255000,0.086417,0.205665,0.248201",,
281,53877,500.0,228.51,0.059359424524750785,18.491888899087908,2006.811160326004,53862,"530.774353,522.065308","0.247451,0.085291,0.203771,0.231090",,
282,54213,336.0,231.75,0.05876583027950327,19.705004400662368,2028.9138383865356,54198,"531.263428,521.387146","0.249138,0.103619,0.212260,0.239014",,
283,54311,98.0,232.63,0.05817817197670824,54.357005484250124,2035.2466485500336,54296,"530.706238,521.566223","0.240613,0.099517,0.211450,0.241648",,
284,54483,172.0,234.24,0.05759639025694116,35.10342055541832,2046.4551255702972,54468,"530.498535,521.702454","0.248705,0.108024,0.214669,0.252487",,
285,54673,190.0,236.03,0.057020426354371746,12.64823733552506,2058.786556005478,54658,"530.649048,521.178406","0.259678,0.135634,0.210810,0.254374",,
286,54872,199.0,237.86,0.05645022209082803,10.595796038457497,2071.615977525711,54857,"530.939270,520.764954","0.277149,0.145868,0.205645,0.246547",,
287,55023,151.0,238.97,0.05588571986991975,20.391142421013473,2081.5024976730347,55008,"531.475891,519.955444","0.276165,0.142612,0.221669,0.253172",,
288,55227,204.0,240.89,0.05532686267122055,19.48239264272007,2095.3460731506348,55212,"530.330750,520.183594","0.266466,0.136301,0.237390,0.260137",,
289,55512,285.0,243.61,0.05477359404450834,9.375495258653373,2114.03084897995,55497,"530.260864,519.867920","0.276912,0.149813,0.229262,0.242066",,
290,55750,238.0,245.9,0.05422585810406326,12.66514311480422,2129.4900193214417,55735,"530.733276,519.769958","0.274648,0.144884,0.228554,0.239096",,
291,56000,250.0,248.28,0.05368359952302263,20.220145958662034,2146.3685550689697,55985,"529.087402,519.332397","0.264392,0.143770,0.259241,0.264419",,
292,56192,192.0,250.09,0.0531467635277924,16.195277022508282,2158.8121213912964,56177,"529.589844,519.368286","0.275294,0.181282,0.264872,0.277921",,
293,56397,205.0,252.03,0.05261529589251448,8.898895558206046,2171.936815738678,56382,"530.639038,519.539490","0.265644,0.176207,0.255108,0.263299",,
294,56596,199.0,253.94,0.05208914293358933,26.0362565250852,2184.9968564510345,56581,"529.909912,518.852783","0.261883,0.183806,0.263604,0.275589",,
295,56796,200.0,255.82,0.05156825150425344,23.731219753026963,2198.006293773651,56781,"529.041016,518.142517","0.261925,0.190584,0.255702,0.267959",,
296,57001,205.0,257.79,0.0510525689892109,20.06876105491708,2211.3311932086945,56986,"528.924805,517.144226","0.261124,0.197413,0.263443,0.277849",,
297,57270,269.0,260.38,0.050542043299318794,12.162236736166433,2228.769840478897,57255,"528.125000,516.331238","0.271597,0.196150,0.253624,0.260869",,
298,57471,201.0,262.3,0.050036622866325604,22.426177835286552,2241.8639087677,57456,"527.039001,516.090393","0.256646,0.174732,0.258191,0.258094",,
299,57767,296.0,265.15,0.04953625663766235,9.573309940764227,2259.0668108463287,57752,"528.514099,515.056946","0.270879,0.194642,0.265182,0.261998",332.4,60.390727765113084
300,58010,243.0,267.48,0.04904089407128572,4.966238529287248,2266.6584236621857,57995,"529.044739,514.991577","0.272070,0.202956,0.253008,0.257109",,
301,58259,249.0,269.87,0.04855048513057287,7.7451059418509764,2274.3522350788116,58244,"529.105103,514.509949","0.265699,0.210240,0.252590,0.261560",,
302,58583,324.0,273.01,0.04806498027926714,7.783132705515549,2284.363508462906,58568,"529.032227,514.532288","0.249910,0.204887,0.243356,0.254224",,
303,58804,221.0,275.12,0.047584330476474465,16.715974911912532,2291.883584499359,58789,"528.604858,514.119019","0.260689,0.209386,0.263039,0.270334",,
304,59066,262.0,277.65,0.04710848717170972,17.418588654685568,2299.731027841568,59051,"527.895203,513.061462","0.258863,0.210787,0.278376,0.269599",,
305,59311,245.0,280.0,0.04663740229999262,12.707935454894086,2306.9842047691345,59296,"528.896362,513.267151","0.270931,0.210322,0.289425,0.284312",,
306,59607,296.0,282.85,0.046171028276992696,26.917903714888805,2315.899849653244,59592,"526.570923,512.662537","0.284019,0.212088,0.303466,0.288668",,
307,59839,232.0,285.06,0.045709317994222766,7.102263696106343,2322.817320585251,59824,"526.446350,512.342834","0.279598,0.215089,0.298110,0.279741",,
308,60111,272.0,287.36,0.04525222481428054,14.923208859146518,2330.769063949585,60096,"524.813721,512.211121","0.270582,0.202446,0.288415,0.255580",,
309,60320,209.0,288.46,0.04479970256613774,10.924904555367512,2336.8317198753357,60305,"525.450684,512.135864","0.264159,0.210109,0.284297,0.257156",,
310,60621,301.0,289.1,0.044351705540476356,8.961865414218648,2345.901768922806,60606,"525.545410,511.585968","0.265150,0.216168,0.289326,0.255042",,
311,60996,375.0,290.11,0.043908188485071595,10.842777073860168,2356.705496072769,60981,"524.958618,512.193604","0.264620,0.207006,0.315954,0.279876",,
312,61238,242.0,288.11,0.04346910660022087,22.23906089106867,2364.2803213596344,61223,"525.647583,511.189606","0.281282,0.222706,0.313797,0.275414",,
313,61469,231.0,285.42,0.04303441553421867,29.82931697497636,2371.2159185409546,61454,"524.744080,512.481873","0.271383,0.193642,0.316125,0.251856",,
314,61735,266.0,283.61,0.04260407137887648,22.802646163486898,2379.359785079956,61720,"522.576843,511.658081","0.306551,0.218889,0.338645,0.261215",,
315,61961,226.0,280.87,0.04217803066508771,8.415745785344491,2386.203073501587,61946,"522.393799,511.567474","0.303244,0.217399,0.331322,0.250388",,
316,62241,280.0,278.67,0.04175625035843684,12.611287296882697,2394.469685792923,62226,"521.754639,511.389923","0.284623,0.204627,0.334405,0.239014",,
317,62481,240.0,276.07,0.04133868785485247,9.087520147735875,2402.373778104782,62466,"522.521423,510.981171","0.285863,0.203634,0.320037,0.224497",,
318,62817,336.0,276.62,0.040925300976303945,5.993904925904991,2413.4078438282013,62802,"521.704590,510.348175","0.284775,0.203659,0.309322,0.221074",,
319,63095,278.0,274.62,0.0405160479665409,10.209338659166002,2422.0667312145233,63080,"521.098816,510.026367","0.296927,0.210911,0.294705,0.209852",,
320,63350,255.0,272.17,0.040110887486875496,14.709731440333758,2430.0982007980347,63335,"520.278870,510.510590","0.288963,0.188281,0.317210,0.232247",,
321,63594,244.0,270.22,0.03970977861200674,9.399380907904906,2437.861734390259,63579,"518.457764,509.616791","0.296203,0.208132,0.314860,0.242823",,
322,63791,197.0,267.19,0.039312680825886674,8.52564146426426,2443.8824236392975,63776,"518.591736,509.139618","0.314173,0.214007,0.311713,0.243351",,
323,64233,442.0,266.61,0.038919554017627804,7.919337320482839,2457.218999147415,64218,"518.585144,508.516693","0.310461,0.201272,0.318316,0.245746",,
324,64450,217.0,263.78,0.03853035847745152,6.290363059477872,2463.8485476970673,64435,"519.094299,508.504395","0.315936,0.192051,0.312773,0.234070",,
325,64892,442.0,263.2,0.03814505489267701,5.164814854335731,2477.1536128520966,64877,"519.199158,508.234436","0.317626,0.172962,0.295399,0.218769",,
326,65116,224.0,260.44,0.03776360434375024,4.580503949695932,2484.001666545868,65101,"518.166321,507.953857","0.317592,0.165555,0.290158,0.208617",,
327,65395,279.0,258.23,0.03738596830031274,4.175513923648865,2492.5075409412384,65380,"518.124207,507.833069","0.323481,0.166779,0.282949,0.200962",,
328,65657,262.0,258.18,0.03701210861730961,3.1627907250787466,2500.668262720108,65642,"517.637878,507.599823","0.316976,0.154692,0.275335,0.191873",,
329,65921,264.0,257.94,0.03664198753113651,6.667764329153932,2508.650708913803,65906,"518.278320,507.551544","0.321291,0.147017,0.260567,0.182203",,
330,66301,380.0,259.12,0.036275567655825146,5.612478464802629,2520.171768426895,66286,"516.322510,507.079010","0.326616,0.146405,0.237164,0.159478",,
331,66801,500.0,260.64,0.03591281197926689,5.227012178361416,2535.390384912491,66786,"516.015137,507.227905","0.309891,0.114340,0.215109,0.152746",,
332,67301,500.0,262.93,0.035553683859474224,7.648865044474602,2550.5526962280273,67286,"516.904358,507.393463","0.311106,0.098192,0.201357,0.132879",,
333,67598,297.0,263.14,0.035198147020879485,9.365868457690233,2559.7587769031525,67583,"516.395020,506.716949","0.328184,0.117582,0.178600,0.104360",,
334,67755,157.0,261.03,0.03484616555067069,12.776183649802663,2564.4427301883698,67740,"517.356506,507.335510","0.327563,0.098840,0.196220,0.103016",,
335,68191,436.0,262.68,0.03449770389516398,11.917228092550548,2577.5245308876038,68176,"513.360535,506.552917","0.333870,0.129258,0.195146,0.117242",,
336,68355,164.0,261.75,0.03415272685621234,6.69857580977969,2582.7387311458588,68340,"513.297302,506.416534","0.335025,0.136607,0.204775,0.105076",,
337,68855,500.0,261.75,0.03381119958765022,15.238661836892366,2597.726820230484,68840,"513.173035,506.979370","0.360150,0.186745,0.274116,0.143855",,
338,69262,407.0,262.71,0.03347308759177372,11.485816037772036,2609.9659485816956,69247,"512.629700,506.458832","0.387139,0.203294,0.282545,0.149007",,
339,69589,327.0,263.53,0.03313835671585598,14.722156921065546,2620.022848844528,69574,"513.242371,506.957733","0.377543,0.200657,0.310726,0.147646",,
340,69851,262.0,261.15,0.03280697314869742,25.835248634901667,2627.943937778473,69836,"514.066406,507.569397","0.375156,0.204930,0.350207,0.157315",,
341,70092,241.0,260.33,0.03247890341721044,15.85479905323369,2635.149300813675,70077,"515.254822,507.284302","0.370232,0.202239,0.347550,0.143608",,
342,70326,234.0,259.92,0.03215411438303834,18.446019503805374,2642.211525917053,70311,"516.720703,507.400208","0.364772,0.185236,0.336691,0.133410",,
343,70558,232.0,257.24,0.031832573239207955,31.74089478714199,2649.564250230789,70543,"515.104065,506.301788","0.384532,0.211330,0.365166,0.134223",,
344,70912,354.0,258.03,0.031514247506815876,20.543052532746966,2660.336040496826,70897,"516.270386,505.939789","0.394709,0.202202,0.368530,0.163680",,
345,71219,307.0,258.7,0.031199105031747717,12.710208356817304,2669.46733379364,71204,"516.490967,505.636047","0.400361,0.207467,0.369437,0.159873",,
346,71601,382.0,260.08,0.03088711398143024,13.440540947215096,2681.4039630889893,71586,"517.421936,505.771393","0.413308,0.217999,0.397845,0.150837",,
347,71879,278.0,259.5,0.030578242841615935,19.608880977943645,2689.6695680618286,71864,"517.220886,505.220215","0.437345,0.220090,0.396286,0.176875",,
348,72218,339.0,257.89,0.030272460413199778,9.456847269538581,2699.7526330947876,72203,"518.040466,505.129944","0.437210,0.210618,0.394185,0.167085",,
349,72718,500.0,260.12,0.02996973580906778,13.029489286541938,2714.7685849666595,72703,"516.284180,504.485596","0.451247,0.204839,0.395356,0.177017",500.0,0.0
350,73068,350.0,258.62,0.029670038450977102,12.220857206157275,2725.738505125046,73053,"516.689331,504.414917","0.449987,0.198233,0.415516,0.174468",,
351,73308,240.0,258.57,0.02937333806646733,19.29616057376067,2733.0635874271393,73293,"515.539856,502.421814","0.450253,0.199481,0.395074,0.176617",,
352,73669,361.0,260.41,0.029079604685802656,13.694512213778959,2743.9615938663483,73654,"516.523438,502.892578","0.452794,0.193137,0.407148,0.156149",,
353,74008,339.0,260.98,0.02878880863894463,13.57665453257814,2754.308767557144,73993,"515.457153,502.414093","0.478680,0.213258,0.412934,0.167201",,
354,74417,409.0,262.87,0.02850092055255518,17.897584758571423,2766.563245534897,74402,"516.690918,502.416626","0.493312,0.211715,0.414209,0.174729",,
355,74917,500.0,265.5,0.02821591134702963,8.610572169303895,2781.8232629299164,74902,"517.837891,501.964508","0.500174,0.187708,0.382109,0.179100",,
356,75417,500.0,268.87,0.027933752233559334,17.28705749130249,2797.0103187561035,75402,"518.280579,502.842224","0.508740,0.186390,0.410220,0.163210",,
357,75791,374.0,271.59,0.027654414711223742,8.696464348684021,2808.123225927353,75776,"517.317505,501.567993","0.489479,0.166450,0.397557,0.154409",,
358,76059,268.0,272.69,0.027377870564111503,13.907732413108668,2816.3183364868164,76044,"517.608154,501.940491","0.493835,0.187391,0.423632,0.148136",,
359,76306,247.0,273.22,0.02710409185847039,12.317541094082086,2823.634885072708,76291,"517.152466,501.440796","0.494015,0.187914,0.421606,0.165936",,
360,76603,297.0,274.28,0.026833050939885684,14.304822120702628,2832.48103928566,76588,"517.692261,500.735321","0.501614,0.196772,0.429732,0.151783",,
361,76709,106.0,273.63,0.026564720430486827,20.38518340660716,2835.6365382671356,76694,"516.621948,499.670502","0.508629,0.199684,0.420969,0.170178",,
362,77180,471.0,276.68,0.026299073226181958,21.910714649882035,2849.910063266754,77165,"517.532959,498.851166","0.500358,0.184809,0.395627,0.163349",,
363,77577,397.0,279.13,0.026036082493920136,8.24485746765467,2861.582667827606,77562,"517.460754,498.676697","0.509920,0.179553,0.408382,0.186643",,
364,77860,283.0,281.08,0.025775721668980935,5.532422252183668,2870.320017337799,77845,"518.119690,498.828186","0.505128,0.168045,0.406832,0.204564",,
365,78345,485.0,284.58,0.025517964452291125,12.292641635223763,2885.27983379364,78330,"518.325378,497.565765","0.501846,0.156891,0.362931,0.173970",,
366,78792,447.0,287.65,0.025262784807768213,10.169898376068813,2898.7943756580353,78777,"516.346008,497.204071","0.525412,0.164254,0.353616,0.156681",,
367,79292,500.0,290.89,0.025010156959690534,8.157909189462663,2913.808568239212,79277,"517.159912,497.721558","0.525913,0.154926,0.341040,0.163143",,
368,79757,465.0,293.44,0.024760055390093627,11.046804936726888,2928.042375087738,79742,"519.922607,499.927887","0.528937,0.149968,0.333098,0.147260",,
369,80085,328.0,294.82,0.02451245483619269,8.669827256987734,2938.2115659713745,80070,"517.494141,499.172974","0.559496,0.170451,0.333242,0.165394",,
370,80585,500.0,297.8,0.024267330287830763,8.972839240729808,2953.2134504318237,80570,"518.084656,499.089233","0.570370,0.167271,0.321338,0.180160",,
371,81085,500.0,300.55,0.024024656984952455,10.496486912876367,2968.557559967041,81070,"517.210083,498.015167","0.558362,0.152616,0.299754,0.179747",,
372,81585,500.0,303.69,0.02378441041510293,11.43464346909523,2983.9121584892273,81570,"516.648071,497.773560","0.563017,0.161124,0.293321,0.163423",,
373,82077,492.0,306.57,0.0235465663109519,7.738878676894961,2998.9113302230835,82062,"516.565674,497.912384","0.543473,0.158111,0.319316,0.185950",,
374,82407,330.0,307.74,0.02331110064784238,14.593474734732599,3008.8729853630066,82392,"518.252625,498.326813","0.533595,0.170595,0.312466,0.144521",,
375,82674,267.0,307.28,0.02307798964136396,19.917842794000432,3016.833459854126,82659,"517.460327,499.457214","0.532053,0.189654,0.348682,0.158445",,
376,83174,500.0,310.22,0.022847209744950317,15.230806075394154,3034.66104388237,83159,"517.078003,499.078522","0.575364,0.195376,0.336482,0.165265",,
377,83642,468.0,313.1,0.022618737647500813,12.037407018148746,3048.9552702903748,83627,"517.092834,498.804901","0.596457,0.194316,0.348929,0.186249",,
378,84142,500.0,316.32,0.022392550271025807,13.737810520291328,3063.9895033836365,84127,"518.559326,500.437805","0.597018,0.195432,0.354390,0.177450",,
379,84642,500.0,316.32,0.022168624768315548,11.96140612077713,3079.124274492264,84627,"518.500916,499.926849","0.582100,0.179061,0.381937,0.193745",,
380,84894,252.0,315.17,0.021946938520632394,13.913109081250335,3087.0049707889557,84879,"519.444275,500.321838","0.567501,0.181426,0.399029,0.183673",,
381,85154,260.0,312.77,0.02172746913542607,21.514202201251802,3094.7121737003326,85139,"518.123352,499.707062","0.585568,0.204472,0.421574,0.182318",,
382,85511,357.0,312.98,0.021510194444071807,12.726617801924046,3105.3111503124237,85496,"518.179504,499.570312","0.587120,0.201049,0.426242,0.172383",,
383,85823,312.0,315.12,0.021295092499631088,13.868453398537941,3115.017115354538,85808,"518.576355,499.059174","0.598736,0.189050,0.414969,0.171289",,
384,86105,282.0,316.22,0.02108214157463478,15.082285756390569,3123.52086520195,86090,"518.038940,498.542755","0.624124,0.181340,0.396947,0.178175",,
385,86513,408.0,318.4,0.02087132015888843,11.864889939479967,3135.9662737846375,86498,"518.520142,498.894287","0.651566,0.203737,0.409391,0.162904",,
386,87013,500.0,321.41,0.020662606957299545,13.776889365524054,3151.507397890091,86998,"517.666809,497.890503","0.628626,0.179643,0.414201,0.175220",,
387,87484,471.0,324.61,0.02045598088772655,6.3196799868674285,3172.3736007213593,87469,"518.374207,498.613190","0.640857,0.178643,0.405742,0.163566",,
388,87982,498.0,327.55,0.020251421078849283,12.492626219090209,3190.240076303482,87967,"517.861694,497.962738","0.624270,0.181419,0.409957,0.159554",,
389,88482,500.0,329.7,0.02004890686806079,11.06938280671835,3208.734771490097,88467,"517.654846,497.556549","0.612770,0.158740,0.394293,0.153453",,
390,88968,486.0,332.18,0.019848417799380184,13.29844750295328,3225.5136036872864,88953,"517.571899,496.547821","0.632592,0.183832,0.413704,0.160041",,
391,89213,245.0,332.13,0.01964993362138638,13.452684544178904,3233.9274003505707,89198,"518.243774,498.811096","0.600384,0.191533,0.462470,0.162737",,
392,89523,310.0,333.31,0.019453434285172516,15.629009356614082,3244.4386899471283,89508,"518.844116,498.843475","0.607444,0.170066,0.437093,0.173069",,
393,90023,500.0,336.26,0.01925889994232079,16.909589689314366,3262.138298034668,90008,"517.616394,497.681244","0.624514,0.189498,0.476547,0.154283",,
394,90523,500.0,339.27,0.019066310942897582,10.828597139239312,3281.570193052292,90508,"517.799255,496.784912","0.631335,0.183270,0.495949,0.159650",,
395,91023,500.0,342.27,0.01887564783346861,17.966498111248015,3300.5599393844604,91008,"518.964905,497.758911","0.616249,0.176215,0.487259,0.165416",,
396,91511,488.0,345.1,0.018686891355133923,9.238893818171299,3317.126981973648,91496,"518.128113,497.160797","0.608139,0.156291,0.463732,0.154337",,
397,91986,475.0,347.16,0.01850002244158258,12.471834818438479,3332.845776319504,91971,"518.340759,497.512177","0.616526,0.200620,0.481557,0.157338",,
398,92486,500.0,350.15,0.018315022217166757,10.034578840434552,3349.3950850963593,92471,"518.122253,497.177338","0.611873,0.178182,0.470434,0.163961",,
399,92931,445.0,351.64,0.018131871994995087,9.111193173956336,3364.361964225769,92916,"518.071655,496.902527","0.617818,0.180989,0.466691,0.162674",242.4,10.150862032359617
400,93214,283.0,352.04,0.017950553275045137,11.994100213788002,3373.9548795223236,93199,"516.478333,494.890900","0.634133,0.193187,0.479431,0.139545",,
401,93651,437.0,353.92,0.017771047742294686,7.041374617296716,3388.2139263153076,93636,"516.728699,494.382904","0.631963,0.186250,0.514380,0.171238",,
402,94127,476.0,355.44,0.01759333726487174,10.693113106576835,3405.2802064418793,94112,"516.499329,495.409058","0.600246,0.197270,0.573156,0.160336",,
403,94593,466.0,357.89,0.017417403892223023,6.031191266241759,3419.8808903694153,94578,"516.958313,494.933929","0.597918,0.184417,0.622984,0.165462",,
404,94841,248.0,357.75,0.01724322985330079,17.547867675341905,3427.542660474777,94826,"516.335815,493.591003","0.600558,0.189056,0.608968,0.164037",,
405,95248,407.0,359.37,0.017070797554767782,7.721376842231071,3441.284876346588,95233,"516.068542,494.813141","0.606280,0.216950,0.610639,0.171145",,
406,95748,500.0,361.41,0.016900089579220106,9.036121100723744,3457.267071247101,95733,"516.901428,496.278809","0.547207,0.206620,0.632273,0.190601",,
407,96225,477.0,363.86,0.016731088683427903,6.356139978147903,3473.270325422287,96210,"515.418457,495.511047","0.525940,0.170574,0.595334,0.171699",,
408,96725,500.0,366.14,0.016563777796593626,12.016933350980281,3489.5934414863586,96710,"514.121155,492.790344","0.559515,0.160164,0.562305,0.149799",,
409,97009,284.0,366.89,0.016398140018627688,9.448506877193568,3499.7425689697266,96994,"513.953369,492.440826","0.580375,0.166872,0.554208,0.124845",,
410,97429,420.0,368.08,0.01623415861844141,8.802884688831512,3513.5874671936035,97414,"513.339417,490.966949","0.590500,0.185218,0.555369,0.153510",,
411,97876,447.0,368.8,0.016071817032256998,6.002265841568876,3527.8006834983826,97861,"514.518555,491.759644","0.602664,0.209466,0.592923,0.158228",,
412,98265,389.0,370.27,0.015911098861934425,4.184489603367441,3540.0449454784393,98250,"513.618164,491.426239","0.571528,0.191698,0.616390,0.169085",,
413,98756,491.0,372.87,0.015751987873315082,7.475959247338554,3554.6586034297943,98741,"514.155151,493.447418","0.532503,0.193368,0.619899,0.181632",,
414,99256,500.0,375.21,0.015594467994581931,11.48549730527401,3569.3072838783264,99241,"513.644836,494.269440","0.514929,0.219664,0.627236,0.179526",,
415,99756,500.0,377.95,0.015438523314636111,4.734407303929329,3584.5789539813995,99741,"511.657318,492.750122","0.493302,0.181736,0.608837,0.188662",,
416,100256,500.0,380.15,0.01528413808148975,11.076817402720451,3599.9992578029633,100241,"511.823608,492.667908","0.521034,0.207299,0.564477,0.188180",,
417,100756,500.0,382.75,0.015131296700674854,5.450777401328087,3615.442325592041,100741,"510.525513,491.625397","0.510563,0.182332,0.525471,0.158424",,
418,101256,500.0,384.39,0.014979983733668104,5.37985801616311,3630.959490776062,101241,"511.486603,492.879059","0.507917,0.219007,0.523062,0.161469",,
419,101756,500.0,386.61,0.014830183896331423,5.754408844709396,3646.377578496933,101741,"512.065369,494.653046","0.500361,0.218528,0.526658,0.198502",,
420,102256,500.0,389.06,0.014681882057368109,9.09762157714367,3661.8177421092987,102241,"510.412903,493.127167","0.533298,0.251048,0.569325,0.189867",,
421,102698,442.0,391.04,0.014535063236794427,7.327431238951726,3675.613250017166,102683,"510.033020,492.825592","0.540131,0.242284,0.552820,0.176154",,
422,103107,409.0,393.16,0.014389712604426484,10.420411229789403,3687.664967060089,103092,"509.156555,492.116302","0.535564,0.227407,0.577146,0.193564",,
423,103607,500.0,393.74,0.014245815478382218,14.944758444964886,3703.0105180740356,103592,"509.331268,492.331299","0.548655,0.237002,0.560980,0.189446",,
424,104107,500.0,396.57,0.014103357323598397,13.389938227683306,3717.9168033599854,104092,"509.245819,492.951202","0.569604,0.244096,0.573798,0.192195",,
425,104607,500.0,397.15,0.013962323750362412,6.512606370151043,3733.0085735321045,104592,"508.297150,492.240967","0.565938,0.242519,0.583269,0.179496",,
426,104955,348.0,398.39,0.013822700512858787,21.12871670671578,3743.9080386161804,104940,"507.788574,492.417297","0.551080,0.244648,0.583606,0.183663",,
427,105371,416.0,399.76,0.013684473507730199,10.401933188657635,3756.9277493953705,105356,"508.423462,492.923248","0.550167,0.236004,0.597462,0.212640",,
428,105871,500.0,402.14,0.013547628772652897,9.448681240856647,3772.0104262828827,105856,"507.375610,492.805817","0.560945,0.247621,0.608607,0.211590",,
429,106371,500.0,404.5,0.013412152484926368,12.634780545800924,3786.682671070099,106356,"507.991364,493.895477","0.551120,0.237803,0.618174,0.197033",,
430,106871,500.0,405.7,0.013278030960077104,13.840665304660797,3802.336824655533,106856,"506.423126,492.683319","0.549573,0.256395,0.650158,0.231802",,
431,107371,500.0,405.7,0.013145250650476333,11.366975924551486,3817.1657354831696,107356,"505.911469,493.154266","0.505278,0.254711,0.685919,0.250154",,
432,107790,419.0,404.89,0.01301379814397157,22.165583155604708,3829.7699451446533,107775,"504.971863,493.056641","0.509877,0.255611,0.709203,0.256150",,
433,108290,500.0,406.92,0.012883660162531854,8.587395368725062,3844.5833044052124,108275,"506.016083,494.012695","0.519343,0.239849,0.737500,0.239948",,
434,108790,500.0,410.35,0.012754823560906535,18.991113309323786,3859.8629903793335,108775,"504.484344,493.095764","0.537931,0.259905,0.724163,0.234174",,
435,109283,493.0,410.92,0.01262727532529747,17.285882567779044,3874.8551757335663,109268,"503.879974,492.604065","0.551580,0.258139,0.735812,0.231202",,
436,109783,500.0,414.28,0.012501002572044496,19.940922859489916,3890.5027623176575,109768,"503.668304,492.345428","0.557270,0.246111,0.747157,0.229215",,
437,110283,500.0,414.28,0.01237599254632405,14.743060215950011,3905.7922942638397,110268,"503.169495,492.443268","0.573382,0.244738,0.730360,0.207184",,
438,110697,414.0,414.35,0.012252232620860809,10.365628558008567,3918.052972793579,110682,"503.514709,493.298187","0.557337,0.248856,0.737872,0.228472",,
439,111197,500.0,416.08,0.012129710294652202,12.873774900794029,3932.734194993973,111182,"503.041962,493.338593","0.550219,0.241942,0.741302,0.229771",,
440,111697,500.0,418.46,0.01200841319170568,13.685561263263226,3948.2255325317383,111682,"502.388214,492.558197","0.559270,0.244214,0.724276,0.204907",,
441,111985,288.0,418.93,0.011888329059788622,13.590312996051377,3957.1772656440735,111970,"503.746521,493.544556","0.558226,0.238377,0.762916,0.226472",,
442,112485,500.0,421.59,0.011769445769190735,17.05361156219244,3972.8139622211456,112470,"502.847351,493.363770","0.524290,0.215777,0.760269,0.231829",,
443,112985,500.0,424.27,0.011651751311498829,17.672543511211874,3988.3045485019684,112970,"502.396118,493.535187","0.505471,0.214359,0.751967,0.233402",,
444,113485,500.0,425.73,0.01153523379838384,15.318476905941964,4003.528597354889,113470,"501.620667,493.188721","0.543720,0.241889,0.741111,0.226361",,
445,113985,500.0,427.66,0.011419881460400001,24.81110745665431,4019.3683857917786,113970,"500.458588,492.533264","0.551926,0.250903,0.748368,0.241782",,
446,114485,500.0,428.84,0.011305682645796001,17.9948096036613,4033.9702548980713,114470,"500.265442,492.329559","0.557158,0.260715,0.730935,0.223559",,
447,114985,500.0,431.06,0.011192625819338041,13.81334333896637,4062.106777906418,114970,"501.176849,492.669617","0.543948,0.248668,0.709255,0.218762",,
448,115485,500.0,432.67,0.011080699561144661,15.09911059448123,4084.219306945801,115470,"500.826111,492.441406","0.541443,0.233541,0.671539,0.197861",,
449,115985,500.0,432.67,0.010969892565533214,17.052493170678616,4106.172408103943,115970,"499.857452,491.561646","0.547040,0.231606,0.628908,0.182045",500.0,0.0
450,116485,500.0,434.17,0.010860193639877882,10.172708975464106,4128.218074321747,116470,"499.902527,491.557220","0.571497,0.243620,0.595695,0.169700",,
451,116855,370.0,435.47,0.010751591703479103,13.831341409522134,4144.063506126404,116840,"500.083130,491.916382","0.567874,0.252508,0.590475,0.178146",,
452,117355,500.0,436.86,0.010644075786444312,13.52478213480115,4165.019819259644,117340,"499.327271,491.396484","0.568184,0.240260,0.593448,0.162967",,
453,117668,313.0,436.6,0.01053763502857987,16.531067807239275,4181.273926734924,117653,"499.691833,491.826813","0.564317,0.251540,0.593158,0.168042",,
454,117918,250.0,435.01,0.01043225867829407,25.93406923854351,4192.241447925568,117903,"498.600464,490.932770","0.578353,0.248832,0.582458,0.154504",,
455,118234,316.0,433.17,0.01032793609151113,17.350152669780993,4206.302243709564,118219,"499.111816,491.162323","0.583296,0.269528,0.586632,0.161277",,
456,118523,289.0,431.06,0.010224656730596018,12.204670713486143,4218.36461186409,118508,"499.640106,491.457275","0.567703,0.256141,0.592679,0.162118",,
457,118802,279.0,430.11,0.010122410163290057,20.528141733031973,4229.244281053543,118787,"499.115509,491.137360","0.563956,0.251077,0.594753,0.159543",,
458,119111,309.0,430.52,0.010021186061657156,13.56498187575429,4240.1768136024475,119096,"498.899933,490.895477","0.572401,0.254995,0.598407,0.168063",,
459,119606,495.0,433.0,0.01,14.14618100633826,4258.769398450851,119591,"499.880524,491.295563","0.582842,0.263506,0.612277,0.161594",,
460,119986,380.0,433.83,0.01,13.656085806202732,4272.548179864883,119971,"499.054291,490.550507","0.589178,0.260555,0.625219,0.158388",,
461,120337,351.0,436.28,0.01,7.664456858360699,4284.607545614243,120322,"499.765045,490.718872","0.610739,0.249266,0.602686,0.164445",,
462,120837,500.0,436.57,0.01,13.203503089740872,4302.9811136722565,120822,"499.025726,489.870697","0.610374,0.264212,0.616593,0.165367",,
463,121337,500.0,437.6,0.01,12.249434070542454,4320.984646558762,121322,"499.477966,489.877655","0.616544,0.253270,0.621934,0.164595",,
464,121667,330.0,438.07,0.01,18.279902158045406,4332.877565145493,121652,"498.916870,489.373352","0.623903,0.255310,0.632671,0.163937",,
465,122148,481.0,438.03,0.01,12.774081528434634,4350.336262464523,122133,"498.844208,488.892242","0.636092,0.248405,0.653700,0.153549",,
466,122420,272.0,436.28,0.01,11.129506885060383,4359.9869475364685,122405,"499.116882,488.745789","0.618933,0.240960,0.685441,0.137629",,
467,122802,382.0,435.1,0.01,8.781898484160607,4375.11116361618,122787,"499.198059,489.338989","0.632823,0.246152,0.709793,0.159850",,
468,123144,342.0,433.87,0.01,19.517290871830014,4387.880073308945,123129,"499.755859,488.630035","0.627525,0.268883,0.746531,0.153250",,
469,123644,500.0,435.59,0.01,11.887565260738134,4404.769323825836,123629,"500.280731,489.404114","0.618417,0.235006,0.753307,0.108217",,
470,124144,500.0,435.59,0.01,17.14691554068029,4423.781040668488,124129,"504.001129,492.499878","0.615647,0.219540,0.838035,0.131168",,
471,124403,259.0,433.18,0.01,14.143034197879114,4432.838600158691,124388,"503.863892,493.189941","0.601550,0.208389,0.844001,0.138260",,
472,124677,274.0,430.92,0.01,29.34423010518951,4442.897709846497,124662,"504.137543,493.080750","0.626879,0.244545,0.884517,0.156501",,
473,124927,250.0,428.5,0.01,8.828536728978158,4451.003735542297,124912,"503.236633,492.363037","0.633496,0.248740,0.880868,0.156579",,
474,125191,264.0,427.84,0.01,22.606715383177455,4460.148433446884,125176,"503.185089,492.877472","0.616207,0.228085,0.873982,0.132295",,
475,125466,275.0,427.92,0.01,23.344705521518534,4470.378551006317,125451,"504.247375,493.243408","0.640423,0.228164,0.883496,0.144027",,
476,125966,500.0,427.92,0.01,16.145645088881253,4488.240953445435,125951,"505.431488,494.772705","0.650720,0.216782,0.892178,0.146985",,
477,126466,500.0,428.24,0.01,18.873595196008683,4507.077878952026,126451,"505.608368,495.399689","0.666487,0.242289,0.896771,0.173458",,
478,126696,230.0,425.54,0.01,20.921218353769053,4514.768951416016,126681,"504.871063,494.735107","0.682552,0.243483,0.907112,0.175464",,
479,127002,306.0,423.6,0.01,11.797784293009565,4524.999485254288,126987,"505.155701,497.415131","0.673655,0.232297,0.903529,0.163704",,
480,127269,267.0,423.75,0.01,22.36052449521947,4535.048980474472,127254,"505.905975,498.439117","0.679513,0.250295,0.914832,0.166234",,
481,127570,301.0,424.16,0.01,21.92078038089695,4545.389034748077,127555,"505.205109,497.970215","0.675986,0.241733,0.908080,0.169529",,
482,127862,292.0,423.51,0.01,14.117662141788495,4554.872550725937,127847,"504.652679,498.079437","0.690456,0.233561,0.874388,0.148803",,
483,128177,315.0,423.54,0.01,12.246371019643451,4565.880512237549,128162,"504.280975,498.118256","0.656313,0.229538,0.884192,0.145608",,
484,128527,350.0,424.22,0.01,18.51747159055301,4577.905851364136,128512,"504.979797,497.797302","0.670564,0.249091,0.896801,0.164966",,
485,128757,230.0,422.44,0.01,23.98286250959272,4585.544418811798,128742,"505.123505,497.291290","0.666991,0.235721,0.900734,0.129576",,
486,129115,358.0,421.02,0.01,20.185053416803562,4598.069271326065,129100,"505.849518,497.178223","0.653244,0.242585,0.913881,0.147864",,
487,129140,25.0,416.56,0.01,22.607844409942626,4598.899314165115,129125,"506.304993,497.593842","0.647653,0.245244,0.918237,0.143518",,
488,129366,226.0,413.84,0.01,11.74920694648692,4607.231113433838,129351,"507.518585,498.669098","0.628408,0.238588,0.963959,0.181884",,
489,129866,500.0,413.84,0.01,25.519904862880708,4626.823945045471,129851,"508.560730,500.763000","0.627272,0.259111,0.969067,0.182042",,
490,130179,313.0,412.11,0.01,23.98461497344148,4638.639517068863,130164,"507.635895,500.550079","0.626560,0.268881,0.971350,0.185910",,
491,130420,241.0,412.07,0.01,57.549546079022264,4647.139176607132,130405,"506.437073,500.885406","0.632935,0.291659,0.989946,0.159269",,
492,130698,278.0,411.75,0.01,35.71138401168714,4657.849866628647,130683,"505.783569,500.755005","0.605996,0.287738,0.989502,0.156026",,
493,130930,232.0,409.07,0.01,52.83435097131236,4665.9305164813995,130915,"506.224182,500.047333","0.605217,0.307086,1.002791,0.156365",,
494,131158,228.0,406.35,0.01,41.71191466429777,4673.961600065231,131143,"507.334045,501.263733","0.583950,0.293822,0.998660,0.166952",,
495,131479,321.0,404.56,0.01,38.925388710149726,4686.206706762314,131464,"506.170135,499.680450","0.572596,0.281912,0.995548,0.175364",,
496,131683,204.0,401.72,0.01,46.1251061564567,4693.253354549408,131668,"505.520569,498.331116","0.592667,0.285393,0.980358,0.176980",,
497,131922,239.0,399.36,0.01,31.79190999094911,4701.499843120575,131907,"505.097626,497.831696","0.591117,0.278764,0.960819,0.171902",,
498,132195,273.0,397.09,0.01,41.903900608474956,4711.958458662033,132180,"504.414459,497.696442","0.584915,0.277565,0.942581,0.156253",,
499,132477,282.0,395.46,0.01,43.56474469971995,4721.869432926178,132462,"503.950134,497.445038","0.584751,0.275608,0.917611,0.148168",16.4,1.4966629547095764
500,132506,29.0,392.92,0.01,118.77822119614174,4722.890982627869,132491,"504.246399,496.701752","0.591396,0.280985,0.907530,0.145500",,
501,132533,27.0,388.82,0.01,36.32026326214826,4723.944572210312,132518,"504.040741,496.734680","0.591986,0.282965,0.902284,0.146019",,
502,132560,27.0,384.33,0.01,54.08952312999301,4725.101741075516,132545,"503.927277,496.567047","0.595137,0.285472,0.896332,0.147598",,
503,132837,277.0,382.44,0.01,29.60259837751354,4735.491840362549,132822,"504.061462,496.351776","0.605175,0.289841,0.910521,0.180347",,
504,133051,214.0,382.1,0.01,29.916564453428037,4743.906761884689,133036,"504.377716,496.333496","0.608568,0.295988,0.909582,0.196199",,
505,133266,215.0,380.18,0.01,42.49361514878827,4751.655573606491,133251,"503.906738,495.524139","0.613321,0.302305,0.911317,0.203334",,
506,133483,217.0,377.35,0.01,20.528958306334534,4759.14510345459,133468,"504.503662,496.071869","0.601247,0.299123,0.904799,0.193659",,
507,133715,232.0,374.9,0.01,23.13061502062041,4767.3909504413605,133700,"503.302185,494.978516","0.606606,0.303785,0.887670,0.186497",,
508,133949,234.0,372.24,0.01,30.580256048430744,4776.060241937637,133934,"504.064941,495.567017","0.592721,0.301260,0.870565,0.192813",,
509,134152,203.0,371.43,0.01,35.2513019686262,4783.610319137573,134137,"504.724121,495.579834","0.603840,0.317530,0.878962,0.199037",,
510,134349,197.0,369.2,0.01,30.865278395299377,4791.154908895493,134334,"505.878967,496.451294","0.603946,0.334459,0.888616,0.203599",,
511,134553,204.0,366.77,0.01,27.86070944514929,4798.991535663605,134538,"506.168640,496.139465","0.580118,0.314884,0.913662,0.217365",,
512,134817,264.0,365.52,0.01,31.235296631401237,4808.665416240692,134802,"505.277100,494.886963","0.601676,0.333129,0.914134,0.236518",,
513,135030,213.0,362.74,0.01,19.734012442015707,4816.5780165195465,135015,"506.182678,495.872894","0.577289,0.316567,0.923061,0.237129",,
514,135223,193.0,359.67,0.01,24.369426590791022,4823.53351354599,135208,"506.189667,495.512756","0.569351,0.321029,0.912450,0.231464",,
515,135455,232.0,356.99,0.01,39.25278492528817,4832.146286487579,135440,"506.368530,495.574127","0.568078,0.329528,0.908356,0.225514",,
516,135712,257.0,354.56,0.01,40.75302519130336,4841.143879413605,135697,"505.228333,494.586853","0.570095,0.336404,0.898842,0.225200",,
517,135978,266.0,352.22,0.01,50.826626629757705,4851.096942663193,135963,"504.691681,493.425079","0.569595,0.352955,0.904200,0.247720",,
518,136188,210.0,349.32,0.01,38.13815248353141,4859.84846663475,136173,"504.413849,492.859375","0.572246,0.356059,0.884630,0.227168",,
519,136408,220.0,346.52,0.01,27.890582058646462,4867.654059886932,136393,"503.792389,492.806732","0.548151,0.342604,0.906881,0.254999",,
520,136624,216.0,343.68,0.01,35.43077443705665,4876.22971534729,136609,"504.464630,492.429901","0.553832,0.347254,0.892069,0.243209",,
521,136910,286.0,342.12,0.01,29.331835610049588,4886.191159725189,136895,"504.036865,491.618011","0.562582,0.344718,0.868774,0.229242",,
522,137272,362.0,341.65,0.01,28.923600926089684,4899.876404762268,137257,"502.588226,490.143188","0.561973,0.351574,0.858442,0.239401",,
523,137497,225.0,338.9,0.01,24.2000825325648,4907.883048772812,137482,"501.941193,489.828522","0.545510,0.350220,0.849088,0.219143",,
524,137746,249.0,336.39,0.01,23.337779056834407,4917.431537628174,137731,"501.569855,488.633820","0.551493,0.353063,0.836328,0.210022",,
525,137977,231.0,333.7,0.01,16.98404726140943,4927.19815826416,137962,"501.923462,488.866547","0.537086,0.332997,0.837091,0.213402",,
526,138196,219.0,332.41,0.01,20.435505430448,4934.843961238861,138181,"502.297394,488.701843","0.539909,0.335639,0.836550,0.223882",,
527,138399,203.0,330.28,0.01,28.265358404866582,4943.458526611328,138384,"501.494995,487.811401","0.549355,0.342044,0.822794,0.227956",,
528,138681,282.0,328.1,0.01,19.012078565063206,4956.300565242767,138666,"500.774872,487.172668","0.544583,0.343233,0.815034,0.235086",,
529,138881,200.0,325.1,0.01,16.700868033468723,5114.576919078827,138866,"501.757416,487.259430","0.535117,0.336476,0.810993,0.212866",,
530,139114,233.0,322.43,0.01,20.837387098007447,5125.675138711929,139099,"501.811340,487.023987","0.542355,0.336971,0.801349,0.215833",,
531,139367,253.0,319.96,0.01,14.087742561408183,5134.58916926384,139352,"502.411682,487.620331","0.520633,0.319776,0.795305,0.204916",,
532,139742,375.0,319.52,0.01,20.17914478969574,5147.0412774086,139727,"501.092407,485.864838","0.541601,0.331716,0.767004,0.207241",,
533,139977,235.0,316.87,0.01,12.066473494184779,5154.388075590134,139962,"499.889740,484.813629","0.553740,0.328679,0.759641,0.222531",,
534,140186,209.0,313.96,0.01,10.206120886871119,5161.0391182899475,140171,"499.828979,484.611511","0.554881,0.327185,0.744843,0.205266",,
535,140394,208.0,311.11,0.01,7.475697856969559,5168.135048627853,140379,"499.509277,484.253418","0.564563,0.330863,0.745655,0.210111",,
536,140639,245.0,308.56,0.01,7.747552089666834,5176.08596944809,140624,"499.385651,484.464935","0.561039,0.322132,0.739640,0.198926",,
537,140870,231.0,305.87,0.01,8.736349961458346,5183.593003034592,140855,"498.885986,484.497925","0.549988,0.311312,0.732657,0.204859",,
538,141112,242.0,304.15,0.01,6.261189386987489,5191.059984207153,141097,"498.208191,484.281403","0.545254,0.297274,0.717392,0.186343",,
539,141333,221.0,301.36,0.01,7.157858854370419,5198.124913454056,141318,"496.990936,483.590973","0.530305,0.286011,0.719322,0.189864",,
540,141551,218.0,298.54,0.01,6.854338022273615,5205.649634599686,141536,"496.388245,483.369476","0.543936,0.293334,0.711260,0.189148",,
541,141761,210.0,297.76,0.01,5.796478857029052,5212.4632313251495,141746,"496.365356,483.398529","0.538843,0.284299,0.709546,0.198836",,
542,141990,229.0,295.05,0.01,5.16115453032427,5220.284670114517,141975,"496.100861,483.137115","0.543063,0.282379,0.703396,0.198072",,
543,142190,200.0,292.05,0.01,3.7624159549176692,5227.4245438575745,142175,"495.263458,482.797363","0.557697,0.283206,0.679849,0.194898",,
544,142395,205.0,289.1,0.01,3.6225804354359465,5234.636217832565,142380,"496.130768,483.142883","0.559994,0.286974,0.674258,0.185142",,
545,142650,255.0,286.65,0.01,3.7211129374656022,5242.988816022873,142635,"494.569061,482.680969","0.547363,0.269116,0.676089,0.184240",,
546,142854,204.0,283.69,0.01,2.3656679335616384,5249.6462388038635,142839,"494.444305,482.532166","0.533158,0.255513,0.670104,0.176662",,
547,143102,248.0,281.17,0.01,4.475769280275751,5257.240782260895,143087,"493.591766,482.120941","0.554552,0.260377,0.647850,0.169922",,
548,143394,292.0,279.09,0.01,2.491890153248016,5266.400485754013,143379,"493.698242,482.243774","0.549516,0.250038,0.630590,0.161605",,
549,143681,287.0,276.96,0.01,2.0686962363611947,5275.238797426224,143666,"494.159637,482.748718","0.561786,0.241352,0.607418,0.161630",415.8,68.34442186455308
550,144051,370.0,275.66,0.01,1.3217980751113312,5287.385771274567,144036,"492.791107,481.697144","0.548946,0.227632,0.587420,0.152478",,
551,144082,31.0,272.27,0.01,1.0994144774252368,5288.270814418793,144067,"492.583405,481.587830","0.549633,0.227830,0.585886,0.149308",,
552,144206,124.0,268.51,0.01,1.3378596552797863,5291.814836502075,144191,"492.321625,481.228241","0.545916,0.225239,0.582367,0.139961",,
553,144539,333.0,268.71,0.01,2.3257434143944904,5301.658774614334,144524,"492.291290,481.179565","0.554505,0.227718,0.570387,0.161948",,
554,144761,222.0,268.43,0.01,1.1215302124619484,5308.067225217819,144746,"492.350769,481.074615","0.542135,0.216072,0.596581,0.175544",,
555,144971,210.0,267.37,0.01,2.339006958334219,5314.668266534805,144956,"491.262299,480.128265","0.536654,0.207377,0.599707,0.170677",,
556,145171,200.0,266.48,0.01,4.714479499459267,5320.82124042511,145156,"491.033813,480.453278","0.546819,0.229204,0.599360,0.170911",,
557,145369,198.0,265.67,0.01,1.8297636992853097,5327.212866067886,145354,"489.702972,480.026581","0.529126,0.218069,0.604406,0.162274",,
558,145619,250.0,265.08,0.01,1.3358793266415596,5334.780667304993,145604,"489.417999,479.775909","0.527190,0.206419,0.614401,0.171087",,
559,145843,224.0,262.37,0.01,2.4852795650118162,5342.09140253067,145828,"489.027283,480.029572","0.513655,0.196898,0.613508,0.156035",,
560,146113,270.0,261.27,0.01,2.3208167459953715,5351.078500747681,146098,"487.862732,479.038635","0.518178,0.203990,0.618959,0.172216",,
561,146293,180.0,259.56,0.01,1.9185724043183856,5356.625399589539,146278,"490.724762,481.340424","0.520129,0.210925,0.655211,0.165487",,
562,146527,234.0,256.9,0.01,1.7857481674251394,5363.816372871399,146512,"488.693268,479.910278","0.490167,0.187075,0.669147,0.177996",,
563,146774,247.0,254.37,0.01,2.710011234650245,5371.028904914856,146759,"487.140167,479.269043","0.498912,0.189260,0.652668,0.142198",,
564,147070,296.0,254.03,0.01,2.632819085658805,5380.422501325607,147055,"487.087555,478.459717","0.501548,0.180756,0.652534,0.155939",,
565,147297,227.0,251.49,0.01,2.0496547537884524,5387.066293001175,147282,"485.046356,477.955231","0.484828,0.187264,0.657952,0.143528",,
566,147540,243.0,251.2,0.01,1.3527394057914552,5393.960429191589,147525,"485.309387,479.032654","0.472945,0.189388,0.666252,0.134445",,
567,147763,223.0,249.61,0.01,1.3649886847210573,5400.680132389069,147748,"485.456818,479.043579","0.467183,0.177972,0.676057,0.137801",,
568,148002,239.0,248.58,0.01,1.801481541043545,5408.513542175293,147987,"484.716339,479.287842","0.456176,0.176340,0.688838,0.128907",,
569,148262,260.0,246.18,0.01,2.68897186067815,5416.399600028992,148247,"485.253479,479.455048","0.437468,0.185128,0.697650,0.129331",,
570,148541,279.0,243.97,0.01,2.670232188477311,5424.663642644882,148526,"488.211823,481.345703","0.459917,0.178012,0.693708,0.124064",,
571,148782,241.0,243.79,0.01,2.1851147918409333,5431.978980541229,148767,"493.135864,482.625153","0.490211,0.172777,0.696542,0.144768",,
572,149090,308.0,244.13,0.01,3.1527337383043457,5441.917795181274,149075,"491.303619,483.665009","0.479264,0.174803,0.735963,0.136579",,
573,149175,85.0,242.48,0.01,6.440692263491013,5444.364955186844,149160,"489.545135,482.204865","0.468908,0.163406,0.728753,0.122517",,
574,149305,130.0,241.14,0.01,4.053149027320055,5448.228994131088,149290,"489.176208,482.653870","0.461631,0.154718,0.733166,0.117241",,
575,149435,130.0,239.69,0.01,6.939214692780605,5451.9230625629425,149420,"487.499329,483.906952","0.439427,0.155757,0.729484,0.115161",,
576,149540,105.0,235.74,0.01,4.6594772784482865,5454.947326421738,149525,"489.342987,485.559937","0.422925,0.147666,0.741518,0.115400",,
577,149569,29.0,231.03,0.01,13.952231156414953,5455.761389255524,149554,"488.717285,485.078888","0.428361,0.149882,0.745464,0.120099",,
578,149814,245.0,231.18,0.01,21.095657941516563,5463.236921072006,149799,"493.791901,486.659119","0.474413,0.179963,0.725707,0.194230",,
579,150031,217.0,230.29,0.01,8.99147123125841,5470.039218187332,150016,"496.300201,485.851868","0.525693,0.216308,0.723284,0.216836",,
580,150531,500.0,232.62,0.01,14.250136051476002,5484.769428491592,150516,"494.635437,483.205811","0.492714,0.219813,0.671456,0.213910",,
581,150875,344.0,233.05,0.01,14.130684837525667,5495.073531866074,150860,"492.992676,481.781647","0.496868,0.221150,0.631420,0.222653",,
582,151110,235.0,232.48,0.01,10.692874188372429,5502.814993143082,151095,"494.529755,482.113220","0.491821,0.211100,0.618910,0.229355",,
583,151529,419.0,233.52,0.01,12.29928154706386,5515.504788160324,151514,"490.445587,477.995148","0.484608,0.204761,0.607394,0.228586",,
584,151928,399.0,234.01,0.01,8.92505155141491,5527.363935709,151913,"491.054810,478.336884","0.507984,0.233313,0.604915,0.240565",,
585,152428,500.0,236.71,0.01,8.789655770897864,5541.680531740189,152413,"486.591431,475.323029","0.511458,0.229753,0.576948,0.210849",,
586,152718,290.0,236.03,0.01,8.455883824825287,5550.069051980972,152703,"484.831573,474.975098","0.502772,0.230272,0.559166,0.220759",,
587,153069,351.0,239.29,0.01,10.868488458741425,5561.127965688705,153054,"481.449493,473.876678","0.503454,0.236786,0.535923,0.191388",,
588,153311,242.0,239.45,0.01,10.527631848311621,5568.348367214203,153296,"483.520599,475.282013","0.503776,0.232888,0.512049,0.204985",,
589,153664,353.0,237.98,0.01,6.290458627530604,5578.665541172028,153649,"481.874298,474.683563","0.514489,0.238949,0.514693,0.202664",,
590,153967,303.0,237.88,0.01,9.19429215916706,5588.730405330658,153952,"481.926727,476.465973","0.509160,0.225203,0.527232,0.180686",,
591,154196,229.0,237.76,0.01,12.344580741948956,5595.476933479309,154181,"481.548492,476.607056","0.523793,0.210788,0.572476,0.185935",,
592,154630,434.0,239.32,0.01,8.772824006352556,5609.023485660553,154615,"479.070251,475.977875","0.558834,0.202173,0.508450,0.166008",,
593,154860,230.0,239.3,0.01,12.114465452017992,5616.411372423172,154845,"479.280884,474.997162","0.574661,0.219137,0.512483,0.183207",,
594,155086,226.0,239.28,0.01,12.165396257180028,5622.927525520325,155071,"479.602875,474.694794","0.576744,0.211524,0.515092,0.215061",,
595,155538,452.0,240.59,0.01,12.617563975002385,5635.979708909988,155523,"478.326111,472.828461","0.587448,0.208851,0.492211,0.183106",,
596,155842,304.0,241.59,0.01,10.068230232125835,5645.216845035553,155827,"476.053467,472.623840","0.602586,0.204142,0.487437,0.164635",,
597,156230,388.0,243.08,0.01,9.543136235288124,5656.417706012726,156215,"475.804657,472.902985","0.612928,0.196300,0.481099,0.180722",,
598,156538,308.0,243.43,0.01,15.25935496283429,5665.117951393127,156523,"474.902466,471.864777","0.610510,0.186869,0.466639,0.195458",,
599,156816,278.0,243.39,0.01,14.492159540597484,5673.15728354454,156801,"474.343079,471.238800","0.610145,0.190694,0.463128,0.200310",500.0,0.0
600,157004,188.0,244.98,0.01,11.735336234277867,5678.745544433594,156989,"474.749512,471.607483","0.636891,0.215064,0.484873,0.200105",,
601,157388,384.0,248.55,0.01,10.547862424049526,5690.477860689163,157373,"474.466614,471.852905","0.634012,0.187130,0.481703,0.190739",,
602,157712,324.0,251.52,0.01,12.399722481767336,5700.018993616104,157697,"472.666656,471.335205","0.655610,0.180204,0.500377,0.202476",,
603,158008,296.0,251.71,0.01,7.705457675497274,6078.87337064743,157993,"470.702423,471.410370","0.649661,0.164274,0.480417,0.180594",,
604,158469,461.0,254.18,0.01,10.338535500969131,6093.303318500519,158454,"466.726654,470.245544","0.654748,0.168412,0.441220,0.151635",,
605,158805,336.0,255.39,0.01,6.908915117383003,6102.891577005386,158790,"466.075287,471.375916","0.677795,0.164928,0.435514,0.129563",,
606,158962,157.0,254.79,0.01,7.541239237519586,6107.783809423447,158947,"465.442047,471.152832","0.691495,0.170043,0.437358,0.128744",,
607,159244,282.0,255.29,0.01,7.344569818453586,6115.971322774887,159229,"465.091095,470.227142","0.716614,0.173600,0.435761,0.150189",,
608,159741,497.0,257.92,0.01,8.176303164280156,6130.336993932724,159726,"461.134460,470.128937","0.689419,0.139625,0.420607,0.160540",,
609,160241,500.0,260.89,0.01,4.56222035753727,6144.900530099869,160226,"459.442902,472.057983","0.659671,0.125843,0.411544,0.140670",,
610,160543,302.0,261.94,0.01,12.87983765043565,6153.574011564255,160528,"458.485840,471.765991","0.685259,0.148425,0.403098,0.098540",,
611,160630,87.0,260.77,0.01,6.194997909767874,6156.111735582352,160615,"457.636108,470.763519","0.690636,0.142406,0.399834,0.112718",,
612,160834,204.0,260.17,0.01,3.6720557230360367,6162.0976819992065,160819,"456.075226,470.211212","0.679391,0.131219,0.402114,0.124535",,
613,161040,206.0,260.1,0.01,5.394670857026161,6168.293259143829,161025,"455.882202,470.143433","0.676661,0.141332,0.401753,0.123908",,
614,161307,267.0,260.84,0.01,5.831969300682625,6176.242330312729,161292,"454.599762,469.420013","0.695069,0.152632,0.422703,0.114989",,
615,161541,234.0,260.86,0.01,4.101835301925993,6183.162624835968,161526,"454.445587,469.559845","0.697184,0.155131,0.423227,0.125574",,
616,162041,500.0,263.29,0.01,7.41885961599648,6197.851644992828,162026,"452.018097,469.920288","0.702901,0.162630,0.423730,0.123849",,
617,162541,500.0,265.63,0.01,7.706919911235571,6212.341000080109,162526,"449.999664,468.812531","0.719133,0.150232,0.408414,0.136834",,
618,162717,176.0,265.29,0.01,2.8023791860958394,6217.619430065155,162702,"449.783691,469.041412","0.714154,0.151878,0.418507,0.142456",,
619,163007,290.0,265.99,0.01,8.524426798573856,6226.321143865585,162992,"448.662933,468.255890","0.730374,0.161547,0.409749,0.131556",,
620,163200,193.0,265.76,0.01,4.639730289578438,6232.180118083954,163185,"448.048737,467.780579","0.731706,0.153370,0.403312,0.133424",,
621,163700,500.0,267.9,0.01,5.8612355656027795,6246.864580154419,163685,"448.271393,467.964508","0.735307,0.158175,0.431661,0.129347",,
622,163996,296.0,267.24,0.01,4.5780444849483874,6255.720831155777,163981,"449.312927,468.230591","0.746291,0.168490,0.441646,0.134093",,
623,164213,217.0,267.16,0.01,13.385139719544467,6262.255713224411,164198,"449.095154,467.105927","0.771633,0.170189,0.448476,0.148630",,
624,164493,280.0,267.47,0.01,3.943504899687001,6270.428190231323,164478,"448.813385,467.503418","0.765551,0.164168,0.478716,0.141967",,
625,164711,218.0,267.34,0.01,2.870247640125795,6276.745259046555,164696,"448.763458,467.419189","0.768180,0.158636,0.489264,0.144999",,
626,164987,276.0,267.91,0.01,4.238657588166172,6284.841789722443,164972,"448.379578,467.221191","0.771300,0.156490,0.505643,0.145682",,
627,165210,223.0,268.11,0.01,2.2659338793546095,6291.506160497665,165195,"448.909058,467.500916","0.777158,0.165656,0.516181,0.146181",,
628,165389,179.0,267.08,0.01,5.926277278438627,6296.685381889343,165374,"448.274139,466.880432","0.794358,0.180526,0.510959,0.151828",,
629,165594,205.0,267.13,0.01,3.2034638146801693,6302.554892539978,165579,"448.063080,466.769073","0.797472,0.174763,0.527649,0.146997",,
630,165785,191.0,266.71,0.01,11.00734156299948,6308.183362722397,165770,"446.837433,465.538116","0.797844,0.169067,0.537984,0.139211",,
631,166050,265.0,266.83,0.01,21.918894013706243,6316.139404535294,166035,"455.974762,469.884827","0.751388,0.140055,0.539819,0.183818",,
632,166257,207.0,265.15,0.01,24.194150861910575,6322.444203615189,166242,"458.914734,470.792053","0.753466,0.155006,0.541109,0.197171",,
633,166390,133.0,264.13,0.01,39.837967584007664,6326.406198978424,166375,"458.694458,470.190979","0.772502,0.172974,0.526561,0.189836",,
634,166574,184.0,263.88,0.01,13.241695826144323,6331.853877067566,166559,"455.149231,468.754639","0.784688,0.176600,0.517343,0.184709",,
635,166718,144.0,263.24,0.01,26.041546614426707,6336.0206780433655,166703,"453.457672,467.339935","0.814123,0.198118,0.509875,0.167934",,
636,166837,119.0,261.98,0.01,12.01694851074399,6339.452794551849,166822,"452.922089,466.568604","0.832877,0.200789,0.495857,0.179355",,
637,166944,107.0,260.74,0.01,4.82916928061815,6342.585016012192,166929,"452.315948,466.352417","0.834662,0.205399,0.497582,0.169657",,
638,167103,159.0,259.91,0.01,18.131500833064504,6347.293520450592,167088,"452.019897,466.434967","0.822867,0.197486,0.515884,0.182799",,
639,167559,456.0,262.26,0.01,14.333510224037527,6360.65237903595,167544,"453.127533,467.823792","0.784778,0.173619,0.536580,0.197137",,
640,167867,308.0,263.16,0.01,36.05571238367588,6369.560352087021,167852,"460.623444,471.085907","0.755880,0.179669,0.537740,0.224606",,
641,168334,467.0,265.73,0.01,35.94222756907567,6383.512016296387,168319,"459.861206,471.256348","0.759185,0.211916,0.595945,0.259361",,
642,168806,472.0,268.16,0.01,32.72798385559502,6397.580688714981,168791,"460.829346,472.265076","0.758746,0.232999,0.600565,0.237639",,
643,169306,500.0,271.16,0.01,41.35090131425858,6426.839148283005,169291,"459.679657,470.007477","0.796351,0.263802,0.619180,0.234001",,
644,169794,488.0,273.99,0.01,20.702654698344528,6441.89622926712,169779,"461.434875,470.088348","0.792602,0.294054,0.624659,0.237626",,
645,170032,238.0,273.82,0.01,26.731094074349443,6449.459734678268,170017,"461.825470,469.626770","0.808914,0.319406,0.609111,0.219336",,
646,170292,260.0,274.38,0.01,22.169652103919248,6457.619765758514,170277,"462.156036,469.866455","0.805289,0.318746,0.603888,0.217061",,
647,170524,232.0,274.22,0.01,15.554054416459183,6465.007046461105,170509,"463.739349,470.634491","0.804947,0.331149,0.601959,0.210915",,
648,170825,301.0,274.31,0.01,28.546000624415882,6474.533341169357,170810,"463.717072,470.759888","0.809996,0.346424,0.617738,0.239428",,
649,171325,500.0,276.44,0.01,24.726442924261093,6490.179223775864,171310,"467.082153,472.040741","0.805615,0.347919,0.593311,0.241278",480.2,39.6
650,171825,500.0,277.74,0.01,28.36579472613335,6505.223212003708,171810,"467.838074,472.347382","0.792113,0.361730,0.584128,0.255477",,
651,172067,242.0,279.85,0.01,27.690412151665726,6512.652106761932,172052,"467.997986,472.872803","0.795330,0.374102,0.591151,0.259137",,
652,172508,441.0,283.02,0.01,30.59557812338243,6525.688036680222,172493,"468.409332,473.802917","0.784159,0.383183,0.553748,0.254532",,
653,172717,209.0,281.78,0.01,47.35019645166169,6532.833954811096,172702,"468.939880,474.002869","0.795083,0.393057,0.540572,0.256168",,
654,173014,297.0,282.53,0.01,25.855788915245622,6541.646708726883,172999,"471.703857,476.655823","0.779892,0.405847,0.548166,0.271125",,
655,173372,358.0,284.01,0.01,28.369418747598232,6552.364255666733,173357,"472.512207,479.088776","0.777171,0.436316,0.585982,0.270100",,
656,173790,418.0,286.19,0.01,37.35862440983074,6564.644359111786,173775,"474.081207,481.564392","0.789134,0.452510,0.606425,0.293990",,
657,174074,284.0,287.05,0.01,51.75922494874874,6573.074857234955,174059,"475.039551,482.594543","0.782159,0.462050,0.577225,0.286476",,
658,174413,339.0,287.94,0.01,41.408799696812586,6584.414412736893,174398,"474.518829,484.041138","0.784361,0.473109,0.601391,0.297651",,
659,174913,500.0,290.7,0.01,50.315738347768786,6600.994391441345,174898,"476.068298,485.898804","0.791717,0.486857,0.572799,0.295025",,
660,175246,333.0,291.33,0.01,55.703593654317544,6612.061218261719,175231,"476.121643,485.586426","0.806523,0.510800,0.575772,0.301468",,
661,175746,500.0,294.53,0.01,50.59790280270577,6627.177273988724,175731,"475.701660,485.947662","0.819690,0.490724,0.541425,0.303638",,
662,176246,500.0,297.19,0.01,47.66046522903442,6642.554631233215,176231,"476.788300,487.243652","0.812231,0.482024,0.541431,0.286463",,
663,176746,500.0,299.72,0.01,47.12206534075737,6657.786889076233,176731,"474.705627,484.541229","0.842519,0.498185,0.532817,0.292455",,
664,177246,500.0,301.76,0.01,41.31018763017654,6673.184076786041,177231,"473.274384,483.611115","0.851242,0.492858,0.530260,0.301606",,
665,177746,500.0,304.49,0.01,23.256796130895616,6688.050075054169,177731,"470.544861,484.372498","0.829606,0.475741,0.533150,0.295949",,
666,178075,329.0,305.35,0.01,27.205508635580358,6700.356964826584,178060,"468.528259,482.713226","0.845151,0.480197,0.528604,0.295683",,
667,178287,212.0,305.24,0.01,16.575934442427922,6709.120524406433,178272,"467.794098,481.692810","0.837945,0.480656,0.535512,0.278179",,
668,178620,333.0,306.18,0.01,27.5948531552478,6726.65193104744,178605,"467.427063,479.983521","0.835980,0.472810,0.529519,0.272304",,
669,178900,280.0,306.38,0.01,35.92183195437704,6741.156842947006,178885,"466.984558,478.771667","0.852636,0.479988,0.517527,0.280074",,
670,179274,374.0,307.33,0.01,39.1987341663098,6760.910089015961,179259,"465.863525,478.657043","0.860165,0.479297,0.495925,0.275744",,
671,179573,299.0,307.91,0.01,32.52917404099053,6777.113609313965,179558,"466.501831,476.738831","0.855794,0.475703,0.482611,0.288657",,
672,179743,170.0,306.53,0.01,31.682221537828447,6786.404373407364,179728,"465.108429,476.752808","0.855617,0.460688,0.488985,0.280428",,
673,180243,500.0,310.68,0.01,26.030459438562392,6813.317889213562,180228,"464.558899,477.372681","0.837130,0.461598,0.481316,0.287687",,
674,180743,500.0,314.38,0.01,20.955384144067764,6869.2028086185455,180728,"464.000519,477.580048","0.823264,0.448377,0.478886,0.275899",,
675,181106,363.0,316.71,0.01,23.470236797799092,6920.484889268875,181091,"462.863251,475.229919","0.831757,0.443863,0.466057,0.273338",,
676,181606,500.0,320.66,0.01,31.660986113905906,6994.019873857498,181591,"462.663025,473.622437","0.830455,0.400046,0.478987,0.275820",,
677,182106,500.0,325.37,0.01,31.22949348592758,7065.92125582695,182091,"462.048737,475.006348","0.817663,0.377064,0.463924,0.269321",,
678,182606,500.0,327.92,0.01,31.686423744440077,7147.534345149994,182591,"461.818542,478.461884","0.793385,0.346966,0.458676,0.244185",,
679,182877,271.0,328.46,0.01,18.994213986880666,7193.911267757416,182862,"465.042603,485.730499","0.744304,0.324361,0.473564,0.218067",,
680,183036,159.0,325.05,0.01,110.74763104975598,7219.6883001327515,183021,"466.396301,486.589569","0.723523,0.343064,0.538643,0.240677",,
681,183183,147.0,323.08,0.01,133.63669293591767,7243.523712873459,183168,"465.199280,485.372192","0.733961,0.374573,0.546527,0.238960",,
682,183365,182.0,322.55,0.01,53.54504901498229,7271.878219842911,183350,"463.779358,484.897339","0.747073,0.375759,0.554054,0.234274",,
683,183608,243.0,320.79,0.01,66.07913383633021,7308.279563426971,183593,"462.959198,483.636688","0.749169,0.374149,0.598332,0.263886",,
684,184072,464.0,321.44,0.01,54.33069009102624,7376.221657037735,184057,"460.870087,482.316559","0.726235,0.379730,0.672722,0.296003",,
685,184572,500.0,321.44,0.01,64.17280749559403,7453.36713552475,184557,"459.606812,482.622406","0.707257,0.386280,0.734649,0.312215",,
686,185072,500.0,323.54,0.01,59.94328449654579,7525.770665168762,185057,"460.298676,483.375488","0.676096,0.402603,0.763571,0.309108",,
687,185572,500.0,325.03,0.01,42.277630371332165,7600.714221715927,185557,"459.735565,481.313263","0.686439,0.409863,0.770760,0.322826",,
688,186072,500.0,327.61,0.01,37.980501670837405,7677.654670476913,186057,"458.765442,478.728027","0.686552,0.373526,0.792281,0.344897",,
689,186572,500.0,329.08,0.01,38.568077380895616,7747.279812574387,186557,"459.237854,475.802521","0.696117,0.349161,0.792784,0.327616",,
690,187072,500.0,331.05,0.01,28.506499383449555,7819.799401521683,187057,"460.066925,475.286591","0.686128,0.331111,0.769558,0.331834",,
691,187572,500.0,333.76,0.01,32.65985395479202,7894.493982791901,187557,"459.702698,472.169067","0.700612,0.262837,0.762369,0.317971",,
692,188072,500.0,334.42,0.01,40.660034379243854,7968.0211679935455,188057,"460.984650,474.866455","0.643966,0.199923,0.786486,0.339311",,
693,188572,500.0,337.12,0.01,32.348746915102005,8040.193989992142,188557,"460.359253,472.790894","0.616369,0.186531,0.796615,0.316780",,
694,189072,500.0,339.86,0.01,48.10675179231167,8109.598469018936,189057,"462.284760,475.523712","0.565042,0.114734,0.814693,0.339603",,
695,189572,500.0,340.34,0.01,39.6481725051403,8181.203579187393,189557,"461.668060,474.476898","0.527095,0.079099,0.842071,0.337897",,
696,190072,500.0,342.3,0.01,41.660237984657286,8253.239795923233,190057,"460.831055,473.315247","0.496444,0.096999,0.807019,0.318159",,
697,190336,264.0,341.06,0.01,26.59041978283362,8290.025871753693,190321,"459.079437,472.035126","0.496980,0.108069,0.795730,0.318948",,
698,190592,256.0,340.54,0.01,23.175594468135387,8326.585005760193,190577,"459.226196,471.688171","0.485726,0.140312,0.776748,0.302407",,
699,190865,273.0,340.49,0.01,33.66870562366513,8368.18632721901,190850,"457.979614,470.363098","0.502000,0.143285,0.753047,0.295247",462.2,75.6
700,191365,500.0,343.61,0.01,37.299526940762995,8440.166685819626,191350,"458.434937,466.250854","0.552651,0.093644,0.737255,0.272283",,
