episode,total_env_steps,episode_reward,avg_reward_100,epsilon,mean_loss,wall_clock_s,grad_steps,w,lam,eval_mean_reward,eval_std_reward,entropy,beta
0,16,16.0,16.0,,0.007287029642611742,0.23458647727966309,1,,"0.990008,1.010000,1.010000,0.990000",,,0.684532,0.937962
1,57,41.0,28.5,,0.007287029642611742,0.23558449745178223,1,,"0.990008,1.010000,1.010000,0.990000",,,0.684532,0.937962
2,82,25.0,27.333333333333332,,0.007287029642611742,0.23558449745178223,1,,"0.990008,1.010000,1.010000,0.990000",,,0.684532,0.937962
3,115,33.0,28.75,,0.007287029642611742,0.23558449745178223,1,,"0.990008,1.010000,1.010000,0.990000",,,0.684532,0.937962
4,144,29.0,28.8,,0.007287029642611742,0.23782563209533691,1,,"0.990008,1.010000,1.010000,0.990000",,,0.684532,0.937962
5,159,15.0,26.5,,0.007287029642611742,0.23782563209533691,1,,"0.990008,1.010000,1.010000,0.990000",,,0.684532,0.937962
6,207,48.0,29.571428571428573,,0.007287029642611742,0.23782563209533691,1,,"0.990008,1.010000,1.010000,0.990000",,,0.684532,0.937962
7,233,26.0,29.125,,0.007287029642611742,0.23782563209533691,1,,"0.990008,1.010000,1.010000,0.990000",,,0.684532,0.937962
8,291,58.0,32.333333333333336,,0.007287029642611742,0.23782563209533691,1,,"0.990008,1.010000,1.010000,0.990000",,,0.684532,0.937962
9,304,13.0,30.4,,0.007287029642611742,0.23782563209533691,1,,"0.990008,1.010000,1.010000,0.990000",,,0.684532,0.937962
10,325,21.0,29.545454545454547,,0.007287029642611742,0.23782563209533691,1,,"0.990008,1.010000,1.010000,0.990000",,,0.684532,0.937962
11,368,43.0,30.666666666666668,,0.007287029642611742,0.23782563209533691,1,,"0.990008,1.010000,1.010000,0.990000",,,0.684532,0.937962
12,385,17.0,29.615384615384617,,0.007287029642611742,0.23782563209533691,1,,"0.990008,1.010000,1.010000,0.990000",,,0.684532,0.937962
13,408,23.0,29.142857142857142,,0.007287029642611742,0.23782563209533691,1,,"0.990008,1.010000,1.010000,0.990000",,,0.684532,0.937962
14,423,15.0,28.2,,0.007287029642611742,0.23782563209533691,1,,"0.990008,1.010000,1.010000,0.990000",,,0.684532,0.937962
15,434,11.0,27.125,,0.007287029642611742,0.23782563209533691,1,,"0.990008,1.010000,1.010000,0.990000",,,0.684532,0.937962
16,460,26.0,27.058823529411764,,0.005903981160372496,0.5423855781555176,2,,"0.989180,1.019210,1.019622,0.987362",,,0.683918,0.974917
17,507,47.0,28.166666666666668,,0.005903981160372496,0.5423855781555176,2,,"0.989180,1.019210,1.019622,0.987362",,,0.683918,0.974917
18,543,36.0,28.57894736842105,,0.005903981160372496,0.5423855781555176,2,,"0.989180,1.019210,1.019622,0.987362",,,0.683918,0.974917
19,565,22.0,28.25,,0.005903981160372496,0.5423855781555176,2,,"0.989180,1.019210,1.019622,0.987362",,,0.683918,0.974917
20,607,42.0,28.904761904761905,,0.005903981160372496,0.5423855781555176,2,,"0.989180,1.019210,1.019622,0.987362",,,0.683918,0.974917
21,625,18.0,28.40909090909091,,0.005903981160372496,0.5423855781555176,2,,"0.989180,1.019210,1.019622,0.987362",,,0.683918,0.974917
22,702,77.0,30.52173913043478,,0.005903981160372496,0.5423855781555176,2,,"0.989180,1.019210,1.019622,0.987362",,,0.683918,0.974917
23,720,18.0,30.0,,0.005903981160372496,0.5423855781555176,2,,"0.989180,1.019210,1.019622,0.987362",,,0.683918,0.974917
24,735,15.0,29.4,,0.005903981160372496,0.5423855781555176,2,,"0.989180,1.019210,1.019622,0.987362",,,0.683918,0.974917
25,798,63.0,30.692307692307693,,0.005903981160372496,0.5423855781555176,2,,"0.989180,1.019210,1.019622,0.987362",,,0.683918,0.974917
26,819,21.0,30.333333333333332,,0.005903981160372496,0.5423855781555176,2,,"0.989180,1.019210,1.019622,0.987362",,,0.683918,0.974917
27,833,14.0,29.75,,0.005903981160372496,0.5423855781555176,2,,"0.989180,1.019210,1.019622,0.987362",,,0.683918,0.974917
28,881,48.0,30.379310344827587,,0.005903981160372496,0.5423855781555176,2,,"0.989180,1.019210,1.019622,0.987362",,,0.683918,0.974917
29,915,34.0,30.5,,0.005903981160372496,0.5423855781555176,2,,"0.989180,1.019210,1.019622,0.987362",,,0.683918,0.974917
30,927,12.0,29.903225806451612,,0.005903981160372496,0.5423855781555176,2,,"0.989180,1.019210,1.019622,0.987362",,,0.683918,0.974917
31,941,14.0,29.40625,,0.005903981160372496,0.5423855781555176,2,,"0.989180,1.019210,1.019622,0.987362",,,0.683918,0.974917
32,953,12.0,28.87878787878788,,0.007000229321420193,0.7647256851196289,3,,"0.995516,1.028476,1.029411,0.981819",,,0.684058,0.980228
33,977,24.0,28.735294117647058,,0.007000229321420193,0.7647256851196289,3,,"0.995516,1.028476,1.029411,0.981819",,,0.684058,0.980228
34,990,13.0,28.285714285714285,,0.007000229321420193,0.7647256851196289,3,,"0.995516,1.028476,1.029411,0.981819",,,0.684058,0.980228
35,1017,27.0,28.25,,0.007000229321420193,0.7647256851196289,3,,"0.995516,1.028476,1.029411,0.981819",,,0.684058,0.980228
36,1061,44.0,28.675675675675677,,0.007000229321420193,0.7647256851196289,3,,"0.995516,1.028476,1.029411,0.981819",,,0.684058,0.980228
37,1088,27.0,28.63157894736842,,0.007000229321420193,0.7647256851196289,3,,"0.995516,1.028476,1.029411,0.981819",,,0.684058,0.980228
38,1097,9.0,28.128205128205128,,0.007000229321420193,0.7647256851196289,3,,"0.995516,1.028476,1.029411,0.981819",,,0.684058,0.980228
39,1142,45.0,28.55,,0.007000229321420193,0.7647256851196289,3,,"0.995516,1.028476,1.029411,0.981819",,,0.684058,0.980228
40,1165,23.0,28.414634146341463,,0.007000229321420193,0.7647256851196289,3,,"0.995516,1.028476,1.029411,0.981819",,,0.684058,0.980228
41,1176,11.0,28.0,,0.007000229321420193,0.7647256851196289,3,,"0.995516,1.028476,1.029411,0.981819",,,0.684058,0.980228
42,1204,28.0,28.0,,0.007000229321420193,0.7647256851196289,3,,"0.995516,1.028476,1.029411,0.981819",,,0.684058,0.980228
43,1216,12.0,27.636363636363637,,0.007000229321420193,0.7647256851196289,3,,"0.995516,1.028476,1.029411,0.981819",,,0.684058,0.980228
44,1243,27.0,27.622222222222224,,0.007000229321420193,0.7647256851196289,3,,"0.995516,1.028476,1.029411,0.981819",,,0.684058,0.980228
45,1291,48.0,28.065217391304348,,0.007000229321420193,0.7647256851196289,3,,"0.995516,1.028476,1.029411,0.981819",,,0.684058,0.980228
46,1330,39.0,28.29787234042553,,0.007000229321420193,0.7647256851196289,3,,"0.995516,1.028476,1.029411,0.981819",,,0.684058,0.980228
47,1349,19.0,28.104166666666668,,0.007000229321420193,0.7647256851196289,3,,"0.995516,1.028476,1.029411,0.981819",,,0.684058,0.980228
48,1365,16.0,27.857142857142858,,0.006536663160659373,0.925175666809082,4,,"1.002667,1.036863,1.038990,0.974605",,,0.681795,1.010123
49,1397,32.0,27.94,,0.006536663160659373,0.925175666809082,4,,"1.002667,1.036863,1.038990,0.974605",9.2,0.7483314773547882,0.681795,1.010123
50,1408,11.0,27.607843137254903,,0.006536663160659373,0.925175666809082,4,,"1.002667,1.036863,1.038990,0.974605",,,0.681795,1.010123
51,1443,35.0,27.75,,0.006536663160659373,0.925175666809082,4,,"1.002667,1.036863,1.038990,0.974605",,,0.681795,1.010123
52,1469,26.0,27.71698113207547,,0.006536663160659373,0.9261760711669922,4,,"1.002667,1.036863,1.038990,0.974605",,,0.681795,1.010123
53,1484,15.0,27.48148148148148,,0.006536663160659373,0.9261760711669922,4,,"1.002667,1.036863,1.038990,0.974605",,,0.681795,1.010123
54,1498,14.0,27.236363636363638,,0.006536663160659373,0.9261760711669922,4,,"1.002667,1.036863,1.038990,0.974605",,,0.681795,1.010123
55,1508,10.0,26.928571428571427,,0.006536663160659373,0.9261760711669922,4,,"1.002667,1.036863,1.038990,0.974605",,,0.681795,1.010123
56,1532,24.0,26.87719298245614,,0.006536663160659373,0.9261760711669922,4,,"1.002667,1.036863,1.038990,0.974605",,,0.681795,1.010123
57,1543,11.0,26.603448275862068,,0.006536663160659373,0.9261760711669922,4,,"1.002667,1.036863,1.038990,0.974605",,,0.681795,1.010123
58,1578,35.0,26.74576271186441,,0.006536663160659373,0.9261760711669922,4,,"1.002667,1.036863,1.038990,0.974605",,,0.681795,1.010123
59,1603,25.0,26.716666666666665,,0.006536663160659373,0.9261760711669922,4,,"1.002667,1.036863,1.038990,0.974605",,,0.681795,1.010123
60,1625,22.0,26.639344262295083,,0.006536663160659373,0.9261760711669922,4,,"1.002667,1.036863,1.038990,0.974605",,,0.681795,1.010123
61,1635,10.0,26.370967741935484,,0.006536663160659373,0.9261760711669922,4,,"1.002667,1.036863,1.038990,0.974605",,,0.681795,1.010123
62,1649,14.0,26.174603174603174,,0.006536663160659373,0.9261760711669922,4,,"1.002667,1.036863,1.038990,0.974605",,,0.681795,1.010123
63,1661,12.0,25.953125,,0.006536663160659373,0.9261760711669922,4,,"1.002667,1.036863,1.038990,0.974605",,,0.681795,1.010123
64,1675,14.0,25.76923076923077,,0.006872855219990015,1.0682289600372314,5,,"1.007458,1.045168,1.048561,0.967328",,,0.683607,1.031478
65,1691,16.0,25.62121212121212,,0.006872855219990015,1.0682289600372314,5,,"1.007458,1.045168,1.048561,0.967328",,,0.683607,1.031478
66,1715,24.0,25.597014925373134,,0.006872855219990015,1.0682289600372314,5,,"1.007458,1.045168,1.048561,0.967328",,,0.683607,1.031478
67,1750,35.0,25.735294117647058,,0.006872855219990015,1.0682289600372314,5,,"1.007458,1.045168,1.048561,0.967328",,,0.683607,1.031478
68,1767,17.0,25.608695652173914,,0.006872855219990015,1.0682289600372314,5,,"1.007458,1.045168,1.048561,0.967328",,,0.683607,1.031478
69,1780,13.0,25.428571428571427,,0.006872855219990015,1.069230318069458,5,,"1.007458,1.045168,1.048561,0.967328",,,0.683607,1.031478
70,1802,22.0,25.380281690140844,,0.006872855219990015,1.069230318069458,5,,"1.007458,1.045168,1.048561,0.967328",,,0.683607,1.031478
71,1820,18.0,25.27777777777778,,0.006872855219990015,1.069230318069458,5,,"1.007458,1.045168,1.048561,0.967328",,,0.683607,1.031478
72,1847,27.0,25.301369863013697,,0.006872855219990015,1.069230318069458,5,,"1.007458,1.045168,1.048561,0.967328",,,0.683607,1.031478
73,1873,26.0,25.31081081081081,,0.006872855219990015,1.069230318069458,5,,"1.007458,1.045168,1.048561,0.967328",,,0.683607,1.031478
74,1895,22.0,25.266666666666666,,0.006872855219990015,1.069230318069458,5,,"1.007458,1.045168,1.048561,0.967328",,,0.683607,1.031478
75,1906,11.0,25.07894736842105,,0.006872855219990015,1.069230318069458,5,,"1.007458,1.045168,1.048561,0.967328",,,0.683607,1.031478
76,1925,19.0,25.0,,0.006872855219990015,1.069230318069458,5,,"1.007458,1.045168,1.048561,0.967328",,,0.683607,1.031478
77,1944,19.0,24.923076923076923,,0.006872855219990015,1.069230318069458,5,,"1.007458,1.045168,1.048561,0.967328",,,0.683607,1.031478
78,1964,20.0,24.860759493670887,,0.006872855219990015,1.069230318069458,5,,"1.007458,1.045168,1.048561,0.967328",,,0.683607,1.031478
79,1983,19.0,24.7875,,0.006872855219990015,1.069230318069458,5,,"1.007458,1.045168,1.048561,0.967328",,,0.683607,1.031478
80,2004,21.0,24.74074074074074,,0.008913806717221936,1.3311171531677246,6,,"1.013877,1.045640,1.057963,0.960066",,,0.682832,1.007475
81,2053,49.0,25.036585365853657,,0.008913806717221936,1.3311171531677246,6,,"1.013877,1.045640,1.057963,0.960066",,,0.682832,1.007475
82,2073,20.0,24.97590361445783,,0.008913806717221936,1.3311171531677246,6,,"1.013877,1.045640,1.057963,0.960066",,,0.682832,1.007475
83,2083,10.0,24.797619047619047,,0.008913806717221936,1.3311171531677246,6,,"1.013877,1.045640,1.057963,0.960066",,,0.682832,1.007475
84,2092,9.0,24.611764705882354,,0.008913806717221936,1.3311171531677246,6,,"1.013877,1.045640,1.057963,0.960066",,,0.682832,1.007475
85,2115,23.0,24.593023255813954,,0.008913806717221936,1.3311171531677246,6,,"1.013877,1.045640,1.057963,0.960066",,,0.682832,1.007475
86,2128,13.0,24.45977011494253,,0.008913806717221936,1.3311171531677246,6,,"1.013877,1.045640,1.057963,0.960066",,,0.682832,1.007475
87,2152,24.0,24.454545454545453,,0.008913806717221936,1.3311171531677246,6,,"1.013877,1.045640,1.057963,0.960066",,,0.682832,1.007475
88,2186,34.0,24.56179775280899,,0.008913806717221936,1.3311171531677246,6,,"1.013877,1.045640,1.057963,0.960066",,,0.682832,1.007475
89,2200,14.0,24.444444444444443,,0.008913806717221936,1.3311171531677246,6,,"1.013877,1.045640,1.057963,0.960066",,,0.682832,1.007475
90,2214,14.0,24.32967032967033,,0.008913806717221936,1.3311171531677246,6,,"1.013877,1.045640,1.057963,0.960066",,,0.682832,1.007475
91,2265,51.0,24.619565217391305,,0.008913806717221936,1.3311171531677246,6,,"1.013877,1.045640,1.057963,0.960066",,,0.682832,1.007475
92,2287,22.0,24.591397849462364,,0.008913806717221936,1.3311171531677246,6,,"1.013877,1.045640,1.057963,0.960066",,,0.682832,1.007475
93,2356,69.0,25.06382978723404,,0.008913806717221936,1.3311171531677246,6,,"1.013877,1.045640,1.057963,0.960066",,,0.682832,1.007475
94,2375,19.0,25.0,,0.008913806717221936,1.3311171531677246,6,,"1.013877,1.045640,1.057963,0.960066",,,0.682832,1.007475
95,2393,18.0,24.927083333333332,,0.008913806717221936,1.3311171531677246,6,,"1.013877,1.045640,1.057963,0.960066",,,0.682832,1.007475
96,2424,31.0,24.989690721649485,,0.008310106183801378,1.478611707687378,7,,"1.021324,1.048282,1.067599,0.951971",,,0.681170,0.999337
97,2454,30.0,25.040816326530614,,0.008310106183801378,1.4796087741851807,7,,"1.021324,1.048282,1.067599,0.951971",,,0.681170,0.999337
98,2477,23.0,25.02020202020202,,0.008310106183801378,1.4796087741851807,7,,"1.021324,1.048282,1.067599,0.951971",,,0.681170,0.999337
99,2501,24.0,25.01,,0.008310106183801378,1.4796087741851807,7,,"1.021324,1.048282,1.067599,0.951971",18.8,7.025667228100119,0.681170,0.999337
100,2516,15.0,25.0,,0.008310106183801378,1.4796087741851807,7,,"1.021324,1.048282,1.067599,0.951971",,,0.681170,0.999337
101,2542,26.0,24.85,,0.008310106183801378,1.4796087741851807,7,,"1.021324,1.048282,1.067599,0.951971",,,0.681170,0.999337
102,2553,11.0,24.71,,0.008310106183801378,1.4805467128753662,7,,"1.021324,1.048282,1.067599,0.951971",,,0.681170,0.999337
103,2562,9.0,24.47,,0.008310106183801378,1.4805467128753662,7,,"1.021324,1.048282,1.067599,0.951971",,,0.681170,0.999337
104,2589,27.0,24.45,,0.008310106183801378,1.4805467128753662,7,,"1.021324,1.048282,1.067599,0.951971",,,0.681170,0.999337
105,2616,27.0,24.57,,0.008310106183801378,1.4805467128753662,7,,"1.021324,1.048282,1.067599,0.951971",,,0.681170,0.999337
106,2630,14.0,24.23,,0.008310106183801378,1.4805467128753662,7,,"1.021324,1.048282,1.067599,0.951971",,,0.681170,0.999337
107,2654,24.0,24.21,,0.008310106183801378,1.4805467128753662,7,,"1.021324,1.048282,1.067599,0.951971",,,0.681170,0.999337
108,2686,32.0,23.95,,0.008310106183801378,1.4805467128753662,7,,"1.021324,1.048282,1.067599,0.951971",,,0.681170,0.999337
109,2712,26.0,24.08,,0.008310106183801378,1.4805467128753662,7,,"1.021324,1.048282,1.067599,0.951971",,,0.681170,0.999337
110,2730,18.0,24.05,,0.008310106183801378,1.4805467128753662,7,,"1.021324,1.048282,1.067599,0.951971",,,0.681170,0.999337
111,2767,37.0,23.99,,0.008310106183801378,1.4805467128753662,7,,"1.021324,1.048282,1.067599,0.951971",,,0.681170,0.999337
112,2786,19.0,24.01,,0.007079385672113858,1.6747329235076904,8,,"1.029455,1.051576,1.077315,0.944538",,,0.688028,1.000738
113,2800,14.0,23.92,,0.007079385672113858,1.6747329235076904,8,,"1.029455,1.051576,1.077315,0.944538",,,0.688028,1.000738
114,2825,25.0,24.02,,0.007079385672113858,1.6747329235076904,8,,"1.029455,1.051576,1.077315,0.944538",,,0.688028,1.000738
115,2860,35.0,24.26,,0.007079385672113858,1.6747329235076904,8,,"1.029455,1.051576,1.077315,0.944538",,,0.688028,1.000738
116,2910,50.0,24.5,,0.007079385672113858,1.6747329235076904,8,,"1.029455,1.051576,1.077315,0.944538",,,0.688028,1.000738
117,2939,29.0,24.32,,0.007079385672113858,1.6747329235076904,8,,"1.029455,1.051576,1.077315,0.944538",,,0.688028,1.000738
118,2958,19.0,24.15,,0.007079385672113858,1.6747329235076904,8,,"1.029455,1.051576,1.077315,0.944538",,,0.688028,1.000738
119,2975,17.0,24.1,,0.007079385672113858,1.6747329235076904,8,,"1.029455,1.051576,1.077315,0.944538",,,0.688028,1.000738
120,3003,28.0,23.96,,0.007079385672113858,1.6747329235076904,8,,"1.029455,1.051576,1.077315,0.944538",,,0.688028,1.000738
121,3035,32.0,24.1,,0.007079385672113858,1.6747329235076904,8,,"1.029455,1.051576,1.077315,0.944538",,,0.688028,1.000738
122,3053,18.0,23.51,,0.007079385672113858,1.6747329235076904,8,,"1.029455,1.051576,1.077315,0.944538",,,0.688028,1.000738
123,3073,20.0,23.53,,0.007079385672113858,1.6747329235076904,8,,"1.029455,1.051576,1.077315,0.944538",,,0.688028,1.000738
124,3098,25.0,23.63,,0.007079385672113858,1.6747329235076904,8,,"1.029455,1.051576,1.077315,0.944538",,,0.688028,1.000738
125,3128,30.0,23.3,,0.007079385672113858,1.6747329235076904,8,,"1.029455,1.051576,1.077315,0.944538",,,0.688028,1.000738
126,3140,12.0,23.21,,0.007079385672113858,1.6747329235076904,8,,"1.029455,1.051576,1.077315,0.944538",,,0.688028,1.000738
127,3165,25.0,23.32,,0.007079385672113858,1.6747329235076904,8,,"1.029455,1.051576,1.077315,0.944538",,,0.688028,1.000738
128,3178,13.0,22.97,,0.005308952790478038,1.9176864624023438,9,,"1.037915,1.056903,1.087222,0.938758",,,0.684321,1.023996
129,3209,31.0,22.94,,0.005308952790478038,1.9176864624023438,9,,"1.037915,1.056903,1.087222,0.938758",,,0.684321,1.023996
130,3269,60.0,23.42,,0.005308952790478038,1.9176864624023438,9,,"1.037915,1.056903,1.087222,0.938758",,,0.684321,1.023996
131,3281,12.0,23.4,,0.005308952790478038,1.9176864624023438,9,,"1.037915,1.056903,1.087222,0.938758",,,0.684321,1.023996
132,3314,33.0,23.61,,0.005308952790478038,1.9176864624023438,9,,"1.037915,1.056903,1.087222,0.938758",,,0.684321,1.023996
133,3346,32.0,23.69,,0.005308952790478038,1.9176864624023438,9,,"1.037915,1.056903,1.087222,0.938758",,,0.684321,1.023996
134,3370,24.0,23.8,,0.005308952790478038,1.9176864624023438,9,,"1.037915,1.056903,1.087222,0.938758",,,0.684321,1.023996
135,3408,38.0,23.91,,0.005308952790478038,1.9176864624023438,9,,"1.037915,1.056903,1.087222,0.938758",,,0.684321,1.023996
136,3461,53.0,24.0,,0.005308952790478038,1.9176864624023438,9,,"1.037915,1.056903,1.087222,0.938758",,,0.684321,1.023996
137,3500,39.0,24.12,,0.005308952790478038,1.9176864624023438,9,,"1.037915,1.056903,1.087222,0.938758",,,0.684321,1.023996
138,3513,13.0,24.16,,0.005308952790478038,1.9176864624023438,9,,"1.037915,1.056903,1.087222,0.938758",,,0.684321,1.023996
139,3544,31.0,24.02,,0.005308952790478038,1.9176864624023438,9,,"1.037915,1.056903,1.087222,0.938758",,,0.684321,1.023996
140,3570,26.0,24.05,,0.005308952790478038,1.9176864624023438,9,,"1.037915,1.056903,1.087222,0.938758",,,0.684321,1.023996
141,3579,9.0,24.03,,0.005308952790478038,1.9176864624023438,9,,"1.037915,1.056903,1.087222,0.938758",,,0.684321,1.023996
142,3595,16.0,23.91,,0.005308952790478038,1.9176864624023438,9,,"1.037915,1.056903,1.087222,0.938758",,,0.684321,1.023996
143,3623,28.0,24.07,,0.005308952790478038,1.9176864624023438,9,,"1.037915,1.056903,1.087222,0.938758",,,0.684321,1.023996
144,3633,10.0,23.9,,0.0043803936685435476,2.186829090118408,10,,"1.043939,1.062100,1.097304,0.934040",,,0.682564,1.053750
145,3646,13.0,23.55,,0.0043803936685435476,2.186829090118408,10,,"1.043939,1.062100,1.097304,0.934040",,,0.682564,1.053750
146,3668,22.0,23.38,,0.0043803936685435476,2.186829090118408,10,,"1.043939,1.062100,1.097304,0.934040",,,0.682564,1.053750
147,3686,18.0,23.37,,0.0043803936685435476,2.186829090118408,10,,"1.043939,1.062100,1.097304,0.934040",,,0.682564,1.053750
148,3746,60.0,23.81,,0.0043803936685435476,2.186829090118408,10,,"1.043939,1.062100,1.097304,0.934040",,,0.682564,1.053750
149,3761,15.0,23.64,,0.0043803936685435476,2.186829090118408,10,,"1.043939,1.062100,1.097304,0.934040",51.8,15.025311976794358,0.682564,1.053750
150,3779,18.0,23.71,,0.0043803936685435476,2.186829090118408,10,,"1.043939,1.062100,1.097304,0.934040",,,0.682564,1.053750
151,3795,16.0,23.52,,0.0043803936685435476,2.186829090118408,10,,"1.043939,1.062100,1.097304,0.934040",,,0.682564,1.053750
152,3811,16.0,23.42,,0.0043803936685435476,2.186829090118408,10,,"1.043939,1.062100,1.097304,0.934040",,,0.682564,1.053750
153,3843,32.0,23.59,,0.0043803936685435476,2.186829090118408,10,,"1.043939,1.062100,1.097304,0.934040",,,0.682564,1.053750
154,3905,62.0,24.07,,0.0043803936685435476,2.186829090118408,10,,"1.043939,1.062100,1.097304,0.934040",,,0.682564,1.053750
155,3937,32.0,24.29,,0.0043803936685435476,2.186829090118408,10,,"1.043939,1.062100,1.097304,0.934040",,,0.682564,1.053750
156,3947,10.0,24.15,,0.0043803936685435476,2.186829090118408,10,,"1.043939,1.062100,1.097304,0.934040",,,0.682564,1.053750
157,3983,36.0,24.4,,0.0043803936685435476,2.186829090118408,10,,"1.043939,1.062100,1.097304,0.934040",,,0.682564,1.053750
158,4045,62.0,24.67,,0.0043803936685435476,2.186829090118408,10,,"1.043939,1.062100,1.097304,0.934040",,,0.682564,1.053750
159,4058,13.0,24.55,,0.0043803936685435476,2.186829090118408,10,,"1.043939,1.062100,1.097304,0.934040",,,0.682564,1.053750
160,4123,65.0,24.98,,0.003442825908264653,2.416032075881958,11,,"1.048406,1.067975,1.107515,0.929906",,,0.684653,1.091130
161,4145,22.0,25.1,,0.003442825908264653,2.416032075881958,11,,"1.048406,1.067975,1.107515,0.929906",,,0.684653,1.091130
162,4175,30.0,25.26,,0.003442825908264653,2.416032075881958,11,,"1.048406,1.067975,1.107515,0.929906",,,0.684653,1.091130
163,4189,14.0,25.28,,0.003442825908264653,2.416032075881958,11,,"1.048406,1.067975,1.107515,0.929906",,,0.684653,1.091130
164,4201,12.0,25.26,,0.003442825908264653,2.416032075881958,11,,"1.048406,1.067975,1.107515,0.929906",,,0.684653,1.091130
165,4214,13.0,25.23,,0.003442825908264653,2.416032075881958,11,,"1.048406,1.067975,1.107515,0.929906",,,0.684653,1.091130
166,4228,14.0,25.13,,0.003442825908264653,2.4170234203338623,11,,"1.048406,1.067975,1.107515,0.929906",,,0.684653,1.091130
167,4267,39.0,25.17,,0.003442825908264653,2.4170234203338623,11,,"1.048406,1.067975,1.107515,0.929906",,,0.684653,1.091130
168,4298,31.0,25.31,,0.003442825908264653,2.4170234203338623,11,,"1.048406,1.067975,1.107515,0.929906",,,0.684653,1.091130
169,4315,17.0,25.35,,0.003442825908264653,2.4170234203338623,11,,"1.048406,1.067975,1.107515,0.929906",,,0.684653,1.091130
170,4335,20.0,25.33,,0.003442825908264653,2.4170234203338623,11,,"1.048406,1.067975,1.107515,0.929906",,,0.684653,1.091130
171,4367,32.0,25.47,,0.003442825908264653,2.4170234203338623,11,,"1.048406,1.067975,1.107515,0.929906",,,0.684653,1.091130
172,4389,22.0,25.42,,0.003442825908264653,2.4170234203338623,11,,"1.048406,1.067975,1.107515,0.929906",,,0.684653,1.091130
173,4428,39.0,25.55,,0.003442825908264653,2.4170234203338623,11,,"1.048406,1.067975,1.107515,0.929906",,,0.684653,1.091130
174,4444,16.0,25.49,,0.003442825908264653,2.4170234203338623,11,,"1.048406,1.067975,1.107515,0.929906",,,0.684653,1.091130
175,4473,29.0,25.67,,0.003442825908264653,2.4170234203338623,11,,"1.048406,1.067975,1.107515,0.929906",,,0.684653,1.091130
176,4484,11.0,25.59,,0.0028153071082973233,2.712001085281372,12,,"1.053701,1.073181,1.117796,0.925412",,,0.684550,1.132367
177,4505,21.0,25.61,,0.0028153071082973233,2.712001085281372,12,,"1.053701,1.073181,1.117796,0.925412",,,0.684550,1.132367
178,4525,20.0,25.61,,0.0028153071082973233,2.712001085281372,12,,"1.053701,1.073181,1.117796,0.925412",,,0.684550,1.132367
179,4541,16.0,25.58,,0.0028153071082973233,2.712001085281372,12,,"1.053701,1.073181,1.117796,0.925412",,,0.684550,1.132367
180,4571,30.0,25.67,,0.0028153071082973233,2.712001085281372,12,,"1.053701,1.073181,1.117796,0.925412",,,0.684550,1.132367
181,4596,25.0,25.43,,0.0028153071082973233,2.712001085281372,12,,"1.053701,1.073181,1.117796,0.925412",,,0.684550,1.132367
182,4612,16.0,25.39,,0.0028153071082973233,2.712001085281372,12,,"1.053701,1.073181,1.117796,0.925412",,,0.684550,1.132367
183,4648,36.0,25.65,,0.0028153071082973233,2.712001085281372,12,,"1.053701,1.073181,1.117796,0.925412",,,0.684550,1.132367
184,4662,14.0,25.7,,0.0028153071082973233,2.712001085281372,12,,"1.053701,1.073181,1.117796,0.925412",,,0.684550,1.132367
185,4696,34.0,25.81,,0.0028153071082973233,2.712001085281372,12,,"1.053701,1.073181,1.117796,0.925412",,,0.684550,1.132367
186,4708,12.0,25.8,,0.0028153071082973233,2.712001085281372,12,,"1.053701,1.073181,1.117796,0.925412",,,0.684550,1.132367
187,4728,20.0,25.76,,0.0028153071082973233,2.712001085281372,12,,"1.053701,1.073181,1.117796,0.925412",,,0.684550,1.132367
188,4811,83.0,26.25,,0.0028153071082973233,2.712001085281372,12,,"1.053701,1.073181,1.117796,0.925412",,,0.684550,1.132367
189,4824,13.0,26.24,,0.0028153071082973233,2.712001085281372,12,,"1.053701,1.073181,1.117796,0.925412",,,0.684550,1.132367
190,4848,24.0,26.34,,0.0028153071082973233,2.712001085281372,12,,"1.053701,1.073181,1.117796,0.925412",,,0.684550,1.132367
191,4868,20.0,26.03,,0.0028153071082973233,2.712001085281372,12,,"1.053701,1.073181,1.117796,0.925412",,,0.684550,1.132367
192,4890,22.0,26.03,,0.002508492925419257,2.9271514415740967,13,,"1.060286,1.077738,1.128135,0.920367",,,0.679316,1.177237
193,4913,23.0,25.57,,0.002508492925419257,2.9271514415740967,13,,"1.060286,1.077738,1.128135,0.920367",,,0.679316,1.177237
194,4930,17.0,25.55,,0.002508492925419257,2.9271514415740967,13,,"1.060286,1.077738,1.128135,0.920367",,,0.679316,1.177237
195,4996,66.0,26.03,,0.002508492925419257,2.9271514415740967,13,,"1.060286,1.077738,1.128135,0.920367",,,0.679316,1.177237
196,5012,16.0,25.88,,0.002508492925419257,2.9271514415740967,13,,"1.060286,1.077738,1.128135,0.920367",,,0.679316,1.177237
197,5050,38.0,25.96,,0.002508492925419257,2.9271514415740967,13,,"1.060286,1.077738,1.128135,0.920367",,,0.679316,1.177237
198,5069,19.0,25.92,,0.002508492925419257,2.9271514415740967,13,,"1.060286,1.077738,1.128135,0.920367",,,0.679316,1.177237
199,5100,31.0,25.99,,0.002508492925419257,2.9281530380249023,13,,"1.060286,1.077738,1.128135,0.920367",60.8,18.192306066026923,0.679316,1.177237
200,5112,12.0,25.96,,0.002508492925419257,2.9281530380249023,13,,"1.060286,1.077738,1.128135,0.920367",,,0.679316,1.177237
201,5139,27.0,25.97,,0.002508492925419257,2.9281530380249023,13,,"1.060286,1.077738,1.128135,0.920367",,,0.679316,1.177237
202,5159,20.0,26.06,,0.002508492925419257,2.9281530380249023,13,,"1.060286,1.077738,1.128135,0.920367",,,0.679316,1.177237
203,5176,17.0,26.14,,0.002508492925419257,2.9281530380249023,13,,"1.060286,1.077738,1.128135,0.920367",,,0.679316,1.177237
204,5189,13.0,26.0,,0.002508492925419257,2.9291534423828125,13,,"1.060286,1.077738,1.128135,0.920367",,,0.679316,1.177237
205,5213,24.0,25.97,,0.002508492925419257,2.9291534423828125,13,,"1.060286,1.077738,1.128135,0.920367",,,0.679316,1.177237
206,5241,28.0,26.11,,0.002508492925419257,2.9291534423828125,13,,"1.060286,1.077738,1.128135,0.920367",,,0.679316,1.177237
207,5264,23.0,26.1,,0.002508492925419257,2.9291534423828125,13,,"1.060286,1.077738,1.128135,0.920367",,,0.679316,1.177237
208,5277,13.0,25.91,,0.0018452015106699296,3.126389265060425,14,,"1.067899,1.081857,1.138635,0.914274",,,0.684701,1.225348
209,5295,18.0,25.83,,0.0018452015106699296,3.126389265060425,14,,"1.067899,1.081857,1.138635,0.914274",,,0.684701,1.225348
210,5310,15.0,25.8,,0.0018452015106699296,3.126389265060425,14,,"1.067899,1.081857,1.138635,0.914274",,,0.684701,1.225348
211,5326,16.0,25.59,,0.0018452015106699296,3.126389265060425,14,,"1.067899,1.081857,1.138635,0.914274",,,0.684701,1.225348
212,5367,41.0,25.81,,0.0018452015106699296,3.1273746490478516,14,,"1.067899,1.081857,1.138635,0.914274",,,0.684701,1.225348
213,5396,29.0,25.96,,0.0018452015106699296,3.1273746490478516,14,,"1.067899,1.081857,1.138635,0.914274",,,0.684701,1.225348
214,5451,55.0,26.26,,0.0018452015106699296,3.1273746490478516,14,,"1.067899,1.081857,1.138635,0.914274",,,0.684701,1.225348
215,5476,25.0,26.16,,0.0018452015106699296,3.1273746490478516,14,,"1.067899,1.081857,1.138635,0.914274",,,0.684701,1.225348
216,5498,22.0,25.88,,0.0018452015106699296,3.1273746490478516,14,,"1.067899,1.081857,1.138635,0.914274",,,0.684701,1.225348
217,5510,12.0,25.71,,0.0018452015106699296,3.1273746490478516,14,,"1.067899,1.081857,1.138635,0.914274",,,0.684701,1.225348
218,5522,12.0,25.64,,0.0018452015106699296,3.1273746490478516,14,,"1.067899,1.081857,1.138635,0.914274",,,0.684701,1.225348
219,5536,14.0,25.61,,0.0018452015106699296,3.1273746490478516,14,,"1.067899,1.081857,1.138635,0.914274",,,0.684701,1.225348
220,5567,31.0,25.64,,0.0018452015106699296,3.1273746490478516,14,,"1.067899,1.081857,1.138635,0.914274",,,0.684701,1.225348
221,5585,18.0,25.5,,0.0018452015106699296,3.1273746490478516,14,,"1.067899,1.081857,1.138635,0.914274",,,0.684701,1.225348
222,5617,32.0,25.64,,0.0018452015106699296,3.1273746490478516,14,,"1.067899,1.081857,1.138635,0.914274",,,0.684701,1.225348
223,5648,31.0,25.75,,0.0018452015106699296,3.1273746490478516,14,,"1.067899,1.081857,1.138635,0.914274",,,0.684701,1.225348
224,5715,67.0,26.17,,0.0005311736526588599,3.3807687759399414,15,,"1.074121,1.087287,1.149272,0.909077",,,0.680613,1.281642
225,5747,32.0,26.19,,0.0005311736526588599,3.3807687759399414,15,,"1.074121,1.087287,1.149272,0.909077",,,0.680613,1.281642
226,5765,18.0,26.25,,0.0005311736526588599,3.3807687759399414,15,,"1.074121,1.087287,1.149272,0.909077",,,0.680613,1.281642
227,5781,16.0,26.16,,0.0005311736526588599,3.3807687759399414,15,,"1.074121,1.087287,1.149272,0.909077",,,0.680613,1.281642
228,5813,32.0,26.35,,0.0005311736526588599,3.3807687759399414,15,,"1.074121,1.087287,1.149272,0.909077",,,0.680613,1.281642
229,5830,17.0,26.21,,0.0005311736526588599,3.3807687759399414,15,,"1.074121,1.087287,1.149272,0.909077",,,0.680613,1.281642
230,5880,50.0,26.11,,0.0005311736526588599,3.3807687759399414,15,,"1.074121,1.087287,1.149272,0.909077",,,0.680613,1.281642
231,5897,17.0,26.16,,0.0005311736526588599,3.3807687759399414,15,,"1.074121,1.087287,1.149272,0.909077",,,0.680613,1.281642
232,5907,10.0,25.93,,0.0005311736526588599,3.3807687759399414,15,,"1.074121,1.087287,1.149272,0.909077",,,0.680613,1.281642
233,5921,14.0,25.75,,0.0005311736526588599,3.3807687759399414,15,,"1.074121,1.087287,1.149272,0.909077",,,0.680613,1.281642
234,5940,19.0,25.7,,0.0005311736526588599,3.3807687759399414,15,,"1.074121,1.087287,1.149272,0.909077",,,0.680613,1.281642
235,5962,22.0,25.54,,0.0005311736526588599,3.3807687759399414,15,,"1.074121,1.087287,1.149272,0.909077",,,0.680613,1.281642
236,5986,24.0,25.25,,0.0005311736526588599,3.3807687759399414,15,,"1.074121,1.087287,1.149272,0.909077",,,0.680613,1.281642
237,6028,42.0,25.28,,0.0005311736526588599,3.3807687759399414,15,,"1.074121,1.087287,1.149272,0.909077",,,0.680613,1.281642
238,6079,51.0,25.66,,0.0005311736526588599,3.3807687759399414,15,,"1.074121,1.087287,1.149272,0.909077",,,0.680613,1.281642
239,6094,15.0,25.5,,0.0005311736526588599,3.3807687759399414,15,,"1.074121,1.087287,1.149272,0.909077",,,0.680613,1.281642
240,6112,18.0,25.42,,-1.2559903552755713e-05,3.6055164337158203,16,,"1.081251,1.091628,1.160009,0.904600",,,0.679846,1.342569
241,6122,10.0,25.43,,-1.2559903552755713e-05,3.6055164337158203,16,,"1.081251,1.091628,1.160009,0.904600",,,0.679846,1.342569
242,6167,45.0,25.72,,-1.2559903552755713e-05,3.6055164337158203,16,,"1.081251,1.091628,1.160009,0.904600",,,0.679846,1.342569
243,6199,32.0,25.76,,-1.2559903552755713e-05,3.6055164337158203,16,,"1.081251,1.091628,1.160009,0.904600",,,0.679846,1.342569
244,6253,54.0,26.2,,-1.2559903552755713e-05,3.6055164337158203,16,,"1.081251,1.091628,1.160009,0.904600",,,0.679846,1.342569
245,6272,19.0,26.26,,-1.2559903552755713e-05,3.6055164337158203,16,,"1.081251,1.091628,1.160009,0.904600",,,0.679846,1.342569
246,6284,12.0,26.16,,-1.2559903552755713e-05,3.6055164337158203,16,,"1.081251,1.091628,1.160009,0.904600",,,0.679846,1.342569
247,6306,22.0,26.2,,-1.2559903552755713e-05,3.6055164337158203,16,,"1.081251,1.091628,1.160009,0.904600",,,0.679846,1.342569
248,6338,32.0,25.92,,-1.2559903552755713e-05,3.6055164337158203,16,,"1.081251,1.091628,1.160009,0.904600",,,0.679846,1.342569
249,6353,15.0,25.92,,-1.2559903552755713e-05,3.6055164337158203,16,,"1.081251,1.091628,1.160009,0.904600",89.4,42.14071665266266,0.679846,1.342569
250,6380,27.0,26.01,,-1.2559903552755713e-05,3.6055164337158203,16,,"1.081251,1.091628,1.160009,0.904600",,,0.679846,1.342569
251,6403,23.0,26.08,,-1.2559903552755713e-05,3.6055164337158203,16,,"1.081251,1.091628,1.160009,0.904600",,,0.679846,1.342569
252,6414,11.0,26.03,,-1.2559903552755713e-05,3.6055164337158203,16,,"1.081251,1.091628,1.160009,0.904600",,,0.679846,1.342569
253,6441,27.0,25.98,,-1.2559903552755713e-05,3.6055164337158203,16,,"1.081251,1.091628,1.160009,0.904600",,,0.679846,1.342569
254,6465,24.0,25.6,,-1.2559903552755713e-05,3.6055164337158203,16,,"1.081251,1.091628,1.160009,0.904600",,,0.679846,1.342569
255,6482,17.0,25.45,,-1.2559903552755713e-05,3.6055164337158203,16,,"1.081251,1.091628,1.160009,0.904600",,,0.679846,1.342569
256,6518,36.0,25.71,,-0.0013653212774764089,3.8728091716766357,17,,"1.088649,1.097582,1.170745,0.903149",,,0.673348,1.410042
257,6544,26.0,25.61,,-0.0013653212774764089,3.8728091716766357,17,,"1.088649,1.097582,1.170745,0.903149",,,0.673348,1.410042
258,6583,39.0,25.38,,-0.0013653212774764089,3.8728091716766357,17,,"1.088649,1.097582,1.170745,0.903149",,,0.673348,1.410042
259,6601,18.0,25.43,,-0.0013653212774764089,3.8728091716766357,17,,"1.088649,1.097582,1.170745,0.903149",,,0.673348,1.410042
260,6614,13.0,24.91,,-0.0013653212774764089,3.8728091716766357,17,,"1.088649,1.097582,1.170745,0.903149",,,0.673348,1.410042
261,6682,68.0,25.37,,-0.0013653212774764089,3.8728091716766357,17,,"1.088649,1.097582,1.170745,0.903149",,,0.673348,1.410042
262,6718,36.0,25.43,,-0.0013653212774764089,3.8728091716766357,17,,"1.088649,1.097582,1.170745,0.903149",,,0.673348,1.410042
263,6747,29.0,25.58,,-0.0013653212774764089,3.8728091716766357,17,,"1.088649,1.097582,1.170745,0.903149",,,0.673348,1.410042
264,6768,21.0,25.67,,-0.0013653212774764089,3.8728091716766357,17,,"1.088649,1.097582,1.170745,0.903149",,,0.673348,1.410042
265,6793,25.0,25.79,,-0.0013653212774764089,3.8728091716766357,17,,"1.088649,1.097582,1.170745,0.903149",,,0.673348,1.410042
266,6809,16.0,25.81,,-0.0013653212774764089,3.8728091716766357,17,,"1.088649,1.097582,1.170745,0.903149",,,0.673348,1.410042
267,6821,12.0,25.54,,-0.0013653212774764089,3.8728091716766357,17,,"1.088649,1.097582,1.170745,0.903149",,,0.673348,1.410042
268,6853,32.0,25.55,,-0.0013653212774764089,3.8728091716766357,17,,"1.088649,1.097582,1.170745,0.903149",,,0.673348,1.410042
269,6872,19.0,25.57,,-0.0013653212774764089,3.8738133907318115,17,,"1.088649,1.097582,1.170745,0.903149",,,0.673348,1.410042
270,6896,24.0,25.61,,-0.0013653212774764089,3.8738133907318115,17,,"1.088649,1.097582,1.170745,0.903149",,,0.673348,1.410042
271,6922,26.0,25.55,,-0.0013653212774764089,3.8738133907318115,17,,"1.088649,1.097582,1.170745,0.903149",,,0.673348,1.410042
272,6932,10.0,25.43,,-0.0020781841594725847,4.147860527038574,18,,"1.096968,1.102422,1.181670,0.902177",,,0.674431,1.482586
273,6949,17.0,25.21,,-0.0020781841594725847,4.148861646652222,18,,"1.096968,1.102422,1.181670,0.902177",,,0.674431,1.482586
274,6995,46.0,25.51,,-0.0020781841594725847,4.148861646652222,18,,"1.096968,1.102422,1.181670,0.902177",,,0.674431,1.482586
275,7033,38.0,25.6,,-0.0020781841594725847,4.148861646652222,18,,"1.096968,1.102422,1.181670,0.902177",,,0.674431,1.482586
276,7068,35.0,25.84,,-0.0020781841594725847,4.148861646652222,18,,"1.096968,1.102422,1.181670,0.902177",,,0.674431,1.482586
277,7108,40.0,26.03,,-0.0020781841594725847,4.148861646652222,18,,"1.096968,1.102422,1.181670,0.902177",,,0.674431,1.482586
278,7128,20.0,26.03,,-0.0020781841594725847,4.148861646652222,18,,"1.096968,1.102422,1.181670,0.902177",,,0.674431,1.482586
279,7187,59.0,26.46,,-0.0020781841594725847,4.148861646652222,18,,"1.096968,1.102422,1.181670,0.902177",,,0.674431,1.482586
280,7222,35.0,26.51,,-0.0020781841594725847,4.148861646652222,18,,"1.096968,1.102422,1.181670,0.902177",,,0.674431,1.482586
281,7259,37.0,26.63,,-0.0020781841594725847,4.148861646652222,18,,"1.096968,1.102422,1.181670,0.902177",,,0.674431,1.482586
282,7286,27.0,26.74,,-0.0020781841594725847,4.148861646652222,18,,"1.096968,1.102422,1.181670,0.902177",,,0.674431,1.482586
283,7311,25.0,26.63,,-0.0020781841594725847,4.148861646652222,18,,"1.096968,1.102422,1.181670,0.902177",,,0.674431,1.482586
284,7323,12.0,26.61,,-0.0020781841594725847,4.148861646652222,18,,"1.096968,1.102422,1.181670,0.902177",,,0.674431,1.482586
285,7371,48.0,26.75,,-0.0020781841594725847,4.148861646652222,18,,"1.096968,1.102422,1.181670,0.902177",,,0.674431,1.482586
286,7380,9.0,26.72,,-0.0020781841594725847,4.148861646652222,18,,"1.096968,1.102422,1.181670,0.902177",,,0.674431,1.482586
287,7394,14.0,26.66,,-0.0020781841594725847,4.148861646652222,18,,"1.096968,1.102422,1.181670,0.902177",,,0.674431,1.482586
288,7431,37.0,26.2,,-0.0029531927338164103,4.464113235473633,19,,"1.104745,1.108096,1.192729,0.902374",,,0.664274,1.560084
289,7449,18.0,26.25,,-0.0029531927338164103,4.464113235473633,19,,"1.104745,1.108096,1.192729,0.902374",,,0.664274,1.560084
290,7484,35.0,26.36,,-0.0029531927338164103,4.464113235473633,19,,"1.104745,1.108096,1.192729,0.902374",,,0.664274,1.560084
291,7505,21.0,26.37,,-0.0029531927338164103,4.464113235473633,19,,"1.104745,1.108096,1.192729,0.902374",,,0.664274,1.560084
292,7525,20.0,26.35,,-0.0029531927338164103,4.464113235473633,19,,"1.104745,1.108096,1.192729,0.902374",,,0.664274,1.560084
293,7547,22.0,26.34,,-0.0029531927338164103,4.464113235473633,19,,"1.104745,1.108096,1.192729,0.902374",,,0.664274,1.560084
294,7577,30.0,26.47,,-0.0029531927338164103,4.464113235473633,19,,"1.104745,1.108096,1.192729,0.902374",,,0.664274,1.560084
295,7615,38.0,26.19,,-0.0029531927338164103,4.464113235473633,19,,"1.104745,1.108096,1.192729,0.902374",,,0.664274,1.560084
296,7630,15.0,26.18,,-0.0029531927338164103,4.464113235473633,19,,"1.104745,1.108096,1.192729,0.902374",,,0.664274,1.560084
297,7645,15.0,25.95,,-0.0029531927338164103,4.464113235473633,19,,"1.104745,1.108096,1.192729,0.902374",,,0.664274,1.560084
298,7702,57.0,26.33,,-0.0029531927338164103,4.464113235473633,19,,"1.104745,1.108096,1.192729,0.902374",,,0.664274,1.560084
299,7714,12.0,26.14,,-0.0029531927338164103,4.464113235473633,19,,"1.104745,1.108096,1.192729,0.902374",95.2,44.09716544178322,0.664274,1.560084
300,7730,16.0,26.18,,-0.0029531927338164103,4.464113235473633,19,,"1.104745,1.108096,1.192729,0.902374",,,0.664274,1.560084
301,7745,15.0,26.06,,-0.0029531927338164103,4.464113235473633,19,,"1.104745,1.108096,1.192729,0.902374",,,0.664274,1.560084
302,7771,26.0,26.12,,-0.0029531927338164103,4.464113235473633,19,,"1.104745,1.108096,1.192729,0.902374",,,0.664274,1.560084
303,7872,101.0,26.96,,-0.0029531927338164103,4.464113235473633,19,,"1.104745,1.108096,1.192729,0.902374",,,0.664274,1.560084
304,7886,14.0,26.97,,-0.003578131669200957,4.9048707485198975,20,,"1.112311,1.109715,1.203843,0.901133",,,0.672483,1.638722
305,7902,16.0,26.89,,-0.003578131669200957,4.9048707485198975,20,,"1.112311,1.109715,1.203843,0.901133",,,0.672483,1.638722
306,7975,73.0,27.34,,-0.003578131669200957,4.9048707485198975,20,,"1.112311,1.109715,1.203843,0.901133",,,0.672483,1.638722
307,7999,24.0,27.35,,-0.003578131669200957,4.9048707485198975,20,,"1.112311,1.109715,1.203843,0.901133",,,0.672483,1.638722
308,8017,18.0,27.4,,-0.003578131669200957,4.9048707485198975,20,,"1.112311,1.109715,1.203843,0.901133",,,0.672483,1.638722
309,8037,20.0,27.42,,-0.003578131669200957,4.9048707485198975,20,,"1.112311,1.109715,1.203843,0.901133",,,0.672483,1.638722
310,8060,23.0,27.5,,-0.003578131669200957,4.9048707485198975,20,,"1.112311,1.109715,1.203843,0.901133",,,0.672483,1.638722
311,8104,44.0,27.78,,-0.003578131669200957,4.9048707485198975,20,,"1.112311,1.109715,1.203843,0.901133",,,0.672483,1.638722
312,8206,102.0,28.39,,-0.003578131669200957,4.9048707485198975,20,,"1.112311,1.109715,1.203843,0.901133",,,0.672483,1.638722
313,8235,29.0,28.39,,-0.003578131669200957,4.9048707485198975,20,,"1.112311,1.109715,1.203843,0.901133",,,0.672483,1.638722
314,8248,13.0,27.97,,-0.003578131669200957,4.9048707485198975,20,,"1.112311,1.109715,1.203843,0.901133",,,0.672483,1.638722
315,8279,31.0,28.03,,-0.003578131669200957,4.9048707485198975,20,,"1.112311,1.109715,1.203843,0.901133",,,0.672483,1.638722
316,8316,37.0,28.18,,-0.003578131669200957,4.9048707485198975,20,,"1.112311,1.109715,1.203843,0.901133",,,0.672483,1.638722
317,8341,25.0,28.31,,-0.003578131669200957,4.9048707485198975,20,,"1.112311,1.109715,1.203843,0.901133",,,0.672483,1.638722
318,8359,18.0,28.37,,-0.003578131669200957,4.9048707485198975,20,,"1.112311,1.109715,1.203843,0.901133",,,0.672483,1.638722
319,8386,27.0,28.5,,-0.003578131669200957,4.9048707485198975,20,,"1.112311,1.109715,1.203843,0.901133",,,0.672483,1.638722
320,8424,38.0,28.57,,-0.004489696739862363,5.302627325057983,21,,"1.119151,1.112318,1.215176,0.902157",,,0.667575,1.722257
321,8522,98.0,29.37,,-0.004489696739862363,5.302627325057983,21,,"1.119151,1.112318,1.215176,0.902157",,,0.667575,1.722257
322,8554,32.0,29.37,,-0.004489696739862363,5.302627325057983,21,,"1.119151,1.112318,1.215176,0.902157",,,0.667575,1.722257
323,8573,19.0,29.25,,-0.004489696739862363,5.303627967834473,21,,"1.119151,1.112318,1.215176,0.902157",,,0.667575,1.722257
324,8618,45.0,29.03,,-0.004489696739862363,5.303627967834473,21,,"1.119151,1.112318,1.215176,0.902157",,,0.667575,1.722257
325,8699,81.0,29.52,,-0.004489696739862363,5.303627967834473,21,,"1.119151,1.112318,1.215176,0.902157",,,0.667575,1.722257
326,8724,25.0,29.59,,-0.004489696739862363,5.303627967834473,21,,"1.119151,1.112318,1.215176,0.902157",,,0.667575,1.722257
327,8761,37.0,29.8,,-0.004489696739862363,5.303627967834473,21,,"1.119151,1.112318,1.215176,0.902157",,,0.667575,1.722257
328,8821,60.0,30.08,,-0.004489696739862363,5.303627967834473,21,,"1.119151,1.112318,1.215176,0.902157",,,0.667575,1.722257
329,8837,16.0,30.07,,-0.004489696739862363,5.303627967834473,21,,"1.119151,1.112318,1.215176,0.902157",,,0.667575,1.722257
330,8875,38.0,29.95,,-0.004489696739862363,5.303627967834473,21,,"1.119151,1.112318,1.215176,0.902157",,,0.667575,1.722257
331,8892,17.0,29.95,,-0.004489696739862363,5.303627967834473,21,,"1.119151,1.112318,1.215176,0.902157",,,0.667575,1.722257
332,8959,67.0,30.52,,-0.004489696739862363,5.303627967834473,21,,"1.119151,1.112318,1.215176,0.902157",,,0.667575,1.722257
333,8981,22.0,30.6,,-0.004489696739862363,5.303627967834473,21,,"1.119151,1.112318,1.215176,0.902157",,,0.667575,1.722257
334,9037,56.0,30.97,,-0.004489696739862363,5.303627967834473,21,,"1.119151,1.112318,1.215176,0.902157",,,0.667575,1.722257
335,9081,44.0,31.19,,-0.004489696739862363,5.304627180099487,21,,"1.119151,1.112318,1.215176,0.902157",,,0.667575,1.722257
336,9095,14.0,31.09,,-0.005108630475164814,5.58951473236084,22,,"1.126149,1.115011,1.226717,0.904876",,,0.663164,1.810055
337,9113,18.0,30.85,,-0.005108630475164814,5.58951473236084,22,,"1.126149,1.115011,1.226717,0.904876",,,0.663164,1.810055
338,9127,14.0,30.48,,-0.005108630475164814,5.58951473236084,22,,"1.126149,1.115011,1.226717,0.904876",,,0.663164,1.810055
339,9142,15.0,30.48,,-0.005108630475164814,5.58951473236084,22,,"1.126149,1.115011,1.226717,0.904876",,,0.663164,1.810055
340,9163,21.0,30.51,,-0.005108630475164814,5.58951473236084,22,,"1.126149,1.115011,1.226717,0.904876",,,0.663164,1.810055
341,9177,14.0,30.55,,-0.005108630475164814,5.58951473236084,22,,"1.126149,1.115011,1.226717,0.904876",,,0.663164,1.810055
342,9195,18.0,30.28,,-0.005108630475164814,5.58951473236084,22,,"1.126149,1.115011,1.226717,0.904876",,,0.663164,1.810055
343,9231,36.0,30.32,,-0.005108630475164814,5.58951473236084,22,,"1.126149,1.115011,1.226717,0.904876",,,0.663164,1.810055
344,9265,34.0,30.12,,-0.005108630475164814,5.58951473236084,22,,"1.126149,1.115011,1.226717,0.904876",,,0.663164,1.810055
345,9311,46.0,30.39,,-0.005108630475164814,5.58951473236084,22,,"1.126149,1.115011,1.226717,0.904876",,,0.663164,1.810055
346,9350,39.0,30.66,,-0.005108630475164814,5.58951473236084,22,,"1.126149,1.115011,1.226717,0.904876",,,0.663164,1.810055
347,9388,38.0,30.82,,-0.005108630475164814,5.58951473236084,22,,"1.126149,1.115011,1.226717,0.904876",,,0.663164,1.810055
348,9433,45.0,30.95,,-0.005108630475164814,5.58951473236084,22,,"1.126149,1.115011,1.226717,0.904876",,,0.663164,1.810055
349,9485,52.0,31.32,,-0.005108630475164814,5.58951473236084,22,,"1.126149,1.115011,1.226717,0.904876",157.2,91.28066607995365,0.663164,1.810055
350,9543,58.0,31.63,,-0.005108630475164814,5.58951473236084,22,,"1.126149,1.115011,1.226717,0.904876",,,0.663164,1.810055
351,9615,72.0,32.12,,-0.005108630475164814,5.58951473236084,22,,"1.126149,1.115011,1.226717,0.904876",,,0.663164,1.810055
352,9683,68.0,32.69,,-0.006487818374096051,5.938034772872925,23,,"1.133664,1.117830,1.238396,0.908844",,,0.663963,1.902584
353,9707,24.0,32.66,,-0.006487818374096051,5.938034772872925,23,,"1.133664,1.117830,1.238396,0.908844",,,0.663963,1.902584
354,9802,95.0,33.37,,-0.006487818374096051,5.938034772872925,23,,"1.133664,1.117830,1.238396,0.908844",,,0.663963,1.902584
355,9860,58.0,33.78,,-0.006487818374096051,5.938034772872925,23,,"1.133664,1.117830,1.238396,0.908844",,,0.663963,1.902584
356,9880,20.0,33.62,,-0.006487818374096051,5.939038276672363,23,,"1.133664,1.117830,1.238396,0.908844",,,0.663963,1.902584
357,9892,12.0,33.48,,-0.006487818374096051,5.939038276672363,23,,"1.133664,1.117830,1.238396,0.908844",,,0.663963,1.902584
358,9917,25.0,33.34,,-0.006487818374096051,5.939038276672363,23,,"1.133664,1.117830,1.238396,0.908844",,,0.663963,1.902584
359,9941,24.0,33.4,,-0.006487818374096051,5.939038276672363,23,,"1.133664,1.117830,1.238396,0.908844",,,0.663963,1.902584
360,9961,20.0,33.47,,-0.006487818374096051,5.939038276672363,23,,"1.133664,1.117830,1.238396,0.908844",,,0.663963,1.902584
361,9995,34.0,33.13,,-0.006487818374096051,5.939038276672363,23,,"1.133664,1.117830,1.238396,0.908844",,,0.663963,1.902584
362,10051,56.0,33.33,,-0.006487818374096051,5.939038276672363,23,,"1.133664,1.117830,1.238396,0.908844",,,0.663963,1.902584
363,10067,16.0,33.2,,-0.006487818374096051,5.939038276672363,23,,"1.133664,1.117830,1.238396,0.908844",,,0.663963,1.902584
364,10107,40.0,33.39,,-0.006487818374096051,5.939038276672363,23,,"1.133664,1.117830,1.238396,0.908844",,,0.663963,1.902584
365,10157,50.0,33.64,,-0.006487818374096051,5.939038276672363,23,,"1.133664,1.117830,1.238396,0.908844",,,0.663963,1.902584
366,10173,16.0,33.64,,-0.006487818374096051,5.939038276672363,23,,"1.133664,1.117830,1.238396,0.908844",,,0.663963,1.902584
367,10187,14.0,33.66,,-0.006487818374096051,5.939038276672363,23,,"1.133664,1.117830,1.238396,0.908844",,,0.663963,1.902584
368,10279,92.0,34.26,,-0.00676291585356618,6.369826793670654,24,,"1.141533,1.119173,1.250254,0.912674",,,0.653668,1.994901
369,10386,107.0,35.14,,-0.00676291585356618,6.369826793670654,24,,"1.141533,1.119173,1.250254,0.912674",,,0.653668,1.994901
370,10407,21.0,35.11,,-0.00676291585356618,6.369826793670654,24,,"1.141533,1.119173,1.250254,0.912674",,,0.653668,1.994901
371,10443,36.0,35.21,,-0.00676291585356618,6.369826793670654,24,,"1.141533,1.119173,1.250254,0.912674",,,0.653668,1.994901
372,10489,46.0,35.57,,-0.00676291585356618,6.369826793670654,24,,"1.141533,1.119173,1.250254,0.912674",,,0.653668,1.994901
373,10548,59.0,35.99,,-0.00676291585356618,6.369826793670654,24,,"1.141533,1.119173,1.250254,0.912674",,,0.653668,1.994901
374,10599,51.0,36.04,,-0.00676291585356618,6.369826793670654,24,,"1.141533,1.119173,1.250254,0.912674",,,0.653668,1.994901
375,10636,37.0,36.03,,-0.00676291585356618,6.369826793670654,24,,"1.141533,1.119173,1.250254,0.912674",,,0.653668,1.994901
376,10724,88.0,36.56,,-0.00676291585356618,6.369826793670654,24,,"1.141533,1.119173,1.250254,0.912674",,,0.653668,1.994901
377,10783,59.0,36.75,,-0.00676291585356618,6.369826793670654,24,,"1.141533,1.119173,1.250254,0.912674",,,0.653668,1.994901
378,10813,30.0,36.85,,-0.00676291585356618,6.369826793670654,24,,"1.141533,1.119173,1.250254,0.912674",,,0.653668,1.994901
379,10863,50.0,36.76,,-0.00676291585356618,6.369826793670654,24,,"1.141533,1.119173,1.250254,0.912674",,,0.653668,1.994901
380,10891,28.0,36.69,,-0.00676291585356618,6.369826793670654,24,,"1.141533,1.119173,1.250254,0.912674",,,0.653668,1.994901
381,10927,36.0,36.68,,-0.00676291585356618,6.369826793670654,24,,"1.141533,1.119173,1.250254,0.912674",,,0.653668,1.994901
382,10958,31.0,36.72,,-0.00676291585356618,6.369826793670654,24,,"1.141533,1.119173,1.250254,0.912674",,,0.653668,1.994901
383,10975,17.0,36.64,,-0.00676291585356618,6.369826793670654,24,,"1.141533,1.119173,1.250254,0.912674",,,0.653668,1.994901
384,11053,78.0,37.3,,-0.007812707219272852,6.720802068710327,25,,"1.150436,1.119115,1.262310,0.917348",,,0.651829,2.091191
385,11086,33.0,37.15,,-0.007812707219272852,6.720802068710327,25,,"1.150436,1.119115,1.262310,0.917348",,,0.651829,2.091191
386,11109,23.0,37.29,,-0.007812707219272852,6.722326040267944,25,,"1.150436,1.119115,1.262310,0.917348",,,0.651829,2.091191
387,11144,35.0,37.5,,-0.007812707219272852,6.722326040267944,25,,"1.150436,1.119115,1.262310,0.917348",,,0.651829,2.091191
388,11157,13.0,37.26,,-0.007812707219272852,6.722326040267944,25,,"1.150436,1.119115,1.262310,0.917348",,,0.651829,2.091191
389,11182,25.0,37.33,,-0.007812707219272852,6.722326040267944,25,,"1.150436,1.119115,1.262310,0.917348",,,0.651829,2.091191
390,11202,20.0,37.18,,-0.007812707219272852,6.722326040267944,25,,"1.150436,1.119115,1.262310,0.917348",,,0.651829,2.091191
391,11221,19.0,37.16,,-0.007812707219272852,6.722326040267944,25,,"1.150436,1.119115,1.262310,0.917348",,,0.651829,2.091191
392,11304,83.0,37.79,,-0.007812707219272852,6.722326040267944,25,,"1.150436,1.119115,1.262310,0.917348",,,0.651829,2.091191
393,11336,32.0,37.89,,-0.007812707219272852,6.722326040267944,25,,"1.150436,1.119115,1.262310,0.917348",,,0.651829,2.091191
394,11386,50.0,38.09,,-0.007812707219272852,6.722326040267944,25,,"1.150436,1.119115,1.262310,0.917348",,,0.651829,2.091191
395,11402,16.0,37.87,,-0.007812707219272852,6.722326040267944,25,,"1.150436,1.119115,1.262310,0.917348",,,0.651829,2.091191
396,11418,16.0,37.88,,-0.007812707219272852,6.722326040267944,25,,"1.150436,1.119115,1.262310,0.917348",,,0.651829,2.091191
397,11460,42.0,38.15,,-0.007812707219272852,6.722326040267944,25,,"1.150436,1.119115,1.262310,0.917348",,,0.651829,2.091191
398,11478,18.0,37.76,,-0.007812707219272852,6.722326040267944,25,,"1.150436,1.119115,1.262310,0.917348",,,0.651829,2.091191
399,11523,45.0,38.09,,-0.007812707219272852,6.722326040267944,25,,"1.150436,1.119115,1.262310,0.917348",243.2,158.67375334314116,0.651829,2.091191
400,11544,21.0,38.14,,-0.008646139964604607,7.089662790298462,26,,"1.159508,1.118575,1.274381,0.922578",,,0.648297,2.190848
401,11561,17.0,38.16,,-0.008646139964604607,7.089662790298462,26,,"1.159508,1.118575,1.274381,0.922578",,,0.648297,2.190848
402,11586,25.0,38.15,,-0.008646139964604607,7.089662790298462,26,,"1.159508,1.118575,1.274381,0.922578",,,0.648297,2.190848
403,11641,55.0,37.69,,-0.008646139964604607,7.089662790298462,26,,"1.159508,1.118575,1.274381,0.922578",,,0.648297,2.190848
404,11655,14.0,37.69,,-0.008646139964604607,7.090662717819214,26,,"1.159508,1.118575,1.274381,0.922578",,,0.648297,2.190848
405,11689,34.0,37.87,,-0.008646139964604607,7.090662717819214,26,,"1.159508,1.118575,1.274381,0.922578",,,0.648297,2.190848
406,11708,19.0,37.33,,-0.008646139964604607,7.090662717819214,26,,"1.159508,1.118575,1.274381,0.922578",,,0.648297,2.190848
407,11739,31.0,37.4,,-0.008646139964604607,7.090662717819214,26,,"1.159508,1.118575,1.274381,0.922578",,,0.648297,2.190848
408,11770,31.0,37.53,,-0.008646139964604607,7.090662717819214,26,,"1.159508,1.118575,1.274381,0.922578",,,0.648297,2.190848
409,11789,19.0,37.52,,-0.008646139964604607,7.090662717819214,26,,"1.159508,1.118575,1.274381,0.922578",,,0.648297,2.190848
410,11828,39.0,37.68,,-0.008646139964604607,7.090662717819214,26,,"1.159508,1.118575,1.274381,0.922578",,,0.648297,2.190848
411,11919,91.0,38.15,,-0.008646139964604607,7.090662717819214,26,,"1.159508,1.118575,1.274381,0.922578",,,0.648297,2.190848
412,11944,25.0,37.38,,-0.008646139964604607,7.090662717819214,26,,"1.159508,1.118575,1.274381,0.922578",,,0.648297,2.190848
413,11982,38.0,37.47,,-0.008646139964604607,7.090662717819214,26,,"1.159508,1.118575,1.274381,0.922578",,,0.648297,2.190848
414,12007,25.0,37.59,,-0.008646139964604607,7.090662717819214,26,,"1.159508,1.118575,1.274381,0.922578",,,0.648297,2.190848
415,12037,30.0,37.58,,-0.008646139964604607,7.090662717819214,26,,"1.159508,1.118575,1.274381,0.922578",,,0.648297,2.190848
416,12072,35.0,37.56,,-0.009242681872651533,7.490687131881714,27,,"1.161853,1.116591,1.286436,0.929168",,,0.648189,2.291888
417,12102,30.0,37.61,,-0.009242681872651533,7.490687131881714,27,,"1.161853,1.116591,1.286436,0.929168",,,0.648189,2.291888
418,12135,33.0,37.76,,-0.009242681872651533,7.490687131881714,27,,"1.161853,1.116591,1.286436,0.929168",,,0.648189,2.291888
419,12230,95.0,38.44,,-0.009242681872651533,7.490687131881714,27,,"1.161853,1.116591,1.286436,0.929168",,,0.648189,2.291888
420,12292,62.0,38.68,,-0.009242681872651533,7.490687131881714,27,,"1.161853,1.116591,1.286436,0.929168",,,0.648189,2.291888
421,12318,26.0,37.96,,-0.009242681872651533,7.490687131881714,27,,"1.161853,1.116591,1.286436,0.929168",,,0.648189,2.291888
422,12335,17.0,37.81,,-0.009242681872651533,7.490687131881714,27,,"1.161853,1.116591,1.286436,0.929168",,,0.648189,2.291888
423,12381,46.0,38.08,,-0.009242681872651533,7.490687131881714,27,,"1.161853,1.116591,1.286436,0.929168",,,0.648189,2.291888
424,12462,81.0,38.44,,-0.009242681872651533,7.490687131881714,27,,"1.161853,1.116591,1.286436,0.929168",,,0.648189,2.291888
425,12473,11.0,37.74,,-0.009242681872651533,7.490687131881714,27,,"1.161853,1.116591,1.286436,0.929168",,,0.648189,2.291888
426,12533,60.0,38.09,,-0.009242681872651533,7.490687131881714,27,,"1.161853,1.116591,1.286436,0.929168",,,0.648189,2.291888
427,12550,17.0,37.89,,-0.009242681872651533,7.490687131881714,27,,"1.161853,1.116591,1.286436,0.929168",,,0.648189,2.291888
428,12622,72.0,38.01,,-0.009242681872651533,7.490687131881714,27,,"1.161853,1.116591,1.286436,0.929168",,,0.648189,2.291888
429,12673,51.0,38.36,,-0.009242681872651533,7.490687131881714,27,,"1.161853,1.116591,1.286436,0.929168",,,0.648189,2.291888
430,12754,81.0,38.79,,-0.009242681872651533,7.490687131881714,27,,"1.161853,1.116591,1.286436,0.929168",,,0.648189,2.291888
431,12772,18.0,38.8,,-0.009242681872651533,7.490687131881714,27,,"1.161853,1.116591,1.286436,0.929168",,,0.648189,2.291888
432,12827,55.0,38.68,,-0.009345671777347369,7.930809259414673,28,,"1.163211,1.112489,1.298729,0.936035",,,0.637735,2.389733
433,12880,53.0,38.99,,-0.009345671777347369,7.930809259414673,28,,"1.163211,1.112489,1.298729,0.936035",,,0.637735,2.389733
434,12926,46.0,38.89,,-0.009345671777347369,7.930809259414673,28,,"1.163211,1.112489,1.298729,0.936035",,,0.637735,2.389733
435,12983,57.0,39.02,,-0.009345671777347369,7.930809259414673,28,,"1.163211,1.112489,1.298729,0.936035",,,0.637735,2.389733
436,13028,45.0,39.33,,-0.009345671777347369,7.930809259414673,28,,"1.163211,1.112489,1.298729,0.936035",,,0.637735,2.389733
437,13059,31.0,39.46,,-0.009345671777347369,7.930809259414673,28,,"1.163211,1.112489,1.298729,0.936035",,,0.637735,2.389733
438,13170,111.0,40.43,,-0.009345671777347369,7.930809259414673,28,,"1.163211,1.112489,1.298729,0.936035",,,0.637735,2.389733
439,13182,12.0,40.4,,-0.009345671777347369,7.930809259414673,28,,"1.163211,1.112489,1.298729,0.936035",,,0.637735,2.389733
440,13220,38.0,40.57,,-0.009345671777347369,7.930809259414673,28,,"1.163211,1.112489,1.298729,0.936035",,,0.637735,2.389733
441,13256,36.0,40.79,,-0.009345671777347369,7.930809259414673,28,,"1.163211,1.112489,1.298729,0.936035",,,0.637735,2.389733
442,13296,40.0,41.01,,-0.009345671777347369,7.931808710098267,28,,"1.163211,1.112489,1.298729,0.936035",,,0.637735,2.389733
443,13340,44.0,41.09,,-0.009345671777347369,7.931808710098267,28,,"1.163211,1.112489,1.298729,0.936035",,,0.637735,2.389733
444,13396,56.0,41.31,,-0.009345671777347369,7.931808710098267,28,,"1.163211,1.112489,1.298729,0.936035",,,0.637735,2.389733
445,13457,61.0,41.46,,-0.009345671777347369,7.931808710098267,28,,"1.163211,1.112489,1.298729,0.936035",,,0.637735,2.389733
446,13492,35.0,41.42,,-0.009345671777347369,7.931808710098267,28,,"1.163211,1.112489,1.298729,0.936035",,,0.637735,2.389733
447,13539,47.0,41.51,,-0.009345671777347369,7.931808710098267,28,,"1.163211,1.112489,1.298729,0.936035",,,0.637735,2.389733
448,13596,57.0,41.63,,-0.009739809589267805,8.509788990020752,29,,"1.162499,1.107475,1.311168,0.943129",,,0.642693,2.487229
449,13621,25.0,41.36,,-0.009739809589267805,8.509788990020752,29,,"1.162499,1.107475,1.311168,0.943129",273.8,137.3628770811095,0.642693,2.487229
450,13648,27.0,41.05,,-0.009739809589267805,8.509788990020752,29,,"1.162499,1.107475,1.311168,0.943129",,,0.642693,2.487229
451,13699,51.0,40.84,,-0.009739809589267805,8.509788990020752,29,,"1.162499,1.107475,1.311168,0.943129",,,0.642693,2.487229
452,13861,162.0,41.78,,-0.009739809589267805,8.509788990020752,29,,"1.162499,1.107475,1.311168,0.943129",,,0.642693,2.487229
453,13919,58.0,42.12,,-0.009739809589267805,8.511294841766357,29,,"1.162499,1.107475,1.311168,0.943129",,,0.642693,2.487229
454,13984,65.0,41.82,,-0.009739809589267805,8.511294841766357,29,,"1.162499,1.107475,1.311168,0.943129",,,0.642693,2.487229
455,14076,92.0,42.16,,-0.009739809589267805,8.511294841766357,29,,"1.162499,1.107475,1.311168,0.943129",,,0.642693,2.487229
456,14103,27.0,42.23,,-0.009739809589267805,8.511294841766357,29,,"1.162499,1.107475,1.311168,0.943129",,,0.642693,2.487229
457,14155,52.0,42.63,,-0.009739809589267805,8.511294841766357,29,,"1.162499,1.107475,1.311168,0.943129",,,0.642693,2.487229
458,14220,65.0,43.03,,-0.009739809589267805,8.511294841766357,29,,"1.162499,1.107475,1.311168,0.943129",,,0.642693,2.487229
459,14270,50.0,43.29,,-0.009739809589267805,8.511294841766357,29,,"1.162499,1.107475,1.311168,0.943129",,,0.642693,2.487229
460,14330,60.0,43.69,,-0.009739809589267805,8.511294841766357,29,,"1.162499,1.107475,1.311168,0.943129",,,0.642693,2.487229
461,14428,98.0,44.33,,-0.009739809589267805,8.511294841766357,29,,"1.162499,1.107475,1.311168,0.943129",,,0.642693,2.487229
462,14484,56.0,44.33,,-0.009739809589267805,8.511294841766357,29,,"1.162499,1.107475,1.311168,0.943129",,,0.642693,2.487229
463,14516,32.0,44.49,,-0.009739809589267805,8.511294841766357,29,,"1.162499,1.107475,1.311168,0.943129",,,0.642693,2.487229
464,14609,93.0,45.02,,-0.009998120258872707,9.079691410064697,30,,"1.160821,1.103451,1.323668,0.950536",,,0.630716,2.583654
465,14707,98.0,45.5,,-0.009998120258872707,9.079691410064697,30,,"1.160821,1.103451,1.323668,0.950536",,,0.630716,2.583654
466,14769,62.0,45.96,,-0.009998120258872707,9.079691410064697,30,,"1.160821,1.103451,1.323668,0.950536",,,0.630716,2.583654
467,14816,47.0,46.29,,-0.009998120258872707,9.079691410064697,30,,"1.160821,1.103451,1.323668,0.950536",,,0.630716,2.583654
468,14848,32.0,45.69,,-0.009998120258872707,9.079691410064697,30,,"1.160821,1.103451,1.323668,0.950536",,,0.630716,2.583654
469,14881,33.0,44.95,,-0.009998120258872707,9.079691410064697,30,,"1.160821,1.103451,1.323668,0.950536",,,0.630716,2.583654
470,14977,96.0,45.7,,-0.009998120258872707,9.079691410064697,30,,"1.160821,1.103451,1.323668,0.950536",,,0.630716,2.583654
471,15020,43.0,45.77,,-0.009998120258872707,9.080694675445557,30,,"1.160821,1.103451,1.323668,0.950536",,,0.630716,2.583654
472,15053,33.0,45.64,,-0.009998120258872707,9.080694675445557,30,,"1.160821,1.103451,1.323668,0.950536",,,0.630716,2.583654
473,15116,63.0,45.68,,-0.009998120258872707,9.080694675445557,30,,"1.160821,1.103451,1.323668,0.950536",,,0.630716,2.583654
474,15286,170.0,46.87,,-0.009998120258872707,9.080694675445557,30,,"1.160821,1.103451,1.323668,0.950536",,,0.630716,2.583654
475,15408,122.0,47.72,,-0.009998120258872707,9.080694675445557,30,,"1.160821,1.103451,1.323668,0.950536",,,0.630716,2.583654
476,15462,54.0,47.38,,-0.009998120258872707,9.080694675445557,30,,"1.160821,1.103451,1.323668,0.950536",,,0.630716,2.583654
477,15524,62.0,47.41,,-0.009998120258872707,9.080694675445557,30,,"1.160821,1.103451,1.323668,0.950536",,,0.630716,2.583654
478,15565,41.0,47.52,,-0.009998120258872707,9.080694675445557,30,,"1.160821,1.103451,1.323668,0.950536",,,0.630716,2.583654
479,15604,39.0,47.41,,-0.009998120258872707,9.080694675445557,30,,"1.160821,1.103451,1.323668,0.950536",,,0.630716,2.583654
480,15649,45.0,47.58,,-0.009740421308144447,9.601627349853516,31,,"1.159279,1.099079,1.336357,0.957508",,,0.627556,2.673036
481,15722,73.0,47.95,,-0.009740421308144447,9.601627349853516,31,,"1.159279,1.099079,1.336357,0.957508",,,0.627556,2.673036
482,15742,20.0,47.84,,-0.009740421308144447,9.601627349853516,31,,"1.159279,1.099079,1.336357,0.957508",,,0.627556,2.673036
483,15846,104.0,48.71,,-0.009740421308144447,9.601627349853516,31,,"1.159279,1.099079,1.336357,0.957508",,,0.627556,2.673036
484,15920,74.0,48.67,,-0.009740421308144447,9.601627349853516,31,,"1.159279,1.099079,1.336357,0.957508",,,0.627556,2.673036
485,16013,93.0,49.27,,-0.009740421308144447,9.601627349853516,31,,"1.159279,1.099079,1.336357,0.957508",,,0.627556,2.673036
486,16080,67.0,49.71,,-0.009740421308144447,9.601627349853516,31,,"1.159279,1.099079,1.336357,0.957508",,,0.627556,2.673036
487,16106,26.0,49.62,,-0.009740421308144447,9.601627349853516,31,,"1.159279,1.099079,1.336357,0.957508",,,0.627556,2.673036
488,16124,18.0,49.67,,-0.009740421308144447,9.601627349853516,31,,"1.159279,1.099079,1.336357,0.957508",,,0.627556,2.673036
489,16184,60.0,50.02,,-0.009740421308144447,9.601627349853516,31,,"1.159279,1.099079,1.336357,0.957508",,,0.627556,2.673036
490,16286,102.0,50.84,,-0.009740421308144447,9.601627349853516,31,,"1.159279,1.099079,1.336357,0.957508",,,0.627556,2.673036
491,16356,70.0,51.35,,-0.009740421308144447,9.601627349853516,31,,"1.159279,1.099079,1.336357,0.957508",,,0.627556,2.673036
492,16406,50.0,51.02,,-0.009740421308144447,9.601627349853516,31,,"1.159279,1.099079,1.336357,0.957508",,,0.627556,2.673036
493,16476,70.0,51.4,,-0.009740421308144447,9.601627349853516,31,,"1.159279,1.099079,1.336357,0.957508",,,0.627556,2.673036
494,16615,139.0,52.29,,-0.009740421308144447,9.601627349853516,31,,"1.159279,1.099079,1.336357,0.957508",,,0.627556,2.673036
495,16697,82.0,52.95,,-0.009740421308144447,9.601627349853516,31,,"1.159279,1.099079,1.336357,0.957508",,,0.627556,2.673036
496,16790,93.0,53.72,,-0.010034797014668584,10.15737771987915,32,,"1.156218,1.095272,1.349255,0.964872",,,0.623588,2.763152
497,16859,69.0,53.99,,-0.010034797014668584,10.15737771987915,32,,"1.156218,1.095272,1.349255,0.964872",,,0.623588,2.763152
498,16887,28.0,54.09,,-0.010034797014668584,10.15737771987915,32,,"1.156218,1.095272,1.349255,0.964872",,,0.623588,2.763152
499,16919,32.0,53.96,,-0.010034797014668584,10.15737771987915,32,,"1.156218,1.095272,1.349255,0.964872",156.2,37.27948497498322,0.623588,2.763152
500,17049,130.0,55.05,,-0.010034797014668584,10.15737771987915,32,,"1.156218,1.095272,1.349255,0.964872",,,0.623588,2.763152
501,17080,31.0,55.19,,-0.010034797014668584,10.15737771987915,32,,"1.156218,1.095272,1.349255,0.964872",,,0.623588,2.763152
502,17176,96.0,55.9,,-0.010034797014668584,10.15737771987915,32,,"1.156218,1.095272,1.349255,0.964872",,,0.623588,2.763152
503,17245,69.0,56.04,,-0.010034797014668584,10.15737771987915,32,,"1.156218,1.095272,1.349255,0.964872",,,0.623588,2.763152
504,17306,61.0,56.51,,-0.010034797014668584,10.15837812423706,32,,"1.156218,1.095272,1.349255,0.964872",,,0.623588,2.763152
505,17392,86.0,57.03,,-0.010034797014668584,10.15837812423706,32,,"1.156218,1.095272,1.349255,0.964872",,,0.623588,2.763152
506,17453,61.0,57.45,,-0.010034797014668584,10.15837812423706,32,,"1.156218,1.095272,1.349255,0.964872",,,0.623588,2.763152
507,17550,97.0,58.11,,-0.010034797014668584,10.15837812423706,32,,"1.156218,1.095272,1.349255,0.964872",,,0.623588,2.763152
508,17679,129.0,59.09,,-0.010034797014668584,10.15837812423706,32,,"1.156218,1.095272,1.349255,0.964872",,,0.623588,2.763152
509,17767,88.0,59.78,,-0.010034797014668584,10.15837812423706,32,,"1.156218,1.095272,1.349255,0.964872",,,0.623588,2.763152
510,17882,115.0,60.54,,-0.010034797014668584,10.15837812423706,32,,"1.156218,1.095272,1.349255,0.964872",,,0.623588,2.763152
511,17962,80.0,60.43,,-0.010034797014668584,10.15837812423706,32,,"1.156218,1.095272,1.349255,0.964872",,,0.623588,2.763152
512,18096,134.0,61.52,,-0.01024950442440582,10.914857387542725,33,,"1.151601,1.091539,1.361746,0.972823",,,0.627802,2.851068
513,18149,53.0,61.67,,-0.01024950442440582,10.915630340576172,33,,"1.151601,1.091539,1.361746,0.972823",,,0.627802,2.851068
514,18224,75.0,62.17,,-0.01024950442440582,10.915630340576172,33,,"1.151601,1.091539,1.361746,0.972823",,,0.627802,2.851068
515,18309,85.0,62.72,,-0.01024950442440582,10.915630340576172,33,,"1.151601,1.091539,1.361746,0.972823",,,0.627802,2.851068
516,18365,56.0,62.93,,-0.01024950442440582,10.915630340576172,33,,"1.151601,1.091539,1.361746,0.972823",,,0.627802,2.851068
517,18560,195.0,64.58,,-0.01024950442440582,10.915630340576172,33,,"1.151601,1.091539,1.361746,0.972823",,,0.627802,2.851068
518,18684,124.0,65.49,,-0.01024950442440582,10.915630340576172,33,,"1.151601,1.091539,1.361746,0.972823",,,0.627802,2.851068
519,18788,104.0,65.58,,-0.01024950442440582,10.915630340576172,33,,"1.151601,1.091539,1.361746,0.972823",,,0.627802,2.851068
520,18954,166.0,66.62,,-0.01024950442440582,10.915630340576172,33,,"1.151601,1.091539,1.361746,0.972823",,,0.627802,2.851068
521,19033,79.0,67.15,,-0.01024950442440582,10.915630340576172,33,,"1.151601,1.091539,1.361746,0.972823",,,0.627802,2.851068
522,19168,135.0,68.33,,-0.01024950442440582,10.915630340576172,33,,"1.151601,1.091539,1.361746,0.972823",,,0.627802,2.851068
523,19328,160.0,69.47,,-0.01024950442440582,10.915630340576172,33,,"1.151601,1.091539,1.361746,0.972823",,,0.627802,2.851068
524,19383,55.0,69.21,,-0.01024950442440582,10.915630340576172,33,,"1.151601,1.091539,1.361746,0.972823",,,0.627802,2.851068
525,19431,48.0,69.58,,-0.01024950442440582,10.915630340576172,33,,"1.151601,1.091539,1.361746,0.972823",,,0.627802,2.851068
526,19520,89.0,69.87,,-0.01024950442440582,10.915630340576172,33,,"1.151601,1.091539,1.361746,0.972823",,,0.627802,2.851068
527,19616,96.0,70.66,,-0.01024950442440582,10.915630340576172,33,,"1.151601,1.091539,1.361746,0.972823",,,0.627802,2.851068
528,19687,71.0,70.65,,-0.010605077149675173,11.37009572982788,34,,"1.145652,1.086637,1.374495,0.981126",,,0.612045,2.941809
529,19741,54.0,70.68,,-0.010605077149675173,11.37009572982788,34,,"1.145652,1.086637,1.374495,0.981126",,,0.612045,2.941809
530,19796,55.0,70.42,,-0.010605077149675173,11.37009572982788,34,,"1.145652,1.086637,1.374495,0.981126",,,0.612045,2.941809
531,19853,57.0,70.81,,-0.010605077149675173,11.37009572982788,34,,"1.145652,1.086637,1.374495,0.981126",,,0.612045,2.941809
532,19970,117.0,71.43,,-0.010605077149675173,11.37009572982788,34,,"1.145652,1.086637,1.374495,0.981126",,,0.612045,2.941809
533,19991,21.0,71.11,,-0.010605077149675173,11.37009572982788,34,,"1.145652,1.086637,1.374495,0.981126",,,0.612045,2.941809
534,20065,74.0,71.39,,-0.010605077149675173,11.37009572982788,34,,"1.145652,1.086637,1.374495,0.981126",,,0.612045,2.941809
535,20128,63.0,71.45,,-0.010605077149675173,11.37009572982788,34,,"1.145652,1.086637,1.374495,0.981126",,,0.612045,2.941809
536,20156,28.0,71.28,,-0.010605077149675173,11.37009572982788,34,,"1.145652,1.086637,1.374495,0.981126",,,0.612045,2.941809
537,20238,82.0,71.79,,-0.010605077149675173,11.37009572982788,34,,"1.145652,1.086637,1.374495,0.981126",,,0.612045,2.941809
538,20262,24.0,70.92,,-0.010605077149675173,11.371101379394531,34,,"1.145652,1.086637,1.374495,0.981126",,,0.612045,2.941809
539,20336,74.0,71.54,,-0.010605077149675173,11.371101379394531,34,,"1.145652,1.086637,1.374495,0.981126",,,0.612045,2.941809
540,20410,74.0,71.9,,-0.010605077149675173,11.371101379394531,34,,"1.145652,1.086637,1.374495,0.981126",,,0.612045,2.941809
541,20441,31.0,71.85,,-0.010605077149675173,11.371101379394531,34,,"1.145652,1.086637,1.374495,0.981126",,,0.612045,2.941809
542,20496,55.0,72.0,,-0.010605077149675173,11.371101379394531,34,,"1.145652,1.086637,1.374495,0.981126",,,0.612045,2.941809
543,20586,90.0,72.46,,-0.010605077149675173,11.371101379394531,34,,"1.145652,1.086637,1.374495,0.981126",,,0.612045,2.941809
544,20661,75.0,72.65,,-0.011079699120351246,12.043226480484009,35,,"1.138524,1.080819,1.387536,0.989499",,,0.612758,3.034670
545,20719,58.0,72.62,,-0.011079699120351246,12.043226480484009,35,,"1.138524,1.080819,1.387536,0.989499",,,0.612758,3.034670
546,20788,69.0,72.96,,-0.011079699120351246,12.043226480484009,35,,"1.138524,1.080819,1.387536,0.989499",,,0.612758,3.034670
547,20938,150.0,73.99,,-0.011079699120351246,12.043226480484009,35,,"1.138524,1.080819,1.387536,0.989499",,,0.612758,3.034670
548,21049,111.0,74.53,,-0.011079699120351246,12.043226480484009,35,,"1.138524,1.080819,1.387536,0.989499",,,0.612758,3.034670
549,21194,145.0,75.73,,-0.011079699120351246,12.043226480484009,35,,"1.138524,1.080819,1.387536,0.989499",157.0,24.008331887076203,0.612758,3.034670
550,21277,83.0,76.29,,-0.011079699120351246,12.044226169586182,35,,"1.138524,1.080819,1.387536,0.989499",,,0.612758,3.034670
551,21425,148.0,77.26,,-0.011079699120351246,12.044226169586182,35,,"1.138524,1.080819,1.387536,0.989499",,,0.612758,3.034670
552,21472,47.0,76.11,,-0.011079699120351246,12.044226169586182,35,,"1.138524,1.080819,1.387536,0.989499",,,0.612758,3.034670
553,21501,29.0,75.82,,-0.011079699120351246,12.044226169586182,35,,"1.138524,1.080819,1.387536,0.989499",,,0.612758,3.034670
554,21564,63.0,75.8,,-0.011079699120351246,12.044226169586182,35,,"1.138524,1.080819,1.387536,0.989499",,,0.612758,3.034670
555,21732,168.0,76.56,,-0.011079699120351246,12.044226169586182,35,,"1.138524,1.080819,1.387536,0.989499",,,0.612758,3.034670
556,21792,60.0,76.89,,-0.011079699120351246,12.044226169586182,35,,"1.138524,1.080819,1.387536,0.989499",,,0.612758,3.034670
557,21817,25.0,76.62,,-0.011079699120351246,12.044226169586182,35,,"1.138524,1.080819,1.387536,0.989499",,,0.612758,3.034670
558,21959,142.0,77.39,,-0.011079699120351246,12.044226169586182,35,,"1.138524,1.080819,1.387536,0.989499",,,0.612758,3.034670
559,22027,68.0,77.57,,-0.011079699120351246,12.044226169586182,35,,"1.138524,1.080819,1.387536,0.989499",,,0.612758,3.034670
560,22129,102.0,77.99,,-0.011306842478613058,12.600332498550415,36,,"1.130348,1.074800,1.400226,0.997926",,,0.615359,3.124281
561,22201,72.0,77.73,,-0.011306842478613058,12.600332498550415,36,,"1.130348,1.074800,1.400226,0.997926",,,0.615359,3.124281
562,22218,17.0,77.34,,-0.011306842478613058,12.600846290588379,36,,"1.130348,1.074800,1.400226,0.997926",,,0.615359,3.124281
563,22270,52.0,77.54,,-0.011306842478613058,12.600846290588379,36,,"1.130348,1.074800,1.400226,0.997926",,,0.615359,3.124281
564,22375,105.0,77.66,,-0.011306842478613058,12.600846290588379,36,,"1.130348,1.074800,1.400226,0.997926",,,0.615359,3.124281
565,22447,72.0,77.4,,-0.011306842478613058,12.600846290588379,36,,"1.130348,1.074800,1.400226,0.997926",,,0.615359,3.124281
566,22524,77.0,77.55,,-0.011306842478613058,12.600846290588379,36,,"1.130348,1.074800,1.400226,0.997926",,,0.615359,3.124281
567,22600,76.0,77.84,,-0.011306842478613058,12.600846290588379,36,,"1.130348,1.074800,1.400226,0.997926",,,0.615359,3.124281
568,22756,156.0,79.08,,-0.011306842478613058,12.600846290588379,36,,"1.130348,1.074800,1.400226,0.997926",,,0.615359,3.124281
569,22879,123.0,79.98,,-0.011306842478613058,12.600846290588379,36,,"1.130348,1.074800,1.400226,0.997926",,,0.615359,3.124281
570,22949,70.0,79.72,,-0.011306842478613058,12.600846290588379,36,,"1.130348,1.074800,1.400226,0.997926",,,0.615359,3.124281
571,23044,95.0,80.24,,-0.011306842478613058,12.600846290588379,36,,"1.130348,1.074800,1.400226,0.997926",,,0.615359,3.124281
572,23143,99.0,80.9,,-0.011306842478613058,12.600846290588379,36,,"1.130348,1.074800,1.400226,0.997926",,,0.615359,3.124281
573,23239,96.0,81.23,,-0.011306842478613058,12.600846290588379,36,,"1.130348,1.074800,1.400226,0.997926",,,0.615359,3.124281
574,23322,83.0,80.36,,-0.011306842478613058,12.600846290588379,36,,"1.130348,1.074800,1.400226,0.997926",,,0.615359,3.124281
575,23481,159.0,80.73,,-0.011306842478613058,12.600846290588379,36,,"1.130348,1.074800,1.400226,0.997926",,,0.615359,3.124281
576,23690,209.0,82.28,,-0.011422593071049935,13.490938663482666,37,,"1.120775,1.068552,1.412965,1.006917",,,0.604395,3.212264
577,23774,84.0,82.5,,-0.011422593071049935,13.490938663482666,37,,"1.120775,1.068552,1.412965,1.006917",,,0.604395,3.212264
578,23889,115.0,83.24,,-0.011422593071049935,13.490938663482666,37,,"1.120775,1.068552,1.412965,1.006917",,,0.604395,3.212264
579,23938,49.0,83.34,,-0.011422593071049935,13.490938663482666,37,,"1.120775,1.068552,1.412965,1.006917",,,0.604395,3.212264
580,24070,132.0,84.21,,-0.011422593071049935,13.490938663482666,37,,"1.120775,1.068552,1.412965,1.006917",,,0.604395,3.212264
581,24167,97.0,84.45,,-0.011422593071049935,13.490938663482666,37,,"1.120775,1.068552,1.412965,1.006917",,,0.604395,3.212264
582,24287,120.0,85.45,,-0.011422593071049935,13.490938663482666,37,,"1.120775,1.068552,1.412965,1.006917",,,0.604395,3.212264
583,24502,215.0,86.56,,-0.011422593071049935,13.490938663482666,37,,"1.120775,1.068552,1.412965,1.006917",,,0.604395,3.212264
584,24665,163.0,87.45,,-0.011422593071049935,13.490938663482666,37,,"1.120775,1.068552,1.412965,1.006917",,,0.604395,3.212264
585,24764,99.0,87.51,,-0.011422593071049935,13.490938663482666,37,,"1.120775,1.068552,1.412965,1.006917",,,0.604395,3.212264
586,24814,50.0,87.34,,-0.011422593071049935,13.490938663482666,37,,"1.120775,1.068552,1.412965,1.006917",,,0.604395,3.212264
587,24899,85.0,87.93,,-0.011422593071049935,13.490938663482666,37,,"1.120775,1.068552,1.412965,1.006917",,,0.604395,3.212264
588,25020,121.0,88.96,,-0.011422593071049935,13.490938663482666,37,,"1.120775,1.068552,1.412965,1.006917",,,0.604395,3.212264
589,25087,67.0,89.03,,-0.011422593071049935,13.490938663482666,37,,"1.120775,1.068552,1.412965,1.006917",,,0.604395,3.212264
590,25208,121.0,89.22,,-0.011422593071049935,13.490938663482666,37,,"1.120775,1.068552,1.412965,1.006917",,,0.604395,3.212264
591,25378,170.0,90.22,,-0.011422593071049935,13.490938663482666,37,,"1.120775,1.068552,1.412965,1.006917",,,0.604395,3.212264
592,25469,91.0,90.63,,-0.01143455789669564,14.209710121154785,38,,"1.110106,1.060779,1.425895,1.015549",,,0.604431,3.295156
593,25572,103.0,90.96,,-0.01143455789669564,14.209710121154785,38,,"1.110106,1.060779,1.425895,1.015549",,,0.604431,3.295156
594,25705,133.0,90.9,,-0.01143455789669564,14.209710121154785,38,,"1.110106,1.060779,1.425895,1.015549",,,0.604431,3.295156
595,25810,105.0,91.13,,-0.01143455789669564,14.209710121154785,38,,"1.110106,1.060779,1.425895,1.015549",,,0.604431,3.295156
596,25881,71.0,90.91,,-0.01143455789669564,14.209710121154785,38,,"1.110106,1.060779,1.425895,1.015549",,,0.604431,3.295156
597,25946,65.0,90.87,,-0.01143455789669564,14.209710121154785,38,,"1.110106,1.060779,1.425895,1.015549",,,0.604431,3.295156
598,26025,79.0,91.38,,-0.01143455789669564,14.209710121154785,38,,"1.110106,1.060779,1.425895,1.015549",,,0.604431,3.295156
599,26067,42.0,91.48,,-0.01143455789669564,14.210716724395752,38,,"1.110106,1.060779,1.425895,1.015549",227.8,40.33063351845592,0.604431,3.295156
600,26147,80.0,90.98,,-0.01143455789669564,14.211722612380981,38,,"1.110106,1.060779,1.425895,1.015549",,,0.604431,3.295156
601,26275,128.0,91.95,,-0.01143455789669564,14.211722612380981,38,,"1.110106,1.060779,1.425895,1.015549",,,0.604431,3.295156
602,26401,126.0,92.25,,-0.01143455789669564,14.211722612380981,38,,"1.110106,1.060779,1.425895,1.015549",,,0.604431,3.295156
603,26488,87.0,92.43,,-0.01143455789669564,14.211722612380981,38,,"1.110106,1.060779,1.425895,1.015549",,,0.604431,3.295156
604,26542,54.0,92.36,,-0.01143455789669564,14.211722612380981,38,,"1.110106,1.060779,1.425895,1.015549",,,0.604431,3.295156
605,26611,69.0,92.19,,-0.01143455789669564,14.211722612380981,38,,"1.110106,1.060779,1.425895,1.015549",,,0.604431,3.295156
606,26782,171.0,93.29,,-0.01143455789669564,14.211722612380981,38,,"1.110106,1.060779,1.425895,1.015549",,,0.604431,3.295156
607,26904,122.0,93.54,,-0.01143455789669564,14.211722612380981,38,,"1.110106,1.060779,1.425895,1.015549",,,0.604431,3.295156
608,27045,141.0,93.66,,-0.011495498940348625,15.066987752914429,39,,"1.099002,1.052514,1.438926,1.023584",,,0.601295,3.374597
609,27162,117.0,93.95,,-0.011495498940348625,15.067991018295288,39,,"1.099002,1.052514,1.438926,1.023584",,,0.601295,3.374597
610,27238,76.0,93.56,,-0.011495498940348625,15.067991018295288,39,,"1.099002,1.052514,1.438926,1.023584",,,0.601295,3.374597
611,27369,131.0,94.07,,-0.011495498940348625,15.067991018295288,39,,"1.099002,1.052514,1.438926,1.023584",,,0.601295,3.374597
612,27439,70.0,93.43,,-0.011495498940348625,15.067991018295288,39,,"1.099002,1.052514,1.438926,1.023584",,,0.601295,3.374597
613,27558,119.0,94.09,,-0.011495498940348625,15.067991018295288,39,,"1.099002,1.052514,1.438926,1.023584",,,0.601295,3.374597
614,27758,200.0,95.34,,-0.011495498940348625,15.067991018295288,39,,"1.099002,1.052514,1.438926,1.023584",,,0.601295,3.374597
615,27875,117.0,95.66,,-0.011495498940348625,15.067991018295288,39,,"1.099002,1.052514,1.438926,1.023584",,,0.601295,3.374597
616,28012,137.0,96.47,,-0.011495498940348625,15.067991018295288,39,,"1.099002,1.052514,1.438926,1.023584",,,0.601295,3.374597
617,28160,148.0,96.0,,-0.011495498940348625,15.067991018295288,39,,"1.099002,1.052514,1.438926,1.023584",,,0.601295,3.374597
618,28238,78.0,95.54,,-0.011495498940348625,15.067991018295288,39,,"1.099002,1.052514,1.438926,1.023584",,,0.601295,3.374597
619,28316,78.0,95.28,,-0.011495498940348625,15.067991018295288,39,,"1.099002,1.052514,1.438926,1.023584",,,0.601295,3.374597
620,28384,68.0,94.3,,-0.011495498940348625,15.067991018295288,39,,"1.099002,1.052514,1.438926,1.023584",,,0.601295,3.374597
621,28513,129.0,94.8,,-0.011495498940348625,15.067991018295288,39,,"1.099002,1.052514,1.438926,1.023584",,,0.601295,3.374597
622,28619,106.0,94.51,,-0.011495498940348625,15.067991018295288,39,,"1.099002,1.052514,1.438926,1.023584",,,0.601295,3.374597
623,28722,103.0,93.94,,-0.011495498940348625,15.067991018295288,39,,"1.099002,1.052514,1.438926,1.023584",,,0.601295,3.374597
624,28915,193.0,95.32,,-0.011365992028731852,15.99855351448059,40,,"1.087233,1.043709,1.451993,1.031555",,,0.598565,3.447689
625,29120,205.0,96.89,,-0.011365992028731852,15.99855351448059,40,,"1.087233,1.043709,1.451993,1.031555",,,0.598565,3.447689
626,29253,133.0,97.33,,-0.011365992028731852,15.99855351448059,40,,"1.087233,1.043709,1.451993,1.031555",,,0.598565,3.447689
627,29363,110.0,97.47,,-0.011365992028731852,15.99855351448059,40,,"1.087233,1.043709,1.451993,1.031555",,,0.598565,3.447689
628,29488,125.0,98.01,,-0.011365992028731852,15.99855351448059,40,,"1.087233,1.043709,1.451993,1.031555",,,0.598565,3.447689
629,29592,104.0,98.51,,-0.011365992028731852,15.99855351448059,40,,"1.087233,1.043709,1.451993,1.031555",,,0.598565,3.447689
630,29636,44.0,98.4,,-0.011365992028731852,15.99855351448059,40,,"1.087233,1.043709,1.451993,1.031555",,,0.598565,3.447689
631,29748,112.0,98.95,,-0.011365992028731852,15.99855351448059,40,,"1.087233,1.043709,1.451993,1.031555",,,0.598565,3.447689
632,29836,88.0,98.66,,-0.011365992028731852,15.99855351448059,40,,"1.087233,1.043709,1.451993,1.031555",,,0.598565,3.447689
633,29931,95.0,99.4,,-0.011365992028731852,15.99855351448059,40,,"1.087233,1.043709,1.451993,1.031555",,,0.598565,3.447689
634,30071,140.0,100.06,,-0.011365992028731852,15.99855351448059,40,,"1.087233,1.043709,1.451993,1.031555",,,0.598565,3.447689
635,30209,138.0,100.81,,-0.011365992028731852,15.99855351448059,40,,"1.087233,1.043709,1.451993,1.031555",,,0.598565,3.447689
636,30405,196.0,102.49,,-0.011365992028731852,15.99855351448059,40,,"1.087233,1.043709,1.451993,1.031555",,,0.598565,3.447689
637,30587,182.0,103.49,,-0.011365992028731852,15.99855351448059,40,,"1.087233,1.043709,1.451993,1.031555",,,0.598565,3.447689
638,30709,122.0,104.47,,-0.011365992028731852,15.99855351448059,40,,"1.087233,1.043709,1.451993,1.031555",,,0.598565,3.447689
639,30909,200.0,105.73,,-0.011365992028731852,15.99855351448059,40,,"1.087233,1.043709,1.451993,1.031555",,,0.598565,3.447689
640,31011,102.0,106.01,,-0.011617050040513277,17.134292602539062,41,,"1.074966,1.034343,1.464859,1.040298",,,0.591774,3.522500
641,31081,70.0,106.4,,-0.011617050040513277,17.134292602539062,41,,"1.074966,1.034343,1.464859,1.040298",,,0.591774,3.522500
642,31153,72.0,106.57,,-0.011617050040513277,17.134292602539062,41,,"1.074966,1.034343,1.464859,1.040298",,,0.591774,3.522500
643,31291,138.0,107.05,,-0.011617050040513277,17.134292602539062,41,,"1.074966,1.034343,1.464859,1.040298",,,0.591774,3.522500
644,31460,169.0,107.99,,-0.011617050040513277,17.134292602539062,41,,"1.074966,1.034343,1.464859,1.040298",,,0.591774,3.522500
645,31559,99.0,108.4,,-0.011617050040513277,17.134292602539062,41,,"1.074966,1.034343,1.464859,1.040298",,,0.591774,3.522500
646,31658,99.0,108.7,,-0.011617050040513277,17.134292602539062,41,,"1.074966,1.034343,1.464859,1.040298",,,0.591774,3.522500
647,31897,239.0,109.59,,-0.011617050040513277,17.135807514190674,41,,"1.074966,1.034343,1.464859,1.040298",,,0.591774,3.522500
648,31949,52.0,109.0,,-0.011617050040513277,17.135807514190674,41,,"1.074966,1.034343,1.464859,1.040298",,,0.591774,3.522500
649,32007,58.0,108.13,,-0.011617050040513277,17.135807514190674,41,,"1.074966,1.034343,1.464859,1.040298",376.0,113.08050229814157,0.591774,3.522500
650,32093,86.0,108.16,,-0.011617050040513277,17.135807514190674,41,,"1.074966,1.034343,1.464859,1.040298",,,0.591774,3.522500
651,32258,165.0,108.33,,-0.011617050040513277,17.135807514190674,41,,"1.074966,1.034343,1.464859,1.040298",,,0.591774,3.522500
652,32348,90.0,108.76,,-0.011617050040513277,17.135807514190674,41,,"1.074966,1.034343,1.464859,1.040298",,,0.591774,3.522500
653,32525,177.0,110.24,,-0.011617050040513277,17.135807514190674,41,,"1.074966,1.034343,1.464859,1.040298",,,0.591774,3.522500
654,32732,207.0,111.68,,-0.011617050040513277,17.135807514190674,41,,"1.074966,1.034343,1.464859,1.040298",,,0.591774,3.522500
655,32986,254.0,112.54,,-0.011617050040513277,17.135807514190674,41,,"1.074966,1.034343,1.464859,1.040298",,,0.591774,3.522500
656,33079,93.0,112.87,,-0.011591366281555522,18.323254823684692,42,,"1.063740,1.024638,1.476797,1.049072",,,0.590782,3.593702
657,33213,134.0,113.96,,-0.011591366281555522,18.323254823684692,42,,"1.063740,1.024638,1.476797,1.049072",,,0.590782,3.593702
658,33331,118.0,113.72,,-0.011591366281555522,18.323254823684692,42,,"1.063740,1.024638,1.476797,1.049072",,,0.590782,3.593702
659,33505,174.0,114.78,,-0.011591366281555522,18.323254823684692,42,,"1.063740,1.024638,1.476797,1.049072",,,0.590782,3.593702
660,33636,131.0,115.07,,-0.011591366281555522,18.323254823684692,42,,"1.063740,1.024638,1.476797,1.049072",,,0.590782,3.593702
661,33791,155.0,115.9,,-0.011591366281555522,18.323254823684692,42,,"1.063740,1.024638,1.476797,1.049072",,,0.590782,3.593702
662,33945,154.0,117.27,,-0.011591366281555522,18.323254823684692,42,,"1.063740,1.024638,1.476797,1.049072",,,0.590782,3.593702
663,34138,193.0,118.68,,-0.011591366281555522,18.323254823684692,42,,"1.063740,1.024638,1.476797,1.049072",,,0.590782,3.593702
664,34335,197.0,119.6,,-0.011591366281555522,18.323254823684692,42,,"1.063740,1.024638,1.476797,1.049072",,,0.590782,3.593702
665,34704,369.0,122.57,,-0.011591366281555522,18.323254823684692,42,,"1.063740,1.024638,1.476797,1.049072",,,0.590782,3.593702
666,34875,171.0,123.51,,-0.011591366281555522,18.323254823684692,42,,"1.063740,1.024638,1.476797,1.049072",,,0.590782,3.593702
667,35024,149.0,124.24,,-0.011591366281555522,18.323254823684692,42,,"1.063740,1.024638,1.476797,1.049072",,,0.590782,3.593702
668,35204,180.0,124.48,,-0.011591366281555522,18.323254823684692,42,,"1.063740,1.024638,1.476797,1.049072",,,0.590782,3.593702
669,35548,344.0,126.69,,-0.011591366281555522,18.323254823684692,42,,"1.063740,1.024638,1.476797,1.049072",,,0.590782,3.593702
670,35691,143.0,127.42,,-0.011591366281555522,18.323254823684692,42,,"1.063740,1.024638,1.476797,1.049072",,,0.590782,3.593702
671,35812,121.0,127.68,,-0.011591366281555522,18.323254823684692,42,,"1.063740,1.024638,1.476797,1.049072",,,0.590782,3.593702
672,36023,211.0,128.8,,-0.011541562642209059,19.68574094772339,43,,"1.052106,1.014233,1.488756,1.057321",,,0.588489,3.660027
673,36261,238.0,130.22,,-0.011541562642209059,19.68574094772339,43,,"1.052106,1.014233,1.488756,1.057321",,,0.588489,3.660027
674,36355,94.0,130.33,,-0.011541562642209059,19.68574094772339,43,,"1.052106,1.014233,1.488756,1.057321",,,0.588489,3.660027
675,36474,119.0,129.93,,-0.011541562642209059,19.68574094772339,43,,"1.052106,1.014233,1.488756,1.057321",,,0.588489,3.660027
676,36650,176.0,129.6,,-0.011541562642209059,19.68574094772339,43,,"1.052106,1.014233,1.488756,1.057321",,,0.588489,3.660027
677,36805,155.0,130.31,,-0.011541562642209059,19.68574094772339,43,,"1.052106,1.014233,1.488756,1.057321",,,0.588489,3.660027
678,36942,137.0,130.53,,-0.011541562642209059,19.68574094772339,43,,"1.052106,1.014233,1.488756,1.057321",,,0.588489,3.660027
679,37097,155.0,131.59,,-0.011541562642209059,19.68574094772339,43,,"1.052106,1.014233,1.488756,1.057321",,,0.588489,3.660027
680,37208,111.0,131.38,,-0.011541562642209059,19.68574094772339,43,,"1.052106,1.014233,1.488756,1.057321",,,0.588489,3.660027
681,37578,370.0,134.11,,-0.011541562642209059,19.68574094772339,43,,"1.052106,1.014233,1.488756,1.057321",,,0.588489,3.660027
682,37813,235.0,135.26,,-0.011541562642209059,19.68574094772339,43,,"1.052106,1.014233,1.488756,1.057321",,,0.588489,3.660027
683,37919,106.0,134.17,,-0.011541562642209059,19.68574094772339,43,,"1.052106,1.014233,1.488756,1.057321",,,0.588489,3.660027
684,38006,87.0,133.41,,-0.011541562642209059,19.68574094772339,43,,"1.052106,1.014233,1.488756,1.057321",,,0.588489,3.660027
685,38137,131.0,133.73,,-0.011541562642209059,19.686742544174194,43,,"1.052106,1.014233,1.488756,1.057321",,,0.588489,3.660027
686,38320,183.0,135.06,,-0.011541562642209059,19.686742544174194,43,,"1.052106,1.014233,1.488756,1.057321",,,0.588489,3.660027
687,38467,147.0,135.68,,-0.011541562642209059,19.686742544174194,43,,"1.052106,1.014233,1.488756,1.057321",,,0.588489,3.660027
688,38564,97.0,135.44,,-0.0114810363156721,20.728895902633667,44,,"1.041140,1.004728,1.500230,1.064698",,,0.589265,3.720020
689,38842,278.0,137.55,,-0.0114810363156721,20.728895902633667,44,,"1.041140,1.004728,1.500230,1.064698",,,0.589265,3.720020
690,39034,192.0,138.26,,-0.0114810363156721,20.728895902633667,44,,"1.041140,1.004728,1.500230,1.064698",,,0.589265,3.720020
691,39309,275.0,139.31,,-0.0114810363156721,20.728895902633667,44,,"1.041140,1.004728,1.500230,1.064698",,,0.589265,3.720020
692,39380,71.0,139.11,,-0.0114810363156721,20.728895902633667,44,,"1.041140,1.004728,1.500230,1.064698",,,0.589265,3.720020
693,39513,133.0,139.41,,-0.0114810363156721,20.728895902633667,44,,"1.041140,1.004728,1.500230,1.064698",,,0.589265,3.720020
694,39646,133.0,139.41,,-0.0114810363156721,20.728895902633667,44,,"1.041140,1.004728,1.500230,1.064698",,,0.589265,3.720020
695,39889,243.0,140.79,,-0.0114810363156721,20.728895902633667,44,,"1.041140,1.004728,1.500230,1.064698",,,0.589265,3.720020
696,40004,115.0,141.23,,-0.0114810363156721,20.728895902633667,44,,"1.041140,1.004728,1.500230,1.064698",,,0.589265,3.720020
697,40164,160.0,142.18,,-0.0114810363156721,20.728895902633667,44,,"1.041140,1.004728,1.500230,1.064698",,,0.589265,3.720020
698,40316,152.0,142.91,,-0.0114810363156721,20.728895902633667,44,,"1.041140,1.004728,1.500230,1.064698",,,0.589265,3.720020
699,40448,132.0,143.81,,-0.0114810363156721,20.728895902633667,44,,"1.041140,1.004728,1.500230,1.064698",434.4,120.0309959968674,0.589265,3.720020
700,40572,124.0,144.25,,-0.0114810363156721,20.728895902633667,44,,"1.041140,1.004728,1.500230,1.064698",,,0.589265,3.720020
701,40689,117.0,144.14,,-0.0114810363156721,20.728895902633667,44,,"1.041140,1.004728,1.500230,1.064698",,,0.589265,3.720020
702,40845,156.0,144.44,,-0.0114810363156721,20.728895902633667,44,,"1.041140,1.004728,1.500230,1.064698",,,0.589265,3.720020
703,41033,188.0,145.45,,-0.0114810363156721,20.728895902633667,44,,"1.041140,1.004728,1.500230,1.064698",,,0.589265,3.720020
704,41263,230.0,147.21,,-0.011759426289548477,21.907937049865723,45,,"1.030724,0.994221,1.511507,1.071430",,,0.581633,3.781769
705,41489,226.0,148.78,,-0.011759426289548477,21.907937049865723,45,,"1.030724,0.994221,1.511507,1.071430",,,0.581633,3.781769
706,41592,103.0,148.1,,-0.011759426289548477,21.907937049865723,45,,"1.030724,0.994221,1.511507,1.071430",,,0.581633,3.781769
707,41767,175.0,148.63,,-0.011759426289548477,21.907937049865723,45,,"1.030724,0.994221,1.511507,1.071430",,,0.581633,3.781769
708,41875,108.0,148.3,,-0.011759426289548477,21.907937049865723,45,,"1.030724,0.994221,1.511507,1.071430",,,0.581633,3.781769
709,41973,98.0,148.11,,-0.011759426289548477,21.907937049865723,45,,"1.030724,0.994221,1.511507,1.071430",,,0.581633,3.781769
710,42050,77.0,148.12,,-0.011759426289548477,21.907937049865723,45,,"1.030724,0.994221,1.511507,1.071430",,,0.581633,3.781769
711,42220,170.0,148.51,,-0.011759426289548477,21.907937049865723,45,,"1.030724,0.994221,1.511507,1.071430",,,0.581633,3.781769
712,42320,100.0,148.81,,-0.011759426289548477,21.907937049865723,45,,"1.030724,0.994221,1.511507,1.071430",,,0.581633,3.781769
713,42445,125.0,148.87,,-0.011759426289548477,21.907937049865723,45,,"1.030724,0.994221,1.511507,1.071430",,,0.581633,3.781769
714,42742,297.0,149.84,,-0.011759426289548477,21.907937049865723,45,,"1.030724,0.994221,1.511507,1.071430",,,0.581633,3.781769
715,42847,105.0,149.72,,-0.011759426289548477,21.907937049865723,45,,"1.030724,0.994221,1.511507,1.071430",,,0.581633,3.781769
716,43032,185.0,150.2,,-0.011759426289548477,21.907937049865723,45,,"1.030724,0.994221,1.511507,1.071430",,,0.581633,3.781769
717,43125,93.0,149.65,,-0.011759426289548477,21.908936977386475,45,,"1.030724,0.994221,1.511507,1.071430",,,0.581633,3.781769
718,43350,225.0,151.12,,-0.011759426289548477,21.908936977386475,45,,"1.030724,0.994221,1.511507,1.071430",,,0.581633,3.781769
719,43509,159.0,151.93,,-0.011759426289548477,21.908936977386475,45,,"1.030724,0.994221,1.511507,1.071430",,,0.581633,3.781769
720,43627,118.0,152.43,,-0.01189696846489349,23.254981756210327,46,,"1.019167,0.984427,1.522783,1.078174",,,0.581144,3.842155
721,43856,229.0,153.43,,-0.01189696846489349,23.254981756210327,46,,"1.019167,0.984427,1.522783,1.078174",,,0.581144,3.842155
722,44060,204.0,154.41,,-0.01189696846489349,23.254981756210327,46,,"1.019167,0.984427,1.522783,1.078174",,,0.581144,3.842155
723,44226,166.0,155.04,,-0.01189696846489349,23.254981756210327,46,,"1.019167,0.984427,1.522783,1.078174",,,0.581144,3.842155
724,44430,204.0,155.15,,-0.01189696846489349,23.254981756210327,46,,"1.019167,0.984427,1.522783,1.078174",,,0.581144,3.842155
725,44649,219.0,155.29,,-0.01189696846489349,23.254981756210327,46,,"1.019167,0.984427,1.522783,1.078174",,,0.581144,3.842155
726,44799,150.0,155.46,,-0.01189696846489349,23.254981756210327,46,,"1.019167,0.984427,1.522783,1.078174",,,0.581144,3.842155
727,44946,147.0,155.83,,-0.01189696846489349,23.254981756210327,46,,"1.019167,0.984427,1.522783,1.078174",,,0.581144,3.842155
728,45153,207.0,156.65,,-0.01189696846489349,23.254981756210327,46,,"1.019167,0.984427,1.522783,1.078174",,,0.581144,3.842155
729,45363,210.0,157.71,,-0.01189696846489349,23.254981756210327,46,,"1.019167,0.984427,1.522783,1.078174",,,0.581144,3.842155
730,45559,196.0,159.23,,-0.01189696846489349,23.254981756210327,46,,"1.019167,0.984427,1.522783,1.078174",,,0.581144,3.842155
731,45806,247.0,160.58,,-0.01189696846489349,23.254981756210327,46,,"1.019167,0.984427,1.522783,1.078174",,,0.581144,3.842155
732,45906,100.0,160.7,,-0.01189696846489349,23.254981756210327,46,,"1.019167,0.984427,1.522783,1.078174",,,0.581144,3.842155
733,46081,175.0,161.5,,-0.01189696846489349,23.254981756210327,46,,"1.019167,0.984427,1.522783,1.078174",,,0.581144,3.842155
734,46443,362.0,163.72,,-0.01189696846489349,23.254981756210327,46,,"1.019167,0.984427,1.522783,1.078174",,,0.581144,3.842155
735,46667,224.0,164.58,,-0.01189696846489349,23.255983114242554,46,,"1.019167,0.984427,1.522783,1.078174",,,0.581144,3.842155
736,46886,219.0,164.81,,-0.012009007588742262,24.46572208404541,47,,"1.006705,0.975803,1.534522,1.085120",,,0.586467,3.901808
737,47254,368.0,166.67,,-0.012009007588742262,24.46572208404541,47,,"1.006705,0.975803,1.534522,1.085120",,,0.586467,3.901808
738,47456,202.0,167.47,,-0.012009007588742262,24.46572208404541,47,,"1.006705,0.975803,1.534522,1.085120",,,0.586467,3.901808
739,47767,311.0,168.58,,-0.012009007588742262,24.466228008270264,47,,"1.006705,0.975803,1.534522,1.085120",,,0.586467,3.901808
740,47985,218.0,169.74,,-0.012009007588742262,24.466228008270264,47,,"1.006705,0.975803,1.534522,1.085120",,,0.586467,3.901808
741,48132,147.0,170.51,,-0.012009007588742262,24.466228008270264,47,,"1.006705,0.975803,1.534522,1.085120",,,0.586467,3.901808
742,48391,259.0,172.38,,-0.012009007588742262,24.466228008270264,47,,"1.006705,0.975803,1.534522,1.085120",,,0.586467,3.901808
743,48564,173.0,172.73,,-0.012009007588742262,24.466228008270264,47,,"1.006705,0.975803,1.534522,1.085120",,,0.586467,3.901808
744,48698,134.0,172.38,,-0.012009007588742262,24.466228008270264,47,,"1.006705,0.975803,1.534522,1.085120",,,0.586467,3.901808
745,48852,154.0,172.93,,-0.012009007588742262,24.466228008270264,47,,"1.006705,0.975803,1.534522,1.085120",,,0.586467,3.901808
746,49057,205.0,173.99,,-0.012009007588742262,24.466228008270264,47,,"1.006705,0.975803,1.534522,1.085120",,,0.586467,3.901808
747,49254,197.0,173.57,,-0.012009007588742262,24.466228008270264,47,,"1.006705,0.975803,1.534522,1.085120",,,0.586467,3.901808
748,49442,188.0,174.93,,-0.012009007588742262,24.466228008270264,47,,"1.006705,0.975803,1.534522,1.085120",,,0.586467,3.901808
749,49592,150.0,175.85,,-0.012009007588742262,24.466228008270264,47,,"1.006705,0.975803,1.534522,1.085120",391.8,64.98738339093212,0.586467,3.901808
750,49739,147.0,176.46,,-0.012009007588742262,24.466228008270264,47,,"1.006705,0.975803,1.534522,1.085120",,,0.586467,3.901808
751,49903,164.0,176.45,,-0.012009007588742262,24.466228008270264,47,,"1.006705,0.975803,1.534522,1.085120",,,0.586467,3.901808
752,50136,233.0,177.88,,-0.011918619236287972,26.072312831878662,48,,"0.993445,0.968615,1.546673,1.091197",,,0.579130,3.958004
753,50421,285.0,178.96,,-0.011918619236287972,26.072312831878662,48,,"0.993445,0.968615,1.546673,1.091197",,,0.579130,3.958004
754,50561,140.0,178.29,,-0.011918619236287972,26.072312831878662,48,,"0.993445,0.968615,1.546673,1.091197",,,0.579130,3.958004
755,50812,251.0,178.26,,-0.011918619236287972,26.072312831878662,48,,"0.993445,0.968615,1.546673,1.091197",,,0.579130,3.958004
756,51070,258.0,179.91,,-0.011918619236287972,26.072312831878662,48,,"0.993445,0.968615,1.546673,1.091197",,,0.579130,3.958004
757,51275,205.0,180.62,,-0.011918619236287972,26.072312831878662,48,,"0.993445,0.968615,1.546673,1.091197",,,0.579130,3.958004
758,51508,233.0,181.77,,-0.011918619236287972,26.072312831878662,48,,"0.993445,0.968615,1.546673,1.091197",,,0.579130,3.958004
759,51666,158.0,181.61,,-0.011918619236287972,26.072312831878662,48,,"0.993445,0.968615,1.546673,1.091197",,,0.579130,3.958004
760,51825,159.0,181.89,,-0.011918619236287972,26.072312831878662,48,,"0.993445,0.968615,1.546673,1.091197",,,0.579130,3.958004
761,52173,348.0,183.82,,-0.011918619236287972,26.072312831878662,48,,"0.993445,0.968615,1.546673,1.091197",,,0.579130,3.958004
762,52446,273.0,185.01,,-0.011918619236287972,26.072312831878662,48,,"0.993445,0.968615,1.546673,1.091197",,,0.579130,3.958004
763,52674,228.0,185.36,,-0.011918619236287972,26.072312831878662,48,,"0.993445,0.968615,1.546673,1.091197",,,0.579130,3.958004
764,52804,130.0,184.69,,-0.011918619236287972,26.072312831878662,48,,"0.993445,0.968615,1.546673,1.091197",,,0.579130,3.958004
765,52904,100.0,182.0,,-0.011918619236287972,26.072312831878662,48,,"0.993445,0.968615,1.546673,1.091197",,,0.579130,3.958004
766,53076,172.0,182.01,,-0.011918619236287972,26.072312831878662,48,,"0.993445,0.968615,1.546673,1.091197",,,0.579130,3.958004
767,53400,324.0,183.76,,-0.011918619236287972,26.072312831878662,48,,"0.993445,0.968615,1.546673,1.091197",,,0.579130,3.958004
768,53639,239.0,184.35,,-0.011910436884024921,27.792598724365234,49,,"0.980733,0.960657,1.558020,1.096725",,,0.579411,4.012348
769,53839,200.0,182.91,,-0.011910436884024921,27.793620824813843,49,,"0.980733,0.960657,1.558020,1.096725",,,0.579411,4.012348
770,54050,211.0,183.59,,-0.011910436884024921,27.793620824813843,49,,"0.980733,0.960657,1.558020,1.096725",,,0.579411,4.012348
771,54236,186.0,184.24,,-0.011910436884024921,27.793620824813843,49,,"0.980733,0.960657,1.558020,1.096725",,,0.579411,4.012348
772,54468,232.0,184.45,,-0.011910436884024921,27.793620824813843,49,,"0.980733,0.960657,1.558020,1.096725",,,0.579411,4.012348
773,54653,185.0,183.92,,-0.011910436884024921,27.793620824813843,49,,"0.980733,0.960657,1.558020,1.096725",,,0.579411,4.012348
774,54943,290.0,185.88,,-0.011910436884024921,27.793620824813843,49,,"0.980733,0.960657,1.558020,1.096725",,,0.579411,4.012348
775,55443,500.0,189.69,,-0.011910436884024921,27.793620824813843,49,,"0.980733,0.960657,1.558020,1.096725",,,0.579411,4.012348
776,55534,91.0,188.84,,-0.011910436884024921,27.793620824813843,49,,"0.980733,0.960657,1.558020,1.096725",,,0.579411,4.012348
777,55815,281.0,190.1,,-0.011910436884024921,27.793620824813843,49,,"0.980733,0.960657,1.558020,1.096725",,,0.579411,4.012348
778,56007,192.0,190.65,,-0.011910436884024921,27.793620824813843,49,,"0.980733,0.960657,1.558020,1.096725",,,0.579411,4.012348
779,56227,220.0,191.3,,-0.011910436884024921,27.793620824813843,49,,"0.980733,0.960657,1.558020,1.096725",,,0.579411,4.012348
780,56387,160.0,191.79,,-0.011910436884024921,27.793620824813843,49,,"0.980733,0.960657,1.558020,1.096725",,,0.579411,4.012348
781,56645,258.0,190.67,,-0.011910436884024921,27.793620824813843,49,,"0.980733,0.960657,1.558020,1.096725",,,0.579411,4.012348
782,56935,290.0,191.22,,-0.011910436884024921,27.793620824813843,49,,"0.980733,0.960657,1.558020,1.096725",,,0.579411,4.012348
783,57023,88.0,191.04,,-0.011910436884024921,27.793620824813843,49,,"0.980733,0.960657,1.558020,1.096725",,,0.579411,4.012348
784,57298,275.0,192.92,,-0.011766923367977142,29.32151222229004,50,,"0.968670,0.952516,1.568435,1.101998",,,0.584719,4.062481
785,57496,198.0,193.59,,-0.011766923367977142,29.32151222229004,50,,"0.968670,0.952516,1.568435,1.101998",,,0.584719,4.062481
786,57827,331.0,195.07,,-0.011766923367977142,29.32151222229004,50,,"0.968670,0.952516,1.568435,1.101998",,,0.584719,4.062481
787,58080,253.0,196.13,,-0.011766923367977142,29.32151222229004,50,,"0.968670,0.952516,1.568435,1.101998",,,0.584719,4.062481
788,58454,374.0,198.9,,-0.011766923367977142,29.32151222229004,50,,"0.968670,0.952516,1.568435,1.101998",,,0.584719,4.062481
789,58650,196.0,198.08,,-0.011766923367977142,29.32249402999878,50,,"0.968670,0.952516,1.568435,1.101998",,,0.584719,4.062481
790,58874,224.0,198.4,,-0.011766923367977142,29.32249402999878,50,,"0.968670,0.952516,1.568435,1.101998",,,0.584719,4.062481
791,59077,203.0,197.68,,-0.011766923367977142,29.32249402999878,50,,"0.968670,0.952516,1.568435,1.101998",,,0.584719,4.062481
792,59298,221.0,199.18,,-0.011766923367977142,29.32249402999878,50,,"0.968670,0.952516,1.568435,1.101998",,,0.584719,4.062481
793,59563,265.0,200.5,,-0.011766923367977142,29.32249402999878,50,,"0.968670,0.952516,1.568435,1.101998",,,0.584719,4.062481
794,59824,261.0,201.78,,-0.011766923367977142,29.32249402999878,50,,"0.968670,0.952516,1.568435,1.101998",,,0.584719,4.062481
795,60138,314.0,202.49,,-0.011766923367977142,29.32249402999878,50,,"0.968670,0.952516,1.568435,1.101998",,,0.584719,4.062481
796,60408,270.0,204.04,,-0.011766923367977142,29.32249402999878,50,,"0.968670,0.952516,1.568435,1.101998",,,0.584719,4.062481
797,60644,236.0,204.8,,-0.011766923367977142,29.32249402999878,50,,"0.968670,0.952516,1.568435,1.101998",,,0.584719,4.062481
798,60821,177.0,205.05,,-0.011766923367977142,29.32249402999878,50,,"0.968670,0.952516,1.568435,1.101998",,,0.584719,4.062481
799,61033,212.0,205.85,,-0.011766923367977142,29.32249402999878,50,,"0.968670,0.952516,1.568435,1.101998",386.4,28.380274840106818,0.584719,4.062481
800,61197,164.0,206.25,,-0.011984348450787365,30.718087673187256,51,,"0.957209,0.944934,1.578047,1.106345",,,0.580119,4.107085
801,61487,290.0,207.98,,-0.011984348450787365,30.719398260116577,51,,"0.957209,0.944934,1.578047,1.106345",,,0.580119,4.107085
802,61734,247.0,208.89,,-0.011984348450787365,30.719398260116577,51,,"0.957209,0.944934,1.578047,1.106345",,,0.580119,4.107085
803,62054,320.0,210.21,,-0.011984348450787365,30.719398260116577,51,,"0.957209,0.944934,1.578047,1.106345",,,0.580119,4.107085
804,62289,235.0,210.26,,-0.011984348450787365,30.719398260116577,51,,"0.957209,0.944934,1.578047,1.106345",,,0.580119,4.107085
805,62513,224.0,210.24,,-0.011984348450787365,30.719398260116577,51,,"0.957209,0.944934,1.578047,1.106345",,,0.580119,4.107085
806,62696,183.0,211.04,,-0.011984348450787365,30.719398260116577,51,,"0.957209,0.944934,1.578047,1.106345",,,0.580119,4.107085
807,62958,262.0,211.91,,-0.011984348450787365,30.719398260116577,51,,"0.957209,0.944934,1.578047,1.106345",,,0.580119,4.107085
808,63295,337.0,214.2,,-0.011984348450787365,30.719398260116577,51,,"0.957209,0.944934,1.578047,1.106345",,,0.580119,4.107085
809,63460,165.0,214.87,,-0.011984348450787365,30.719398260116577,51,,"0.957209,0.944934,1.578047,1.106345",,,0.580119,4.107085
810,63618,158.0,215.68,,-0.011984348450787365,30.719398260116577,51,,"0.957209,0.944934,1.578047,1.106345",,,0.580119,4.107085
811,63807,189.0,215.87,,-0.011984348450787365,30.719398260116577,51,,"0.957209,0.944934,1.578047,1.106345",,,0.580119,4.107085
812,64140,333.0,218.2,,-0.011984348450787365,30.719398260116577,51,,"0.957209,0.944934,1.578047,1.106345",,,0.580119,4.107085
813,64368,228.0,219.23,,-0.011984348450787365,30.719398260116577,51,,"0.957209,0.944934,1.578047,1.106345",,,0.580119,4.107085
814,64552,184.0,218.1,,-0.011984348450787365,30.719398260116577,51,,"0.957209,0.944934,1.578047,1.106345",,,0.580119,4.107085
815,64845,293.0,219.98,,-0.011984348450787365,30.719398260116577,51,,"0.957209,0.944934,1.578047,1.106345",,,0.580119,4.107085
816,65077,232.0,220.45,,-0.012135577704757452,32.86243414878845,52,,"0.945730,0.937634,1.586557,1.110080",,,0.577858,4.147291
817,65324,247.0,221.99,,-0.012135577704757452,32.86243414878845,52,,"0.945730,0.937634,1.586557,1.110080",,,0.577858,4.147291
818,65546,222.0,221.96,,-0.012135577704757452,32.86243414878845,52,,"0.945730,0.937634,1.586557,1.110080",,,0.577858,4.147291
819,65793,247.0,222.84,,-0.012135577704757452,32.86243414878845,52,,"0.945730,0.937634,1.586557,1.110080",,,0.577858,4.147291
820,66062,269.0,224.35,,-0.012135577704757452,32.86243414878845,52,,"0.945730,0.937634,1.586557,1.110080",,,0.577858,4.147291
821,66562,500.0,227.06,,-0.012135577704757452,32.86243414878845,52,,"0.945730,0.937634,1.586557,1.110080",,,0.577858,4.147291
822,66811,249.0,227.51,,-0.012135577704757452,32.86243414878845,52,,"0.945730,0.937634,1.586557,1.110080",,,0.577858,4.147291
823,67045,234.0,228.19,,-0.012135577704757452,32.86343455314636,52,,"0.945730,0.937634,1.586557,1.110080",,,0.577858,4.147291
824,67333,288.0,229.03,,-0.012135577704757452,32.86343455314636,52,,"0.945730,0.937634,1.586557,1.110080",,,0.577858,4.147291
825,67543,210.0,228.94,,-0.012135577704757452,32.86343455314636,52,,"0.945730,0.937634,1.586557,1.110080",,,0.577858,4.147291
826,67962,419.0,231.63,,-0.012135577704757452,32.86343455314636,52,,"0.945730,0.937634,1.586557,1.110080",,,0.577858,4.147291
827,68367,405.0,234.21,,-0.012135577704757452,32.86343455314636,52,,"0.945730,0.937634,1.586557,1.110080",,,0.577858,4.147291
828,68649,282.0,234.96,,-0.012135577704757452,32.86343455314636,52,,"0.945730,0.937634,1.586557,1.110080",,,0.577858,4.147291
829,69004,355.0,236.41,,-0.012135577704757452,32.86343455314636,52,,"0.945730,0.937634,1.586557,1.110080",,,0.577858,4.147291
830,69323,319.0,237.64,,-0.012135577704757452,32.86343455314636,52,,"0.945730,0.937634,1.586557,1.110080",,,0.577858,4.147291
831,69552,229.0,237.46,,-0.012135577704757452,32.86343455314636,52,,"0.945730,0.937634,1.586557,1.110080",,,0.577858,4.147291
832,69851,299.0,239.45,,-0.012535747289657593,34.291970014572144,53,,"0.937952,0.928871,1.593985,1.113037",,,0.579361,4.186226
833,70073,222.0,239.92,,-0.012535747289657593,34.291970014572144,53,,"0.937952,0.928871,1.593985,1.113037",,,0.579361,4.186226
834,70322,249.0,238.79,,-0.012535747289657593,34.291970014572144,53,,"0.937952,0.928871,1.593985,1.113037",,,0.579361,4.186226
835,70614,292.0,239.47,,-0.012535747289657593,34.291970014572144,53,,"0.937952,0.928871,1.593985,1.113037",,,0.579361,4.186226
836,70868,254.0,239.82,,-0.012535747289657593,34.291970014572144,53,,"0.937952,0.928871,1.593985,1.113037",,,0.579361,4.186226
837,71080,212.0,238.26,,-0.012535747289657593,34.291970014572144,53,,"0.937952,0.928871,1.593985,1.113037",,,0.579361,4.186226
838,71344,264.0,238.88,,-0.012535747289657593,34.291970014572144,53,,"0.937952,0.928871,1.593985,1.113037",,,0.579361,4.186226
839,71518,174.0,237.51,,-0.012535747289657593,34.291970014572144,53,,"0.937952,0.928871,1.593985,1.113037",,,0.579361,4.186226
840,71777,259.0,237.92,,-0.012535747289657593,34.291970014572144,53,,"0.937952,0.928871,1.593985,1.113037",,,0.579361,4.186226
841,71959,182.0,238.27,,-0.012535747289657593,34.291970014572144,53,,"0.937952,0.928871,1.593985,1.113037",,,0.579361,4.186226
842,72142,183.0,237.51,,-0.012535747289657593,34.291970014572144,53,,"0.937952,0.928871,1.593985,1.113037",,,0.579361,4.186226
843,72372,230.0,238.08,,-0.012535747289657593,34.291970014572144,53,,"0.937952,0.928871,1.593985,1.113037",,,0.579361,4.186226
844,72613,241.0,239.15,,-0.012535747289657593,34.291970014572144,53,,"0.937952,0.928871,1.593985,1.113037",,,0.579361,4.186226
845,72975,362.0,241.23,,-0.012535747289657593,34.291970014572144,53,,"0.937952,0.928871,1.593985,1.113037",,,0.579361,4.186226
846,73235,260.0,241.78,,-0.012535747289657593,34.291970014572144,53,,"0.937952,0.928871,1.593985,1.113037",,,0.579361,4.186226
847,73432,197.0,241.78,,-0.012535747289657593,34.291970014572144,53,,"0.937952,0.928871,1.593985,1.113037",,,0.579361,4.186226
848,73649,217.0,242.07,,-0.012835583267733455,35.86491417884827,54,,"0.929749,0.920412,1.601095,1.117014",,,0.577211,4.225401
849,73910,261.0,243.18,,-0.012835583267733455,35.86491417884827,54,,"0.929749,0.920412,1.601095,1.117014",385.2,58.97592729241313,0.577211,4.225401
850,74082,172.0,243.43,,-0.012835583267733455,35.86491417884827,54,,"0.929749,0.920412,1.601095,1.117014",,,0.577211,4.225401
851,74259,177.0,243.56,,-0.012835583267733455,35.86491417884827,54,,"0.929749,0.920412,1.601095,1.117014",,,0.577211,4.225401
852,74596,337.0,244.6,,-0.012835583267733455,35.86491417884827,54,,"0.929749,0.920412,1.601095,1.117014",,,0.577211,4.225401
853,74636,40.0,242.15,,-0.012835583267733455,35.86491417884827,54,,"0.929749,0.920412,1.601095,1.117014",,,0.577211,4.225401
854,74817,181.0,242.56,,-0.012835583267733455,35.86491417884827,54,,"0.929749,0.920412,1.601095,1.117014",,,0.577211,4.225401
855,75062,245.0,242.5,,-0.012835583267733455,35.86491417884827,54,,"0.929749,0.920412,1.601095,1.117014",,,0.577211,4.225401
856,75470,408.0,244.0,,-0.012835583267733455,35.865912675857544,54,,"0.929749,0.920412,1.601095,1.117014",,,0.577211,4.225401
857,75680,210.0,244.05,,-0.012835583267733455,35.865912675857544,54,,"0.929749,0.920412,1.601095,1.117014",,,0.577211,4.225401
858,75974,294.0,244.66,,-0.012835583267733455,35.865912675857544,54,,"0.929749,0.920412,1.601095,1.117014",,,0.577211,4.225401
859,76130,156.0,244.64,,-0.012835583267733455,35.865912675857544,54,,"0.929749,0.920412,1.601095,1.117014",,,0.577211,4.225401
860,76516,386.0,246.91,,-0.012835583267733455,35.865912675857544,54,,"0.929749,0.920412,1.601095,1.117014",,,0.577211,4.225401
861,76803,287.0,246.3,,-0.012835583267733455,35.865912675857544,54,,"0.929749,0.920412,1.601095,1.117014",,,0.577211,4.225401
862,76996,193.0,245.5,,-0.012835583267733455,35.865912675857544,54,,"0.929749,0.920412,1.601095,1.117014",,,0.577211,4.225401
863,77166,170.0,244.92,,-0.012835583267733455,35.865912675857544,54,,"0.929749,0.920412,1.601095,1.117014",,,0.577211,4.225401
864,77492,326.0,246.88,,-0.01304130327887833,37.50512194633484,55,,"0.922019,0.911672,1.606787,1.120351",,,0.578366,4.261550
865,77694,202.0,247.9,,-0.01304130327887833,37.50512194633484,55,,"0.922019,0.911672,1.606787,1.120351",,,0.578366,4.261550
866,77927,233.0,248.51,,-0.01304130327887833,37.50512194633484,55,,"0.922019,0.911672,1.606787,1.120351",,,0.578366,4.261550
867,77971,44.0,245.71,,-0.01304130327887833,37.50512194633484,55,,"0.922019,0.911672,1.606787,1.120351",,,0.578366,4.261550
868,78199,228.0,245.6,,-0.01304130327887833,37.50512194633484,55,,"0.922019,0.911672,1.606787,1.120351",,,0.578366,4.261550
869,78504,305.0,246.65,,-0.01304130327887833,37.50512194633484,55,,"0.922019,0.911672,1.606787,1.120351",,,0.578366,4.261550
870,78654,150.0,246.04,,-0.01304130327887833,37.50512194633484,55,,"0.922019,0.911672,1.606787,1.120351",,,0.578366,4.261550
871,78844,190.0,246.08,,-0.01304130327887833,37.50512194633484,55,,"0.922019,0.911672,1.606787,1.120351",,,0.578366,4.261550
872,79131,287.0,246.63,,-0.01304130327887833,37.50512194633484,55,,"0.922019,0.911672,1.606787,1.120351",,,0.578366,4.261550
873,79504,373.0,248.51,,-0.01304130327887833,37.50512194633484,55,,"0.922019,0.911672,1.606787,1.120351",,,0.578366,4.261550
874,79764,260.0,248.21,,-0.01304130327887833,37.50512194633484,55,,"0.922019,0.911672,1.606787,1.120351",,,0.578366,4.261550
875,80019,255.0,245.76,,-0.01304130327887833,37.50512194633484,55,,"0.922019,0.911672,1.606787,1.120351",,,0.578366,4.261550
876,80270,251.0,247.36,,-0.01304130327887833,37.50512194633484,55,,"0.922019,0.911672,1.606787,1.120351",,,0.578366,4.261550
877,80459,189.0,246.44,,-0.01304130327887833,37.50512194633484,55,,"0.922019,0.911672,1.606787,1.120351",,,0.578366,4.261550
878,80695,236.0,246.88,,-0.01304130327887833,37.50512194633484,55,,"0.922019,0.911672,1.606787,1.120351",,,0.578366,4.261550
879,80896,201.0,246.69,,-0.01304130327887833,37.50512194633484,55,,"0.922019,0.911672,1.606787,1.120351",,,0.578366,4.261550
880,81110,214.0,247.23,,-0.013586470754817129,39.15439748764038,56,,"0.913636,0.903732,1.612557,1.123741",,,0.576693,4.297166
881,81424,314.0,247.79,,-0.013586470754817129,39.15439748764038,56,,"0.913636,0.903732,1.612557,1.123741",,,0.576693,4.297166
882,81691,267.0,247.56,,-0.013586470754817129,39.15439748764038,56,,"0.913636,0.903732,1.612557,1.123741",,,0.576693,4.297166
883,82010,319.0,249.87,,-0.013586470754817129,39.15439748764038,56,,"0.913636,0.903732,1.612557,1.123741",,,0.576693,4.297166
884,82315,305.0,250.17,,-0.013586470754817129,39.15439748764038,56,,"0.913636,0.903732,1.612557,1.123741",,,0.576693,4.297166
885,82650,335.0,251.54,,-0.013586470754817129,39.15540099143982,56,,"0.913636,0.903732,1.612557,1.123741",,,0.576693,4.297166
886,82981,331.0,251.54,,-0.013586470754817129,39.15540099143982,56,,"0.913636,0.903732,1.612557,1.123741",,,0.576693,4.297166
887,83274,293.0,251.94,,-0.013586470754817129,39.15540099143982,56,,"0.913636,0.903732,1.612557,1.123741",,,0.576693,4.297166
888,83557,283.0,251.03,,-0.013586470754817129,39.15540099143982,56,,"0.913636,0.903732,1.612557,1.123741",,,0.576693,4.297166
889,83819,262.0,251.69,,-0.013586470754817129,39.15540099143982,56,,"0.913636,0.903732,1.612557,1.123741",,,0.576693,4.297166
890,84061,242.0,251.87,,-0.013586470754817129,39.15540099143982,56,,"0.913636,0.903732,1.612557,1.123741",,,0.576693,4.297166
891,84298,237.0,252.21,,-0.013586470754817129,39.15540099143982,56,,"0.913636,0.903732,1.612557,1.123741",,,0.576693,4.297166
892,84551,253.0,252.53,,-0.013586470754817129,39.15540099143982,56,,"0.913636,0.903732,1.612557,1.123741",,,0.576693,4.297166
893,85003,452.0,254.4,,-0.013586470754817129,39.15540099143982,56,,"0.913636,0.903732,1.612557,1.123741",,,0.576693,4.297166
894,85186,183.0,253.62,,-0.013586470754817129,39.15540099143982,56,,"0.913636,0.903732,1.612557,1.123741",,,0.576693,4.297166
895,85423,237.0,252.85,,-0.013586470754817129,39.15540099143982,56,,"0.913636,0.903732,1.612557,1.123741",,,0.576693,4.297166
896,85728,305.0,253.2,,-0.013752525239251554,40.969935178756714,57,,"0.904546,0.895813,1.617608,1.126932",,,0.566025,4.330438
897,85950,222.0,253.06,,-0.013752525239251554,40.969935178756714,57,,"0.904546,0.895813,1.617608,1.126932",,,0.566025,4.330438
898,86183,233.0,253.62,,-0.013752525239251554,40.969935178756714,57,,"0.904546,0.895813,1.617608,1.126932",,,0.566025,4.330438
899,86207,24.0,251.74,,-0.013752525239251554,40.969935178756714,57,,"0.904546,0.895813,1.617608,1.126932",472.8,23.81092186371624,0.566025,4.330438
900,86537,330.0,253.4,,-0.013752525239251554,40.969935178756714,57,,"0.904546,0.895813,1.617608,1.126932",,,0.566025,4.330438
901,86818,281.0,253.31,,-0.013752525239251554,40.969935178756714,57,,"0.904546,0.895813,1.617608,1.126932",,,0.566025,4.330438
902,87188,370.0,254.54,,-0.013752525239251554,40.969935178756714,57,,"0.904546,0.895813,1.617608,1.126932",,,0.566025,4.330438
903,87446,258.0,253.92,,-0.013752525239251554,40.969935178756714,57,,"0.904546,0.895813,1.617608,1.126932",,,0.566025,4.330438
904,87838,392.0,255.49,,-0.013752525239251554,40.969935178756714,57,,"0.904546,0.895813,1.617608,1.126932",,,0.566025,4.330438
905,88338,500.0,258.25,,-0.013752525239251554,40.969935178756714,57,,"0.904546,0.895813,1.617608,1.126932",,,0.566025,4.330438
906,88381,43.0,256.85,,-0.013752525239251554,40.969935178756714,57,,"0.904546,0.895813,1.617608,1.126932",,,0.566025,4.330438
907,88667,286.0,257.09,,-0.013752525239251554,40.969935178756714,57,,"0.904546,0.895813,1.617608,1.126932",,,0.566025,4.330438
908,89043,376.0,257.48,,-0.013752525239251554,40.969935178756714,57,,"0.904546,0.895813,1.617608,1.126932",,,0.566025,4.330438
909,89143,100.0,256.83,,-0.013752525239251554,40.969935178756714,57,,"0.904546,0.895813,1.617608,1.126932",,,0.566025,4.330438
910,89488,345.0,258.7,,-0.013752525239251554,40.969935178756714,57,,"0.904546,0.895813,1.617608,1.126932",,,0.566025,4.330438
911,89759,271.0,259.52,,-0.013752525239251554,40.97093629837036,57,,"0.904546,0.895813,1.617608,1.126932",,,0.566025,4.330438
912,90088,329.0,259.48,,-0.013707783253630623,42.86495614051819,58,,"0.896595,0.889124,1.622174,1.129727",,,0.574637,4.360897
913,90297,209.0,259.29,,-0.013707783253630623,42.86596345901489,58,,"0.896595,0.889124,1.622174,1.129727",,,0.574637,4.360897
914,90538,241.0,259.86,,-0.013707783253630623,42.86596345901489,58,,"0.896595,0.889124,1.622174,1.129727",,,0.574637,4.360897
915,90830,292.0,259.85,,-0.013707783253630623,42.86596345901489,58,,"0.896595,0.889124,1.622174,1.129727",,,0.574637,4.360897
916,91132,302.0,260.55,,-0.013707783253630623,42.86596345901489,58,,"0.896595,0.889124,1.622174,1.129727",,,0.574637,4.360897
917,91448,316.0,261.24,,-0.013707783253630623,42.86596345901489,58,,"0.896595,0.889124,1.622174,1.129727",,,0.574637,4.360897
918,91701,253.0,261.55,,-0.013707783253630623,42.86596345901489,58,,"0.896595,0.889124,1.622174,1.129727",,,0.574637,4.360897
919,92190,489.0,263.97,,-0.013707783253630623,42.86596345901489,58,,"0.896595,0.889124,1.622174,1.129727",,,0.574637,4.360897
920,92559,369.0,264.97,,-0.013707783253630623,42.86596345901489,58,,"0.896595,0.889124,1.622174,1.129727",,,0.574637,4.360897
921,92905,346.0,263.43,,-0.013707783253630623,42.86596345901489,58,,"0.896595,0.889124,1.622174,1.129727",,,0.574637,4.360897
922,93207,302.0,263.96,,-0.013707783253630623,42.86596345901489,58,,"0.896595,0.889124,1.622174,1.129727",,,0.574637,4.360897
923,93496,289.0,264.51,,-0.013707783253630623,42.86596345901489,58,,"0.896595,0.889124,1.622174,1.129727",,,0.574637,4.360897
924,93811,315.0,264.78,,-0.013707783253630623,42.86596345901489,58,,"0.896595,0.889124,1.622174,1.129727",,,0.574637,4.360897
925,94238,427.0,266.95,,-0.013707783253630623,42.86596345901489,58,,"0.896595,0.889124,1.622174,1.129727",,,0.574637,4.360897
926,94536,298.0,265.74,,-0.013707783253630623,42.86596345901489,58,,"0.896595,0.889124,1.622174,1.129727",,,0.574637,4.360897
927,94714,178.0,263.47,,-0.013707783253630623,42.86596345901489,58,,"0.896595,0.889124,1.622174,1.129727",,,0.574637,4.360897
928,94953,239.0,263.04,,-0.013566247817361727,44.66685342788696,59,,"0.892950,0.882040,1.626142,1.132177",,,0.568981,4.390728
929,95399,446.0,263.95,,-0.013566247817361727,44.66685342788696,59,,"0.892950,0.882040,1.626142,1.132177",,,0.568981,4.390728
930,95827,428.0,265.04,,-0.013566247817361727,44.66685342788696,59,,"0.892950,0.882040,1.626142,1.132177",,,0.568981,4.390728
931,96260,433.0,267.08,,-0.013566247817361727,44.66685342788696,59,,"0.892950,0.882040,1.626142,1.132177",,,0.568981,4.390728
932,96490,230.0,266.39,,-0.013566247817361727,44.66685342788696,59,,"0.892950,0.882040,1.626142,1.132177",,,0.568981,4.390728
933,96527,37.0,264.54,,-0.013566247817361727,44.66685342788696,59,,"0.892950,0.882040,1.626142,1.132177",,,0.568981,4.390728
934,96837,310.0,265.15,,-0.013566247817361727,44.66685342788696,59,,"0.892950,0.882040,1.626142,1.132177",,,0.568981,4.390728
935,97123,286.0,265.09,,-0.013566247817361727,44.66685342788696,59,,"0.892950,0.882040,1.626142,1.132177",,,0.568981,4.390728
936,97292,169.0,264.24,,-0.013566247817361727,44.66685342788696,59,,"0.892950,0.882040,1.626142,1.132177",,,0.568981,4.390728
937,97678,386.0,265.98,,-0.013566247817361727,44.66685342788696,59,,"0.892950,0.882040,1.626142,1.132177",,,0.568981,4.390728
938,98098,420.0,267.54,,-0.013566247817361727,44.66685342788696,59,,"0.892950,0.882040,1.626142,1.132177",,,0.568981,4.390728
939,98434,336.0,269.16,,-0.013566247817361727,44.66685342788696,59,,"0.892950,0.882040,1.626142,1.132177",,,0.568981,4.390728
940,98652,218.0,268.75,,-0.013566247817361727,44.66685342788696,59,,"0.892950,0.882040,1.626142,1.132177",,,0.568981,4.390728
941,98984,332.0,270.25,,-0.013566247817361727,44.66685342788696,59,,"0.892950,0.882040,1.626142,1.132177",,,0.568981,4.390728
942,99395,411.0,272.53,,-0.013566247817361727,44.66685342788696,59,,"0.892950,0.882040,1.626142,1.132177",,,0.568981,4.390728
943,99754,359.0,273.82,,-0.013566247817361727,44.66685342788696,59,,"0.892950,0.882040,1.626142,1.132177",,,0.568981,4.390728
944,100087,333.0,274.74,,-0.013548431495437399,46.56878042221069,60,,"0.887014,0.877280,1.630102,1.134833",,,0.565925,4.418301
945,100384,297.0,274.09,,-0.013548431495437399,46.56878042221069,60,,"0.887014,0.877280,1.630102,1.134833",,,0.565925,4.418301
946,100663,279.0,274.28,,-0.013548431495437399,46.56878042221069,60,,"0.887014,0.877280,1.630102,1.134833",,,0.565925,4.418301
947,100934,271.0,275.02,,-0.013548431495437399,46.56878042221069,60,,"0.887014,0.877280,1.630102,1.134833",,,0.565925,4.418301
948,101297,363.0,276.48,,-0.013548431495437399,46.56878042221069,60,,"0.887014,0.877280,1.630102,1.134833",,,0.565925,4.418301
949,101792,495.0,278.82,,-0.013548431495437399,46.56878042221069,60,,"0.887014,0.877280,1.630102,1.134833",485.2,29.599999999999998,0.565925,4.418301
950,102292,500.0,282.1,,-0.013548431495437399,46.56878042221069,60,,"0.887014,0.877280,1.630102,1.134833",,,0.565925,4.418301
951,102720,428.0,284.61,,-0.013548431495437399,46.56878042221069,60,,"0.887014,0.877280,1.630102,1.134833",,,0.565925,4.418301
952,103038,318.0,284.42,,-0.013548431495437399,46.56878042221069,60,,"0.887014,0.877280,1.630102,1.134833",,,0.565925,4.418301
953,103279,241.0,286.43,,-0.013548431495437399,46.56878042221069,60,,"0.887014,0.877280,1.630102,1.134833",,,0.565925,4.418301
954,103698,419.0,288.81,,-0.013548431495437399,46.56878042221069,60,,"0.887014,0.877280,1.630102,1.134833",,,0.565925,4.418301
955,104101,403.0,290.39,,-0.013548431495437399,46.56878042221069,60,,"0.887014,0.877280,1.630102,1.134833",,,0.565925,4.418301
956,104431,330.0,289.61,,-0.013548431495437399,46.56878042221069,60,,"0.887014,0.877280,1.630102,1.134833",,,0.565925,4.418301
957,104686,255.0,290.06,,-0.013548431495437399,46.56878042221069,60,,"0.887014,0.877280,1.630102,1.134833",,,0.565925,4.418301
958,105079,393.0,291.05,,-0.013548431495437399,46.56878042221069,60,,"0.887014,0.877280,1.630102,1.134833",,,0.565925,4.418301
959,105375,296.0,292.45,,-0.013548431495437399,46.56878042221069,60,,"0.887014,0.877280,1.630102,1.134833",,,0.565925,4.418301
960,105662,287.0,291.46,,-0.013565049028256908,48.42741560935974,61,,"0.882074,0.872415,1.633384,1.137768",,,0.566985,4.443840
961,105919,257.0,291.16,,-0.013565049028256908,48.42741560935974,61,,"0.882074,0.872415,1.633384,1.137768",,,0.566985,4.443840
962,106169,250.0,291.73,,-0.013565049028256908,48.42741560935974,61,,"0.882074,0.872415,1.633384,1.137768",,,0.566985,4.443840
963,106578,409.0,294.12,,-0.013565049028256908,48.42842960357666,61,,"0.882074,0.872415,1.633384,1.137768",,,0.566985,4.443840
964,106862,284.0,293.7,,-0.013565049028256908,48.42842960357666,61,,"0.882074,0.872415,1.633384,1.137768",,,0.566985,4.443840
965,107124,262.0,294.3,,-0.013565049028256908,48.42842960357666,61,,"0.882074,0.872415,1.633384,1.137768",,,0.566985,4.443840
966,107421,297.0,294.94,,-0.013565049028256908,48.42842960357666,61,,"0.882074,0.872415,1.633384,1.137768",,,0.566985,4.443840
967,107719,298.0,297.48,,-0.013565049028256908,48.42842960357666,61,,"0.882074,0.872415,1.633384,1.137768",,,0.566985,4.443840
968,107966,247.0,297.67,,-0.013565049028256908,48.42842960357666,61,,"0.882074,0.872415,1.633384,1.137768",,,0.566985,4.443840
969,108466,500.0,299.62,,-0.013565049028256908,48.42842960357666,61,,"0.882074,0.872415,1.633384,1.137768",,,0.566985,4.443840
970,108966,500.0,303.12,,-0.013565049028256908,48.42842960357666,61,,"0.882074,0.872415,1.633384,1.137768",,,0.566985,4.443840
971,109466,500.0,306.22,,-0.013565049028256908,48.42842960357666,61,,"0.882074,0.872415,1.633384,1.137768",,,0.566985,4.443840
972,109771,305.0,306.4,,-0.013565049028256908,48.42842960357666,61,,"0.882074,0.872415,1.633384,1.137768",,,0.566985,4.443840
973,110103,332.0,305.99,,-0.013565049028256908,48.42842960357666,61,,"0.882074,0.872415,1.633384,1.137768",,,0.566985,4.443840
974,110362,259.0,305.98,,-0.013565049028256908,48.42842960357666,61,,"0.882074,0.872415,1.633384,1.137768",,,0.566985,4.443840
975,110682,320.0,306.63,,-0.013565049028256908,48.42842960357666,61,,"0.882074,0.872415,1.633384,1.137768",,,0.566985,4.443840
976,110953,271.0,306.83,,-0.01354217366897501,50.25312352180481,62,,"0.877701,0.867919,1.636442,1.140014",,,0.562366,4.466074
977,111173,220.0,307.14,,-0.01354217366897501,50.25312352180481,62,,"0.877701,0.867919,1.636442,1.140014",,,0.562366,4.466074
978,111673,500.0,309.78,,-0.01354217366897501,50.25312352180481,62,,"0.877701,0.867919,1.636442,1.140014",,,0.562366,4.466074
979,112120,447.0,312.24,,-0.01354217366897501,50.25312352180481,62,,"0.877701,0.867919,1.636442,1.140014",,,0.562366,4.466074
980,112620,500.0,315.1,,-0.01354217366897501,50.25312352180481,62,,"0.877701,0.867919,1.636442,1.140014",,,0.562366,4.466074
981,112863,243.0,314.39,,-0.01354217366897501,50.25312352180481,62,,"0.877701,0.867919,1.636442,1.140014",,,0.562366,4.466074
982,113294,431.0,316.03,,-0.01354217366897501,50.25412631034851,62,,"0.877701,0.867919,1.636442,1.140014",,,0.562366,4.466074
983,113645,351.0,316.35,,-0.01354217366897501,50.25412631034851,62,,"0.877701,0.867919,1.636442,1.140014",,,0.562366,4.466074
984,114013,368.0,316.98,,-0.01354217366897501,50.25412631034851,62,,"0.877701,0.867919,1.636442,1.140014",,,0.562366,4.466074
985,114359,346.0,317.09,,-0.01354217366897501,50.25412631034851,62,,"0.877701,0.867919,1.636442,1.140014",,,0.562366,4.466074
986,114650,291.0,316.69,,-0.01354217366897501,50.25412631034851,62,,"0.877701,0.867919,1.636442,1.140014",,,0.562366,4.466074
987,114909,259.0,316.35,,-0.01354217366897501,50.25412631034851,62,,"0.877701,0.867919,1.636442,1.140014",,,0.562366,4.466074
988,115182,273.0,316.25,,-0.01354217366897501,50.25412631034851,62,,"0.877701,0.867919,1.636442,1.140014",,,0.562366,4.466074
989,115503,321.0,316.84,,-0.01354217366897501,50.25412631034851,62,,"0.877701,0.867919,1.636442,1.140014",,,0.562366,4.466074
990,115722,219.0,316.61,,-0.01354217366897501,50.25412631034851,62,,"0.877701,0.867919,1.636442,1.140014",,,0.562366,4.466074
991,116116,394.0,318.18,,-0.01354217366897501,50.25412631034851,62,,"0.877701,0.867919,1.636442,1.140014",,,0.562366,4.466074
992,116616,500.0,320.65,,-0.013650142251281068,52.31094694137573,63,,"0.873071,0.864325,1.639037,1.142979",,,0.564304,4.488079
993,116912,296.0,319.09,,-0.013650142251281068,52.3119843006134,63,,"0.873071,0.864325,1.639037,1.142979",,,0.564304,4.488079
994,117165,253.0,319.79,,-0.013650142251281068,52.3119843006134,63,,"0.873071,0.864325,1.639037,1.142979",,,0.564304,4.488079
995,117665,500.0,322.42,,-0.013650142251281068,52.3119843006134,63,,"0.873071,0.864325,1.639037,1.142979",,,0.564304,4.488079
996,117943,278.0,322.15,,-0.013650142251281068,52.3119843006134,63,,"0.873071,0.864325,1.639037,1.142979",,,0.564304,4.488079
997,118165,222.0,322.15,,-0.013650142251281068,52.3119843006134,63,,"0.873071,0.864325,1.639037,1.142979",,,0.564304,4.488079
998,118617,452.0,324.34,,-0.013650142251281068,52.3119843006134,63,,"0.873071,0.864325,1.639037,1.142979",,,0.564304,4.488079
999,118904,287.0,326.97,,-0.013650142251281068,52.3119843006134,63,,"0.873071,0.864325,1.639037,1.142979",486.0,28.0,0.564304,4.488079
1000,119341,437.0,328.04,,-0.013650142251281068,52.3119843006134,63,,"0.873071,0.864325,1.639037,1.142979",,,0.564304,4.488079
1001,119841,500.0,330.23,,-0.013650142251281068,52.3119843006134,63,,"0.873071,0.864325,1.639037,1.142979",,,0.564304,4.488079
1002,120246,405.0,330.58,,-0.013650142251281068,52.3119843006134,63,,"0.873071,0.864325,1.639037,1.142979",,,0.564304,4.488079
1003,120638,392.0,331.92,,-0.013650142251281068,52.3119843006134,63,,"0.873071,0.864325,1.639037,1.142979",,,0.564304,4.488079
1004,120967,329.0,331.29,,-0.013650142251281068,52.3119843006134,63,,"0.873071,0.864325,1.639037,1.142979",,,0.564304,4.488079
1005,121467,500.0,331.29,,-0.013650142251281068,52.3119843006134,63,,"0.873071,0.864325,1.639037,1.142979",,,0.564304,4.488079
1006,121767,300.0,333.86,,-0.013650142251281068,52.3119843006134,63,,"0.873071,0.864325,1.639037,1.142979",,,0.564304,4.488079
1007,122105,338.0,334.38,,-0.013650142251281068,52.3119843006134,63,,"0.873071,0.864325,1.639037,1.142979",,,0.564304,4.488079
1008,122507,402.0,334.64,,-0.013516805067192763,54.45836281776428,64,,"0.867810,0.862336,1.641877,1.144722",,,0.560465,4.506676
1009,122935,428.0,337.92,,-0.013516805067192763,54.459383726119995,64,,"0.867810,0.862336,1.641877,1.144722",,,0.560465,4.506676
1010,123255,320.0,337.67,,-0.013516805067192763,54.459383726119995,64,,"0.867810,0.862336,1.641877,1.144722",,,0.560465,4.506676
1011,123533,278.0,337.74,,-0.013516805067192763,54.459383726119995,64,,"0.867810,0.862336,1.641877,1.144722",,,0.560465,4.506676
1012,123767,234.0,336.79,,-0.013516805067192763,54.459383726119995,64,,"0.867810,0.862336,1.641877,1.144722",,,0.560465,4.506676
1013,124091,324.0,337.94,,-0.013516805067192763,54.459383726119995,64,,"0.867810,0.862336,1.641877,1.144722",,,0.560465,4.506676
1014,124577,486.0,340.39,,-0.013516805067192763,54.459383726119995,64,,"0.867810,0.862336,1.641877,1.144722",,,0.560465,4.506676
1015,124986,409.0,341.56,,-0.013516805067192763,54.459383726119995,64,,"0.867810,0.862336,1.641877,1.144722",,,0.560465,4.506676
1016,125377,391.0,342.45,,-0.013516805067192763,54.459383726119995,64,,"0.867810,0.862336,1.641877,1.144722",,,0.560465,4.506676
1017,125785,408.0,343.37,,-0.013516805067192763,54.459383726119995,64,,"0.867810,0.862336,1.641877,1.144722",,,0.560465,4.506676
1018,126049,264.0,343.48,,-0.013516805067192763,54.459383726119995,64,,"0.867810,0.862336,1.641877,1.144722",,,0.560465,4.506676
1019,126449,400.0,342.59,,-0.013516805067192763,54.459383726119995,64,,"0.867810,0.862336,1.641877,1.144722",,,0.560465,4.506676
1020,126926,477.0,343.67,,-0.013516805067192763,54.459383726119995,64,,"0.867810,0.862336,1.641877,1.144722",,,0.560465,4.506676
1021,127341,415.0,344.36,,-0.013516805067192763,54.459383726119995,64,,"0.867810,0.862336,1.641877,1.144722",,,0.560465,4.506676
1022,127675,334.0,344.68,,-0.013516805067192763,54.459383726119995,64,,"0.867810,0.862336,1.641877,1.144722",,,0.560465,4.506676
1023,127933,258.0,344.37,,-0.013516805067192763,54.459383726119995,64,,"0.867810,0.862336,1.641877,1.144722",,,0.560465,4.506676
1024,128214,281.0,344.03,,-0.013257878411095589,56.569151401519775,65,,"0.862954,0.860271,1.644396,1.146529",,,0.557196,4.525057
1025,128633,419.0,343.95,,-0.013257878411095589,56.569151401519775,65,,"0.862954,0.860271,1.644396,1.146529",,,0.557196,4.525057
1026,129133,500.0,345.97,,-0.013257878411095589,56.569151401519775,65,,"0.862954,0.860271,1.644396,1.146529",,,0.557196,4.525057
1027,129422,289.0,347.08,,-0.013257878411095589,56.569151401519775,65,,"0.862954,0.860271,1.644396,1.146529",,,0.557196,4.525057
1028,129628,206.0,346.75,,-0.013257878411095589,56.569151401519775,65,,"0.862954,0.860271,1.644396,1.146529",,,0.557196,4.525057
1029,129892,264.0,344.93,,-0.013257878411095589,56.569151401519775,65,,"0.862954,0.860271,1.644396,1.146529",,,0.557196,4.525057
1030,130181,289.0,343.54,,-0.013257878411095589,56.569151401519775,65,,"0.862954,0.860271,1.644396,1.146529",,,0.557196,4.525057
1031,130476,295.0,342.16,,-0.013257878411095589,56.569151401519775,65,,"0.862954,0.860271,1.644396,1.146529",,,0.557196,4.525057
1032,130896,420.0,344.06,,-0.013257878411095589,56.569151401519775,65,,"0.862954,0.860271,1.644396,1.146529",,,0.557196,4.525057
1033,131167,271.0,346.4,,-0.013257878411095589,56.569151401519775,65,,"0.862954,0.860271,1.644396,1.146529",,,0.557196,4.525057
1034,131463,296.0,346.26,,-0.013257878411095589,56.569151401519775,65,,"0.862954,0.860271,1.644396,1.146529",,,0.557196,4.525057
1035,131689,226.0,345.66,,-0.013257878411095589,56.569151401519775,65,,"0.862954,0.860271,1.644396,1.146529",,,0.557196,4.525057
1036,132158,469.0,348.66,,-0.013257878411095589,56.569151401519775,65,,"0.862954,0.860271,1.644396,1.146529",,,0.557196,4.525057
1037,132590,432.0,349.12,,-0.013257878411095589,56.569151401519775,65,,"0.862954,0.860271,1.644396,1.146529",,,0.557196,4.525057
1038,133090,500.0,349.92,,-0.013257878411095589,56.569151401519775,65,,"0.862954,0.860271,1.644396,1.146529",,,0.557196,4.525057
1039,133364,274.0,349.3,,-0.013257878411095589,56.569151401519775,65,,"0.862954,0.860271,1.644396,1.146529",,,0.557196,4.525057
1040,133744,380.0,350.92,,-0.013053509385790675,58.654908180236816,66,,"0.858568,0.858860,1.645908,1.148490",,,0.557163,4.540158
1041,134077,333.0,350.93,,-0.013053509385790675,58.654908180236816,66,,"0.858568,0.858860,1.645908,1.148490",,,0.557163,4.540158
1042,134577,500.0,351.82,,-0.013053509385790675,58.654908180236816,66,,"0.858568,0.858860,1.645908,1.148490",,,0.557163,4.540158
1043,134890,313.0,351.36,,-0.013053509385790675,58.654908180236816,66,,"0.858568,0.858860,1.645908,1.148490",,,0.557163,4.540158
1044,135390,500.0,353.03,,-0.013053509385790675,58.654908180236816,66,,"0.858568,0.858860,1.645908,1.148490",,,0.557163,4.540158
1045,135740,350.0,353.56,,-0.013053509385790675,58.654908180236816,66,,"0.858568,0.858860,1.645908,1.148490",,,0.557163,4.540158
1046,136114,374.0,354.51,,-0.013053509385790675,58.654908180236816,66,,"0.858568,0.858860,1.645908,1.148490",,,0.557163,4.540158
1047,136435,321.0,355.01,,-0.013053509385790675,58.654908180236816,66,,"0.858568,0.858860,1.645908,1.148490",,,0.557163,4.540158
1048,136935,500.0,356.38,,-0.013053509385790675,58.654908180236816,66,,"0.858568,0.858860,1.645908,1.148490",,,0.557163,4.540158
1049,137193,258.0,354.01,,-0.013053509385790675,58.654908180236816,66,,"0.858568,0.858860,1.645908,1.148490",492.0,16.0,0.557163,4.540158
1050,137693,500.0,354.01,,-0.013053509385790675,58.654908180236816,66,,"0.858568,0.858860,1.645908,1.148490",,,0.557163,4.540158
1051,138091,398.0,353.71,,-0.013053509385790675,58.654908180236816,66,,"0.858568,0.858860,1.645908,1.148490",,,0.557163,4.540158
1052,138516,425.0,354.78,,-0.013053509385790675,58.654908180236816,66,,"0.858568,0.858860,1.645908,1.148490",,,0.557163,4.540158
1053,138906,390.0,356.27,,-0.013053509385790675,58.654908180236816,66,,"0.858568,0.858860,1.645908,1.148490",,,0.557163,4.540158
1054,139307,401.0,356.09,,-0.013053509385790675,58.654908180236816,66,,"0.858568,0.858860,1.645908,1.148490",,,0.557163,4.540158
1055,139681,374.0,355.8,,-0.013053509385790675,58.654908180236816,66,,"0.858568,0.858860,1.645908,1.148490",,,0.557163,4.540158
1056,139890,209.0,354.59,,-0.012697791007813066,60.75257730484009,67,,"0.853899,0.857353,1.647741,1.150172",,,0.556384,4.554616
1057,140286,396.0,356.0,,-0.012697791007813066,60.75257730484009,67,,"0.853899,0.857353,1.647741,1.150172",,,0.556384,4.554616
1058,140786,500.0,357.07,,-0.012697791007813066,60.753610610961914,67,,"0.853899,0.857353,1.647741,1.150172",,,0.556384,4.554616
1059,141262,476.0,358.87,,-0.012697791007813066,60.753610610961914,67,,"0.853899,0.857353,1.647741,1.150172",,,0.556384,4.554616
1060,141762,500.0,361.0,,-0.012697791007813066,60.753610610961914,67,,"0.853899,0.857353,1.647741,1.150172",,,0.556384,4.554616
1061,142067,305.0,361.48,,-0.012697791007813066,60.753610610961914,67,,"0.853899,0.857353,1.647741,1.150172",,,0.556384,4.554616
1062,142489,422.0,363.2,,-0.012697791007813066,60.753610610961914,67,,"0.853899,0.857353,1.647741,1.150172",,,0.556384,4.554616
1063,142711,222.0,361.33,,-0.012697791007813066,60.753610610961914,67,,"0.853899,0.857353,1.647741,1.150172",,,0.556384,4.554616
1064,142953,242.0,360.91,,-0.012697791007813066,60.753610610961914,67,,"0.853899,0.857353,1.647741,1.150172",,,0.556384,4.554616
1065,143315,362.0,361.91,,-0.012697791007813066,60.753610610961914,67,,"0.853899,0.857353,1.647741,1.150172",,,0.556384,4.554616
1066,143651,336.0,362.3,,-0.012697791007813066,60.753610610961914,67,,"0.853899,0.857353,1.647741,1.150172",,,0.556384,4.554616
1067,144083,432.0,363.64,,-0.012697791007813066,60.753610610961914,67,,"0.853899,0.857353,1.647741,1.150172",,,0.556384,4.554616
1068,144583,500.0,366.17,,-0.012697791007813066,60.753610610961914,67,,"0.853899,0.857353,1.647741,1.150172",,,0.556384,4.554616
1069,144868,285.0,364.02,,-0.012697791007813066,60.753610610961914,67,,"0.853899,0.857353,1.647741,1.150172",,,0.556384,4.554616
1070,145276,408.0,363.1,,-0.012697791007813066,60.753610610961914,67,,"0.853899,0.857353,1.647741,1.150172",,,0.556384,4.554616
1071,145648,372.0,361.82,,-0.012697791007813066,60.753610610961914,67,,"0.853899,0.857353,1.647741,1.150172",,,0.556384,4.554616
1072,145826,178.0,360.55,,-0.012535669801291078,62.73646140098572,68,,"0.848652,0.855895,1.650021,1.151674",,,0.558119,4.568306
1073,146171,345.0,360.68,,-0.012535669801291078,62.73646140098572,68,,"0.848652,0.855895,1.650021,1.151674",,,0.558119,4.568306
1074,146515,344.0,361.53,,-0.012535669801291078,62.73646140098572,68,,"0.848652,0.855895,1.650021,1.151674",,,0.558119,4.568306
1075,146833,318.0,361.51,,-0.012535669801291078,62.73646140098572,68,,"0.848652,0.855895,1.650021,1.151674",,,0.558119,4.568306
1076,147184,351.0,362.31,,-0.012535669801291078,62.73646140098572,68,,"0.848652,0.855895,1.650021,1.151674",,,0.558119,4.568306
1077,147641,457.0,364.68,,-0.012535669801291078,62.73646140098572,68,,"0.848652,0.855895,1.650021,1.151674",,,0.558119,4.568306
1078,148038,397.0,363.65,,-0.012535669801291078,62.73646140098572,68,,"0.848652,0.855895,1.650021,1.151674",,,0.558119,4.568306
1079,148274,236.0,361.54,,-0.012535669801291078,62.73646140098572,68,,"0.848652,0.855895,1.650021,1.151674",,,0.558119,4.568306
1080,148615,341.0,359.95,,-0.012535669801291078,62.73646140098572,68,,"0.848652,0.855895,1.650021,1.151674",,,0.558119,4.568306
1081,149068,453.0,362.05,,-0.012535669801291078,62.73646140098572,68,,"0.848652,0.855895,1.650021,1.151674",,,0.558119,4.568306
1082,149568,500.0,362.74,,-0.012535669801291078,62.73646140098572,68,,"0.848652,0.855895,1.650021,1.151674",,,0.558119,4.568306
1083,149892,324.0,362.47,,-0.012535669801291078,62.73646140098572,68,,"0.848652,0.855895,1.650021,1.151674",,,0.558119,4.568306
1084,150253,361.0,362.4,,-0.012535669801291078,62.73646140098572,68,,"0.848652,0.855895,1.650021,1.151674",,,0.558119,4.568306
1085,150553,300.0,361.94,,-0.012535669801291078,62.73646140098572,68,,"0.848652,0.855895,1.650021,1.151674",,,0.558119,4.568306
1086,151053,500.0,364.03,,-0.012535669801291078,62.73646140098572,68,,"0.848652,0.855895,1.650021,1.151674",,,0.558119,4.568306
1087,151369,316.0,364.6,,-0.012535669801291078,62.73646140098572,68,,"0.848652,0.855895,1.650021,1.151674",,,0.558119,4.568306
1088,151869,500.0,366.87,,-0.012275063653942198,64.83537554740906,69,,"0.843731,0.853972,1.652112,1.153431",,,0.556139,4.582681
1089,152170,301.0,366.67,,-0.012275063653942198,64.83537554740906,69,,"0.843731,0.853972,1.652112,1.153431",,,0.556139,4.582681
1090,152670,500.0,369.48,,-0.012275063653942198,64.83537554740906,69,,"0.843731,0.853972,1.652112,1.153431",,,0.556139,4.582681
1091,153024,354.0,369.08,,-0.012275063653942198,64.83537554740906,69,,"0.843731,0.853972,1.652112,1.153431",,,0.556139,4.582681
1092,153382,358.0,367.66,,-0.012275063653942198,64.83537554740906,69,,"0.843731,0.853972,1.652112,1.153431",,,0.556139,4.582681
1093,153882,500.0,369.7,,-0.012275063653942198,64.83537554740906,69,,"0.843731,0.853972,1.652112,1.153431",,,0.556139,4.582681
1094,154264,382.0,370.99,,-0.012275063653942198,64.83537554740906,69,,"0.843731,0.853972,1.652112,1.153431",,,0.556139,4.582681
1095,154715,451.0,370.5,,-0.012275063653942198,64.83537554740906,69,,"0.843731,0.853972,1.652112,1.153431",,,0.556139,4.582681
1096,155215,500.0,372.72,,-0.012275063653942198,64.83537554740906,69,,"0.843731,0.853972,1.652112,1.153431",,,0.556139,4.582681
1097,155715,500.0,375.5,,-0.012275063653942198,64.83537554740906,69,,"0.843731,0.853972,1.652112,1.153431",,,0.556139,4.582681
1098,156215,500.0,375.98,,-0.012275063653942198,64.83537554740906,69,,"0.843731,0.853972,1.652112,1.153431",,,0.556139,4.582681
1099,156459,244.0,375.55,,-0.012275063653942198,64.83537554740906,69,,"0.843731,0.853972,1.652112,1.153431",500.0,0.0,0.556139,4.582681
1100,156750,291.0,374.09,,-0.012275063653942198,64.83537554740906,69,,"0.843731,0.853972,1.652112,1.153431",,,0.556139,4.582681
1101,157109,359.0,372.68,,-0.012275063653942198,64.83537554740906,69,,"0.843731,0.853972,1.652112,1.153431",,,0.556139,4.582681
1102,157609,500.0,373.63,,-0.012275063653942198,64.83537554740906,69,,"0.843731,0.853972,1.652112,1.153431",,,0.556139,4.582681
1103,157707,98.0,370.69,,-0.012275063653942198,64.83537554740906,69,,"0.843731,0.853972,1.652112,1.153431",,,0.556139,4.582681
1104,158207,500.0,372.4,,-0.012106256901752203,66.922048330307,70,,"0.839469,0.851929,1.653712,1.155391",,,0.561655,4.597354
1105,158564,357.0,370.97,,-0.012106256901752203,66.922048330307,70,,"0.839469,0.851929,1.653712,1.155391",,,0.561655,4.597354
1106,159010,446.0,372.43,,-0.012106256901752203,66.922048330307,70,,"0.839469,0.851929,1.653712,1.155391",,,0.561655,4.597354
1107,159339,329.0,372.34,,-0.012106256901752203,66.922048330307,70,,"0.839469,0.851929,1.653712,1.155391",,,0.561655,4.597354
1108,159603,264.0,370.96,,-0.012106256901752203,66.92305159568787,70,,"0.839469,0.851929,1.653712,1.155391",,,0.561655,4.597354
1109,159909,306.0,369.74,,-0.012106256901752203,66.92305159568787,70,,"0.839469,0.851929,1.653712,1.155391",,,0.561655,4.597354
1110,160243,334.0,369.88,,-0.012106256901752203,66.92305159568787,70,,"0.839469,0.851929,1.653712,1.155391",,,0.561655,4.597354
1111,160555,312.0,370.22,,-0.012106256901752203,66.92305159568787,70,,"0.839469,0.851929,1.653712,1.155391",,,0.561655,4.597354
1112,160956,401.0,371.89,,-0.012106256901752203,66.92305159568787,70,,"0.839469,0.851929,1.653712,1.155391",,,0.561655,4.597354
1113,161456,500.0,373.65,,-0.012106256901752203,66.92305159568787,70,,"0.839469,0.851929,1.653712,1.155391",,,0.561655,4.597354
1114,161956,500.0,373.79,,-0.012106256901752203,66.92305159568787,70,,"0.839469,0.851929,1.653712,1.155391",,,0.561655,4.597354
1115,162273,317.0,372.87,,-0.012106256901752203,66.92305159568787,70,,"0.839469,0.851929,1.653712,1.155391",,,0.561655,4.597354
1116,162714,441.0,373.37,,-0.012106256901752203,66.92305159568787,70,,"0.839469,0.851929,1.653712,1.155391",,,0.561655,4.597354
1117,163100,386.0,373.15,,-0.012106256901752203,66.92305159568787,70,,"0.839469,0.851929,1.653712,1.155391",,,0.561655,4.597354
1118,163494,394.0,374.45,,-0.012106256901752203,66.92305159568787,70,,"0.839469,0.851929,1.653712,1.155391",,,0.561655,4.597354
1119,163994,500.0,375.45,,-0.012106256901752203,66.92305159568787,70,,"0.839469,0.851929,1.653712,1.155391",,,0.561655,4.597354
1120,164351,357.0,374.25,,-0.011647155975515489,69.01295113563538,71,,"0.836068,0.849906,1.654750,1.156305",,,0.556952,4.609020
1121,164650,299.0,373.09,,-0.011647155975515489,69.01396918296814,71,,"0.836068,0.849906,1.654750,1.156305",,,0.556952,4.609020
1122,164982,332.0,373.07,,-0.011647155975515489,69.01396918296814,71,,"0.836068,0.849906,1.654750,1.156305",,,0.556952,4.609020
1123,165305,323.0,373.72,,-0.011647155975515489,69.01396918296814,71,,"0.836068,0.849906,1.654750,1.156305",,,0.556952,4.609020
1124,165584,279.0,373.7,,-0.011647155975515489,69.01396918296814,71,,"0.836068,0.849906,1.654750,1.156305",,,0.556952,4.609020
1125,165921,337.0,372.88,,-0.011647155975515489,69.01396918296814,71,,"0.836068,0.849906,1.654750,1.156305",,,0.556952,4.609020
1126,166360,439.0,372.27,,-0.011647155975515489,69.01396918296814,71,,"0.836068,0.849906,1.654750,1.156305",,,0.556952,4.609020
1127,166860,500.0,374.38,,-0.011647155975515489,69.01396918296814,71,,"0.836068,0.849906,1.654750,1.156305",,,0.556952,4.609020
1128,167360,500.0,377.32,,-0.011647155975515489,69.01396918296814,71,,"0.836068,0.849906,1.654750,1.156305",,,0.556952,4.609020
1129,167637,277.0,377.45,,-0.011647155975515489,69.01396918296814,71,,"0.836068,0.849906,1.654750,1.156305",,,0.556952,4.609020
1130,168137,500.0,379.56,,-0.011647155975515489,69.01396918296814,71,,"0.836068,0.849906,1.654750,1.156305",,,0.556952,4.609020
1131,168637,500.0,381.61,,-0.011647155975515489,69.01396918296814,71,,"0.836068,0.849906,1.654750,1.156305",,,0.556952,4.609020
1132,168958,321.0,380.62,,-0.011647155975515489,69.01396918296814,71,,"0.836068,0.849906,1.654750,1.156305",,,0.556952,4.609020
1133,169289,331.0,381.22,,-0.011647155975515489,69.01396918296814,71,,"0.836068,0.849906,1.654750,1.156305",,,0.556952,4.609020
1134,169593,304.0,381.3,,-0.011647155975515489,69.01396918296814,71,,"0.836068,0.849906,1.654750,1.156305",,,0.556952,4.609020
1135,170093,500.0,384.04,,-0.011647155975515489,69.01396918296814,71,,"0.836068,0.849906,1.654750,1.156305",,,0.556952,4.609020
1136,170359,266.0,382.01,,-0.011230692310782615,71.10113453865051,72,,"0.833064,0.848008,1.656182,1.156711",,,0.549925,4.619540
1137,170689,330.0,380.99,,-0.011230692310782615,71.10113453865051,72,,"0.833064,0.848008,1.656182,1.156711",,,0.549925,4.619540
1138,171111,422.0,380.21,,-0.011230692310782615,71.10113453865051,72,,"0.833064,0.848008,1.656182,1.156711",,,0.549925,4.619540
1139,171414,303.0,380.5,,-0.011230692310782615,71.10213780403137,72,,"0.833064,0.848008,1.656182,1.156711",,,0.549925,4.619540
1140,171819,405.0,380.75,,-0.011230692310782615,71.10213780403137,72,,"0.833064,0.848008,1.656182,1.156711",,,0.549925,4.619540
1141,172159,340.0,380.82,,-0.011230692310782615,71.10213780403137,72,,"0.833064,0.848008,1.656182,1.156711",,,0.549925,4.619540
1142,172659,500.0,380.82,,-0.011230692310782615,71.10213780403137,72,,"0.833064,0.848008,1.656182,1.156711",,,0.549925,4.619540
1143,172986,327.0,380.96,,-0.011230692310782615,71.10213780403137,72,,"0.833064,0.848008,1.656182,1.156711",,,0.549925,4.619540
1144,173286,300.0,378.96,,-0.011230692310782615,71.10213780403137,72,,"0.833064,0.848008,1.656182,1.156711",,,0.549925,4.619540
1145,173786,500.0,380.46,,-0.011230692310782615,71.10213780403137,72,,"0.833064,0.848008,1.656182,1.156711",,,0.549925,4.619540
1146,174096,310.0,379.82,,-0.011230692310782615,71.10213780403137,72,,"0.833064,0.848008,1.656182,1.156711",,,0.549925,4.619540
1147,174596,500.0,381.61,,-0.011230692310782615,71.10213780403137,72,,"0.833064,0.848008,1.656182,1.156711",,,0.549925,4.619540
1148,175096,500.0,381.61,,-0.011230692310782615,71.10213780403137,72,,"0.833064,0.848008,1.656182,1.156711",,,0.549925,4.619540
1149,175429,333.0,382.36,,-0.011230692310782615,71.10213780403137,72,,"0.833064,0.848008,1.656182,1.156711",500.0,0.0,0.549925,4.619540
1150,175784,355.0,380.91,,-0.011230692310782615,71.10213780403137,72,,"0.833064,0.848008,1.656182,1.156711",,,0.549925,4.619540
1151,176284,500.0,381.93,,-0.011230692310782615,71.10213780403137,72,,"0.833064,0.848008,1.656182,1.156711",,,0.549925,4.619540
1152,176710,426.0,381.94,,-0.010497328052006196,73.30855941772461,73,,"0.829114,0.846617,1.657251,1.158165",,,0.551779,4.630652
1153,177210,500.0,383.04,,-0.010497328052006196,73.30855941772461,73,,"0.829114,0.846617,1.657251,1.158165",,,0.551779,4.630652
1154,177491,281.0,381.84,,-0.010497328052006196,73.30855941772461,73,,"0.829114,0.846617,1.657251,1.158165",,,0.551779,4.630652
1155,177812,321.0,381.31,,-0.010497328052006196,73.30855941772461,73,,"0.829114,0.846617,1.657251,1.158165",,,0.551779,4.630652
1156,178214,402.0,383.24,,-0.010497328052006196,73.30855941772461,73,,"0.829114,0.846617,1.657251,1.158165",,,0.551779,4.630652
1157,178650,436.0,383.64,,-0.010497328052006196,73.30855941772461,73,,"0.829114,0.846617,1.657251,1.158165",,,0.551779,4.630652
1158,179027,377.0,382.41,,-0.010497328052006196,73.30855941772461,73,,"0.829114,0.846617,1.657251,1.158165",,,0.551779,4.630652
1159,179388,361.0,381.26,,-0.010497328052006196,73.30855941772461,73,,"0.829114,0.846617,1.657251,1.158165",,,0.551779,4.630652
1160,179748,360.0,379.86,,-0.010497328052006196,73.30855941772461,73,,"0.829114,0.846617,1.657251,1.158165",,,0.551779,4.630652
1161,180248,500.0,381.81,,-0.010497328052006196,73.30855941772461,73,,"0.829114,0.846617,1.657251,1.158165",,,0.551779,4.630652
1162,180568,320.0,380.79,,-0.010497328052006196,73.30855941772461,73,,"0.829114,0.846617,1.657251,1.158165",,,0.551779,4.630652
1163,181068,500.0,383.57,,-0.010497328052006196,73.30855941772461,73,,"0.829114,0.846617,1.657251,1.158165",,,0.551779,4.630652
1164,181319,251.0,383.66,,-0.010497328052006196,73.30855941772461,73,,"0.829114,0.846617,1.657251,1.158165",,,0.551779,4.630652
1165,181742,423.0,384.27,,-0.010497328052006196,73.30956554412842,73,,"0.829114,0.846617,1.657251,1.158165",,,0.551779,4.630652
1166,182170,428.0,385.19,,-0.010497328052006196,73.30956554412842,73,,"0.829114,0.846617,1.657251,1.158165",,,0.551779,4.630652
1167,182658,488.0,385.75,,-0.010497328052006196,73.30956554412842,73,,"0.829114,0.846617,1.657251,1.158165",,,0.551779,4.630652
1168,182988,330.0,384.05,,-0.010234856371826027,75.52740859985352,74,,"0.828565,0.843883,1.657639,1.160052",,,0.546246,4.642916
1169,183393,405.0,385.25,,-0.010234856371826027,75.52740859985352,74,,"0.828565,0.843883,1.657639,1.160052",,,0.546246,4.642916
1170,183705,312.0,384.29,,-0.010234856371826027,75.52740859985352,74,,"0.828565,0.843883,1.657639,1.160052",,,0.546246,4.642916
1171,184022,317.0,383.74,,-0.010234856371826027,75.52740859985352,74,,"0.828565,0.843883,1.657639,1.160052",,,0.546246,4.642916
1172,184372,350.0,385.46,,-0.010234856371826027,75.52740859985352,74,,"0.828565,0.843883,1.657639,1.160052",,,0.546246,4.642916
1173,184713,341.0,385.42,,-0.010234856371826027,75.52740859985352,74,,"0.828565,0.843883,1.657639,1.160052",,,0.546246,4.642916
1174,185045,332.0,385.3,,-0.010234856371826027,75.52740859985352,74,,"0.828565,0.843883,1.657639,1.160052",,,0.546246,4.642916
1175,185545,500.0,387.12,,-0.010234856371826027,75.52740859985352,74,,"0.828565,0.843883,1.657639,1.160052",,,0.546246,4.642916
1176,185924,379.0,387.4,,-0.010234856371826027,75.52740859985352,74,,"0.828565,0.843883,1.657639,1.160052",,,0.546246,4.642916
1177,186424,500.0,387.83,,-0.010234856371826027,75.52740859985352,74,,"0.828565,0.843883,1.657639,1.160052",,,0.546246,4.642916
1178,186753,329.0,387.15,,-0.010234856371826027,75.52740859985352,74,,"0.828565,0.843883,1.657639,1.160052",,,0.546246,4.642916
1179,187092,339.0,388.18,,-0.010234856371826027,75.52740859985352,74,,"0.828565,0.843883,1.657639,1.160052",,,0.546246,4.642916
1180,187544,452.0,389.29,,-0.010234856371826027,75.52740859985352,74,,"0.828565,0.843883,1.657639,1.160052",,,0.546246,4.642916
1181,187809,265.0,387.41,,-0.010234856371826027,75.52740859985352,74,,"0.828565,0.843883,1.657639,1.160052",,,0.546246,4.642916
1182,188201,392.0,386.33,,-0.010234856371826027,75.52840924263,74,,"0.828565,0.843883,1.657639,1.160052",,,0.546246,4.642916
1183,188678,477.0,387.86,,-0.010234856371826027,75.52840924263,74,,"0.828565,0.843883,1.657639,1.160052",,,0.546246,4.642916
1184,188991,313.0,387.38,,-0.009537038397102151,77.56783127784729,75,,"0.828700,0.840546,1.657600,1.161533",,,0.552702,4.653766
1185,189235,244.0,386.82,,-0.009537038397102151,77.56883549690247,75,,"0.828700,0.840546,1.657600,1.161533",,,0.552702,4.653766
1186,189560,325.0,385.07,,-0.009537038397102151,77.56883549690247,75,,"0.828700,0.840546,1.657600,1.161533",,,0.552702,4.653766
1187,189857,297.0,384.88,,-0.009537038397102151,77.56883549690247,75,,"0.828700,0.840546,1.657600,1.161533",,,0.552702,4.653766
1188,190244,387.0,383.75,,-0.009537038397102151,77.56883549690247,75,,"0.828700,0.840546,1.657600,1.161533",,,0.552702,4.653766
1189,190560,316.0,383.9,,-0.009537038397102151,77.56883549690247,75,,"0.828700,0.840546,1.657600,1.161533",,,0.552702,4.653766
1190,190935,375.0,382.65,,-0.009537038397102151,77.56883549690247,75,,"0.828700,0.840546,1.657600,1.161533",,,0.552702,4.653766
1191,191426,491.0,384.02,,-0.009537038397102151,77.56883549690247,75,,"0.828700,0.840546,1.657600,1.161533",,,0.552702,4.653766
1192,191694,268.0,383.12,,-0.009537038397102151,77.56883549690247,75,,"0.828700,0.840546,1.657600,1.161533",,,0.552702,4.653766
1193,192028,334.0,381.46,,-0.009537038397102151,77.56883549690247,75,,"0.828700,0.840546,1.657600,1.161533",,,0.552702,4.653766
1194,192304,276.0,380.4,,-0.009537038397102151,77.56883549690247,75,,"0.828700,0.840546,1.657600,1.161533",,,0.552702,4.653766
1195,192587,283.0,378.72,,-0.009537038397102151,77.56883549690247,75,,"0.828700,0.840546,1.657600,1.161533",,,0.552702,4.653766
1196,193087,500.0,378.72,,-0.009537038397102151,77.56883549690247,75,,"0.828700,0.840546,1.657600,1.161533",,,0.552702,4.653766
1197,193369,282.0,376.54,,-0.009537038397102151,77.56883549690247,75,,"0.828700,0.840546,1.657600,1.161533",,,0.552702,4.653766
1198,193869,500.0,376.54,,-0.009537038397102151,77.56883549690247,75,,"0.828700,0.840546,1.657600,1.161533",,,0.552702,4.653766
1199,194165,296.0,377.06,,-0.009537038397102151,77.56883549690247,75,,"0.828700,0.840546,1.657600,1.161533",500.0,0.0,0.552702,4.653766
1200,194665,500.0,379.15,,-0.008871113261266146,79.63833808898926,76,,"0.829000,0.837734,1.658078,1.162556",,,0.548255,4.664163
1201,195033,368.0,379.24,,-0.008871113261266146,79.63833808898926,76,,"0.829000,0.837734,1.658078,1.162556",,,0.548255,4.664163
1202,195312,279.0,377.03,,-0.008871113261266146,79.63833808898926,76,,"0.829000,0.837734,1.658078,1.162556",,,0.548255,4.664163
1203,195587,275.0,378.8,,-0.008871113261266146,79.63833808898926,76,,"0.829000,0.837734,1.658078,1.162556",,,0.548255,4.664163
1204,195881,294.0,376.74,,-0.008871113261266146,79.63833808898926,76,,"0.829000,0.837734,1.658078,1.162556",,,0.548255,4.664163
1205,196381,500.0,378.17,,-0.008871113261266146,79.63833808898926,76,,"0.829000,0.837734,1.658078,1.162556",,,0.548255,4.664163
1206,196881,500.0,378.71,,-0.008871113261266146,79.63833808898926,76,,"0.829000,0.837734,1.658078,1.162556",,,0.548255,4.664163
1207,197159,278.0,378.2,,-0.008871113261266146,79.63833808898926,76,,"0.829000,0.837734,1.658078,1.162556",,,0.548255,4.664163
1208,197526,367.0,379.23,,-0.008871113261266146,79.63833808898926,76,,"0.829000,0.837734,1.658078,1.162556",,,0.548255,4.664163
1209,198026,500.0,381.17,,-0.008871113261266146,79.63833808898926,76,,"0.829000,0.837734,1.658078,1.162556",,,0.548255,4.664163
1210,198325,299.0,380.82,,-0.008871113261266146,79.63833808898926,76,,"0.829000,0.837734,1.658078,1.162556",,,0.548255,4.664163
1211,198689,364.0,381.34,,-0.008871113261266146,79.63833808898926,76,,"0.829000,0.837734,1.658078,1.162556",,,0.548255,4.664163
1212,199001,312.0,380.45,,-0.008871113261266146,79.63833808898926,76,,"0.829000,0.837734,1.658078,1.162556",,,0.548255,4.664163
1213,199339,338.0,378.83,,-0.008871113261266146,79.63833808898926,76,,"0.829000,0.837734,1.658078,1.162556",,,0.548255,4.664163
1214,199674,335.0,377.18,,-0.008871113261266146,79.63833808898926,76,,"0.829000,0.837734,1.658078,1.162556",,,0.548255,4.664163
1215,200100,426.0,378.27,,-0.008871113261266146,79.63833808898926,76,,"0.829000,0.837734,1.658078,1.162556",,,0.548255,4.664163
1216,200366,266.0,376.52,,-0.008252756021975075,81.64741396903992,77,,"0.826853,0.836505,1.658352,1.163956",,,0.544636,4.672530
1217,200672,306.0,375.72,,-0.008252756021975075,81.64741396903992,77,,"0.826853,0.836505,1.658352,1.163956",,,0.544636,4.672530
1218,201147,475.0,376.53,,-0.008252756021975075,81.64741396903992,77,,"0.826853,0.836505,1.658352,1.163956",,,0.544636,4.672530
1219,201484,337.0,374.9,,-0.008252756021975075,81.64741396903992,77,,"0.826853,0.836505,1.658352,1.163956",,,0.544636,4.672530
1220,201730,246.0,373.79,,-0.008252756021975075,81.64741396903992,77,,"0.826853,0.836505,1.658352,1.163956",,,0.544636,4.672530
1221,201986,256.0,373.36,,-0.008252756021975075,81.64741396903992,77,,"0.826853,0.836505,1.658352,1.163956",,,0.544636,4.672530
1222,202338,352.0,373.56,,-0.008252756021975075,81.64741396903992,77,,"0.826853,0.836505,1.658352,1.163956",,,0.544636,4.672530
1223,202820,482.0,375.15,,-0.008252756021975075,81.64741396903992,77,,"0.826853,0.836505,1.658352,1.163956",,,0.544636,4.672530
1224,203096,276.0,375.12,,-0.008252756021975075,81.64741396903992,77,,"0.826853,0.836505,1.658352,1.163956",,,0.544636,4.672530
1225,203334,238.0,374.13,,-0.008252756021975075,81.64741396903992,77,,"0.826853,0.836505,1.658352,1.163956",,,0.544636,4.672530
1226,203652,318.0,372.92,,-0.008252756021975075,81.64741396903992,77,,"0.826853,0.836505,1.658352,1.163956",,,0.544636,4.672530
1227,203909,257.0,370.49,,-0.008252756021975075,81.64741396903992,77,,"0.826853,0.836505,1.658352,1.163956",,,0.544636,4.672530
1228,204405,496.0,370.45,,-0.008252756021975075,81.64741396903992,77,,"0.826853,0.836505,1.658352,1.163956",,,0.544636,4.672530
1229,204716,311.0,370.79,,-0.008252756021975075,81.64741396903992,77,,"0.826853,0.836505,1.658352,1.163956",,,0.544636,4.672530
1230,205190,474.0,370.53,,-0.008252756021975075,81.64741396903992,77,,"0.826853,0.836505,1.658352,1.163956",,,0.544636,4.672530
1231,205640,450.0,370.03,,-0.008252756021975075,81.64741396903992,77,,"0.826853,0.836505,1.658352,1.163956",,,0.544636,4.672530
1232,205859,219.0,369.01,,-0.007953949774673674,83.40999150276184,78,,"0.821748,0.836991,1.659700,1.165564",,,0.541012,4.681739
1233,206140,281.0,368.51,,-0.007953949774673674,83.4109947681427,78,,"0.821748,0.836991,1.659700,1.165564",,,0.541012,4.681739
1234,206420,280.0,368.27,,-0.007953949774673674,83.4109947681427,78,,"0.821748,0.836991,1.659700,1.165564",,,0.541012,4.681739
1235,206801,381.0,367.08,,-0.007953949774673674,83.4109947681427,78,,"0.821748,0.836991,1.659700,1.165564",,,0.541012,4.681739
1236,207177,376.0,368.18,,-0.007953949774673674,83.4109947681427,78,,"0.821748,0.836991,1.659700,1.165564",,,0.541012,4.681739
1237,207427,250.0,367.38,,-0.007953949774673674,83.4109947681427,78,,"0.821748,0.836991,1.659700,1.165564",,,0.541012,4.681739
1238,207693,266.0,365.82,,-0.007953949774673674,83.4109947681427,78,,"0.821748,0.836991,1.659700,1.165564",,,0.541012,4.681739
1239,207924,231.0,365.1,,-0.007953949774673674,83.4109947681427,78,,"0.821748,0.836991,1.659700,1.165564",,,0.541012,4.681739
1240,208227,303.0,364.08,,-0.007953949774673674,83.4109947681427,78,,"0.821748,0.836991,1.659700,1.165564",,,0.541012,4.681739
1241,208531,304.0,363.72,,-0.007953949774673674,83.4109947681427,78,,"0.821748,0.836991,1.659700,1.165564",,,0.541012,4.681739
1242,209002,471.0,363.43,,-0.007953949774673674,83.4109947681427,78,,"0.821748,0.836991,1.659700,1.165564",,,0.541012,4.681739
1243,209258,256.0,362.72,,-0.007953949774673674,83.4109947681427,78,,"0.821748,0.836991,1.659700,1.165564",,,0.541012,4.681739
1244,209473,215.0,361.87,,-0.007953949774673674,83.4109947681427,78,,"0.821748,0.836991,1.659700,1.165564",,,0.541012,4.681739
1245,209752,279.0,359.66,,-0.007953949774673674,83.4109947681427,78,,"0.821748,0.836991,1.659700,1.165564",,,0.541012,4.681739
1246,210211,459.0,361.15,,-0.007953949774673674,83.4109947681427,78,,"0.821748,0.836991,1.659700,1.165564",,,0.541012,4.681739
1247,210463,252.0,358.67,,-0.007953949774673674,83.4109947681427,78,,"0.821748,0.836991,1.659700,1.165564",,,0.541012,4.681739
1248,210733,270.0,356.37,,-0.007490837787336204,85.46390151977539,79,,"0.818346,0.837393,1.660688,1.167036",,,0.547468,4.689839
1249,211145,412.0,357.16,,-0.007490837787336204,85.46390151977539,79,,"0.818346,0.837393,1.660688,1.167036",500.0,0.0,0.547468,4.689839
1250,211645,500.0,358.61,,-0.007490837787336204,85.46390151977539,79,,"0.818346,0.837393,1.660688,1.167036",,,0.547468,4.689839
1251,212002,357.0,357.18,,-0.007490837787336204,85.46390151977539,79,,"0.818346,0.837393,1.660688,1.167036",,,0.547468,4.689839
1252,212345,343.0,356.35,,-0.007490837787336204,85.46390151977539,79,,"0.818346,0.837393,1.660688,1.167036",,,0.547468,4.689839
1253,212640,295.0,354.3,,-0.007490837787336204,85.46479105949402,79,,"0.818346,0.837393,1.660688,1.167036",,,0.547468,4.689839
1254,212952,312.0,354.61,,-0.007490837787336204,85.46479105949402,79,,"0.818346,0.837393,1.660688,1.167036",,,0.547468,4.689839
1255,213225,273.0,354.13,,-0.007490837787336204,85.46479105949402,79,,"0.818346,0.837393,1.660688,1.167036",,,0.547468,4.689839
1256,213709,484.0,354.95,,-0.007490837787336204,85.46479105949402,79,,"0.818346,0.837393,1.660688,1.167036",,,0.547468,4.689839
1257,214123,414.0,354.73,,-0.007490837787336204,85.46479105949402,79,,"0.818346,0.837393,1.660688,1.167036",,,0.547468,4.689839
1258,214577,454.0,355.5,,-0.007490837787336204,85.46479105949402,79,,"0.818346,0.837393,1.660688,1.167036",,,0.547468,4.689839
1259,214860,283.0,354.72,,-0.007490837787336204,85.46479105949402,79,,"0.818346,0.837393,1.660688,1.167036",,,0.547468,4.689839
1260,215084,224.0,353.36,,-0.007490837787336204,85.46479105949402,79,,"0.818346,0.837393,1.660688,1.167036",,,0.547468,4.689839
1261,215584,500.0,353.36,,-0.007490837787336204,85.46479105949402,79,,"0.818346,0.837393,1.660688,1.167036",,,0.547468,4.689839
1262,216084,500.0,355.16,,-0.007490837787336204,85.46479105949402,79,,"0.818346,0.837393,1.660688,1.167036",,,0.547468,4.689839
1263,216584,500.0,355.16,,-0.007490837787336204,85.46479105949402,79,,"0.818346,0.837393,1.660688,1.167036",,,0.547468,4.689839
1264,216922,338.0,356.03,,-0.007072780345624779,87.5339207649231,80,,"0.813822,0.838491,1.662449,1.167772",,,0.546972,4.696652
1265,217336,414.0,355.94,,-0.007072780345624779,87.5339207649231,80,,"0.813822,0.838491,1.662449,1.167772",,,0.546972,4.696652
1266,217699,363.0,355.29,,-0.007072780345624779,87.5339207649231,80,,"0.813822,0.838491,1.662449,1.167772",,,0.546972,4.696652
1267,218100,401.0,354.42,,-0.007072780345624779,87.5339207649231,80,,"0.813822,0.838491,1.662449,1.167772",,,0.546972,4.696652
1268,218509,409.0,355.21,,-0.007072780345624779,87.5339207649231,80,,"0.813822,0.838491,1.662449,1.167772",,,0.546972,4.696652
1269,219009,500.0,356.16,,-0.007072780345624779,87.5339207649231,80,,"0.813822,0.838491,1.662449,1.167772",,,0.546972,4.696652
1270,219309,300.0,356.04,,-0.007072780345624779,87.5339207649231,80,,"0.813822,0.838491,1.662449,1.167772",,,0.546972,4.696652
1271,219809,500.0,357.87,,-0.007072780345624779,87.5339207649231,80,,"0.813822,0.838491,1.662449,1.167772",,,0.546972,4.696652
1272,220309,500.0,359.37,,-0.007072780345624779,87.5339207649231,80,,"0.813822,0.838491,1.662449,1.167772",,,0.546972,4.696652
1273,220679,370.0,359.66,,-0.007072780345624779,87.5339207649231,80,,"0.813822,0.838491,1.662449,1.167772",,,0.546972,4.696652
1274,221164,485.0,361.19,,-0.007072780345624779,87.5339207649231,80,,"0.813822,0.838491,1.662449,1.167772",,,0.546972,4.696652
1275,221467,303.0,359.22,,-0.007072780345624779,87.5339207649231,80,,"0.813822,0.838491,1.662449,1.167772",,,0.546972,4.696652
1276,221852,385.0,359.28,,-0.007072780345624779,87.5339207649231,80,,"0.813822,0.838491,1.662449,1.167772",,,0.546972,4.696652
1277,222154,302.0,357.3,,-0.007072780345624779,87.5339207649231,80,,"0.813822,0.838491,1.662449,1.167772",,,0.546972,4.696652
1278,222654,500.0,359.01,,-0.007072780345624779,87.5339207649231,80,,"0.813822,0.838491,1.662449,1.167772",,,0.546972,4.696652
1279,223090,436.0,359.98,,-0.007072780345624779,87.5339207649231,80,,"0.813822,0.838491,1.662449,1.167772",,,0.546972,4.696652
1280,223590,500.0,360.46,,-0.006994932600355242,89.7261278629303,81,,"0.810021,0.839388,1.663932,1.168185",,,0.551614,4.701973
1281,224090,500.0,362.81,,-0.006994932600355242,89.7261278629303,81,,"0.810021,0.839388,1.663932,1.168185",,,0.551614,4.701973
1282,224425,335.0,362.24,,-0.006994932600355242,89.7261278629303,81,,"0.810021,0.839388,1.663932,1.168185",,,0.551614,4.701973
1283,224925,500.0,362.47,,-0.006994932600355242,89.7261278629303,81,,"0.810021,0.839388,1.663932,1.168185",,,0.551614,4.701973
1284,225425,500.0,364.34,,-0.006994932600355242,89.7261278629303,81,,"0.810021,0.839388,1.663932,1.168185",,,0.551614,4.701973
1285,225916,491.0,366.81,,-0.006994932600355242,89.7261278629303,81,,"0.810021,0.839388,1.663932,1.168185",,,0.551614,4.701973
1286,226416,500.0,368.56,,-0.006994932600355242,89.7261278629303,81,,"0.810021,0.839388,1.663932,1.168185",,,0.551614,4.701973
1287,226916,500.0,370.59,,-0.006994932600355242,89.7261278629303,81,,"0.810021,0.839388,1.663932,1.168185",,,0.551614,4.701973
1288,227233,317.0,369.89,,-0.006994932600355242,89.72712755203247,81,,"0.810021,0.839388,1.663932,1.168185",,,0.551614,4.701973
1289,227491,258.0,369.31,,-0.006994932600355242,89.72712755203247,81,,"0.810021,0.839388,1.663932,1.168185",,,0.551614,4.701973
1290,227791,300.0,368.56,,-0.006994932600355242,89.72712755203247,81,,"0.810021,0.839388,1.663932,1.168185",,,0.551614,4.701973
1291,228291,500.0,368.65,,-0.006994932600355242,89.72712755203247,81,,"0.810021,0.839388,1.663932,1.168185",,,0.551614,4.701973
1292,228629,338.0,369.35,,-0.006994932600355242,89.72712755203247,81,,"0.810021,0.839388,1.663932,1.168185",,,0.551614,4.701973
1293,229129,500.0,371.01,,-0.006994932600355242,89.72712755203247,81,,"0.810021,0.839388,1.663932,1.168185",,,0.551614,4.701973
1294,229401,272.0,370.97,,-0.006994932600355242,89.72712755203247,81,,"0.810021,0.839388,1.663932,1.168185",,,0.551614,4.701973
1295,229806,405.0,372.19,,-0.006994932600355242,89.72712755203247,81,,"0.810021,0.839388,1.663932,1.168185",,,0.551614,4.701973
1296,230139,333.0,370.52,,-0.006765201100206468,91.81005120277405,82,,"0.806280,0.840166,1.665161,1.169574",,,0.550032,4.708730
1297,230579,440.0,372.1,,-0.006765201100206468,91.81005120277405,82,,"0.806280,0.840166,1.665161,1.169574",,,0.550032,4.708730
1298,231002,423.0,371.33,,-0.006765201100206468,91.81005120277405,82,,"0.806280,0.840166,1.665161,1.169574",,,0.550032,4.708730
1299,231492,490.0,373.27,,-0.006765201100206468,91.81005120277405,82,,"0.806280,0.840166,1.665161,1.169574",500.0,0.0,0.550032,4.708730
1300,231992,500.0,373.27,,-0.006765201100206468,91.81005120277405,82,,"0.806280,0.840166,1.665161,1.169574",,,0.550032,4.708730
1301,232492,500.0,374.59,,-0.006765201100206468,91.81005120277405,82,,"0.806280,0.840166,1.665161,1.169574",,,0.550032,4.708730
1302,232882,390.0,375.7,,-0.006765201100206468,91.81005120277405,82,,"0.806280,0.840166,1.665161,1.169574",,,0.550032,4.708730
1303,233382,500.0,377.95,,-0.006765201100206468,91.81005120277405,82,,"0.806280,0.840166,1.665161,1.169574",,,0.550032,4.708730
1304,233796,414.0,379.15,,-0.006765201100206468,91.81005120277405,82,,"0.806280,0.840166,1.665161,1.169574",,,0.550032,4.708730
1305,234075,279.0,376.94,,-0.006765201100206468,91.81005120277405,82,,"0.806280,0.840166,1.665161,1.169574",,,0.550032,4.708730
1306,234533,458.0,376.52,,-0.006765201100206468,91.81005120277405,82,,"0.806280,0.840166,1.665161,1.169574",,,0.550032,4.708730
1307,234918,385.0,377.59,,-0.006765201100206468,91.81005120277405,82,,"0.806280,0.840166,1.665161,1.169574",,,0.550032,4.708730
1308,235370,452.0,378.44,,-0.006765201100206468,91.81005120277405,82,,"0.806280,0.840166,1.665161,1.169574",,,0.550032,4.708730
1309,235774,404.0,377.48,,-0.006765201100206468,91.81005120277405,82,,"0.806280,0.840166,1.665161,1.169574",,,0.550032,4.708730
1310,236137,363.0,378.12,,-0.006765201100206468,91.81005120277405,82,,"0.806280,0.840166,1.665161,1.169574",,,0.550032,4.708730
1311,236584,447.0,378.95,,-0.006765201100206468,91.81005120277405,82,,"0.806280,0.840166,1.665161,1.169574",,,0.550032,4.708730
1312,236870,286.0,378.69,,-0.0065818461860180835,93.87471413612366,83,,"0.802636,0.841017,1.666668,1.170525",,,0.552211,4.714406
1313,237370,500.0,380.31,,-0.0065818461860180835,93.8757152557373,83,,"0.802636,0.841017,1.666668,1.170525",,,0.552211,4.714406
1314,237644,274.0,379.7,,-0.0065818461860180835,93.8757152557373,83,,"0.802636,0.841017,1.666668,1.170525",,,0.552211,4.714406
1315,237938,294.0,378.38,,-0.0065818461860180835,93.8757152557373,83,,"0.802636,0.841017,1.666668,1.170525",,,0.552211,4.714406
1316,238259,321.0,378.93,,-0.0065818461860180835,93.8757152557373,83,,"0.802636,0.841017,1.666668,1.170525",,,0.552211,4.714406
1317,238759,500.0,380.87,,-0.0065818461860180835,93.8757152557373,83,,"0.802636,0.841017,1.666668,1.170525",,,0.552211,4.714406
1318,239149,390.0,380.02,,-0.0065818461860180835,93.8757152557373,83,,"0.802636,0.841017,1.666668,1.170525",,,0.552211,4.714406
1319,239649,500.0,381.65,,-0.0065818461860180835,93.8757152557373,83,,"0.802636,0.841017,1.666668,1.170525",,,0.552211,4.714406
1320,240149,500.0,384.19,,-0.0065818461860180835,93.8757152557373,83,,"0.802636,0.841017,1.666668,1.170525",,,0.552211,4.714406
1321,240463,314.0,384.77,,-0.0065818461860180835,93.8757152557373,83,,"0.802636,0.841017,1.666668,1.170525",,,0.552211,4.714406
1322,240963,500.0,386.25,,-0.0065818461860180835,93.8757152557373,83,,"0.802636,0.841017,1.666668,1.170525",,,0.552211,4.714406
1323,241463,500.0,386.43,,-0.0065818461860180835,93.8757152557373,83,,"0.802636,0.841017,1.666668,1.170525",,,0.552211,4.714406
1324,241963,500.0,388.67,,-0.0065818461860180835,93.8757152557373,83,,"0.802636,0.841017,1.666668,1.170525",,,0.552211,4.714406
1325,242385,422.0,390.51,,-0.0065818461860180835,93.8757152557373,83,,"0.802636,0.841017,1.666668,1.170525",,,0.552211,4.714406
1326,242670,285.0,390.18,,-0.0065818461860180835,93.8757152557373,83,,"0.802636,0.841017,1.666668,1.170525",,,0.552211,4.714406
1327,243051,381.0,391.42,,-0.0065818461860180835,93.8757152557373,83,,"0.802636,0.841017,1.666668,1.170525",,,0.552211,4.714406
1328,243444,393.0,390.39,,-0.0061775045879767275,96.0027928352356,84,,"0.799786,0.841639,1.667822,1.171355",,,0.550603,4.718998
1329,243863,419.0,391.47,,-0.0061775045879767275,96.0027928352356,84,,"0.799786,0.841639,1.667822,1.171355",,,0.550603,4.718998
1330,244270,407.0,390.8,,-0.0061775045879767275,96.0027928352356,84,,"0.799786,0.841639,1.667822,1.171355",,,0.550603,4.718998
1331,244485,215.0,388.45,,-0.0061775045879767275,96.0027928352356,84,,"0.799786,0.841639,1.667822,1.171355",,,0.550603,4.718998
1332,244985,500.0,391.26,,-0.0061775045879767275,96.0027928352356,84,,"0.799786,0.841639,1.667822,1.171355",,,0.550603,4.718998
1333,245485,500.0,393.45,,-0.0061775045879767275,96.0027928352356,84,,"0.799786,0.841639,1.667822,1.171355",,,0.550603,4.718998
1334,245933,448.0,395.13,,-0.0061775045879767275,96.0027928352356,84,,"0.799786,0.841639,1.667822,1.171355",,,0.550603,4.718998
1335,246433,500.0,396.32,,-0.0061775045879767275,96.0027928352356,84,,"0.799786,0.841639,1.667822,1.171355",,,0.550603,4.718998
1336,246889,456.0,397.12,,-0.0061775045879767275,96.0027928352356,84,,"0.799786,0.841639,1.667822,1.171355",,,0.550603,4.718998
1337,247389,500.0,399.62,,-0.0061775045879767275,96.0027928352356,84,,"0.799786,0.841639,1.667822,1.171355",,,0.550603,4.718998
1338,247838,449.0,401.45,,-0.0061775045879767275,96.0027928352356,84,,"0.799786,0.841639,1.667822,1.171355",,,0.550603,4.718998
1339,248110,272.0,401.86,,-0.0061775045879767275,96.0027928352356,84,,"0.799786,0.841639,1.667822,1.171355",,,0.550603,4.718998
1340,248610,500.0,403.83,,-0.0061775045879767275,96.0027928352356,84,,"0.799786,0.841639,1.667822,1.171355",,,0.550603,4.718998
1341,249110,500.0,405.79,,-0.0061775045879767275,96.0027928352356,84,,"0.799786,0.841639,1.667822,1.171355",,,0.550603,4.718998
1342,249339,229.0,403.37,,-0.0061775045879767275,96.0027928352356,84,,"0.799786,0.841639,1.667822,1.171355",,,0.550603,4.718998
1343,249839,500.0,405.81,,-0.0061775045879767275,96.0027928352356,84,,"0.799786,0.841639,1.667822,1.171355",,,0.550603,4.718998
1344,250209,370.0,407.36,,-0.005735537907166872,98.14588713645935,85,,"0.797857,0.842134,1.668473,1.172365",,,0.553023,4.722452
1345,250709,500.0,409.57,,-0.005735537907166872,98.14588713645935,85,,"0.797857,0.842134,1.668473,1.172365",,,0.553023,4.722452
1346,250975,266.0,407.64,,-0.005735537907166872,98.14588713645935,85,,"0.797857,0.842134,1.668473,1.172365",,,0.553023,4.722452
1347,251209,234.0,407.46,,-0.005735537907166872,98.14588713645935,85,,"0.797857,0.842134,1.668473,1.172365",,,0.553023,4.722452
1348,251673,464.0,409.4,,-0.005735537907166872,98.14588713645935,85,,"0.797857,0.842134,1.668473,1.172365",,,0.553023,4.722452
1349,252104,431.0,409.59,,-0.005735537907166872,98.14588713645935,85,,"0.797857,0.842134,1.668473,1.172365",500.0,0.0,0.553023,4.722452
1350,252473,369.0,408.28,,-0.005735537907166872,98.14588713645935,85,,"0.797857,0.842134,1.668473,1.172365",,,0.553023,4.722452
1351,252771,298.0,407.69,,-0.005735537907166872,98.14588713645935,85,,"0.797857,0.842134,1.668473,1.172365",,,0.553023,4.722452
1352,253111,340.0,407.66,,-0.005735537907166872,98.14588713645935,85,,"0.797857,0.842134,1.668473,1.172365",,,0.553023,4.722452
1353,253562,451.0,409.22,,-0.005735537907166872,98.14588713645935,85,,"0.797857,0.842134,1.668473,1.172365",,,0.553023,4.722452
1354,254062,500.0,411.1,,-0.005735537907166872,98.14588713645935,85,,"0.797857,0.842134,1.668473,1.172365",,,0.553023,4.722452
1355,254562,500.0,413.37,,-0.005735537907166872,98.14588713645935,85,,"0.797857,0.842134,1.668473,1.172365",,,0.553023,4.722452
1356,255062,500.0,413.53,,-0.005735537907166872,98.14588713645935,85,,"0.797857,0.842134,1.668473,1.172365",,,0.553023,4.722452
1357,255562,500.0,414.39,,-0.005735537907166872,98.14588713645935,85,,"0.797857,0.842134,1.668473,1.172365",,,0.553023,4.722452
1358,255955,393.0,413.78,,-0.005735537907166872,98.14588713645935,85,,"0.797857,0.842134,1.668473,1.172365",,,0.553023,4.722452
1359,256455,500.0,415.95,,-0.005735537907166872,98.14588713645935,85,,"0.797857,0.842134,1.668473,1.172365",,,0.553023,4.722452
1360,256955,500.0,418.71,,-0.005430994940979872,100.31787490844727,86,,"0.795396,0.842592,1.668176,1.174423",,,0.551259,4.726502
1361,257444,489.0,418.6,,-0.005430994940979872,100.31787490844727,86,,"0.795396,0.842592,1.668176,1.174423",,,0.551259,4.726502
1362,257944,500.0,418.6,,-0.005430994940979872,100.31787490844727,86,,"0.795396,0.842592,1.668176,1.174423",,,0.551259,4.726502
1363,258444,500.0,418.6,,-0.005430994940979872,100.31787490844727,86,,"0.795396,0.842592,1.668176,1.174423",,,0.551259,4.726502
1364,258823,379.0,419.01,,-0.005430994940979872,100.31787490844727,86,,"0.795396,0.842592,1.668176,1.174423",,,0.551259,4.726502
1365,259323,500.0,419.87,,-0.005430994940979872,100.31787490844727,86,,"0.795396,0.842592,1.668176,1.174423",,,0.551259,4.726502
1366,259823,500.0,421.24,,-0.005430994940979872,100.31787490844727,86,,"0.795396,0.842592,1.668176,1.174423",,,0.551259,4.726502
1367,260323,500.0,422.23,,-0.005430994940979872,100.31787490844727,86,,"0.795396,0.842592,1.668176,1.174423",,,0.551259,4.726502
1368,260643,320.0,421.34,,-0.005430994940979872,100.31787490844727,86,,"0.795396,0.842592,1.668176,1.174423",,,0.551259,4.726502
1369,261143,500.0,421.34,,-0.005430994940979872,100.31787490844727,86,,"0.795396,0.842592,1.668176,1.174423",,,0.551259,4.726502
1370,261643,500.0,423.34,,-0.005430994940979872,100.31787490844727,86,,"0.795396,0.842592,1.668176,1.174423",,,0.551259,4.726502
1371,262143,500.0,423.34,,-0.005430994940979872,100.31787490844727,86,,"0.795396,0.842592,1.668176,1.174423",,,0.551259,4.726502
1372,262642,499.0,423.33,,-0.005430994940979872,100.31787490844727,86,,"0.795396,0.842592,1.668176,1.174423",,,0.551259,4.726502
1373,263085,443.0,424.06,,-0.005430994940979872,100.31787490844727,86,,"0.795396,0.842592,1.668176,1.174423",,,0.551259,4.726502
1374,263395,310.0,422.31,,-0.005430994940979872,100.31787490844727,86,,"0.795396,0.842592,1.668176,1.174423",,,0.551259,4.726502
1375,263895,500.0,424.28,,-0.005430994940979872,100.31787490844727,86,,"0.795396,0.842592,1.668176,1.174423",,,0.551259,4.726502
1376,264283,388.0,424.31,,-0.0052047099769697526,102.55951976776123,87,,"0.793239,0.842872,1.667812,1.176623",,,0.550278,4.731127
1377,264658,375.0,425.04,,-0.0052047099769697526,102.56052231788635,87,,"0.793239,0.842872,1.667812,1.176623",,,0.550278,4.731127
1378,265132,474.0,424.78,,-0.0052047099769697526,102.56052231788635,87,,"0.793239,0.842872,1.667812,1.176623",,,0.550278,4.731127
1379,265519,387.0,424.29,,-0.0052047099769697526,102.56052231788635,87,,"0.793239,0.842872,1.667812,1.176623",,,0.550278,4.731127
1380,266019,500.0,424.29,,-0.0052047099769697526,102.56052231788635,87,,"0.793239,0.842872,1.667812,1.176623",,,0.550278,4.731127
1381,266437,418.0,423.47,,-0.0052047099769697526,102.56052231788635,87,,"0.793239,0.842872,1.667812,1.176623",,,0.550278,4.731127
1382,266809,372.0,423.84,,-0.0052047099769697526,102.56052231788635,87,,"0.793239,0.842872,1.667812,1.176623",,,0.550278,4.731127
1383,267264,455.0,423.39,,-0.0052047099769697526,102.56052231788635,87,,"0.793239,0.842872,1.667812,1.176623",,,0.550278,4.731127
1384,267764,500.0,423.39,,-0.0052047099769697526,102.56052231788635,87,,"0.793239,0.842872,1.667812,1.176623",,,0.550278,4.731127
1385,268219,455.0,423.03,,-0.0052047099769697526,102.56052231788635,87,,"0.793239,0.842872,1.667812,1.176623",,,0.550278,4.731127
1386,268719,500.0,423.03,,-0.0052047099769697526,102.56052231788635,87,,"0.793239,0.842872,1.667812,1.176623",,,0.550278,4.731127
1387,269219,500.0,423.03,,-0.0052047099769697526,102.56052231788635,87,,"0.793239,0.842872,1.667812,1.176623",,,0.550278,4.731127
1388,269590,371.0,423.57,,-0.0052047099769697526,102.56052231788635,87,,"0.793239,0.842872,1.667812,1.176623",,,0.550278,4.731127
1389,270090,500.0,425.99,,-0.0052047099769697526,102.56052231788635,87,,"0.793239,0.842872,1.667812,1.176623",,,0.550278,4.731127
1390,270489,399.0,426.98,,-0.0052047099769697526,102.56052231788635,87,,"0.793239,0.842872,1.667812,1.176623",,,0.550278,4.731127
1391,270989,500.0,426.98,,-0.0052047099769697526,102.56052231788635,87,,"0.793239,0.842872,1.667812,1.176623",,,0.550278,4.731127
1392,271474,485.0,428.45,,-0.005150180686323438,104.80515217781067,88,,"0.791381,0.842852,1.667582,1.179836",,,0.556286,4.739199
1393,271974,500.0,428.45,,-0.005150180686323438,104.80615448951721,88,,"0.791381,0.842852,1.667582,1.179836",,,0.556286,4.739199
1394,272131,157.0,427.3,,-0.005150180686323438,104.80615448951721,88,,"0.791381,0.842852,1.667582,1.179836",,,0.556286,4.739199
1395,272631,500.0,428.25,,-0.005150180686323438,104.80615448951721,88,,"0.791381,0.842852,1.667582,1.179836",,,0.556286,4.739199
1396,273002,371.0,428.63,,-0.005150180686323438,104.80615448951721,88,,"0.791381,0.842852,1.667582,1.179836",,,0.556286,4.739199
1397,273502,500.0,429.23,,-0.005150180686323438,104.80615448951721,88,,"0.791381,0.842852,1.667582,1.179836",,,0.556286,4.739199
1398,273833,331.0,428.31,,-0.005150180686323438,104.80615448951721,88,,"0.791381,0.842852,1.667582,1.179836",,,0.556286,4.739199
1399,274333,500.0,428.41,,-0.005150180686323438,104.80615448951721,88,,"0.791381,0.842852,1.667582,1.179836",500.0,0.0,0.556286,4.739199
1400,274833,500.0,428.41,,-0.005150180686323438,104.80615448951721,88,,"0.791381,0.842852,1.667582,1.179836",,,0.556286,4.739199
1401,275333,500.0,428.41,,-0.005150180686323438,104.80615448951721,88,,"0.791381,0.842852,1.667582,1.179836",,,0.556286,4.739199
1402,275830,497.0,429.48,,-0.005150180686323438,104.80615448951721,88,,"0.791381,0.842852,1.667582,1.179836",,,0.556286,4.739199
1403,276319,489.0,429.37,,-0.005150180686323438,104.80615448951721,88,,"0.791381,0.842852,1.667582,1.179836",,,0.556286,4.739199
1404,276809,490.0,430.13,,-0.005150180686323438,104.8072714805603,88,,"0.791381,0.842852,1.667582,1.179836",,,0.556286,4.739199
1405,277309,500.0,432.34,,-0.005150180686323438,104.8072714805603,88,,"0.791381,0.842852,1.667582,1.179836",,,0.556286,4.739199
1406,277670,361.0,431.37,,-0.005150180686323438,104.8072714805603,88,,"0.791381,0.842852,1.667582,1.179836",,,0.556286,4.739199
1407,278170,500.0,432.52,,-0.005150180686323438,104.8072714805603,88,,"0.791381,0.842852,1.667582,1.179836",,,0.556286,4.739199
1408,278670,500.0,433.0,,-0.005025110695569311,107.05181908607483,89,,"0.789612,0.841927,1.667572,1.183361",,,0.549305,4.750761
1409,279073,403.0,432.99,,-0.005025110695569311,107.05181908607483,89,,"0.789612,0.841927,1.667572,1.183361",,,0.549305,4.750761
1410,279537,464.0,434.0,,-0.005025110695569311,107.05181908607483,89,,"0.789612,0.841927,1.667572,1.183361",,,0.549305,4.750761
1411,280014,477.0,434.3,,-0.005025110695569311,107.05281567573547,89,,"0.789612,0.841927,1.667572,1.183361",,,0.549305,4.750761
1412,280170,156.0,433.0,,-0.005025110695569311,107.05281567573547,89,,"0.789612,0.841927,1.667572,1.183361",,,0.549305,4.750761
1413,280670,500.0,433.0,,-0.005025110695569311,107.05281567573547,89,,"0.789612,0.841927,1.667572,1.183361",,,0.549305,4.750761
1414,281170,500.0,435.26,,-0.005025110695569311,107.05281567573547,89,,"0.789612,0.841927,1.667572,1.183361",,,0.549305,4.750761
1415,281670,500.0,437.32,,-0.005025110695569311,107.05281567573547,89,,"0.789612,0.841927,1.667572,1.183361",,,0.549305,4.750761
1416,282170,500.0,439.11,,-0.005025110695569311,107.05281567573547,89,,"0.789612,0.841927,1.667572,1.183361",,,0.549305,4.750761
1417,282479,309.0,437.2,,-0.005025110695569311,107.05281567573547,89,,"0.789612,0.841927,1.667572,1.183361",,,0.549305,4.750761
1418,282958,479.0,438.09,,-0.005025110695569311,107.05281567573547,89,,"0.789612,0.841927,1.667572,1.183361",,,0.549305,4.750761
1419,283446,488.0,437.97,,-0.005025110695569311,107.05281567573547,89,,"0.789612,0.841927,1.667572,1.183361",,,0.549305,4.750761
1420,283931,485.0,437.82,,-0.005025110695569311,107.05281567573547,89,,"0.789612,0.841927,1.667572,1.183361",,,0.549305,4.750761
1421,284285,354.0,438.22,,-0.005025110695569311,107.05281567573547,89,,"0.789612,0.841927,1.667572,1.183361",,,0.549305,4.750761
1422,284765,480.0,438.02,,-0.005025110695569311,107.05281567573547,89,,"0.789612,0.841927,1.667572,1.183361",,,0.549305,4.750761
1423,285265,500.0,438.02,,-0.005025110695569311,107.05281567573547,89,,"0.789612,0.841927,1.667572,1.183361",,,0.549305,4.750761
1424,285635,370.0,436.72,,-0.005122667694522533,109.25108528137207,90,,"0.788006,0.840138,1.667062,1.188503",,,0.551058,4.766509
1425,285965,330.0,435.8,,-0.005122667694522533,109.25108528137207,90,,"0.788006,0.840138,1.667062,1.188503",,,0.551058,4.766509
1426,286398,433.0,437.28,,-0.005122667694522533,109.25108528137207,90,,"0.788006,0.840138,1.667062,1.188503",,,0.551058,4.766509
1427,286898,500.0,438.47,,-0.005122667694522533,109.25108528137207,90,,"0.788006,0.840138,1.667062,1.188503",,,0.551058,4.766509
1428,287379,481.0,439.35,,-0.005122667694522533,109.25108528137207,90,,"0.788006,0.840138,1.667062,1.188503",,,0.551058,4.766509
1429,287763,384.0,439.0,,-0.005122667694522533,109.25108528137207,90,,"0.788006,0.840138,1.667062,1.188503",,,0.551058,4.766509
1430,288263,500.0,439.93,,-0.005122667694522533,109.25108528137207,90,,"0.788006,0.840138,1.667062,1.188503",,,0.551058,4.766509
1431,288763,500.0,442.78,,-0.005122667694522533,109.25108528137207,90,,"0.788006,0.840138,1.667062,1.188503",,,0.551058,4.766509
1432,289101,338.0,441.16,,-0.005122667694522533,109.25108528137207,90,,"0.788006,0.840138,1.667062,1.188503",,,0.551058,4.766509
1433,289601,500.0,441.16,,-0.005122667694522533,109.25108528137207,90,,"0.788006,0.840138,1.667062,1.188503",,,0.551058,4.766509
1434,290101,500.0,441.68,,-0.005122667694522533,109.25108528137207,90,,"0.788006,0.840138,1.667062,1.188503",,,0.551058,4.766509
1435,290558,457.0,441.25,,-0.005122667694522533,109.25108528137207,90,,"0.788006,0.840138,1.667062,1.188503",,,0.551058,4.766509
1436,291058,500.0,441.69,,-0.005122667694522533,109.25108528137207,90,,"0.788006,0.840138,1.667062,1.188503",,,0.551058,4.766509
1437,291325,267.0,439.36,,-0.005122667694522533,109.25108528137207,90,,"0.788006,0.840138,1.667062,1.188503",,,0.551058,4.766509
1438,291825,500.0,439.87,,-0.005122667694522533,109.25108528137207,90,,"0.788006,0.840138,1.667062,1.188503",,,0.551058,4.766509
1439,292262,437.0,441.52,,-0.005122667694522533,109.25108528137207,90,,"0.788006,0.840138,1.667062,1.188503",,,0.551058,4.766509
1440,292762,500.0,441.52,,-0.004583225309906993,111.4122633934021,91,,"0.785862,0.838713,1.666880,1.192562",,,0.541986,4.779876
1441,293262,500.0,441.52,,-0.004583225309906993,111.4122633934021,91,,"0.785862,0.838713,1.666880,1.192562",,,0.541986,4.779876
1442,293519,257.0,441.8,,-0.004583225309906993,111.4122633934021,91,,"0.785862,0.838713,1.666880,1.192562",,,0.541986,4.779876
1443,293583,64.0,437.44,,-0.004583225309906993,111.4122633934021,91,,"0.785862,0.838713,1.666880,1.192562",,,0.541986,4.779876
1444,293886,303.0,436.77,,-0.004583225309906993,111.4122633934021,91,,"0.785862,0.838713,1.666880,1.192562",,,0.541986,4.779876
1445,294386,500.0,436.77,,-0.004583225309906993,111.4122633934021,91,,"0.785862,0.838713,1.666880,1.192562",,,0.541986,4.779876
1446,294836,450.0,438.61,,-0.004583225309906993,111.4122633934021,91,,"0.785862,0.838713,1.666880,1.192562",,,0.541986,4.779876
1447,295336,500.0,441.27,,-0.004583225309906993,111.4122633934021,91,,"0.785862,0.838713,1.666880,1.192562",,,0.541986,4.779876
1448,295836,500.0,441.63,,-0.004583225309906993,111.4122633934021,91,,"0.785862,0.838713,1.666880,1.192562",,,0.541986,4.779876
1449,296223,387.0,441.19,,-0.004583225309906993,111.4122633934021,91,,"0.785862,0.838713,1.666880,1.192562",500.0,0.0,0.541986,4.779876
1450,296607,384.0,441.34,,-0.004583225309906993,111.41325545310974,91,,"0.785862,0.838713,1.666880,1.192562",,,0.541986,4.779876
1451,296820,213.0,440.49,,-0.004583225309906993,111.41325545310974,91,,"0.785862,0.838713,1.666880,1.192562",,,0.541986,4.779876
1452,297272,452.0,441.61,,-0.004583225309906993,111.41325545310974,91,,"0.785862,0.838713,1.666880,1.192562",,,0.541986,4.779876
1453,297585,313.0,440.23,,-0.004583225309906993,111.41325545310974,91,,"0.785862,0.838713,1.666880,1.192562",,,0.541986,4.779876
1454,298065,480.0,440.03,,-0.004583225309906993,111.41325545310974,91,,"0.785862,0.838713,1.666880,1.192562",,,0.541986,4.779876
1455,298462,397.0,439.0,,-0.004583225309906993,111.41325545310974,91,,"0.785862,0.838713,1.666880,1.192562",,,0.541986,4.779876
1456,298905,443.0,438.43,,-0.004370166797743877,113.515456199646,92,,"0.784337,0.837016,1.667124,1.196396",,,0.544826,4.793445
1457,299403,498.0,438.41,,-0.004370166797743877,113.515456199646,92,,"0.784337,0.837016,1.667124,1.196396",,,0.544826,4.793445
1458,299745,342.0,437.9,,-0.004370166797743877,113.515456199646,92,,"0.784337,0.837016,1.667124,1.196396",,,0.544826,4.793445
1459,300245,500.0,437.9,,-0.004370166797743877,113.515456199646,92,,"0.784337,0.837016,1.667124,1.196396",,,0.544826,4.793445
1460,300745,500.0,437.9,,-0.004370166797743877,113.515456199646,92,,"0.784337,0.837016,1.667124,1.196396",,,0.544826,4.793445
1461,301052,307.0,436.08,,-0.004370166797743877,113.515456199646,92,,"0.784337,0.837016,1.667124,1.196396",,,0.544826,4.793445
1462,301552,500.0,436.08,,-0.004370166797743877,113.515456199646,92,,"0.784337,0.837016,1.667124,1.196396",,,0.544826,4.793445
1463,302052,500.0,436.08,,-0.004370166797743877,113.515456199646,92,,"0.784337,0.837016,1.667124,1.196396",,,0.544826,4.793445
1464,302552,500.0,437.29,,-0.004370166797743877,113.515456199646,92,,"0.784337,0.837016,1.667124,1.196396",,,0.544826,4.793445
1465,303005,453.0,436.82,,-0.004370166797743877,113.515456199646,92,,"0.784337,0.837016,1.667124,1.196396",,,0.544826,4.793445
1466,303505,500.0,436.82,,-0.004370166797743877,113.515456199646,92,,"0.784337,0.837016,1.667124,1.196396",,,0.544826,4.793445
1467,304005,500.0,436.82,,-0.004370166797743877,113.51645851135254,92,,"0.784337,0.837016,1.667124,1.196396",,,0.544826,4.793445
1468,304324,319.0,436.81,,-0.004370166797743877,113.51645851135254,92,,"0.784337,0.837016,1.667124,1.196396",,,0.544826,4.793445
1469,304824,500.0,436.81,,-0.004370166797743877,113.51645851135254,92,,"0.784337,0.837016,1.667124,1.196396",,,0.544826,4.793445
1470,305278,454.0,436.35,,-0.004370166797743877,113.51645851135254,92,,"0.784337,0.837016,1.667124,1.196396",,,0.544826,4.793445
1471,305615,337.0,434.72,,-0.004370166797743877,113.51645851135254,92,,"0.784337,0.837016,1.667124,1.196396",,,0.544826,4.793445
1472,306115,500.0,434.73,,-0.0040663301000313365,115.58764672279358,93,,"0.781675,0.836458,1.667371,1.199599",,,0.541639,4.804058
1473,306498,383.0,434.13,,-0.0040663301000313365,115.58764672279358,93,,"0.781675,0.836458,1.667371,1.199599",,,0.541639,4.804058
1474,306998,500.0,436.03,,-0.0040663301000313365,115.58764672279358,93,,"0.781675,0.836458,1.667371,1.199599",,,0.541639,4.804058
1475,307438,440.0,435.43,,-0.0040663301000313365,115.58764672279358,93,,"0.781675,0.836458,1.667371,1.199599",,,0.541639,4.804058
1476,307730,292.0,434.47,,-0.0040663301000313365,115.58764672279358,93,,"0.781675,0.836458,1.667371,1.199599",,,0.541639,4.804058
1477,308042,312.0,433.84,,-0.0040663301000313365,115.58764672279358,93,,"0.781675,0.836458,1.667371,1.199599",,,0.541639,4.804058
1478,308303,261.0,431.71,,-0.0040663301000313365,115.58764672279358,93,,"0.781675,0.836458,1.667371,1.199599",,,0.541639,4.804058
1479,308803,500.0,432.84,,-0.0040663301000313365,115.58764672279358,93,,"0.781675,0.836458,1.667371,1.199599",,,0.541639,4.804058
1480,309303,500.0,432.84,,-0.0040663301000313365,115.58764672279358,93,,"0.781675,0.836458,1.667371,1.199599",,,0.541639,4.804058
1481,309640,337.0,432.03,,-0.0040663301000313365,115.58764672279358,93,,"0.781675,0.836458,1.667371,1.199599",,,0.541639,4.804058
1482,310140,500.0,433.31,,-0.0040663301000313365,115.58764672279358,93,,"0.781675,0.836458,1.667371,1.199599",,,0.541639,4.804058
1483,310640,500.0,433.76,,-0.0040663301000313365,115.58764672279358,93,,"0.781675,0.836458,1.667371,1.199599",,,0.541639,4.804058
1484,311044,404.0,432.8,,-0.0040663301000313365,115.58764672279358,93,,"0.781675,0.836458,1.667371,1.199599",,,0.541639,4.804058
1485,311354,310.0,431.35,,-0.0040663301000313365,115.58764672279358,93,,"0.781675,0.836458,1.667371,1.199599",,,0.541639,4.804058
1486,311845,491.0,431.26,,-0.0040663301000313365,115.58764672279358,93,,"0.781675,0.836458,1.667371,1.199599",,,0.541639,4.804058
1487,312086,241.0,428.67,,-0.0040663301000313365,115.58764672279358,93,,"0.781675,0.836458,1.667371,1.199599",,,0.541639,4.804058
1488,312586,500.0,429.96,,-0.0038309023190231527,117.64149475097656,94,,"0.778868,0.836585,1.667528,1.202642",,,0.538645,4.813732
1489,313086,500.0,429.96,,-0.0038309023190231527,117.64149475097656,94,,"0.778868,0.836585,1.667528,1.202642",,,0.538645,4.813732
1490,313494,408.0,430.05,,-0.0038309023190231527,117.64149475097656,94,,"0.778868,0.836585,1.667528,1.202642",,,0.538645,4.813732
1491,313981,487.0,429.92,,-0.0038309023190231527,117.64252352714539,94,,"0.778868,0.836585,1.667528,1.202642",,,0.538645,4.813732
1492,314481,500.0,430.07,,-0.0038309023190231527,117.64252352714539,94,,"0.778868,0.836585,1.667528,1.202642",,,0.538645,4.813732
1493,314729,248.0,427.55,,-0.0038309023190231527,117.64252352714539,94,,"0.778868,0.836585,1.667528,1.202642",,,0.538645,4.813732
1494,315067,338.0,429.36,,-0.0038309023190231527,117.64252352714539,94,,"0.778868,0.836585,1.667528,1.202642",,,0.538645,4.813732
1495,315494,427.0,428.63,,-0.0038309023190231527,117.64252352714539,94,,"0.778868,0.836585,1.667528,1.202642",,,0.538645,4.813732
1496,315994,500.0,429.92,,-0.0038309023190231527,117.64252352714539,94,,"0.778868,0.836585,1.667528,1.202642",,,0.538645,4.813732
1497,316485,491.0,429.83,,-0.0038309023190231527,117.64252352714539,94,,"0.778868,0.836585,1.667528,1.202642",,,0.538645,4.813732
1498,316943,458.0,431.1,,-0.0038309023190231527,117.64252352714539,94,,"0.778868,0.836585,1.667528,1.202642",,,0.538645,4.813732
1499,317321,378.0,429.88,,-0.0038309023190231527,117.64252352714539,94,,"0.778868,0.836585,1.667528,1.202642",500.0,0.0,0.538645,4.813732
1500,317821,500.0,429.88,,-0.0038309023190231527,117.64252352714539,94,,"0.778868,0.836585,1.667528,1.202642",,,0.538645,4.813732
1501,318218,397.0,428.85,,-0.0038309023190231527,117.64252352714539,94,,"0.778868,0.836585,1.667528,1.202642",,,0.538645,4.813732
1502,318638,420.0,428.08,,-0.0038309023190231527,117.64252352714539,94,,"0.778868,0.836585,1.667528,1.202642",,,0.538645,4.813732
1503,319138,500.0,428.19,,-0.0038309023190231527,117.64252352714539,94,,"0.778868,0.836585,1.667528,1.202642",,,0.538645,4.813732
1504,319638,500.0,428.29,,-0.0032535381834895814,119.7007987499237,95,,"0.775248,0.837611,1.667980,1.205070",,,0.536969,4.821869
1505,320084,446.0,427.75,,-0.0032535381834895814,119.7007987499237,95,,"0.775248,0.837611,1.667980,1.205070",,,0.536969,4.821869
1506,320403,319.0,427.33,,-0.0032535381834895814,119.7007987499237,95,,"0.775248,0.837611,1.667980,1.205070",,,0.536969,4.821869
1507,320903,500.0,427.33,,-0.0032535381834895814,119.7018027305603,95,,"0.775248,0.837611,1.667980,1.205070",,,0.536969,4.821869
1508,321257,354.0,425.87,,-0.0032535381834895814,119.7018027305603,95,,"0.775248,0.837611,1.667980,1.205070",,,0.536969,4.821869
1509,321757,500.0,426.84,,-0.0032535381834895814,119.7018027305603,95,,"0.775248,0.837611,1.667980,1.205070",,,0.536969,4.821869
1510,322073,316.0,425.36,,-0.0032535381834895814,119.7018027305603,95,,"0.775248,0.837611,1.667980,1.205070",,,0.536969,4.821869
1511,322528,455.0,425.14,,-0.0032535381834895814,119.7018027305603,95,,"0.775248,0.837611,1.667980,1.205070",,,0.536969,4.821869
1512,323028,500.0,428.58,,-0.0032535381834895814,119.7018027305603,95,,"0.775248,0.837611,1.667980,1.205070",,,0.536969,4.821869
1513,323528,500.0,428.58,,-0.0032535381834895814,119.7018027305603,95,,"0.775248,0.837611,1.667980,1.205070",,,0.536969,4.821869
1514,323916,388.0,427.46,,-0.0032535381834895814,119.7018027305603,95,,"0.775248,0.837611,1.667980,1.205070",,,0.536969,4.821869
1515,324192,276.0,425.22,,-0.0032535381834895814,119.7018027305603,95,,"0.775248,0.837611,1.667980,1.205070",,,0.536969,4.821869
1516,324559,367.0,423.89,,-0.0032535381834895814,119.7018027305603,95,,"0.775248,0.837611,1.667980,1.205070",,,0.536969,4.821869
1517,324980,421.0,425.01,,-0.0032535381834895814,119.7018027305603,95,,"0.775248,0.837611,1.667980,1.205070",,,0.536969,4.821869
1518,325365,385.0,424.07,,-0.0032535381834895814,119.7018027305603,95,,"0.775248,0.837611,1.667980,1.205070",,,0.536969,4.821869
1519,325865,500.0,424.19,,-0.0032535381834895814,119.7018027305603,95,,"0.775248,0.837611,1.667980,1.205070",,,0.536969,4.821869
1520,326250,385.0,423.19,,-0.00276994894593372,121.74217414855957,96,,"0.771842,0.839074,1.668554,1.206529",,,0.543170,4.827228
1521,326664,414.0,423.79,,-0.00276994894593372,121.74217414855957,96,,"0.771842,0.839074,1.668554,1.206529",,,0.543170,4.827228
1522,327045,381.0,422.8,,-0.00276994894593372,121.74217414855957,96,,"0.771842,0.839074,1.668554,1.206529",,,0.543170,4.827228
1523,327545,500.0,422.8,,-0.00276994894593372,121.74217414855957,96,,"0.771842,0.839074,1.668554,1.206529",,,0.543170,4.827228
1524,327947,402.0,423.12,,-0.00276994894593372,121.74217414855957,96,,"0.771842,0.839074,1.668554,1.206529",,,0.543170,4.827228
1525,328447,500.0,424.82,,-0.00276994894593372,121.74217414855957,96,,"0.771842,0.839074,1.668554,1.206529",,,0.543170,4.827228
1526,328947,500.0,425.49,,-0.00276994894593372,121.74217414855957,96,,"0.771842,0.839074,1.668554,1.206529",,,0.543170,4.827228
1527,329447,500.0,425.49,,-0.00276994894593372,121.74217414855957,96,,"0.771842,0.839074,1.668554,1.206529",,,0.543170,4.827228
1528,329947,500.0,425.68,,-0.00276994894593372,121.74315738677979,96,,"0.771842,0.839074,1.668554,1.206529",,,0.543170,4.827228
1529,330321,374.0,425.58,,-0.00276994894593372,121.74315738677979,96,,"0.771842,0.839074,1.668554,1.206529",,,0.543170,4.827228
1530,330758,437.0,424.95,,-0.00276994894593372,121.74315738677979,96,,"0.771842,0.839074,1.668554,1.206529",,,0.543170,4.827228
1531,331249,491.0,424.86,,-0.00276994894593372,121.74315738677979,96,,"0.771842,0.839074,1.668554,1.206529",,,0.543170,4.827228
1532,331749,500.0,426.48,,-0.00276994894593372,121.74315738677979,96,,"0.771842,0.839074,1.668554,1.206529",,,0.543170,4.827228
1533,332249,500.0,426.48,,-0.00276994894593372,121.74315738677979,96,,"0.771842,0.839074,1.668554,1.206529",,,0.543170,4.827228
1534,332749,500.0,426.48,,-0.00276994894593372,121.74315738677979,96,,"0.771842,0.839074,1.668554,1.206529",,,0.543170,4.827228
1535,333249,500.0,426.91,,-0.00276994894593372,121.74315738677979,96,,"0.771842,0.839074,1.668554,1.206529",,,0.543170,4.827228
1536,333631,382.0,425.73,,-0.0024961940046341626,123.78106307983398,97,,"0.768501,0.840084,1.669509,1.207483",,,0.539022,4.833000
1537,334012,381.0,426.87,,-0.0024961940046341626,123.78106307983398,97,,"0.768501,0.840084,1.669509,1.207483",,,0.539022,4.833000
1538,334512,500.0,426.87,,-0.0024961940046341626,123.78106307983398,97,,"0.768501,0.840084,1.669509,1.207483",,,0.539022,4.833000
1539,334867,355.0,426.05,,-0.0024961940046341626,123.78106307983398,97,,"0.768501,0.840084,1.669509,1.207483",,,0.539022,4.833000
1540,335367,500.0,426.05,,-0.0024961940046341626,123.78106307983398,97,,"0.768501,0.840084,1.669509,1.207483",,,0.539022,4.833000
1541,335816,449.0,425.54,,-0.0024961940046341626,123.78106307983398,97,,"0.768501,0.840084,1.669509,1.207483",,,0.539022,4.833000
1542,336148,332.0,426.29,,-0.0024961940046341626,123.78106307983398,97,,"0.768501,0.840084,1.669509,1.207483",,,0.539022,4.833000
1543,336648,500.0,430.65,,-0.0024961940046341626,123.78106307983398,97,,"0.768501,0.840084,1.669509,1.207483",,,0.539022,4.833000
1544,337148,500.0,432.62,,-0.0024961940046341626,123.78106307983398,97,,"0.768501,0.840084,1.669509,1.207483",,,0.539022,4.833000
1545,337648,500.0,432.62,,-0.0024961940046341626,123.78106307983398,97,,"0.768501,0.840084,1.669509,1.207483",,,0.539022,4.833000
1546,338148,500.0,433.12,,-0.0024961940046341626,123.78206443786621,97,,"0.768501,0.840084,1.669509,1.207483",,,0.539022,4.833000
1547,338648,500.0,433.12,,-0.0024961940046341626,123.78206443786621,97,,"0.768501,0.840084,1.669509,1.207483",,,0.539022,4.833000
1548,339058,410.0,432.22,,-0.0024961940046341626,123.78206443786621,97,,"0.768501,0.840084,1.669509,1.207483",,,0.539022,4.833000
1549,339558,500.0,433.35,,-0.0024961940046341626,123.78206443786621,97,,"0.768501,0.840084,1.669509,1.207483",500.0,0.0,0.539022,4.833000
1550,340058,500.0,434.51,,-0.0024961940046341626,123.78206443786621,97,,"0.768501,0.840084,1.669509,1.207483",,,0.539022,4.833000
1551,340278,220.0,434.58,,-0.0024961940046341626,123.78206443786621,97,,"0.768501,0.840084,1.669509,1.207483",,,0.539022,4.833000
1552,340778,500.0,435.06,,-0.002456849202135345,125.93484783172607,98,,"0.764399,0.841282,1.670696,1.209181",,,0.545864,4.841414
1553,341278,500.0,436.93,,-0.002456849202135345,125.93484783172607,98,,"0.764399,0.841282,1.670696,1.209181",,,0.545864,4.841414
1554,341778,500.0,437.13,,-0.002456849202135345,125.93484783172607,98,,"0.764399,0.841282,1.670696,1.209181",,,0.545864,4.841414
1555,342278,500.0,438.16,,-0.002456849202135345,125.93484783172607,98,,"0.764399,0.841282,1.670696,1.209181",,,0.545864,4.841414
1556,342761,483.0,438.56,,-0.002456849202135345,125.93484783172607,98,,"0.764399,0.841282,1.670696,1.209181",,,0.545864,4.841414
1557,343153,392.0,437.5,,-0.002456849202135345,125.93484783172607,98,,"0.764399,0.841282,1.670696,1.209181",,,0.545864,4.841414
1558,343546,393.0,438.01,,-0.002456849202135345,125.93484783172607,98,,"0.764399,0.841282,1.670696,1.209181",,,0.545864,4.841414
1559,344046,500.0,438.01,,-0.002456849202135345,125.93484783172607,98,,"0.764399,0.841282,1.670696,1.209181",,,0.545864,4.841414
1560,344546,500.0,438.01,,-0.002456849202135345,125.93484783172607,98,,"0.764399,0.841282,1.670696,1.209181",,,0.545864,4.841414
1561,344855,309.0,438.03,,-0.002456849202135345,125.93484783172607,98,,"0.764399,0.841282,1.670696,1.209181",,,0.545864,4.841414
1562,345355,500.0,438.03,,-0.002456849202135345,125.93484783172607,98,,"0.764399,0.841282,1.670696,1.209181",,,0.545864,4.841414
1563,345855,500.0,438.03,,-0.002456849202135345,125.93484783172607,98,,"0.764399,0.841282,1.670696,1.209181",,,0.545864,4.841414
1564,346292,437.0,437.4,,-0.002456849202135345,125.9358479976654,98,,"0.764399,0.841282,1.670696,1.209181",,,0.545864,4.841414
1565,346792,500.0,437.87,,-0.002456849202135345,125.9358479976654,98,,"0.764399,0.841282,1.670696,1.209181",,,0.545864,4.841414
1566,347292,500.0,437.87,,-0.002456849202135345,125.9358479976654,98,,"0.764399,0.841282,1.670696,1.209181",,,0.545864,4.841414
1567,347736,444.0,437.31,,-0.002456849202135345,125.9358479976654,98,,"0.764399,0.841282,1.670696,1.209181",,,0.545864,4.841414
1568,348236,500.0,439.12,,-0.0025443663109035695,128.1632719039917,99,,"0.759714,0.841245,1.671859,1.213210",,,0.545337,4.856619
1569,348610,374.0,437.86,,-0.0025443663109035695,128.1632719039917,99,,"0.759714,0.841245,1.671859,1.213210",,,0.545337,4.856619
1570,349110,500.0,438.32,,-0.0025443663109035695,128.1632719039917,99,,"0.759714,0.841245,1.671859,1.213210",,,0.545337,4.856619
1571,349610,500.0,439.95,,-0.0025443663109035695,128.1632719039917,99,,"0.759714,0.841245,1.671859,1.213210",,,0.545337,4.856619
1572,350110,500.0,439.95,,-0.0025443663109035695,128.1632719039917,99,,"0.759714,0.841245,1.671859,1.213210",,,0.545337,4.856619
1573,350456,346.0,439.58,,-0.0025443663109035695,128.1632719039917,99,,"0.759714,0.841245,1.671859,1.213210",,,0.545337,4.856619
1574,350866,410.0,438.68,,-0.0025443663109035695,128.16427087783813,99,,"0.759714,0.841245,1.671859,1.213210",,,0.545337,4.856619
1575,351366,500.0,439.28,,-0.0025443663109035695,128.16427087783813,99,,"0.759714,0.841245,1.671859,1.213210",,,0.545337,4.856619
1576,351866,500.0,441.36,,-0.0025443663109035695,128.16427087783813,99,,"0.759714,0.841245,1.671859,1.213210",,,0.545337,4.856619
1577,352366,500.0,443.24,,-0.0025443663109035695,128.16427087783813,99,,"0.759714,0.841245,1.671859,1.213210",,,0.545337,4.856619
1578,352866,500.0,445.63,,-0.0025443663109035695,128.16427087783813,99,,"0.759714,0.841245,1.671859,1.213210",,,0.545337,4.856619
1579,353366,500.0,445.63,,-0.0025443663109035695,128.16427087783813,99,,"0.759714,0.841245,1.671859,1.213210",,,0.545337,4.856619
1580,353792,426.0,444.89,,-0.0025443663109035695,128.16427087783813,99,,"0.759714,0.841245,1.671859,1.213210",,,0.545337,4.856619
1581,354276,484.0,446.36,,-0.0025443663109035695,128.16427087783813,99,,"0.759714,0.841245,1.671859,1.213210",,,0.545337,4.856619
1582,354776,500.0,446.36,,-0.0025443663109035695,128.16427087783813,99,,"0.759714,0.841245,1.671859,1.213210",,,0.545337,4.856619
1583,355263,487.0,446.23,,-0.0025443663109035695,128.16427087783813,99,,"0.759714,0.841245,1.671859,1.213210",,,0.545337,4.856619
1584,355763,500.0,447.19,,-0.0025873118858726228,130.24174690246582,100,,"0.755037,0.841307,1.672623,1.217517",,,0.545259,4.871350
1585,356263,500.0,449.09,,-0.0025873118858726228,130.24174690246582,100,,"0.755037,0.841307,1.672623,1.217517",,,0.545259,4.871350
1586,356763,500.0,449.18,,-0.0025873118858726228,130.24174690246582,100,,"0.755037,0.841307,1.672623,1.217517",,,0.545259,4.871350
1587,357263,500.0,451.77,,-0.0025873118858726228,130.24174690246582,100,,"0.755037,0.841307,1.672623,1.217517",,,0.545259,4.871350
1588,357763,500.0,451.77,,-0.0025873118858726228,130.24174690246582,100,,"0.755037,0.841307,1.672623,1.217517",,,0.545259,4.871350
1589,358263,500.0,451.77,,-0.0025873118858726228,130.24174690246582,100,,"0.755037,0.841307,1.672623,1.217517",,,0.545259,4.871350
1590,358763,500.0,452.69,,-0.0025873118858726228,130.24174690246582,100,,"0.755037,0.841307,1.672623,1.217517",,,0.545259,4.871350
1591,359263,500.0,452.82,,-0.0025873118858726228,130.24174690246582,100,,"0.755037,0.841307,1.672623,1.217517",,,0.545259,4.871350
1592,359763,500.0,452.82,,-0.0025873118858726228,130.24276399612427,100,,"0.755037,0.841307,1.672623,1.217517",,,0.545259,4.871350
1593,360263,500.0,455.34,,-0.0025873118858726228,130.24276399612427,100,,"0.755037,0.841307,1.672623,1.217517",,,0.545259,4.871350
1594,360763,500.0,456.96,,-0.0025873118858726228,130.24276399612427,100,,"0.755037,0.841307,1.672623,1.217517",,,0.545259,4.871350
1595,361263,500.0,457.69,,-0.0025873118858726228,130.24276399612427,100,,"0.755037,0.841307,1.672623,1.217517",,,0.545259,4.871350
1596,361763,500.0,457.69,,-0.0025873118858726228,130.24276399612427,100,,"0.755037,0.841307,1.672623,1.217517",,,0.545259,4.871350
1597,362263,500.0,457.78,,-0.0025873118858726228,130.24276399612427,100,,"0.755037,0.841307,1.672623,1.217517",,,0.545259,4.871350
1598,362652,389.0,457.09,,-0.0025873118858726228,130.24276399612427,100,,"0.755037,0.841307,1.672623,1.217517",,,0.545259,4.871350
1599,363152,500.0,458.31,,-0.0025873118858726228,130.24276399612427,100,,"0.755037,0.841307,1.672623,1.217517",500.0,0.0,0.545259,4.871350
1600,363652,500.0,458.31,,-0.002712906849192223,132.2934582233429,101,,"0.750897,0.841372,1.673577,1.221704",,,0.544403,4.886695
1601,364152,500.0,459.34,,-0.002712906849192223,132.2934582233429,101,,"0.750897,0.841372,1.673577,1.221704",,,0.544403,4.886695
1602,364535,383.0,458.97,,-0.002712906849192223,132.2934582233429,101,,"0.750897,0.841372,1.673577,1.221704",,,0.544403,4.886695
1603,364882,347.0,457.44,,-0.002712906849192223,132.2934582233429,101,,"0.750897,0.841372,1.673577,1.221704",,,0.544403,4.886695
1604,365131,249.0,454.93,,-0.002712906849192223,132.2934582233429,101,,"0.750897,0.841372,1.673577,1.221704",,,0.544403,4.886695
1605,365399,268.0,453.15,,-0.002712906849192223,132.2934582233429,101,,"0.750897,0.841372,1.673577,1.221704",,,0.544403,4.886695
1606,365800,401.0,453.97,,-0.002712906849192223,132.2934582233429,101,,"0.750897,0.841372,1.673577,1.221704",,,0.544403,4.886695
1607,366300,500.0,453.97,,-0.002712906849192223,132.2944746017456,101,,"0.750897,0.841372,1.673577,1.221704",,,0.544403,4.886695
1608,366800,500.0,455.43,,-0.002712906849192223,132.2944746017456,101,,"0.750897,0.841372,1.673577,1.221704",,,0.544403,4.886695
1609,367145,345.0,453.88,,-0.002712906849192223,132.2944746017456,101,,"0.750897,0.841372,1.673577,1.221704",,,0.544403,4.886695
1610,367645,500.0,455.72,,-0.002712906849192223,132.2944746017456,101,,"0.750897,0.841372,1.673577,1.221704",,,0.544403,4.886695
1611,368145,500.0,456.17,,-0.002712906849192223,132.2944746017456,101,,"0.750897,0.841372,1.673577,1.221704",,,0.544403,4.886695
1612,368645,500.0,456.17,,-0.002712906849192223,132.2944746017456,101,,"0.750897,0.841372,1.673577,1.221704",,,0.544403,4.886695
1613,369145,500.0,456.17,,-0.002712906849192223,132.2944746017456,101,,"0.750897,0.841372,1.673577,1.221704",,,0.544403,4.886695
1614,369645,500.0,457.29,,-0.002712906849192223,132.2944746017456,101,,"0.750897,0.841372,1.673577,1.221704",,,0.544403,4.886695
1615,370116,471.0,459.24,,-0.002712906849192223,132.2944746017456,101,,"0.750897,0.841372,1.673577,1.221704",,,0.544403,4.886695
1616,370616,500.0,460.57,,-0.002836963388690492,134.33735847473145,102,,"0.746970,0.841507,1.674475,1.225670",,,0.545370,4.901517
1617,371116,500.0,461.36,,-0.002836963388690492,134.33735847473145,102,,"0.746970,0.841507,1.674475,1.225670",,,0.545370,4.901517
1618,371616,500.0,462.51,,-0.002836963388690492,134.33735847473145,102,,"0.746970,0.841507,1.674475,1.225670",,,0.545370,4.901517
1619,371891,275.0,460.26,,-0.002836963388690492,134.33735847473145,102,,"0.746970,0.841507,1.674475,1.225670",,,0.545370,4.901517
1620,372391,500.0,461.41,,-0.002836963388690492,134.33735847473145,102,,"0.746970,0.841507,1.674475,1.225670",,,0.545370,4.901517
1621,372849,458.0,461.85,,-0.002836963388690492,134.33735847473145,102,,"0.746970,0.841507,1.674475,1.225670",,,0.545370,4.901517
1622,373216,367.0,461.71,,-0.002836963388690492,134.33735847473145,102,,"0.746970,0.841507,1.674475,1.225670",,,0.545370,4.901517
1623,373680,464.0,461.35,,-0.002836963388690492,134.33735847473145,102,,"0.746970,0.841507,1.674475,1.225670",,,0.545370,4.901517
1624,374180,500.0,462.33,,-0.002836963388690492,134.33735847473145,102,,"0.746970,0.841507,1.674475,1.225670",,,0.545370,4.901517
1625,374680,500.0,462.33,,-0.002836963388690492,134.33735847473145,102,,"0.746970,0.841507,1.674475,1.225670",,,0.545370,4.901517
1626,374924,244.0,459.77,,-0.002836963388690492,134.33735847473145,102,,"0.746970,0.841507,1.674475,1.225670",,,0.545370,4.901517
1627,375180,256.0,457.33,,-0.002836963388690492,134.33735847473145,102,,"0.746970,0.841507,1.674475,1.225670",,,0.545370,4.901517
1628,375502,322.0,455.55,,-0.002836963388690492,134.33735847473145,102,,"0.746970,0.841507,1.674475,1.225670",,,0.545370,4.901517
1629,376002,500.0,456.81,,-0.002836963388690492,134.33735847473145,102,,"0.746970,0.841507,1.674475,1.225670",,,0.545370,4.901517
1630,376462,460.0,457.04,,-0.002836963388690492,134.33735847473145,102,,"0.746970,0.841507,1.674475,1.225670",,,0.545370,4.901517
1631,376962,500.0,457.13,,-0.002836963388690492,134.33735847473145,102,,"0.746970,0.841507,1.674475,1.225670",,,0.545370,4.901517
1632,377462,500.0,457.13,,-0.0027473703153373208,136.39834094047546,103,,"0.744178,0.842197,1.675530,1.228111",,,0.544017,4.912612
1633,377962,500.0,457.13,,-0.0027473703153373208,136.39934372901917,103,,"0.744178,0.842197,1.675530,1.228111",,,0.544017,4.912612
1634,378462,500.0,457.13,,-0.0027473703153373208,136.39934372901917,103,,"0.744178,0.842197,1.675530,1.228111",,,0.544017,4.912612
1635,378962,500.0,457.13,,-0.0027473703153373208,136.39934372901917,103,,"0.744178,0.842197,1.675530,1.228111",,,0.544017,4.912612
1636,379409,447.0,457.78,,-0.0027473703153373208,136.39934372901917,103,,"0.744178,0.842197,1.675530,1.228111",,,0.544017,4.912612
1637,379909,500.0,458.97,,-0.0027473703153373208,136.39934372901917,103,,"0.744178,0.842197,1.675530,1.228111",,,0.544017,4.912612
1638,380259,350.0,457.47,,-0.0027473703153373208,136.39934372901917,103,,"0.744178,0.842197,1.675530,1.228111",,,0.544017,4.912612
1639,380759,500.0,458.92,,-0.0027473703153373208,136.39934372901917,103,,"0.744178,0.842197,1.675530,1.228111",,,0.544017,4.912612
1640,381128,369.0,457.61,,-0.0027473703153373208,136.39934372901917,103,,"0.744178,0.842197,1.675530,1.228111",,,0.544017,4.912612
1641,381562,434.0,457.46,,-0.0027473703153373208,136.39934372901917,103,,"0.744178,0.842197,1.675530,1.228111",,,0.544017,4.912612
1642,381911,349.0,457.63,,-0.0027473703153373208,136.39934372901917,103,,"0.744178,0.842197,1.675530,1.228111",,,0.544017,4.912612
1643,382411,500.0,457.63,,-0.0027473703153373208,136.39934372901917,103,,"0.744178,0.842197,1.675530,1.228111",,,0.544017,4.912612
1644,382767,356.0,456.19,,-0.0027473703153373208,136.39934372901917,103,,"0.744178,0.842197,1.675530,1.228111",,,0.544017,4.912612
1645,383267,500.0,456.19,,-0.0027473703153373208,136.39934372901917,103,,"0.744178,0.842197,1.675530,1.228111",,,0.544017,4.912612
1646,383767,500.0,456.19,,-0.0027473703153373208,136.39934372901917,103,,"0.744178,0.842197,1.675530,1.228111",,,0.544017,4.912612
1647,384053,286.0,454.05,,-0.0027473703153373208,136.39934372901917,103,,"0.744178,0.842197,1.675530,1.228111",,,0.544017,4.912612
1648,384553,500.0,454.95,,-0.002587109663145384,138.440904378891,104,,"0.741440,0.842986,1.677142,1.229365",,,0.538956,4.921913
1649,384787,234.0,452.29,,-0.002587109663145384,138.440904378891,104,,"0.741440,0.842986,1.677142,1.229365",500.0,0.0,0.538956,4.921913
1650,385287,500.0,452.29,,-0.002587109663145384,138.440904378891,104,,"0.741440,0.842986,1.677142,1.229365",,,0.538956,4.921913
1651,385787,500.0,455.09,,-0.002587109663145384,138.440904378891,104,,"0.741440,0.842986,1.677142,1.229365",,,0.538956,4.921913
1652,386287,500.0,455.09,,-0.002587109663145384,138.440904378891,104,,"0.741440,0.842986,1.677142,1.229365",,,0.538956,4.921913
1653,386787,500.0,455.09,,-0.002587109663145384,138.440904378891,104,,"0.741440,0.842986,1.677142,1.229365",,,0.538956,4.921913
1654,387287,500.0,455.09,,-0.002587109663145384,138.440904378891,104,,"0.741440,0.842986,1.677142,1.229365",,,0.538956,4.921913
1655,387787,500.0,455.09,,-0.002587109663145384,138.440904378891,104,,"0.741440,0.842986,1.677142,1.229365",,,0.538956,4.921913
1656,388259,472.0,454.98,,-0.002587109663145384,138.440904378891,104,,"0.741440,0.842986,1.677142,1.229365",,,0.538956,4.921913
1657,388759,500.0,456.06,,-0.002587109663145384,138.440904378891,104,,"0.741440,0.842986,1.677142,1.229365",,,0.538956,4.921913
1658,389259,500.0,457.13,,-0.002587109663145384,138.440904378891,104,,"0.741440,0.842986,1.677142,1.229365",,,0.538956,4.921913
1659,389759,500.0,457.13,,-0.002587109663145384,138.440904378891,104,,"0.741440,0.842986,1.677142,1.229365",,,0.538956,4.921913
1660,390259,500.0,457.13,,-0.002587109663145384,138.440904378891,104,,"0.741440,0.842986,1.677142,1.229365",,,0.538956,4.921913
1661,390759,500.0,459.04,,-0.002587109663145384,138.440904378891,104,,"0.741440,0.842986,1.677142,1.229365",,,0.538956,4.921913
1662,391259,500.0,459.04,,-0.002587109663145384,138.440904378891,104,,"0.741440,0.842986,1.677142,1.229365",,,0.538956,4.921913
1663,391759,500.0,459.04,,-0.002587109663145384,138.440904378891,104,,"0.741440,0.842986,1.677142,1.229365",,,0.538956,4.921913
1664,392259,500.0,459.67,,-0.0025659227823780382,140.6769335269928,105,,"0.739634,0.843495,1.678437,1.230835",,,0.543615,4.930325
1665,392759,500.0,459.67,,-0.0025659227823780382,140.6769335269928,105,,"0.739634,0.843495,1.678437,1.230835",,,0.543615,4.930325
1666,393226,467.0,459.34,,-0.0025659227823780382,140.6769335269928,105,,"0.739634,0.843495,1.678437,1.230835",,,0.543615,4.930325
1667,393601,375.0,458.65,,-0.0025659227823780382,140.6769335269928,105,,"0.739634,0.843495,1.678437,1.230835",,,0.543615,4.930325
1668,394101,500.0,458.65,,-0.0025659227823780382,140.6769335269928,105,,"0.739634,0.843495,1.678437,1.230835",,,0.543615,4.930325
1669,394601,500.0,459.91,,-0.0025659227823780382,140.6769335269928,105,,"0.739634,0.843495,1.678437,1.230835",,,0.543615,4.930325
1670,394988,387.0,458.78,,-0.0025659227823780382,140.6769335269928,105,,"0.739634,0.843495,1.678437,1.230835",,,0.543615,4.930325
1671,395488,500.0,458.78,,-0.0025659227823780382,140.6769335269928,105,,"0.739634,0.843495,1.678437,1.230835",,,0.543615,4.930325
1672,395908,420.0,457.98,,-0.0025659227823780382,140.6769335269928,105,,"0.739634,0.843495,1.678437,1.230835",,,0.543615,4.930325
1673,396408,500.0,459.52,,-0.0025659227823780382,140.6769335269928,105,,"0.739634,0.843495,1.678437,1.230835",,,0.543615,4.930325
1674,396908,500.0,460.42,,-0.0025659227823780382,140.6769335269928,105,,"0.739634,0.843495,1.678437,1.230835",,,0.543615,4.930325
1675,397408,500.0,460.42,,-0.0025659227823780382,140.6769335269928,105,,"0.739634,0.843495,1.678437,1.230835",,,0.543615,4.930325
1676,397908,500.0,460.42,,-0.0025659227823780382,140.6769335269928,105,,"0.739634,0.843495,1.678437,1.230835",,,0.543615,4.930325
1677,398408,500.0,460.42,,-0.0025659227823780382,140.6769335269928,105,,"0.739634,0.843495,1.678437,1.230835",,,0.543615,4.930325
1678,398908,500.0,460.42,,-0.0025659227823780382,140.6769335269928,105,,"0.739634,0.843495,1.678437,1.230835",,,0.543615,4.930325
1679,399408,500.0,460.42,,-0.0025659227823780382,140.6769335269928,105,,"0.739634,0.843495,1.678437,1.230835",,,0.543615,4.930325
1680,399908,500.0,461.16,,-0.0024675283102260437,142.83162212371826,106,,"0.736210,0.845018,1.680555,1.232092",,,0.534722,4.939876
1681,400408,500.0,461.32,,-0.0024675283102260437,142.83162212371826,106,,"0.736210,0.845018,1.680555,1.232092",,,0.534722,4.939876
1682,400908,500.0,461.32,,-0.0024675283102260437,142.83162212371826,106,,"0.736210,0.845018,1.680555,1.232092",,,0.534722,4.939876
1683,401408,500.0,461.45,,-0.0024675283102260437,142.83162212371826,106,,"0.736210,0.845018,1.680555,1.232092",,,0.534722,4.939876
1684,401908,500.0,461.45,,-0.0024675283102260437,142.83162212371826,106,,"0.736210,0.845018,1.680555,1.232092",,,0.534722,4.939876
1685,402408,500.0,461.45,,-0.0024675283102260437,142.83162212371826,106,,"0.736210,0.845018,1.680555,1.232092",,,0.534722,4.939876
1686,402818,410.0,460.55,,-0.0024675283102260437,142.83162212371826,106,,"0.736210,0.845018,1.680555,1.232092",,,0.534722,4.939876
1687,403318,500.0,460.55,,-0.0024675283102260437,142.83162212371826,106,,"0.736210,0.845018,1.680555,1.232092",,,0.534722,4.939876
1688,403818,500.0,460.55,,-0.0024675283102260437,142.83162212371826,106,,"0.736210,0.845018,1.680555,1.232092",,,0.534722,4.939876
1689,404318,500.0,460.55,,-0.0024675283102260437,142.83162212371826,106,,"0.736210,0.845018,1.680555,1.232092",,,0.534722,4.939876
1690,404818,500.0,460.55,,-0.0024675283102260437,142.83162212371826,106,,"0.736210,0.845018,1.680555,1.232092",,,0.534722,4.939876
1691,405318,500.0,460.55,,-0.0024675283102260437,142.83162212371826,106,,"0.736210,0.845018,1.680555,1.232092",,,0.534722,4.939876
1692,405818,500.0,460.55,,-0.0024675283102260437,142.83162212371826,106,,"0.736210,0.845018,1.680555,1.232092",,,0.534722,4.939876
1693,405868,50.0,456.05,,-0.0024675283102260437,142.83162212371826,106,,"0.736210,0.845018,1.680555,1.232092",,,0.534722,4.939876
1694,406368,500.0,456.05,,-0.0024675283102260437,142.83162212371826,106,,"0.736210,0.845018,1.680555,1.232092",,,0.534722,4.939876
1695,406697,329.0,454.34,,-0.0024675283102260437,142.83162212371826,106,,"0.736210,0.845018,1.680555,1.232092",,,0.534722,4.939876
1696,407197,500.0,454.34,,-0.0024939758829714263,144.9331715106964,107,,"0.730843,0.847418,1.683675,1.233486",,,0.537681,4.952896
1697,407697,500.0,454.34,,-0.0024939758829714263,144.9331715106964,107,,"0.730843,0.847418,1.683675,1.233486",,,0.537681,4.952896
1698,408143,446.0,454.91,,-0.0024939758829714263,144.9331715106964,107,,"0.730843,0.847418,1.683675,1.233486",,,0.537681,4.952896
1699,408584,441.0,454.32,,-0.0024939758829714263,144.9331715106964,107,,"0.730843,0.847418,1.683675,1.233486",500.0,0.0,0.537681,4.952896
1700,409084,500.0,454.32,,-0.0024939758829714263,144.9331715106964,107,,"0.730843,0.847418,1.683675,1.233486",,,0.537681,4.952896
1701,409584,500.0,454.32,,-0.0024939758829714263,144.9331715106964,107,,"0.730843,0.847418,1.683675,1.233486",,,0.537681,4.952896
1702,410084,500.0,455.49,,-0.0024939758829714263,144.9331715106964,107,,"0.730843,0.847418,1.683675,1.233486",,,0.537681,4.952896
1703,410584,500.0,457.02,,-0.0024939758829714263,144.9331715106964,107,,"0.730843,0.847418,1.683675,1.233486",,,0.537681,4.952896
1704,411084,500.0,459.53,,-0.0024939758829714263,144.9331715106964,107,,"0.730843,0.847418,1.683675,1.233486",,,0.537681,4.952896
1705,411584,500.0,461.85,,-0.0024939758829714263,144.9331715106964,107,,"0.730843,0.847418,1.683675,1.233486",,,0.537681,4.952896
1706,412052,468.0,462.52,,-0.0024939758829714263,144.9331715106964,107,,"0.730843,0.847418,1.683675,1.233486",,,0.537681,4.952896
1707,412552,500.0,462.52,,-0.0024939758829714263,144.9331715106964,107,,"0.730843,0.847418,1.683675,1.233486",,,0.537681,4.952896
1708,413024,472.0,462.24,,-0.0024939758829714263,144.9331715106964,107,,"0.730843,0.847418,1.683675,1.233486",,,0.537681,4.952896
1709,413518,494.0,463.73,,-0.0024939758829714263,144.9331715106964,107,,"0.730843,0.847418,1.683675,1.233486",,,0.537681,4.952896
1710,414018,500.0,463.73,,-0.0024939758829714263,144.9331715106964,107,,"0.730843,0.847418,1.683675,1.233486",,,0.537681,4.952896
1711,414473,455.0,463.28,,-0.0024939758829714263,144.9331715106964,107,,"0.730843,0.847418,1.683675,1.233486",,,0.537681,4.952896
1712,414973,500.0,463.28,,-0.002513519501517294,147.02639031410217,108,,"0.726963,0.849920,1.686539,1.234241",,,0.546227,4.963426
1713,415473,500.0,463.28,,-0.002513519501517294,147.02639031410217,108,,"0.726963,0.849920,1.686539,1.234241",,,0.546227,4.963426
1714,415973,500.0,463.28,,-0.002513519501517294,147.02639031410217,108,,"0.726963,0.849920,1.686539,1.234241",,,0.546227,4.963426
1715,416473,500.0,463.57,,-0.002513519501517294,147.02639031410217,108,,"0.726963,0.849920,1.686539,1.234241",,,0.546227,4.963426
1716,416973,500.0,463.57,,-0.002513519501517294,147.02639031410217,108,,"0.726963,0.849920,1.686539,1.234241",,,0.546227,4.963426
1717,417473,500.0,463.57,,-0.002513519501517294,147.02639031410217,108,,"0.726963,0.849920,1.686539,1.234241",,,0.546227,4.963426
1718,417973,500.0,463.57,,-0.002513519501517294,147.02639031410217,108,,"0.726963,0.849920,1.686539,1.234241",,,0.546227,4.963426
1719,418473,500.0,465.82,,-0.002513519501517294,147.02740931510925,108,,"0.726963,0.849920,1.686539,1.234241",,,0.546227,4.963426
1720,418973,500.0,465.82,,-0.002513519501517294,147.02740931510925,108,,"0.726963,0.849920,1.686539,1.234241",,,0.546227,4.963426
1721,419331,358.0,464.82,,-0.002513519501517294,147.02740931510925,108,,"0.726963,0.849920,1.686539,1.234241",,,0.546227,4.963426
1722,419831,500.0,466.15,,-0.002513519501517294,147.02740931510925,108,,"0.726963,0.849920,1.686539,1.234241",,,0.546227,4.963426
1723,420331,500.0,466.51,,-0.002513519501517294,147.02740931510925,108,,"0.726963,0.849920,1.686539,1.234241",,,0.546227,4.963426
1724,420831,500.0,466.51,,-0.002513519501517294,147.02740931510925,108,,"0.726963,0.849920,1.686539,1.234241",,,0.546227,4.963426
1725,421331,500.0,466.51,,-0.002513519501517294,147.02740931510925,108,,"0.726963,0.849920,1.686539,1.234241",,,0.546227,4.963426
1726,421831,500.0,469.07,,-0.002513519501517294,147.02740931510925,108,,"0.726963,0.849920,1.686539,1.234241",,,0.546227,4.963426
1727,422331,500.0,471.51,,-0.002513519501517294,147.02740931510925,108,,"0.726963,0.849920,1.686539,1.234241",,,0.546227,4.963426
1728,422831,500.0,473.29,,-0.0026197404896083753,149.07915353775024,109,,"0.722607,0.851916,1.689836,1.235680",,,0.542510,4.977155
1729,423331,500.0,473.29,,-0.0026197404896083753,149.07915353775024,109,,"0.722607,0.851916,1.689836,1.235680",,,0.542510,4.977155
1730,423831,500.0,473.69,,-0.0026197404896083753,149.07915353775024,109,,"0.722607,0.851916,1.689836,1.235680",,,0.542510,4.977155
1731,424331,500.0,473.69,,-0.0026197404896083753,149.08016967773438,109,,"0.722607,0.851916,1.689836,1.235680",,,0.542510,4.977155
1732,424831,500.0,473.69,,-0.0026197404896083753,149.08016967773438,109,,"0.722607,0.851916,1.689836,1.235680",,,0.542510,4.977155
1733,425331,500.0,473.69,,-0.0026197404896083753,149.08016967773438,109,,"0.722607,0.851916,1.689836,1.235680",,,0.542510,4.977155
1734,425831,500.0,473.69,,-0.0026197404896083753,149.08016967773438,109,,"0.722607,0.851916,1.689836,1.235680",,,0.542510,4.977155
1735,426331,500.0,473.69,,-0.0026197404896083753,149.08016967773438,109,,"0.722607,0.851916,1.689836,1.235680",,,0.542510,4.977155
1736,426831,500.0,474.22,,-0.0026197404896083753,149.08016967773438,109,,"0.722607,0.851916,1.689836,1.235680",,,0.542510,4.977155
1737,427273,442.0,473.64,,-0.0026197404896083753,149.08016967773438,109,,"0.722607,0.851916,1.689836,1.235680",,,0.542510,4.977155
1738,427650,377.0,473.91,,-0.0026197404896083753,149.08016967773438,109,,"0.722607,0.851916,1.689836,1.235680",,,0.542510,4.977155
1739,428150,500.0,473.91,,-0.0026197404896083753,149.08016967773438,109,,"0.722607,0.851916,1.689836,1.235680",,,0.542510,4.977155
1740,428650,500.0,475.22,,-0.0026197404896083753,149.08016967773438,109,,"0.722607,0.851916,1.689836,1.235680",,,0.542510,4.977155
