episode,total_env_steps,episode_reward,avg_reward_100,epsilon,mean_loss,wall_clock_s,grad_steps,w,lam,eval_mean_reward,eval_std_reward,entropy,beta
0,12,12.0,12.0,,0.0027674019802361727,0.17539381980895996,1,,"1.009994,1.010000,0.990001,1.010000",,,0.683785,1.064364
1,27,15.0,13.5,,0.0027674019802361727,0.1770789623260498,1,,"1.009994,1.010000,0.990001,1.010000",,,0.683785,1.064364
2,45,18.0,15.0,,0.0027674019802361727,0.1770789623260498,1,,"1.009994,1.010000,0.990001,1.010000",,,0.683785,1.064364
3,59,14.0,14.75,,0.0027674019802361727,0.1770789623260498,1,,"1.009994,1.010000,0.990001,1.010000",,,0.683785,1.064364
4,74,15.0,14.8,,0.0027674019802361727,0.17940187454223633,1,,"1.009994,1.010000,0.990001,1.010000",,,0.683785,1.064364
5,114,40.0,19.0,,0.0027674019802361727,0.17940187454223633,1,,"1.009994,1.010000,0.990001,1.010000",,,0.683785,1.064364
6,139,25.0,19.857142857142858,,0.0027674019802361727,0.17940187454223633,1,,"1.009994,1.010000,0.990001,1.010000",,,0.683785,1.064364
7,164,25.0,20.5,,0.0027674019802361727,0.17940187454223633,1,,"1.009994,1.010000,0.990001,1.010000",,,0.683785,1.064364
8,176,12.0,19.555555555555557,,0.0027674019802361727,0.17940187454223633,1,,"1.009994,1.010000,0.990001,1.010000",,,0.683785,1.064364
9,185,9.0,18.5,,0.0027674019802361727,0.17940187454223633,1,,"1.009994,1.010000,0.990001,1.010000",,,0.683785,1.064364
10,206,21.0,18.727272727272727,,0.0027674019802361727,0.17940187454223633,1,,"1.009994,1.010000,0.990001,1.010000",,,0.683785,1.064364
11,243,37.0,20.25,,0.0027674019802361727,0.17940187454223633,1,,"1.009994,1.010000,0.990001,1.010000",,,0.683785,1.064364
12,271,28.0,20.846153846153847,,0.0027674019802361727,0.17940187454223633,1,,"1.009994,1.010000,0.990001,1.010000",,,0.683785,1.064364
13,291,20.0,20.785714285714285,,0.0027674019802361727,0.17940187454223633,1,,"1.009994,1.010000,0.990001,1.010000",,,0.683785,1.064364
14,307,16.0,20.466666666666665,,0.0027674019802361727,0.17940187454223633,1,,"1.009994,1.010000,0.990001,1.010000",,,0.683785,1.064364
15,337,30.0,21.0625,,0.0027674019802361727,0.17940187454223633,1,,"1.009994,1.010000,0.990001,1.010000",,,0.683785,1.064364
16,354,17.0,20.823529411764707,,0.002757816342636943,0.3291301727294922,2,,"1.018150,1.004991,0.981119,1.019646",,,0.679281,1.129718
17,370,16.0,20.555555555555557,,0.002757816342636943,0.3291301727294922,2,,"1.018150,1.004991,0.981119,1.019646",,,0.679281,1.129718
18,393,23.0,20.68421052631579,,0.002757816342636943,0.3291301727294922,2,,"1.018150,1.004991,0.981119,1.019646",,,0.679281,1.129718
19,411,18.0,20.55,,0.002757816342636943,0.3291301727294922,2,,"1.018150,1.004991,0.981119,1.019646",,,0.679281,1.129718
20,440,29.0,20.952380952380953,,0.002757816342636943,0.3291301727294922,2,,"1.018150,1.004991,0.981119,1.019646",,,0.679281,1.129718
21,466,26.0,21.181818181818183,,0.002757816342636943,0.3291301727294922,2,,"1.018150,1.004991,0.981119,1.019646",,,0.679281,1.129718
22,478,12.0,20.782608695652176,,0.002757816342636943,0.3291301727294922,2,,"1.018150,1.004991,0.981119,1.019646",,,0.679281,1.129718
23,491,13.0,20.458333333333332,,0.002757816342636943,0.3291301727294922,2,,"1.018150,1.004991,0.981119,1.019646",,,0.679281,1.129718
24,512,21.0,20.48,,0.002757816342636943,0.3291301727294922,2,,"1.018150,1.004991,0.981119,1.019646",,,0.679281,1.129718
25,525,13.0,20.192307692307693,,0.002757816342636943,0.3291301727294922,2,,"1.018150,1.004991,0.981119,1.019646",,,0.679281,1.129718
26,538,13.0,19.925925925925927,,0.002757816342636943,0.3291301727294922,2,,"1.018150,1.004991,0.981119,1.019646",,,0.679281,1.129718
27,560,22.0,20.0,,0.002757816342636943,0.3291301727294922,2,,"1.018150,1.004991,0.981119,1.019646",,,0.679281,1.129718
28,600,40.0,20.689655172413794,,0.002757816342636943,0.3291301727294922,2,,"1.018150,1.004991,0.981119,1.019646",,,0.679281,1.129718
29,611,11.0,20.366666666666667,,0.002757816342636943,0.3291301727294922,2,,"1.018150,1.004991,0.981119,1.019646",,,0.679281,1.129718
30,626,15.0,20.193548387096776,,0.002757816342636943,0.3291301727294922,2,,"1.018150,1.004991,0.981119,1.019646",,,0.679281,1.129718
31,636,10.0,19.875,,0.002757816342636943,0.3291301727294922,2,,"1.018150,1.004991,0.981119,1.019646",,,0.679281,1.129718
32,646,10.0,19.575757575757574,,0.005894234869629145,0.4460623264312744,3,,"1.024674,0.997544,0.972661,1.024927",,,0.675641,1.181395
33,665,19.0,19.558823529411764,,0.005894234869629145,0.4460623264312744,3,,"1.024674,0.997544,0.972661,1.024927",,,0.675641,1.181395
34,674,9.0,19.257142857142856,,0.005894234869629145,0.4460623264312744,3,,"1.024674,0.997544,0.972661,1.024927",,,0.675641,1.181395
35,684,10.0,19.0,,0.005894234869629145,0.4460623264312744,3,,"1.024674,0.997544,0.972661,1.024927",,,0.675641,1.181395
36,710,26.0,19.18918918918919,,0.005894234869629145,0.4470696449279785,3,,"1.024674,0.997544,0.972661,1.024927",,,0.675641,1.181395
37,725,15.0,19.07894736842105,,0.005894234869629145,0.4470696449279785,3,,"1.024674,0.997544,0.972661,1.024927",,,0.675641,1.181395
38,740,15.0,18.974358974358974,,0.005894234869629145,0.4470696449279785,3,,"1.024674,0.997544,0.972661,1.024927",,,0.675641,1.181395
39,751,11.0,18.775,,0.005894234869629145,0.4470696449279785,3,,"1.024674,0.997544,0.972661,1.024927",,,0.675641,1.181395
40,766,15.0,18.682926829268293,,0.005894234869629145,0.4470696449279785,3,,"1.024674,0.997544,0.972661,1.024927",,,0.675641,1.181395
41,782,16.0,18.61904761904762,,0.005894234869629145,0.4470696449279785,3,,"1.024674,0.997544,0.972661,1.024927",,,0.675641,1.181395
42,793,11.0,18.441860465116278,,0.005894234869629145,0.4470696449279785,3,,"1.024674,0.997544,0.972661,1.024927",,,0.675641,1.181395
43,821,28.0,18.65909090909091,,0.005894234869629145,0.4470696449279785,3,,"1.024674,0.997544,0.972661,1.024927",,,0.675641,1.181395
44,842,21.0,18.711111111111112,,0.005894234869629145,0.4470696449279785,3,,"1.024674,0.997544,0.972661,1.024927",,,0.675641,1.181395
45,853,11.0,18.543478260869566,,0.005894234869629145,0.4470696449279785,3,,"1.024674,0.997544,0.972661,1.024927",,,0.675641,1.181395
46,867,14.0,18.4468085106383,,0.005894234869629145,0.4470696449279785,3,,"1.024674,0.997544,0.972661,1.024927",,,0.675641,1.181395
47,885,18.0,18.4375,,0.005894234869629145,0.4470696449279785,3,,"1.024674,0.997544,0.972661,1.024927",,,0.675641,1.181395
48,899,14.0,18.346938775510203,,0.012365819769911468,0.5804300308227539,4,,"1.029788,0.990186,0.969219,1.021176",,,0.676559,1.163622
49,930,31.0,18.6,,0.012365819769911468,0.5804300308227539,4,,"1.029788,0.990186,0.969219,1.021176",9.6,0.48989794855663565,0.676559,1.163622
50,955,25.0,18.725490196078432,,0.012365819769911468,0.5804300308227539,4,,"1.029788,0.990186,0.969219,1.021176",,,0.676559,1.163622
51,974,19.0,18.73076923076923,,0.012365819769911468,0.5804300308227539,4,,"1.029788,0.990186,0.969219,1.021176",,,0.676559,1.163622
52,998,24.0,18.830188679245282,,0.012365819769911468,0.5804300308227539,4,,"1.029788,0.990186,0.969219,1.021176",,,0.676559,1.163622
53,1015,17.0,18.796296296296298,,0.012365819769911468,0.5804300308227539,4,,"1.029788,0.990186,0.969219,1.021176",,,0.676559,1.163622
54,1026,11.0,18.654545454545456,,0.012365819769911468,0.5804300308227539,4,,"1.029788,0.990186,0.969219,1.021176",,,0.676559,1.163622
55,1037,11.0,18.517857142857142,,0.012365819769911468,0.5804300308227539,4,,"1.029788,0.990186,0.969219,1.021176",,,0.676559,1.163622
56,1057,20.0,18.54385964912281,,0.012365819769911468,0.5804300308227539,4,,"1.029788,0.990186,0.969219,1.021176",,,0.676559,1.163622
57,1077,20.0,18.56896551724138,,0.012365819769911468,0.5804300308227539,4,,"1.029788,0.990186,0.969219,1.021176",,,0.676559,1.163622
58,1101,24.0,18.661016949152543,,0.012365819769911468,0.5804300308227539,4,,"1.029788,0.990186,0.969219,1.021176",,,0.676559,1.163622
59,1110,9.0,18.5,,0.012365819769911468,0.5804300308227539,4,,"1.029788,0.990186,0.969219,1.021176",,,0.676559,1.163622
60,1132,22.0,18.557377049180328,,0.012365819769911468,0.5804300308227539,4,,"1.029788,0.990186,0.969219,1.021176",,,0.676559,1.163622
61,1155,23.0,18.629032258064516,,0.012365819769911468,0.5804300308227539,4,,"1.029788,0.990186,0.969219,1.021176",,,0.676559,1.163622
62,1172,17.0,18.603174603174605,,0.012365819769911468,0.5814294815063477,4,,"1.029788,0.990186,0.969219,1.021176",,,0.676559,1.163622
63,1202,30.0,18.78125,,0.012365819769911468,0.5814294815063477,4,,"1.029788,0.990186,0.969219,1.021176",,,0.676559,1.163622
64,1234,32.0,18.984615384615385,,0.0074604001827538015,0.7952840328216553,5,,"1.032497,0.985071,0.964834,1.021727",,,0.681087,1.175765
65,1253,19.0,18.984848484848484,,0.0074604001827538015,0.7952840328216553,5,,"1.032497,0.985071,0.964834,1.021727",,,0.681087,1.175765
66,1277,24.0,19.059701492537314,,0.0074604001827538015,0.7952840328216553,5,,"1.032497,0.985071,0.964834,1.021727",,,0.681087,1.175765
67,1289,12.0,18.955882352941178,,0.0074604001827538015,0.7952840328216553,5,,"1.032497,0.985071,0.964834,1.021727",,,0.681087,1.175765
68,1311,22.0,19.0,,0.0074604001827538015,0.7952840328216553,5,,"1.032497,0.985071,0.964834,1.021727",,,0.681087,1.175765
69,1325,14.0,18.928571428571427,,0.0074604001827538015,0.7952840328216553,5,,"1.032497,0.985071,0.964834,1.021727",,,0.681087,1.175765
70,1335,10.0,18.802816901408452,,0.0074604001827538015,0.796391487121582,5,,"1.032497,0.985071,0.964834,1.021727",,,0.681087,1.175765
71,1353,18.0,18.791666666666668,,0.0074604001827538015,0.796391487121582,5,,"1.032497,0.985071,0.964834,1.021727",,,0.681087,1.175765
72,1364,11.0,18.684931506849313,,0.0074604001827538015,0.796391487121582,5,,"1.032497,0.985071,0.964834,1.021727",,,0.681087,1.175765
73,1385,21.0,18.716216216216218,,0.0074604001827538015,0.796391487121582,5,,"1.032497,0.985071,0.964834,1.021727",,,0.681087,1.175765
74,1404,19.0,18.72,,0.0074604001827538015,0.796391487121582,5,,"1.032497,0.985071,0.964834,1.021727",,,0.681087,1.175765
75,1426,22.0,18.763157894736842,,0.0074604001827538015,0.796391487121582,5,,"1.032497,0.985071,0.964834,1.021727",,,0.681087,1.175765
76,1437,11.0,18.662337662337663,,0.0074604001827538015,0.796391487121582,5,,"1.032497,0.985071,0.964834,1.021727",,,0.681087,1.175765
77,1480,43.0,18.974358974358974,,0.0074604001827538015,0.796391487121582,5,,"1.032497,0.985071,0.964834,1.021727",,,0.681087,1.175765
78,1546,66.0,19.569620253164558,,0.0074604001827538015,0.796391487121582,5,,"1.032497,0.985071,0.964834,1.021727",,,0.681087,1.175765
79,1589,43.0,19.8625,,0.0074604001827538015,0.796391487121582,5,,"1.032497,0.985071,0.964834,1.021727",,,0.681087,1.175765
80,1621,32.0,20.012345679012345,,0.004202064670001467,0.9788179397583008,6,,"1.031893,0.981646,0.959787,1.023992",,,0.678034,1.206685
81,1636,15.0,19.951219512195124,,0.004202064670001467,0.9788179397583008,6,,"1.031893,0.981646,0.959787,1.023992",,,0.678034,1.206685
82,1661,25.0,20.012048192771083,,0.004202064670001467,0.9788179397583008,6,,"1.031893,0.981646,0.959787,1.023992",,,0.678034,1.206685
83,1675,14.0,19.94047619047619,,0.004202064670001467,0.9788179397583008,6,,"1.031893,0.981646,0.959787,1.023992",,,0.678034,1.206685
84,1692,17.0,19.905882352941177,,0.004202064670001467,0.9788179397583008,6,,"1.031893,0.981646,0.959787,1.023992",,,0.678034,1.206685
85,1714,22.0,19.930232558139537,,0.004202064670001467,0.9788179397583008,6,,"1.031893,0.981646,0.959787,1.023992",,,0.678034,1.206685
86,1727,13.0,19.850574712643677,,0.004202064670001467,0.9799129962921143,6,,"1.031893,0.981646,0.959787,1.023992",,,0.678034,1.206685
87,1744,17.0,19.818181818181817,,0.004202064670001467,0.9799129962921143,6,,"1.031893,0.981646,0.959787,1.023992",,,0.678034,1.206685
88,1772,28.0,19.910112359550563,,0.004202064670001467,0.9799129962921143,6,,"1.031893,0.981646,0.959787,1.023992",,,0.678034,1.206685
89,1792,20.0,19.91111111111111,,0.004202064670001467,0.9799129962921143,6,,"1.031893,0.981646,0.959787,1.023992",,,0.678034,1.206685
90,1829,37.0,20.0989010989011,,0.004202064670001467,0.9799129962921143,6,,"1.031893,0.981646,0.959787,1.023992",,,0.678034,1.206685
91,1846,17.0,20.065217391304348,,0.004202064670001467,0.9799129962921143,6,,"1.031893,0.981646,0.959787,1.023992",,,0.678034,1.206685
92,1863,17.0,20.032258064516128,,0.004202064670001467,0.9799129962921143,6,,"1.031893,0.981646,0.959787,1.023992",,,0.678034,1.206685
93,1879,16.0,19.98936170212766,,0.004202064670001467,0.9799129962921143,6,,"1.031893,0.981646,0.959787,1.023992",,,0.678034,1.206685
94,1933,54.0,20.347368421052632,,0.004202064670001467,0.9799129962921143,6,,"1.031893,0.981646,0.959787,1.023992",,,0.678034,1.206685
95,1966,33.0,20.479166666666668,,0.004202064670001467,0.9799129962921143,6,,"1.031893,0.981646,0.959787,1.023992",,,0.678034,1.206685
96,1985,19.0,20.463917525773194,,0.0034186896103035125,1.2098171710968018,7,,"1.028526,0.978313,0.956480,1.027070",,,0.680329,1.240959
97,2036,51.0,20.775510204081634,,0.0034186896103035125,1.2098171710968018,7,,"1.028526,0.978313,0.956480,1.027070",,,0.680329,1.240959
98,2050,14.0,20.707070707070706,,0.0034186896103035125,1.2098171710968018,7,,"1.028526,0.978313,0.956480,1.027070",,,0.680329,1.240959
99,2062,12.0,20.62,,0.0034186896103035125,1.2098171710968018,7,,"1.028526,0.978313,0.956480,1.027070",38.0,7.694153624668538,0.680329,1.240959
100,2092,30.0,20.8,,0.0034186896103035125,1.2098171710968018,7,,"1.028526,0.978313,0.956480,1.027070",,,0.680329,1.240959
101,2155,63.0,21.28,,0.0034186896103035125,1.2098171710968018,7,,"1.028526,0.978313,0.956480,1.027070",,,0.680329,1.240959
102,2188,33.0,21.43,,0.0034186896103035125,1.2098171710968018,7,,"1.028526,0.978313,0.956480,1.027070",,,0.680329,1.240959
103,2236,48.0,21.77,,0.0034186896103035125,1.2098171710968018,7,,"1.028526,0.978313,0.956480,1.027070",,,0.680329,1.240959
104,2260,24.0,21.86,,0.0034186896103035125,1.2098171710968018,7,,"1.028526,0.978313,0.956480,1.027070",,,0.680329,1.240959
105,2270,10.0,21.56,,0.0034186896103035125,1.2098171710968018,7,,"1.028526,0.978313,0.956480,1.027070",,,0.680329,1.240959
106,2280,10.0,21.41,,0.0034186896103035125,1.2098171710968018,7,,"1.028526,0.978313,0.956480,1.027070",,,0.680329,1.240959
107,2315,35.0,21.51,,0.0034186896103035125,1.2098171710968018,7,,"1.028526,0.978313,0.956480,1.027070",,,0.680329,1.240959
108,2338,23.0,21.62,,0.0034186896103035125,1.2108170986175537,7,,"1.028526,0.978313,0.956480,1.027070",,,0.680329,1.240959
109,2383,45.0,21.98,,0.0034186896103035125,1.2108170986175537,7,,"1.028526,0.978313,0.956480,1.027070",,,0.680329,1.240959
110,2410,27.0,22.04,,0.0034186896103035125,1.2108170986175537,7,,"1.028526,0.978313,0.956480,1.027070",,,0.680329,1.240959
111,2444,34.0,22.01,,0.0034186896103035125,1.2108170986175537,7,,"1.028526,0.978313,0.956480,1.027070",,,0.680329,1.240959
112,2467,23.0,21.96,,0.004064589520567097,1.4209601879119873,8,,"1.026043,0.972841,0.953303,1.028703",,,0.683224,1.264967
113,2498,31.0,22.07,,0.004064589520567097,1.4209601879119873,8,,"1.026043,0.972841,0.953303,1.028703",,,0.683224,1.264967
114,2534,36.0,22.27,,0.004064589520567097,1.4209601879119873,8,,"1.026043,0.972841,0.953303,1.028703",,,0.683224,1.264967
115,2548,14.0,22.11,,0.004064589520567097,1.4209601879119873,8,,"1.026043,0.972841,0.953303,1.028703",,,0.683224,1.264967
116,2571,23.0,22.17,,0.004064589520567097,1.4209601879119873,8,,"1.026043,0.972841,0.953303,1.028703",,,0.683224,1.264967
117,2586,15.0,22.16,,0.004064589520567097,1.4209601879119873,8,,"1.026043,0.972841,0.953303,1.028703",,,0.683224,1.264967
118,2623,37.0,22.3,,0.004064589520567097,1.4209601879119873,8,,"1.026043,0.972841,0.953303,1.028703",,,0.683224,1.264967
119,2641,18.0,22.3,,0.004064589520567097,1.4209601879119873,8,,"1.026043,0.972841,0.953303,1.028703",,,0.683224,1.264967
120,2653,12.0,22.13,,0.004064589520567097,1.4209601879119873,8,,"1.026043,0.972841,0.953303,1.028703",,,0.683224,1.264967
121,2717,64.0,22.51,,0.004064589520567097,1.4209601879119873,8,,"1.026043,0.972841,0.953303,1.028703",,,0.683224,1.264967
122,2742,25.0,22.64,,0.004064589520567097,1.4209601879119873,8,,"1.026043,0.972841,0.953303,1.028703",,,0.683224,1.264967
123,2753,11.0,22.62,,0.004064589520567097,1.4209601879119873,8,,"1.026043,0.972841,0.953303,1.028703",,,0.683224,1.264967
124,2774,21.0,22.62,,0.004064589520567097,1.4209601879119873,8,,"1.026043,0.972841,0.953303,1.028703",,,0.683224,1.264967
125,2814,40.0,22.89,,0.004064589520567097,1.422062873840332,8,,"1.026043,0.972841,0.953303,1.028703",,,0.683224,1.264967
126,2827,13.0,22.89,,0.004064589520567097,1.422062873840332,8,,"1.026043,0.972841,0.953303,1.028703",,,0.683224,1.264967
127,2853,26.0,22.93,,0.004064589520567097,1.422062873840332,8,,"1.026043,0.972841,0.953303,1.028703",,,0.683224,1.264967
128,2867,14.0,22.67,,0.003184315037085778,1.6021595001220703,9,,"1.021017,0.968676,0.949107,1.030599",,,0.681450,1.294908
129,2899,32.0,22.88,,0.003184315037085778,1.6021595001220703,9,,"1.021017,0.968676,0.949107,1.030599",,,0.681450,1.294908
130,2928,29.0,23.02,,0.003184315037085778,1.6021595001220703,9,,"1.021017,0.968676,0.949107,1.030599",,,0.681450,1.294908
131,2945,17.0,23.09,,0.003184315037085778,1.6021595001220703,9,,"1.021017,0.968676,0.949107,1.030599",,,0.681450,1.294908
132,2972,27.0,23.26,,0.003184315037085778,1.6021595001220703,9,,"1.021017,0.968676,0.949107,1.030599",,,0.681450,1.294908
133,2990,18.0,23.25,,0.003184315037085778,1.603191614151001,9,,"1.021017,0.968676,0.949107,1.030599",,,0.681450,1.294908
134,3008,18.0,23.34,,0.003184315037085778,1.603191614151001,9,,"1.021017,0.968676,0.949107,1.030599",,,0.681450,1.294908
135,3039,31.0,23.55,,0.003184315037085778,1.603191614151001,9,,"1.021017,0.968676,0.949107,1.030599",,,0.681450,1.294908
136,3065,26.0,23.55,,0.003184315037085778,1.603191614151001,9,,"1.021017,0.968676,0.949107,1.030599",,,0.681450,1.294908
137,3084,19.0,23.59,,0.003184315037085778,1.603191614151001,9,,"1.021017,0.968676,0.949107,1.030599",,,0.681450,1.294908
138,3105,21.0,23.65,,0.003184315037085778,1.603191614151001,9,,"1.021017,0.968676,0.949107,1.030599",,,0.681450,1.294908
139,3158,53.0,24.07,,0.003184315037085778,1.603191614151001,9,,"1.021017,0.968676,0.949107,1.030599",,,0.681450,1.294908
140,3183,25.0,24.17,,0.003184315037085778,1.603191614151001,9,,"1.021017,0.968676,0.949107,1.030599",,,0.681450,1.294908
141,3215,32.0,24.33,,0.003184315037085778,1.603191614151001,9,,"1.021017,0.968676,0.949107,1.030599",,,0.681450,1.294908
142,3229,14.0,24.36,,0.003184315037085778,1.603191614151001,9,,"1.021017,0.968676,0.949107,1.030599",,,0.681450,1.294908
143,3260,31.0,24.39,,0.003184315037085778,1.603191614151001,9,,"1.021017,0.968676,0.949107,1.030599",,,0.681450,1.294908
144,3304,44.0,24.62,,0.0017497576889581978,1.8803472518920898,10,,"1.014990,0.965133,0.946203,1.033724",,,0.684180,1.330026
145,3338,34.0,24.85,,0.0017497576889581978,1.8803472518920898,10,,"1.014990,0.965133,0.946203,1.033724",,,0.684180,1.330026
146,3367,29.0,25.0,,0.0017497576889581978,1.8813796043395996,10,,"1.014990,0.965133,0.946203,1.033724",,,0.684180,1.330026
147,3386,19.0,25.01,,0.0017497576889581978,1.8813796043395996,10,,"1.014990,0.965133,0.946203,1.033724",,,0.684180,1.330026
148,3401,15.0,25.02,,0.0017497576889581978,1.8813796043395996,10,,"1.014990,0.965133,0.946203,1.033724",,,0.684180,1.330026
149,3424,23.0,24.94,,0.0017497576889581978,1.8813796043395996,10,,"1.014990,0.965133,0.946203,1.033724",40.0,7.6681158050723255,0.684180,1.330026
150,3485,61.0,25.3,,0.0017497576889581978,1.8813796043395996,10,,"1.014990,0.965133,0.946203,1.033724",,,0.684180,1.330026
151,3504,19.0,25.3,,0.0017497576889581978,1.8813796043395996,10,,"1.014990,0.965133,0.946203,1.033724",,,0.684180,1.330026
152,3530,26.0,25.32,,0.0017497576889581978,1.882380723953247,10,,"1.014990,0.965133,0.946203,1.033724",,,0.684180,1.330026
153,3562,32.0,25.47,,0.0017497576889581978,1.882380723953247,10,,"1.014990,0.965133,0.946203,1.033724",,,0.684180,1.330026
154,3581,19.0,25.55,,0.0017497576889581978,1.882380723953247,10,,"1.014990,0.965133,0.946203,1.033724",,,0.684180,1.330026
155,3619,38.0,25.82,,0.0017497576889581978,1.882380723953247,10,,"1.014990,0.965133,0.946203,1.033724",,,0.684180,1.330026
156,3654,35.0,25.97,,0.0017497576889581978,1.882380723953247,10,,"1.014990,0.965133,0.946203,1.033724",,,0.684180,1.330026
157,3664,10.0,25.87,,0.0017497576889581978,1.882380723953247,10,,"1.014990,0.965133,0.946203,1.033724",,,0.684180,1.330026
158,3736,72.0,26.35,,0.0017497576889581978,1.882380723953247,10,,"1.014990,0.965133,0.946203,1.033724",,,0.684180,1.330026
159,3797,61.0,26.87,,0.0017497576889581978,1.882380723953247,10,,"1.014990,0.965133,0.946203,1.033724",,,0.684180,1.330026
160,3828,31.0,26.96,,0.0008635611633177508,2.113722324371338,11,,"1.009539,0.961235,0.942470,1.037768",,,0.673316,1.371377
161,3847,19.0,26.92,,0.0008635611633177508,2.1142280101776123,11,,"1.009539,0.961235,0.942470,1.037768",,,0.673316,1.371377
162,3874,27.0,27.02,,0.0008635611633177508,2.1142280101776123,11,,"1.009539,0.961235,0.942470,1.037768",,,0.673316,1.371377
163,3890,16.0,26.88,,0.0008635611633177508,2.1142280101776123,11,,"1.009539,0.961235,0.942470,1.037768",,,0.673316,1.371377
164,3949,59.0,27.15,,0.0008635611633177508,2.1142280101776123,11,,"1.009539,0.961235,0.942470,1.037768",,,0.673316,1.371377
165,3964,15.0,27.11,,0.0008635611633177508,2.1142280101776123,11,,"1.009539,0.961235,0.942470,1.037768",,,0.673316,1.371377
166,3989,25.0,27.12,,0.0008635611633177508,2.1142280101776123,11,,"1.009539,0.961235,0.942470,1.037768",,,0.673316,1.371377
167,4006,17.0,27.17,,0.0008635611633177508,2.1142280101776123,11,,"1.009539,0.961235,0.942470,1.037768",,,0.673316,1.371377
168,4035,29.0,27.24,,0.0008635611633177508,2.1142280101776123,11,,"1.009539,0.961235,0.942470,1.037768",,,0.673316,1.371377
169,4045,10.0,27.2,,0.0008635611633177508,2.1142280101776123,11,,"1.009539,0.961235,0.942470,1.037768",,,0.673316,1.371377
170,4080,35.0,27.45,,0.0008635611633177508,2.1142280101776123,11,,"1.009539,0.961235,0.942470,1.037768",,,0.673316,1.371377
171,4097,17.0,27.44,,0.0008635611633177508,2.1142280101776123,11,,"1.009539,0.961235,0.942470,1.037768",,,0.673316,1.371377
172,4134,37.0,27.7,,0.0008635611633177508,2.1142280101776123,11,,"1.009539,0.961235,0.942470,1.037768",,,0.673316,1.371377
173,4186,52.0,28.01,,0.0008635611633177508,2.1142280101776123,11,,"1.009539,0.961235,0.942470,1.037768",,,0.673316,1.371377
174,4197,11.0,27.93,,0.0008635611633177508,2.1142280101776123,11,,"1.009539,0.961235,0.942470,1.037768",,,0.673316,1.371377
175,4207,10.0,27.81,,0.0008635611633177508,2.1142280101776123,11,,"1.009539,0.961235,0.942470,1.037768",,,0.673316,1.371377
176,4237,30.0,28.0,,0.0006695759754317502,2.3024990558624268,12,,"1.002682,0.957038,0.942667,1.040528",,,0.680884,1.410652
177,4266,29.0,27.86,,0.0006695759754317502,2.3024990558624268,12,,"1.002682,0.957038,0.942667,1.040528",,,0.680884,1.410652
178,4286,20.0,27.4,,0.0006695759754317502,2.3024990558624268,12,,"1.002682,0.957038,0.942667,1.040528",,,0.680884,1.410652
179,4325,39.0,27.36,,0.0006695759754317502,2.3024990558624268,12,,"1.002682,0.957038,0.942667,1.040528",,,0.680884,1.410652
180,4335,10.0,27.14,,0.0006695759754317502,2.3024990558624268,12,,"1.002682,0.957038,0.942667,1.040528",,,0.680884,1.410652
181,4347,12.0,27.11,,0.0006695759754317502,2.3024990558624268,12,,"1.002682,0.957038,0.942667,1.040528",,,0.680884,1.410652
182,4366,19.0,27.05,,0.0006695759754317502,2.3024990558624268,12,,"1.002682,0.957038,0.942667,1.040528",,,0.680884,1.410652
183,4388,22.0,27.13,,0.0006695759754317502,2.3024990558624268,12,,"1.002682,0.957038,0.942667,1.040528",,,0.680884,1.410652
184,4438,50.0,27.46,,0.0006695759754317502,2.3024990558624268,12,,"1.002682,0.957038,0.942667,1.040528",,,0.680884,1.410652
185,4467,29.0,27.53,,0.0006695759754317502,2.3035011291503906,12,,"1.002682,0.957038,0.942667,1.040528",,,0.680884,1.410652
186,4489,22.0,27.62,,0.0006695759754317502,2.3035011291503906,12,,"1.002682,0.957038,0.942667,1.040528",,,0.680884,1.410652
187,4509,20.0,27.65,,0.0006695759754317502,2.3035011291503906,12,,"1.002682,0.957038,0.942667,1.040528",,,0.680884,1.410652
188,4526,17.0,27.54,,0.0006695759754317502,2.3035011291503906,12,,"1.002682,0.957038,0.942667,1.040528",,,0.680884,1.410652
189,4557,31.0,27.65,,0.0006695759754317502,2.3035011291503906,12,,"1.002682,0.957038,0.942667,1.040528",,,0.680884,1.410652
190,4573,16.0,27.44,,0.0006695759754317502,2.3035011291503906,12,,"1.002682,0.957038,0.942667,1.040528",,,0.680884,1.410652
191,4599,26.0,27.53,,0.0006695759754317502,2.3035011291503906,12,,"1.002682,0.957038,0.942667,1.040528",,,0.680884,1.410652
192,4613,14.0,27.5,,1.469188226530185e-05,2.4654242992401123,13,,"0.994905,0.952514,0.945387,1.042042",,,0.685133,1.454079
193,4628,15.0,27.49,,1.469188226530185e-05,2.466536045074463,13,,"0.994905,0.952514,0.945387,1.042042",,,0.685133,1.454079
194,4643,15.0,27.1,,1.469188226530185e-05,2.466536045074463,13,,"0.994905,0.952514,0.945387,1.042042",,,0.685133,1.454079
195,4663,20.0,26.97,,1.469188226530185e-05,2.466536045074463,13,,"0.994905,0.952514,0.945387,1.042042",,,0.685133,1.454079
196,4671,8.0,26.86,,1.469188226530185e-05,2.466536045074463,13,,"0.994905,0.952514,0.945387,1.042042",,,0.685133,1.454079
197,4686,15.0,26.5,,1.469188226530185e-05,2.466536045074463,13,,"0.994905,0.952514,0.945387,1.042042",,,0.685133,1.454079
198,4710,24.0,26.6,,1.469188226530185e-05,2.466536045074463,13,,"0.994905,0.952514,0.945387,1.042042",,,0.685133,1.454079
199,4730,20.0,26.68,,1.469188226530185e-05,2.466536045074463,13,,"0.994905,0.952514,0.945387,1.042042",44.2,7.6,0.685133,1.454079
200,4741,11.0,26.49,,1.469188226530185e-05,2.466536045074463,13,,"0.994905,0.952514,0.945387,1.042042",,,0.685133,1.454079
201,4756,15.0,26.01,,1.469188226530185e-05,2.466536045074463,13,,"0.994905,0.952514,0.945387,1.042042",,,0.685133,1.454079
202,4785,29.0,25.97,,1.469188226530185e-05,2.466536045074463,13,,"0.994905,0.952514,0.945387,1.042042",,,0.685133,1.454079
203,4797,12.0,25.61,,1.469188226530185e-05,2.466536045074463,13,,"0.994905,0.952514,0.945387,1.042042",,,0.685133,1.454079
204,4825,28.0,25.65,,1.469188226530185e-05,2.466536045074463,13,,"0.994905,0.952514,0.945387,1.042042",,,0.685133,1.454079
205,4839,14.0,25.69,,1.469188226530185e-05,2.466536045074463,13,,"0.994905,0.952514,0.945387,1.042042",,,0.685133,1.454079
206,4892,53.0,26.12,,1.469188226530185e-05,2.466536045074463,13,,"0.994905,0.952514,0.945387,1.042042",,,0.685133,1.454079
207,4910,18.0,25.95,,1.469188226530185e-05,2.466536045074463,13,,"0.994905,0.952514,0.945387,1.042042",,,0.685133,1.454079
208,4922,12.0,25.84,,-0.0008023625539083566,2.7317306995391846,14,,"0.986949,0.947351,0.947358,1.043527",,,0.675112,1.502879
209,4938,16.0,25.55,,-0.0008023625539083566,2.7317306995391846,14,,"0.986949,0.947351,0.947358,1.043527",,,0.675112,1.502879
210,5021,83.0,26.11,,-0.0008023625539083566,2.7317306995391846,14,,"0.986949,0.947351,0.947358,1.043527",,,0.675112,1.502879
211,5046,25.0,26.02,,-0.0008023625539083566,2.7317306995391846,14,,"0.986949,0.947351,0.947358,1.043527",,,0.675112,1.502879
212,5057,11.0,25.9,,-0.0008023625539083566,2.7317306995391846,14,,"0.986949,0.947351,0.947358,1.043527",,,0.675112,1.502879
213,5073,16.0,25.75,,-0.0008023625539083566,2.7317306995391846,14,,"0.986949,0.947351,0.947358,1.043527",,,0.675112,1.502879
214,5107,34.0,25.73,,-0.0008023625539083566,2.7317306995391846,14,,"0.986949,0.947351,0.947358,1.043527",,,0.675112,1.502879
215,5156,49.0,26.08,,-0.0008023625539083566,2.7317306995391846,14,,"0.986949,0.947351,0.947358,1.043527",,,0.675112,1.502879
216,5199,43.0,26.28,,-0.0008023625539083566,2.7317306995391846,14,,"0.986949,0.947351,0.947358,1.043527",,,0.675112,1.502879
217,5223,24.0,26.37,,-0.0008023625539083566,2.7317306995391846,14,,"0.986949,0.947351,0.947358,1.043527",,,0.675112,1.502879
218,5235,12.0,26.12,,-0.0008023625539083566,2.7317306995391846,14,,"0.986949,0.947351,0.947358,1.043527",,,0.675112,1.502879
219,5276,41.0,26.35,,-0.0008023625539083566,2.7317306995391846,14,,"0.986949,0.947351,0.947358,1.043527",,,0.675112,1.502879
220,5285,9.0,26.32,,-0.0008023625539083566,2.7317306995391846,14,,"0.986949,0.947351,0.947358,1.043527",,,0.675112,1.502879
221,5323,38.0,26.06,,-0.0008023625539083566,2.7317306995391846,14,,"0.986949,0.947351,0.947358,1.043527",,,0.675112,1.502879
222,5348,25.0,26.06,,-0.0008023625539083566,2.7317306995391846,14,,"0.986949,0.947351,0.947358,1.043527",,,0.675112,1.502879
223,5384,36.0,26.31,,-0.0008023625539083566,2.7317306995391846,14,,"0.986949,0.947351,0.947358,1.043527",,,0.675112,1.502879
224,5399,15.0,26.25,,-0.0015029371560861668,2.965226411819458,15,,"0.978338,0.942464,0.952399,1.044962",,,0.679543,1.554783
225,5409,10.0,25.95,,-0.0015029371560861668,2.965226411819458,15,,"0.978338,0.942464,0.952399,1.044962",,,0.679543,1.554783
226,5425,16.0,25.98,,-0.0015029371560861668,2.965226411819458,15,,"0.978338,0.942464,0.952399,1.044962",,,0.679543,1.554783
227,5458,33.0,26.05,,-0.0015029371560861668,2.965226411819458,15,,"0.978338,0.942464,0.952399,1.044962",,,0.679543,1.554783
228,5471,13.0,26.04,,-0.0015029371560861668,2.965226411819458,15,,"0.978338,0.942464,0.952399,1.044962",,,0.679543,1.554783
229,5518,47.0,26.19,,-0.0015029371560861668,2.965226411819458,15,,"0.978338,0.942464,0.952399,1.044962",,,0.679543,1.554783
230,5529,11.0,26.01,,-0.0015029371560861668,2.965226411819458,15,,"0.978338,0.942464,0.952399,1.044962",,,0.679543,1.554783
231,5570,41.0,26.25,,-0.0015029371560861668,2.965226411819458,15,,"0.978338,0.942464,0.952399,1.044962",,,0.679543,1.554783
232,5607,37.0,26.35,,-0.0015029371560861668,2.965226411819458,15,,"0.978338,0.942464,0.952399,1.044962",,,0.679543,1.554783
233,5670,63.0,26.8,,-0.0015029371560861668,2.965226411819458,15,,"0.978338,0.942464,0.952399,1.044962",,,0.679543,1.554783
234,5708,38.0,27.0,,-0.0015029371560861668,2.965226411819458,15,,"0.978338,0.942464,0.952399,1.044962",,,0.679543,1.554783
235,5743,35.0,27.04,,-0.0015029371560861668,2.965226411819458,15,,"0.978338,0.942464,0.952399,1.044962",,,0.679543,1.554783
236,5759,16.0,26.94,,-0.0015029371560861668,2.965226411819458,15,,"0.978338,0.942464,0.952399,1.044962",,,0.679543,1.554783
237,5794,35.0,27.1,,-0.0015029371560861668,2.965226411819458,15,,"0.978338,0.942464,0.952399,1.044962",,,0.679543,1.554783
238,5805,11.0,27.0,,-0.0015029371560861668,2.965226411819458,15,,"0.978338,0.942464,0.952399,1.044962",,,0.679543,1.554783
239,5817,12.0,26.59,,-0.0015029371560861668,2.965226411819458,15,,"0.978338,0.942464,0.952399,1.044962",,,0.679543,1.554783
240,5834,17.0,26.51,,-0.0028465900832088664,3.2237932682037354,16,,"0.969144,0.938688,0.958759,1.047611",,,0.673996,1.614669
241,5844,10.0,26.29,,-0.0028465900832088664,3.2237932682037354,16,,"0.969144,0.938688,0.958759,1.047611",,,0.673996,1.614669
242,5863,19.0,26.34,,-0.0028465900832088664,3.2237932682037354,16,,"0.969144,0.938688,0.958759,1.047611",,,0.673996,1.614669
243,5909,46.0,26.49,,-0.0028465900832088664,3.2237932682037354,16,,"0.969144,0.938688,0.958759,1.047611",,,0.673996,1.614669
244,5926,17.0,26.22,,-0.0028465900832088664,3.2237932682037354,16,,"0.969144,0.938688,0.958759,1.047611",,,0.673996,1.614669
245,5970,44.0,26.32,,-0.0028465900832088664,3.2237932682037354,16,,"0.969144,0.938688,0.958759,1.047611",,,0.673996,1.614669
246,6049,79.0,26.82,,-0.0028465900832088664,3.2237932682037354,16,,"0.969144,0.938688,0.958759,1.047611",,,0.673996,1.614669
247,6092,43.0,27.06,,-0.0028465900832088664,3.2247936725616455,16,,"0.969144,0.938688,0.958759,1.047611",,,0.673996,1.614669
248,6114,22.0,27.13,,-0.0028465900832088664,3.2247936725616455,16,,"0.969144,0.938688,0.958759,1.047611",,,0.673996,1.614669
249,6130,16.0,27.06,,-0.0028465900832088664,3.2247936725616455,16,,"0.969144,0.938688,0.958759,1.047611",46.6,8.309031231136395,0.673996,1.614669
250,6152,22.0,26.67,,-0.0028465900832088664,3.2247936725616455,16,,"0.969144,0.938688,0.958759,1.047611",,,0.673996,1.614669
251,6178,26.0,26.74,,-0.0028465900832088664,3.2247936725616455,16,,"0.969144,0.938688,0.958759,1.047611",,,0.673996,1.614669
252,6196,18.0,26.66,,-0.0028465900832088664,3.2247936725616455,16,,"0.969144,0.938688,0.958759,1.047611",,,0.673996,1.614669
253,6212,16.0,26.5,,-0.0028465900832088664,3.2247936725616455,16,,"0.969144,0.938688,0.958759,1.047611",,,0.673996,1.614669
254,6257,45.0,26.76,,-0.0028465900832088664,3.2247936725616455,16,,"0.969144,0.938688,0.958759,1.047611",,,0.673996,1.614669
255,6287,30.0,26.68,,-0.0028465900832088664,3.2247936725616455,16,,"0.969144,0.938688,0.958759,1.047611",,,0.673996,1.614669
256,6306,19.0,26.52,,-0.0032557739520116765,3.5198395252227783,17,,"0.960517,0.935797,0.966113,1.049923",,,0.673985,1.675417
257,6337,31.0,26.73,,-0.0032557739520116765,3.5198395252227783,17,,"0.960517,0.935797,0.966113,1.049923",,,0.673985,1.675417
258,6365,28.0,26.29,,-0.0032557739520116765,3.5198395252227783,17,,"0.960517,0.935797,0.966113,1.049923",,,0.673985,1.675417
259,6384,19.0,25.87,,-0.0032557739520116765,3.5198395252227783,17,,"0.960517,0.935797,0.966113,1.049923",,,0.673985,1.675417
260,6405,21.0,25.77,,-0.0032557739520116765,3.5198395252227783,17,,"0.960517,0.935797,0.966113,1.049923",,,0.673985,1.675417
261,6416,11.0,25.69,,-0.0032557739520116765,3.5198395252227783,17,,"0.960517,0.935797,0.966113,1.049923",,,0.673985,1.675417
262,6447,31.0,25.73,,-0.0032557739520116765,3.5198395252227783,17,,"0.960517,0.935797,0.966113,1.049923",,,0.673985,1.675417
263,6482,35.0,25.92,,-0.0032557739520116765,3.5198395252227783,17,,"0.960517,0.935797,0.966113,1.049923",,,0.673985,1.675417
264,6525,43.0,25.76,,-0.0032557739520116765,3.5198395252227783,17,,"0.960517,0.935797,0.966113,1.049923",,,0.673985,1.675417
265,6571,46.0,26.07,,-0.0032557739520116765,3.5198395252227783,17,,"0.960517,0.935797,0.966113,1.049923",,,0.673985,1.675417
266,6673,102.0,26.84,,-0.0032557739520116765,3.5198395252227783,17,,"0.960517,0.935797,0.966113,1.049923",,,0.673985,1.675417
267,6710,37.0,27.04,,-0.0032557739520116765,3.5198395252227783,17,,"0.960517,0.935797,0.966113,1.049923",,,0.673985,1.675417
268,6754,44.0,27.19,,-0.0032557739520116765,3.5198395252227783,17,,"0.960517,0.935797,0.966113,1.049923",,,0.673985,1.675417
269,6773,19.0,27.28,,-0.0032557739520116765,3.5198395252227783,17,,"0.960517,0.935797,0.966113,1.049923",,,0.673985,1.675417
270,6813,40.0,27.33,,-0.0032557739520116765,3.5198395252227783,17,,"0.960517,0.935797,0.966113,1.049923",,,0.673985,1.675417
271,6847,34.0,27.5,,-0.0032557739520116765,3.5198395252227783,17,,"0.960517,0.935797,0.966113,1.049923",,,0.673985,1.675417
272,6885,38.0,27.51,,-0.003554173758149975,3.7590928077697754,18,,"0.951259,0.932372,0.974375,1.052078",,,0.673419,1.736223
273,6914,29.0,27.28,,-0.003554173758149975,3.7590928077697754,18,,"0.951259,0.932372,0.974375,1.052078",,,0.673419,1.736223
274,6944,30.0,27.47,,-0.003554173758149975,3.7590928077697754,18,,"0.951259,0.932372,0.974375,1.052078",,,0.673419,1.736223
275,6968,24.0,27.61,,-0.003554173758149975,3.7590928077697754,18,,"0.951259,0.932372,0.974375,1.052078",,,0.673419,1.736223
276,6987,19.0,27.5,,-0.003554173758149975,3.7590928077697754,18,,"0.951259,0.932372,0.974375,1.052078",,,0.673419,1.736223
277,7025,38.0,27.59,,-0.003554173758149975,3.7590928077697754,18,,"0.951259,0.932372,0.974375,1.052078",,,0.673419,1.736223
278,7062,37.0,27.76,,-0.003554173758149975,3.7590928077697754,18,,"0.951259,0.932372,0.974375,1.052078",,,0.673419,1.736223
279,7097,35.0,27.72,,-0.003554173758149975,3.7590928077697754,18,,"0.951259,0.932372,0.974375,1.052078",,,0.673419,1.736223
280,7167,70.0,28.32,,-0.003554173758149975,3.7590928077697754,18,,"0.951259,0.932372,0.974375,1.052078",,,0.673419,1.736223
281,7206,39.0,28.59,,-0.003554173758149975,3.7590928077697754,18,,"0.951259,0.932372,0.974375,1.052078",,,0.673419,1.736223
282,7246,40.0,28.8,,-0.003554173758149975,3.7590928077697754,18,,"0.951259,0.932372,0.974375,1.052078",,,0.673419,1.736223
283,7267,21.0,28.79,,-0.003554173758149975,3.7590928077697754,18,,"0.951259,0.932372,0.974375,1.052078",,,0.673419,1.736223
284,7285,18.0,28.47,,-0.003554173758149975,3.7590928077697754,18,,"0.951259,0.932372,0.974375,1.052078",,,0.673419,1.736223
285,7328,43.0,28.61,,-0.003554173758149975,3.7590928077697754,18,,"0.951259,0.932372,0.974375,1.052078",,,0.673419,1.736223
286,7351,23.0,28.62,,-0.003554173758149975,3.7590928077697754,18,,"0.951259,0.932372,0.974375,1.052078",,,0.673419,1.736223
287,7367,16.0,28.58,,-0.003554173758149975,3.7590928077697754,18,,"0.951259,0.932372,0.974375,1.052078",,,0.673419,1.736223
288,7439,72.0,29.13,,-0.0040484545874948565,4.167083740234375,19,,"0.942173,0.927854,0.983252,1.053432",,,0.668558,1.798100
289,7481,42.0,29.24,,-0.0040484545874948565,4.167083740234375,19,,"0.942173,0.927854,0.983252,1.053432",,,0.668558,1.798100
290,7517,36.0,29.44,,-0.0040484545874948565,4.167083740234375,19,,"0.942173,0.927854,0.983252,1.053432",,,0.668558,1.798100
291,7565,48.0,29.66,,-0.0040484545874948565,4.167083740234375,19,,"0.942173,0.927854,0.983252,1.053432",,,0.668558,1.798100
292,7582,17.0,29.69,,-0.0040484545874948565,4.167083740234375,19,,"0.942173,0.927854,0.983252,1.053432",,,0.668558,1.798100
293,7623,41.0,29.95,,-0.0040484545874948565,4.167083740234375,19,,"0.942173,0.927854,0.983252,1.053432",,,0.668558,1.798100
294,7660,37.0,30.17,,-0.0040484545874948565,4.167083740234375,19,,"0.942173,0.927854,0.983252,1.053432",,,0.668558,1.798100
295,7677,17.0,30.14,,-0.0040484545874948565,4.167083740234375,19,,"0.942173,0.927854,0.983252,1.053432",,,0.668558,1.798100
296,7799,122.0,31.28,,-0.0040484545874948565,4.167083740234375,19,,"0.942173,0.927854,0.983252,1.053432",,,0.668558,1.798100
297,7827,28.0,31.41,,-0.0040484545874948565,4.167083740234375,19,,"0.942173,0.927854,0.983252,1.053432",,,0.668558,1.798100
298,7853,26.0,31.43,,-0.0040484545874948565,4.167083740234375,19,,"0.942173,0.927854,0.983252,1.053432",,,0.668558,1.798100
299,7898,45.0,31.68,,-0.0040484545874948565,4.167083740234375,19,,"0.942173,0.927854,0.983252,1.053432",53.6,8.662563131083086,0.668558,1.798100
300,7925,27.0,31.84,,-0.0040484545874948565,4.167083740234375,19,,"0.942173,0.927854,0.983252,1.053432",,,0.668558,1.798100
301,7952,27.0,31.96,,-0.0040484545874948565,4.167083740234375,19,,"0.942173,0.927854,0.983252,1.053432",,,0.668558,1.798100
302,7975,23.0,31.9,,-0.0040484545874948565,4.167083740234375,19,,"0.942173,0.927854,0.983252,1.053432",,,0.668558,1.798100
303,8001,26.0,32.04,,-0.0040484545874948565,4.167083740234375,19,,"0.942173,0.927854,0.983252,1.053432",,,0.668558,1.798100
304,8033,32.0,32.08,,-0.0045294265844859185,4.497347593307495,20,,"0.933262,0.923022,0.992419,1.055068",,,0.660565,1.861061
305,8133,100.0,32.94,,-0.0045294265844859185,4.497347593307495,20,,"0.933262,0.923022,0.992419,1.055068",,,0.660565,1.861061
306,8148,15.0,32.56,,-0.0045294265844859185,4.497347593307495,20,,"0.933262,0.923022,0.992419,1.055068",,,0.660565,1.861061
307,8159,11.0,32.49,,-0.0045294265844859185,4.497347593307495,20,,"0.933262,0.923022,0.992419,1.055068",,,0.660565,1.861061
308,8177,18.0,32.55,,-0.0045294265844859185,4.497347593307495,20,,"0.933262,0.923022,0.992419,1.055068",,,0.660565,1.861061
309,8202,25.0,32.64,,-0.0045294265844859185,4.497347593307495,20,,"0.933262,0.923022,0.992419,1.055068",,,0.660565,1.861061
310,8228,26.0,32.07,,-0.0045294265844859185,4.498447418212891,20,,"0.933262,0.923022,0.992419,1.055068",,,0.660565,1.861061
311,8269,41.0,32.23,,-0.0045294265844859185,4.498447418212891,20,,"0.933262,0.923022,0.992419,1.055068",,,0.660565,1.861061
312,8294,25.0,32.37,,-0.0045294265844859185,4.498447418212891,20,,"0.933262,0.923022,0.992419,1.055068",,,0.660565,1.861061
313,8350,56.0,32.77,,-0.0045294265844859185,4.498447418212891,20,,"0.933262,0.923022,0.992419,1.055068",,,0.660565,1.861061
314,8408,58.0,33.01,,-0.0045294265844859185,4.498447418212891,20,,"0.933262,0.923022,0.992419,1.055068",,,0.660565,1.861061
315,8448,40.0,32.92,,-0.0045294265844859185,4.498447418212891,20,,"0.933262,0.923022,0.992419,1.055068",,,0.660565,1.861061
316,8481,33.0,32.82,,-0.0045294265844859185,4.498447418212891,20,,"0.933262,0.923022,0.992419,1.055068",,,0.660565,1.861061
317,8513,32.0,32.9,,-0.0045294265844859185,4.498447418212891,20,,"0.933262,0.923022,0.992419,1.055068",,,0.660565,1.861061
318,8527,14.0,32.92,,-0.0045294265844859185,4.498447418212891,20,,"0.933262,0.923022,0.992419,1.055068",,,0.660565,1.861061
319,8548,21.0,32.72,,-0.0045294265844859185,4.498447418212891,20,,"0.933262,0.923022,0.992419,1.055068",,,0.660565,1.861061
320,8592,44.0,33.07,,-0.004876710929065233,4.910950183868408,21,,"0.923900,0.916866,1.002188,1.056445",,,0.662848,1.926112
321,8616,24.0,32.93,,-0.004876710929065233,4.911937713623047,21,,"0.923900,0.916866,1.002188,1.056445",,,0.662848,1.926112
322,8635,19.0,32.87,,-0.004876710929065233,4.911937713623047,21,,"0.923900,0.916866,1.002188,1.056445",,,0.662848,1.926112
323,8662,27.0,32.78,,-0.004876710929065233,4.911937713623047,21,,"0.923900,0.916866,1.002188,1.056445",,,0.662848,1.926112
324,8682,20.0,32.83,,-0.004876710929065233,4.911937713623047,21,,"0.923900,0.916866,1.002188,1.056445",,,0.662848,1.926112
325,8802,120.0,33.93,,-0.004876710929065233,4.911937713623047,21,,"0.923900,0.916866,1.002188,1.056445",,,0.662848,1.926112
326,8826,24.0,34.01,,-0.004876710929065233,4.911937713623047,21,,"0.923900,0.916866,1.002188,1.056445",,,0.662848,1.926112
327,8860,34.0,34.02,,-0.004876710929065233,4.911937713623047,21,,"0.923900,0.916866,1.002188,1.056445",,,0.662848,1.926112
328,8941,81.0,34.7,,-0.004876710929065233,4.911937713623047,21,,"0.923900,0.916866,1.002188,1.056445",,,0.662848,1.926112
329,8970,29.0,34.52,,-0.004876710929065233,4.911937713623047,21,,"0.923900,0.916866,1.002188,1.056445",,,0.662848,1.926112
330,9005,35.0,34.76,,-0.004876710929065233,4.911937713623047,21,,"0.923900,0.916866,1.002188,1.056445",,,0.662848,1.926112
331,9019,14.0,34.49,,-0.004876710929065233,4.911937713623047,21,,"0.923900,0.916866,1.002188,1.056445",,,0.662848,1.926112
332,9061,42.0,34.54,,-0.004876710929065233,4.911937713623047,21,,"0.923900,0.916866,1.002188,1.056445",,,0.662848,1.926112
333,9091,30.0,34.21,,-0.004876710929065233,4.911937713623047,21,,"0.923900,0.916866,1.002188,1.056445",,,0.662848,1.926112
334,9107,16.0,33.99,,-0.004876710929065233,4.911937713623047,21,,"0.923900,0.916866,1.002188,1.056445",,,0.662848,1.926112
335,9151,44.0,34.08,,-0.004876710929065233,4.911937713623047,21,,"0.923900,0.916866,1.002188,1.056445",,,0.662848,1.926112
336,9166,15.0,34.07,,-0.005649553368460725,5.263684034347534,22,,"0.914787,0.910732,1.012089,1.057712",,,0.667041,1.994045
337,9194,28.0,34.0,,-0.005649553368460725,5.263684034347534,22,,"0.914787,0.910732,1.012089,1.057712",,,0.667041,1.994045
338,9213,19.0,34.08,,-0.005649553368460725,5.263684034347534,22,,"0.914787,0.910732,1.012089,1.057712",,,0.667041,1.994045
339,9258,45.0,34.41,,-0.005649553368460725,5.263684034347534,22,,"0.914787,0.910732,1.012089,1.057712",,,0.667041,1.994045
340,9323,65.0,34.89,,-0.005649553368460725,5.263684034347534,22,,"0.914787,0.910732,1.012089,1.057712",,,0.667041,1.994045
341,9361,38.0,35.17,,-0.005649553368460725,5.263684034347534,22,,"0.914787,0.910732,1.012089,1.057712",,,0.667041,1.994045
342,9406,45.0,35.43,,-0.005649553368460725,5.263684034347534,22,,"0.914787,0.910732,1.012089,1.057712",,,0.667041,1.994045
343,9432,26.0,35.23,,-0.005649553368460725,5.263684034347534,22,,"0.914787,0.910732,1.012089,1.057712",,,0.667041,1.994045
344,9538,106.0,36.12,,-0.005649553368460725,5.263684034347534,22,,"0.914787,0.910732,1.012089,1.057712",,,0.667041,1.994045
345,9562,24.0,35.92,,-0.005649553368460725,5.263684034347534,22,,"0.914787,0.910732,1.012089,1.057712",,,0.667041,1.994045
346,9587,25.0,35.38,,-0.005649553368460725,5.263684034347534,22,,"0.914787,0.910732,1.012089,1.057712",,,0.667041,1.994045
347,9621,34.0,35.29,,-0.005649553368460725,5.263684034347534,22,,"0.914787,0.910732,1.012089,1.057712",,,0.667041,1.994045
348,9641,20.0,35.27,,-0.005649553368460725,5.263684034347534,22,,"0.914787,0.910732,1.012089,1.057712",,,0.667041,1.994045
349,9655,14.0,35.25,,-0.005649553368460725,5.263684034347534,22,,"0.914787,0.910732,1.012089,1.057712",331.2,207.34068582890333,0.667041,1.994045
350,9689,34.0,35.37,,-0.005649553368460725,5.263684034347534,22,,"0.914787,0.910732,1.012089,1.057712",,,0.667041,1.994045
351,9738,49.0,35.6,,-0.005649553368460725,5.263684034347534,22,,"0.914787,0.910732,1.012089,1.057712",,,0.667041,1.994045
352,9771,33.0,35.75,,-0.006587531427731333,5.546295642852783,23,,"0.906663,0.905162,1.022510,1.060561",,,0.655977,2.069979
353,9827,56.0,36.15,,-0.006587531427731333,5.546295642852783,23,,"0.906663,0.905162,1.022510,1.060561",,,0.655977,2.069979
354,9867,40.0,36.1,,-0.006587531427731333,5.546295642852783,23,,"0.906663,0.905162,1.022510,1.060561",,,0.655977,2.069979
355,9895,28.0,36.08,,-0.006587531427731333,5.546295642852783,23,,"0.906663,0.905162,1.022510,1.060561",,,0.655977,2.069979
356,9919,24.0,36.13,,-0.006587531427731333,5.546295642852783,23,,"0.906663,0.905162,1.022510,1.060561",,,0.655977,2.069979
357,9938,19.0,36.01,,-0.006587531427731333,5.546295642852783,23,,"0.906663,0.905162,1.022510,1.060561",,,0.655977,2.069979
358,9970,32.0,36.05,,-0.006587531427731333,5.546295642852783,23,,"0.906663,0.905162,1.022510,1.060561",,,0.655977,2.069979
359,10018,48.0,36.34,,-0.006587531427731333,5.546295642852783,23,,"0.906663,0.905162,1.022510,1.060561",,,0.655977,2.069979
360,10037,19.0,36.32,,-0.006587531427731333,5.546295642852783,23,,"0.906663,0.905162,1.022510,1.060561",,,0.655977,2.069979
361,10060,23.0,36.44,,-0.006587531427731333,5.546295642852783,23,,"0.906663,0.905162,1.022510,1.060561",,,0.655977,2.069979
362,10103,43.0,36.56,,-0.006587531427731333,5.546295642852783,23,,"0.906663,0.905162,1.022510,1.060561",,,0.655977,2.069979
363,10152,49.0,36.7,,-0.006587531427731333,5.546295642852783,23,,"0.906663,0.905162,1.022510,1.060561",,,0.655977,2.069979
364,10205,53.0,36.8,,-0.006587531427731333,5.546295642852783,23,,"0.906663,0.905162,1.022510,1.060561",,,0.655977,2.069979
365,10282,77.0,37.11,,-0.006587531427731333,5.546295642852783,23,,"0.906663,0.905162,1.022510,1.060561",,,0.655977,2.069979
366,10320,38.0,36.47,,-0.006587531427731333,5.546295642852783,23,,"0.906663,0.905162,1.022510,1.060561",,,0.655977,2.069979
367,10362,42.0,36.52,,-0.006587531427731333,5.546295642852783,23,,"0.906663,0.905162,1.022510,1.060561",,,0.655977,2.069979
368,10372,10.0,36.18,,-0.007826210940644765,5.888690948486328,24,,"0.898734,0.900671,1.033344,1.064897",,,0.664157,2.152827
369,10393,21.0,36.2,,-0.007826210940644765,5.888690948486328,24,,"0.898734,0.900671,1.033344,1.064897",,,0.664157,2.152827
370,10511,118.0,36.98,,-0.007826210940644765,5.888690948486328,24,,"0.898734,0.900671,1.033344,1.064897",,,0.664157,2.152827
371,10546,35.0,36.99,,-0.007826210940644765,5.888690948486328,24,,"0.898734,0.900671,1.033344,1.064897",,,0.664157,2.152827
372,10586,40.0,37.01,,-0.007826210940644765,5.888690948486328,24,,"0.898734,0.900671,1.033344,1.064897",,,0.664157,2.152827
373,10619,33.0,37.05,,-0.007826210940644765,5.888690948486328,24,,"0.898734,0.900671,1.033344,1.064897",,,0.664157,2.152827
374,10656,37.0,37.12,,-0.007826210940644765,5.888690948486328,24,,"0.898734,0.900671,1.033344,1.064897",,,0.664157,2.152827
375,10687,31.0,37.19,,-0.007826210940644765,5.888690948486328,24,,"0.898734,0.900671,1.033344,1.064897",,,0.664157,2.152827
376,10707,20.0,37.2,,-0.007826210940644765,5.888690948486328,24,,"0.898734,0.900671,1.033344,1.064897",,,0.664157,2.152827
377,10723,16.0,36.98,,-0.007826210940644765,5.888690948486328,24,,"0.898734,0.900671,1.033344,1.064897",,,0.664157,2.152827
378,10742,19.0,36.8,,-0.007826210940644765,5.888690948486328,24,,"0.898734,0.900671,1.033344,1.064897",,,0.664157,2.152827
379,10756,14.0,36.59,,-0.007826210940644765,5.888690948486328,24,,"0.898734,0.900671,1.033344,1.064897",,,0.664157,2.152827
380,10800,44.0,36.33,,-0.007826210940644765,5.888690948486328,24,,"0.898734,0.900671,1.033344,1.064897",,,0.664157,2.152827
381,10847,47.0,36.41,,-0.007826210940644765,5.888690948486328,24,,"0.898734,0.900671,1.033344,1.064897",,,0.664157,2.152827
382,10860,13.0,36.14,,-0.007826210940644765,5.888690948486328,24,,"0.898734,0.900671,1.033344,1.064897",,,0.664157,2.152827
383,10883,23.0,36.16,,-0.007826210940644765,5.888690948486328,24,,"0.898734,0.900671,1.033344,1.064897",,,0.664157,2.152827
384,10920,37.0,36.35,,-0.008811421552672982,6.282914876937866,25,,"0.889987,0.895139,1.044566,1.070530",,,0.652824,2.241179
385,10984,64.0,36.56,,-0.008811421552672982,6.282914876937866,25,,"0.889987,0.895139,1.044566,1.070530",,,0.652824,2.241179
386,11017,33.0,36.66,,-0.008811421552672982,6.282914876937866,25,,"0.889987,0.895139,1.044566,1.070530",,,0.652824,2.241179
387,11030,13.0,36.63,,-0.008811421552672982,6.282914876937866,25,,"0.889987,0.895139,1.044566,1.070530",,,0.652824,2.241179
388,11060,30.0,36.21,,-0.008811421552672982,6.282914876937866,25,,"0.889987,0.895139,1.044566,1.070530",,,0.652824,2.241179
389,11093,33.0,36.12,,-0.008811421552672982,6.282914876937866,25,,"0.889987,0.895139,1.044566,1.070530",,,0.652824,2.241179
390,11162,69.0,36.45,,-0.008811421552672982,6.282914876937866,25,,"0.889987,0.895139,1.044566,1.070530",,,0.652824,2.241179
391,11214,52.0,36.49,,-0.008811421552672982,6.282914876937866,25,,"0.889987,0.895139,1.044566,1.070530",,,0.652824,2.241179
392,11246,32.0,36.64,,-0.008811421552672982,6.282914876937866,25,,"0.889987,0.895139,1.044566,1.070530",,,0.652824,2.241179
393,11274,28.0,36.51,,-0.008811421552672982,6.282914876937866,25,,"0.889987,0.895139,1.044566,1.070530",,,0.652824,2.241179
394,11325,51.0,36.65,,-0.008811421552672982,6.282914876937866,25,,"0.889987,0.895139,1.044566,1.070530",,,0.652824,2.241179
395,11392,67.0,37.15,,-0.008811421552672982,6.282914876937866,25,,"0.889987,0.895139,1.044566,1.070530",,,0.652824,2.241179
396,11433,41.0,36.34,,-0.008811421552672982,6.282914876937866,25,,"0.889987,0.895139,1.044566,1.070530",,,0.652824,2.241179
397,11481,48.0,36.54,,-0.008811421552672982,6.282914876937866,25,,"0.889987,0.895139,1.044566,1.070530",,,0.652824,2.241179
398,11600,119.0,37.47,,-0.008811421552672982,6.282914876937866,25,,"0.889987,0.895139,1.044566,1.070530",,,0.652824,2.241179
399,11631,31.0,37.33,,-0.008811421552672982,6.282914876937866,25,,"0.889987,0.895139,1.044566,1.070530",415.8,168.4,0.652824,2.241179
400,11746,115.0,38.21,,-0.009104572102212561,6.724008560180664,26,,"0.881075,0.888257,1.055969,1.075537",,,0.641885,2.329101
401,11775,29.0,38.23,,-0.009104572102212561,6.724008560180664,26,,"0.881075,0.888257,1.055969,1.075537",,,0.641885,2.329101
402,11829,54.0,38.54,,-0.009104572102212561,6.724008560180664,26,,"0.881075,0.888257,1.055969,1.075537",,,0.641885,2.329101
403,11951,122.0,39.5,,-0.009104572102212561,6.724008560180664,26,,"0.881075,0.888257,1.055969,1.075537",,,0.641885,2.329101
404,11980,29.0,39.47,,-0.009104572102212561,6.724008560180664,26,,"0.881075,0.888257,1.055969,1.075537",,,0.641885,2.329101
405,12016,36.0,38.83,,-0.009104572102212561,6.724008560180664,26,,"0.881075,0.888257,1.055969,1.075537",,,0.641885,2.329101
406,12121,105.0,39.73,,-0.009104572102212561,6.724008560180664,26,,"0.881075,0.888257,1.055969,1.075537",,,0.641885,2.329101
407,12156,35.0,39.97,,-0.009104572102212561,6.724008560180664,26,,"0.881075,0.888257,1.055969,1.075537",,,0.641885,2.329101
408,12181,25.0,40.04,,-0.009104572102212561,6.724008560180664,26,,"0.881075,0.888257,1.055969,1.075537",,,0.641885,2.329101
409,12194,13.0,39.92,,-0.009104572102212561,6.725010633468628,26,,"0.881075,0.888257,1.055969,1.075537",,,0.641885,2.329101
410,12234,40.0,40.06,,-0.009104572102212561,6.725010633468628,26,,"0.881075,0.888257,1.055969,1.075537",,,0.641885,2.329101
411,12276,42.0,40.07,,-0.009104572102212561,6.725010633468628,26,,"0.881075,0.888257,1.055969,1.075537",,,0.641885,2.329101
412,12367,91.0,40.73,,-0.009104572102212561,6.725010633468628,26,,"0.881075,0.888257,1.055969,1.075537",,,0.641885,2.329101
413,12403,36.0,40.53,,-0.009104572102212561,6.725010633468628,26,,"0.881075,0.888257,1.055969,1.075537",,,0.641885,2.329101
414,12454,51.0,40.46,,-0.009104572102212561,6.725010633468628,26,,"0.881075,0.888257,1.055969,1.075537",,,0.641885,2.329101
415,12483,29.0,40.35,,-0.009104572102212561,6.725010633468628,26,,"0.881075,0.888257,1.055969,1.075537",,,0.641885,2.329101
416,12508,25.0,40.27,,-0.00977225361081461,7.226343154907227,27,,"0.871326,0.880798,1.067699,1.080959",,,0.648116,2.419706
417,12559,51.0,40.46,,-0.00977225361081461,7.226343154907227,27,,"0.871326,0.880798,1.067699,1.080959",,,0.648116,2.419706
418,12629,70.0,41.02,,-0.00977225361081461,7.226343154907227,27,,"0.871326,0.880798,1.067699,1.080959",,,0.648116,2.419706
419,12683,54.0,41.35,,-0.00977225361081461,7.226343154907227,27,,"0.871326,0.880798,1.067699,1.080959",,,0.648116,2.419706
420,12746,63.0,41.54,,-0.00977225361081461,7.226343154907227,27,,"0.871326,0.880798,1.067699,1.080959",,,0.648116,2.419706
421,12838,92.0,42.22,,-0.00977225361081461,7.226343154907227,27,,"0.871326,0.880798,1.067699,1.080959",,,0.648116,2.419706
422,12878,40.0,42.43,,-0.00977225361081461,7.226343154907227,27,,"0.871326,0.880798,1.067699,1.080959",,,0.648116,2.419706
423,12947,69.0,42.85,,-0.00977225361081461,7.226343154907227,27,,"0.871326,0.880798,1.067699,1.080959",,,0.648116,2.419706
424,13033,86.0,43.51,,-0.00977225361081461,7.226343154907227,27,,"0.871326,0.880798,1.067699,1.080959",,,0.648116,2.419706
425,13152,119.0,43.5,,-0.00977225361081461,7.226343154907227,27,,"0.871326,0.880798,1.067699,1.080959",,,0.648116,2.419706
426,13302,150.0,44.76,,-0.00977225361081461,7.226343154907227,27,,"0.871326,0.880798,1.067699,1.080959",,,0.648116,2.419706
427,13320,18.0,44.6,,-0.00977225361081461,7.226343154907227,27,,"0.871326,0.880798,1.067699,1.080959",,,0.648116,2.419706
428,13442,122.0,45.01,,-0.00977225361081461,7.226343154907227,27,,"0.871326,0.880798,1.067699,1.080959",,,0.648116,2.419706
429,13474,32.0,45.04,,-0.00977225361081461,7.226343154907227,27,,"0.871326,0.880798,1.067699,1.080959",,,0.648116,2.419706
430,13527,53.0,45.22,,-0.00977225361081461,7.226343154907227,27,,"0.871326,0.880798,1.067699,1.080959",,,0.648116,2.419706
431,13564,37.0,45.45,,-0.00977225361081461,7.226343154907227,27,,"0.871326,0.880798,1.067699,1.080959",,,0.648116,2.419706
432,13596,32.0,45.35,,-0.010216964683162846,7.768147945404053,28,,"0.863803,0.874578,1.079729,1.087014",,,0.633589,2.512261
433,13642,46.0,45.51,,-0.010216964683162846,7.768147945404053,28,,"0.863803,0.874578,1.079729,1.087014",,,0.633589,2.512261
434,13769,127.0,46.62,,-0.010216964683162846,7.768147945404053,28,,"0.863803,0.874578,1.079729,1.087014",,,0.633589,2.512261
435,13846,77.0,46.95,,-0.010216964683162846,7.768147945404053,28,,"0.863803,0.874578,1.079729,1.087014",,,0.633589,2.512261
436,13923,77.0,47.57,,-0.010216964683162846,7.769134998321533,28,,"0.863803,0.874578,1.079729,1.087014",,,0.633589,2.512261
437,13974,51.0,47.8,,-0.010216964683162846,7.769134998321533,28,,"0.863803,0.874578,1.079729,1.087014",,,0.633589,2.512261
438,14030,56.0,48.17,,-0.010216964683162846,7.769134998321533,28,,"0.863803,0.874578,1.079729,1.087014",,,0.633589,2.512261
439,14081,51.0,48.23,,-0.010216964683162846,7.769134998321533,28,,"0.863803,0.874578,1.079729,1.087014",,,0.633589,2.512261
440,14135,54.0,48.12,,-0.010216964683162846,7.769134998321533,28,,"0.863803,0.874578,1.079729,1.087014",,,0.633589,2.512261
441,14253,118.0,48.92,,-0.010216964683162846,7.769134998321533,28,,"0.863803,0.874578,1.079729,1.087014",,,0.633589,2.512261
442,14295,42.0,48.89,,-0.010216964683162846,7.769134998321533,28,,"0.863803,0.874578,1.079729,1.087014",,,0.633589,2.512261
443,14344,49.0,49.12,,-0.010216964683162846,7.769134998321533,28,,"0.863803,0.874578,1.079729,1.087014",,,0.633589,2.512261
444,14478,134.0,49.4,,-0.010216964683162846,7.769134998321533,28,,"0.863803,0.874578,1.079729,1.087014",,,0.633589,2.512261
445,14530,52.0,49.68,,-0.010216964683162846,7.769134998321533,28,,"0.863803,0.874578,1.079729,1.087014",,,0.633589,2.512261
446,14605,75.0,50.18,,-0.010216964683162846,7.769134998321533,28,,"0.863803,0.874578,1.079729,1.087014",,,0.633589,2.512261
447,14633,28.0,50.12,,-0.010216964683162846,7.769134998321533,28,,"0.863803,0.874578,1.079729,1.087014",,,0.633589,2.512261
448,14654,21.0,50.13,,-0.010511962255334547,8.367679357528687,29,,"0.855127,0.868264,1.091977,1.093552",,,0.635052,2.604844
449,14777,123.0,51.22,,-0.010511962255334547,8.367679357528687,29,,"0.855127,0.868264,1.091977,1.093552",165.4,88.43664398879008,0.635052,2.604844
450,14871,94.0,51.82,,-0.010511962255334547,8.367679357528687,29,,"0.855127,0.868264,1.091977,1.093552",,,0.635052,2.604844
451,14938,67.0,52.0,,-0.010511962255334547,8.367679357528687,29,,"0.855127,0.868264,1.091977,1.093552",,,0.635052,2.604844
452,15051,113.0,52.8,,-0.010511962255334547,8.367679357528687,29,,"0.855127,0.868264,1.091977,1.093552",,,0.635052,2.604844
453,15109,58.0,52.82,,-0.010511962255334547,8.367679357528687,29,,"0.855127,0.868264,1.091977,1.093552",,,0.635052,2.604844
454,15165,56.0,52.98,,-0.010511962255334547,8.3687424659729,29,,"0.855127,0.868264,1.091977,1.093552",,,0.635052,2.604844
455,15216,51.0,53.21,,-0.010511962255334547,8.3687424659729,29,,"0.855127,0.868264,1.091977,1.093552",,,0.635052,2.604844
456,15282,66.0,53.63,,-0.010511962255334547,8.3687424659729,29,,"0.855127,0.868264,1.091977,1.093552",,,0.635052,2.604844
457,15445,163.0,55.07,,-0.010511962255334547,8.3687424659729,29,,"0.855127,0.868264,1.091977,1.093552",,,0.635052,2.604844
458,15524,79.0,55.54,,-0.010511962255334547,8.3687424659729,29,,"0.855127,0.868264,1.091977,1.093552",,,0.635052,2.604844
459,15575,51.0,55.57,,-0.010511962255334547,8.3687424659729,29,,"0.855127,0.868264,1.091977,1.093552",,,0.635052,2.604844
460,15591,16.0,55.54,,-0.010511962255334547,8.3687424659729,29,,"0.855127,0.868264,1.091977,1.093552",,,0.635052,2.604844
461,15751,160.0,56.91,,-0.010511962255334547,8.3687424659729,29,,"0.855127,0.868264,1.091977,1.093552",,,0.635052,2.604844
462,15904,153.0,58.01,,-0.010511962255334547,8.3687424659729,29,,"0.855127,0.868264,1.091977,1.093552",,,0.635052,2.604844
463,15952,48.0,58.0,,-0.010511962255334547,8.3687424659729,29,,"0.855127,0.868264,1.091977,1.093552",,,0.635052,2.604844
464,15998,46.0,57.93,,-0.010779200998755793,8.89579153060913,30,,"0.845800,0.861641,1.104092,1.100656",,,0.632722,2.697299
465,16126,128.0,58.44,,-0.010779200998755793,8.89579153060913,30,,"0.845800,0.861641,1.104092,1.100656",,,0.632722,2.697299
466,16156,30.0,58.36,,-0.010779200998755793,8.89579153060913,30,,"0.845800,0.861641,1.104092,1.100656",,,0.632722,2.697299
467,16264,108.0,59.02,,-0.010779200998755793,8.89579153060913,30,,"0.845800,0.861641,1.104092,1.100656",,,0.632722,2.697299
468,16363,99.0,59.91,,-0.010779200998755793,8.89579153060913,30,,"0.845800,0.861641,1.104092,1.100656",,,0.632722,2.697299
469,16464,101.0,60.71,,-0.010779200998755793,8.89579153060913,30,,"0.845800,0.861641,1.104092,1.100656",,,0.632722,2.697299
470,16523,59.0,60.12,,-0.010779200998755793,8.89579153060913,30,,"0.845800,0.861641,1.104092,1.100656",,,0.632722,2.697299
471,16623,100.0,60.77,,-0.010779200998755793,8.89579153060913,30,,"0.845800,0.861641,1.104092,1.100656",,,0.632722,2.697299
472,16739,116.0,61.53,,-0.010779200998755793,8.89579153060913,30,,"0.845800,0.861641,1.104092,1.100656",,,0.632722,2.697299
473,16847,108.0,62.28,,-0.010779200998755793,8.89579153060913,30,,"0.845800,0.861641,1.104092,1.100656",,,0.632722,2.697299
474,16954,107.0,62.98,,-0.010779200998755793,8.89579153060913,30,,"0.845800,0.861641,1.104092,1.100656",,,0.632722,2.697299
475,17082,128.0,63.95,,-0.010779200998755793,8.89579153060913,30,,"0.845800,0.861641,1.104092,1.100656",,,0.632722,2.697299
476,17108,26.0,64.01,,-0.010779200998755793,8.89579153060913,30,,"0.845800,0.861641,1.104092,1.100656",,,0.632722,2.697299
477,17160,52.0,64.37,,-0.010779200998755793,8.89579153060913,30,,"0.845800,0.861641,1.104092,1.100656",,,0.632722,2.697299
478,17208,48.0,64.66,,-0.010779200998755793,8.89579153060913,30,,"0.845800,0.861641,1.104092,1.100656",,,0.632722,2.697299
479,17241,33.0,64.85,,-0.010779200998755793,8.89579153060913,30,,"0.845800,0.861641,1.104092,1.100656",,,0.632722,2.697299
480,17341,100.0,65.41,,-0.01115518616842887,9.495181322097778,31,,"0.837401,0.855312,1.116479,1.107523",,,0.618124,2.791894
481,17503,162.0,66.56,,-0.01115518616842887,9.495181322097778,31,,"0.837401,0.855312,1.116479,1.107523",,,0.618124,2.791894
482,17555,52.0,66.95,,-0.01115518616842887,9.495181322097778,31,,"0.837401,0.855312,1.116479,1.107523",,,0.618124,2.791894
483,17635,80.0,67.52,,-0.01115518616842887,9.495181322097778,31,,"0.837401,0.855312,1.116479,1.107523",,,0.618124,2.791894
484,17675,40.0,67.55,,-0.01115518616842887,9.495181322097778,31,,"0.837401,0.855312,1.116479,1.107523",,,0.618124,2.791894
485,17720,45.0,67.36,,-0.01115518616842887,9.496198654174805,31,,"0.837401,0.855312,1.116479,1.107523",,,0.618124,2.791894
486,17795,75.0,67.78,,-0.01115518616842887,9.496198654174805,31,,"0.837401,0.855312,1.116479,1.107523",,,0.618124,2.791894
487,17875,80.0,68.45,,-0.01115518616842887,9.496198654174805,31,,"0.837401,0.855312,1.116479,1.107523",,,0.618124,2.791894
488,17998,123.0,69.38,,-0.01115518616842887,9.496198654174805,31,,"0.837401,0.855312,1.116479,1.107523",,,0.618124,2.791894
489,18062,64.0,69.69,,-0.01115518616842887,9.496198654174805,31,,"0.837401,0.855312,1.116479,1.107523",,,0.618124,2.791894
490,18127,65.0,69.65,,-0.01115518616842887,9.496198654174805,31,,"0.837401,0.855312,1.116479,1.107523",,,0.618124,2.791894
491,18249,122.0,70.35,,-0.01115518616842887,9.496198654174805,31,,"0.837401,0.855312,1.116479,1.107523",,,0.618124,2.791894
492,18305,56.0,70.59,,-0.01115518616842887,9.496198654174805,31,,"0.837401,0.855312,1.116479,1.107523",,,0.618124,2.791894
493,18326,21.0,70.52,,-0.01115518616842887,9.496198654174805,31,,"0.837401,0.855312,1.116479,1.107523",,,0.618124,2.791894
494,18366,40.0,70.41,,-0.01115518616842887,9.496198654174805,31,,"0.837401,0.855312,1.116479,1.107523",,,0.618124,2.791894
495,18427,61.0,70.35,,-0.01115518616842887,9.496198654174805,31,,"0.837401,0.855312,1.116479,1.107523",,,0.618124,2.791894
496,18483,56.0,70.5,,-0.011248423666984309,10.183966398239136,32,,"0.828029,0.847360,1.129170,1.114351",,,0.616254,2.883365
497,18583,100.0,71.02,,-0.011248423666984309,10.183966398239136,32,,"0.828029,0.847360,1.129170,1.114351",,,0.616254,2.883365
498,18785,202.0,71.85,,-0.011248423666984309,10.183966398239136,32,,"0.828029,0.847360,1.129170,1.114351",,,0.616254,2.883365
499,18848,63.0,72.17,,-0.011248423666984309,10.183966398239136,32,,"0.828029,0.847360,1.129170,1.114351",163.0,75.12123534660489,0.616254,2.883365
500,18932,84.0,71.86,,-0.011248423666984309,10.183966398239136,32,,"0.828029,0.847360,1.129170,1.114351",,,0.616254,2.883365
501,19026,94.0,72.51,,-0.011248423666984309,10.183966398239136,32,,"0.828029,0.847360,1.129170,1.114351",,,0.616254,2.883365
502,19090,64.0,72.61,,-0.011248423666984309,10.183966398239136,32,,"0.828029,0.847360,1.129170,1.114351",,,0.616254,2.883365
503,19155,65.0,72.04,,-0.011248423666984309,10.183966398239136,32,,"0.828029,0.847360,1.129170,1.114351",,,0.616254,2.883365
504,19185,30.0,72.05,,-0.011248423666984309,10.183966398239136,32,,"0.828029,0.847360,1.129170,1.114351",,,0.616254,2.883365
505,19294,109.0,72.78,,-0.011248423666984309,10.183966398239136,32,,"0.828029,0.847360,1.129170,1.114351",,,0.616254,2.883365
506,19407,113.0,72.86,,-0.011248423666984309,10.183966398239136,32,,"0.828029,0.847360,1.129170,1.114351",,,0.616254,2.883365
507,19480,73.0,73.24,,-0.011248423666984309,10.183966398239136,32,,"0.828029,0.847360,1.129170,1.114351",,,0.616254,2.883365
508,19508,28.0,73.27,,-0.011248423666984309,10.183966398239136,32,,"0.828029,0.847360,1.129170,1.114351",,,0.616254,2.883365
509,19605,97.0,74.11,,-0.011248423666984309,10.183966398239136,32,,"0.828029,0.847360,1.129170,1.114351",,,0.616254,2.883365
510,19682,77.0,74.48,,-0.011248423666984309,10.183966398239136,32,,"0.828029,0.847360,1.129170,1.114351",,,0.616254,2.883365
511,19761,79.0,74.85,,-0.011248423666984309,10.183966398239136,32,,"0.828029,0.847360,1.129170,1.114351",,,0.616254,2.883365
512,19919,158.0,75.52,,-0.011438023644697034,10.900121927261353,33,,"0.822338,0.838206,1.142141,1.121805",,,0.607177,2.973639
513,19978,59.0,75.75,,-0.011438023644697034,10.900121927261353,33,,"0.822338,0.838206,1.142141,1.121805",,,0.607177,2.973639
514,20139,161.0,76.85,,-0.011438023644697034,10.900121927261353,33,,"0.822338,0.838206,1.142141,1.121805",,,0.607177,2.973639
515,20241,102.0,77.58,,-0.011438023644697034,10.900121927261353,33,,"0.822338,0.838206,1.142141,1.121805",,,0.607177,2.973639
516,20317,76.0,78.09,,-0.011438023644697034,10.900121927261353,33,,"0.822338,0.838206,1.142141,1.121805",,,0.607177,2.973639
517,20553,236.0,79.94,,-0.011438023644697034,10.900121927261353,33,,"0.822338,0.838206,1.142141,1.121805",,,0.607177,2.973639
518,20585,32.0,79.56,,-0.011438023644697034,10.900121927261353,33,,"0.822338,0.838206,1.142141,1.121805",,,0.607177,2.973639
519,20633,48.0,79.5,,-0.011438023644697034,10.900121927261353,33,,"0.822338,0.838206,1.142141,1.121805",,,0.607177,2.973639
520,20707,74.0,79.61,,-0.011438023644697034,10.90067744255066,33,,"0.822338,0.838206,1.142141,1.121805",,,0.607177,2.973639
521,20734,27.0,78.96,,-0.011438023644697034,10.90067744255066,33,,"0.822338,0.838206,1.142141,1.121805",,,0.607177,2.973639
522,20788,54.0,79.1,,-0.011438023644697034,10.90067744255066,33,,"0.822338,0.838206,1.142141,1.121805",,,0.607177,2.973639
523,20900,112.0,79.53,,-0.011438023644697034,10.90067744255066,33,,"0.822338,0.838206,1.142141,1.121805",,,0.607177,2.973639
524,20914,14.0,78.81,,-0.011438023644697034,10.90067744255066,33,,"0.822338,0.838206,1.142141,1.121805",,,0.607177,2.973639
525,20971,57.0,78.19,,-0.011438023644697034,10.90067744255066,33,,"0.822338,0.838206,1.142141,1.121805",,,0.607177,2.973639
526,21078,107.0,77.76,,-0.011438023644697034,10.90067744255066,33,,"0.822338,0.838206,1.142141,1.121805",,,0.607177,2.973639
527,21180,102.0,78.6,,-0.011438023644697034,10.90067744255066,33,,"0.822338,0.838206,1.142141,1.121805",,,0.607177,2.973639
528,21231,51.0,77.89,,-0.011705851846593706,11.600820302963257,34,,"0.814501,0.828023,1.155345,1.129649",,,0.611529,3.063226
529,21352,121.0,78.78,,-0.011705851846593706,11.600820302963257,34,,"0.814501,0.828023,1.155345,1.129649",,,0.611529,3.063226
530,21406,54.0,78.79,,-0.011705851846593706,11.600820302963257,34,,"0.814501,0.828023,1.155345,1.129649",,,0.611529,3.063226
531,21494,88.0,79.3,,-0.011705851846593706,11.600820302963257,34,,"0.814501,0.828023,1.155345,1.129649",,,0.611529,3.063226
532,21533,39.0,79.37,,-0.011705851846593706,11.600820302963257,34,,"0.814501,0.828023,1.155345,1.129649",,,0.611529,3.063226
533,21630,97.0,79.88,,-0.011705851846593706,11.600820302963257,34,,"0.814501,0.828023,1.155345,1.129649",,,0.611529,3.063226
534,21773,143.0,80.04,,-0.011705851846593706,11.600820302963257,34,,"0.814501,0.828023,1.155345,1.129649",,,0.611529,3.063226
535,21985,212.0,81.39,,-0.011705851846593706,11.600820302963257,34,,"0.814501,0.828023,1.155345,1.129649",,,0.611529,3.063226
536,22062,77.0,81.39,,-0.011705851846593706,11.600820302963257,34,,"0.814501,0.828023,1.155345,1.129649",,,0.611529,3.063226
537,22095,33.0,81.21,,-0.011705851846593706,11.600820302963257,34,,"0.814501,0.828023,1.155345,1.129649",,,0.611529,3.063226
538,22180,85.0,81.5,,-0.011705851846593706,11.600820302963257,34,,"0.814501,0.828023,1.155345,1.129649",,,0.611529,3.063226
539,22233,53.0,81.52,,-0.011705851846593706,11.600820302963257,34,,"0.814501,0.828023,1.155345,1.129649",,,0.611529,3.063226
540,22355,122.0,82.2,,-0.011705851846593706,11.600820302963257,34,,"0.814501,0.828023,1.155345,1.129649",,,0.611529,3.063226
541,22404,49.0,81.51,,-0.011705851846593706,11.600820302963257,34,,"0.814501,0.828023,1.155345,1.129649",,,0.611529,3.063226
542,22460,56.0,81.65,,-0.011705851846593706,11.600820302963257,34,,"0.814501,0.828023,1.155345,1.129649",,,0.611529,3.063226
543,22590,130.0,82.46,,-0.011705851846593706,11.600820302963257,34,,"0.814501,0.828023,1.155345,1.129649",,,0.611529,3.063226
544,22709,119.0,82.31,,-0.012407023892072695,12.423582315444946,35,,"0.808262,0.817884,1.168781,1.138042",,,0.605910,3.156401
545,22819,110.0,82.89,,-0.012407023892072695,12.423582315444946,35,,"0.808262,0.817884,1.168781,1.138042",,,0.605910,3.156401
546,22844,25.0,82.39,,-0.012407023892072695,12.423582315444946,35,,"0.808262,0.817884,1.168781,1.138042",,,0.605910,3.156401
547,22945,101.0,83.12,,-0.012407023892072695,12.423582315444946,35,,"0.808262,0.817884,1.168781,1.138042",,,0.605910,3.156401
548,23078,133.0,84.24,,-0.012407023892072695,12.423582315444946,35,,"0.808262,0.817884,1.168781,1.138042",,,0.605910,3.156401
549,23195,117.0,84.18,,-0.012407023892072695,12.423582315444946,35,,"0.808262,0.817884,1.168781,1.138042",243.8,46.87600665585753,0.605910,3.156401
550,23404,209.0,85.33,,-0.012407023892072695,12.423582315444946,35,,"0.808262,0.817884,1.168781,1.138042",,,0.605910,3.156401
551,23485,81.0,85.47,,-0.012407023892072695,12.423582315444946,35,,"0.808262,0.817884,1.168781,1.138042",,,0.605910,3.156401
552,23676,191.0,86.25,,-0.012407023892072695,12.423582315444946,35,,"0.808262,0.817884,1.168781,1.138042",,,0.605910,3.156401
553,23850,174.0,87.41,,-0.012407023892072695,12.423582315444946,35,,"0.808262,0.817884,1.168781,1.138042",,,0.605910,3.156401
554,24001,151.0,88.36,,-0.012407023892072695,12.423582315444946,35,,"0.808262,0.817884,1.168781,1.138042",,,0.605910,3.156401
555,24070,69.0,88.54,,-0.012407023892072695,12.423582315444946,35,,"0.808262,0.817884,1.168781,1.138042",,,0.605910,3.156401
556,24124,54.0,88.42,,-0.012407023892072695,12.423582315444946,35,,"0.808262,0.817884,1.168781,1.138042",,,0.605910,3.156401
557,24180,56.0,87.35,,-0.012407023892072695,12.423582315444946,35,,"0.808262,0.817884,1.168781,1.138042",,,0.605910,3.156401
558,24310,130.0,87.86,,-0.012407023892072695,12.423582315444946,35,,"0.808262,0.817884,1.168781,1.138042",,,0.605910,3.156401
559,24442,132.0,88.67,,-0.012407023892072695,12.423582315444946,35,,"0.808262,0.817884,1.168781,1.138042",,,0.605910,3.156401
560,24562,120.0,89.71,,-0.012838115249501748,13.297487258911133,36,,"0.800039,0.806856,1.182133,1.146996",,,0.605961,3.249967
561,24645,83.0,88.94,,-0.012838115249501748,13.297487258911133,36,,"0.800039,0.806856,1.182133,1.146996",,,0.605961,3.249967
562,24710,65.0,88.06,,-0.012838115249501748,13.297487258911133,36,,"0.800039,0.806856,1.182133,1.146996",,,0.605961,3.249967
563,24775,65.0,88.23,,-0.012838115249501748,13.297487258911133,36,,"0.800039,0.806856,1.182133,1.146996",,,0.605961,3.249967
564,24878,103.0,88.8,,-0.012838115249501748,13.297487258911133,36,,"0.800039,0.806856,1.182133,1.146996",,,0.605961,3.249967
565,25099,221.0,89.73,,-0.012838115249501748,13.297487258911133,36,,"0.800039,0.806856,1.182133,1.146996",,,0.605961,3.249967
566,25230,131.0,90.74,,-0.012838115249501748,13.297487258911133,36,,"0.800039,0.806856,1.182133,1.146996",,,0.605961,3.249967
567,25371,141.0,91.07,,-0.012838115249501748,13.297487258911133,36,,"0.800039,0.806856,1.182133,1.146996",,,0.605961,3.249967
568,25485,114.0,91.22,,-0.012838115249501748,13.297487258911133,36,,"0.800039,0.806856,1.182133,1.146996",,,0.605961,3.249967
569,25662,177.0,91.98,,-0.012838115249501748,13.297487258911133,36,,"0.800039,0.806856,1.182133,1.146996",,,0.605961,3.249967
570,25759,97.0,92.36,,-0.012838115249501748,13.297487258911133,36,,"0.800039,0.806856,1.182133,1.146996",,,0.605961,3.249967
571,25886,127.0,92.63,,-0.012838115249501748,13.297487258911133,36,,"0.800039,0.806856,1.182133,1.146996",,,0.605961,3.249967
572,25932,46.0,91.93,,-0.012838115249501748,13.297487258911133,36,,"0.800039,0.806856,1.182133,1.146996",,,0.605961,3.249967
573,26065,133.0,92.18,,-0.012838115249501748,13.297487258911133,36,,"0.800039,0.806856,1.182133,1.146996",,,0.605961,3.249967
574,26192,127.0,92.38,,-0.012838115249501748,13.298786878585815,36,,"0.800039,0.806856,1.182133,1.146996",,,0.605961,3.249967
575,26326,134.0,92.44,,-0.012838115249501748,13.298786878585815,36,,"0.800039,0.806856,1.182133,1.146996",,,0.605961,3.249967
576,26518,192.0,94.1,,-0.013134918660177169,14.21651005744934,37,,"0.790357,0.795304,1.195395,1.155979",,,0.600792,3.341572
577,26630,112.0,94.7,,-0.013134918660177169,14.21651005744934,37,,"0.790357,0.795304,1.195395,1.155979",,,0.600792,3.341572
578,26754,124.0,95.46,,-0.013134918660177169,14.21651005744934,37,,"0.790357,0.795304,1.195395,1.155979",,,0.600792,3.341572
579,26880,126.0,96.39,,-0.013134918660177169,14.21651005744934,37,,"0.790357,0.795304,1.195395,1.155979",,,0.600792,3.341572
580,27028,148.0,96.87,,-0.013134918660177169,14.21651005744934,37,,"0.790357,0.795304,1.195395,1.155979",,,0.600792,3.341572
581,27137,109.0,96.34,,-0.013134918660177169,14.21651005744934,37,,"0.790357,0.795304,1.195395,1.155979",,,0.600792,3.341572
582,27406,269.0,98.51,,-0.013134918660177169,14.21651005744934,37,,"0.790357,0.795304,1.195395,1.155979",,,0.600792,3.341572
583,27519,113.0,98.84,,-0.013134918660177169,14.21651005744934,37,,"0.790357,0.795304,1.195395,1.155979",,,0.600792,3.341572
584,27593,74.0,99.18,,-0.013134918660177169,14.21651005744934,37,,"0.790357,0.795304,1.195395,1.155979",,,0.600792,3.341572
585,27718,125.0,99.98,,-0.013134918660177169,14.21651005744934,37,,"0.790357,0.795304,1.195395,1.155979",,,0.600792,3.341572
586,27862,144.0,100.67,,-0.013134918660177169,14.21651005744934,37,,"0.790357,0.795304,1.195395,1.155979",,,0.600792,3.341572
587,27988,126.0,101.13,,-0.013134918660177169,14.21651005744934,37,,"0.790357,0.795304,1.195395,1.155979",,,0.600792,3.341572
588,28118,130.0,101.2,,-0.013134918660177169,14.21651005744934,37,,"0.790357,0.795304,1.195395,1.155979",,,0.600792,3.341572
589,28157,39.0,100.95,,-0.013134918660177169,14.21651005744934,37,,"0.790357,0.795304,1.195395,1.155979",,,0.600792,3.341572
590,28270,113.0,101.43,,-0.013134918660177169,14.21651005744934,37,,"0.790357,0.795304,1.195395,1.155979",,,0.600792,3.341572
591,28382,112.0,101.33,,-0.013134918660177169,14.21651005744934,37,,"0.790357,0.795304,1.195395,1.155979",,,0.600792,3.341572
592,28552,170.0,102.47,,-0.013336482660011634,15.169683933258057,38,,"0.782512,0.783103,1.208890,1.164503",,,0.586474,3.430891
593,28612,60.0,102.86,,-0.013336482660011634,15.169683933258057,38,,"0.782512,0.783103,1.208890,1.164503",,,0.586474,3.430891
594,28846,234.0,104.8,,-0.013336482660011634,15.169683933258057,38,,"0.782512,0.783103,1.208890,1.164503",,,0.586474,3.430891
595,29072,226.0,106.45,,-0.013336482660011634,15.169683933258057,38,,"0.782512,0.783103,1.208890,1.164503",,,0.586474,3.430891
596,29098,26.0,106.15,,-0.013336482660011634,15.169683933258057,38,,"0.782512,0.783103,1.208890,1.164503",,,0.586474,3.430891
597,29185,87.0,106.02,,-0.013336482660011634,15.169683933258057,38,,"0.782512,0.783103,1.208890,1.164503",,,0.586474,3.430891
598,29402,217.0,106.17,,-0.013336482660011634,15.169683933258057,38,,"0.782512,0.783103,1.208890,1.164503",,,0.586474,3.430891
599,29545,143.0,106.97,,-0.013336482660011634,15.169683933258057,38,,"0.782512,0.783103,1.208890,1.164503",492.8,14.4,0.586474,3.430891
600,29728,183.0,107.96,,-0.013336482660011634,15.169683933258057,38,,"0.782512,0.783103,1.208890,1.164503",,,0.586474,3.430891
601,29756,28.0,107.3,,-0.013336482660011634,15.169683933258057,38,,"0.782512,0.783103,1.208890,1.164503",,,0.586474,3.430891
602,29965,209.0,108.75,,-0.013336482660011634,15.169683933258057,38,,"0.782512,0.783103,1.208890,1.164503",,,0.586474,3.430891
603,30093,128.0,109.38,,-0.013336482660011634,15.169683933258057,38,,"0.782512,0.783103,1.208890,1.164503",,,0.586474,3.430891
604,30233,140.0,110.48,,-0.013336482660011634,15.169683933258057,38,,"0.782512,0.783103,1.208890,1.164503",,,0.586474,3.430891
605,30349,116.0,110.55,,-0.013336482660011634,15.169683933258057,38,,"0.782512,0.783103,1.208890,1.164503",,,0.586474,3.430891
606,30484,135.0,110.77,,-0.013336482660011634,15.169683933258057,38,,"0.782512,0.783103,1.208890,1.164503",,,0.586474,3.430891
607,30581,97.0,111.01,,-0.013336482660011634,15.169683933258057,38,,"0.782512,0.783103,1.208890,1.164503",,,0.586474,3.430891
608,30609,28.0,111.01,,-0.013601544868344298,16.646599531173706,39,,"0.774269,0.770347,1.222310,1.172887",,,0.591560,3.516520
609,30729,120.0,111.24,,-0.013601544868344298,16.647626876831055,39,,"0.774269,0.770347,1.222310,1.172887",,,0.591560,3.516520
610,30868,139.0,111.86,,-0.013601544868344298,16.647626876831055,39,,"0.774269,0.770347,1.222310,1.172887",,,0.591560,3.516520
611,31117,249.0,113.56,,-0.013601544868344298,16.647626876831055,39,,"0.774269,0.770347,1.222310,1.172887",,,0.591560,3.516520
612,31302,185.0,113.83,,-0.013601544868344298,16.647626876831055,39,,"0.774269,0.770347,1.222310,1.172887",,,0.591560,3.516520
613,31589,287.0,116.11,,-0.013601544868344298,16.647626876831055,39,,"0.774269,0.770347,1.222310,1.172887",,,0.591560,3.516520
614,31806,217.0,116.67,,-0.013601544868344298,16.647626876831055,39,,"0.774269,0.770347,1.222310,1.172887",,,0.591560,3.516520
615,32020,214.0,117.79,,-0.013601544868344298,16.647626876831055,39,,"0.774269,0.770347,1.222310,1.172887",,,0.591560,3.516520
616,32147,127.0,118.3,,-0.013601544868344298,16.647626876831055,39,,"0.774269,0.770347,1.222310,1.172887",,,0.591560,3.516520
617,32362,215.0,118.09,,-0.013601544868344298,16.647626876831055,39,,"0.774269,0.770347,1.222310,1.172887",,,0.591560,3.516520
618,32519,157.0,119.34,,-0.013601544868344298,16.647626876831055,39,,"0.774269,0.770347,1.222310,1.172887",,,0.591560,3.516520
619,32775,256.0,121.42,,-0.013601544868344298,16.647626876831055,39,,"0.774269,0.770347,1.222310,1.172887",,,0.591560,3.516520
620,32927,152.0,122.2,,-0.013601544868344298,16.647626876831055,39,,"0.774269,0.770347,1.222310,1.172887",,,0.591560,3.516520
621,33028,101.0,122.94,,-0.013601544868344298,16.647626876831055,39,,"0.774269,0.770347,1.222310,1.172887",,,0.591560,3.516520
622,33461,433.0,126.73,,-0.013601544868344298,16.647626876831055,39,,"0.774269,0.770347,1.222310,1.172887",,,0.591560,3.516520
623,33558,97.0,126.58,,-0.013601544868344298,16.647626876831055,39,,"0.774269,0.770347,1.222310,1.172887",,,0.591560,3.516520
624,33744,186.0,128.3,,-0.013892645394662395,18.136234998703003,40,,"0.765047,0.758659,1.235392,1.181249",,,0.591087,3.599427
625,33837,93.0,128.66,,-0.013892645394662395,18.137251615524292,40,,"0.765047,0.758659,1.235392,1.181249",,,0.591087,3.599427
626,33942,105.0,128.64,,-0.013892645394662395,18.137251615524292,40,,"0.765047,0.758659,1.235392,1.181249",,,0.591087,3.599427
627,34194,252.0,130.14,,-0.013892645394662395,18.137251615524292,40,,"0.765047,0.758659,1.235392,1.181249",,,0.591087,3.599427
628,34617,423.0,133.86,,-0.013892645394662395,18.137251615524292,40,,"0.765047,0.758659,1.235392,1.181249",,,0.591087,3.599427
629,34884,267.0,135.32,,-0.013892645394662395,18.137251615524292,40,,"0.765047,0.758659,1.235392,1.181249",,,0.591087,3.599427
630,35119,235.0,137.13,,-0.013892645394662395,18.137251615524292,40,,"0.765047,0.758659,1.235392,1.181249",,,0.591087,3.599427
631,35402,283.0,139.08,,-0.013892645394662395,18.137251615524292,40,,"0.765047,0.758659,1.235392,1.181249",,,0.591087,3.599427
632,35645,243.0,141.12,,-0.013892645394662395,18.137251615524292,40,,"0.765047,0.758659,1.235392,1.181249",,,0.591087,3.599427
633,35769,124.0,141.39,,-0.013892645394662395,18.137251615524292,40,,"0.765047,0.758659,1.235392,1.181249",,,0.591087,3.599427
634,36077,308.0,143.04,,-0.013892645394662395,18.137251615524292,40,,"0.765047,0.758659,1.235392,1.181249",,,0.591087,3.599427
635,36323,246.0,143.38,,-0.013892645394662395,18.137251615524292,40,,"0.765047,0.758659,1.235392,1.181249",,,0.591087,3.599427
636,36441,118.0,143.79,,-0.013892645394662395,18.137251615524292,40,,"0.765047,0.758659,1.235392,1.181249",,,0.591087,3.599427
637,36635,194.0,145.4,,-0.013892645394662395,18.137251615524292,40,,"0.765047,0.758659,1.235392,1.181249",,,0.591087,3.599427
638,36832,197.0,146.52,,-0.013892645394662395,18.137251615524292,40,,"0.765047,0.758659,1.235392,1.181249",,,0.591087,3.599427
639,36955,123.0,147.22,,-0.013892645394662395,18.137251615524292,40,,"0.765047,0.758659,1.235392,1.181249",,,0.591087,3.599427
640,37164,209.0,148.09,,-0.01422150229194724,19.50233030319214,41,,"0.754812,0.746693,1.248247,1.189485",,,0.583228,3.680567
641,37410,246.0,150.06,,-0.01422150229194724,19.50233030319214,41,,"0.754812,0.746693,1.248247,1.189485",,,0.583228,3.680567
642,37639,229.0,151.79,,-0.01422150229194724,19.50233030319214,41,,"0.754812,0.746693,1.248247,1.189485",,,0.583228,3.680567
643,37843,204.0,152.53,,-0.01422150229194724,19.50233030319214,41,,"0.754812,0.746693,1.248247,1.189485",,,0.583228,3.680567
644,38150,307.0,154.41,,-0.01422150229194724,19.50233030319214,41,,"0.754812,0.746693,1.248247,1.189485",,,0.583228,3.680567
645,38280,130.0,154.61,,-0.01422150229194724,19.50233030319214,41,,"0.754812,0.746693,1.248247,1.189485",,,0.583228,3.680567
646,38496,216.0,156.52,,-0.01422150229194724,19.50233030319214,41,,"0.754812,0.746693,1.248247,1.189485",,,0.583228,3.680567
647,38699,203.0,157.54,,-0.01422150229194724,19.50233030319214,41,,"0.754812,0.746693,1.248247,1.189485",,,0.583228,3.680567
648,38942,243.0,158.64,,-0.01422150229194724,19.50233030319214,41,,"0.754812,0.746693,1.248247,1.189485",,,0.583228,3.680567
649,39120,178.0,159.25,,-0.01422150229194724,19.50233030319214,41,,"0.754812,0.746693,1.248247,1.189485",500.0,0.0,0.583228,3.680567
650,39285,165.0,158.81,,-0.01422150229194724,19.50233030319214,41,,"0.754812,0.746693,1.248247,1.189485",,,0.583228,3.680567
651,39391,106.0,159.06,,-0.01422150229194724,19.50233030319214,41,,"0.754812,0.746693,1.248247,1.189485",,,0.583228,3.680567
652,39633,242.0,159.57,,-0.01422150229194724,19.50233030319214,41,,"0.754812,0.746693,1.248247,1.189485",,,0.583228,3.680567
653,39772,139.0,159.22,,-0.01422150229194724,19.50233030319214,41,,"0.754812,0.746693,1.248247,1.189485",,,0.583228,3.680567
654,40128,356.0,161.27,,-0.01422150229194724,19.50233030319214,41,,"0.754812,0.746693,1.248247,1.189485",,,0.583228,3.680567
655,40438,310.0,163.68,,-0.01422150229194724,19.50233030319214,41,,"0.754812,0.746693,1.248247,1.189485",,,0.583228,3.680567
656,40657,219.0,165.33,,-0.014290085511415132,21.14514398574829,42,,"0.744747,0.735615,1.260857,1.196836",,,0.579818,3.756394
657,40853,196.0,166.73,,-0.014290085511415132,21.14514398574829,42,,"0.744747,0.735615,1.260857,1.196836",,,0.579818,3.756394
658,41223,370.0,169.13,,-0.014290085511415132,21.14514398574829,42,,"0.744747,0.735615,1.260857,1.196836",,,0.579818,3.756394
659,41317,94.0,168.75,,-0.014290085511415132,21.14514398574829,42,,"0.744747,0.735615,1.260857,1.196836",,,0.579818,3.756394
660,41771,454.0,172.09,,-0.014290085511415132,21.14514398574829,42,,"0.744747,0.735615,1.260857,1.196836",,,0.579818,3.756394
661,41979,208.0,173.34,,-0.014290085511415132,21.14514398574829,42,,"0.744747,0.735615,1.260857,1.196836",,,0.579818,3.756394
662,42125,146.0,174.15,,-0.014290085511415132,21.14514398574829,42,,"0.744747,0.735615,1.260857,1.196836",,,0.579818,3.756394
663,42591,466.0,178.16,,-0.014290085511415132,21.14514398574829,42,,"0.744747,0.735615,1.260857,1.196836",,,0.579818,3.756394
664,42823,232.0,179.45,,-0.014290085511415132,21.14514398574829,42,,"0.744747,0.735615,1.260857,1.196836",,,0.579818,3.756394
665,43071,248.0,179.72,,-0.014290085511415132,21.14514398574829,42,,"0.744747,0.735615,1.260857,1.196836",,,0.579818,3.756394
666,43310,239.0,180.8,,-0.014290085511415132,21.14514398574829,42,,"0.744747,0.735615,1.260857,1.196836",,,0.579818,3.756394
667,43627,317.0,182.56,,-0.014290085511415132,21.14514398574829,42,,"0.744747,0.735615,1.260857,1.196836",,,0.579818,3.756394
668,43951,324.0,184.66,,-0.014290085511415132,21.14514398574829,42,,"0.744747,0.735615,1.260857,1.196836",,,0.579818,3.756394
669,44128,177.0,184.66,,-0.014290085511415132,21.14514398574829,42,,"0.744747,0.735615,1.260857,1.196836",,,0.579818,3.756394
670,44330,202.0,185.71,,-0.014290085511415132,21.14514398574829,42,,"0.744747,0.735615,1.260857,1.196836",,,0.579818,3.756394
671,44674,344.0,187.88,,-0.014290085511415132,21.14514398574829,42,,"0.744747,0.735615,1.260857,1.196836",,,0.579818,3.756394
672,45174,500.0,192.42,,-0.01424136650098791,22.79862642288208,43,,"0.734480,0.724058,1.273425,1.202892",,,0.571039,3.825073
673,45411,237.0,193.46,,-0.01424136650098791,22.79862642288208,43,,"0.734480,0.724058,1.273425,1.202892",,,0.571039,3.825073
674,45911,500.0,197.19,,-0.01424136650098791,22.79862642288208,43,,"0.734480,0.724058,1.273425,1.202892",,,0.571039,3.825073
675,46102,191.0,197.76,,-0.01424136650098791,22.79862642288208,43,,"0.734480,0.724058,1.273425,1.202892",,,0.571039,3.825073
676,46486,384.0,199.68,,-0.01424136650098791,22.79862642288208,43,,"0.734480,0.724058,1.273425,1.202892",,,0.571039,3.825073
677,46773,287.0,201.43,,-0.01424136650098791,22.79862642288208,43,,"0.734480,0.724058,1.273425,1.202892",,,0.571039,3.825073
678,47038,265.0,202.84,,-0.01424136650098791,22.79862642288208,43,,"0.734480,0.724058,1.273425,1.202892",,,0.571039,3.825073
679,47249,211.0,203.69,,-0.01424136650098791,22.79862642288208,43,,"0.734480,0.724058,1.273425,1.202892",,,0.571039,3.825073
680,47571,322.0,205.43,,-0.01424136650098791,22.79862642288208,43,,"0.734480,0.724058,1.273425,1.202892",,,0.571039,3.825073
681,47741,170.0,206.04,,-0.01424136650098791,22.79862642288208,43,,"0.734480,0.724058,1.273425,1.202892",,,0.571039,3.825073
682,47838,97.0,204.32,,-0.01424136650098791,22.79862642288208,43,,"0.734480,0.724058,1.273425,1.202892",,,0.571039,3.825073
683,47997,159.0,204.78,,-0.01424136650098791,22.79862642288208,43,,"0.734480,0.724058,1.273425,1.202892",,,0.571039,3.825073
684,48265,268.0,206.72,,-0.01424136650098791,22.79862642288208,43,,"0.734480,0.724058,1.273425,1.202892",,,0.571039,3.825073
685,48568,303.0,208.5,,-0.01424136650098791,22.79862642288208,43,,"0.734480,0.724058,1.273425,1.202892",,,0.571039,3.825073
686,48647,79.0,207.85,,-0.01424136650098791,22.799662351608276,43,,"0.734480,0.724058,1.273425,1.202892",,,0.571039,3.825073
687,48903,256.0,209.15,,-0.01424136650098791,22.799662351608276,43,,"0.734480,0.724058,1.273425,1.202892",,,0.571039,3.825073
688,49189,286.0,210.71,,-0.014359236700163985,24.634252071380615,44,,"0.724742,0.712557,1.285848,1.208890",,,0.569120,3.891679
689,49388,199.0,212.31,,-0.014359236700163985,24.634252071380615,44,,"0.724742,0.712557,1.285848,1.208890",,,0.569120,3.891679
690,49673,285.0,214.03,,-0.014359236700163985,24.634252071380615,44,,"0.724742,0.712557,1.285848,1.208890",,,0.569120,3.891679
691,49955,282.0,215.73,,-0.014359236700163985,24.634252071380615,44,,"0.724742,0.712557,1.285848,1.208890",,,0.569120,3.891679
692,50181,226.0,216.29,,-0.014359236700163985,24.634252071380615,44,,"0.724742,0.712557,1.285848,1.208890",,,0.569120,3.891679
693,50481,300.0,218.69,,-0.014359236700163985,24.634252071380615,44,,"0.724742,0.712557,1.285848,1.208890",,,0.569120,3.891679
694,50916,435.0,220.7,,-0.014359236700163985,24.634252071380615,44,,"0.724742,0.712557,1.285848,1.208890",,,0.569120,3.891679
695,51362,446.0,222.9,,-0.014359236700163985,24.634252071380615,44,,"0.724742,0.712557,1.285848,1.208890",,,0.569120,3.891679
696,51660,298.0,225.62,,-0.014359236700163985,24.634252071380615,44,,"0.724742,0.712557,1.285848,1.208890",,,0.569120,3.891679
697,51940,280.0,227.55,,-0.014359236700163985,24.634252071380615,44,,"0.724742,0.712557,1.285848,1.208890",,,0.569120,3.891679
698,52402,462.0,230.0,,-0.014359236700163985,24.634252071380615,44,,"0.724742,0.712557,1.285848,1.208890",,,0.569120,3.891679
699,52675,273.0,231.3,,-0.014359236700163985,24.634252071380615,44,,"0.724742,0.712557,1.285848,1.208890",500.0,0.0,0.569120,3.891679
700,53019,344.0,232.91,,-0.014359236700163985,24.634252071380615,44,,"0.724742,0.712557,1.285848,1.208890",,,0.569120,3.891679
701,53275,256.0,235.19,,-0.014359236700163985,24.634252071380615,44,,"0.724742,0.712557,1.285848,1.208890",,,0.569120,3.891679
702,53666,391.0,237.01,,-0.014359236700163985,24.634252071380615,44,,"0.724742,0.712557,1.285848,1.208890",,,0.569120,3.891679
703,53951,285.0,238.58,,-0.014359236700163985,24.634252071380615,44,,"0.724742,0.712557,1.285848,1.208890",,,0.569120,3.891679
704,54229,278.0,239.96,,-0.014023790839645597,26.31377601623535,45,,"0.715624,0.701374,1.298046,1.213773",,,0.563359,3.951026
705,54362,133.0,240.13,,-0.014023790839645597,26.31377601623535,45,,"0.715624,0.701374,1.298046,1.213773",,,0.563359,3.951026
706,54614,252.0,241.3,,-0.014023790839645597,26.31377601623535,45,,"0.715624,0.701374,1.298046,1.213773",,,0.563359,3.951026
707,54920,306.0,243.39,,-0.014023790839645597,26.31377601623535,45,,"0.715624,0.701374,1.298046,1.213773",,,0.563359,3.951026
708,55070,150.0,244.61,,-0.014023790839645597,26.31377601623535,45,,"0.715624,0.701374,1.298046,1.213773",,,0.563359,3.951026
709,55402,332.0,246.73,,-0.014023790839645597,26.31377601623535,45,,"0.715624,0.701374,1.298046,1.213773",,,0.563359,3.951026
710,55660,258.0,247.92,,-0.014023790839645597,26.31377601623535,45,,"0.715624,0.701374,1.298046,1.213773",,,0.563359,3.951026
711,55893,233.0,247.76,,-0.014023790839645597,26.31377601623535,45,,"0.715624,0.701374,1.298046,1.213773",,,0.563359,3.951026
712,56127,234.0,248.25,,-0.014023790839645597,26.31377601623535,45,,"0.715624,0.701374,1.298046,1.213773",,,0.563359,3.951026
713,56517,390.0,249.28,,-0.014023790839645597,26.31377601623535,45,,"0.715624,0.701374,1.298046,1.213773",,,0.563359,3.951026
714,56793,276.0,249.87,,-0.014023790839645597,26.314777851104736,45,,"0.715624,0.701374,1.298046,1.213773",,,0.563359,3.951026
715,57004,211.0,249.84,,-0.014023790839645597,26.314777851104736,45,,"0.715624,0.701374,1.298046,1.213773",,,0.563359,3.951026
716,57277,273.0,251.3,,-0.014023790839645597,26.314777851104736,45,,"0.715624,0.701374,1.298046,1.213773",,,0.563359,3.951026
717,57657,380.0,252.95,,-0.014023790839645597,26.314777851104736,45,,"0.715624,0.701374,1.298046,1.213773",,,0.563359,3.951026
718,57818,161.0,252.99,,-0.014023790839645597,26.314777851104736,45,,"0.715624,0.701374,1.298046,1.213773",,,0.563359,3.951026
719,58318,500.0,255.43,,-0.014023790839645597,26.314777851104736,45,,"0.715624,0.701374,1.298046,1.213773",,,0.563359,3.951026
720,58587,269.0,256.6,,-0.014186681045786194,28.067004442214966,46,,"0.705976,0.690434,1.309881,1.218486",,,0.560924,4.009090
721,58781,194.0,257.53,,-0.014186681045786194,28.067004442214966,46,,"0.705976,0.690434,1.309881,1.218486",,,0.560924,4.009090
722,59281,500.0,258.2,,-0.014186681045786194,28.067004442214966,46,,"0.705976,0.690434,1.309881,1.218486",,,0.560924,4.009090
723,59480,199.0,259.22,,-0.014186681045786194,28.067004442214966,46,,"0.705976,0.690434,1.309881,1.218486",,,0.560924,4.009090
724,59830,350.0,260.86,,-0.014186681045786194,28.067004442214966,46,,"0.705976,0.690434,1.309881,1.218486",,,0.560924,4.009090
725,60198,368.0,263.61,,-0.014186681045786194,28.067004442214966,46,,"0.705976,0.690434,1.309881,1.218486",,,0.560924,4.009090
726,60542,344.0,266.0,,-0.014186681045786194,28.067004442214966,46,,"0.705976,0.690434,1.309881,1.218486",,,0.560924,4.009090
727,60822,280.0,266.28,,-0.014186681045786194,28.067004442214966,46,,"0.705976,0.690434,1.309881,1.218486",,,0.560924,4.009090
728,61074,252.0,264.57,,-0.014186681045786194,28.067004442214966,46,,"0.705976,0.690434,1.309881,1.218486",,,0.560924,4.009090
729,61361,287.0,264.77,,-0.014186681045786194,28.067004442214966,46,,"0.705976,0.690434,1.309881,1.218486",,,0.560924,4.009090
730,61542,181.0,264.23,,-0.014186681045786194,28.067004442214966,46,,"0.705976,0.690434,1.309881,1.218486",,,0.560924,4.009090
731,61760,218.0,263.58,,-0.014186681045786194,28.067004442214966,46,,"0.705976,0.690434,1.309881,1.218486",,,0.560924,4.009090
732,61988,228.0,263.43,,-0.014186681045786194,28.067004442214966,46,,"0.705976,0.690434,1.309881,1.218486",,,0.560924,4.009090
733,62353,365.0,265.84,,-0.014186681045786194,28.067004442214966,46,,"0.705976,0.690434,1.309881,1.218486",,,0.560924,4.009090
734,62721,368.0,266.44,,-0.014186681045786194,28.067004442214966,46,,"0.705976,0.690434,1.309881,1.218486",,,0.560924,4.009090
735,62982,261.0,266.59,,-0.014186681045786194,28.067004442214966,46,,"0.705976,0.690434,1.309881,1.218486",,,0.560924,4.009090
736,63481,499.0,270.4,,-0.014270185948686396,30.070632696151733,47,,"0.694937,0.680143,1.320733,1.223467",,,0.566008,4.066732
737,63888,407.0,272.53,,-0.014270185948686396,30.070632696151733,47,,"0.694937,0.680143,1.320733,1.223467",,,0.566008,4.066732
738,64251,363.0,274.19,,-0.014270185948686396,30.070632696151733,47,,"0.694937,0.680143,1.320733,1.223467",,,0.566008,4.066732
739,64481,230.0,275.26,,-0.014270185948686396,30.070632696151733,47,,"0.694937,0.680143,1.320733,1.223467",,,0.566008,4.066732
740,64835,354.0,276.71,,-0.014270185948686396,30.070632696151733,47,,"0.694937,0.680143,1.320733,1.223467",,,0.566008,4.066732
741,65104,269.0,276.94,,-0.014270185948686396,30.070632696151733,47,,"0.694937,0.680143,1.320733,1.223467",,,0.566008,4.066732
742,65493,389.0,278.54,,-0.014270185948686396,30.070632696151733,47,,"0.694937,0.680143,1.320733,1.223467",,,0.566008,4.066732
743,65993,500.0,281.5,,-0.014270185948686396,30.070632696151733,47,,"0.694937,0.680143,1.320733,1.223467",,,0.566008,4.066732
744,66421,428.0,282.71,,-0.014270185948686396,30.070632696151733,47,,"0.694937,0.680143,1.320733,1.223467",,,0.566008,4.066732
745,66677,256.0,283.97,,-0.014270185948686396,30.070632696151733,47,,"0.694937,0.680143,1.320733,1.223467",,,0.566008,4.066732
746,66887,210.0,283.91,,-0.014270185948686396,30.070632696151733,47,,"0.694937,0.680143,1.320733,1.223467",,,0.566008,4.066732
747,67270,383.0,285.71,,-0.014270185948686396,30.071635007858276,47,,"0.694937,0.680143,1.320733,1.223467",,,0.566008,4.066732
748,67714,444.0,287.72,,-0.014270185948686396,30.071635007858276,47,,"0.694937,0.680143,1.320733,1.223467",,,0.566008,4.066732
749,68086,372.0,289.66,,-0.014270185948686396,30.071635007858276,47,,"0.694937,0.680143,1.320733,1.223467",500.0,0.0,0.566008,4.066732
750,68247,161.0,289.62,,-0.014270185948686396,30.071635007858276,47,,"0.694937,0.680143,1.320733,1.223467",,,0.566008,4.066732
751,68504,257.0,291.13,,-0.014270185948686396,30.071635007858276,47,,"0.694937,0.680143,1.320733,1.223467",,,0.566008,4.066732
752,68931,427.0,292.98,,-0.014243674251095703,32.16781687736511,48,,"0.685135,0.669010,1.331883,1.227925",,,0.556554,4.121801
753,69238,307.0,294.66,,-0.014243674251095703,32.16781687736511,48,,"0.685135,0.669010,1.331883,1.227925",,,0.556554,4.121801
754,69594,356.0,294.66,,-0.014243674251095703,32.16781687736511,48,,"0.685135,0.669010,1.331883,1.227925",,,0.556554,4.121801
755,69907,313.0,294.69,,-0.014243674251095703,32.16781687736511,48,,"0.685135,0.669010,1.331883,1.227925",,,0.556554,4.121801
756,70307,400.0,296.5,,-0.014243674251095703,32.16781687736511,48,,"0.685135,0.669010,1.331883,1.227925",,,0.556554,4.121801
757,70658,351.0,298.05,,-0.014243674251095703,32.16781687736511,48,,"0.685135,0.669010,1.331883,1.227925",,,0.556554,4.121801
758,71158,500.0,299.35,,-0.014243674251095703,32.16781687736511,48,,"0.685135,0.669010,1.331883,1.227925",,,0.556554,4.121801
759,71288,130.0,299.71,,-0.014243674251095703,32.16781687736511,48,,"0.685135,0.669010,1.331883,1.227925",,,0.556554,4.121801
760,71788,500.0,300.17,,-0.014243674251095703,32.16781687736511,48,,"0.685135,0.669010,1.331883,1.227925",,,0.556554,4.121801
761,72169,381.0,301.9,,-0.014243674251095703,32.16781687736511,48,,"0.685135,0.669010,1.331883,1.227925",,,0.556554,4.121801
762,72459,290.0,303.34,,-0.014243674251095703,32.16781687736511,48,,"0.685135,0.669010,1.331883,1.227925",,,0.556554,4.121801
763,72769,310.0,301.78,,-0.014243674251095703,32.16781687736511,48,,"0.685135,0.669010,1.331883,1.227925",,,0.556554,4.121801
764,72958,189.0,301.35,,-0.014243674251095703,32.16781687736511,48,,"0.685135,0.669010,1.331883,1.227925",,,0.556554,4.121801
765,73458,500.0,303.87,,-0.014243674251095703,32.16781687736511,48,,"0.685135,0.669010,1.331883,1.227925",,,0.556554,4.121801
766,73871,413.0,305.61,,-0.014243674251095703,32.16781687736511,48,,"0.685135,0.669010,1.331883,1.227925",,,0.556554,4.121801
767,74335,464.0,307.08,,-0.014243674251095703,32.16781687736511,48,,"0.685135,0.669010,1.331883,1.227925",,,0.556554,4.121801
768,74574,239.0,306.23,,-0.014264774128642618,34.2032585144043,49,,"0.674683,0.658024,1.343091,1.231972",,,0.558957,4.175247
769,75074,500.0,309.46,,-0.014264774128642618,34.2032585144043,49,,"0.674683,0.658024,1.343091,1.231972",,,0.558957,4.175247
770,75574,500.0,312.44,,-0.014264774128642618,34.2032585144043,49,,"0.674683,0.658024,1.343091,1.231972",,,0.558957,4.175247
771,75760,186.0,310.86,,-0.014264774128642618,34.2032585144043,49,,"0.674683,0.658024,1.343091,1.231972",,,0.558957,4.175247
772,76162,402.0,309.88,,-0.014264774128642618,34.2032585144043,49,,"0.674683,0.658024,1.343091,1.231972",,,0.558957,4.175247
773,76662,500.0,312.51,,-0.014264774128642618,34.2032585144043,49,,"0.674683,0.658024,1.343091,1.231972",,,0.558957,4.175247
774,77034,372.0,311.23,,-0.014264774128642618,34.2032585144043,49,,"0.674683,0.658024,1.343091,1.231972",,,0.558957,4.175247
775,77443,409.0,313.41,,-0.014264774128642618,34.2032585144043,49,,"0.674683,0.658024,1.343091,1.231972",,,0.558957,4.175247
776,77654,211.0,311.68,,-0.014264774128642618,34.2032585144043,49,,"0.674683,0.658024,1.343091,1.231972",,,0.558957,4.175247
777,77940,286.0,311.67,,-0.014264774128642618,34.2032585144043,49,,"0.674683,0.658024,1.343091,1.231972",,,0.558957,4.175247
778,78440,500.0,314.02,,-0.014264774128642618,34.2032585144043,49,,"0.674683,0.658024,1.343091,1.231972",,,0.558957,4.175247
779,78940,500.0,316.91,,-0.014264774128642618,34.2032585144043,49,,"0.674683,0.658024,1.343091,1.231972",,,0.558957,4.175247
780,79344,404.0,317.73,,-0.014264774128642618,34.2032585144043,49,,"0.674683,0.658024,1.343091,1.231972",,,0.558957,4.175247
781,79844,500.0,321.03,,-0.014264774128642618,34.2032585144043,49,,"0.674683,0.658024,1.343091,1.231972",,,0.558957,4.175247
782,80278,434.0,324.4,,-0.014264774128642618,34.2032585144043,49,,"0.674683,0.658024,1.343091,1.231972",,,0.558957,4.175247
783,80591,313.0,325.94,,-0.014264774128642618,34.2032585144043,49,,"0.674683,0.658024,1.343091,1.231972",,,0.558957,4.175247
784,81091,500.0,328.26,,-0.01411437913775444,36.264155864715576,50,,"0.663734,0.647621,1.353827,1.235511",,,0.561605,4.225127
785,81591,500.0,330.23,,-0.01411437913775444,36.264155864715576,50,,"0.663734,0.647621,1.353827,1.235511",,,0.561605,4.225127
786,82026,435.0,333.79,,-0.01411437913775444,36.264155864715576,50,,"0.663734,0.647621,1.353827,1.235511",,,0.561605,4.225127
787,82526,500.0,336.23,,-0.01411437913775444,36.264155864715576,50,,"0.663734,0.647621,1.353827,1.235511",,,0.561605,4.225127
788,82788,262.0,335.99,,-0.01411437913775444,36.264155864715576,50,,"0.663734,0.647621,1.353827,1.235511",,,0.561605,4.225127
789,83288,500.0,339.0,,-0.01411437913775444,36.264155864715576,50,,"0.663734,0.647621,1.353827,1.235511",,,0.561605,4.225127
790,83788,500.0,341.15,,-0.01411437913775444,36.264155864715576,50,,"0.663734,0.647621,1.353827,1.235511",,,0.561605,4.225127
791,84093,305.0,341.38,,-0.01411437913775444,36.264155864715576,50,,"0.663734,0.647621,1.353827,1.235511",,,0.561605,4.225127
792,84575,482.0,343.94,,-0.01411437913775444,36.264155864715576,50,,"0.663734,0.647621,1.353827,1.235511",,,0.561605,4.225127
793,85075,500.0,345.94,,-0.01411437913775444,36.264155864715576,50,,"0.663734,0.647621,1.353827,1.235511",,,0.561605,4.225127
794,85575,500.0,346.59,,-0.01411437913775444,36.264155864715576,50,,"0.663734,0.647621,1.353827,1.235511",,,0.561605,4.225127
795,85939,364.0,345.77,,-0.01411437913775444,36.264155864715576,50,,"0.663734,0.647621,1.353827,1.235511",,,0.561605,4.225127
796,86361,422.0,347.01,,-0.01411437913775444,36.264155864715576,50,,"0.663734,0.647621,1.353827,1.235511",,,0.561605,4.225127
797,86861,500.0,349.21,,-0.01411437913775444,36.264155864715576,50,,"0.663734,0.647621,1.353827,1.235511",,,0.561605,4.225127
798,87361,500.0,349.59,,-0.01411437913775444,36.264155864715576,50,,"0.663734,0.647621,1.353827,1.235511",,,0.561605,4.225127
799,87709,348.0,350.34,,-0.01411437913775444,36.26514148712158,50,,"0.663734,0.647621,1.353827,1.235511",500.0,0.0,0.561605,4.225127
800,88209,500.0,351.9,,-0.014174755264539271,38.31193542480469,51,,"0.653504,0.637554,1.363736,1.238335",,,0.558256,4.270377
801,88709,500.0,354.34,,-0.014174755264539271,38.31193542480469,51,,"0.653504,0.637554,1.363736,1.238335",,,0.558256,4.270377
802,89209,500.0,355.43,,-0.014174755264539271,38.31193542480469,51,,"0.653504,0.637554,1.363736,1.238335",,,0.558256,4.270377
803,89709,500.0,357.58,,-0.014174755264539271,38.31193542480469,51,,"0.653504,0.637554,1.363736,1.238335",,,0.558256,4.270377
804,89876,167.0,356.47,,-0.014174755264539271,38.31193542480469,51,,"0.653504,0.637554,1.363736,1.238335",,,0.558256,4.270377
805,90376,500.0,360.14,,-0.014174755264539271,38.31193542480469,51,,"0.653504,0.637554,1.363736,1.238335",,,0.558256,4.270377
806,90876,500.0,362.62,,-0.014174755264539271,38.31193542480469,51,,"0.653504,0.637554,1.363736,1.238335",,,0.558256,4.270377
807,91376,500.0,364.56,,-0.014174755264539271,38.31193542480469,51,,"0.653504,0.637554,1.363736,1.238335",,,0.558256,4.270377
808,91876,500.0,368.06,,-0.014174755264539271,38.31193542480469,51,,"0.653504,0.637554,1.363736,1.238335",,,0.558256,4.270377
809,92234,358.0,368.32,,-0.014174755264539271,38.31193542480469,51,,"0.653504,0.637554,1.363736,1.238335",,,0.558256,4.270377
810,92734,500.0,370.74,,-0.014174755264539271,38.31193542480469,51,,"0.653504,0.637554,1.363736,1.238335",,,0.558256,4.270377
811,93209,475.0,373.16,,-0.014174755264539271,38.31193542480469,51,,"0.653504,0.637554,1.363736,1.238335",,,0.558256,4.270377
812,93633,424.0,375.06,,-0.014174755264539271,38.31193542480469,51,,"0.653504,0.637554,1.363736,1.238335",,,0.558256,4.270377
813,94133,500.0,376.16,,-0.014174755264539271,38.31193542480469,51,,"0.653504,0.637554,1.363736,1.238335",,,0.558256,4.270377
814,94350,217.0,375.57,,-0.014174755264539271,38.31193542480469,51,,"0.653504,0.637554,1.363736,1.238335",,,0.558256,4.270377
815,94850,500.0,378.46,,-0.014174755264539271,38.31193542480469,51,,"0.653504,0.637554,1.363736,1.238335",,,0.558256,4.270377
816,95350,500.0,380.73,,-0.014417041426058859,40.367279052734375,52,,"0.645217,0.628361,1.372881,1.241458",,,0.556763,4.314830
817,95850,500.0,381.93,,-0.014417041426058859,40.367279052734375,52,,"0.645217,0.628361,1.372881,1.241458",,,0.556763,4.314830
818,96350,500.0,385.32,,-0.014417041426058859,40.367279052734375,52,,"0.645217,0.628361,1.372881,1.241458",,,0.556763,4.314830
819,96850,500.0,385.32,,-0.014417041426058859,40.367279052734375,52,,"0.645217,0.628361,1.372881,1.241458",,,0.556763,4.314830
820,97122,272.0,385.35,,-0.014417041426058859,40.367279052734375,52,,"0.645217,0.628361,1.372881,1.241458",,,0.556763,4.314830
821,97622,500.0,388.41,,-0.014417041426058859,40.367279052734375,52,,"0.645217,0.628361,1.372881,1.241458",,,0.556763,4.314830
822,98122,500.0,388.41,,-0.014417041426058859,40.367279052734375,52,,"0.645217,0.628361,1.372881,1.241458",,,0.556763,4.314830
823,98622,500.0,391.42,,-0.014417041426058859,40.367279052734375,52,,"0.645217,0.628361,1.372881,1.241458",,,0.556763,4.314830
824,99122,500.0,392.92,,-0.014417041426058859,40.367279052734375,52,,"0.645217,0.628361,1.372881,1.241458",,,0.556763,4.314830
825,99536,414.0,393.38,,-0.014417041426058859,40.367279052734375,52,,"0.645217,0.628361,1.372881,1.241458",,,0.556763,4.314830
826,100036,500.0,394.94,,-0.014417041426058859,40.367279052734375,52,,"0.645217,0.628361,1.372881,1.241458",,,0.556763,4.314830
827,100536,500.0,397.14,,-0.014417041426058859,40.367279052734375,52,,"0.645217,0.628361,1.372881,1.241458",,,0.556763,4.314830
828,101036,500.0,399.62,,-0.014417041426058859,40.367279052734375,52,,"0.645217,0.628361,1.372881,1.241458",,,0.556763,4.314830
829,101536,500.0,401.75,,-0.014417041426058859,40.367279052734375,52,,"0.645217,0.628361,1.372881,1.241458",,,0.556763,4.314830
830,101741,205.0,401.99,,-0.014417041426058859,40.367279052734375,52,,"0.645217,0.628361,1.372881,1.241458",,,0.556763,4.314830
831,102241,500.0,404.81,,-0.014417041426058859,40.367279052734375,52,,"0.645217,0.628361,1.372881,1.241458",,,0.556763,4.314830
832,102741,500.0,407.53,,-0.014730027120094746,42.41878700256348,53,,"0.637298,0.619377,1.381130,1.244510",,,0.553641,4.356774
833,103241,500.0,408.88,,-0.014730027120094746,42.41878700256348,53,,"0.637298,0.619377,1.381130,1.244510",,,0.553641,4.356774
834,103741,500.0,410.2,,-0.014730027120094746,42.41878700256348,53,,"0.637298,0.619377,1.381130,1.244510",,,0.553641,4.356774
835,104241,500.0,412.59,,-0.014730027120094746,42.41878700256348,53,,"0.637298,0.619377,1.381130,1.244510",,,0.553641,4.356774
836,104741,500.0,412.6,,-0.014730027120094746,42.41878700256348,53,,"0.637298,0.619377,1.381130,1.244510",,,0.553641,4.356774
837,105241,500.0,413.53,,-0.014730027120094746,42.41878700256348,53,,"0.637298,0.619377,1.381130,1.244510",,,0.553641,4.356774
838,105531,290.0,412.8,,-0.014730027120094746,42.41878700256348,53,,"0.637298,0.619377,1.381130,1.244510",,,0.553641,4.356774
839,106031,500.0,415.5,,-0.014730027120094746,42.41878700256348,53,,"0.637298,0.619377,1.381130,1.244510",,,0.553641,4.356774
840,106531,500.0,416.96,,-0.014730027120094746,42.41878700256348,53,,"0.637298,0.619377,1.381130,1.244510",,,0.553641,4.356774
841,106916,385.0,418.12,,-0.014730027120094746,42.41878700256348,53,,"0.637298,0.619377,1.381130,1.244510",,,0.553641,4.356774
842,107363,447.0,418.7,,-0.014730027120094746,42.41878700256348,53,,"0.637298,0.619377,1.381130,1.244510",,,0.553641,4.356774
843,107863,500.0,418.7,,-0.014730027120094746,42.41878700256348,53,,"0.637298,0.619377,1.381130,1.244510",,,0.553641,4.356774
844,108363,500.0,419.42,,-0.014730027120094746,42.41878700256348,53,,"0.637298,0.619377,1.381130,1.244510",,,0.553641,4.356774
845,108863,500.0,421.86,,-0.014730027120094746,42.41878700256348,53,,"0.637298,0.619377,1.381130,1.244510",,,0.553641,4.356774
846,109363,500.0,424.76,,-0.014730027120094746,42.41878700256348,53,,"0.637298,0.619377,1.381130,1.244510",,,0.553641,4.356774
847,109798,435.0,425.28,,-0.014730027120094746,42.41878700256348,53,,"0.637298,0.619377,1.381130,1.244510",,,0.553641,4.356774
848,110298,500.0,425.84,,-0.015529977984260767,44.46971535682678,54,,"0.629747,0.610938,1.388987,1.247746",,,0.556869,4.398681
849,110798,500.0,427.12,,-0.015529977984260767,44.46971535682678,54,,"0.629747,0.610938,1.388987,1.247746",500.0,0.0,0.556869,4.398681
850,110954,156.0,427.07,,-0.015529977984260767,44.46971535682678,54,,"0.629747,0.610938,1.388987,1.247746",,,0.556869,4.398681
851,111454,500.0,429.5,,-0.015529977984260767,44.46971535682678,54,,"0.629747,0.610938,1.388987,1.247746",,,0.556869,4.398681
852,111954,500.0,430.23,,-0.015529977984260767,44.46971535682678,54,,"0.629747,0.610938,1.388987,1.247746",,,0.556869,4.398681
853,112454,500.0,432.16,,-0.015529977984260767,44.46971535682678,54,,"0.629747,0.610938,1.388987,1.247746",,,0.556869,4.398681
854,112954,500.0,433.6,,-0.015529977984260767,44.46971535682678,54,,"0.629747,0.610938,1.388987,1.247746",,,0.556869,4.398681
855,113454,500.0,435.47,,-0.015529977984260767,44.46971535682678,54,,"0.629747,0.610938,1.388987,1.247746",,,0.556869,4.398681
856,113954,500.0,436.47,,-0.015529977984260767,44.46971535682678,54,,"0.629747,0.610938,1.388987,1.247746",,,0.556869,4.398681
857,114454,500.0,437.96,,-0.015529977984260767,44.46971535682678,54,,"0.629747,0.610938,1.388987,1.247746",,,0.556869,4.398681
858,114658,204.0,435.0,,-0.015529977984260767,44.46971535682678,54,,"0.629747,0.610938,1.388987,1.247746",,,0.556869,4.398681
859,115158,500.0,438.7,,-0.015529977984260767,44.46971535682678,54,,"0.629747,0.610938,1.388987,1.247746",,,0.556869,4.398681
860,115426,268.0,436.38,,-0.015529977984260767,44.46971535682678,54,,"0.629747,0.610938,1.388987,1.247746",,,0.556869,4.398681
861,115926,500.0,437.57,,-0.015529977984260767,44.46971535682678,54,,"0.629747,0.610938,1.388987,1.247746",,,0.556869,4.398681
862,116426,500.0,439.67,,-0.015529977984260767,44.47071552276611,54,,"0.629747,0.610938,1.388987,1.247746",,,0.556869,4.398681
863,116926,500.0,441.57,,-0.015529977984260767,44.47071552276611,54,,"0.629747,0.610938,1.388987,1.247746",,,0.556869,4.398681
864,117426,500.0,444.68,,-0.015371637230273336,46.55141806602478,55,,"0.622941,0.603108,1.396483,1.250967",,,0.552472,4.439331
865,117621,195.0,441.63,,-0.015371637230273336,46.55141806602478,55,,"0.622941,0.603108,1.396483,1.250967",,,0.552472,4.439331
866,118121,500.0,442.5,,-0.015371637230273336,46.55141806602478,55,,"0.622941,0.603108,1.396483,1.250967",,,0.552472,4.439331
867,118621,500.0,442.86,,-0.015371637230273336,46.55141806602478,55,,"0.622941,0.603108,1.396483,1.250967",,,0.552472,4.439331
868,119121,500.0,445.47,,-0.015371637230273336,46.55141806602478,55,,"0.622941,0.603108,1.396483,1.250967",,,0.552472,4.439331
869,119621,500.0,445.47,,-0.015371637230273336,46.55141806602478,55,,"0.622941,0.603108,1.396483,1.250967",,,0.552472,4.439331
870,120121,500.0,445.47,,-0.015371637230273336,46.55141806602478,55,,"0.622941,0.603108,1.396483,1.250967",,,0.552472,4.439331
871,120621,500.0,448.61,,-0.015371637230273336,46.55141806602478,55,,"0.622941,0.603108,1.396483,1.250967",,,0.552472,4.439331
872,121121,500.0,449.59,,-0.015371637230273336,46.55141806602478,55,,"0.622941,0.603108,1.396483,1.250967",,,0.552472,4.439331
873,121621,500.0,449.59,,-0.015371637230273336,46.55141806602478,55,,"0.622941,0.603108,1.396483,1.250967",,,0.552472,4.439331
874,122121,500.0,450.87,,-0.015371637230273336,46.55141806602478,55,,"0.622941,0.603108,1.396483,1.250967",,,0.552472,4.439331
875,122621,500.0,451.78,,-0.015371637230273336,46.55141806602478,55,,"0.622941,0.603108,1.396483,1.250967",,,0.552472,4.439331
876,123121,500.0,454.67,,-0.015371637230273336,46.55141806602478,55,,"0.622941,0.603108,1.396483,1.250967",,,0.552472,4.439331
877,123621,500.0,456.81,,-0.015371637230273336,46.55141806602478,55,,"0.622941,0.603108,1.396483,1.250967",,,0.552472,4.439331
878,124121,500.0,456.81,,-0.015371637230273336,46.55141806602478,55,,"0.622941,0.603108,1.396483,1.250967",,,0.552472,4.439331
879,124621,500.0,456.81,,-0.015371637230273336,46.55141806602478,55,,"0.622941,0.603108,1.396483,1.250967",,,0.552472,4.439331
880,125121,500.0,457.77,,-0.015257758309599013,48.74645495414734,56,,"0.618442,0.596747,1.403356,1.254117",,,0.550729,4.477383
881,125621,500.0,457.77,,-0.015257758309599013,48.74645495414734,56,,"0.618442,0.596747,1.403356,1.254117",,,0.550729,4.477383
882,126121,500.0,458.43,,-0.015257758309599013,48.74645495414734,56,,"0.618442,0.596747,1.403356,1.254117",,,0.550729,4.477383
883,126621,500.0,460.3,,-0.015257758309599013,48.74645495414734,56,,"0.618442,0.596747,1.403356,1.254117",,,0.550729,4.477383
884,127121,500.0,460.3,,-0.015257758309599013,48.74645495414734,56,,"0.618442,0.596747,1.403356,1.254117",,,0.550729,4.477383
885,127621,500.0,460.3,,-0.015257758309599013,48.74645495414734,56,,"0.618442,0.596747,1.403356,1.254117",,,0.550729,4.477383
886,128121,500.0,460.95,,-0.015257758309599013,48.74645495414734,56,,"0.618442,0.596747,1.403356,1.254117",,,0.550729,4.477383
887,128621,500.0,460.95,,-0.015257758309599013,48.74645495414734,56,,"0.618442,0.596747,1.403356,1.254117",,,0.550729,4.477383
888,129121,500.0,463.33,,-0.015257758309599013,48.74745750427246,56,,"0.618442,0.596747,1.403356,1.254117",,,0.550729,4.477383
889,129621,500.0,463.33,,-0.015257758309599013,48.74745750427246,56,,"0.618442,0.596747,1.403356,1.254117",,,0.550729,4.477383
890,130121,500.0,463.33,,-0.015257758309599013,48.74745750427246,56,,"0.618442,0.596747,1.403356,1.254117",,,0.550729,4.477383
891,130621,500.0,465.28,,-0.015257758309599013,48.74745750427246,56,,"0.618442,0.596747,1.403356,1.254117",,,0.550729,4.477383
892,130859,238.0,462.84,,-0.015257758309599013,48.74745750427246,56,,"0.618442,0.596747,1.403356,1.254117",,,0.550729,4.477383
893,131190,331.0,461.15,,-0.015257758309599013,48.74745750427246,56,,"0.618442,0.596747,1.403356,1.254117",,,0.550729,4.477383
894,131434,244.0,458.59,,-0.015257758309599013,48.74745750427246,56,,"0.618442,0.596747,1.403356,1.254117",,,0.550729,4.477383
895,131934,500.0,459.95,,-0.015257758309599013,48.74745750427246,56,,"0.618442,0.596747,1.403356,1.254117",,,0.550729,4.477383
896,132434,500.0,460.73,,-0.015405765408650041,50.85023522377014,57,,"0.614275,0.590723,1.409353,1.257641",,,0.552215,4.513554
897,132934,500.0,460.73,,-0.015405765408650041,50.851235151290894,57,,"0.614275,0.590723,1.409353,1.257641",,,0.552215,4.513554
898,133434,500.0,460.73,,-0.015405765408650041,50.851235151290894,57,,"0.614275,0.590723,1.409353,1.257641",,,0.552215,4.513554
899,133934,500.0,462.25,,-0.015405765408650041,50.851235151290894,57,,"0.614275,0.590723,1.409353,1.257641",500.0,0.0,0.552215,4.513554
900,134434,500.0,462.25,,-0.015405765408650041,50.851235151290894,57,,"0.614275,0.590723,1.409353,1.257641",,,0.552215,4.513554
901,134934,500.0,462.25,,-0.015405765408650041,50.851235151290894,57,,"0.614275,0.590723,1.409353,1.257641",,,0.552215,4.513554
902,135434,500.0,462.25,,-0.015405765408650041,50.851235151290894,57,,"0.614275,0.590723,1.409353,1.257641",,,0.552215,4.513554
903,135820,386.0,461.11,,-0.015405765408650041,50.851235151290894,57,,"0.614275,0.590723,1.409353,1.257641",,,0.552215,4.513554
904,136320,500.0,464.44,,-0.015405765408650041,50.851235151290894,57,,"0.614275,0.590723,1.409353,1.257641",,,0.552215,4.513554
905,136820,500.0,464.44,,-0.015405765408650041,50.851235151290894,57,,"0.614275,0.590723,1.409353,1.257641",,,0.552215,4.513554
906,136999,179.0,461.23,,-0.015405765408650041,50.851235151290894,57,,"0.614275,0.590723,1.409353,1.257641",,,0.552215,4.513554
907,137499,500.0,461.23,,-0.015405765408650041,50.851235151290894,57,,"0.614275,0.590723,1.409353,1.257641",,,0.552215,4.513554
908,137999,500.0,461.23,,-0.015405765408650041,50.851235151290894,57,,"0.614275,0.590723,1.409353,1.257641",,,0.552215,4.513554
909,138499,500.0,462.65,,-0.015405765408650041,50.851235151290894,57,,"0.614275,0.590723,1.409353,1.257641",,,0.552215,4.513554
910,138999,500.0,462.65,,-0.015405765408650041,50.851235151290894,57,,"0.614275,0.590723,1.409353,1.257641",,,0.552215,4.513554
911,139499,500.0,462.9,,-0.015405765408650041,50.851235151290894,57,,"0.614275,0.590723,1.409353,1.257641",,,0.552215,4.513554
912,139999,500.0,463.66,,-0.015500766895711423,52.90819811820984,58,,"0.609963,0.584894,1.414919,1.260095",,,0.549403,4.545008
913,140499,500.0,463.66,,-0.015500766895711423,52.90920042991638,58,,"0.609963,0.584894,1.414919,1.260095",,,0.549403,4.545008
914,140999,500.0,466.49,,-0.015500766895711423,52.90920042991638,58,,"0.609963,0.584894,1.414919,1.260095",,,0.549403,4.545008
915,141499,500.0,466.49,,-0.015500766895711423,52.90920042991638,58,,"0.609963,0.584894,1.414919,1.260095",,,0.549403,4.545008
916,141999,500.0,466.49,,-0.015500766895711423,52.90920042991638,58,,"0.609963,0.584894,1.414919,1.260095",,,0.549403,4.545008
917,142499,500.0,466.49,,-0.015500766895711423,52.90920042991638,58,,"0.609963,0.584894,1.414919,1.260095",,,0.549403,4.545008
918,142848,349.0,464.98,,-0.015500766895711423,52.90920042991638,58,,"0.609963,0.584894,1.414919,1.260095",,,0.549403,4.545008
919,143348,500.0,464.98,,-0.015500766895711423,52.90920042991638,58,,"0.609963,0.584894,1.414919,1.260095",,,0.549403,4.545008
920,143848,500.0,467.26,,-0.015500766895711423,52.90920042991638,58,,"0.609963,0.584894,1.414919,1.260095",,,0.549403,4.545008
921,144348,500.0,467.26,,-0.015500766895711423,52.90920042991638,58,,"0.609963,0.584894,1.414919,1.260095",,,0.549403,4.545008
922,144848,500.0,467.26,,-0.015500766895711423,52.90920042991638,58,,"0.609963,0.584894,1.414919,1.260095",,,0.549403,4.545008
923,145348,500.0,467.26,,-0.015500766895711423,52.90920042991638,58,,"0.609963,0.584894,1.414919,1.260095",,,0.549403,4.545008
924,145848,500.0,467.26,,-0.015500766895711423,52.90920042991638,58,,"0.609963,0.584894,1.414919,1.260095",,,0.549403,4.545008
925,146348,500.0,468.12,,-0.015500766895711423,52.90920042991638,58,,"0.609963,0.584894,1.414919,1.260095",,,0.549403,4.545008
926,146848,500.0,468.12,,-0.015500766895711423,52.90920042991638,58,,"0.609963,0.584894,1.414919,1.260095",,,0.549403,4.545008
927,147348,500.0,468.12,,-0.015500766895711423,52.90920042991638,58,,"0.609963,0.584894,1.414919,1.260095",,,0.549403,4.545008
928,147848,500.0,468.12,,-0.015516004599630833,55.0455424785614,59,,"0.606575,0.579714,1.419792,1.263022",,,0.547201,4.576214
929,148348,500.0,468.12,,-0.015516004599630833,55.0455424785614,59,,"0.606575,0.579714,1.419792,1.263022",,,0.547201,4.576214
930,148848,500.0,471.07,,-0.015516004599630833,55.0455424785614,59,,"0.606575,0.579714,1.419792,1.263022",,,0.547201,4.576214
931,149348,500.0,471.07,,-0.015516004599630833,55.0455424785614,59,,"0.606575,0.579714,1.419792,1.263022",,,0.547201,4.576214
932,149848,500.0,471.07,,-0.015516004599630833,55.0455424785614,59,,"0.606575,0.579714,1.419792,1.263022",,,0.547201,4.576214
933,150348,500.0,471.07,,-0.015516004599630833,55.0455424785614,59,,"0.606575,0.579714,1.419792,1.263022",,,0.547201,4.576214
934,150848,500.0,471.07,,-0.015516004599630833,55.0455424785614,59,,"0.606575,0.579714,1.419792,1.263022",,,0.547201,4.576214
935,151348,500.0,471.07,,-0.015516004599630833,55.0455424785614,59,,"0.606575,0.579714,1.419792,1.263022",,,0.547201,4.576214
936,151848,500.0,471.07,,-0.015516004599630833,55.0455424785614,59,,"0.606575,0.579714,1.419792,1.263022",,,0.547201,4.576214
937,152348,500.0,471.07,,-0.015516004599630833,55.0455424785614,59,,"0.606575,0.579714,1.419792,1.263022",,,0.547201,4.576214
938,152848,500.0,473.17,,-0.015516004599630833,55.0455424785614,59,,"0.606575,0.579714,1.419792,1.263022",,,0.547201,4.576214
939,153348,500.0,473.17,,-0.015516004599630833,55.0455424785614,59,,"0.606575,0.579714,1.419792,1.263022",,,0.547201,4.576214
940,153848,500.0,473.17,,-0.015516004599630833,55.0455424785614,59,,"0.606575,0.579714,1.419792,1.263022",,,0.547201,4.576214
941,154348,500.0,474.32,,-0.015516004599630833,55.0455424785614,59,,"0.606575,0.579714,1.419792,1.263022",,,0.547201,4.576214
942,154848,500.0,474.85,,-0.015516004599630833,55.0455424785614,59,,"0.606575,0.579714,1.419792,1.263022",,,0.547201,4.576214
943,155348,500.0,474.85,,-0.015516004599630833,55.0455424785614,59,,"0.606575,0.579714,1.419792,1.263022",,,0.547201,4.576214
944,155848,500.0,474.85,,-0.015273860497400165,57.088836431503296,60,,"0.604656,0.575202,1.423813,1.265526",,,0.546236,4.603351
945,156348,500.0,474.85,,-0.015273860497400165,57.08984398841858,60,,"0.604656,0.575202,1.423813,1.265526",,,0.546236,4.603351
946,156848,500.0,474.85,,-0.015273860497400165,57.08984398841858,60,,"0.604656,0.575202,1.423813,1.265526",,,0.546236,4.603351
947,157348,500.0,475.5,,-0.015273860497400165,57.08984398841858,60,,"0.604656,0.575202,1.423813,1.265526",,,0.546236,4.603351
