episode,total_env_steps,episode_reward,avg_reward_100,epsilon,mean_loss,wall_clock_s,grad_steps,w,lam,eval_mean_reward,eval_std_reward
0,18,18.0,18.0,1.0,,0.0038607120513916016,0,"1.000000,1.000000","1.000000,1.000000,1.000000,1.000000,1.000000,1.000000,1.000000,1.000000,1.000000,1.000000,1.000000,1.000000,1.000000,1.000000,1.000000,1.000000,1.000000,1.000000,1.000000,1.000000",,
1,36,18.0,18.0,0.99,0.5086266100406647,0.8381209373474121,2,"1.199784,1.197798","1.001958,0.998000,0.998004,1.001994,1.001877,0.997999,0.998023,0.999713,0.998019,0.998118,1.002000,1.001882,0.998006,1.001995,0.998000,0.998061,1.001995,1.001960,0.998000,0.998028",,
2,49,13.0,16.333333333333332,0.9801,0.45317769050598145,0.9235131740570068,3,"1.290934,1.296471","1.002794,0.997000,0.997004,1.002969,1.002709,0.997007,0.997086,1.000547,0.997350,0.997186,1.002955,1.002339,0.997032,1.002980,0.997037,0.997093,1.002997,1.002916,0.997004,0.997043",,
3,71,22.0,17.75,0.9702989999999999,0.5037507315476736,1.1990456581115723,6,"1.580019,1.584397","1.005513,0.994128,0.994062,1.005913,1.001235,0.994146,0.994594,1.003229,0.995003,0.994297,1.005650,1.004665,0.994071,1.005258,0.994181,0.995913,1.005857,1.005784,0.994107,0.994291",,
4,92,21.0,18.4,0.96059601,0.40857502818107605,1.3731718063354492,8,"1.767840,1.777961","1.007432,0.992234,0.992109,1.007632,1.000636,0.992366,0.993090,1.005076,0.993742,0.992350,1.007442,1.005039,0.992086,1.006885,0.992291,0.994674,1.007739,1.007667,0.992185,0.992377",,
5,149,57.0,24.833333333333332,0.9509900498999999,0.5822142481803894,1.8450231552124023,13,"2.250373,2.263998","1.011650,0.987190,0.987843,1.012331,0.998387,0.987516,0.989249,1.007726,0.991183,0.987473,1.011503,1.007115,0.987312,1.011437,0.988287,0.991675,1.012262,1.012606,0.988103,0.987500",,
6,160,11.0,22.857142857142858,0.9414801494009999,0.5084535330533981,2.0202386379241943,15,"2.444013,2.462438","1.013220,0.985105,0.986244,1.014315,0.997024,0.985507,0.987825,1.008928,0.990185,0.985453,1.012713,1.008148,0.985274,1.013106,0.987237,0.990142,1.013789,1.014647,0.987132,0.985440",,
7,245,85.0,30.625,0.9320653479069899,0.5612054876983166,2.7029671669006348,23,"3.193150,3.282230","1.020202,0.976485,0.979833,1.021140,0.991446,0.977658,0.982378,1.015350,0.993107,0.976838,1.016393,1.010192,0.977926,1.020432,0.984209,0.984865,1.020181,1.022818,0.984186,0.977300",,
8,255,10.0,28.333333333333332,0.92274469442792,0.5916282534599304,2.779165506362915,24,"3.287342,3.386165","1.020896,0.975355,0.979009,1.022046,0.991190,0.976611,0.981889,1.016030,0.993703,0.975744,1.016806,1.010231,0.977053,1.021477,0.983890,0.983965,1.020917,1.023829,0.983918,0.976232",,
9,269,14.0,26.9,0.9135172474836407,0.7163547277450562,2.862797975540161,25,"3.381282,3.489356","1.021477,0.974194,0.978195,1.022998,0.990961,0.975517,0.981512,1.016542,0.994097,0.974649,1.017185,1.010353,0.976207,1.022554,0.983617,0.982989,1.021719,1.024861,0.983722,0.975151",,
10,282,13.0,25.636363636363637,0.9043820750088043,0.6618877053260803,3.0213358402252197,27,"3.577893,3.691986","1.022169,0.971893,0.976501,1.025052,0.990793,0.973250,0.981154,1.017820,0.994383,0.972591,1.018363,1.011087,0.974602,1.024793,0.983059,0.980960,1.023498,1.027032,0.983357,0.973118",,
11,295,13.0,24.583333333333332,0.8953382542587163,0.6104775667190552,3.1134774684906006,28,"3.677674,3.792043","1.022491,0.970725,0.975635,1.026161,0.990800,0.972070,0.981395,1.018612,0.994508,0.971587,1.019094,1.011643,0.973762,1.025970,0.982558,0.979889,1.024477,1.028174,0.983095,0.972066",,
12,305,10.0,23.46153846153846,0.8863848717161291,0.6132843494415283,3.236768960952759,29,"3.774179,3.893101","1.022990,0.969562,0.974753,1.027265,0.990807,0.970906,0.981543,1.019301,0.994698,0.970555,1.019766,1.012157,0.972925,1.027095,0.982047,0.978789,1.025411,1.029284,0.982801,0.971017",,
13,331,26.0,23.642857142857142,0.8775210229989678,0.5872005224227905,3.470456123352051,32,"4.052463,4.205491","1.024083,0.965996,0.972373,1.030437,0.990150,0.967622,0.981855,1.021523,0.995506,0.967210,1.021362,1.012927,0.970615,1.030206,0.981045,0.975370,1.028231,1.032462,0.982541,0.967706",,
14,340,9.0,22.666666666666668,0.8687458127689781,0.6833010911941528,3.5894460678100586,33,"4.143404,4.310602","1.024327,0.964797,0.971468,1.031546,0.989943,0.966528,0.982067,1.022307,0.995834,0.966074,1.021740,1.013253,0.969882,1.031205,0.980607,0.974162,1.029267,1.033526,0.982425,0.966558",,
15,364,24.0,22.75,0.8600583546412883,0.7388398945331573,3.785515546798706,35,"4.326969,4.517947","1.024938,0.962396,0.969486,1.033862,0.989070,0.964255,0.982223,1.023535,0.996263,0.963820,1.022424,1.014002,0.968304,1.033134,0.979508,0.971665,1.031538,1.035762,0.981849,0.964228",,
16,375,11.0,22.058823529411764,0.8514577710948754,0.7767715454101562,3.890399932861328,36,"4.420176,4.618427","1.025311,0.961193,0.968409,1.035021,0.988475,0.963081,0.982314,1.024130,0.996267,0.962683,1.022909,1.014413,0.967466,1.034142,0.978857,0.970396,1.032721,1.036907,0.981380,0.963059",,
17,409,34.0,22.72222222222222,0.8429431933839266,0.7625503341356913,4.172513961791992,39,"4.704747,4.913805","1.025804,0.957511,0.965193,1.038606,0.986737,0.959643,0.982028,1.026253,0.996336,0.959188,1.024737,1.015588,0.964965,1.037359,0.977485,0.966588,1.036113,1.040312,0.980438,0.959468",,
18,428,19.0,22.526315789473685,0.8345137614500874,0.6315743327140808,4.375364303588867,41,"4.893990,5.116874","1.026497,0.954895,0.963322,1.040925,0.985498,0.957375,0.981284,1.027820,0.996825,0.956697,1.026301,1.016092,0.963117,1.039493,0.976996,0.964117,1.038288,1.042502,0.980039,0.956877",,
19,438,10.0,21.9,0.8261686238355865,0.7167672514915466,4.498279809951782,42,"4.987307,5.220891","1.026973,0.953572,0.962289,1.042122,0.984851,0.956242,0.980671,1.028640,0.997076,0.955406,1.027181,1.016511,0.962169,1.040489,0.976892,0.962861,1.039412,1.043616,0.979881,0.955529",,
20,453,15.0,21.571428571428573,0.8179069375972307,0.9310651421546936,4.700903654098511,44,"5.182780,5.417864","1.027910,0.950934,0.960357,1.044602,0.983092,0.953814,0.979555,1.030266,0.997000,0.952838,1.028945,1.017865,0.960218,1.042593,0.976580,0.960350,1.041868,1.046018,0.979482,0.952943",,
21,475,22.0,21.59090909090909,0.8097278682212583,0.7416407465934753,4.884105920791626,46,"5.377792,5.616838","1.029037,0.948372,0.958234,1.047025,0.981214,0.951394,0.978476,1.032236,0.996889,0.950142,1.030898,1.018953,0.958153,1.044433,0.976067,0.957780,1.044271,1.048431,0.978799,0.950288",,
22,489,14.0,21.26086956521739,0.8016305895390458,0.7679810523986816,4.995189189910889,47,"5.474370,5.714896","1.029563,0.947165,0.957191,1.048231,0.980404,0.950209,0.977777,1.033207,0.996723,0.948812,1.031778,1.019375,0.957195,1.045323,0.976097,0.956540,1.045337,1.049611,0.978661,0.948994",,
23,509,20.0,21.208333333333332,0.7936142836436553,1.0541051030158997,5.20211386680603,49,"5.668931,5.913990","1.030267,0.944706,0.955563,1.050754,0.978675,0.947728,0.976672,1.035177,0.996251,0.946261,1.033663,1.020457,0.955320,1.047368,0.976069,0.954085,1.047564,1.051995,0.978534,0.946468",,
24,542,33.0,21.68,0.7856781408072188,0.8359800577163696,5.561572551727295,53,"6.051421,6.318076","1.031684,0.939481,0.951811,1.055997,0.975549,0.942593,0.974507,1.038748,0.994963,0.941028,1.037891,1.022339,0.951807,1.051917,0.975831,0.948662,1.051798,1.056779,0.978060,0.941075",,
25,552,10.0,21.23076923076923,0.7778213593991465,0.804622232913971,5.682356595993042,54,"6.140623,6.423034","1.032133,0.938116,0.950733,1.057207,0.974859,0.941398,0.974088,1.039687,0.995047,0.939638,1.039058,1.022525,0.950965,1.052948,0.975595,0.947241,1.052770,1.057865,0.977712,0.939657",,
26,564,12.0,20.88888888888889,0.7700431458051551,0.8801573514938354,5.7915027141571045,55,"6.226739,6.530072","1.032680,0.936703,0.949775,1.058411,0.974363,0.940179,0.973634,1.040433,0.995141,0.938302,1.040166,1.022584,0.950196,1.054073,0.975404,0.945783,1.053691,1.058902,0.977468,0.938211",,
27,579,15.0,20.678571428571427,0.7623427143471035,0.803241491317749,5.88626766204834,56,"6.313134,6.634341","1.033209,0.935437,0.949062,1.059570,0.973940,0.939020,0.973144,1.041233,0.995138,0.937065,1.041360,1.022572,0.949476,1.055209,0.975233,0.944410,1.054587,1.059897,0.977199,0.936870",,
28,611,32.0,21.06896551724138,0.7547192872036325,1.0653037577867508,6.275213956832886,60,"6.667602,7.055712","1.034681,0.930585,0.945529,1.064407,0.971177,0.934320,0.970599,1.044668,0.994366,0.931921,1.046171,1.021956,0.946826,1.059565,0.973847,0.938959,1.058481,1.064085,0.975094,0.931531",,
29,631,20.0,21.033333333333335,0.7471720943315961,1.147637963294983,6.4715635776519775,62,"6.856383,7.258286","1.035243,0.928281,0.943918,1.066787,0.970137,0.932068,0.968967,1.046301,0.994247,0.929408,1.048676,1.021052,0.945718,1.061731,0.973533,0.936278,1.060192,1.066002,0.974109,0.928930",,
30,653,22.0,21.06451612903226,0.7397003733882802,1.2819231152534485,6.68570351600647,64,"7.045356,7.463932","1.036057,0.926014,0.942289,1.069227,0.969135,0.929749,0.967500,1.047771,0.993953,0.926940,1.051295,1.019834,0.944760,1.064043,0.973341,0.933512,1.061769,1.067911,0.973235,0.926372",,
31,687,34.0,21.46875,0.7323033696543974,1.0611213843027751,6.997192144393921,67,"7.317139,7.778374","1.036480,0.922693,0.939752,1.072780,0.967658,0.925991,0.965738,1.049034,0.993570,0.923349,1.054594,1.017486,0.943658,1.067530,0.972669,0.929096,1.064141,1.070709,0.972114,0.922503",,
32,731,44.0,22.151515151515152,0.7249803359578534,1.5073444604873658,7.594625234603882,72,"7.802145,8.261750","1.035556,0.918285,0.936556,1.078967,0.964212,0.919367,0.962303,1.051795,0.990886,0.917629,1.059254,1.014549,0.941833,1.073125,0.972312,0.922114,1.068385,1.076036,0.971120,0.916982",,
33,788,57.0,23.176470588235293,0.7177305325982748,1.167467713356018,8.161651372909546,77,"8.308122,8.745966","1.034476,0.914512,0.933351,1.084480,0.958937,0.912718,0.956979,1.054237,0.985977,0.911520,1.062687,1.011965,0.939271,1.077750,0.973036,0.915468,1.072831,1.081607,0.970738,0.911335",,
34,803,15.0,22.942857142857143,0.7105532272722921,1.50238698720932,8.327319622039795,79,"8.509634,8.949920","1.033699,0.912769,0.931982,1.086603,0.956493,0.910017,0.954694,1.054893,0.984505,0.908914,1.064547,1.010054,0.938483,1.079737,0.973579,0.912727,1.074696,1.083790,0.970707,0.908825",,
35,855,52.0,23.75,0.7034476949995692,1.4208887100219727,8.899272441864014,84,"9.018473,9.416226","1.029029,0.908140,0.928953,1.091354,0.949203,0.903113,0.949200,1.056391,0.981371,0.902554,1.067814,1.005636,0.936663,1.084337,0.974522,0.905803,1.080357,1.089360,0.971078,0.902537",,
36,870,15.0,23.513513513513512,0.6964132180495735,1.8159276247024536,9.10796046257019,86,"9.221887,9.594569","1.027289,0.906510,0.927549,1.093250,0.946529,0.900235,0.947145,1.056683,0.980025,0.900221,1.067641,1.003757,0.935948,1.086187,0.974961,0.903038,1.082253,1.091622,0.971702,0.900142",,
37,879,9.0,23.13157894736842,0.6894490858690777,,9.140028238296509,86,"9.221887,9.594569","1.027289,0.906510,0.927549,1.093250,0.946529,0.900235,0.947145,1.056683,0.980025,0.900221,1.067641,1.003757,0.935948,1.086187,0.974961,0.903038,1.082253,1.091622,0.971702,0.900142",,
38,890,11.0,22.82051282051282,0.682554595010387,1.4154487252235413,9.317606687545776,88,"9.420723,9.773531","1.025401,0.904972,0.926079,1.095021,0.943746,0.897522,0.944962,1.056716,0.978597,0.897814,1.067241,1.001702,0.935359,1.087967,0.975925,0.900444,1.084185,1.093823,0.972767,0.897698",,
39,908,18.0,22.7,0.6757290490602831,1.3318524360656738,9.437158584594727,89,"9.517692,9.867711","1.024665,0.904370,0.925379,1.095849,0.942411,0.896225,0.943625,1.056653,0.977877,0.896618,1.067113,1.000603,0.935034,1.088557,0.976709,0.899288,1.084994,1.094850,0.973529,0.896461",,
40,934,26.0,22.78048780487805,0.6689717585696803,1.3185813029607136,9.751189231872559,92,"9.820839,10.163129","1.023004,0.902474,0.922417,1.098116,0.938657,0.892325,0.939087,1.056224,0.975249,0.892628,1.066891,0.996523,0.933559,1.090787,0.978891,0.895610,1.086970,1.097893,0.975617,0.892527",,
41,947,13.0,22.547619047619047,0.6622820409839835,1.759464979171753,9.873540878295898,93,"9.927074,10.258206","1.022656,0.901858,0.921438,1.098849,0.937412,0.891007,0.937501,1.056312,0.974040,0.891204,1.067078,0.995119,0.932958,1.091614,0.979733,0.894332,1.087518,1.098872,0.976320,0.891233",,
42,974,27.0,22.651162790697676,0.6556592205741436,1.663463870684306,10.167253732681274,96,"10.253646,10.539885","1.021267,0.899879,0.918975,1.101160,0.933788,0.886893,0.933427,1.056229,0.970165,0.887068,1.068540,0.990676,0.931253,1.094916,0.982271,0.890147,1.089040,1.101577,0.978442,0.887304",,
43,986,12.0,22.40909090909091,0.6491026283684022,1.0999186038970947,10.324946403503418,97,"10.367066,10.632596","1.020696,0.899356,0.918266,1.101876,0.932624,0.885549,0.932193,1.056154,0.968897,0.885758,1.069086,0.989087,0.930688,1.095901,0.983120,0.888758,1.089573,1.102453,0.979102,0.886028",,
44,997,11.0,22.155555555555555,0.6426116020847181,1.716628074645996,10.489800930023193,98,"10.482617,10.729620","1.020040,0.898889,0.917553,1.102728,0.931407,0.884168,0.930844,1.056162,0.967651,0.884394,1.069729,0.987393,0.930185,1.097037,0.984015,0.887297,1.090044,1.103343,0.979818,0.884770",,
45,1031,34.0,22.41304347826087,0.6361854860638709,1.311763197183609,10.968570709228516,102,"10.927118,11.149391","1.018563,0.896547,0.914176,1.105545,0.927097,0.878833,0.926067,1.055633,0.963737,0.878980,1.072113,0.980381,0.928411,1.101156,0.985999,0.881488,1.091281,1.106556,0.981592,0.879600",,
46,1055,24.0,22.4468085106383,0.6298236312032323,1.3898096084594727,11.18457818031311,104,"11.151090,11.361601","1.017883,0.895223,0.912237,1.106654,0.924805,0.876205,0.923831,1.054958,0.961681,0.876328,1.073042,0.976715,0.927128,1.103438,0.986520,0.878640,1.091756,1.108181,0.982063,0.877013",,
47,1067,12.0,22.229166666666668,0.6235253948912,1.118192195892334,11.291214227676392,105,"11.263910,11.470887","1.017689,0.894436,0.911200,1.106972,0.923685,0.874918,0.922796,1.054387,0.960669,0.875086,1.073372,0.975049,0.926541,1.104480,0.986513,0.877205,1.091968,1.108924,0.982184,0.875720",,
48,1091,24.0,22.26530612244898,0.617290140942288,1.0165316263834636,11.626487016677856,108,"11.586412,11.808863","1.017073,0.891757,0.907818,1.107321,0.920412,0.870935,0.919261,1.052065,0.957631,0.871400,1.073980,0.970679,0.923970,1.107126,0.986506,0.872809,1.092662,1.110882,0.982594,0.871721",,
49,1102,11.0,22.04,0.6111172395328651,1.5422215461730957,11.743778944015503,109,"11.692460,11.921145","1.016756,0.890819,0.906780,1.107371,0.919335,0.869569,0.918238,1.051093,0.956575,0.870304,1.073970,0.969346,0.923148,1.107989,0.986570,0.871323,1.092845,1.111466,0.982816,0.870411",9.2,0.39999999999999997
50,1113,11.0,21.823529411764707,0.6050060671375365,1.8872952461242676,11.892519474029541,110,"11.807638,12.026818","1.016275,0.890017,0.905665,1.107439,0.918051,0.868193,0.917176,1.050122,0.955348,0.869180,1.074031,0.967877,0.922322,1.109059,0.986629,0.869817,1.093018,1.112052,0.983016,0.869146",,
51,1128,15.0,21.692307692307693,0.5989560064661611,2.042534112930298,12.074565887451172,111,"11.926690,12.126559","1.015740,0.889346,0.904952,1.107444,0.916849,0.866924,0.916170,1.049326,0.954217,0.868038,1.074386,0.966492,0.921677,1.110255,0.986616,0.868350,1.093134,1.112487,0.983181,0.867972",,
52,1143,15.0,21.566037735849058,0.5929664464014994,1.1495368778705597,12.33577299118042,113,"12.167880,12.323735","1.014719,0.887825,0.903618,1.107221,0.914460,0.864509,0.914242,1.047697,0.952069,0.865841,1.075582,0.963686,0.920452,1.112591,0.986756,0.865492,1.093451,1.113286,0.983362,0.865696",,
53,1155,12.0,21.38888888888889,0.5870367819374844,1.2339107990264893,12.4578537940979,114,"12.290990,12.422026","1.014301,0.886882,0.902777,1.106923,0.913398,0.863333,0.913228,1.046735,0.951197,0.864735,1.076114,0.962334,0.919890,1.113702,0.986689,0.864025,1.093698,1.113612,0.983381,0.864551",,
54,1166,11.0,21.2,0.5811664141181095,1.7425273656845093,12.609012126922607,115,"12.414347,12.517746","1.013810,0.886072,0.902009,1.106615,0.912236,0.862223,0.912120,1.046001,0.950122,0.863548,1.076980,0.960783,0.919203,1.114928,0.986743,0.862561,1.093803,1.113872,0.983393,0.863405",,
55,1178,12.0,21.035714285714285,0.5753547499769285,1.5388469696044922,12.760711908340454,116,"12.543502,12.611152","1.013270,0.885457,0.901200,1.106349,0.910988,0.861095,0.910987,1.045337,0.949007,0.862319,1.077650,0.959279,0.918525,1.116271,0.986616,0.861088,1.093787,1.114084,0.983382,0.862310",,
56,1193,15.0,20.92982456140351,0.5696012024771592,1.1457056403160095,13.023760795593262,118,"12.794828,12.807021","1.012425,0.884114,0.899237,1.105578,0.908577,0.858680,0.908513,1.043885,0.947136,0.859744,1.078902,0.956191,0.917690,1.118770,0.986243,0.857966,1.093966,1.114388,0.983261,0.859982",,
57,1213,20.0,20.913793103448278,0.5639051904523876,1.556637167930603,13.268716096878052,120,"13.033809,12.999102","1.011782,0.882860,0.897329,1.104901,0.906429,0.856395,0.906154,1.042393,0.945140,0.857428,1.080478,0.952766,0.916435,1.121135,0.986142,0.854987,1.094010,1.114734,0.983011,0.857690",,
58,1226,13.0,20.779661016949152,0.5582661385478638,0.7546903491020203,13.420042037963867,121,"13.143970,13.101597","1.011423,0.882325,0.896332,1.104506,0.905482,0.855340,0.904871,1.041582,0.944255,0.856253,1.081270,0.951001,0.915770,1.122087,0.986048,0.853604,1.094048,1.114872,0.982870,0.856499",,
59,1236,10.0,20.6,0.5526834771623851,0.7764490842819214,13.522482633590698,122,"13.252243,13.204749","1.011185,0.881713,0.895149,1.103981,0.904507,0.854243,0.903381,1.040606,0.943119,0.855102,1.081841,0.949353,0.914937,1.122859,0.985891,0.852245,1.093962,1.114974,0.982758,0.855298",,
60,1247,11.0,20.442622950819672,0.5471566423907612,1.9950337409973145,13.666739702224731,123,"13.360716,13.302355","1.010961,0.881167,0.894036,1.103458,0.903584,0.853163,0.902019,1.039543,0.941972,0.854058,1.082283,0.947692,0.914008,1.123656,0.985681,0.850852,1.093829,1.115035,0.982596,0.854101",,
61,1258,11.0,20.29032258064516,0.5416850759668536,0.7228321433067322,13.823874235153198,124,"13.467733,13.399718","1.010753,0.880676,0.892949,1.102862,0.902592,0.852135,0.900740,1.038499,0.940828,0.853053,1.082764,0.946110,0.913037,1.124365,0.985550,0.849526,1.093757,1.115083,0.982411,0.852980",,
62,1272,14.0,20.19047619047619,0.536268225207185,0.7073995172977448,14.147189855575562,126,"13.672484,13.597266","1.009973,0.879835,0.890750,1.101558,0.900218,0.850045,0.898200,1.036461,0.938652,0.851013,1.083300,0.943280,0.911826,1.125664,0.985201,0.846929,1.093506,1.115118,0.982059,0.850875",,
63,1285,13.0,20.078125,0.5309055429551132,2.1536052227020264,14.303374528884888,127,"13.780826,13.693333","1.009739,0.879541,0.889694,1.100993,0.899114,0.849011,0.896988,1.035531,0.937506,0.850042,1.083526,0.941736,0.911235,1.126423,0.985133,0.845641,1.093184,1.115092,0.981957,0.849855",,
64,1293,8.0,19.892307692307693,0.525596487525562,2.041093349456787,14.455797910690308,128,"13.894361,13.786924","1.009315,0.879141,0.888903,1.100537,0.898004,0.848005,0.895846,1.034582,0.936700,0.848960,1.084164,0.940091,0.911026,1.127469,0.985002,0.844272,1.092891,1.114865,0.981901,0.848808",,
65,1305,12.0,19.772727272727273,0.5203405226503064,1.6342151165008545,14.621012687683105,129,"14.011420,13.876227","1.008738,0.878785,0.888218,1.100049,0.896832,0.846994,0.894754,1.033776,0.935899,0.847794,1.084696,0.938399,0.910909,1.128633,0.984742,0.842927,1.092528,1.114650,0.981786,0.847780",,
66,1321,16.0,19.71641791044776,0.5151371174238033,1.16009920835495,14.850579023361206,131,"14.241646,14.044709","1.006955,0.878004,0.887234,1.098835,0.894053,0.845140,0.892932,1.032173,0.934614,0.845400,1.086173,0.935430,0.910701,1.130958,0.984032,0.840381,1.092060,1.114092,0.981508,0.845893",,
67,1339,18.0,19.691176470588236,0.5099857462495653,1.5241183042526245,15.041177034378052,132,"14.355975,14.128025","1.005986,0.877543,0.886845,1.098186,0.892648,0.844243,0.892181,1.031322,0.934179,0.844211,1.086752,0.934047,0.910683,1.132029,0.983463,0.839231,1.091928,1.113865,0.981397,0.844975",,
68,1361,22.0,19.72463768115942,0.5048858887870696,1.3523766199747722,15.409272909164429,135,"14.726321,14.367153","1.003533,0.876221,0.885063,1.095791,0.888344,0.841380,0.889735,1.028496,0.932332,0.840814,1.087814,0.929434,0.910304,1.135249,0.981485,0.835656,1.091229,1.113138,0.981100,0.842321",,
69,1373,12.0,19.614285714285714,0.4998370298991989,1.2414870262145996,15.537616968154907,136,"14.853096,14.446434","1.002479,0.875634,0.884498,1.094949,0.886718,0.840367,0.888935,1.027362,0.931774,0.839671,1.088215,0.927757,0.910423,1.136474,0.980767,0.834389,1.090883,1.112837,0.980983,0.841388",,
70,1384,11.0,19.492957746478872,0.49483865960020695,0.8576772212982178,15.71553635597229,137,"14.977365,14.527238","1.001404,0.874913,0.883929,1.094124,0.885068,0.839287,0.888199,1.026145,0.931234,0.838577,1.088769,0.926004,0.910622,1.137746,0.980104,0.833032,1.090445,1.112546,0.980827,0.840409",,
71,1397,13.0,19.40277777777778,0.4898902730042049,0.9342323541641235,15.827991724014282,138,"15.102659,14.610418","1.000358,0.874050,0.883375,1.093165,0.883467,0.838174,0.887430,1.024695,0.930718,0.837506,1.089435,0.924267,0.910792,1.139049,0.979473,0.831596,1.089970,1.112111,0.980660,0.839378",,
72,1406,9.0,19.26027397260274,0.48499137027416284,1.4949774742126465,15.98201584815979,139,"15.228554,14.694783","0.999407,0.873407,0.882758,1.092234,0.881976,0.837092,0.886642,1.023198,0.930134,0.836549,1.089975,0.922483,0.910903,1.140359,0.978791,0.830191,1.089378,1.111586,0.980522,0.838408",,
73,1420,14.0,19.18918918918919,0.4801414565714212,0.5311121493577957,16.26585578918457,141,"15.475834,14.862329","0.997555,0.872182,0.881732,1.090320,0.879197,0.835082,0.885050,1.020664,0.929020,0.834581,1.091506,0.918993,0.911109,1.142780,0.977873,0.827565,1.088407,1.110583,0.980228,0.836650",,
74,1431,11.0,19.08,0.475340042005707,1.7686119079589844,16.426127910614014,142,"15.600879,14.945740","0.996541,0.871490,0.881453,1.089256,0.877831,0.834121,0.884422,1.019263,0.928534,0.833664,1.092272,0.917490,0.911371,1.143961,0.977339,0.826272,1.088128,1.110032,0.980125,0.835760",,
75,1443,12.0,18.986842105263158,0.47058664158564995,2.0280117988586426,16.587690830230713,143,"15.728227,15.026191","0.995534,0.870980,0.881198,1.088349,0.876515,0.833233,0.883842,1.017946,0.928062,0.832807,1.092900,0.915873,0.911708,1.145218,0.976718,0.825032,1.087755,1.109528,0.980072,0.834882",,
76,1455,12.0,18.896103896103895,0.4658807751697934,0.6302322149276733,16.76158571243286,144,"15.853479,15.108885","0.994641,0.870511,0.880785,1.087343,0.875365,0.832312,0.883046,1.016651,0.927532,0.831872,1.093607,0.914127,0.911791,1.146481,0.976201,0.823712,1.087414,1.108923,0.979979,0.834004",,
77,1469,14.0,18.833333333333332,0.4612219674180955,0.44505685567855835,16.894954919815063,145,"15.977199,15.193651","0.993831,0.869976,0.880288,1.086237,0.874269,0.831405,0.882108,1.015384,0.926875,0.830847,1.094447,0.912428,0.911698,1.147686,0.975875,0.822414,1.087051,1.108215,0.979873,0.833153",,
78,1486,17.0,18.810126582278482,0.45660974774391455,1.1780899465084076,17.168859004974365,147,"16.206335,15.378250","0.992472,0.868238,0.878815,1.083668,0.872115,0.829341,0.879875,1.012488,0.925002,0.828838,1.095759,0.908815,0.910628,1.149714,0.975365,0.819745,1.086380,1.107116,0.979524,0.831096",,
79,1504,18.0,18.8,0.4520436502664754,0.6106955409049988,17.45117950439453,149,"16.440870,15.565653","0.990488,0.866375,0.877519,1.081002,0.869494,0.827251,0.877517,1.009892,0.922697,0.826607,1.097906,0.904979,0.909376,1.152036,0.975352,0.816983,1.085087,1.105793,0.979017,0.829097",,
80,1518,14.0,18.74074074074074,0.44752321376381066,0.8188245296478271,17.65960669517517,150,"16.569412,15.656905","0.989549,0.865467,0.876833,1.079666,0.868122,0.826253,0.876230,1.008705,0.921624,0.825436,1.099188,0.902903,0.908736,1.153285,0.975469,0.815581,1.084530,1.105105,0.978704,0.828182",,
81,1533,15.0,18.695121951219512,0.44304798162617254,1.1493139863014221,17.98487377166748,152,"16.807076,15.839067","0.987850,0.863445,0.875527,1.076979,0.865582,0.824299,0.874012,1.006146,0.919749,0.823231,1.101516,0.899040,0.907704,1.155640,0.975670,0.812840,1.083332,1.103743,0.978120,0.826357",,
82,1565,32.0,18.85542168674699,0.4386175018099108,0.6488176981608073,18.526845455169678,155,"17.164846,16.119015","0.984681,0.860172,0.873601,1.072348,0.861044,0.821020,0.869831,1.001976,0.916183,0.819428,1.105086,0.893229,0.905580,1.159546,0.976222,0.808446,1.081438,1.101185,0.977246,0.823634",,
83,1577,12.0,18.773809523809526,0.4342313267918117,2.1865620613098145,18.68371057510376,156,"17.280327,16.216911","0.983935,0.858950,0.872821,1.070713,0.859598,0.819903,0.868397,1.000668,0.914877,0.818163,1.106083,0.891225,0.904428,1.160661,0.976633,0.807068,1.080966,1.100502,0.976808,0.822821",,
84,1595,18.0,18.764705882352942,0.4298890135238936,1.0934421122074127,18.953001022338867,158,"17.497887,16.413467","0.982612,0.856604,0.871363,1.067369,0.856971,0.817797,0.865649,0.998006,0.912666,0.815528,1.108095,0.887565,0.902566,1.162683,0.977325,0.804510,1.080027,1.098928,0.976264,0.821227",,
85,1612,17.0,18.74418604651163,0.42559012338865465,1.3681322932243347,19.288996696472168,160,"17.718630,16.597887","0.981326,0.854816,0.870330,1.064240,0.854517,0.815998,0.863220,0.995719,0.910880,0.812699,1.110381,0.884278,0.901378,1.164932,0.978001,0.802191,1.079175,1.096869,0.976232,0.819803",,
86,1630,18.0,18.735632183908045,0.4213342221547681,1.5253373980522156,19.52806305885315,162,"17.928915,16.789158","0.980123,0.852991,0.869178,1.060699,0.852295,0.814140,0.860993,0.993267,0.909217,0.809811,1.112068,0.880920,0.899954,1.166928,0.978416,0.799985,1.078405,1.095037,0.976068,0.818476",,
87,1653,23.0,18.78409090909091,0.41712087993322045,0.8174349665641785,19.87505793571472,164,"18.120838,16.998074","0.978846,0.850887,0.867899,1.056798,0.850301,0.812071,0.858595,0.990332,0.907966,0.806747,1.113691,0.877695,0.898771,1.168713,0.978505,0.797721,1.077564,1.093219,0.975827,0.816972",,
88,1674,21.0,18.808988764044944,0.41294967113388825,1.2210404872894287,20.22533941268921,166,"18.305008,17.215971","0.977739,0.848938,0.866393,1.052635,0.848585,0.810033,0.855958,0.987359,0.906625,0.803669,1.115071,0.874486,0.897128,1.170148,0.978392,0.795718,1.076822,1.091683,0.975369,0.815730",,
89,1690,16.0,18.77777777777778,0.40882017442254937,1.249769389629364,20.504159212112427,168,"18.486515,17.432253","0.976522,0.846934,0.864970,1.048507,0.846509,0.807881,0.853739,0.984235,0.905284,0.800675,1.116070,0.871453,0.896112,1.171600,0.978299,0.793980,1.075818,1.090082,0.975037,0.814490",,
90,1705,15.0,18.736263736263737,0.4047319726783239,0.44859185814857483,20.671345233917236,169,"18.581104,17.543198","0.975967,0.846097,0.864129,1.046482,0.845539,0.806854,0.852361,0.982669,0.904561,0.799147,1.116598,0.869901,0.895525,1.172348,0.978114,0.793179,1.075263,1.089188,0.974791,0.813876",,
91,1725,20.0,18.75,0.40068465295154065,1.5651060342788696,20.988951206207275,171,"18.774742,17.755741","0.974834,0.844413,0.862631,1.042590,0.843527,0.804834,0.849931,0.979508,0.903223,0.796324,1.117598,0.866817,0.894780,1.174120,0.977727,0.791530,1.073916,1.087335,0.974442,0.812547",,
92,1739,14.0,18.698924731182796,0.39667780642202527,1.5295878648757935,21.201387643814087,172,"18.879162,17.862787","0.974225,0.843499,0.861852,1.040592,0.842465,0.803800,0.848761,0.977801,0.902536,0.794974,1.117912,0.865125,0.894433,1.175188,0.977382,0.790652,1.073098,1.086455,0.974111,0.811871",,
93,1757,18.0,18.69148936170213,0.392711028357805,1.1853771209716797,21.459589958190918,174,"19.086121,18.081556","0.972534,0.841247,0.860469,1.036500,0.839939,0.801534,0.846216,0.974343,0.900172,0.792216,1.118712,0.861709,0.892687,1.177297,0.977544,0.788749,1.071280,1.084690,0.973447,0.810706",,
94,1777,20.0,18.705263157894738,0.38878391807422696,1.6714968085289001,21.782032251358032,176,"19.288807,18.311457","0.970950,0.838913,0.859332,1.032263,0.837494,0.799376,0.843849,0.970909,0.897733,0.789531,1.119509,0.858181,0.890734,1.179238,0.978166,0.787004,1.069613,1.083108,0.972649,0.809870",,
95,1794,17.0,18.6875,0.3848960788934847,0.7103992700576782,22.055971145629883,178,"19.485355,18.562353","0.969495,0.836296,0.857977,1.027806,0.835258,0.797151,0.841284,0.967311,0.895322,0.786591,1.120325,0.854551,0.888600,1.180962,0.978624,0.785383,1.068105,1.081460,0.971655,0.809045",,
96,1812,18.0,18.68041237113402,0.38104711810454983,1.06293323636055,22.325437784194946,180,"19.693981,18.807489","0.968085,0.833391,0.856255,1.023523,0.833062,0.794814,0.838304,0.963549,0.892987,0.783519,1.121564,0.850894,0.886751,1.183060,0.978895,0.783405,1.066442,1.079222,0.970616,0.807919",,
97,1830,18.0,18.6734693877551,0.37723664692350434,1.7460948824882507,22.602471113204956,182,"19.898020,19.055239","0.966519,0.830827,0.854482,1.019309,0.831121,0.792609,0.835119,0.959768,0.890807,0.780625,1.122580,0.847436,0.884987,1.185048,0.979075,0.781378,1.064706,1.076941,0.969291,0.807070",,
98,1840,10.0,18.585858585858585,0.37346428045426927,0.7858123779296875,22.749119758605957,183,"19.999384,19.180130","0.965759,0.829570,0.853627,1.017273,0.830241,0.791505,0.833635,0.957825,0.889830,0.779334,1.123008,0.845746,0.884145,1.186017,0.979136,0.780367,1.063951,1.075755,0.968697,0.806590",,
99,1858,18.0,18.58,0.36972963764972655,1.521652102470398,22.969850778579712,184,"20.100634,19.303047","0.965072,0.828270,0.852676,1.015306,0.829473,0.790375,0.832045,0.955819,0.888892,0.778092,1.123441,0.844113,0.883256,1.187001,0.979068,0.779283,1.063316,1.074555,0.968130,0.806017",15.2,1.16619037896906
100,1869,11.0,18.51,0.36603234127322926,0.7988458871841431,23.13485813140869,185,"20.197191,19.423994","0.964423,0.826982,0.851772,1.013464,0.828774,0.789292,0.830547,0.953842,0.888098,0.776976,1.123964,0.842540,0.882451,1.187973,0.978770,0.778238,1.062721,1.073487,0.967525,0.805404",,
101,1885,16.0,18.49,0.36237201786049694,1.4969404935836792,23.454349756240845,187,"20.402676,19.659689","0.963396,0.824467,0.849572,1.009905,0.827309,0.787062,0.827616,0.949787,0.886567,0.774829,1.124877,0.839384,0.881430,1.190109,0.977845,0.776099,1.060938,1.071102,0.966621,0.803891",,
102,1907,22.0,18.58,0.358748297681892,0.39643190801143646,23.737470626831055,189,"20.609457,19.888937","0.962311,0.822080,0.847344,1.006470,0.826107,0.784823,0.824566,0.945829,0.884851,0.772867,1.125742,0.836267,0.879934,1.192256,0.976799,0.774282,1.059348,1.068888,0.965764,0.802361",,
103,1922,15.0,18.51,0.35516081470507305,0.9560142308473587,24.002689599990845,191,"20.819874,20.121792","0.961365,0.819911,0.845004,1.003213,0.825042,0.782543,0.821435,0.941890,0.883189,0.771116,1.126519,0.833186,0.878619,1.194208,0.975735,0.772486,1.058041,1.066680,0.964911,0.800882",,
104,1937,15.0,18.45,0.3516092065580223,3.1013922691345215,24.167232036590576,192,"20.924446,20.235723","0.960869,0.818905,0.843914,1.001595,0.824410,0.781453,0.819848,0.940115,0.882459,0.770070,1.126719,0.831751,0.878045,1.195134,0.975339,0.771738,1.057431,1.065465,0.964540,0.800312",,
105,1950,13.0,18.01,0.34809311449244207,1.4210008382797241,24.403083324432373,194,"21.125271,20.470266","0.959780,0.817202,0.841912,0.998551,0.823092,0.779395,0.816803,0.936592,0.881046,0.768343,1.127337,0.828871,0.877061,1.196793,0.974432,0.770336,1.056063,1.063317,0.963846,0.799098",,
106,1963,13.0,18.03,0.34461218334751764,0.683372974395752,24.591495275497437,195,"21.230608,20.587940","0.959261,0.816444,0.840893,0.997116,0.822435,0.778484,0.815248,0.934824,0.880372,0.767590,1.127799,0.827313,0.876668,1.197691,0.973921,0.769660,1.055393,1.062299,0.963626,0.798441",,
107,1981,18.0,17.36,0.34116606151404244,1.1304613798856735,24.859526872634888,197,"21.446157,20.823120","0.957919,0.814155,0.838885,0.994015,0.820762,0.776383,0.812119,0.930861,0.878950,0.766139,1.129048,0.824111,0.875944,1.199695,0.972736,0.768052,1.054013,1.060103,0.962778,0.796829",,
108,1995,14.0,17.4,0.337754400898902,0.6617783904075623,25.00811743736267,198,"21.556871,20.944550","0.957110,0.812950,0.837939,0.992412,0.819737,0.775297,0.810553,0.928852,0.878163,0.765432,1.129798,0.822546,0.875803,1.200723,0.972138,0.767186,1.053143,1.059008,0.962228,0.796041",,
109,2013,18.0,17.44,0.334376856889913,2.2972074896097183,25.32271647453308,200,"21.776358,21.178608","0.955558,0.810816,0.835892,0.989156,0.817786,0.773172,0.807749,0.924762,0.876068,0.764319,1.130892,0.819658,0.874776,1.202698,0.971075,0.765634,1.051598,1.056541,0.961303,0.794552",,
110,2028,15.0,17.46,0.33103308832101386,1.7370579242706299,25.508081436157227,201,"21.881268,21.293547","0.954997,0.809797,0.834863,0.987518,0.816999,0.772125,0.806472,0.922663,0.875024,0.763909,1.131224,0.818287,0.874083,1.203690,0.970426,0.764969,1.050999,1.055310,0.960822,0.793750",,
111,2044,16.0,17.49,0.3277227574378037,2.4064331650733948,25.751148462295532,203,"22.090231,21.515526","0.953957,0.808005,0.832963,0.984408,0.815495,0.770186,0.804250,0.918660,0.873186,0.763103,1.131817,0.815679,0.873018,1.205740,0.969000,0.763799,1.050091,1.052941,0.959991,0.792060",,
112,2066,22.0,17.61,0.3244455298634257,2.7637429237365723,26.043190956115723,205,"22.269432,21.744137","0.953288,0.805976,0.831074,0.981128,0.814529,0.767989,0.802289,0.914588,0.871643,0.762591,1.131370,0.813290,0.871432,1.207051,0.967474,0.762805,1.050898,1.051445,0.959194,0.790398",,
113,2082,16.0,17.51,0.3212010745647914,2.143871545791626,26.313725233078003,207,"22.460472,21.967108","0.952986,0.804004,0.828971,0.977656,0.813757,0.765840,0.800263,0.910477,0.870320,0.761889,1.130943,0.810945,0.869867,1.208236,0.966058,0.761712,1.052193,1.049566,0.958452,0.789195",,
114,2100,18.0,17.6,0.3179890638191435,0.5412872433662415,26.651958227157593,209,"22.661921,22.200684","0.952902,0.801722,0.826794,0.974108,0.813153,0.763846,0.797831,0.906327,0.868897,0.761421,1.130668,0.808359,0.868261,1.209606,0.964830,0.760592,1.053247,1.047657,0.957542,0.787949",,
115,2119,19.0,17.55,0.31480917318095203,0.553712010383606,26.92425799369812,210,"22.765675,22.322144","0.952851,0.800466,0.825823,0.972291,0.812822,0.762923,0.796412,0.904242,0.868122,0.761204,1.130876,0.806983,0.867475,1.210430,0.964096,0.760008,1.053555,1.046650,0.956904,0.787411",,
116,2141,22.0,17.66,0.3116610814491425,0.8004067738850912,27.374382257461548,213,"23.089722,22.678202","0.951927,0.796246,0.823242,0.966663,0.811293,0.760121,0.791890,0.898039,0.865269,0.760080,1.132375,0.802891,0.865683,1.213210,0.961921,0.757976,1.053041,1.043288,0.954741,0.785973",,
117,2159,18.0,17.5,0.30854447063465107,0.597500741481781,27.61513614654541,214,"23.203999,22.799963","0.951498,0.794927,0.822421,0.964831,0.810773,0.759212,0.790322,0.895997,0.864262,0.759825,1.133026,0.801358,0.865101,1.214045,0.961263,0.757340,1.052819,1.042317,0.954091,0.785506",,
118,2173,14.0,17.45,0.30545902592830454,1.2406070530414581,27.868006944656372,216,"23.428423,23.049299","0.950083,0.792046,0.820856,0.961265,0.809454,0.757136,0.787443,0.891917,0.862210,0.759171,1.134442,0.798480,0.863826,1.215781,0.960363,0.755881,1.052202,1.040063,0.952963,0.784337",,
119,2189,16.0,17.51,0.3024044356690215,0.5683891773223877,28.099944591522217,217,"23.543018,23.176270","0.949375,0.790459,0.820239,0.959460,0.808763,0.755985,0.785997,0.889881,0.861147,0.758752,1.135206,0.797080,0.863112,1.216628,0.960103,0.755107,1.051946,1.038879,0.952392,0.783822",,
120,2209,20.0,17.56,0.29938039131233124,1.7794992625713348,28.371877431869507,219,"23.767513,23.426971","0.947727,0.787607,0.819064,0.955886,0.807153,0.753640,0.782975,0.885968,0.858903,0.757757,1.136484,0.794310,0.861568,1.217854,0.959683,0.753745,1.051404,1.036530,0.951258,0.783072",,
121,2225,16.0,17.5,0.2963865873992079,0.9484016746282578,28.67550826072693,221,"23.988974,23.675417","0.945766,0.785170,0.818197,0.952377,0.805389,0.751282,0.779935,0.882199,0.856288,0.756856,1.138075,0.791718,0.859960,1.218783,0.959929,0.752329,1.050093,1.033966,0.950084,0.782604",,
122,2237,12.0,17.48,0.29342272152521587,4.060521125793457,28.868612051010132,222,"24.098526,23.794617","0.944874,0.783966,0.817835,0.950755,0.804559,0.750234,0.778580,0.880387,0.855030,0.756520,1.138866,0.790467,0.859235,1.219322,0.959964,0.751728,1.049494,1.032862,0.949549,0.782330",,
123,2252,15.0,17.43,0.2904884943099637,2.047722578048706,29.11779499053955,224,"24.320841,24.025885","0.943385,0.781689,0.817029,0.947730,0.803157,0.748350,0.776085,0.876802,0.852795,0.756080,1.140420,0.788023,0.858006,1.220685,0.959616,0.750572,1.048259,1.030464,0.948453,0.781755",,
124,2272,20.0,17.3,0.28758360936686406,1.0499671697616577,29.436489582061768,226,"24.543749,24.247799","0.942116,0.779471,0.816244,0.944764,0.801877,0.746563,0.773853,0.873093,0.850663,0.755856,1.142177,0.785652,0.857062,1.222214,0.958927,0.749531,1.046883,1.027858,0.947373,0.781182",,
125,2287,15.0,17.35,0.2847077732731954,3.9313607215881348,29.669347047805786,227,"24.646994,24.355461","0.941302,0.778482,0.815893,0.943344,0.801204,0.745726,0.772944,0.871325,0.849408,0.755809,1.142915,0.784614,0.856351,1.222990,0.958597,0.749043,1.046143,1.026712,0.946964,0.780895",,
126,2304,17.0,17.4,0.28186069554046345,1.0796562433242798,29.9893479347229,229,"24.860043,24.576580","0.939749,0.776284,0.815222,0.940513,0.799904,0.743923,0.771149,0.867597,0.847060,0.755831,1.144509,0.782532,0.855035,1.224749,0.957710,0.748016,1.044865,1.024380,0.946151,0.780200",,
127,2320,16.0,17.41,0.2790420885850588,1.0460856556892395,30.287178993225098,231,"25.068245,24.800495","0.938441,0.774058,0.814293,0.937851,0.798588,0.742080,0.769424,0.864055,0.844848,0.755629,1.146166,0.780792,0.853932,1.226531,0.956774,0.746877,1.043396,1.021693,0.945518,0.779536",,
128,2335,15.0,17.24,0.2762516676992082,0.4742822051048279,30.47684407234192,232,"25.178366,24.912510","0.937825,0.772986,0.813770,0.936474,0.797884,0.741106,0.768399,0.862244,0.843701,0.755479,1.147002,0.779991,0.853314,1.227427,0.956344,0.746286,1.042623,1.020132,0.945160,0.779258",,
129,2360,25.0,17.29,0.27348915102221616,0.7651830514272054,30.905606746673584,235,"25.503376,25.248636","0.935713,0.769720,0.812300,0.932672,0.795657,0.738176,0.765477,0.856931,0.840459,0.755120,1.149353,0.777585,0.851606,1.230055,0.954737,0.745005,1.040474,1.016092,0.943992,0.778373",,
130,2377,17.0,17.24,0.270754259511994,0.21047726273536682,31.127568244934082,236,"25.615015,25.358255","0.935115,0.768808,0.811859,0.931481,0.794970,0.737308,0.764484,0.855171,0.839394,0.755184,1.150105,0.776745,0.851072,1.230974,0.954157,0.744744,1.039733,1.014721,0.943546,0.778165",,
131,2394,17.0,17.07,0.26804671691687404,2.385679006576538,31.38624405860901,238,"25.851585,25.564259","0.933882,0.766756,0.811287,0.929269,0.793664,0.735456,0.762864,0.851654,0.837295,0.755546,1.151521,0.775055,0.849998,1.232794,0.953290,0.744434,1.038511,1.012397,0.942777,0.777566",,
132,2418,24.0,16.87,0.2653662497477053,1.869783490896225,31.73982000350952,240,"26.079483,25.772528","0.932480,0.764835,0.810876,0.926753,0.792411,0.733460,0.760976,0.848122,0.835176,0.755763,1.152592,0.773314,0.848705,1.234030,0.952357,0.744524,1.037528,1.010398,0.941902,0.777149",,
133,2437,19.0,16.49,0.2627125872502282,2.309186950325966,32.08332681655884,242,"26.301859,25.982912","0.931226,0.763032,0.810373,0.924330,0.791165,0.731676,0.759204,0.844598,0.833149,0.756173,1.153594,0.771679,0.847599,1.235309,0.951213,0.744789,1.036662,1.008559,0.941056,0.776684",,
134,2460,23.0,16.57,0.2600854613777259,1.556701421737671,32.48154020309448,245,"26.627823,26.313063","0.927923,0.760298,0.809024,0.920170,0.788445,0.728428,0.756459,0.839275,0.829425,0.756247,1.154809,0.769450,0.845392,1.236471,0.948974,0.745000,1.035054,1.005484,0.939614,0.775752",,
135,2487,27.0,16.32,0.2574846067639487,1.0721962451934814,32.8911018371582,247,"26.848917,26.535273","0.926036,0.758289,0.807987,0.917092,0.786888,0.726402,0.754812,0.835548,0.827281,0.756292,1.155651,0.768022,0.844398,1.237139,0.947449,0.745017,1.034736,1.003174,0.938872,0.774750",,
136,2515,28.0,16.45,0.2549097606963092,2.262694160143534,33.343976736068726,250,"27.173212,26.877850","0.923111,0.754922,0.806782,0.912424,0.784303,0.723488,0.752249,0.830194,0.824231,0.756044,1.157104,0.765603,0.843525,1.237836,0.945497,0.745257,1.033405,0.999775,0.937627,0.773656",,
137,2534,19.0,16.55,0.2523606630893461,1.8355727791786194,33.67450141906738,252,"27.378761,27.106174","0.921240,0.752664,0.805698,0.909563,0.782591,0.721630,0.750764,0.826887,0.822192,0.755496,1.158221,0.764438,0.842995,1.238572,0.944149,0.745242,1.032463,0.997059,0.937042,0.772904",,
138,2560,26.0,16.7,0.24983705645845267,1.9867709477742512,34.11992835998535,255,"27.675516,27.455553","0.918535,0.748540,0.803833,0.904958,0.780149,0.718370,0.747964,0.821792,0.818690,0.754294,1.159950,0.762484,0.840736,1.239485,0.941583,0.744675,1.030966,0.992943,0.935561,0.771814",,
139,2577,17.0,16.69,0.24733868589386815,0.43992558121681213,34.35404968261719,256,"27.773787,27.572680","0.917589,0.747116,0.803278,0.903272,0.779373,0.717162,0.746915,0.820059,0.817350,0.753785,1.160512,0.761771,0.839640,1.239572,0.940953,0.744482,1.030535,0.991595,0.935076,0.771629",,
140,2597,20.0,16.63,0.24486529903492946,1.8580336272716522,34.72423338890076,258,"27.974281,27.800413","0.915913,0.744437,0.802115,0.900104,0.777896,0.714973,0.744852,0.816643,0.814889,0.753057,1.161693,0.760517,0.837676,1.240017,0.939376,0.744071,1.029826,0.988667,0.934064,0.771248",,
141,2616,19.0,16.69,0.24241664604458016,2.2630112767219543,35.04411292076111,260,"28.175278,28.023016","0.914421,0.741809,0.800984,0.897002,0.776606,0.712967,0.743060,0.813299,0.812780,0.752171,1.162979,0.759375,0.835936,1.240687,0.937754,0.743869,1.029340,0.985749,0.933263,0.770809",,
142,2636,20.0,16.62,0.23999247958413436,2.004419684410095,35.42630052566528,262,"28.390663,28.237600","0.912570,0.739106,0.799885,0.893835,0.775112,0.710884,0.741281,0.809896,0.810639,0.751234,1.164389,0.758136,0.834045,1.241416,0.936275,0.743633,1.028978,0.982471,0.932576,0.770427",,
143,2652,16.0,16.66,0.23759255478829303,1.034965306520462,35.73722863197327,264,"28.619120,28.441061","0.910454,0.736246,0.799042,0.890734,0.773426,0.708899,0.739513,0.806614,0.808206,0.750058,1.166006,0.756894,0.831983,1.242426,0.934893,0.743323,1.028450,0.978986,0.931933,0.770089",,
144,2668,16.0,16.71,0.2352166292404101,1.8932042121887207,35.957984924316406,265,"28.734480,28.544664","0.909561,0.734879,0.798714,0.889182,0.772722,0.707987,0.738525,0.804951,0.807042,0.749565,1.166767,0.756106,0.830945,1.242857,0.934122,0.743337,1.028259,0.977421,0.931479,0.770046",,
145,2689,21.0,16.58,0.232864462948006,1.2636387646198273,36.28089475631714,267,"28.957935,28.757914","0.907974,0.732123,0.797686,0.886197,0.771440,0.706215,0.736119,0.801591,0.804762,0.748749,1.168298,0.754546,0.828927,1.243696,0.932323,0.743203,1.027694,0.974295,0.930780,0.769725",,
146,2707,18.0,16.52,0.23053581831852593,0.2804531082510948,36.58068895339966,269,"29.174322,28.976002","0.906799,0.729454,0.796428,0.883101,0.770502,0.704472,0.733388,0.798117,0.802468,0.748086,1.169726,0.752793,0.826924,1.244292,0.930163,0.743357,1.026900,0.971371,0.929818,0.769554",,
147,2728,21.0,16.61,0.22823046013534068,1.3102396130561829,36.91119146347046,271,"29.390156,29.201105","0.905937,0.726744,0.795359,0.880202,0.769798,0.702723,0.730884,0.794636,0.800321,0.747682,1.170999,0.751036,0.825109,1.244833,0.928096,0.743643,1.026120,0.968732,0.928748,0.769193",,
148,2750,22.0,16.59,0.22594815553398728,2.8876725832621255,37.34473633766174,274,"29.672554,29.547651","0.904180,0.722873,0.794008,0.875924,0.768493,0.699661,0.728128,0.789615,0.797777,0.746687,1.173064,0.749030,0.822598,1.245217,0.925776,0.744208,1.025070,0.965191,0.927299,0.768461",,
149,2764,14.0,16.62,0.22368867397864742,0.25263798236846924,37.58638024330139,275,"29.765673,29.659378","0.903394,0.721798,0.793534,0.874544,0.767945,0.698592,0.727269,0.788008,0.796971,0.746264,1.173697,0.748537,0.821815,1.245301,0.925139,0.744268,1.024704,0.963900,0.926872,0.768239",17.0,2.0
150,2784,20.0,16.71,0.22145178723886094,0.4775041341781616,37.911070108413696,277,"29.963976,29.886673","0.901995,0.719503,0.792483,0.871523,0.766989,0.696477,0.725174,0.784583,0.795219,0.745573,1.174753,0.747268,0.820023,1.245291,0.923720,0.744488,1.023842,0.961049,0.925972,0.767878",,
151,2803,19.0,16.75,0.21923726936647234,1.1945948004722595,38.21259164810181,279,"30.189667,30.094007","0.900906,0.717095,0.790993,0.868753,0.766108,0.694614,0.722895,0.781238,0.793504,0.745018,1.175692,0.746040,0.818650,1.245613,0.922358,0.744550,1.022526,0.957661,0.925549,0.767419",,
152,2815,12.0,16.72,0.2170448966728076,1.9877163171768188,38.39177393913269,280,"30.314411,30.190939","0.900288,0.715926,0.790179,0.867355,0.765487,0.693588,0.721785,0.779505,0.792634,0.744818,1.176083,0.745545,0.818191,1.245886,0.921634,0.744425,1.021561,0.955665,0.925434,0.767164",,
153,2831,16.0,16.76,0.21487444770607952,1.2076874077320099,38.72199845314026,282,"30.553900,30.391857","0.899217,0.713780,0.788492,0.864933,0.764377,0.691546,0.719560,0.776207,0.790958,0.744502,1.176806,0.744657,0.817149,1.246317,0.920488,0.743994,1.019757,0.952048,0.925234,0.766786",,
154,2846,15.0,16.8,0.21272570322901874,0.49642878770828247,38.917081356048584,283,"30.676558,30.491764","0.898501,0.712787,0.787536,0.863725,0.763808,0.690512,0.718397,0.774552,0.790133,0.744326,1.177158,0.744157,0.816612,1.246365,0.919902,0.743667,1.018928,0.950201,0.925163,0.766594",,
155,2863,17.0,16.85,0.21059844619672854,2.6584954261779785,39.18514585494995,285,"30.910479,30.691257","0.896735,0.710788,0.786227,0.861533,0.762682,0.688555,0.716566,0.771342,0.788493,0.744091,1.177972,0.743173,0.815487,1.246303,0.918976,0.743324,1.017416,0.946896,0.925020,0.765989",,
156,2878,15.0,16.85,0.20849246173476127,0.23087278008460999,39.393431425094604,286,"31.025242,30.790655","0.895983,0.709812,0.785781,0.860549,0.762187,0.687674,0.715836,0.769814,0.787705,0.744033,1.178401,0.742759,0.814961,1.246397,0.918581,0.743394,1.016652,0.945388,0.924946,0.765657",,
157,2897,19.0,16.84,0.20640753711741366,1.8169187009334564,39.78742170333862,288,"31.254477,30.991653","0.894232,0.707610,0.785057,0.858203,0.760738,0.685654,0.714052,0.766809,0.785923,0.743238,1.179404,0.741731,0.813733,1.246539,0.917531,0.743367,1.014666,0.942156,0.924448,0.765438",,
158,2920,23.0,16.94,0.20434346174623952,2.6403428117434182,40.249061584472656,291,"31.572935,31.293148","0.891849,0.704486,0.784538,0.854711,0.758681,0.682628,0.711513,0.762608,0.783464,0.741804,1.180728,0.739970,0.811950,1.246215,0.916827,0.743406,1.011853,0.937771,0.923820,0.765705",,
159,2942,22.0,17.06,0.20230002712877712,0.31608833372592926,40.67087125778198,293,"31.786919,31.497765","0.890367,0.702305,0.783894,0.852367,0.757265,0.680693,0.709646,0.759829,0.781971,0.740743,1.181509,0.738761,0.811090,1.245894,0.916193,0.743600,1.009888,0.934814,0.923481,0.766054",,
160,2965,23.0,17.18,0.20027702685748935,1.3042733073234558,41.09053015708923,295,"31.985975,31.715958","0.888936,0.700117,0.782900,0.849767,0.755999,0.678583,0.707512,0.756922,0.780364,0.739753,1.182192,0.737327,0.809549,1.245248,0.915135,0.743939,1.008123,0.932194,0.922849,0.766532",,
161,2982,17.0,17.24,0.19827425658891445,1.3175055384635925,41.44211006164551,297,"32.182869,31.937464","0.887559,0.697725,0.781908,0.846838,0.754689,0.676454,0.705452,0.753990,0.778870,0.738452,1.182968,0.735769,0.808033,1.244704,0.913936,0.744179,1.006175,0.929315,0.921888,0.767221",,
162,3004,22.0,17.32,0.1962915140230253,1.0740486085414886,41.88174033164978,299,"32.395164,32.153851","0.886530,0.695331,0.780544,0.843893,0.753614,0.674515,0.703539,0.750946,0.777346,0.737409,1.183598,0.734183,0.806735,1.244549,0.912485,0.743899,1.003967,0.926127,0.921035,0.767933",,
163,3025,21.0,17.4,0.19432859888279505,2.021832048892975,42.279327630996704,301,"32.612789,32.360069","0.885751,0.693245,0.779335,0.841224,0.752739,0.672808,0.701832,0.747972,0.775943,0.736774,1.183945,0.732770,0.805650,1.244739,0.911084,0.743741,1.002024,0.923014,0.920323,0.768556",,
164,3045,20.0,17.52,0.1923853128939671,0.36382223665714264,42.62799644470215,303,"32.832123,32.561275","0.885117,0.691224,0.777849,0.838682,0.751956,0.670994,0.699904,0.744960,0.774598,0.736172,1.184222,0.731486,0.804664,1.244968,0.909588,0.743211,1.000385,0.919800,0.919785,0.769044",,
165,3075,30.0,17.7,0.19046145976502743,1.569118579228719,43.16252660751343,306,"33.158821,32.880581","0.884315,0.688301,0.774749,0.835495,0.750934,0.668107,0.697006,0.740664,0.772621,0.735277,1.184594,0.730134,0.803003,1.245451,0.907564,0.741519,0.998732,0.914980,0.919558,0.769444",,
166,3101,26.0,17.8,0.18855684516737714,0.33167576789855957,43.644803285598755,309,"33.464504,33.218391","0.883688,0.686395,0.771661,0.832254,0.750212,0.665172,0.694295,0.736130,0.770746,0.735355,1.184721,0.728780,0.801244,1.245538,0.906093,0.739520,0.997890,0.910320,0.919640,0.769720",,
167,3123,22.0,17.84,0.18667127671570335,1.238296091556549,44.05722093582153,311,"33.668564,33.442490","0.883369,0.685020,0.769660,0.830113,0.749707,0.663340,0.692219,0.733214,0.769324,0.735351,1.184741,0.727773,0.799720,1.245798,0.904949,0.738307,0.997153,0.907122,0.919474,0.770022",,
168,3153,30.0,17.92,0.18480456394854633,2.2871301968892417,44.6497163772583,314,"33.953320,33.778442","0.882344,0.682964,0.766488,0.826715,0.748768,0.660479,0.689265,0.728746,0.767175,0.735564,1.184785,0.726416,0.797704,1.245158,0.903828,0.736314,0.995912,0.902274,0.919737,0.769949",,
169,3176,23.0,18.03,0.18295651830906087,1.1197249591350555,45.07431674003601,316,"34.140034,34.007755","0.882180,0.681417,0.764025,0.824361,0.748555,0.658644,0.687489,0.725603,0.766507,0.735788,1.184854,0.725609,0.797179,1.244662,0.902889,0.735080,0.994919,0.898982,0.919897,0.769665",,
170,3213,37.0,18.29,0.18112695312597027,1.7740169540047646,45.78044509887695,320,"34.508877,34.448345","0.881194,0.677663,0.759034,0.820022,0.747716,0.655096,0.683412,0.719911,0.764350,0.735408,1.185154,0.724005,0.794924,1.243554,0.901684,0.732628,0.993136,0.892835,0.920780,0.769274",,
171,3229,16.0,18.32,0.17931568359471056,0.45102354884147644,46.04032301902771,321,"34.602749,34.557301","0.880847,0.676623,0.757803,0.818767,0.747440,0.654122,0.682377,0.718355,0.763680,0.735361,1.185196,0.723532,0.794137,1.243268,0.901244,0.732010,0.992633,0.891177,0.920843,0.769085",,
172,3250,21.0,18.44,0.17752252675876345,1.5678327828645706,46.487406492233276,324,"34.876957,34.877064","0.879572,0.673687,0.754835,0.815251,0.746552,0.651401,0.679398,0.714037,0.761469,0.735280,1.185193,0.722108,0.791912,1.242856,0.899264,0.730661,0.991147,0.886694,0.920638,0.768538",,
173,3263,13.0,18.43,0.17574730149117582,0.5079243779182434,46.70237755775452,325,"34.971615,34.981339","0.879137,0.672610,0.753981,0.813980,0.746245,0.650423,0.678370,0.712634,0.760770,0.735037,1.185211,0.721537,0.791103,1.242600,0.898649,0.730177,0.990856,0.885258,0.920450,0.768487",,
174,3287,24.0,18.56,0.17398982847626407,2.3554033041000366,47.134347915649414,327,"35.150284,35.191471","0.878336,0.670379,0.751771,0.811494,0.745744,0.648401,0.676229,0.709702,0.759345,0.734720,1.184978,0.720539,0.789650,1.241474,0.897426,0.729264,0.989895,0.882408,0.920503,0.767979",,
175,3300,13.0,18.57,0.17224993019150142,3.871011972427368,47.4702889919281,329,"35.315464,35.394501","0.877112,0.668261,0.750032,0.809394,0.744970,0.646504,0.674582,0.707084,0.757743,0.734272,1.185067,0.719858,0.787982,1.240527,0.896575,0.728623,0.989182,0.880051,0.920632,0.767303",,
176,3323,23.0,18.68,0.1705274308895864,1.3480611741542816,47.84996294975281,331,"35.478508,35.594948","0.875319,0.666280,0.748704,0.807267,0.743691,0.644683,0.672750,0.704589,0.755787,0.733745,1.185138,0.719018,0.786148,1.239701,0.895415,0.727753,0.987950,0.877960,0.920548,0.766843",,
177,3340,17.0,18.71,0.16882215658069055,0.366977296769619,48.13821029663086,333,"35.665623,35.788620","0.873515,0.664192,0.747372,0.804884,0.742292,0.642922,0.670744,0.702023,0.753725,0.733099,1.185177,0.718169,0.784098,1.239036,0.894257,0.726992,0.986875,0.875485,0.920444,0.766548",,
178,3353,13.0,18.67,0.16713393501488363,4.3015618324279785,48.350621938705444,334,"35.754272,35.887398","0.872616,0.663180,0.746725,0.803721,0.741568,0.642051,0.669785,0.700786,0.752647,0.732727,1.185246,0.717778,0.782991,1.238670,0.893852,0.726725,0.986475,0.874330,0.920418,0.766368",,
179,3367,14.0,18.63,0.16546259566473479,0.1832268238067627,48.55028772354126,335,"35.851379,35.979443","0.871776,0.662099,0.746182,0.802652,0.740877,0.641233,0.668909,0.699612,0.751653,0.732362,1.185277,0.717439,0.782035,1.238466,0.893420,0.726458,0.986017,0.873091,0.920393,0.766202",,
180,3384,17.0,18.66,0.16380796970808745,2.2928863763809204,48.89580941200256,337,"36.041492,36.164047","0.870299,0.659999,0.745210,0.800757,0.739657,0.639702,0.667269,0.697357,0.749902,0.731791,1.185122,0.716724,0.780380,1.238122,0.892401,0.725946,0.985119,0.870856,0.920328,0.765887",,
181,3400,16.0,18.67,0.16216989001100657,1.263550192117691,49.213346004486084,339,"36.244095,36.341782","0.869052,0.657823,0.744030,0.799244,0.738572,0.638298,0.665687,0.695215,0.748327,0.731444,1.184874,0.716162,0.779072,1.237988,0.891420,0.725255,0.984086,0.868665,0.920493,0.765404",,
182,3414,14.0,18.49,0.1605481911108965,0.37279653549194336,49.41170263290405,340,"36.358082,36.427437","0.868299,0.656751,0.743278,0.798414,0.737995,0.637552,0.664845,0.694150,0.747563,0.731037,1.184794,0.715891,0.778354,1.237867,0.890976,0.724904,0.983558,0.867398,0.920658,0.765204",,
183,3432,18.0,18.55,0.15894270919978754,1.2349108308553696,49.730798959732056,342,"36.597729,36.594910","0.866976,0.654548,0.741741,0.796555,0.736935,0.636153,0.663053,0.691954,0.746046,0.730090,1.184678,0.715230,0.776855,1.237721,0.889989,0.724328,0.982513,0.864620,0.920926,0.764986",,
184,3456,24.0,18.61,0.15735328210778965,1.2978329956531525,50.10721445083618,344,"36.830864,36.763691","0.865827,0.652343,0.740186,0.794672,0.736042,0.634590,0.661272,0.689653,0.744527,0.729071,1.184608,0.714652,0.775150,1.237225,0.888875,0.723964,0.981596,0.861887,0.921132,0.764619",,
185,3475,19.0,18.63,0.15577974928671176,1.3257233947515488,50.41152477264404,346,"37.062752,36.930691","0.864807,0.650044,0.738786,0.792964,0.735217,0.633113,0.659749,0.687454,0.743185,0.728126,1.184504,0.714242,0.773726,1.236421,0.888039,0.723966,0.980716,0.859218,0.921466,0.764165",,
186,3514,39.0,18.84,0.15422195179384465,2.912577986717224,51.127750873565674,350,"37.472988,37.276829","0.862831,0.646937,0.736079,0.788724,0.733678,0.630235,0.655952,0.683143,0.740707,0.725844,1.184134,0.712865,0.770444,1.233828,0.885864,0.725238,0.979649,0.854664,0.921665,0.763852",,
187,3539,25.0,18.86,0.1526797322759062,1.4362899363040924,51.625736713409424,352,"37.668495,37.455273","0.861993,0.645738,0.734984,0.786232,0.733067,0.628990,0.653551,0.680823,0.739176,0.724953,1.183909,0.711578,0.768350,1.232334,0.883985,0.726256,0.979002,0.852671,0.921266,0.764044",,
188,3569,30.0,18.95,0.15115293495314713,2.2512334982554116,52.18617820739746,355,"37.953438,37.729248","0.860992,0.644084,0.733320,0.782716,0.732376,0.627428,0.649987,0.677234,0.736551,0.724296,1.183517,0.709723,0.765060,1.230392,0.880614,0.727838,0.977754,0.849933,0.920562,0.764243",,
189,3594,25.0,19.04,0.14964140560361566,1.8370450337727864,52.698264360427856,358,"38.233765,38.013653","0.860204,0.641800,0.731582,0.778779,0.731726,0.625747,0.646597,0.673682,0.734135,0.722700,1.183431,0.707586,0.762019,1.227964,0.877346,0.729354,0.976323,0.846969,0.919661,0.764505",,
190,3631,37.0,19.26,0.1481449915475795,3.5941113978624344,53.393643379211426,362,"38.594242,38.386459","0.858857,0.638314,0.729608,0.772905,0.730546,0.623243,0.643118,0.669104,0.731886,0.718969,1.183958,0.704836,0.758737,1.224814,0.873289,0.731745,0.974825,0.842043,0.917946,0.765287",,
191,3656,25.0,19.31,0.1466635416321037,2.5153502225875854,53.82469630241394,364,"38.773140,38.578796","0.857948,0.636637,0.727890,0.770319,0.729842,0.621866,0.641455,0.666857,0.730863,0.717072,1.184250,0.704092,0.757070,1.223324,0.871706,0.732613,0.974321,0.839386,0.917483,0.765569",,
192,3671,15.0,19.32,0.14519690621578268,1.4386285990476608,54.12942123413086,366,"38.941460,38.777237","0.856111,0.635242,0.725803,0.767860,0.728889,0.620246,0.639563,0.664794,0.729676,0.714710,1.184387,0.703516,0.755401,1.221018,0.870388,0.733773,0.973678,0.836892,0.917428,0.765849",,
193,3694,23.0,19.37,0.14374493715362485,1.375235877931118,54.57782745361328,368,"39.093468,38.984337","0.854531,0.633898,0.724031,0.765555,0.728119,0.618611,0.637768,0.662610,0.728547,0.712817,1.184442,0.702865,0.753806,1.218855,0.868728,0.734719,0.973134,0.834737,0.917214,0.765892",,
194,3711,17.0,19.34,0.1423074877820886,0.2689622566103935,54.93140935897827,370,"39.241711,39.197975","0.853287,0.632445,0.722308,0.763356,0.727496,0.617055,0.635894,0.660387,0.727342,0.711161,1.184407,0.702050,0.752027,1.217118,0.866871,0.735202,0.972421,0.832714,0.916950,0.765913",,
195,3728,17.0,19.34,0.1408844129042677,2.482034683227539,55.19275617599487,371,"39.316978,39.299385","0.852723,0.631617,0.721481,0.762213,0.727162,0.616298,0.634957,0.659335,0.726835,0.710227,1.184402,0.701537,0.751059,1.216348,0.865980,0.735344,0.972097,0.831702,0.916768,0.766027",,
196,3750,22.0,19.38,0.13947556877522502,1.8285915056864421,55.656383991241455,374,"39.543312,39.606319","0.850703,0.628839,0.719235,0.758737,0.725788,0.613743,0.631969,0.656011,0.724641,0.707659,1.184366,0.699947,0.747214,1.214107,0.863173,0.735386,0.971207,0.828831,0.916152,0.766195",,
197,3768,18.0,19.38,0.13808081308747278,2.4684770107269287,55.92116069793701,375,"39.620682,39.704823","0.850021,0.627897,0.718581,0.757794,0.725323,0.612849,0.631095,0.654976,0.723797,0.706916,1.184305,0.699532,0.745857,1.213495,0.862533,0.735131,0.970905,0.827947,0.916067,0.766177",,
198,3779,11.0,19.39,0.13670000495659804,0.269575834274292,56.09932279586792,376,"39.707260,39.799698","0.849453,0.626895,0.717860,0.756905,0.724896,0.612025,0.630188,0.653915,0.722897,0.706327,1.184091,0.699101,0.744614,1.213015,0.861891,0.734730,0.970464,0.826864,0.916037,0.766098",,
199,3790,11.0,19.32,0.13533300490703207,1.4572340995073318,56.37465143203735,378,"39.891579,39.978706","0.848507,0.624820,0.716257,0.755108,0.724139,0.610472,0.628202,0.651703,0.721144,0.705296,1.183548,0.697988,0.742172,1.212246,0.860363,0.733608,0.969512,0.824451,0.915909,0.765953",14.0,1.0954451150103321
200,3798,8.0,19.29,0.13397967485796175,,56.44074845314026,378,"39.891579,39.978706","0.848507,0.624820,0.716257,0.755108,0.724139,0.610472,0.628202,0.651703,0.721144,0.705296,1.183548,0.697988,0.742172,1.212246,0.860363,0.733608,0.969512,0.824451,0.915909,0.765953",,
201,3815,17.0,19.3,0.13263987810938213,3.2215781211853027,56.77022433280945,380,"40.063694,40.152115","0.848021,0.622707,0.714853,0.753659,0.723692,0.609283,0.626711,0.649657,0.720124,0.704490,1.183426,0.696745,0.740577,1.211582,0.859132,0.732293,0.969041,0.822586,0.915860,0.765782",,
202,3835,20.0,19.28,0.1313134793282883,3.6576309204101562,57.09803080558777,382,"40.226295,40.328766","0.847538,0.620922,0.713606,0.752641,0.723119,0.608080,0.625352,0.647895,0.719199,0.703759,1.183108,0.696129,0.739023,1.210956,0.858029,0.731480,0.968747,0.820827,0.915837,0.765535",,
203,3846,11.0,19.24,0.13000034453500542,0.3504860997200012,57.286102056503296,383,"40.310272,40.420258","0.847301,0.619947,0.712753,0.752027,0.722781,0.607429,0.624618,0.646989,0.718825,0.703201,1.183029,0.695802,0.738378,1.210641,0.857229,0.731019,0.968560,0.819881,0.915755,0.765384",,
204,3858,12.0,19.21,0.12870034108965536,0.3804822564125061,57.49387288093567,384,"40.403179,40.512920","0.846967,0.618890,0.711857,0.751411,0.722296,0.606728,0.623869,0.646109,0.718451,0.702493,1.182919,0.695621,0.737766,1.210419,0.856412,0.730531,0.968239,0.818690,0.915692,0.765235",,
205,3876,18.0,19.26,0.12741333767875881,3.733636736869812,57.828940629959106,386,"40.584366,40.690197","0.846048,0.616812,0.710222,0.750364,0.721345,0.605302,0.622692,0.644382,0.717760,0.701134,1.182707,0.695578,0.736778,1.209961,0.855052,0.729652,0.967538,0.816188,0.915683,0.764752",,
206,3897,21.0,19.34,0.12613920430197123,1.4281841665506363,58.234092235565186,388,"40.766010,40.874626","0.844958,0.614646,0.708482,0.749189,0.720370,0.603907,0.621553,0.642591,0.717175,0.699677,1.182631,0.695486,0.735806,1.209232,0.853721,0.729135,0.966900,0.813700,0.915708,0.764157",,
207,3913,16.0,19.32,0.12487781225895152,0.4044434502720833,58.567152976989746,390,"40.936592,41.064133","0.843756,0.612807,0.706139,0.747823,0.719480,0.602451,0.619773,0.640702,0.716408,0.698306,1.182520,0.695117,0.734434,1.207734,0.852166,0.728660,0.966344,0.811389,0.915887,0.763682",,
208,3927,14.0,19.32,0.123629034136362,0.31353071331977844,58.804754972457886,391,"41.020142,41.163548","0.843030,0.611967,0.704909,0.746871,0.719044,0.601707,0.618619,0.639664,0.715900,0.697483,1.182488,0.694590,0.733490,1.206710,0.850955,0.728469,0.966056,0.810311,0.915800,0.763569",,
209,3942,15.0,19.29,0.12239274379499838,0.2537241280078888,59.12736463546753,393,"41.192410,41.357426","0.841987,0.610156,0.702326,0.745174,0.718496,0.600449,0.616221,0.637661,0.714712,0.695999,1.182283,0.693556,0.731528,1.204948,0.848578,0.727871,0.965513,0.808151,0.915716,0.763332",,
210,3956,14.0,19.28,0.1211688163570484,2.6460916996002197,59.38488531112671,394,"41.276447,41.453186","0.841536,0.609378,0.700930,0.744317,0.718318,0.599788,0.614947,0.636709,0.714064,0.695188,1.182102,0.693134,0.730468,1.204069,0.847485,0.727557,0.965421,0.807091,0.915729,0.763220",,
211,3968,12.0,19.24,0.11995712819347792,0.22238129377365112,59.63565802574158,395,"41.360847,41.547421","0.841102,0.608536,0.699648,0.743506,0.718124,0.599123,0.613685,0.635793,0.713458,0.694397,1.181934,0.692682,0.729431,1.203288,0.846420,0.727208,0.965245,0.806040,0.915712,0.763143",,
212,3983,15.0,19.17,0.11875755691154315,2.619710087776184,59.95788025856018,397,"41.525791,41.729546","0.840267,0.606873,0.697047,0.741999,0.717548,0.597785,0.611309,0.634029,0.712427,0.692777,1.181677,0.692004,0.727530,1.201954,0.844616,0.726444,0.964878,0.803903,0.915761,0.762931",,
213,3999,16.0,19.17,0.11756998134242772,5.096331596374512,60.218670129776,398,"41.607246,41.816654","0.839769,0.606089,0.695718,0.741079,0.717094,0.597132,0.610152,0.633177,0.712006,0.691768,1.181770,0.691638,0.726586,1.201311,0.843689,0.726160,0.964627,0.802802,0.915722,0.762899",,
214,4009,10.0,19.09,0.11639428152900344,4.929694175720215,60.42553353309631,399,"41.687164,41.902264","0.839327,0.605375,0.694637,0.740239,0.716716,0.596568,0.609101,0.632351,0.711569,0.690979,1.181757,0.691232,0.725725,1.200745,0.842846,0.725915,0.964451,0.801831,0.915678,0.762888",,
215,4030,21.0,19.11,0.11523033871371341,5.800289789835612,60.930861473083496,402,"41.937862,42.140137","0.838148,0.603398,0.691799,0.737660,0.715575,0.595020,0.606541,0.630043,0.710469,0.688405,1.181931,0.690298,0.723654,1.199173,0.841235,0.725604,0.963721,0.798435,0.915604,0.762862",,
216,4044,14.0,19.03,0.11407803532657627,2.7548608779907227,61.159234285354614,403,"42.020962,42.216923","0.837762,0.602779,0.690942,0.736809,0.715149,0.594477,0.605847,0.629330,0.710105,0.687432,1.182145,0.690159,0.723020,1.198707,0.840933,0.725654,0.963476,0.797202,0.915575,0.762846",,
217,4061,17.0,19.02,0.11293725497331052,2.576535739004612,61.523967027664185,405,"42.199783,42.360222","0.837102,0.601406,0.689362,0.735259,0.714415,0.593501,0.604557,0.627834,0.709420,0.685842,1.182270,0.689935,0.721963,1.198159,0.840150,0.725422,0.963140,0.794659,0.915559,0.762782",,
218,4083,22.0,19.1,0.1118078824235774,1.3701337203383446,61.95967674255371,407,"42.384571,42.499405","0.836641,0.599819,0.687999,0.733908,0.713905,0.592800,0.603334,0.626305,0.708763,0.684724,1.182071,0.689473,0.721101,1.197934,0.839220,0.724992,0.962798,0.792304,0.915556,0.762737",,
219,4103,20.0,19.14,0.11068980359934164,1.4753299579024315,62.35767936706543,409,"42.577106,42.638371","0.836275,0.598081,0.686251,0.732563,0.713495,0.592207,0.601878,0.624792,0.708035,0.683737,1.181863,0.688948,0.720107,1.197468,0.838019,0.724695,0.962281,0.790051,0.915655,0.762730",,
220,4124,21.0,19.15,0.10958290556334822,2.6272915601730347,62.734123945236206,411,"42.770565,42.779457","0.835801,0.596384,0.684819,0.730856,0.712981,0.591573,0.600141,0.623300,0.706974,0.682357,1.181818,0.688141,0.718504,1.196967,0.836631,0.724437,0.961486,0.787695,0.915593,0.762997",,
221,4146,22.0,19.21,0.10848707650771475,0.234196275472641,63.128926038742065,413,"42.961269,42.934864","0.835367,0.594729,0.683372,0.729193,0.712505,0.590978,0.598419,0.621797,0.705777,0.681045,1.181861,0.687367,0.716754,1.196463,0.835274,0.724185,0.960562,0.785386,0.915529,0.763259",,
222,4169,23.0,19.32,0.1074022057426376,1.5110538601875305,63.56419134140015,415,"43.155983,43.101871","0.834415,0.593050,0.681566,0.727396,0.711770,0.590235,0.596476,0.620325,0.704291,0.679227,1.182034,0.686748,0.714694,1.195648,0.833912,0.724312,0.959371,0.782909,0.915545,0.763453",,
223,4193,24.0,19.41,0.10632818368521123,1.8720544775327046,64.04744791984558,418,"43.467541,43.344757","0.832849,0.590480,0.678673,0.724486,0.710336,0.588619,0.593437,0.617934,0.702238,0.676545,1.181777,0.686151,0.711717,1.194489,0.831942,0.723912,0.957551,0.778529,0.915752,0.763564",,
224,4220,27.0,19.48,0.10526490184835911,0.21055138607819876,64.56472039222717,421,"43.778591,43.586819","0.831393,0.588242,0.675810,0.721541,0.709131,0.587091,0.590471,0.615372,0.700109,0.674127,1.181315,0.685623,0.708958,1.193205,0.829826,0.723934,0.956111,0.774131,0.915957,0.763701",,
225,4279,59.0,19.92,0.10421225282987552,2.7261686503887175,65.542959690094,426,"44.258717,44.013569","0.828585,0.584648,0.670873,0.717184,0.706677,0.584320,0.585149,0.611172,0.696161,0.670508,1.180914,0.684900,0.703052,1.191067,0.826667,0.724236,0.953331,0.767500,0.916294,0.763845",,
226,4339,60.0,20.35,0.10317013030157676,1.153248017032941,66.62600636482239,432,"44.773716,44.548477","0.824537,0.581235,0.663539,0.712009,0.703350,0.580854,0.579676,0.605882,0.691505,0.666615,1.180598,0.685500,0.696791,1.187090,0.823556,0.725592,0.948861,0.759698,0.917109,0.763423",,
227,4359,20.0,20.39,0.10213842899856099,2.7525638341903687,66.98413181304932,434,"44.942081,44.730122","0.822938,0.580044,0.661204,0.710052,0.702311,0.579850,0.577762,0.604168,0.690297,0.664931,1.180310,0.685095,0.694892,1.185353,0.822341,0.725849,0.947809,0.757387,0.917267,0.763464",,
228,4380,21.0,20.45,0.10111704470857538,1.185837636391322,67.41599917411804,437,"45.201015,44.993481","0.820286,0.577995,0.657719,0.707053,0.700511,0.578088,0.574889,0.601579,0.688390,0.662061,1.179984,0.684380,0.692044,1.182539,0.820576,0.725516,0.945865,0.753945,0.917471,0.763567",,
229,4397,17.0,20.37,0.10010587426148963,0.23612834513187408,67.6962616443634,438,"45.288624,45.082073","0.819496,0.577250,0.656440,0.706137,0.699957,0.577498,0.573885,0.600715,0.687736,0.661141,1.179873,0.684169,0.691119,1.181509,0.820006,0.725390,0.945211,0.752830,0.917597,0.763566",,
230,4427,30.0,20.5,0.09910481551887473,1.8600648244222004,68.26079678535461,441,"45.560314,45.338444","0.816841,0.575090,0.652754,0.703614,0.697994,0.575544,0.571064,0.597994,0.685209,0.658567,1.179846,0.684083,0.688503,1.178888,0.818369,0.724571,0.941590,0.749006,0.917984,0.763305",,
231,4443,16.0,20.49,0.09811376736368599,2.866998553276062,68.59329128265381,443,"45.723793,45.507732","0.815403,0.573971,0.650315,0.701996,0.696883,0.574360,0.569378,0.596224,0.683796,0.657244,1.179793,0.683938,0.686806,1.176986,0.817635,0.724113,0.939929,0.746868,0.918277,0.763168",,
232,4463,20.0,20.45,0.09713262969004913,1.43097984790802,69.00704836845398,445,"45.888783,45.683933","0.814355,0.572956,0.647459,0.700530,0.696011,0.573333,0.567428,0.594551,0.682381,0.656030,1.179559,0.683791,0.685094,1.174909,0.817172,0.723438,0.938696,0.744731,0.918773,0.762964",,
233,4478,15.0,20.41,0.09616130339314863,2.85135817527771,69.30378317832947,446,"45.966263,45.771538","0.813937,0.572500,0.645956,0.699901,0.695617,0.572901,0.566490,0.593763,0.681702,0.655573,1.179479,0.683774,0.684241,1.174006,0.817024,0.723042,0.938209,0.743760,0.919053,0.762822",,
234,4498,20.0,20.38,0.09519969035921715,2.902593970298767,69.77188014984131,448,"46.113754,45.949501","0.813055,0.571564,0.643480,0.698503,0.694863,0.571867,0.564813,0.592040,0.680420,0.654666,1.179303,0.683757,0.682476,1.172133,0.816209,0.722863,0.937265,0.741909,0.919419,0.762499",,
235,4514,16.0,20.27,0.09424769345562498,1.4549280554056168,70.13404750823975,450,"46.257805,46.129349","0.812204,0.570509,0.640921,0.696832,0.694118,0.570799,0.563022,0.590314,0.679179,0.653490,1.179004,0.683521,0.680577,1.170216,0.814964,0.722674,0.936433,0.740105,0.919744,0.762309",,
236,4558,44.0,20.43,0.09330521652106873,2.8837318383157253,70.94877243041992,454,"46.556755,46.471523","0.809694,0.568445,0.637021,0.693612,0.692022,0.568528,0.560018,0.586918,0.676236,0.651614,1.178059,0.683075,0.676484,1.166866,0.813717,0.721443,0.935516,0.736902,0.920472,0.761779",,
237,4573,15.0,20.39,0.09237216435585804,0.20128609985113144,71.32899761199951,456,"46.695385,46.644985","0.808743,0.567404,0.635559,0.691849,0.691342,0.567667,0.558984,0.585303,0.674836,0.650654,1.178143,0.682563,0.674675,1.165396,0.813222,0.721203,0.934950,0.735464,0.920696,0.761766",,
238,4599,26.0,20.39,0.09144844271229946,0.18560922890901566,71.80085015296936,458,"46.843719,46.816780","0.807915,0.566247,0.634089,0.690228,0.690824,0.566762,0.557733,0.583502,0.673455,0.650036,1.177999,0.681998,0.672959,1.164199,0.812294,0.720671,0.934242,0.734071,0.920893,0.761540",,
239,4616,17.0,20.39,0.09053395828517646,1.5612358450889587,72.15633964538574,460,"47.016647,46.974598","0.807205,0.564819,0.633052,0.688559,0.690457,0.565793,0.556673,0.581622,0.672361,0.649512,1.177536,0.681316,0.671759,1.163233,0.811287,0.720031,0.933377,0.732290,0.921031,0.761357",,
240,4632,16.0,20.35,0.08962861870232469,2.89348304271698,72.49883341789246,462,"47.183945,47.134945","0.806493,0.563395,0.632216,0.686947,0.690131,0.564895,0.555857,0.579853,0.671540,0.648948,1.176960,0.680643,0.671017,1.162288,0.810334,0.719503,0.932593,0.730579,0.921128,0.761156",,
241,4655,23.0,20.39,0.08873233251530144,2.9290448874235153,72.90332293510437,464,"47.331944,47.299339","0.805807,0.562217,0.631116,0.685292,0.689670,0.564108,0.555098,0.578097,0.670855,0.648372,1.176731,0.680119,0.670341,1.161374,0.809459,0.719153,0.932008,0.728982,0.921199,0.760918",,
242,4671,16.0,20.35,0.08784500919014843,2.9638362526893616,73.25302696228027,466,"47.483891,47.466618","0.805064,0.560901,0.629776,0.683756,0.689045,0.563021,0.554059,0.576098,0.670015,0.647985,1.176211,0.679653,0.669456,1.160594,0.808432,0.718249,0.930786,0.727280,0.921286,0.760551",,
243,4703,32.0,20.51,0.08696655909824694,1.1137883762518566,73.91224932670593,469,"47.699562,47.703857","0.804104,0.558618,0.627843,0.681749,0.688178,0.561309,0.552641,0.573247,0.668914,0.647020,1.175873,0.679185,0.668177,1.159413,0.807029,0.716943,0.929163,0.725187,0.921385,0.759966",,
244,4719,16.0,20.51,0.08609689350726446,2.949871301651001,74.19944858551025,470,"47.771374,47.782555","0.803838,0.557976,0.627158,0.681090,0.687925,0.560756,0.552101,0.572330,0.668517,0.646718,1.175838,0.679041,0.667688,1.158935,0.806563,0.716559,0.928643,0.724525,0.921417,0.759811",,
245,4733,14.0,20.44,0.08523592457219181,1.589684009552002,74.55066347122192,472,"47.914452,47.944351","0.803293,0.556674,0.625699,0.679687,0.687314,0.559739,0.550983,0.570564,0.667846,0.645897,1.175829,0.678796,0.666705,1.158063,0.805677,0.715942,0.927744,0.723069,0.921470,0.759556",,
246,4751,18.0,20.44,0.0843835653264699,1.6108061075210571,74.9531397819519,474,"48.051662,48.113525","0.802785,0.555416,0.624180,0.678071,0.686788,0.558603,0.549720,0.568684,0.667061,0.644940,1.175884,0.678333,0.665424,1.157142,0.804421,0.715284,0.926918,0.721656,0.921465,0.759401",,
247,4773,22.0,20.45,0.0835397296732052,1.5669907927513123,75.43349194526672,476,"48.205276,48.271893","0.802204,0.554049,0.622815,0.676298,0.686132,0.557523,0.548496,0.566950,0.666447,0.643602,1.175826,0.677818,0.664420,1.156347,0.803101,0.714669,0.925999,0.719831,0.921435,0.759353",,
248,4787,14.0,20.37,0.08270433237647315,2.9884955883026123,75.70733332633972,477,"48.285290,48.349457","0.801877,0.553480,0.622238,0.675470,0.685752,0.556998,0.547913,0.566122,0.666127,0.643069,1.175734,0.677583,0.663937,1.155972,0.802485,0.714401,0.925554,0.719009,0.921421,0.759325",,
249,4816,29.0,20.52,0.08187728905270841,2.9855362524588904,76.35234427452087,480,"48.534668,48.563145","0.800615,0.551842,0.620680,0.673093,0.684479,0.555209,0.546474,0.563612,0.665257,0.641759,1.175514,0.677118,0.662376,1.154730,0.801178,0.713568,0.924511,0.716806,0.921431,0.759088",20.2,4.4
250,4829,13.0,20.45,0.08105851616218133,3.0231409072875977,76.63582706451416,481,"48.617973,48.630249","0.800247,0.551240,0.620268,0.672400,0.684130,0.554634,0.545985,0.562858,0.665019,0.641313,1.175364,0.676920,0.661936,1.154352,0.800740,0.713290,0.924096,0.716118,0.921429,0.759012",,
251,4846,17.0,20.43,0.08024793100055952,1.5584356784820557,77.08234739303589,483,"48.779793,48.764748","0.799467,0.550197,0.619499,0.670988,0.683307,0.553531,0.544921,0.561437,0.664479,0.640350,1.174999,0.676394,0.660977,1.153542,0.799749,0.712881,0.923189,0.714946,0.921412,0.758966",,
252,4873,27.0,20.58,0.07944545169055392,2.9781188865502677,77.60393214225769,486,"49.013401,48.975185","0.798396,0.548570,0.618127,0.669164,0.681982,0.551843,0.543364,0.559356,0.663763,0.638983,1.174464,0.676165,0.659744,1.152269,0.798338,0.712783,0.921756,0.712846,0.921438,0.758736",,
253,4886,13.0,20.55,0.07865099717364837,0.19871172308921814,77.86034440994263,487,"49.098122,49.042545","0.798119,0.547912,0.617626,0.668585,0.681619,0.551274,0.542806,0.558666,0.663514,0.638422,1.174228,0.676161,0.659399,1.151974,0.797724,0.712757,0.921356,0.711860,0.921447,0.758610",,
254,4911,25.0,20.65,0.07786448720191189,3.092631737391154,78.4816825389862,490,"49.331799,49.260029","0.797186,0.545933,0.616130,0.666668,0.680423,0.549377,0.541195,0.556351,0.662758,0.636896,1.173790,0.676313,0.658121,1.150772,0.795352,0.713147,0.920216,0.709056,0.921423,0.758039",,
255,4951,40.0,20.88,0.07708584232989277,0.9323669262230396,79.33062815666199,494,"49.632401,49.568226","0.796064,0.543609,0.613751,0.663686,0.679028,0.547222,0.538407,0.553238,0.661455,0.634574,1.173348,0.675995,0.655940,1.148430,0.791618,0.713864,0.918743,0.705381,0.921373,0.757371",,
256,5009,58.0,21.31,0.07631498390659384,2.542771202325821,80.45923829078674,499,"50.006378,49.981098","0.792925,0.540881,0.610325,0.659659,0.675962,0.543869,0.534731,0.549218,0.658840,0.631066,1.173744,0.675996,0.652480,1.144140,0.786745,0.713231,0.913896,0.700524,0.921286,0.756399",,
257,5036,27.0,21.39,0.07555183406752791,4.006173551082611,81.06764054298401,502,"50.221912,50.206581","0.791377,0.539444,0.608062,0.657910,0.674260,0.542140,0.533023,0.547112,0.657501,0.629754,1.174056,0.676509,0.650386,1.142149,0.784995,0.713014,0.911780,0.697989,0.921307,0.755745",,
258,5055,19.0,21.35,0.07479631572685264,4.582969784736633,81.44344234466553,504,"50.362316,50.354546","0.790566,0.538632,0.606437,0.656697,0.673231,0.541133,0.531960,0.545736,0.656744,0.628977,1.174290,0.676747,0.648932,1.141119,0.784172,0.712742,0.910884,0.696365,0.921331,0.755378",,
259,5076,21.0,21.34,0.07404835256958411,4.585264414548874,81.8813362121582,506,"50.497536,50.502979","0.789923,0.537934,0.604686,0.655321,0.672324,0.540256,0.530943,0.544397,0.656004,0.628021,1.174688,0.676874,0.647424,1.140218,0.783581,0.712406,0.910337,0.694697,0.921356,0.755114",,
260,5098,22.0,21.33,0.07330786904388827,1.7273723483085632,82.29482173919678,508,"50.638454,50.646122","0.788782,0.537369,0.603038,0.653801,0.671321,0.539210,0.530106,0.543033,0.655084,0.626893,1.175231,0.676966,0.645863,1.138934,0.783399,0.711870,0.909942,0.692916,0.921386,0.754910",,
261,5118,20.0,21.36,0.07257479035344938,0.14831841737031937,82.6755223274231,510,"50.790340,50.791424","0.787708,0.536552,0.601311,0.652296,0.670169,0.538266,0.528967,0.541632,0.654153,0.625660,1.175482,0.676950,0.644422,1.137989,0.782996,0.710945,0.909135,0.690950,0.921415,0.754705",,
262,5152,34.0,21.48,0.07184904244991488,2.5035773497074842,83.39139723777771,514,"51.095901,51.085403","0.785379,0.535183,0.597829,0.649140,0.668243,0.536312,0.526446,0.538765,0.652090,0.623372,1.175874,0.676512,0.641261,1.134920,0.782251,0.709363,0.908050,0.687597,0.921476,0.754252",,
263,5164,12.0,21.39,0.07113055202541574,5.718084335327148,83.60832285881042,515,"51.168777,51.155796","0.784770,0.534944,0.597195,0.648383,0.667882,0.535970,0.525924,0.538080,0.651570,0.623025,1.175835,0.676229,0.640558,1.134195,0.782012,0.709036,0.907869,0.686944,0.921488,0.754219",,
264,5179,15.0,21.34,0.07041924650516158,6.179028511047363,83.88132333755493,516,"51.244186,51.223507","0.784187,0.534676,0.596765,0.647562,0.667524,0.535709,0.525516,0.537435,0.651119,0.622639,1.175749,0.675863,0.639930,1.133548,0.781630,0.708918,0.907642,0.686354,0.921497,0.754252",,
265,5199,20.0,21.24,0.06971505404010997,6.223201632499695,84.27882409095764,518,"51.390850,51.357876","0.783154,0.534132,0.595740,0.645852,0.666819,0.535347,0.524781,0.536084,0.650290,0.621984,1.175820,0.675022,0.638780,1.132406,0.780995,0.708620,0.907384,0.685367,0.921514,0.754309",,
266,5222,23.0,21.21,0.06901790349970886,0.1563191165526708,84.77437973022461,521,"51.622135,51.558075","0.781809,0.532969,0.593865,0.643250,0.665791,0.534554,0.523626,0.533939,0.649081,0.620896,1.176023,0.673990,0.637415,1.130478,0.780279,0.708092,0.906749,0.683306,0.921526,0.754249",,
267,5245,23.0,21.22,0.06832772446471178,4.796710848808289,85.207510471344,523,"51.770466,51.699844","0.781071,0.532191,0.592366,0.641403,0.665208,0.534035,0.522573,0.532495,0.648199,0.620066,1.176011,0.673101,0.636462,1.128709,0.779916,0.707609,0.906344,0.682016,0.921513,0.754268",,
268,5316,71.0,21.63,0.06764444722006466,2.3219371203865324,86.53896641731262,530,"52.261353,52.193279","0.779423,0.529054,0.588333,0.635509,0.663897,0.532743,0.519317,0.527863,0.646148,0.617338,1.175297,0.669768,0.634365,1.123445,0.777514,0.706682,0.904526,0.677735,0.921498,0.754451",,
269,5331,15.0,21.55,0.066968002747864,1.6473443061113358,86.85905385017395,532,"52.394958,52.335220","0.779511,0.527972,0.586801,0.633893,0.663775,0.532631,0.517793,0.526597,0.645492,0.616600,1.175114,0.668530,0.633439,1.122238,0.776309,0.706153,0.903857,0.676646,0.921477,0.754642",,
270,5351,20.0,21.38,0.06629832272038537,1.6801734566688538,87.22730493545532,534,"52.531811,52.477329","0.779592,0.526869,0.585252,0.632181,0.663657,0.532491,0.516308,0.525330,0.644843,0.615670,1.174951,0.667314,0.632534,1.121184,0.775077,0.705441,0.903124,0.675494,0.921462,0.754888",,
271,5400,49.0,21.71,0.06563533949318151,1.994866043329239,88.19841313362122,539,"52.839130,52.839508","0.779646,0.524279,0.581196,0.628333,0.663328,0.531907,0.512649,0.522206,0.643179,0.613666,1.174878,0.664723,0.630022,1.118463,0.772740,0.703330,0.901339,0.673535,0.921334,0.755302",,
272,5418,18.0,21.68,0.06497898609824969,6.070910453796387,88.49494862556458,540,"52.894203,52.914425","0.780087,0.523738,0.580371,0.627824,0.663441,0.531718,0.511873,0.521577,0.642935,0.613548,1.174966,0.664363,0.629441,1.117868,0.772428,0.703228,0.901051,0.673223,0.921297,0.755354",,
273,5441,23.0,21.78,0.0643291962372672,2.2020566910505295,88.94800925254822,543,"53.071568,53.128746","0.781140,0.522151,0.577943,0.626690,0.663596,0.531238,0.509741,0.519864,0.642167,0.613196,1.175284,0.663556,0.627730,1.116341,0.771833,0.702569,0.900231,0.672622,0.921151,0.755427",,
274,5460,19.0,21.73,0.06368590427489453,1.6754911243915558,89.32581520080566,545,"53.206684,53.264748","0.781627,0.521281,0.576541,0.625702,0.663591,0.530862,0.508499,0.518581,0.641621,0.613112,1.175525,0.662843,0.626739,1.115455,0.771515,0.701743,0.899625,0.672119,0.921055,0.755494",,
275,5474,14.0,21.74,0.06304904523214558,9.627325057983398,89.54820322990417,546,"53.272827,53.328114","0.781742,0.520848,0.576059,0.625140,0.663463,0.530597,0.508140,0.517905,0.641482,0.613040,1.175715,0.662619,0.626336,1.115015,0.771318,0.701547,0.899437,0.671803,0.921041,0.755483",,
276,5490,16.0,21.67,0.06241855477982412,1.6506623774766922,89.90458059310913,548,"53.401730,53.449871","0.781713,0.519995,0.575160,0.623956,0.663081,0.530026,0.507504,0.516660,0.641062,0.612699,1.176045,0.662306,0.625387,1.114241,0.770812,0.701267,0.899062,0.671049,0.921025,0.755451",,
277,5506,16.0,21.66,0.06179436923202588,3.2782373428344727,90.18249011039734,549,"53.474045,53.507324","0.781588,0.519576,0.574897,0.623341,0.662852,0.529717,0.507204,0.516097,0.640761,0.612432,1.176112,0.662168,0.624861,1.113841,0.770445,0.701271,0.898824,0.670613,0.921036,0.755438",,
278,5524,18.0,21.71,0.06117642553970562,4.897233583033085,90.5688865184784,551,"53.633656,53.615646","0.781265,0.518601,0.574440,0.621940,0.662346,0.528958,0.506747,0.514956,0.640249,0.611513,1.176270,0.662083,0.623864,1.113201,0.769748,0.701282,0.898294,0.669274,0.921065,0.755349",,
279,5537,13.0,21.7,0.06056466128430856,0.11534632742404938,90.80183744430542,552,"53.709740,53.672642","0.781094,0.518082,0.574186,0.621298,0.662092,0.528601,0.506513,0.514425,0.640008,0.611025,1.176290,0.662132,0.623368,1.112863,0.769383,0.701363,0.897998,0.668597,0.921068,0.755286",,
280,5613,76.0,22.29,0.05995901467146548,2.4769637659192085,92.29980158805847,560,"54.235786,54.161869","0.777098,0.515732,0.570755,0.615547,0.659564,0.524409,0.504561,0.510670,0.637164,0.605227,1.178261,0.663865,0.617948,1.108809,0.768122,0.703680,0.895877,0.662802,0.920790,0.755056",,
281,5631,18.0,22.31,0.05935942452475082,0.15451771765947342,92.6683099269867,562,"54.366169,54.285675","0.776186,0.514908,0.569589,0.613856,0.659227,0.523379,0.503973,0.509749,0.636460,0.603619,1.178954,0.663886,0.616613,1.107550,0.768033,0.703880,0.895155,0.661476,0.920655,0.755124",,
282,5660,29.0,22.46,0.058765830279503314,4.409214278062184,93.23940110206604,565,"54.540855,54.472775","0.774378,0.514086,0.567580,0.611287,0.658207,0.522221,0.503240,0.508407,0.635443,0.601131,1.180430,0.664145,0.614957,1.105291,0.768327,0.704223,0.893998,0.659831,0.920423,0.755209",,
283,5680,20.0,22.48,0.05817817197670828,0.10477332770824432,93.6323652267456,567,"54.652779,54.610523","0.772951,0.513702,0.566093,0.609791,0.657631,0.521474,0.502591,0.507400,0.634817,0.599795,1.181124,0.664146,0.613950,1.103558,0.768029,0.704227,0.893612,0.658868,0.920276,0.755174",,
284,5698,18.0,22.42,0.057596390256941195,0.16330206394195557,93.92326974868774,568,"54.706711,54.684921","0.772274,0.513508,0.565199,0.608945,0.657382,0.521125,0.502137,0.506906,0.634653,0.598998,1.181443,0.664048,0.613422,1.102603,0.767766,0.704237,0.893594,0.658411,0.920185,0.755193",,
285,5716,18.0,22.41,0.05702042635437178,3.3951141089200974,94.30201005935669,570,"54.799339,54.832520","0.770939,0.513117,0.563167,0.607231,0.656868,0.520564,0.501508,0.505834,0.635094,0.597510,1.182690,0.664036,0.612549,1.100807,0.767413,0.704149,0.894535,0.657651,0.919990,0.755177",,
286,5728,12.0,22.14,0.05645022209082806,3.2707395553588867,94.49414396286011,571,"54.848911,54.904804","0.770386,0.512826,0.562215,0.606547,0.656692,0.520227,0.501208,0.505274,0.635257,0.596937,1.183137,0.664047,0.612174,1.100036,0.767220,0.703953,0.894848,0.657263,0.919887,0.755099",,
287,5740,12.0,22.01,0.05588571986991978,1.6731280274689198,94.77170872688293,573,"54.956879,55.038242","0.769509,0.512120,0.560557,0.605508,0.656523,0.519472,0.500544,0.504312,0.635334,0.595890,1.183562,0.664206,0.611401,1.098544,0.766786,0.703716,0.895084,0.656437,0.919665,0.754857",,
288,5759,19.0,21.9,0.055326862671220584,0.07971534132957458,95.07186698913574,574,"55.009727,55.107903","0.769189,0.511802,0.559664,0.605012,0.656515,0.519125,0.500047,0.503842,0.635214,0.595383,1.183622,0.664192,0.610912,1.097824,0.766421,0.703615,0.895092,0.656046,0.919548,0.754740",,
289,5773,14.0,21.79,0.05477359404450838,3.253497079014778,95.3922872543335,576,"55.131866,55.239517","0.768685,0.510900,0.557685,0.604067,0.656377,0.518058,0.499270,0.502862,0.635015,0.594372,1.183786,0.664493,0.610028,1.096270,0.766112,0.703811,0.895021,0.654717,0.919145,0.754387",,
290,5785,12.0,21.54,0.054225858104063294,6.382290363311768,95.58800625801086,577,"55.198784,55.306164","0.768434,0.510367,0.556908,0.603569,0.656337,0.517621,0.498981,0.502405,0.634892,0.593695,1.184055,0.664475,0.609529,1.095501,0.765953,0.703950,0.894866,0.654144,0.919002,0.754246",,
291,5800,15.0,21.44,0.05368359952302266,1.809470295906067,95.92568135261536,579,"55.341553,55.432545","0.768026,0.509130,0.555754,0.602273,0.656428,0.516732,0.498343,0.501319,0.634613,0.592339,1.184127,0.663965,0.608716,1.093838,0.765141,0.704173,0.894229,0.652973,0.918818,0.754068",,
292,5819,19.0,21.48,0.053146763527792434,3.716646671295166,96.2324583530426,580,"55.416119,55.499851","0.767686,0.508489,0.554996,0.601445,0.656494,0.516331,0.497858,0.500818,0.634391,0.591391,1.184121,0.663584,0.608270,1.092424,0.764707,0.704514,0.893877,0.652330,0.918662,0.754044",,
293,5832,13.0,21.38,0.052615295892514506,0.18624982982873917,96.53051996231079,582,"55.584499,55.632000","0.766738,0.507040,0.553616,0.599475,0.655970,0.515383,0.496716,0.499746,0.633978,0.589158,1.183673,0.662686,0.607431,1.089866,0.763517,0.704863,0.892714,0.650706,0.918427,0.754067",,
294,5852,20.0,21.41,0.052089142933589364,1.789719544351101,96.92009162902832,584,"55.751701,55.760773","0.765669,0.505686,0.552105,0.597694,0.655523,0.514382,0.495617,0.498741,0.633497,0.587071,1.183045,0.662003,0.606663,1.087230,0.762284,0.705480,0.891572,0.649050,0.918142,0.754071",,
295,5872,20.0,21.44,0.05156825150425347,5.058821082115173,97.30471730232239,586,"55.919262,55.881161","0.764582,0.504297,0.550625,0.596075,0.655114,0.513332,0.494713,0.497752,0.632934,0.585107,1.182540,0.661472,0.605919,1.084908,0.761208,0.705806,0.890521,0.647340,0.917866,0.754052",,
296,5889,17.0,21.39,0.051052568989210935,3.1530778408050537,97.59398078918457,587,"55.996269,55.938313","0.764029,0.503676,0.549885,0.595502,0.654910,0.512883,0.494368,0.497342,0.632872,0.584161,1.182525,0.661505,0.605661,1.083982,0.760809,0.705941,0.890325,0.646561,0.917707,0.753992",,
297,5903,14.0,21.35,0.05054204329931883,5.016642913222313,97.93181586265564,589,"56.144791,56.058353","0.762959,0.502316,0.548640,0.594274,0.654597,0.511455,0.493688,0.496380,0.632566,0.582301,1.182311,0.661533,0.604665,1.082204,0.759622,0.705989,0.889971,0.645219,0.917443,0.753880",,
298,5932,29.0,21.53,0.05003662286632564,3.4647277196248374,98.57257914543152,592,"56.317856,56.247208","0.761001,0.501049,0.547094,0.593032,0.653933,0.509657,0.493237,0.495201,0.632836,0.580039,1.182743,0.662026,0.603732,1.079550,0.758576,0.706555,0.890577,0.644147,0.916995,0.753667",,
299,5949,17.0,21.59,0.04953625663766238,0.08977397531270981,98.86750411987305,593,"56.364925,56.317101","0.760219,0.500803,0.546408,0.592648,0.653683,0.508891,0.492988,0.494719,0.632672,0.579329,1.182968,0.662289,0.603079,1.078494,0.758178,0.706684,0.890719,0.643939,0.916821,0.753566",31.6,14.38888459888396
300,5968,19.0,21.7,0.04904089407128576,5.127488374710083,99.27333331108093,595,"56.463772,56.458714","0.758835,0.500300,0.545003,0.591700,0.653062,0.507547,0.492516,0.493790,0.632217,0.577813,1.183640,0.662727,0.601658,1.076677,0.757564,0.706731,0.890658,0.643294,0.916481,0.753427",,
301,5983,15.0,21.68,0.0485504851305729,1.860975343734026,99.62834286689758,597,"56.575394,56.595592","0.757706,0.499721,0.543421,0.590553,0.652381,0.506348,0.491996,0.492859,0.631762,0.576301,1.184394,0.663084,0.600068,1.075256,0.757136,0.706414,0.890583,0.642211,0.916134,0.753317",,
302,6013,30.0,21.78,0.048064980279267165,3.465446189045906,100.20936465263367,600,"56.723251,56.811134","0.756321,0.499016,0.540606,0.588935,0.651309,0.505116,0.490921,0.491580,0.631188,0.574169,1.185791,0.663660,0.597479,1.073284,0.757114,0.705611,0.890856,0.641077,0.915455,0.753173",,
303,6028,15.0,21.82,0.04758433047647449,0.07975079864263535,100.46754598617554,601,"56.771217,56.882122","0.755947,0.498759,0.539666,0.588425,0.651002,0.504867,0.490635,0.491176,0.631037,0.573585,1.186239,0.663790,0.596699,1.072727,0.757135,0.705391,0.890955,0.640830,0.915236,0.753130",,
304,6042,14.0,21.84,0.04710848717170975,8.401228904724121,100.80670094490051,603,"56.861057,57.019310","0.755206,0.498048,0.537796,0.587070,0.650193,0.504492,0.490576,0.490326,0.630920,0.572381,1.187489,0.664057,0.595232,1.071844,0.757397,0.705056,0.890991,0.640141,0.914827,0.753088",,
305,6057,15.0,21.81,0.04663740229999265,0.12119314074516296,101.07573127746582,604,"56.904198,57.091202","0.754846,0.497759,0.536931,0.586359,0.649758,0.504240,0.490570,0.489839,0.630889,0.571901,1.188086,0.664192,0.594514,1.071450,0.757535,0.704878,0.891104,0.639690,0.914647,0.753036",,
306,6069,12.0,21.72,0.04617102827699272,3.5505824089050293,101.2908661365509,605,"56.944946,57.162952","0.754492,0.497512,0.536029,0.585598,0.649307,0.503816,0.490550,0.489214,0.630832,0.571465,1.188731,0.664337,0.593714,1.070987,0.757477,0.704509,0.891287,0.639269,0.914515,0.752960",,
307,6084,15.0,21.71,0.045709317994222794,3.4212572798132896,101.66357469558716,607,"57.035744,57.306530","0.753985,0.496867,0.534311,0.584460,0.648722,0.502929,0.490374,0.488020,0.630548,0.570895,1.189651,0.664592,0.592300,1.070258,0.757313,0.703513,0.891352,0.638357,0.914181,0.752699",,
308,6100,16.0,21.73,0.04525222481428057,0.1950283944606781,102.04095149040222,609,"57.164604,57.434357","0.753635,0.495806,0.532890,0.583556,0.648411,0.502184,0.490022,0.486966,0.630196,0.570385,1.190030,0.664447,0.591173,1.069751,0.756824,0.702511,0.891071,0.637319,0.913892,0.752432",,
309,6117,17.0,21.75,0.04479970256613776,0.18673977255821228,102.31729221343994,610,"57.238777,57.498062","0.753532,0.495113,0.532225,0.583002,0.648398,0.501977,0.489638,0.486461,0.630009,0.570022,1.189973,0.664001,0.590611,1.069498,0.756240,0.701968,0.890875,0.636859,0.913813,0.752396",,
310,6132,15.0,21.76,0.04435170554047638,6.8940353989601135,102.69346690177917,612,"57.387714,57.618214","0.753189,0.493581,0.531167,0.581897,0.648294,0.501369,0.489005,0.485653,0.629865,0.569113,1.189584,0.663141,0.589672,1.068650,0.755369,0.701229,0.890591,0.635963,0.913552,0.752372",,
311,6146,14.0,21.78,0.043908188485071616,0.19639644026756287,102.96119284629822,613,"57.468403,57.673553","0.753008,0.492872,0.530793,0.581411,0.648220,0.501035,0.488712,0.485226,0.629768,0.568812,1.189269,0.662786,0.589233,1.068298,0.754953,0.700884,0.890360,0.635434,0.913407,0.752323",,
312,6161,15.0,21.78,0.0434691066002209,0.12520340457558632,103.30497169494629,615,"57.639492,57.783325","0.752746,0.491488,0.530012,0.580210,0.648219,0.500669,0.487890,0.484378,0.629478,0.568062,1.188480,0.661603,0.588381,1.067582,0.753738,0.700271,0.889801,0.634443,0.913204,0.752393",,
313,6180,19.0,21.81,0.04303441553421869,1.7647014483809471,103.70580863952637,617,"57.816196,57.890732","0.752328,0.490224,0.529351,0.579074,0.648038,0.500284,0.486966,0.483590,0.628832,0.567390,1.187608,0.660457,0.587593,1.066943,0.752606,0.699593,0.888522,0.633408,0.912995,0.752480",,
314,6207,27.0,21.98,0.0426040713788765,5.207341194152832,104.2057535648346,619,"57.969112,58.003948","0.751729,0.489063,0.528659,0.577870,0.647531,0.499919,0.486407,0.482654,0.628101,0.567062,1.187139,0.659487,0.586867,1.066390,0.751675,0.698805,0.886924,0.632803,0.912826,0.752482",,
315,6230,23.0,22.0,0.04217803066508773,5.949265638987224,104.72661924362183,622,"58.166290,58.175690","0.750539,0.488008,0.527823,0.575747,0.646702,0.499408,0.485916,0.481137,0.627255,0.566584,1.186806,0.658019,0.585810,1.064977,0.750874,0.698023,0.885802,0.632027,0.912632,0.752571",,
316,6288,58.0,22.44,0.04175625035843686,2.2056776165962217,105.85210037231445,627,"58.500309,58.467842","0.747912,0.486768,0.526253,0.571154,0.644865,0.498683,0.485159,0.478496,0.625880,0.564464,1.187091,0.655429,0.583638,1.061896,0.749620,0.697090,0.884669,0.630336,0.912522,0.752980",,
317,6353,65.0,22.92,0.041338687854852486,3.0757945062858716,107.53781342506409,634,"58.952900,58.862759","0.745349,0.484510,0.523599,0.564099,0.642330,0.497689,0.483930,0.474361,0.624300,0.560692,1.188370,0.652798,0.580929,1.058760,0.746838,0.696739,0.882444,0.625895,0.912725,0.753653",,
318,6405,52.0,23.22,0.04092530097630396,0.8087990805506706,108.9375524520874,639,"59.229481,59.163082","0.744579,0.482180,0.520751,0.559507,0.641280,0.497382,0.482133,0.471487,0.622668,0.557836,1.189693,0.651211,0.578170,1.056922,0.745084,0.695284,0.880607,0.623014,0.912464,0.754171",,
319,6420,15.0,23.17,0.040516047966540916,0.19032321497797966,109.67235088348389,641,"59.342297,59.292500","0.743955,0.481282,0.519414,0.558044,0.641049,0.497210,0.481247,0.470402,0.621754,0.556838,1.189951,0.650489,0.577196,1.055545,0.744463,0.694284,0.879859,0.622105,0.912146,0.754325",,
320,6443,23.0,23.19,0.04011088748687551,0.11713868379592896,110.73436498641968,643,"59.460075,59.424740","0.743501,0.480244,0.518051,0.556606,0.640942,0.497060,0.480229,0.469252,0.620788,0.555958,1.190027,0.649560,0.576300,1.054393,0.743500,0.693057,0.879040,0.621217,0.911905,0.754469",,
321,6472,29.0,23.26,0.03970977861200675,3.538106754422188,112.1260392665863,646,"59.616318,59.618984","0.742559,0.479004,0.515846,0.555384,0.640604,0.496653,0.479349,0.467618,0.619603,0.555329,1.190457,0.649242,0.575560,1.052628,0.742881,0.691509,0.878321,0.620186,0.911106,0.754387",,
322,6485,13.0,23.16,0.03931268082588668,3.654694080352783,112.74377775192261,647,"59.660259,59.684631","0.741712,0.478712,0.515057,0.555031,0.640257,0.496504,0.479244,0.467179,0.619647,0.554767,1.190853,0.649485,0.575475,1.051845,0.742806,0.691327,0.878737,0.620082,0.910801,0.754344",,
323,6512,27.0,23.19,0.03891955401762781,4.815951863924663,114.11730480194092,650,"59.791302,59.858620","0.739353,0.477946,0.513176,0.553864,0.639128,0.496415,0.479134,0.466078,0.619572,0.553201,1.192483,0.650007,0.574986,1.049787,0.742731,0.691148,0.879514,0.620169,0.910163,0.754350",,
324,6525,13.0,23.05,0.03853035847745153,0.23906786739826202,114.7839503288269,651,"59.840977,59.918140","0.738635,0.477566,0.512644,0.553363,0.638805,0.496421,0.478943,0.465639,0.619437,0.552685,1.192829,0.649896,0.574697,1.049198,0.742408,0.690871,0.879660,0.620241,0.910055,0.754374",,
325,6539,14.0,22.6,0.03814505489267701,7.241857528686523,115.45760416984558,652,"59.890148,59.976730","0.737968,0.477215,0.512134,0.552727,0.638456,0.496476,0.478773,0.465233,0.619343,0.552032,1.193199,0.649664,0.574439,1.048490,0.742188,0.690807,0.879884,0.620390,0.909938,0.754441",,
326,6555,16.0,22.16,0.03776360434375024,5.499963760375977,116.27968382835388,654,"59.986984,60.086491","0.736995,0.476370,0.511549,0.551801,0.638273,0.496520,0.478578,0.464562,0.619187,0.551133,1.193735,0.649275,0.574126,1.046845,0.741878,0.691144,0.880086,0.620617,0.909634,0.754529",,
327,6569,14.0,22.1,0.03738596830031274,3.5831122398376465,116.91671848297119,655,"60.038891,60.137955","0.736589,0.475883,0.511569,0.551388,0.638338,0.496560,0.478510,0.464280,0.619025,0.550808,1.193913,0.649027,0.573993,1.046242,0.741510,0.691463,0.880029,0.620683,0.909617,0.754561",,
328,6585,16.0,22.05,0.03701210861730961,5.503632239997387,117.79412579536438,657,"60.139545,60.239677","0.735760,0.474940,0.511890,0.550203,0.638314,0.496657,0.478535,0.463687,0.618963,0.549915,1.194139,0.648384,0.573846,1.045052,0.740763,0.692342,0.880154,0.620486,0.909790,0.754707",,
329,6596,11.0,21.99,0.03664198753113651,3.763550281524658,118.31855607032776,658,"60.186882,60.291779","0.735741,0.474492,0.511909,0.549554,0.638489,0.496687,0.478533,0.463179,0.619120,0.549616,1.194367,0.647945,0.573967,1.044456,0.740480,0.692519,0.880235,0.620413,0.909814,0.754767",,
330,6614,18.0,21.87,0.036275567655825146,3.698083996772766,119.18205165863037,660,"60.283756,60.397202","0.734953,0.473788,0.511772,0.548253,0.638351,0.496540,0.478656,0.462376,0.619353,0.548511,1.195129,0.647554,0.573965,1.043067,0.740093,0.693252,0.880726,0.620150,0.909818,0.754846",,
331,6626,12.0,21.83,0.03591281197926689,3.729684352874756,119.70992469787598,661,"60.334301,60.451065","0.734528,0.473333,0.511577,0.547601,0.638140,0.496404,0.478762,0.461914,0.619687,0.547921,1.195497,0.647488,0.574011,1.042418,0.739903,0.693461,0.881149,0.619941,0.909783,0.754822",,
332,6638,12.0,21.75,0.035553683859474224,3.737736940383911,120.22849750518799,662,"60.392475,60.503887","0.734132,0.472835,0.511236,0.546847,0.637869,0.496234,0.478822,0.461410,0.620049,0.547288,1.195831,0.647393,0.574001,1.041715,0.739837,0.693577,0.881636,0.619551,0.909625,0.754815",,
333,6654,16.0,21.76,0.03519814702087948,0.08359096571803093,121.05752849578857,664,"60.509266,60.614700","0.733538,0.471803,0.510416,0.545377,0.637550,0.495988,0.478631,0.460430,0.620498,0.546051,1.196196,0.646982,0.573806,1.040590,0.739441,0.693415,0.882333,0.618724,0.909278,0.754836",,
334,6665,11.0,21.67,0.03484616555067068,7.141635894775391,121.57320642471313,665,"60.563103,60.666237","0.733270,0.471350,0.510045,0.544745,0.637381,0.495876,0.478655,0.459948,0.620748,0.545632,1.196419,0.646861,0.573711,1.040111,0.739376,0.693333,0.882730,0.618465,0.909074,0.754839",,
335,6677,12.0,21.63,0.034497703895163975,3.668074131011963,122.12959146499634,666,"60.619095,60.716671","0.733053,0.470821,0.509659,0.544275,0.637261,0.495700,0.478638,0.459499,0.620931,0.545289,1.196516,0.646813,0.573600,1.039709,0.739314,0.693138,0.883064,0.618160,0.908836,0.754789",,
336,6697,20.0,21.39,0.03415272685621234,5.376006968319416,123.05881381034851,668,"60.731003,60.817307","0.732951,0.469790,0.508936,0.543224,0.637314,0.495184,0.478673,0.458526,0.621154,0.544803,1.196902,0.646728,0.573246,1.038871,0.739506,0.692772,0.883897,0.617269,0.908279,0.754728",,
337,6712,15.0,21.39,0.03381119958765021,3.681923985481262,123.8933744430542,670,"60.848812,60.919453","0.732931,0.468857,0.508257,0.542398,0.637172,0.494429,0.478844,0.457710,0.621313,0.544296,1.197593,0.647071,0.572751,1.038049,0.740086,0.692711,0.884528,0.616153,0.907679,0.754628",,
338,6728,16.0,21.29,0.03347308759177371,0.14696791768074036,124.57986259460449,671,"60.904484,60.973877","0.732765,0.468359,0.507801,0.541984,0.636899,0.493770,0.478843,0.457212,0.621108,0.544030,1.197989,0.647398,0.572352,1.037583,0.740313,0.692356,0.884210,0.615546,0.907362,0.754498",,
339,6748,20.0,21.32,0.03313835671585597,3.6774609237909317,125.70121216773987,673,"61.015404,61.084713","0.732716,0.467493,0.506671,0.541469,0.636495,0.492576,0.478677,0.456222,0.620849,0.543884,1.198624,0.647958,0.571697,1.036529,0.740943,0.691538,0.883785,0.614615,0.906453,0.754179",,
340,6767,19.0,21.35,0.03280697314869741,3.7396045923233032,126.76111459732056,675,"61.114403,61.193222","0.732547,0.466876,0.505659,0.540944,0.635832,0.491418,0.478843,0.455271,0.620774,0.543763,1.199549,0.648723,0.571126,1.035661,0.741894,0.690881,0.883702,0.613708,0.905661,0.753836",,
341,6783,16.0,21.28,0.032478903417210436,0.060993658378720284,127.7234239578247,677,"61.217667,61.300652","0.732432,0.466279,0.504448,0.540411,0.635297,0.490362,0.478759,0.454335,0.620590,0.543665,1.200383,0.649270,0.570425,1.034667,0.742867,0.689941,0.883608,0.612728,0.904680,0.753533",,
342,6795,12.0,21.24,0.032154114383038335,0.08725818991661072,128.2827558517456,678,"61.266342,61.359398","0.732395,0.465956,0.503699,0.540208,0.635083,0.489948,0.478583,0.453871,0.620384,0.543627,1.200833,0.649486,0.569946,1.034177,0.743326,0.689302,0.883538,0.612432,0.904095,0.753370",,
343,6809,14.0,21.06,0.03183257323920795,3.5363032817840576,129.0081605911255,679,"61.316120,61.415115","0.732391,0.465624,0.502941,0.540173,0.634902,0.489475,0.478391,0.453457,0.620126,0.543646,1.201179,0.649824,0.569519,1.033832,0.743767,0.688623,0.883412,0.612037,0.903465,0.753147",,
344,6829,20.0,21.1,0.03151424750681587,9.050472736358643,130.08241486549377,681,"61.418331,61.508575","0.732294,0.464868,0.502236,0.540112,0.634492,0.488185,0.478743,0.452705,0.620044,0.543640,1.201616,0.650623,0.569424,1.033081,0.744592,0.688016,0.883212,0.611178,0.902712,0.752724",,
345,6848,19.0,21.15,0.03119910503174771,3.7740429639816284,131.17651653289795,683,"61.517612,61.605537","0.732184,0.464230,0.501383,0.539657,0.634017,0.486860,0.478861,0.451895,0.619982,0.543290,1.202004,0.651145,0.569184,1.032139,0.745070,0.687458,0.883151,0.610289,0.902087,0.752414",,
346,6859,11.0,21.08,0.030887113981430233,3.7972164154052734,131.75391578674316,684,"61.569084,61.655575","0.732093,0.463927,0.501115,0.539297,0.633841,0.486315,0.478865,0.451505,0.619971,0.543041,1.202001,0.651195,0.569088,1.031597,0.745094,0.687261,0.883047,0.609872,0.901897,0.752307",,
347,6876,17.0,21.03,0.03057824284161593,0.13670895621180534,132.74366092681885,686,"61.680050,61.761917","0.732129,0.463349,0.500192,0.538300,0.633693,0.485530,0.478491,0.450722,0.620016,0.542259,1.201795,0.650854,0.569052,1.030030,0.744987,0.687087,0.882688,0.608911,0.901139,0.752243",,
348,6891,15.0,21.04,0.03027246041319977,1.966838076710701,133.58373618125916,688,"61.798576,61.869869","0.732214,0.462758,0.499075,0.537047,0.633654,0.484964,0.477887,0.449852,0.619976,0.541324,1.201536,0.650199,0.568928,1.028649,0.744525,0.686702,0.882246,0.607825,0.900445,0.752233",,
349,6909,18.0,20.93,0.029969735809067772,3.7182974815368652,134.34065461158752,689,"61.854160,61.920509","0.732159,0.462506,0.498680,0.536495,0.633634,0.484649,0.477645,0.449470,0.619911,0.540893,1.201325,0.649914,0.568877,1.027925,0.744297,0.686594,0.882038,0.607349,0.900177,0.752207",18.8,4.66476151587624
350,6930,21.0,21.01,0.029670038450977095,4.794434865315755,135.53947687149048,692,"62.016876,62.070694","0.731960,0.461996,0.497510,0.535301,0.633539,0.483502,0.477556,0.448161,0.619759,0.540368,1.200905,0.649590,0.569024,1.025923,0.744222,0.686239,0.881718,0.605649,0.899257,0.751955",,
351,6943,13.0,20.97,0.029373338066467324,0.11521414667367935,136.14853048324585,693,"62.071774,62.124252","0.731877,0.461895,0.497050,0.534919,0.633648,0.483293,0.477481,0.447701,0.619591,0.540206,1.200808,0.649472,0.569142,1.025127,0.744046,0.686119,0.881507,0.605120,0.899015,0.751870",,
352,6964,21.0,20.91,0.02907960468580265,3.164583370089531,137.21008038520813,695,"62.182144,62.234188","0.731236,0.461418,0.496074,0.533845,0.633100,0.482658,0.477222,0.446957,0.619741,0.539195,1.200622,0.649198,0.569269,1.023736,0.743226,0.685634,0.881497,0.604136,0.898565,0.751840",,
353,6987,23.0,21.01,0.028788808638944622,0.1685144305229187,138.30182266235352,697,"62.310085,62.335461","0.730656,0.460860,0.495107,0.532722,0.632676,0.482017,0.477104,0.446099,0.620228,0.538278,1.200691,0.648763,0.569518,1.022659,0.742330,0.685027,0.882016,0.602968,0.898103,0.751845",,
354,7003,16.0,20.92,0.028500920552555174,0.11170248314738274,139.1644299030304,699,"62.446445,62.438599","0.730166,0.460407,0.494047,0.530820,0.632312,0.481873,0.476501,0.445138,0.620457,0.537027,1.200665,0.647486,0.569202,1.021615,0.740942,0.684480,0.882372,0.601769,0.897844,0.752166",,
355,7024,21.0,20.73,0.028215911347029624,5.391374416649342,140.2867820262909,701,"62.562984,62.550163","0.729774,0.460245,0.492802,0.528394,0.632023,0.482192,0.476100,0.444036,0.622161,0.535467,1.201083,0.645630,0.569029,1.020515,0.739332,0.684217,0.884907,0.600813,0.897715,0.752716",,
356,7042,18.0,20.33,0.027933752233559327,3.824419964104891,141.19630885124207,703,"62.680904,62.652195","0.729643,0.460131,0.492070,0.526116,0.631959,0.482653,0.475961,0.443024,0.624074,0.534118,1.201243,0.643754,0.569014,1.019601,0.737747,0.684494,0.887842,0.600025,0.897931,0.753282",,
357,7055,13.0,20.19,0.027654414711223735,0.16529977321624756,141.76452803611755,704,"62.740314,62.707069","0.729570,0.460033,0.491650,0.525004,0.631908,0.482666,0.475747,0.442420,0.624810,0.533516,1.201312,0.642891,0.568822,1.019052,0.736857,0.684414,0.889059,0.599661,0.898035,0.753491",,
358,7076,21.0,20.21,0.027377870564111496,5.7259650230407715,142.77414751052856,706,"62.857624,62.813488","0.729399,0.459670,0.490835,0.522783,0.631734,0.482600,0.475515,0.441295,0.626093,0.532164,1.201677,0.641392,0.568437,1.017964,0.735555,0.684102,0.891083,0.598900,0.898024,0.753876",,
359,7108,32.0,20.32,0.027104091858470382,3.7223333592216172,144.26213932037354,709,"63.026184,62.974297","0.728903,0.458888,0.489389,0.520286,0.631492,0.481937,0.475160,0.439905,0.627240,0.530257,1.202069,0.640002,0.567971,1.016693,0.734140,0.683551,0.893171,0.597764,0.897394,0.754150",,
360,7158,50.0,20.6,0.026833050939885677,0.12412943467497825,146.71597385406494,714,"63.327129,63.253258","0.727507,0.457299,0.486654,0.516723,0.630935,0.480385,0.473475,0.437452,0.627451,0.528505,1.201391,0.637806,0.566541,1.015083,0.731031,0.681534,0.895095,0.595231,0.896061,0.754271",,
361,7175,17.0,20.57,0.02656472043048682,2.0727609246969223,147.65262818336487,716,"63.432415,63.379108","0.726122,0.456804,0.485381,0.515517,0.630539,0.479965,0.473016,0.436482,0.628210,0.527546,1.201626,0.637247,0.566539,1.014020,0.729890,0.680525,0.896725,0.594822,0.895493,0.754178",,
362,7188,13.0,20.36,0.02629907322618195,3.929265022277832,148.20723009109497,717,"63.484898,63.442619","0.725245,0.456627,0.484687,0.514856,0.630232,0.479478,0.472840,0.435853,0.628609,0.526952,1.201891,0.637118,0.566308,1.013390,0.729174,0.679887,0.897700,0.594616,0.895294,0.754096",,
363,7220,32.0,20.56,0.026036082493920133,0.16713422164320946,149.90760159492493,721,"63.707981,63.703056","0.721615,0.455416,0.481618,0.511652,0.628944,0.476801,0.471576,0.433073,0.629143,0.524203,1.202551,0.636060,0.564762,1.009778,0.726258,0.676279,0.900479,0.593296,0.894262,0.753821",,
364,7230,10.0,20.51,0.02577572166898093,0.03676650673151016,150.37710046768188,722,"63.765190,63.764687","0.720877,0.455091,0.480828,0.511015,0.628689,0.476231,0.471157,0.432491,0.629105,0.523651,1.202627,0.635800,0.564292,1.009020,0.725573,0.675400,0.900955,0.592959,0.893937,0.753754",,
365,7250,20.0,20.51,0.025517964452291122,0.12522714585065842,151.21076679229736,724,"63.886852,63.890915","0.719494,0.454204,0.479317,0.509464,0.627977,0.475131,0.470082,0.431508,0.628972,0.522086,1.202500,0.635186,0.563198,1.007744,0.723941,0.673536,0.901545,0.592010,0.893444,0.753706",,
366,7260,10.0,20.38,0.02526278480776821,7.698221683502197,151.70806622505188,725,"63.941998,63.949368","0.718847,0.453862,0.478658,0.508741,0.627497,0.474627,0.469726,0.431085,0.628989,0.521352,1.202614,0.635023,0.562683,1.007170,0.723428,0.672820,0.901908,0.591565,0.893229,0.753679",,
367,7288,28.0,20.43,0.025010156959690527,3.819474935531616,153.07278966903687,727,"64.048752,64.063522","0.717740,0.453253,0.477233,0.507853,0.626782,0.473621,0.469074,0.430277,0.629066,0.520323,1.202831,0.635101,0.561953,1.006140,0.722900,0.671290,0.902558,0.590862,0.892270,0.753462",,
368,7302,14.0,19.86,0.02476005539009362,1.98963213711977,154.00364422798157,729,"64.149681,64.178917","0.716809,0.452761,0.475783,0.507085,0.626152,0.472785,0.468497,0.429551,0.629211,0.519284,1.203270,0.635326,0.561307,1.005206,0.722635,0.669937,0.903186,0.590227,0.891323,0.753234",,
369,7316,14.0,19.85,0.024512454836192684,0.04723452031612396,154.63620162010193,730,"64.201012,64.236214","0.716421,0.452499,0.475126,0.506749,0.625896,0.472377,0.468207,0.429223,0.629241,0.518831,1.203425,0.635420,0.560978,1.004786,0.722441,0.669380,0.903418,0.589867,0.890915,0.753118",,
370,7328,12.0,19.77,0.024267330287830756,4.038371562957764,155.1660599708557,731,"64.251503,64.292389","0.716013,0.452310,0.474380,0.506414,0.625614,0.471949,0.467918,0.428926,0.629262,0.518355,1.203637,0.635521,0.560709,1.004067,0.722447,0.668857,0.903642,0.589502,0.890264,0.753005",,
371,7342,14.0,19.42,0.024024656984952448,1.9904000908136368,155.948561668396,733,"64.366516,64.393219","0.715946,0.451733,0.473215,0.506067,0.625647,0.471266,0.467558,0.428348,0.629789,0.517774,1.203794,0.635696,0.561025,1.003109,0.721976,0.668254,0.903816,0.588405,0.889452,0.752705",,
372,7355,13.0,19.37,0.023784410415102923,0.02805611491203308,156.53181076049805,734,"64.426659,64.439850","0.715941,0.451380,0.472687,0.505957,0.625728,0.470974,0.467322,0.428080,0.629965,0.517601,1.203699,0.635686,0.561108,1.002743,0.721625,0.667922,0.903825,0.587947,0.889073,0.752571",,
373,7378,23.0,19.37,0.023546566310951894,2.0448960587382317,157.65179872512817,736,"64.551773,64.534065","0.715946,0.450574,0.471482,0.505299,0.625932,0.470755,0.466696,0.427637,0.630243,0.516778,1.203560,0.635236,0.561109,1.002110,0.720707,0.667175,0.903719,0.586925,0.888457,0.752443",,
374,7392,14.0,19.32,0.023311100647842375,1.9754224494099617,158.4730806350708,738,"64.672066,64.628685","0.715966,0.449838,0.470533,0.504711,0.626177,0.470447,0.466039,0.427184,0.630339,0.516169,1.203337,0.634845,0.561010,1.001388,0.719666,0.666674,0.903534,0.586167,0.888036,0.752241",,
375,7419,27.0,19.45,0.02307798964136395,3.842148184776306,159.62993836402893,740,"64.782280,64.716240","0.716199,0.449077,0.470630,0.504103,0.626676,0.470289,0.465743,0.426915,0.630309,0.515650,1.203244,0.634384,0.560659,1.000902,0.718600,0.667087,0.903194,0.585566,0.888700,0.752227",,
376,7434,15.0,19.44,0.022847209744950314,6.031415224075317,160.4944248199463,742,"64.876602,64.817284","0.715936,0.448302,0.470770,0.502676,0.626544,0.469489,0.465594,0.426235,0.630368,0.514658,1.203638,0.633883,0.559437,1.000299,0.717623,0.667129,0.902959,0.584954,0.889513,0.752311",,
377,7447,13.0,19.41,0.02261873764750081,3.707312822341919,161.0863335132599,743,"64.918945,64.869087","0.715810,0.448027,0.470855,0.502255,0.626458,0.468996,0.465654,0.425923,0.630363,0.514410,1.203858,0.633869,0.558963,1.000074,0.717449,0.667128,0.902855,0.584719,0.889716,0.752266",,
378,7464,17.0,19.4,0.022392550271025803,0.09798424690961838,161.9016251564026,745,"65.010841,64.977692","0.715618,0.447412,0.470915,0.501464,0.626484,0.467741,0.465475,0.425138,0.630186,0.514045,1.203858,0.633801,0.557924,0.999422,0.716837,0.666878,0.902548,0.584216,0.889934,0.752109",,
379,7479,15.0,19.42,0.022168624768315544,4.006878852844238,162.5255150794983,746,"65.056808,65.033058","0.715530,0.447134,0.470816,0.500894,0.626448,0.467243,0.465402,0.424695,0.630138,0.513787,1.203942,0.633641,0.557433,0.999118,0.716557,0.666683,0.902464,0.583876,0.889967,0.752084",,
380,7496,17.0,18.83,0.02194693852063239,2.00835058093071,163.4211916923523,748,"65.155457,65.139709","0.715400,0.446548,0.470821,0.500081,0.626635,0.466461,0.465113,0.423904,0.630211,0.513239,1.203798,0.633529,0.556640,0.998442,0.715874,0.666511,0.902421,0.583484,0.890115,0.751991",,
381,7532,36.0,19.01,0.021727469135426065,1.9832040276378393,165.55213952064514,752,"65.334175,65.382111","0.715236,0.445727,0.469819,0.497319,0.627076,0.466298,0.463674,0.422260,0.630145,0.511253,1.203872,0.631935,0.554818,0.996416,0.714659,0.665786,0.902405,0.583002,0.889550,0.752346",,
382,7553,21.0,18.93,0.021510194444071803,7.870776176452637,166.65799593925476,754,"65.436714,65.484024","0.715111,0.445287,0.469609,0.496441,0.627305,0.466127,0.463390,0.421623,0.630344,0.510713,1.203779,0.631526,0.554537,0.995488,0.714390,0.665877,0.902404,0.582613,0.889183,0.752400",,
383,7569,16.0,18.89,0.021295092499631085,3.981538772583008,167.41351437568665,755,"65.482193,65.531540","0.714918,0.445061,0.469397,0.496108,0.627255,0.466101,0.463539,0.421359,0.630904,0.510278,1.204192,0.631548,0.554626,0.995063,0.714292,0.666008,0.902903,0.582613,0.888986,0.752415",,
384,7588,19.0,18.9,0.021082141574634772,2.024202696979046,168.39413213729858,757,"65.578850,65.623451","0.714552,0.444498,0.469152,0.495509,0.627198,0.465981,0.463809,0.420959,0.631822,0.509404,1.204790,0.631596,0.554785,0.994332,0.714018,0.666230,0.903511,0.582340,0.888718,0.752440",,
385,7600,12.0,18.84,0.020871320158888425,5.946584463119507,169.14303374290466,759,"65.677917,65.705841","0.714222,0.443994,0.468856,0.495010,0.627028,0.465784,0.464108,0.420668,0.632610,0.508545,1.205443,0.631779,0.554901,0.993713,0.713920,0.666459,0.904054,0.581900,0.888469,0.752404",,
386,7618,18.0,18.9,0.020662606957299542,3.384273052215576,169.9131543636322,760,"65.724335,65.747314","0.713871,0.443666,0.468679,0.495027,0.627034,0.465851,0.464473,0.420618,0.632898,0.507907,1.206167,0.632026,0.555161,0.993033,0.713968,0.666639,0.904360,0.582288,0.888320,0.752360",,
387,7633,15.0,18.93,0.020455980887726547,1.9925079196691513,170.8535759449005,762,"65.817657,65.825737","0.713273,0.443049,0.468230,0.495018,0.626978,0.465966,0.465082,0.420491,0.633377,0.506816,1.207487,0.632483,0.555479,0.991891,0.714067,0.666933,0.904910,0.582927,0.887950,0.752275",,
388,7652,19.0,18.93,0.02025142107884928,4.081431820988655,171.90079975128174,764,"65.917816,65.908043","0.712598,0.442411,0.467370,0.494554,0.626550,0.465995,0.465585,0.420419,0.633815,0.505315,1.208984,0.632889,0.555587,0.990404,0.714440,0.667149,0.905239,0.582901,0.887048,0.752240",,
389,7666,14.0,18.93,0.020048906868060788,4.031790733337402,172.47077679634094,765,"65.970795,65.947754","0.712202,0.442029,0.467018,0.494274,0.626252,0.466021,0.465801,0.420398,0.633994,0.504561,1.209588,0.633024,0.555636,0.989759,0.714518,0.667165,0.905211,0.582834,0.886702,0.752220",,
390,7694,28.0,19.09,0.01984841779938018,1.3886476854483287,173.82179474830627,768,"66.142319,66.071938","0.711051,0.440948,0.465993,0.493265,0.625211,0.466120,0.466238,0.420255,0.634378,0.502491,1.211078,0.633143,0.555501,0.988135,0.714575,0.667162,0.905048,0.582464,0.885758,0.752228",,
391,7714,20.0,19.14,0.019649933621386378,0.054380571469664574,174.79196739196777,770,"66.252274,66.159256","0.710641,0.440262,0.465143,0.492390,0.625066,0.466519,0.466295,0.420090,0.634438,0.501343,1.211860,0.632844,0.555352,0.987177,0.714460,0.667026,0.905075,0.582349,0.885130,0.752313",,
392,7739,25.0,19.2,0.019453434285172513,0.06402458250522614,175.8825831413269,772,"66.360245,66.252853","0.710445,0.439438,0.463877,0.491623,0.625307,0.467189,0.465982,0.419781,0.634358,0.500342,1.212562,0.632413,0.555178,0.986470,0.714411,0.666375,0.904943,0.582443,0.884069,0.752386",,
393,7763,24.0,19.31,0.019258899942320787,3.9856179555257163,177.17663478851318,775,"66.509514,66.397186","0.710032,0.438456,0.462043,0.490681,0.625096,0.467834,0.465923,0.419261,0.634304,0.499217,1.213960,0.632282,0.554838,0.985744,0.714772,0.665586,0.904741,0.582438,0.882475,0.752347",,
394,7784,21.0,19.32,0.01906631094289758,2.162090092897415,178.22791719436646,777,"66.612900,66.503044","0.709743,0.437765,0.460531,0.489651,0.624865,0.468146,0.465479,0.418606,0.634031,0.498386,1.214727,0.631776,0.554256,0.985343,0.714542,0.664474,0.904478,0.582176,0.881333,0.752351",,
395,7810,26.0,19.38,0.018875647833468602,1.386040061712265,179.57140827178955,780,"66.759499,66.665497","0.709433,0.436881,0.458257,0.488278,0.624629,0.468438,0.464653,0.417586,0.633569,0.497267,1.215820,0.631165,0.553310,0.984578,0.714322,0.662698,0.904064,0.581914,0.879498,0.752292",,
396,7833,23.0,19.44,0.018686891355133916,2.063292797654867,180.5475208759308,782,"66.865715,66.769852","0.709249,0.436199,0.457264,0.487606,0.624751,0.468651,0.464101,0.416970,0.633284,0.496698,1.216014,0.630755,0.552912,0.984102,0.713849,0.661820,0.903660,0.581929,0.878781,0.752205",,
397,7853,20.0,19.5,0.018500022441582577,4.039604809135199,181.54312014579773,784,"66.977203,66.867470","0.709050,0.435523,0.456600,0.487063,0.624851,0.468783,0.463646,0.416479,0.633060,0.496224,1.215926,0.630336,0.552667,0.983736,0.713257,0.661212,0.903234,0.581841,0.878374,0.752097",,
398,7873,20.0,19.41,0.01831502221716675,1.9005105718970299,182.49974131584167,786,"67.085381,66.956108","0.708907,0.434797,0.456341,0.486734,0.625017,0.469121,0.463596,0.416362,0.633111,0.495839,1.215584,0.629909,0.553043,0.983583,0.713085,0.661320,0.902832,0.581708,0.878102,0.752028",,
399,7901,28.0,19.52,0.018131871994995084,2.9141195118427277,184.09372282028198,789,"67.240234,67.102654","0.707177,0.434098,0.455390,0.486065,0.624912,0.468933,0.463255,0.415749,0.632085,0.494791,1.215187,0.629483,0.552943,0.981346,0.713284,0.660903,0.901895,0.582203,0.876512,0.751833",25.0,10.545141061171254
400,7928,27.0,19.6,0.017950553275045134,4.2045250833034515,185.30128502845764,791,"67.327454,67.205643","0.705834,0.433858,0.454451,0.485412,0.624763,0.468625,0.463097,0.415123,0.631161,0.493890,1.215480,0.629397,0.552577,0.979499,0.713450,0.660598,0.901395,0.582740,0.875455,0.751733",,
401,7944,16.0,19.61,0.017771047742294682,2.0364568196237087,186.1398537158966,793,"67.427673,67.313461","0.704211,0.433698,0.454027,0.484388,0.624630,0.467947,0.462788,0.414445,0.629795,0.492918,1.215429,0.629025,0.551912,0.977352,0.713137,0.660785,0.900749,0.582645,0.875347,0.751804",,
402,7959,15.0,19.46,0.017593337264871736,4.127652645111084,186.75781416893005,794,"67.478775,67.367470","0.703512,0.433581,0.453761,0.483802,0.624517,0.467716,0.462635,0.414121,0.629223,0.492361,1.215423,0.628766,0.551595,0.976449,0.712988,0.660811,0.900489,0.582532,0.875275,0.751860",,
403,7973,14.0,19.45,0.01741740389222302,4.145532429218292,187.5413601398468,796,"67.568535,67.480942","0.702122,0.433248,0.452971,0.482107,0.623689,0.467554,0.462537,0.413493,0.628289,0.490812,1.216083,0.628169,0.550786,0.974857,0.713001,0.660752,0.900088,0.582240,0.875052,0.752109",,
404,7987,14.0,19.45,0.01724322985330079,0.04133361577987671,188.1275658607483,797,"67.615349,67.535194","0.701505,0.433015,0.452546,0.481300,0.623214,0.467463,0.462351,0.413166,0.627835,0.490089,1.216187,0.627821,0.550353,0.974252,0.712924,0.660508,0.899836,0.582032,0.874861,0.752230",,
405,8011,24.0,19.54,0.017070797554767782,2.69344270726045,189.58794164657593,800,"67.782341,67.684517","0.699895,0.432041,0.451521,0.479588,0.621859,0.466719,0.461647,0.412301,0.626406,0.488497,1.215842,0.627173,0.549187,0.973099,0.712637,0.659464,0.898761,0.581006,0.874108,0.752367",,
406,8035,24.0,19.66,0.016900089579220106,4.212641924619675,190.84586763381958,802,"67.892372,67.779770","0.698953,0.431397,0.451205,0.478348,0.621202,0.466332,0.461252,0.411697,0.625714,0.487376,1.215802,0.626604,0.548437,0.972447,0.712574,0.658799,0.898271,0.580515,0.873909,0.752486",,
407,8062,27.0,19.78,0.016731088683427906,4.0820761521657305,192.30814957618713,805,"68.061539,67.916718","0.697762,0.430324,0.450900,0.476510,0.620480,0.465988,0.460625,0.410767,0.624901,0.485894,1.215441,0.625451,0.547543,0.971615,0.712657,0.657528,0.897638,0.579795,0.873456,0.752704",,
408,8077,15.0,19.77,0.016563777796593626,0.17051924765110016,192.9359369277954,806,"68.116539,67.967842","0.697431,0.429916,0.450754,0.475798,0.620274,0.465849,0.460390,0.410390,0.624636,0.485418,1.215262,0.624922,0.547254,0.971316,0.712571,0.656980,0.897452,0.579528,0.873308,0.752791",,
409,8089,12.0,19.72,0.016398140018627688,3.166644334793091,193.5701460838318,807,"68.163857,68.020523","0.697204,0.429442,0.450458,0.475160,0.620355,0.466032,0.460266,0.410062,0.624827,0.484731,1.215363,0.624478,0.547261,0.970993,0.712294,0.656404,0.897877,0.579588,0.873216,0.752915",,
410,8167,78.0,20.35,0.01623415861844141,3.630263311555609,197.72566151618958,815,"68.485954,68.432007","0.695607,0.425798,0.448374,0.471227,0.621114,0.467983,0.459646,0.407915,0.626726,0.479934,1.216491,0.621855,0.548146,0.969310,0.710153,0.653141,0.900272,0.580425,0.873445,0.753599",,
411,8200,33.0,20.54,0.016071817032256998,2.104732034727931,199.52757835388184,819,"68.621979,68.627060","0.694957,0.424461,0.447573,0.468592,0.621478,0.469279,0.459543,0.407311,0.627568,0.476711,1.218575,0.620351,0.547820,0.968344,0.709569,0.652492,0.900917,0.580677,0.874150,0.754201",,
412,8212,12.0,20.51,0.01591109886193443,4.195812702178955,200.06703186035156,820,"68.659119,68.674210","0.695056,0.424094,0.447526,0.468109,0.622017,0.469754,0.459458,0.407128,0.628073,0.476041,1.218901,0.619886,0.548037,0.968151,0.709318,0.652301,0.901166,0.580851,0.874393,0.754350",,
413,8221,9.0,20.41,0.015751987873315085,4.164494037628174,200.52076363563538,821,"68.695023,68.719330","0.695129,0.423769,0.447644,0.467683,0.622522,0.470164,0.459419,0.406997,0.628531,0.475442,1.219134,0.619472,0.548264,0.967930,0.709061,0.652251,0.901377,0.581009,0.874763,0.754483",,
414,8234,13.0,20.27,0.015594467994581935,0.05971716344356537,201.14813542366028,822,"68.736336,68.764862","0.695196,0.423400,0.447756,0.467325,0.623025,0.470511,0.459350,0.406865,0.628922,0.474941,1.219277,0.619049,0.548461,0.967753,0.708748,0.652166,0.901503,0.581125,0.875097,0.754593",,
415,8249,15.0,20.19,0.015438523314636115,4.182765960693359,201.7748999595642,823,"68.775497,68.811691","0.695238,0.423086,0.447807,0.466982,0.623429,0.470794,0.459319,0.406739,0.629281,0.474474,1.219510,0.618706,0.548631,0.967535,0.708522,0.652152,0.901615,0.581212,0.875355,0.754681",,
416,8260,11.0,19.72,0.015284138081489753,2.1563719362020493,202.5265610218048,825,"68.848656,68.905716","0.694571,0.422518,0.447634,0.466521,0.623946,0.471311,0.459424,0.406436,0.629736,0.473593,1.220113,0.618104,0.548984,0.966566,0.708190,0.651820,0.901916,0.581734,0.875418,0.754789",,
417,8275,15.0,19.22,0.015131296700674856,14.404964447021484,203.20692205429077,826,"68.873001,68.952972","0.694029,0.422112,0.447268,0.466641,0.623907,0.471648,0.460173,0.406253,0.631025,0.472642,1.221384,0.618278,0.549680,0.965999,0.707918,0.651716,0.903257,0.582790,0.875383,0.754807",,
418,8286,11.0,18.81,0.014979983733668108,4.195562362670898,203.8128855228424,827,"68.896309,69.000725","0.693506,0.421783,0.446896,0.466715,0.623798,0.471910,0.460826,0.406050,0.632170,0.471772,1.222592,0.618476,0.550230,0.965453,0.707667,0.651606,0.904502,0.583765,0.875345,0.754794",,
419,8298,12.0,18.78,0.014830183896331426,0.07433099299669266,204.40207695960999,828,"68.921196,69.051735","0.693031,0.421406,0.446482,0.466745,0.623736,0.472000,0.461336,0.405854,0.633155,0.470899,1.223604,0.618621,0.550641,0.964850,0.707378,0.651466,0.905600,0.584648,0.875186,0.754763",,
420,8312,14.0,18.69,0.014681882057368112,4.2330432794988155,205.18432998657227,830,"68.983025,69.146111","0.692133,0.420865,0.445909,0.466534,0.623517,0.471847,0.462367,0.405434,0.634961,0.469634,1.225242,0.618719,0.551427,0.963794,0.706958,0.651303,0.907537,0.585590,0.875099,0.754693",,
421,8323,11.0,18.51,0.01453506323679443,0.37235933542251587,205.73632264137268,831,"69.033340,69.192268","0.691752,0.420514,0.445609,0.466159,0.623505,0.471842,0.462589,0.405128,0.635698,0.469007,1.225742,0.618310,0.551649,0.963377,0.706450,0.650955,0.908204,0.585857,0.875077,0.754723",,
422,8335,12.0,18.5,0.014389712604426485,0.06940193474292755,206.3912115097046,832,"69.087700,69.239258","0.691156,0.420269,0.445287,0.465829,0.623380,0.471756,0.462745,0.404896,0.636226,0.468361,1.226122,0.617967,0.551756,0.962857,0.705908,0.650782,0.908774,0.586135,0.874986,0.754729",,
423,8349,14.0,18.37,0.01424581547838222,4.2380523681640625,207.0534188747406,833,"69.143646,69.284828","0.690545,0.420030,0.444936,0.465335,0.622997,0.471760,0.462729,0.404672,0.636796,0.467569,1.226264,0.617477,0.551800,0.962374,0.705261,0.650579,0.909370,0.586288,0.874907,0.754770",,
424,8361,12.0,18.36,0.014103357323598397,0.20927726477384567,207.87220573425293,835,"69.288353,69.373062","0.688865,0.419392,0.444199,0.463822,0.621648,0.471467,0.462470,0.404420,0.637128,0.465744,1.226535,0.616239,0.551731,0.961644,0.704016,0.649542,0.908742,0.585656,0.874603,0.754914",,
425,8371,10.0,18.32,0.013962323750362413,4.255218029022217,208.3723964691162,836,"69.363602,69.415504","0.687789,0.419222,0.443939,0.463122,0.620926,0.471140,0.462401,0.404320,0.637097,0.464984,1.226538,0.615655,0.551697,0.961141,0.703391,0.649242,0.908439,0.585246,0.874537,0.754951",,
426,8382,11.0,18.27,0.013822700512858789,8.369544982910156,208.93113803863525,837,"69.431808,69.457512","0.686830,0.419118,0.443750,0.462325,0.620180,0.470955,0.462406,0.404232,0.637119,0.464194,1.226749,0.615043,0.551553,0.960642,0.702896,0.649161,0.908208,0.584911,0.874600,0.755062",,
427,8410,28.0,18.41,0.0136844735077302,5.670872847239177,210.49320936203003,840,"69.628479,69.577919","0.684304,0.419071,0.442967,0.459823,0.617702,0.470180,0.462702,0.403787,0.637299,0.461916,1.228159,0.613626,0.551023,0.959362,0.702302,0.648947,0.907719,0.583342,0.874588,0.755328",,
428,8431,21.0,18.46,0.013547628772652899,2.143857154995203,211.61475229263306,842,"69.747452,69.661049","0.682992,0.418961,0.442283,0.458199,0.616282,0.469833,0.462767,0.403401,0.637377,0.460487,1.229146,0.612756,0.550461,0.958670,0.701918,0.648702,0.907490,0.582445,0.874470,0.755501",,
429,8455,24.0,18.59,0.01341215248492637,6.304853921756148,212.8049294948578,844,"69.846748,69.744743","0.681832,0.418715,0.441764,0.456654,0.614939,0.469524,0.463479,0.403043,0.637612,0.459207,1.230645,0.612383,0.550124,0.957906,0.702047,0.648874,0.907297,0.581689,0.874472,0.755649",,
430,8498,43.0,18.84,0.013278030960077106,3.186950668692589,215.03311562538147,848,"70.031944,69.902855","0.679988,0.417962,0.441758,0.453857,0.613292,0.468403,0.464622,0.401855,0.637812,0.458332,1.232090,0.611196,0.549905,0.957848,0.700938,0.648880,0.906246,0.579635,0.876164,0.755800",,
431,8521,23.0,18.95,0.013145250650476335,2.8706246043244996,216.38601231575012,851,"70.158379,70.043427","0.678797,0.417281,0.441652,0.452362,0.612497,0.466850,0.465017,0.400928,0.637773,0.458030,1.232348,0.610710,0.549835,0.957125,0.700087,0.648952,0.905555,0.578244,0.876507,0.755696",,
432,8533,12.0,18.95,0.01301379814397157,0.04841084033250809,216.99229407310486,852,"70.208427,70.090248","0.678533,0.416843,0.441553,0.451996,0.612448,0.466157,0.464871,0.400519,0.637632,0.458110,1.232102,0.610437,0.549698,0.956880,0.699569,0.648625,0.905252,0.577821,0.876502,0.755635",,
433,8546,13.0,18.92,0.012883660162531854,8.507575035095215,217.58319640159607,853,"70.254074,70.136131","0.678228,0.416237,0.441650,0.451454,0.612356,0.465401,0.464813,0.400237,0.637538,0.457867,1.231930,0.610205,0.549491,0.956549,0.699036,0.648514,0.904977,0.577444,0.876751,0.755601",,
434,8556,10.0,18.91,0.012754823560906535,8.405386924743652,218.09230780601501,854,"70.293381,70.180435","0.677908,0.415779,0.441689,0.450924,0.612098,0.464704,0.464907,0.399972,0.637527,0.457612,1.232002,0.610111,0.549302,0.956219,0.698757,0.648478,0.904824,0.577115,0.876955,0.755556",,
435,8570,14.0,18.93,0.01262727532529747,0.08006785809993744,218.94301867485046,856,"70.378510,70.271568","0.677410,0.414724,0.441460,0.450063,0.611716,0.463374,0.464755,0.399432,0.637391,0.457269,1.231995,0.609858,0.548801,0.955299,0.698319,0.648391,0.904478,0.576539,0.876585,0.755446",,
436,8581,11.0,18.84,0.012501002572044496,8.360751152038574,219.48308992385864,857,"70.416290,70.314720","0.677179,0.414253,0.441346,0.449770,0.611507,0.462701,0.464863,0.399194,0.637364,0.457178,1.232123,0.609921,0.548640,0.954799,0.698301,0.648431,0.904325,0.576298,0.876354,0.755349",,
437,8596,15.0,18.84,0.01237599254632405,0.16486114263534546,220.2748692035675,858,"70.458191,70.361458","0.676976,0.413637,0.441201,0.449218,0.611433,0.462250,0.464722,0.398939,0.637275,0.456883,1.232087,0.609627,0.548364,0.954368,0.697990,0.648242,0.904101,0.576056,0.876219,0.755345",,
438,8664,68.0,19.36,0.01225223262086081,3.030677506700158,223.75286102294922,865,"70.767113,70.669975","0.675098,0.409236,0.440052,0.446979,0.609766,0.458242,0.464649,0.396864,0.635634,0.456972,1.231687,0.608685,0.547767,0.952919,0.696391,0.645516,0.900671,0.573563,0.874941,0.754934",,
439,8737,73.0,19.89,0.012129710294652202,3.6256679043705975,227.25699496269226,872,"71.026115,70.991310","0.673472,0.407662,0.438700,0.445393,0.607963,0.453061,0.465721,0.394332,0.635079,0.458586,1.232182,0.608460,0.547143,0.949375,0.696394,0.644341,0.901059,0.570861,0.873487,0.754183",,
440,8756,19.0,19.89,0.01200841319170568,6.323582172393799,228.20114922523499,874,"71.084282,71.080399","0.673085,0.407607,0.438499,0.444963,0.607205,0.451764,0.466465,0.393575,0.635481,0.459334,1.232619,0.608362,0.547117,0.948195,0.696828,0.644585,0.902314,0.570421,0.873333,0.753959",,
441,8769,13.0,19.86,0.011888329059788623,4.233080863952637,228.76598072052002,875,"71.110229,71.124985","0.672917,0.407543,0.438287,0.444735,0.606843,0.451159,0.466869,0.393231,0.635617,0.459655,1.233033,0.608425,0.547052,0.947644,0.697063,0.644745,0.902813,0.570166,0.873169,0.753846",,
442,8779,10.0,19.84,0.011769445769190737,8.505327224731445,229.26044273376465,876,"71.138290,71.166702","0.672724,0.407467,0.438095,0.444505,0.606423,0.450397,0.467427,0.392934,0.635804,0.459996,1.233557,0.608532,0.547031,0.946957,0.697504,0.645184,0.903280,0.569928,0.872858,0.753750",,
443,8793,14.0,19.84,0.01165175131149883,4.3200824446976185,230.06441688537598,878,"71.211533,71.232826","0.672231,0.406982,0.438554,0.444133,0.605688,0.448842,0.468705,0.392571,0.636142,0.460597,1.234057,0.608652,0.547350,0.945843,0.698146,0.646094,0.903794,0.569257,0.872942,0.753602",,
444,8809,16.0,19.8,0.011535233798383842,0.051570624113082886,230.75622844696045,879,"71.249306,71.264885","0.672046,0.406662,0.438741,0.444010,0.605479,0.448179,0.469297,0.392393,0.636249,0.460952,1.234293,0.608676,0.547479,0.945451,0.698408,0.646395,0.903992,0.568991,0.872962,0.753530",,
445,8826,17.0,19.78,0.011419881460400004,0.05008840747177601,231.6610245704651,881,"71.341194,71.325516","0.671744,0.405873,0.439096,0.443833,0.605223,0.446923,0.470213,0.392000,0.636336,0.461732,1.234516,0.608553,0.547711,0.944941,0.698695,0.646651,0.904215,0.568359,0.872997,0.753394",,
446,8842,16.0,19.83,0.011305682645796004,0.031997958198189735,232.48628950119019,883,"71.438995,71.386688","0.671536,0.405060,0.439368,0.443708,0.605260,0.445928,0.470652,0.391520,0.636271,0.462459,1.234391,0.608271,0.547898,0.944648,0.698742,0.646511,0.904302,0.567785,0.872954,0.753269",,
447,8860,18.0,19.84,0.011192625819338045,2.196678129956126,233.34369802474976,885,"71.537201,71.449387","0.671359,0.404302,0.439548,0.443563,0.605348,0.445201,0.470937,0.391041,0.636174,0.463001,1.234335,0.607993,0.548034,0.944439,0.698873,0.646271,0.904432,0.567315,0.872877,0.753153",,
448,8875,15.0,19.84,0.011080699561144665,8.51094913482666,234.0152142047882,886,"71.579750,71.481483","0.671237,0.404021,0.439535,0.443398,0.605150,0.444865,0.471244,0.390792,0.636230,0.463209,1.234590,0.607969,0.548011,0.944341,0.699204,0.646231,0.904640,0.567072,0.872753,0.753092",,
449,8934,59.0,20.25,0.010969892565533218,1.47500419896096,236.7724483013153,892,"71.817017,71.700035","0.670771,0.402192,0.439001,0.441002,0.604170,0.444204,0.471771,0.389356,0.636117,0.463350,1.236149,0.606423,0.546484,0.944168,0.699423,0.645248,0.905599,0.566185,0.872967,0.753334",47.6,21.029503084951862
450,8962,28.0,20.32,0.010860193639877886,0.04522726436456045,238.49344658851624,895,"71.930779,71.822426","0.670411,0.401098,0.438792,0.439609,0.603642,0.444034,0.471766,0.388639,0.635848,0.463206,1.236593,0.605464,0.545698,0.944424,0.698788,0.644395,0.905558,0.565728,0.873514,0.753448",,
451,8990,28.0,20.47,0.010751591703479106,0.03290030856927236,240.12589621543884,898,"72.062637,71.938431","0.669798,0.399755,0.438508,0.438460,0.602837,0.443573,0.471423,0.388035,0.635179,0.463044,1.236615,0.604686,0.545035,0.944938,0.697979,0.642999,0.904669,0.564874,0.873753,0.753472",,
452,9051,61.0,20.87,0.010644075786444315,3.5698498943820596,243.21766996383667,904,"72.308525,72.145134","0.668347,0.397645,0.438462,0.437502,0.600928,0.442239,0.472335,0.387286,0.634930,0.462391,1.237890,0.604796,0.544912,0.945606,0.698710,0.641528,0.903585,0.563295,0.873551,0.753223",,
453,9071,20.0,20.84,0.010537635028579873,2.2205049134790897,244.43818473815918,906,"72.375870,72.218712","0.667845,0.397216,0.438432,0.437128,0.600210,0.442211,0.472763,0.386911,0.635222,0.462101,1.238568,0.604754,0.544973,0.945828,0.698831,0.641317,0.903790,0.563325,0.873753,0.753186",,
454,9085,14.0,20.82,0.010432258678294073,4.376918315887451,245.12628197669983,907,"72.409348,72.257309","0.667612,0.397043,0.438337,0.436735,0.599826,0.442299,0.472962,0.386727,0.635354,0.461821,1.239002,0.604596,0.544939,0.945877,0.698891,0.641254,0.903884,0.563292,0.873839,0.753229",,
455,9099,14.0,20.75,0.010327936091511133,0.07307073473930359,245.8550684452057,908,"72.446083,72.297562","0.667417,0.396877,0.438164,0.436233,0.599488,0.442344,0.473028,0.386446,0.635439,0.461617,1.239350,0.604278,0.544825,0.945992,0.698876,0.641006,0.903979,0.563077,0.873842,0.753295",,
456,9115,16.0,20.73,0.010224656730596022,0.04846295900642872,246.8330454826355,910,"72.522751,72.378944","0.666821,0.396419,0.437961,0.435343,0.598589,0.442227,0.472990,0.386059,0.635162,0.461190,1.239912,0.603745,0.544517,0.946133,0.698858,0.640516,0.903431,0.562498,0.873840,0.753441",,
457,9128,13.0,20.73,0.01012241016329006,4.417546272277832,247.48607635498047,911,"72.559349,72.418968","0.666351,0.396157,0.438001,0.434707,0.598006,0.442197,0.472992,0.385964,0.634927,0.460764,1.240156,0.603397,0.544412,0.946099,0.698762,0.640349,0.902883,0.562136,0.874036,0.753572",,
458,9143,15.0,20.67,0.01002118606165716,4.408261060714722,248.50098276138306,913,"72.626305,72.494843","0.665526,0.395651,0.437895,0.433681,0.597077,0.442696,0.473124,0.385701,0.634635,0.459903,1.240961,0.602932,0.544445,0.945989,0.698948,0.640087,0.901957,0.562248,0.874266,0.753776",,
459,9160,17.0,20.52,0.01,2.1994157172739506,249.45789980888367,915,"72.692131,72.570694","0.664841,0.395140,0.437881,0.432842,0.596396,0.443210,0.473243,0.385455,0.634396,0.459237,1.241567,0.602465,0.544506,0.945891,0.699020,0.639925,0.901198,0.562452,0.874603,0.753928",,
460,9180,20.0,20.22,0.01,8.679857730865479,250.53000736236572,917,"72.757294,72.635933","0.664047,0.394575,0.438555,0.432154,0.595557,0.443316,0.473957,0.385411,0.634521,0.458582,1.241881,0.602379,0.545077,0.945835,0.699249,0.640311,0.900540,0.562382,0.875512,0.753972",,
461,9192,12.0,20.17,0.01,4.3642096519470215,251.0524775981903,918,"72.790062,72.665070","0.663687,0.394264,0.439006,0.431851,0.595191,0.443365,0.474355,0.385410,0.634607,0.458343,1.241981,0.602340,0.545330,0.945837,0.699260,0.640668,0.900250,0.562344,0.876124,0.753993",,
462,9212,20.0,20.24,0.01,6.572310220450163,251.95590686798096,920,"72.859581,72.718636","0.663038,0.393707,0.440067,0.431385,0.594600,0.443379,0.475140,0.385453,0.634750,0.457988,1.242060,0.602272,0.545808,0.945783,0.699275,0.641499,0.899728,0.562253,0.877431,0.753998",,
463,9230,18.0,20.1,0.01,4.397694606333971,252.8759310245514,922,"72.930054,72.769058","0.662467,0.393086,0.441155,0.431080,0.594204,0.443455,0.476073,0.385521,0.634827,0.457867,1.242285,0.602293,0.546278,0.945672,0.699402,0.642396,0.899214,0.562353,0.878762,0.753945",,
464,9268,38.0,20.38,0.01,5.516775608062744,254.80112671852112,925,"73.036575,72.839752","0.662849,0.392009,0.443230,0.431264,0.594676,0.444025,0.477943,0.385227,0.636215,0.458462,1.242456,0.602105,0.548538,0.945805,0.699072,0.643999,0.898924,0.562731,0.881546,0.753761",,
465,9306,38.0,20.56,0.01,3.3199276737868786,256.6803169250488,929,"73.162918,72.969437","0.662796,0.390927,0.445284,0.431021,0.594699,0.444587,0.480529,0.384629,0.638514,0.458028,1.243761,0.602112,0.551269,0.945848,0.698283,0.645652,0.899519,0.563423,0.885287,0.753519",,
466,9328,22.0,20.68,0.01,8.813133239746094,257.7064743041992,931,"73.205002,73.035652","0.662658,0.390513,0.446297,0.431089,0.594802,0.445332,0.481975,0.384196,0.639678,0.457753,1.244857,0.602463,0.552771,0.945779,0.698561,0.646604,0.899838,0.564651,0.886993,0.753344",,
467,9352,24.0,20.64,0.01,4.460214346647263,259.0426821708679,934,"73.267387,73.145187","0.662397,0.389787,0.447533,0.431319,0.594849,0.445565,0.484371,0.383352,0.641284,0.457766,1.246403,0.603254,0.555024,0.944800,0.699863,0.647718,0.900334,0.566209,0.888238,0.752916",,
468,9369,17.0,20.67,0.01,8.767241477966309,259.7113676071167,935,"73.284973,73.180435","0.662259,0.389591,0.448025,0.431323,0.594818,0.445609,0.485260,0.383101,0.641809,0.457772,1.246951,0.603527,0.555797,0.944328,0.700330,0.648232,0.900524,0.566747,0.888772,0.752783",,
469,9383,14.0,20.67,0.01,0.04707849770784378,260.50647377967834,937,"73.335052,73.252426","0.662078,0.389146,0.448806,0.431280,0.594920,0.445694,0.486543,0.382666,0.642570,0.457767,1.247645,0.603752,0.556998,0.943606,0.700933,0.648880,0.900786,0.567540,0.889592,0.752556",,
470,9395,12.0,20.67,0.01,0.022279972210526466,261.0706033706665,938,"73.364510,73.287743","0.662021,0.388915,0.449128,0.431272,0.595028,0.445716,0.486998,0.382465,0.642832,0.457788,1.247837,0.603775,0.557468,0.943321,0.701111,0.649068,0.900871,0.567854,0.889919,0.752450",,
471,9408,13.0,20.66,0.01,0.12894399464130402,261.73111867904663,939,"73.395203,73.327576","0.661906,0.388726,0.449301,0.431268,0.595170,0.445656,0.487315,0.382320,0.643007,0.457721,1.247885,0.603795,0.557904,0.942768,0.701267,0.649396,0.900928,0.568145,0.889884,0.752334",,
472,9431,23.0,20.76,0.01,1.5178819919625919,263.10047030448914,942,"73.499153,73.436249","0.662028,0.387755,0.449736,0.431640,0.596369,0.446070,0.487974,0.381757,0.643855,0.457570,1.247755,0.603728,0.559782,0.941201,0.701723,0.650013,0.901021,0.569394,0.889492,0.752009",,
473,9449,18.0,20.71,0.01,0.04989615082740784,263.92198157310486,943,"73.537613,73.465858","0.662692,0.387353,0.449930,0.432052,0.597206,0.446433,0.488204,0.381404,0.644483,0.458034,1.247615,0.603571,0.560938,0.940865,0.701796,0.650146,0.901001,0.569739,0.889441,0.751856",,
474,9474,25.0,20.82,0.01,2.9360055228074393,265.2429060935974,946,"73.643883,73.560867","0.665059,0.386267,0.450224,0.433276,0.599583,0.447659,0.488749,0.380125,0.646439,0.459802,1.247409,0.603078,0.564112,0.940304,0.701852,0.650274,0.901005,0.570623,0.889305,0.751408",,
475,9486,12.0,20.67,0.01,0.03246637433767319,265.8086540699005,947,"73.676918,73.595146","0.665800,0.385902,0.450159,0.433537,0.600181,0.448061,0.488901,0.379726,0.647030,0.460308,1.247499,0.602948,0.564910,0.940239,0.701822,0.650274,0.901021,0.570768,0.889230,0.751277",,
476,9513,27.0,20.79,0.01,4.481068243583043,267.1932153701782,950,"73.772530,73.706543","0.667460,0.384969,0.450095,0.433926,0.601632,0.448310,0.489782,0.378312,0.648941,0.461362,1.248026,0.603017,0.567271,0.939272,0.702165,0.650203,0.901194,0.571414,0.889130,0.750883",,
477,9537,24.0,20.9,0.01,8.751933668740094,268.3663549423218,952,"73.825394,73.769630","0.668160,0.384406,0.450444,0.434518,0.602000,0.448035,0.491494,0.377499,0.650579,0.462027,1.248696,0.603973,0.569344,0.938581,0.703414,0.650605,0.901517,0.571787,0.889184,0.750404",,
478,9554,17.0,20.9,0.01,6.645413160324097,269.2826280593872,954,"73.870598,73.831047","0.668460,0.384094,0.450840,0.434958,0.601939,0.447812,0.493302,0.376834,0.651998,0.462608,1.249515,0.604806,0.571022,0.937853,0.704821,0.651220,0.902001,0.572412,0.889356,0.749995",,
479,9568,14.0,20.89,0.01,0.10368246585130692,269.9297261238098,955,"73.897041,73.865898","0.668479,0.383995,0.450904,0.434881,0.601816,0.447813,0.493968,0.376574,0.652519,0.462628,1.249898,0.604986,0.571582,0.937538,0.705331,0.651375,0.902184,0.572619,0.889384,0.749881",,
480,9588,20.0,20.92,0.01,0.18152718245983124,270.93535327911377,957,"73.955017,73.951195","0.668504,0.383901,0.450379,0.434088,0.601632,0.447969,0.494620,0.376097,0.653276,0.462170,1.250489,0.604602,0.572246,0.935892,0.706433,0.651338,0.902460,0.572850,0.887899,0.749898",,
481,9606,18.0,20.74,0.01,0.03427931945770979,271.87887692451477,959,"74.023369,74.033470","0.668424,0.383780,0.449969,0.433117,0.601599,0.447762,0.494964,0.375613,0.653576,0.461629,1.250786,0.603941,0.572306,0.934599,0.707126,0.650980,0.902615,0.572945,0.886728,0.749992",,
482,9630,24.0,20.77,0.01,2.8672942708556852,273.1715006828308,962,"74.126221,74.145355","0.668169,0.383708,0.449540,0.432523,0.601397,0.446750,0.495650,0.374906,0.653665,0.461681,1.251044,0.603606,0.571916,0.933324,0.708232,0.650467,0.902886,0.573133,0.885130,0.749961",,
483,9645,15.0,20.76,0.01,8.889769554138184,273.9075622558594,963,"74.156471,74.182152","0.668031,0.383772,0.449348,0.432197,0.601053,0.446331,0.496069,0.374622,0.653827,0.461721,1.251436,0.603590,0.571766,0.932967,0.708767,0.650432,0.903077,0.572936,0.884713,0.749948",,
484,9663,18.0,20.75,0.01,0.05890441592782736,275.11566162109375,965,"74.236519,74.252449","0.667812,0.383574,0.448923,0.431606,0.600571,0.445417,0.496491,0.374054,0.653958,0.461858,1.251790,0.603356,0.571376,0.932464,0.709217,0.649864,0.903318,0.572469,0.884025,0.749879",,
485,9679,16.0,20.79,0.01,8.830791473388672,275.89027738571167,966,"74.271965,74.289368","0.667685,0.383474,0.448565,0.431149,0.600236,0.445106,0.496800,0.373756,0.654053,0.461849,1.252233,0.603207,0.571155,0.932377,0.709572,0.649538,0.903449,0.572224,0.883561,0.749908",,
486,9692,13.0,20.74,0.01,4.443722838535905,276.7610285282135,968,"74.335556,74.359352","0.667420,0.383303,0.448025,0.430311,0.599598,0.444558,0.497470,0.373229,0.654231,0.461825,1.253108,0.602969,0.570781,0.932306,0.710258,0.648953,0.903644,0.571794,0.882850,0.749960",,
487,9710,18.0,20.77,0.01,2.271251507103443,277.95123291015625,970,"74.406860,74.431602","0.666961,0.383199,0.447380,0.429302,0.599008,0.443484,0.498104,0.372663,0.654233,0.462017,1.253752,0.602740,0.570610,0.932157,0.710825,0.648230,0.903700,0.570773,0.882176,0.749911",,
488,9728,18.0,20.76,0.01,4.465991973876953,278.8244843482971,971,"74.436279,74.464340","0.666916,0.383159,0.447053,0.428896,0.598744,0.443070,0.498554,0.372352,0.654451,0.462203,1.254230,0.602701,0.570729,0.932112,0.711243,0.647969,0.903763,0.570340,0.881855,0.749873",,
489,9744,16.0,20.78,0.01,8.92556095123291,279.86884689331055,973,"74.497757,74.523170","0.666707,0.383302,0.446765,0.427957,0.598017,0.442021,0.499717,0.371818,0.655028,0.462806,1.255085,0.602634,0.571066,0.931983,0.712334,0.647748,0.903972,0.569066,0.881563,0.749786",,
490,9762,18.0,20.68,0.01,2.2485249508172274,280.8493859767914,975,"74.557465,74.571426","0.666408,0.383247,0.447103,0.427315,0.597521,0.441108,0.501158,0.371460,0.655559,0.463434,1.255692,0.602597,0.571719,0.931804,0.713381,0.647847,0.904038,0.568105,0.881775,0.749669",,
491,9775,13.0,20.61,0.01,4.063206195831299,281.4382948875427,976,"74.591057,74.594734","0.666346,0.383085,0.447328,0.427351,0.597439,0.440655,0.501918,0.371267,0.655754,0.464077,1.255781,0.602644,0.572231,0.931842,0.713825,0.647868,0.904034,0.567711,0.881843,0.749558",,
492,9791,16.0,20.52,0.01,0.0795394517481327,282.32765889167786,978,"74.666695,74.642487","0.666260,0.382525,0.447594,0.426987,0.597409,0.439966,0.503027,0.370904,0.655996,0.465021,1.255826,0.602144,0.573075,0.931862,0.714363,0.647591,0.903916,0.566933,0.881886,0.749494",,
493,9828,37.0,20.65,0.01,8.206435521443685,284.10430335998535,981,"74.757957,74.715363","0.666794,0.382035,0.447297,0.427701,0.597624,0.439288,0.505261,0.370335,0.658584,0.466189,1.256636,0.601586,0.574922,0.930906,0.715502,0.647496,0.907102,0.567083,0.880693,0.749326",,
494,9868,40.0,20.84,0.01,2.2581542795524,286.1489715576172,985,"74.858215,74.810860","0.668627,0.381826,0.446618,0.429346,0.598100,0.438555,0.508185,0.369221,0.662144,0.468735,1.258591,0.601611,0.577915,0.930079,0.718151,0.647724,0.910316,0.566918,0.878647,0.748900",,
495,9900,32.0,20.9,0.01,4.294788245111704,287.8883821964264,989,"74.945694,74.916122","0.669345,0.381662,0.445577,0.430095,0.597554,0.438455,0.511114,0.368684,0.664521,0.469524,1.261657,0.601876,0.579822,0.928973,0.720864,0.648543,0.912751,0.567887,0.876843,0.748685",,
496,9918,18.0,20.85,0.01,0.10363683104515076,288.5502610206604,990,"74.969505,74.943855","0.669177,0.381623,0.445270,0.430239,0.597221,0.438490,0.511895,0.368725,0.665281,0.469068,1.262477,0.602095,0.580467,0.928569,0.721435,0.648917,0.913508,0.568280,0.876314,0.748649",,
497,9942,24.0,20.89,0.01,2.6261224299669266,289.8295805454254,993,"75.030441,75.029808","0.668415,0.381676,0.444484,0.430680,0.596053,0.438899,0.514263,0.368735,0.668306,0.467651,1.265023,0.602365,0.582630,0.927343,0.722403,0.649764,0.916619,0.570141,0.875274,0.748687",,
498,9957,15.0,20.84,0.01,4.5274834632873535,290.439092874527,994,"75.053543,75.059914","0.668246,0.381767,0.444233,0.430669,0.595766,0.439016,0.514860,0.368703,0.669093,0.467233,1.265747,0.602393,0.583105,0.926960,0.722576,0.649910,0.917537,0.570689,0.875076,0.748717",,
499,9973,16.0,20.72,0.01,4.532273508608341,291.39122319221497,996,"75.099312,75.114609","0.667876,0.381842,0.444000,0.430494,0.595320,0.439396,0.516270,0.368781,0.670678,0.466157,1.267192,0.602528,0.584299,0.925873,0.723187,0.650653,0.919161,0.571867,0.874868,0.748803",20.0,2.0976176963403033
500,9995,22.0,20.67,0.01,2.2731652706861496,292.63703632354736,998,"75.148926,75.164459","0.668310,0.381550,0.443781,0.430629,0.595491,0.440173,0.517335,0.368563,0.672525,0.465638,1.268329,0.602473,0.585965,0.925110,0.723680,0.651054,0.920585,0.572991,0.874686,0.748861",,
501,10014,19.0,20.7,0.01,0.03474344499409199,293.74164748191833,1000,"75.212448,75.214539","0.668653,0.381180,0.443539,0.430637,0.595602,0.440800,0.518080,0.368434,0.673966,0.465153,1.269106,0.602218,0.587243,0.924566,0.723945,0.651179,0.921713,0.573826,0.874446,0.748933",,
502,10033,19.0,20.74,0.01,6.6110289096832275,294.8898160457611,1002,"75.275513,75.253548","0.668719,0.380769,0.443866,0.430877,0.595794,0.441043,0.519201,0.368495,0.674905,0.464872,1.269945,0.602411,0.588525,0.923997,0.724467,0.651645,0.922140,0.574385,0.874608,0.748890",,
503,10056,23.0,20.83,0.01,4.56172251701355,296.03721714019775,1004,"75.339073,75.292564","0.668766,0.380854,0.444153,0.430777,0.596015,0.440683,0.520284,0.368418,0.675534,0.465129,1.270856,0.602807,0.589426,0.923508,0.725383,0.652074,0.922414,0.574039,0.874671,0.748774",,
504,10073,17.0,20.86,0.01,6.825024366378784,296.91869258880615,1006,"75.398628,75.334595","0.668642,0.381294,0.444490,0.430316,0.595907,0.439987,0.521612,0.368168,0.676074,0.465147,1.272163,0.603299,0.590181,0.922808,0.726467,0.652555,0.922690,0.573462,0.875078,0.748667",,
505,10092,19.0,20.81,0.01,4.372302293777466,298.0078926086426,1008,"75.457108,75.377281","0.668529,0.381424,0.445027,0.430006,0.596015,0.439293,0.523067,0.368153,0.676494,0.465004,1.273605,0.603808,0.590841,0.922280,0.727409,0.652973,0.922761,0.573006,0.875863,0.748576",,
506,10111,19.0,20.76,0.01,2.2948194118216634,299.03293538093567,1010,"75.511833,75.420776","0.668377,0.381440,0.445430,0.429657,0.595858,0.438755,0.524473,0.368150,0.677025,0.464894,1.274857,0.604229,0.591409,0.921723,0.728452,0.653394,0.923010,0.572688,0.876253,0.748498",,
507,10132,21.0,20.7,0.01,6.792564630508423,300.15234661102295,1012,"75.558769,75.474541","0.668003,0.381692,0.445200,0.428990,0.595158,0.438304,0.526157,0.368094,0.677722,0.464559,1.276645,0.604811,0.591908,0.920850,0.730175,0.653757,0.923505,0.572294,0.875651,0.748408",,
508,10198,66.0,21.21,0.01,1.5635396937529247,303.7258231639862,1018,"75.698906,75.648102","0.666811,0.381881,0.445710,0.426870,0.593742,0.438544,0.530280,0.367919,0.680319,0.462380,1.280538,0.605901,0.593584,0.919186,0.733571,0.654968,0.925543,0.572125,0.875988,0.748515",,
509,10220,22.0,21.31,0.01,4.5426106452941895,305.01702857017517,1021,"75.770622,75.739822","0.666471,0.381604,0.446105,0.425420,0.593620,0.439320,0.531636,0.367845,0.681351,0.460854,1.281963,0.605651,0.594363,0.918556,0.734506,0.655027,0.926304,0.572451,0.876660,0.748835",,
510,10234,14.0,20.67,0.01,13.449881553649902,305.620304107666,1022,"75.786652,75.766464","0.666279,0.381580,0.446361,0.424946,0.593404,0.439573,0.532465,0.367824,0.681857,0.460376,1.282721,0.605808,0.594784,0.918337,0.735203,0.655332,0.926589,0.572588,0.876958,0.748923",,
511,10252,18.0,20.52,0.01,2.2753522656857967,306.55392050743103,1024,"75.819115,75.819115","0.665923,0.381493,0.446727,0.424054,0.592915,0.440035,0.533969,0.367813,0.682756,0.459503,1.284169,0.606047,0.595463,0.917977,0.736542,0.655801,0.927138,0.572807,0.877419,0.749079",,
512,10262,10.0,20.5,0.01,0.022092152386903763,307.09410071372986,1025,"75.839508,75.845467","0.665780,0.381299,0.446902,0.423708,0.592748,0.440227,0.534564,0.367813,0.683127,0.459176,1.284664,0.606062,0.595750,0.917896,0.737021,0.655891,0.927355,0.572889,0.877625,0.749141",,
513,10277,15.0,20.56,0.01,4.52168083190918,307.94622898101807,1026,"75.858978,75.869995","0.665618,0.381211,0.447074,0.423368,0.592520,0.440383,0.535195,0.367809,0.683482,0.458848,1.285243,0.606131,0.596028,0.917763,0.737590,0.656051,0.927571,0.572961,0.877819,0.749193",,
514,10289,12.0,20.55,0.01,8.999614715576172,308.5434219837189,1027,"75.876236,75.890778","0.665410,0.381214,0.447345,0.423127,0.592182,0.440432,0.536015,0.367794,0.683971,0.458567,1.285836,0.606393,0.596465,0.917539,0.738398,0.656387,0.927868,0.573015,0.877995,0.749191",,
515,10309,20.0,20.6,0.01,0.06253824196755886,309.6241555213928,1029,"75.917053,75.925926","0.665023,0.381132,0.448100,0.423068,0.591987,0.440608,0.537410,0.367787,0.685103,0.457862,1.286430,0.606893,0.597712,0.917097,0.739548,0.657006,0.928610,0.573447,0.878415,0.749169",,
516,10319,10.0,20.59,0.01,0.036051779985427856,310.15157413482666,1030,"75.944916,75.941574","0.664841,0.380919,0.448556,0.423180,0.592058,0.440774,0.538014,0.367785,0.685668,0.457542,1.286513,0.607065,0.598412,0.916921,0.739935,0.657263,0.928968,0.573789,0.878708,0.749152",,
517,10335,16.0,20.6,0.01,4.596121788024902,311.12809681892395,1032,"76.004845,75.964073","0.664426,0.380506,0.449972,0.423202,0.592225,0.441089,0.539261,0.367906,0.686681,0.456759,1.286425,0.607231,0.599744,0.916362,0.740766,0.657936,0.929511,0.574271,0.879668,0.749147",,
518,10350,15.0,20.64,0.01,11.310718297958374,312.006733417511,1034,"76.058815,75.982727","0.663800,0.380575,0.451834,0.423126,0.591876,0.440988,0.541050,0.368109,0.687822,0.456042,1.286586,0.607690,0.601166,0.915631,0.741983,0.659227,0.930045,0.574381,0.881085,0.749092",,
519,10367,17.0,20.69,0.01,0.06541866809129715,312.80907344818115,1035,"76.085320,75.990341","0.663867,0.380663,0.452805,0.423271,0.591888,0.440997,0.541975,0.368034,0.688656,0.456074,1.286638,0.607856,0.602285,0.915310,0.742592,0.659930,0.930296,0.574293,0.881828,0.749017",,
520,10382,15.0,20.7,0.01,0.1400780314579606,313.5844495296478,1037,"76.146568,76.017815","0.663709,0.381070,0.454129,0.423133,0.591830,0.440532,0.543352,0.367910,0.689856,0.455987,1.286520,0.607842,0.604047,0.914284,0.743660,0.661022,0.930680,0.573590,0.882266,0.748908",,
521,10441,59.0,21.18,0.01,2.8024372905492783,316.47296047210693,1043,"76.280891,76.173248","0.662868,0.382454,0.455831,0.421765,0.590126,0.438810,0.546567,0.367761,0.693125,0.455722,1.287933,0.608218,0.606386,0.912707,0.745618,0.663149,0.933576,0.571066,0.883481,0.748802",,
522,10468,27.0,21.33,0.01,4.566908597946167,317.67443561553955,1045,"76.306885,76.237846","0.662185,0.383336,0.456178,0.421079,0.588686,0.437726,0.547923,0.367817,0.693902,0.455339,1.289146,0.608878,0.606361,0.912009,0.746797,0.664404,0.934660,0.570027,0.883741,0.748768",,
523,10482,14.0,21.33,0.01,0.05050480645149946,318.5653419494629,1047,"76.343269,76.302597","0.661562,0.383789,0.456282,0.420355,0.587492,0.436906,0.549000,0.367876,0.694497,0.454898,1.290079,0.609131,0.606339,0.911507,0.747762,0.664903,0.935520,0.569084,0.883593,0.748741",,
524,10496,14.0,21.35,0.01,0.024168960750102997,319.1813910007477,1048,"76.365936,76.333633","0.661157,0.383742,0.456279,0.419984,0.587045,0.436711,0.549316,0.367922,0.694624,0.454537,1.290360,0.609075,0.606252,0.911308,0.748111,0.664800,0.935847,0.568821,0.883371,0.748758",,
525,10510,14.0,21.39,0.01,9.088149547576904,320.01589465141296,1050,"76.395905,76.386345","0.660132,0.384014,0.456480,0.419407,0.585916,0.436645,0.550632,0.368006,0.695770,0.453462,1.291576,0.609386,0.606753,0.910812,0.749265,0.665119,0.937214,0.568790,0.883325,0.748805",,
526,10524,14.0,21.42,0.01,4.600485801696777,320.562219619751,1051,"76.416534,76.408470","0.659635,0.384085,0.456885,0.419160,0.585443,0.436611,0.551400,0.368088,0.696304,0.453000,1.292044,0.609499,0.607094,0.910576,0.749838,0.665404,0.937759,0.568761,0.883577,0.748831",,
527,10538,14.0,21.28,0.01,4.612679958343506,321.23184180259705,1052,"76.436066,76.428268","0.659140,0.384103,0.457283,0.419122,0.585078,0.436787,0.552252,0.368146,0.696977,0.452428,1.292629,0.609724,0.607670,0.910310,0.750448,0.665750,0.938421,0.569119,0.883827,0.748852",,
528,10558,20.0,21.27,0.01,2.307451542466879,322.25913739204407,1054,"76.485054,76.469780","0.658289,0.383954,0.457867,0.418964,0.584186,0.437159,0.553784,0.368220,0.698346,0.451472,1.293640,0.610035,0.608681,0.909801,0.751682,0.666340,0.939734,0.569702,0.883959,0.748907",,
529,10579,21.0,21.24,0.01,4.516640663146973,323.3401834964752,1056,"76.548904,76.503731","0.657621,0.383433,0.458786,0.418888,0.583723,0.437532,0.555140,0.368364,0.699528,0.450814,1.294079,0.610057,0.609811,0.909470,0.752311,0.667037,0.940667,0.570165,0.884466,0.748970",,
530,10607,28.0,21.09,0.01,1.5577355834345024,324.80971479415894,1059,"76.654282,76.556511","0.656672,0.382439,0.460276,0.418869,0.583408,0.437614,0.557035,0.368646,0.700943,0.450142,1.294255,0.609964,0.611542,0.908274,0.753085,0.668159,0.941527,0.570674,0.884877,0.749017",,
531,10647,40.0,21.26,0.01,7.9449546337127686,326.89293146133423,1063,"76.742683,76.612427","0.655099,0.382337,0.462934,0.418445,0.581666,0.437406,0.561054,0.368859,0.703153,0.449521,1.296124,0.610900,0.613581,0.906594,0.756040,0.670926,0.942761,0.571379,0.886120,0.749056",,
532,10659,12.0,21.26,0.01,0.11890255659818649,327.51292538642883,1064,"76.761314,76.634163","0.654762,0.382197,0.463331,0.417937,0.581236,0.437611,0.561963,0.368957,0.703575,0.449092,1.296817,0.610927,0.613831,0.906446,0.756738,0.671258,0.942978,0.571498,0.886344,0.749180",,
533,10697,38.0,21.51,0.01,3.4007658008486032,329.5956709384918,1068,"76.844292,76.730370","0.653408,0.381697,0.463937,0.415478,0.579387,0.438341,0.564973,0.369187,0.704897,0.447243,1.299426,0.610547,0.614213,0.906145,0.759162,0.671242,0.943645,0.571679,0.886047,0.749676",,
534,10710,13.0,21.54,0.01,6.844282627105713,330.44042348861694,1070,"76.883919,76.775391","0.652751,0.381732,0.464228,0.414419,0.578364,0.438503,0.566537,0.369240,0.705450,0.446515,1.300900,0.610550,0.614347,0.905774,0.760593,0.671464,0.943977,0.571834,0.885864,0.749824",,
535,10728,18.0,21.58,0.01,0.02971315011382103,331.2694425582886,1071,"76.908325,76.798065","0.652463,0.381737,0.464358,0.413971,0.577904,0.438533,0.567186,0.369262,0.705686,0.446193,1.301518,0.610514,0.614400,0.905608,0.761224,0.671505,0.944124,0.571878,0.885764,0.749881",,
536,10740,12.0,21.59,0.01,4.504498049616814,332.1390929222107,1073,"76.953629,76.839035","0.652094,0.381582,0.464593,0.413407,0.577612,0.438702,0.568503,0.369327,0.706148,0.445655,1.303015,0.610639,0.614566,0.905288,0.762622,0.671619,0.944454,0.572097,0.885623,0.749970",,
537,10754,14.0,21.58,0.01,0.016475751996040344,332.80090069770813,1074,"76.976913,76.859802","0.651949,0.381364,0.464784,0.413240,0.577619,0.438838,0.569059,0.369336,0.706336,0.445435,1.303580,0.610667,0.614709,0.905207,0.763201,0.671587,0.944563,0.572269,0.885628,0.749998",,
538,10800,46.0,21.36,0.01,3.6641284160315992,335.3241822719574,1079,"77.085609,76.947388","0.651094,0.379983,0.466399,0.411759,0.577353,0.439917,0.571789,0.369584,0.707458,0.444053,1.305882,0.610020,0.615444,0.905205,0.765406,0.671675,0.945144,0.572834,0.886908,0.750380",,
539,10821,21.0,20.84,0.01,6.851554490625858,336.36302638053894,1081,"77.124580,76.957748","0.650271,0.379717,0.468810,0.411278,0.576987,0.440167,0.574172,0.369951,0.708625,0.443555,1.306508,0.610178,0.616804,0.904561,0.766873,0.673318,0.945504,0.572963,0.888973,0.750473",,
540,10833,12.0,20.77,0.01,9.089709281921387,336.94612097740173,1082,"77.141945,76.965858","0.649841,0.379606,0.469841,0.410974,0.576576,0.440255,0.575441,0.370116,0.709259,0.443295,1.307073,0.610377,0.617379,0.904312,0.767785,0.674123,0.945758,0.572950,0.889855,0.750505",,
541,10891,58.0,21.22,0.01,3.0424122316762805,340.00536036491394,1088,"77.253540,77.045944","0.647603,0.378566,0.475729,0.410127,0.574443,0.439715,0.581774,0.370674,0.712187,0.442491,1.309239,0.611764,0.619992,0.903161,0.772147,0.677449,0.946985,0.572624,0.894852,0.750292",,
542,10912,21.0,21.33,0.01,9.051624298095703,341.0745322704315,1090,"77.264427,77.086540","0.646652,0.378559,0.477329,0.409644,0.573054,0.439279,0.584447,0.370803,0.713627,0.442134,1.310764,0.612766,0.620882,0.902815,0.774473,0.678803,0.947922,0.572475,0.896116,0.750175",,
543,10935,23.0,21.42,0.01,4.562144745141268,342.2825667858124,1092,"77.271385,77.126228","0.645681,0.378636,0.479329,0.409007,0.571851,0.439117,0.587356,0.371047,0.715079,0.441639,1.312323,0.613653,0.621999,0.902525,0.776775,0.680394,0.948862,0.572500,0.897892,0.750124",,
544,10950,15.0,21.41,0.01,0.04825047357007861,343.199120759964,1094,"77.284950,77.165947","0.644783,0.378203,0.480971,0.408562,0.571384,0.438543,0.589964,0.371304,0.715901,0.441358,1.313762,0.614348,0.622744,0.902460,0.778753,0.681614,0.949475,0.572667,0.899318,0.750111",,
545,10970,20.0,21.44,0.01,2.2751653166487813,344.2335698604584,1096,"77.301041,77.204857","0.643772,0.377949,0.482430,0.408069,0.570881,0.437369,0.592487,0.371552,0.716506,0.441104,1.315175,0.615107,0.623053,0.902263,0.780775,0.682977,0.950028,0.572582,0.900404,0.750149",,
546,10986,16.0,21.44,0.01,0.06730179488658905,344.91465187072754,1097,"77.312019,77.223129","0.643340,0.377578,0.483026,0.408043,0.570869,0.437109,0.593535,0.371633,0.716911,0.440842,1.315737,0.615346,0.623423,0.902304,0.781473,0.683371,0.950422,0.572836,0.900877,0.750188",,
547,11010,24.0,21.5,0.01,4.126208562403917,346.3947284221649,1100,"77.355988,77.258316","0.642476,0.376369,0.485219,0.408478,0.570798,0.436765,0.596867,0.372130,0.719061,0.440567,1.316949,0.616101,0.626309,0.901982,0.784248,0.684969,0.951319,0.573509,0.902097,0.750151",,
548,11030,20.0,21.55,0.01,0.025940418243408203,347.4693615436554,1102,"77.395828,77.275162","0.642133,0.375433,0.486654,0.408963,0.570967,0.436696,0.598635,0.372480,0.720367,0.440643,1.317187,0.616312,0.628377,0.901796,0.785768,0.685732,0.951676,0.573958,0.902805,0.750083",,
549,11042,12.0,21.08,0.01,8.928086280822754,348.1368794441223,1103,"77.418655,77.278130","0.641912,0.374968,0.487694,0.409479,0.571085,0.436497,0.599713,0.372610,0.721023,0.440923,1.317121,0.616590,0.629529,0.901677,0.786592,0.686273,0.951799,0.574172,0.903347,0.749961",30.8,11.582745788456208
550,11086,44.0,21.24,0.01,2.2781236874870956,350.36383152008057,1107,"77.491936,77.307060","0.641229,0.373394,0.490499,0.410738,0.571878,0.436199,0.603684,0.372873,0.723058,0.441645,1.318015,0.617649,0.633435,0.901169,0.790041,0.687851,0.952336,0.575662,0.904387,0.749675",,
551,11166,80.0,21.76,0.01,2.855273217894137,354.8673167228699,1115,"77.572540,77.444016","0.640010,0.371512,0.493484,0.411346,0.571980,0.435912,0.610166,0.373007,0.725750,0.442043,1.321598,0.619871,0.637707,0.900766,0.796749,0.689195,0.953683,0.577961,0.904749,0.749251",,
552,11183,17.0,21.32,0.01,4.574464559555054,355.83345341682434,1117,"77.585411,77.471672","0.639443,0.371815,0.495027,0.411185,0.571277,0.435374,0.612517,0.373108,0.726747,0.441980,1.322943,0.620770,0.638423,0.900684,0.798814,0.690258,0.954199,0.577813,0.905603,0.749184",,
553,11201,18.0,21.3,0.01,0.03627999871969223,356.9718282222748,1119,"77.607498,77.500916","0.639064,0.371703,0.496363,0.411217,0.571438,0.435230,0.614374,0.373160,0.727486,0.441775,1.324044,0.621544,0.639483,0.900732,0.800593,0.690904,0.954650,0.577894,0.906367,0.749117",,
554,11217,16.0,21.32,0.01,9.027721405029297,357.80155634880066,1120,"77.621620,77.510544","0.638716,0.371775,0.497370,0.411160,0.571327,0.435101,0.615471,0.373220,0.728041,0.441606,1.324390,0.621904,0.640208,0.900798,0.801438,0.691432,0.954868,0.577822,0.907106,0.749093",,
555,11229,12.0,21.3,0.01,4.55956506729126,358.5357687473297,1121,"77.635948,77.519226","0.638340,0.371997,0.498350,0.411047,0.571121,0.434967,0.616550,0.373261,0.728573,0.441398,1.324742,0.622248,0.640913,0.900767,0.802310,0.691989,0.955081,0.577772,0.907808,0.749071",,
556,11244,15.0,21.29,0.01,6.790236473083496,359.6103217601776,1123,"77.657372,77.536385","0.637478,0.372495,0.500106,0.410617,0.570161,0.434747,0.619082,0.373310,0.729891,0.440978,1.326071,0.623127,0.642130,0.900681,0.804544,0.693292,0.955749,0.577744,0.909025,0.749046",,
557,11260,16.0,21.32,0.01,2.2827675212174654,360.70988607406616,1125,"77.683029,77.556465","0.636632,0.372934,0.501704,0.410282,0.569035,0.434545,0.621480,0.373284,0.731214,0.440754,1.327375,0.623687,0.643133,0.900653,0.806777,0.694309,0.956572,0.577943,0.910077,0.749030",,
558,11279,19.0,21.36,0.01,9.122180938720703,361.63458275794983,1126,"77.699036,77.567299","0.636225,0.373208,0.502603,0.410139,0.568504,0.434415,0.622710,0.373277,0.731809,0.440638,1.327991,0.623983,0.643590,0.900572,0.807946,0.694802,0.956946,0.578062,0.910626,0.748998",,
559,11304,25.0,21.44,0.01,3.0599500437577567,363.3566381931305,1129,"77.754501,77.582687","0.634742,0.373583,0.506094,0.410376,0.567391,0.434654,0.626678,0.373344,0.734512,0.439962,1.329256,0.624856,0.646044,0.900156,0.811229,0.696666,0.958668,0.579003,0.913046,0.748914",,
560,11323,19.0,21.43,0.01,2.2878446523100138,364.5399272441864,1131,"77.800209,77.589081","0.633810,0.373666,0.508500,0.410548,0.566882,0.434797,0.629138,0.373425,0.736131,0.439651,1.329726,0.625165,0.647684,0.900009,0.813113,0.697639,0.959512,0.579568,0.914711,0.748882",,
561,11338,15.0,21.46,0.01,4.5830912590026855,365.5063488483429,1132,"77.820007,77.595673","0.633355,0.373825,0.509671,0.410506,0.566610,0.434886,0.630360,0.373466,0.736871,0.439436,1.330029,0.625254,0.648421,0.900009,0.814071,0.698002,0.959890,0.579847,0.915522,0.748899",,
562,11423,85.0,22.11,0.01,6.04124450062712,370.85971784591675,1141,"77.950394,77.693260","0.627762,0.377234,0.523568,0.409176,0.562898,0.434301,0.644432,0.373743,0.744938,0.437314,1.332603,0.628589,0.656593,0.898520,0.824383,0.703479,0.962921,0.581584,0.925099,0.748668",,
563,11463,40.0,22.33,0.01,2.2768982276320457,373.4312844276428,1145,"77.965439,77.776894","0.625629,0.378910,0.527612,0.408758,0.561366,0.434679,0.650043,0.373470,0.747896,0.435699,1.334980,0.630784,0.659515,0.897706,0.828921,0.704853,0.964757,0.583236,0.926949,0.748398",,
564,11481,18.0,22.13,0.01,8.946781748905778,374.7504460811615,1147,"77.961029,77.814766","0.624421,0.379753,0.529366,0.408184,0.559916,0.434770,0.653409,0.373342,0.749564,0.434994,1.337227,0.632303,0.660671,0.897160,0.831998,0.706066,0.965815,0.583763,0.927456,0.748263",,
565,11511,30.0,22.05,0.01,1.5475667466719945,376.74226546287537,1150,"77.989502,77.846146","0.622834,0.379800,0.532837,0.408402,0.559542,0.435558,0.657849,0.373288,0.751864,0.434038,1.339194,0.633951,0.663387,0.896464,0.835854,0.707504,0.967062,0.585187,0.928856,0.748078",,
566,11526,15.0,21.98,0.01,0.02840445749461651,377.75092935562134,1151,"78.010574,77.851707","0.622448,0.379493,0.533936,0.408615,0.559649,0.435802,0.659058,0.373296,0.752359,0.433913,1.339606,0.634142,0.664190,0.896422,0.836843,0.707710,0.967232,0.585612,0.929350,0.748028",,
567,11543,17.0,21.91,0.01,2.264602703973651,379.1048574447632,1153,"78.060814,77.857506","0.621622,0.378739,0.536498,0.409178,0.560073,0.436170,0.661480,0.373373,0.753356,0.433786,1.340027,0.634393,0.666032,0.896371,0.838647,0.708147,0.967357,0.586362,0.930624,0.747897",,
568,11561,18.0,21.92,0.01,0.043501042760908604,380.13088846206665,1155,"78.120712,77.860947","0.620872,0.378674,0.538887,0.409519,0.560263,0.435614,0.663349,0.373593,0.753993,0.433740,1.339827,0.634340,0.667388,0.896479,0.839687,0.708484,0.967317,0.586243,0.931890,0.747793",,
569,11662,101.0,22.79,0.01,3.622563035041094,386.9628119468689,1165,"78.232307,77.986977","0.617352,0.379431,0.548587,0.409017,0.559508,0.434367,0.673382,0.374795,0.758142,0.432075,1.343144,0.636513,0.671750,0.895842,0.847354,0.711458,0.968879,0.586299,0.936468,0.747819",,
570,11695,33.0,23.0,0.01,1.508433299139142,389.27456855773926,1168,"78.235016,78.060524","0.616345,0.379115,0.550262,0.408662,0.558721,0.434748,0.676329,0.374970,0.759922,0.430821,1.345112,0.637479,0.672854,0.895429,0.850050,0.712170,0.970408,0.587128,0.936694,0.747951",,
571,11719,24.0,23.11,0.01,4.513389825820923,390.7836244106293,1170,"78.243797,78.095940","0.615321,0.379356,0.552051,0.408361,0.557868,0.434471,0.678724,0.375149,0.761418,0.430072,1.346173,0.638248,0.673936,0.894941,0.852144,0.713147,0.971315,0.587155,0.937224,0.747979",,
572,11748,29.0,23.17,0.01,7.087543805440267,392.7201759815216,1173,"78.253342,78.118156","0.613217,0.380305,0.556006,0.408445,0.555952,0.433955,0.683487,0.375716,0.764936,0.428400,1.348037,0.640131,0.676661,0.893526,0.855386,0.716081,0.973871,0.587457,0.939256,0.747921",,
573,11771,23.0,23.22,0.01,10.085679213205973,394.6455810070038,1176,"78.255058,78.108925","0.610399,0.382362,0.562151,0.409055,0.554610,0.433196,0.689593,0.376558,0.769458,0.425976,1.349622,0.643259,0.681111,0.890525,0.859466,0.720956,0.976990,0.588423,0.942881,0.747738",,
574,11787,16.0,23.13,0.01,4.498615264892578,395.51814341545105,1177,"78.260674,78.107399","0.609532,0.382952,0.564127,0.409170,0.554281,0.433109,0.691467,0.376888,0.770899,0.424976,1.350037,0.644106,0.682542,0.889654,0.860707,0.722346,0.978059,0.588730,0.944081,0.747739",,
575,11810,23.0,23.24,0.01,2.991893374050657,397.16150879859924,1180,"78.311218,78.095993","0.607037,0.384668,0.570198,0.409671,0.553421,0.432538,0.696409,0.377918,0.774757,0.422326,1.350321,0.646162,0.686537,0.887235,0.863878,0.726228,0.980624,0.589017,0.947911,0.747682",,
576,11893,83.0,23.8,0.01,2.266066455282271,403.03325390815735,1188,"78.413589,78.152054","0.601702,0.389514,0.581875,0.407904,0.549148,0.430033,0.707615,0.379855,0.781754,0.417457,1.353488,0.649853,0.691635,0.884490,0.872538,0.732381,0.985684,0.587867,0.954660,0.747809",,
577,11967,74.0,24.3,0.01,3.8248011751898696,408.25403118133545,1195,"78.435249,78.248154","0.596438,0.391681,0.590650,0.404273,0.546200,0.427751,0.718477,0.381073,0.786537,0.413822,1.359079,0.653557,0.694237,0.883928,0.882625,0.736564,0.989353,0.587827,0.958571,0.748413",,
578,11984,17.0,24.3,0.01,6.637333869934082,409.56185007095337,1197,"78.467636,78.244942","0.594794,0.392178,0.594183,0.403740,0.546054,0.427193,0.721487,0.381596,0.787899,0.412947,1.359460,0.654273,0.695672,0.883155,0.885154,0.738311,0.989972,0.587934,0.960506,0.748582",,
579,12000,16.0,24.32,0.01,2.2786950804293156,410.63686060905457,1199,"78.500473,78.234711","0.593235,0.392832,0.597865,0.403388,0.546309,0.426726,0.724539,0.382139,0.789365,0.412212,1.359871,0.655099,0.697337,0.882163,0.887612,0.740230,0.990592,0.588166,0.962676,0.748712",,
580,12015,15.0,24.27,0.01,0.011522864922881126,411.51942706108093,1200,"78.519020,78.230171","0.592627,0.392964,0.599477,0.403325,0.546597,0.426541,0.725850,0.382393,0.789980,0.411972,1.360057,0.655392,0.698055,0.881788,0.888625,0.740961,0.990865,0.588281,0.963648,0.748770",,
581,12086,71.0,24.8,0.01,5.067671451318477,415.7127106189728,1207,"78.579666,78.257133","0.587482,0.399174,0.609942,0.399949,0.544759,0.423626,0.735929,0.383228,0.795106,0.409352,1.363836,0.657933,0.701580,0.879455,0.898041,0.745305,0.993372,0.587885,0.968959,0.749264",,
582,12120,34.0,24.9,0.01,3.273893252015114,418.38427543640137,1211,"78.618294,78.302094","0.584085,0.403723,0.614798,0.396778,0.541029,0.419690,0.741485,0.383684,0.798182,0.408548,1.366394,0.659257,0.701894,0.878993,0.903229,0.747926,0.995116,0.585295,0.971120,0.749458",,
583,12137,17.0,24.92,0.01,4.382197856903076,419.3497154712677,1212,"78.625862,78.312492","0.583341,0.404888,0.615961,0.396020,0.540187,0.418871,0.742811,0.383777,0.798853,0.408312,1.367051,0.659625,0.701953,0.878735,0.904524,0.748630,0.995544,0.584789,0.971616,0.749501",,
584,12231,94.0,25.68,0.01,3.0943792305886744,425.8008351325989,1222,"78.739853,78.295517","0.576865,0.413034,0.631633,0.392229,0.538194,0.415053,0.757285,0.384650,0.804843,0.406101,1.371869,0.662521,0.707763,0.873980,0.918012,0.756810,0.999688,0.584839,0.978874,0.749839",,
585,12346,115.0,26.67,0.01,2.6612400747835636,432.7724485397339,1233,"78.889374,78.416473","0.571471,0.412459,0.643670,0.395135,0.536114,0.412349,0.769118,0.386744,0.813238,0.403131,1.375805,0.664387,0.715101,0.871452,0.926365,0.760125,1.009127,0.587785,0.984147,0.750009",,
586,12381,35.0,26.89,0.01,5.503187196794897,435.2515916824341,1237,"78.886452,78.509651","0.570109,0.411779,0.646892,0.395910,0.535409,0.412835,0.773507,0.387383,0.816559,0.401240,1.378549,0.666121,0.717729,0.871244,0.930099,0.760667,1.013418,0.589681,0.984967,0.750019",,
587,12434,53.0,27.24,0.01,2.662774353660643,438.58487701416016,1242,"78.903786,78.599785","0.568105,0.411996,0.651557,0.395840,0.533449,0.412614,0.779165,0.387863,0.819950,0.399421,1.381817,0.668361,0.719738,0.870722,0.935514,0.762402,1.017023,0.590644,0.986491,0.749996",,
588,12528,94.0,28.0,0.01,2.4803691785782576,443.6786482334137,1251,"79.033005,78.637398","0.562181,0.414340,0.663911,0.395410,0.530212,0.411429,0.790118,0.388793,0.825702,0.397438,1.385956,0.671102,0.723124,0.868977,0.945337,0.767155,1.021035,0.589861,0.994167,0.749918",,
589,12604,76.0,28.6,0.01,2.2231398358708248,448.5498673915863,1259,"79.195328,78.724411","0.556438,0.416386,0.671753,0.393335,0.524744,0.406858,0.797739,0.389173,0.828394,0.397714,1.388356,0.671612,0.721876,0.869053,0.952514,0.769104,1.023070,0.586048,0.998041,0.749707",,
590,12699,95.0,29.37,0.01,2.866786061475674,456.73668122291565,1268,"79.322533,78.916328","0.552298,0.416398,0.676831,0.392412,0.520937,0.401682,0.804632,0.389256,0.828471,0.397039,1.392868,0.672140,0.719720,0.869627,0.958145,0.768320,1.027021,0.584874,1.000727,0.749334",,
591,12738,39.0,29.63,0.01,1.153444248251617,458.94515442848206,1272,"79.369263,79.005470","0.550310,0.416531,0.678682,0.391916,0.518892,0.399433,0.807599,0.389321,0.828801,0.396711,1.395133,0.672512,0.718766,0.869933,0.961072,0.768017,1.028598,0.584476,1.001305,0.749228",,
592,12769,31.0,29.78,0.01,5.977021058400472,460.82750701904297,1275,"79.417503,79.055748","0.547984,0.417525,0.680793,0.391113,0.517185,0.396313,0.810129,0.389556,0.828977,0.396470,1.396275,0.672554,0.717962,0.869229,0.963391,0.768628,1.029176,0.583335,1.002200,0.749273",,
593,12826,57.0,29.98,0.01,0.8001057067885995,464.5575542449951,1281,"79.543564,79.174164","0.543561,0.418209,0.684488,0.389477,0.514133,0.391068,0.813594,0.390152,0.827897,0.396181,1.397451,0.670687,0.715155,0.869609,0.965843,0.767965,1.029850,0.580805,1.005029,0.749538",,
594,12917,91.0,30.49,0.01,3.9159739505913524,470.4068169593811,1290,"79.669785,79.377808","0.539141,0.419600,0.688820,0.387492,0.510605,0.387278,0.819497,0.390755,0.827482,0.395951,1.400475,0.669410,0.713787,0.869959,0.972304,0.766630,1.031583,0.578879,1.005761,0.749367",,
595,12965,48.0,30.65,0.01,1.8198070220649243,473.56138038635254,1295,"79.729095,79.470879","0.538875,0.418715,0.691622,0.388182,0.511962,0.387554,0.824007,0.391493,0.828769,0.397360,1.402627,0.669045,0.716570,0.870173,0.976944,0.765979,1.033074,0.578946,1.005523,0.748958",,
596,13090,125.0,31.72,0.01,4.356302667552462,481.1671977043152,1308,"79.834824,79.626274","0.531962,0.418415,0.701826,0.394146,0.506073,0.384187,0.839092,0.395164,0.839363,0.392783,1.410725,0.673592,0.724227,0.867885,0.989912,0.770851,1.048396,0.582454,1.009463,0.748423",,
597,13167,77.0,32.25,0.01,7.06631461357964,485.66335129737854,1315,"79.920364,79.694527","0.527003,0.419401,0.708262,0.394033,0.500524,0.380419,0.847386,0.396867,0.845556,0.391065,1.413857,0.674702,0.727493,0.869807,0.997812,0.773270,1.053637,0.580722,1.011943,0.748528",,
598,13237,70.0,32.8,0.01,3.2724923102983405,489.4337456226349,1322,"80.003090,79.735329","0.523924,0.420472,0.716249,0.391574,0.500264,0.376963,0.855168,0.398146,0.846843,0.389500,1.417232,0.676302,0.727322,0.872796,1.004840,0.776833,1.058550,0.580131,1.018116,0.749379",,
599,13402,165.0,34.29,0.01,3.939346749445095,500.024210691452,1339,"80.300156,80.032990","0.516219,0.424505,0.729943,0.385955,0.504785,0.359497,0.866623,0.398827,0.836389,0.388008,1.423987,0.677553,0.714845,0.872769,1.013189,0.779739,1.064998,0.576579,1.030897,0.750869",92.8,17.611359970201054
600,13525,123.0,35.3,0.01,2.9325136761181056,507.3462824821472,1351,"80.506241,80.225792","0.512862,0.424287,0.741784,0.384090,0.502369,0.350941,0.877506,0.399522,0.836633,0.389439,1.429002,0.675892,0.711661,0.875069,1.018340,0.782608,1.067507,0.572386,1.044950,0.751449",,
601,13673,148.0,36.59,0.01,2.7280028885851304,515.9668116569519,1366,"80.858231,80.663040","0.506456,0.424312,0.747816,0.381635,0.496133,0.339682,0.882888,0.398267,0.831527,0.388687,1.433383,0.671723,0.700685,0.877532,1.019146,0.778827,1.071433,0.562685,1.052351,0.751523",,
602,13835,162.0,38.02,0.01,3.54319587466307,525.002923488617,1382,"81.169395,80.988861","0.499541,0.425259,0.755145,0.375877,0.496604,0.331443,0.891776,0.396968,0.821619,0.391712,1.439957,0.668110,0.690889,0.874699,1.025991,0.778673,1.073928,0.555379,1.058293,0.751374",,
603,13909,74.0,38.53,0.01,2.412016361951828,528.7894892692566,1389,"81.299553,81.124741","0.500159,0.424268,0.756825,0.377549,0.500903,0.331207,0.894009,0.398028,0.818836,0.390034,1.442495,0.668390,0.689455,0.872385,1.027188,0.779174,1.081349,0.557547,1.061212,0.751061",,
604,13983,74.0,39.1,0.01,1.8171624892856926,533.2301557064056,1397,"81.409843,81.296997","0.500679,0.426036,0.758336,0.377917,0.503420,0.329252,0.895999,0.399402,0.818600,0.387659,1.442968,0.669125,0.688573,0.869758,1.029963,0.779439,1.088576,0.556815,1.060720,0.750425",,
605,14066,83.0,39.74,0.01,3.594647527206689,538.0976688861847,1405,"81.555374,81.482986","0.499819,0.425849,0.759928,0.377052,0.505110,0.325787,0.897168,0.400246,0.816213,0.386198,1.443556,0.668893,0.685667,0.869203,1.031291,0.777804,1.092694,0.555013,1.061870,0.750128",,
606,14141,75.0,40.3,0.01,1.6199091782327741,542.7366988658905,1413,"81.752609,81.639030","0.498117,0.425930,0.762341,0.379404,0.506954,0.321488,0.899168,0.401835,0.814700,0.382783,1.445114,0.670823,0.683745,0.866124,1.032619,0.778504,1.097896,0.555065,1.063916,0.749773",,
607,14282,141.0,41.5,0.01,2.7201612631657293,550.2701940536499,1427,"82.094727,81.968826","0.490777,0.428534,0.765789,0.377672,0.503347,0.308935,0.903145,0.403058,0.806859,0.384939,1.448304,0.667573,0.673017,0.860581,1.033735,0.777534,1.098335,0.546862,1.066262,0.749346",,
608,14367,85.0,41.69,0.01,0.6617125591728836,554.7374997138977,1435,"82.313759,82.170311","0.489104,0.427978,0.765294,0.378014,0.504746,0.302449,0.903577,0.403981,0.801017,0.385022,1.448876,0.664536,0.665651,0.858599,1.032207,0.773851,1.101165,0.543859,1.065475,0.748948",,
609,14491,124.0,42.71,0.01,2.6876019640610767,561.2916905879974,1448,"82.669357,82.528145","0.484261,0.426472,0.769513,0.375504,0.506994,0.290636,0.905134,0.405268,0.788617,0.385448,1.449378,0.662709,0.651705,0.855593,1.032510,0.771789,1.098709,0.535961,1.069672,0.748574",,
610,14563,72.0,43.29,0.01,2.8110592056597983,565.004518032074,1455,"82.879601,82.721443","0.481543,0.426698,0.773116,0.371252,0.506749,0.287007,0.906598,0.404250,0.782286,0.388566,1.449828,0.659595,0.645693,0.855914,1.033739,0.770295,1.094752,0.529218,1.073944,0.748351",,
611,14773,210.0,45.21,0.01,2.9975088492390656,576.5148084163666,1476,"83.323769,83.236862","0.477221,0.427788,0.783063,0.367289,0.514831,0.277989,0.911282,0.405462,0.769060,0.389269,1.453644,0.660068,0.631997,0.847445,1.039222,0.773433,1.095170,0.522390,1.083337,0.747349",,
612,14868,95.0,46.06,0.01,1.650794554501772,581.6358811855316,1485,"83.494156,83.410736","0.473368,0.429121,0.789124,0.363905,0.514255,0.274954,0.913609,0.406645,0.766196,0.388693,1.453685,0.660927,0.627920,0.842641,1.043235,0.776189,1.092515,0.518183,1.087288,0.747464",,
613,15048,180.0,47.71,0.01,4.258864728733897,591.2487637996674,1503,"83.873650,83.681801","0.459782,0.430339,0.803606,0.365690,0.517644,0.261474,0.920799,0.411495,0.762233,0.382794,1.450651,0.668023,0.615695,0.833729,1.047875,0.782622,1.096679,0.516479,1.098796,0.746631",,
614,15150,102.0,48.61,0.01,3.092691631649028,596.6360573768616,1514,"84.080185,83.967880","0.452943,0.428965,0.811196,0.367300,0.513113,0.257236,0.925073,0.414155,0.764289,0.378959,1.449479,0.672096,0.611639,0.833906,1.050295,0.782936,1.097624,0.516061,1.104521,0.745940",,
615,15309,159.0,50.0,0.01,4.0278817792733514,605.2602000236511,1529,"84.434349,84.318459","0.447353,0.420525,0.820105,0.368547,0.508975,0.253003,0.933210,0.417640,0.766629,0.375992,1.451353,0.671535,0.609154,0.838756,1.054841,0.778125,1.097190,0.513283,1.110201,0.745837",,
616,15409,100.0,50.9,0.01,2.0144035163335503,610.7475135326385,1539,"84.522049,84.535858","0.450156,0.417553,0.823942,0.370118,0.512848,0.251277,0.938048,0.420485,0.768776,0.371986,1.456541,0.672205,0.606856,0.840595,1.057984,0.775983,1.103624,0.515440,1.112221,0.746349",,
617,15458,49.0,51.23,0.01,1.1130967020988465,613.5210318565369,1544,"84.620468,84.597198","0.451982,0.415974,0.826410,0.370052,0.515108,0.252133,0.938775,0.421301,0.768669,0.371763,1.456343,0.672039,0.605631,0.843039,1.058076,0.774291,1.103484,0.515668,1.115340,0.746411",,
618,15538,80.0,51.88,0.01,2.5235649598762393,617.7394514083862,1552,"84.786926,84.673698","0.458182,0.413690,0.832145,0.368651,0.518670,0.257633,0.939389,0.420629,0.769756,0.373980,1.456686,0.669579,0.604649,0.850917,1.055998,0.770063,1.101156,0.514250,1.124870,0.746555",,
619,15656,118.0,52.89,0.01,1.1687853486898045,623.7900488376617,1564,"84.998672,84.932602","0.465830,0.408973,0.835654,0.368319,0.525541,0.261969,0.940346,0.418880,0.766565,0.375912,1.458645,0.664328,0.600736,0.859206,1.052664,0.762135,1.102821,0.512651,1.131492,0.746549",,
620,15789,133.0,54.07,0.01,3.970913310535252,631.0302395820618,1577,"85.210419,85.170097","0.471907,0.405372,0.841500,0.371501,0.533842,0.262308,0.944063,0.420781,0.764733,0.376601,1.458583,0.663640,0.598010,0.864103,1.053250,0.758733,1.106082,0.513733,1.136717,0.745148",,
621,15910,121.0,54.69,0.01,3.080264175597292,637.9843549728394,1590,"85.373077,85.347069","0.467850,0.409354,0.852484,0.375967,0.536502,0.255437,0.949359,0.426667,0.767378,0.369792,1.456949,0.670529,0.596371,0.858847,1.057263,0.763598,1.110638,0.517473,1.143790,0.744222",,
622,15937,27.0,54.69,0.01,4.927814960479736,639.5191123485565,1592,"85.404678,85.356606","0.466498,0.410234,0.854723,0.377400,0.536034,0.253762,0.950738,0.427924,0.768803,0.368327,1.457171,0.672353,0.596313,0.857876,1.057952,0.764877,1.111574,0.518267,1.145369,0.743978",,
623,16037,100.0,55.55,0.01,1.5455918335355818,646.0334756374359,1602,"85.629547,85.485725","0.458156,0.412953,0.862625,0.378702,0.532642,0.246104,0.954709,0.429832,0.765927,0.366706,1.457629,0.675944,0.591476,0.853135,1.060894,0.768375,1.110373,0.517598,1.151301,0.743220",,
624,16057,20.0,55.61,0.01,4.938156008720398,647.1396698951721,1604,"85.646210,85.523338","0.457226,0.414075,0.864135,0.378786,0.533007,0.244247,0.955467,0.430362,0.764990,0.366271,1.457868,0.677214,0.590452,0.851400,1.062113,0.769574,1.110588,0.517639,1.151982,0.742934",,
625,16135,78.0,56.25,0.01,5.540282594272867,651.5775685310364,1612,"85.751251,85.622597","0.452605,0.419724,0.871991,0.375957,0.532329,0.240169,0.960307,0.429702,0.761436,0.366892,1.458385,0.679906,0.587997,0.846230,1.069944,0.772841,1.107457,0.515539,1.154316,0.741518",,
626,16209,74.0,56.85,0.01,1.4597391848053252,655.3300399780273,1619,"85.956718,85.680145","0.449730,0.423271,0.878818,0.373856,0.531963,0.237347,0.962275,0.429473,0.757494,0.367184,1.457678,0.680432,0.582979,0.843023,1.073185,0.775408,1.106357,0.514020,1.159636,0.740835",,
627,16369,160.0,58.31,0.01,3.0197472367435694,663.9061019420624,1635,"86.188713,85.920097","0.449553,0.431987,0.898618,0.376015,0.537335,0.226132,0.963945,0.436671,0.753914,0.357803,1.449497,0.687558,0.569817,0.833984,1.069888,0.783529,1.110767,0.517299,1.177659,0.739599",,
628,16738,369.0,61.8,0.01,1.1199434519921605,683.3158586025238,1672,"86.981369,86.790237","0.453249,0.435946,0.904312,0.373343,0.529537,0.218796,0.957447,0.433391,0.735784,0.363108,1.454386,0.679859,0.552600,0.822013,1.061301,0.773115,1.091742,0.512992,1.178856,0.737732",,
629,16892,154.0,63.13,0.01,3.4776142827467993,691.3899350166321,1688,"87.293068,87.113197","0.454376,0.433738,0.907426,0.372508,0.530839,0.218772,0.958378,0.432715,0.729922,0.365331,1.460499,0.678896,0.543299,0.823722,1.060284,0.768882,1.088079,0.511180,1.181060,0.737133",,
630,16985,93.0,63.78,0.01,3.183909068504969,696.0540146827698,1697,"87.503532,87.290253","0.455190,0.434970,0.910428,0.371883,0.531356,0.219490,0.960925,0.430987,0.728040,0.367111,1.462999,0.677694,0.540737,0.821607,1.062297,0.768408,1.087166,0.509300,1.182949,0.736513",,
631,17076,91.0,64.29,0.01,2.9324288678665957,700.8700602054596,1706,"87.666840,87.577057","0.454032,0.433266,0.911626,0.369013,0.532065,0.218361,0.962380,0.428271,0.719847,0.370612,1.465640,0.674808,0.534446,0.818960,1.063089,0.765413,1.084402,0.506504,1.182341,0.736239",,
632,17176,100.0,65.17,0.01,2.954706160351634,706.008261680603,1716,"87.848381,87.807205","0.447673,0.434535,0.915197,0.367072,0.532328,0.213403,0.964643,0.427451,0.714696,0.368865,1.465474,0.675949,0.527184,0.813455,1.065450,0.765783,1.083476,0.504307,1.181875,0.735363",,
633,17254,78.0,65.57,0.01,1.4573517628014088,709.9739711284637,1724,"88.074326,87.889603","0.444041,0.435593,0.922036,0.366270,0.531123,0.210782,0.965234,0.425467,0.714583,0.368820,1.464836,0.675880,0.520871,0.813235,1.063301,0.765026,1.082364,0.501294,1.188601,0.735105",,
634,17447,193.0,67.37,0.01,2.395347659623152,720.0367820262909,1743,"88.438240,88.362610","0.440074,0.429300,0.926800,0.362731,0.524785,0.208501,0.963378,0.422850,0.710108,0.371215,1.463893,0.672479,0.508738,0.817083,1.060959,0.756811,1.075023,0.494229,1.190746,0.735656",,
635,17550,103.0,68.22,0.01,2.689092260446738,725.8358609676361,1754,"88.612770,88.492325","0.441339,0.431063,0.933762,0.360180,0.525920,0.209482,0.966654,0.422618,0.707968,0.374188,1.461473,0.672269,0.508223,0.814649,1.067187,0.760035,1.072119,0.491343,1.194346,0.735373",,
636,17634,84.0,68.94,0.01,1.3715170663781464,730.1725471019745,1762,"88.755951,88.537521","0.442803,0.433100,0.940558,0.359713,0.529658,0.208146,0.966267,0.424420,0.706965,0.372460,1.457591,0.673930,0.501891,0.814809,1.065378,0.761623,1.073111,0.491226,1.201516,0.735367",,
637,17740,106.0,69.86,0.01,3.252921049229123,735.9182660579681,1773,"88.857414,88.730301","0.441821,0.434416,0.947266,0.358323,0.533029,0.205496,0.965949,0.427742,0.707954,0.367287,1.453596,0.677006,0.496104,0.814030,1.064224,0.763032,1.073664,0.492105,1.206483,0.735531",,
638,17881,141.0,70.81,0.01,1.7694678433638598,742.9935085773468,1787,"89.022293,88.995689","0.437494,0.435529,0.951760,0.355031,0.528623,0.205487,0.966698,0.426403,0.708406,0.367831,1.450244,0.677616,0.497401,0.809719,1.068189,0.764594,1.067480,0.489348,1.206589,0.735301",,
639,17981,100.0,71.6,0.01,1.4431768879294395,748.7342021465302,1797,"89.178413,89.091751","0.434274,0.437230,0.954386,0.356586,0.531259,0.200466,0.970259,0.428739,0.709059,0.364240,1.450020,0.681254,0.498462,0.801954,1.072692,0.770130,1.070773,0.491536,1.205685,0.734870",,
640,18203,222.0,73.7,0.01,1.8749500030482358,761.2757847309113,1819,"89.493431,89.466942","0.432761,0.447321,0.962450,0.359382,0.530635,0.195475,0.966893,0.430595,0.708752,0.361320,1.448531,0.686278,0.492814,0.797410,1.071683,0.770150,1.068292,0.493554,1.212742,0.732665",,
641,18321,118.0,74.3,0.01,2.3331061688562236,768.0214030742645,1831,"89.689476,89.582825","0.436489,0.450439,0.967583,0.360553,0.530725,0.193480,0.967131,0.431272,0.710825,0.359602,1.450860,0.688112,0.488873,0.798485,1.070823,0.768773,1.065749,0.494325,1.217780,0.731929",,
642,18430,109.0,75.18,0.01,0.8496910418299112,773.804842710495,1842,"89.850067,89.762772","0.442061,0.451805,0.968503,0.358087,0.531466,0.196271,0.966292,0.429686,0.706492,0.362129,1.453463,0.687976,0.485671,0.794296,1.071047,0.769105,1.063786,0.493835,1.217475,0.731143",,
643,18550,120.0,76.15,0.01,1.576225170865655,780.5258152484894,1854,"90.041183,89.912598","0.441863,0.452305,0.971278,0.360276,0.532636,0.194258,0.966220,0.430668,0.701215,0.363275,1.455117,0.689555,0.482222,0.788401,1.071463,0.770804,1.063374,0.494376,1.221277,0.730280",,
644,18811,261.0,78.61,0.01,2.625403740944771,795.0577757358551,1880,"90.450150,90.375977","0.433471,0.451194,0.982104,0.359388,0.525681,0.187435,0.967756,0.430612,0.694478,0.365291,1.451613,0.691542,0.472893,0.780532,1.073639,0.775287,1.053855,0.490410,1.226416,0.729228",,
645,18936,125.0,79.66,0.01,0.11148287278289597,801.7479374408722,1892,"90.891747,90.519501","0.428280,0.447673,0.982607,0.356377,0.520336,0.186442,0.964886,0.422874,0.685493,0.369358,1.446393,0.685562,0.464806,0.778607,1.070873,0.769105,1.045662,0.484183,1.226851,0.728378",,
646,19078,142.0,80.92,0.01,1.9385423042944498,809.5009171962738,1906,"91.115135,90.945305","0.428426,0.446261,0.984650,0.353486,0.521711,0.184073,0.960670,0.420428,0.682278,0.369535,1.439596,0.682967,0.459294,0.774806,1.066586,0.764286,1.039603,0.481705,1.225101,0.727517",,
647,19220,142.0,82.1,0.01,1.4512715394298235,817.5866706371307,1921,"91.428467,91.205833","0.427349,0.440298,0.989822,0.359621,0.520899,0.172675,0.958506,0.426071,0.685366,0.364808,1.433523,0.685866,0.454802,0.773235,1.060709,0.765888,1.037191,0.483584,1.229348,0.727383",,
648,19352,132.0,83.22,0.01,1.5685790000626674,825.1381154060364,1934,"91.675575,91.484444","0.425453,0.439295,0.992875,0.361688,0.518389,0.164250,0.955592,0.427494,0.683181,0.360529,1.432059,0.687576,0.443951,0.771945,1.057779,0.763499,1.035603,0.482654,1.231679,0.726815",,
649,19507,155.0,84.65,0.01,1.0581447035074234,833.3380525112152,1949,"91.903473,91.740181","0.428362,0.443815,0.997109,0.365763,0.518586,0.156886,0.949810,0.430266,0.687880,0.356550,1.425637,0.689694,0.433845,0.775626,1.050094,0.759330,1.034438,0.483437,1.238137,0.725530",116.8,16.53360214835231
650,19633,126.0,85.47,0.01,2.092027766773334,840.9190034866333,1962,"91.989426,91.985031","0.430692,0.447676,1.000500,0.363951,0.516428,0.157922,0.948112,0.426395,0.687043,0.359478,1.425340,0.688731,0.430827,0.772966,1.052064,0.757955,1.030404,0.481208,1.238474,0.724975",,
651,19758,125.0,85.92,0.01,1.369221822048227,848.3143408298492,1974,"92.268784,92.061241","0.431028,0.448802,1.006421,0.364237,0.512985,0.156751,0.947053,0.424946,0.685362,0.361995,1.424755,0.689296,0.426060,0.768397,1.051618,0.757519,1.027536,0.479103,1.242097,0.724021",,
652,19881,123.0,86.98,0.01,0.468051741974285,855.8074376583099,1987,"92.435555,92.341278","0.431761,0.448709,1.008662,0.365222,0.517529,0.152624,0.946330,0.425211,0.681677,0.359954,1.425270,0.690019,0.418815,0.763984,1.049406,0.756598,1.029964,0.480232,1.243421,0.723784",,
653,19967,86.0,87.66,0.01,1.8226397531107068,860.8384432792664,1995,"92.636597,92.413902","0.429666,0.447396,1.012257,0.365330,0.510235,0.152728,0.943341,0.423923,0.683700,0.362365,1.421251,0.688465,0.417484,0.768879,1.045926,0.752933,1.023626,0.477591,1.249038,0.724113",,
654,20108,141.0,88.91,0.01,1.6072028002568655,869.1469206809998,2009,"92.650841,92.631767","0.431337,0.449936,1.018107,0.365923,0.510316,0.148955,0.943740,0.426514,0.684955,0.359310,1.423559,0.690753,0.413278,0.768278,1.045432,0.751912,1.022646,0.480033,1.253260,0.724842",,
655,20205,97.0,89.76,0.01,3.00503456518054,874.4876291751862,2019,"92.812973,92.699379","0.432307,0.451361,1.022039,0.366053,0.508804,0.148674,0.946011,0.426028,0.686115,0.360853,1.428214,0.692698,0.412015,0.766808,1.047333,0.749801,1.019584,0.479507,1.253696,0.724324",,
656,20315,110.0,90.71,0.01,0.9559108941731128,881.1510465145111,2030,"92.977715,92.818832","0.431856,0.453339,1.023801,0.368217,0.508749,0.144646,0.946927,0.425440,0.684366,0.361907,1.431610,0.694224,0.409588,0.762117,1.049024,0.747824,1.017863,0.479720,1.252835,0.723728",,
657,20481,166.0,92.21,0.01,1.3713523373007774,890.498645067215,2047,"93.203636,93.025009","0.429980,0.457830,1.028901,0.367157,0.506240,0.142451,0.940742,0.421517,0.678042,0.365079,1.430428,0.693548,0.400307,0.759327,1.046904,0.743807,1.011245,0.475764,1.258699,0.722869",,
658,20616,135.0,93.37,0.01,0.5299546056641982,897.303505897522,2060,"93.397964,93.234512","0.431190,0.458275,1.031356,0.363842,0.505957,0.146661,0.936578,0.415743,0.669748,0.369707,1.429873,0.689755,0.392359,0.758084,1.043764,0.740028,1.007815,0.472850,1.262328,0.722583",,
659,20717,101.0,94.13,0.01,1.1139862563461065,902.2594585418701,2070,"93.575394,93.380592","0.432738,0.457632,1.033559,0.362854,0.503990,0.148989,0.932615,0.411235,0.665836,0.373926,1.428688,0.686536,0.388179,0.759790,1.039213,0.735483,1.003560,0.470768,1.266752,0.722308",,
660,21070,353.0,97.47,0.01,0.6931613105245762,921.4061100482941,2106,"93.854790,93.800934","0.446224,0.465463,1.046158,0.369791,0.507465,0.136898,0.921435,0.414275,0.669658,0.373543,1.422076,0.692624,0.379055,0.757169,1.024974,0.735143,1.001248,0.475727,1.280868,0.719123",,
661,21221,151.0,98.83,0.01,0.40435225491722426,929.3719437122345,2121,"93.988525,93.949509","0.451071,0.468595,1.049712,0.369963,0.508130,0.135482,0.916434,0.413831,0.668198,0.373953,1.423505,0.694172,0.376467,0.756352,1.020749,0.734570,0.999327,0.476612,1.286441,0.718276",,
662,21343,122.0,99.2,0.01,0.09358418624227245,935.2458879947662,2133,"94.087898,94.100426","0.453194,0.471489,1.053144,0.369258,0.508749,0.134709,0.910900,0.413284,0.667394,0.372762,1.420218,0.694718,0.370966,0.753709,1.014857,0.733990,0.999386,0.476869,1.289787,0.717863",,
663,21457,114.0,99.94,0.01,0.3854690185663375,940.9681077003479,2144,"94.271751,94.183189","0.454566,0.472160,1.055535,0.369656,0.506970,0.133714,0.907703,0.413308,0.670719,0.372699,1.415726,0.694944,0.368212,0.753194,1.011136,0.732559,0.996730,0.476812,1.291150,0.717559",,
664,21651,194.0,101.7,0.01,0.09611761281266809,951.1672210693359,2164,"94.432747,94.384956","0.458238,0.476232,1.057132,0.368836,0.511050,0.131521,0.901784,0.415793,0.669022,0.368524,1.413771,0.696713,0.362346,0.753239,1.005088,0.730053,0.993520,0.479940,1.294815,0.717404",,
665,21801,150.0,102.9,0.01,0.39076545101900895,958.5107340812683,2179,"94.483833,94.555290","0.463465,0.477125,1.054862,0.366887,0.513057,0.132586,0.899356,0.412891,0.665869,0.370120,1.414624,0.694494,0.360770,0.752220,1.003502,0.725745,0.987730,0.479737,1.291310,0.717598",,
666,21911,110.0,103.85,0.01,0.42634557526219974,963.7590591907501,2190,"94.571991,94.555351","0.470053,0.480650,1.060307,0.367499,0.517084,0.129943,0.896843,0.415615,0.667627,0.367700,1.411775,0.696223,0.356846,0.753426,1.000653,0.727070,0.987660,0.482052,1.295807,0.717210",,
667,22047,136.0,105.04,0.01,1.094101789765633,970.9309501647949,2203,"94.644867,94.667328","0.472841,0.483734,1.065767,0.367581,0.516912,0.127583,0.894237,0.417470,0.667216,0.365720,1.411300,0.699162,0.352231,0.751498,0.996994,0.731345,0.986963,0.485034,1.301443,0.716617",,
668,22206,159.0,106.45,0.01,0.3202374568209052,978.8299376964569,2219,"94.777779,94.812828","0.472579,0.480138,1.065653,0.369301,0.513135,0.122668,0.893116,0.417888,0.665950,0.364766,1.412929,0.699966,0.352791,0.748003,0.996650,0.733073,0.981379,0.486139,1.300200,0.716421",,
669,22355,149.0,106.93,0.01,0.4470496602356434,986.0429251194,2234,"94.987480,94.920380","0.469877,0.478885,1.064578,0.369172,0.511828,0.121651,0.892631,0.416621,0.660673,0.365689,1.413553,0.699500,0.348437,0.747116,0.997885,0.729864,0.976913,0.485000,1.299860,0.715745",,
670,22461,106.0,107.66,0.01,0.0961189168420705,991.4777154922485,2245,"95.122154,95.020180","0.470658,0.479856,1.064222,0.369211,0.512934,0.118793,0.891164,0.417571,0.659959,0.364937,1.411858,0.700519,0.350299,0.746516,0.997427,0.728815,0.972157,0.485956,1.299634,0.715135",,
671,22501,40.0,107.82,0.01,1.3030479908920825,993.3843114376068,2249,"95.129082,95.065140","0.472538,0.480561,1.064826,0.369074,0.513996,0.117930,0.890202,0.418194,0.661050,0.364045,1.410348,0.700989,0.351118,0.746105,0.996914,0.729036,0.971529,0.486437,1.300282,0.714899",,
672,22638,137.0,108.9,0.01,0.8749719598832039,999.9136517047882,2262,"95.078087,95.166824","0.480748,0.484087,1.069228,0.369351,0.517385,0.117983,0.885773,0.418074,0.663445,0.365464,1.411308,0.703398,0.349652,0.748276,0.993892,0.728840,0.970153,0.486299,1.305450,0.713597",,
673,22764,126.0,109.93,0.01,0.8944619565915602,1006.5473601818085,2275,"95.047485,95.204048","0.485128,0.488561,1.073161,0.370928,0.521138,0.116575,0.887312,0.416294,0.665948,0.370287,1.413389,0.705138,0.346106,0.748715,0.995424,0.728665,0.972730,0.487041,1.304657,0.711767",,
674,22918,154.0,111.31,0.01,0.4796251592536767,1015.1735167503357,2290,"95.051903,95.346169","0.486478,0.490374,1.075675,0.369761,0.523352,0.113874,0.888084,0.416809,0.665360,0.368986,1.414621,0.706902,0.344362,0.745935,0.997176,0.730479,0.972381,0.489043,1.303375,0.711513",,
675,23057,139.0,112.47,0.01,0.7934128431869405,1022.1893014907837,2304,"95.207848,95.399231","0.483243,0.489281,1.080110,0.368031,0.519278,0.112889,0.882878,0.415106,0.662061,0.366733,1.413422,0.706716,0.335922,0.747923,0.994731,0.728578,0.966051,0.489004,1.305893,0.711911",,
676,23145,88.0,112.52,0.01,0.6466541286143992,1026.9112575054169,2313,"95.291519,95.457512","0.479872,0.488605,1.081674,0.366639,0.515967,0.112087,0.879212,0.412933,0.658198,0.365230,1.412478,0.706001,0.331032,0.746929,0.993305,0.727765,0.963491,0.488527,1.307922,0.711845",,
677,23271,126.0,113.04,0.01,0.4109586944373754,1033.5909712314606,2326,"95.422821,95.490242","0.479096,0.487895,1.081817,0.366802,0.513734,0.112007,0.878639,0.410395,0.659101,0.368746,1.413281,0.705931,0.330652,0.745908,0.994466,0.725471,0.962298,0.488071,1.305971,0.711560",,
678,23371,100.0,113.87,0.01,0.15657339990139008,1039.2082402706146,2336,"95.536819,95.519493","0.480606,0.487727,1.081319,0.364878,0.511521,0.113287,0.875885,0.408230,0.659479,0.370375,1.411305,0.705016,0.331914,0.743644,0.994754,0.725493,0.960277,0.487378,1.304466,0.711581",,
679,23487,116.0,114.87,0.01,0.07782460715283047,1045.223984003067,2347,"95.674461,95.604202","0.479656,0.485866,1.082342,0.362348,0.509497,0.110036,0.871905,0.409667,0.659810,0.366745,1.406651,0.705603,0.334130,0.741483,0.993753,0.724937,0.955680,0.488145,1.304094,0.712382",,
680,23626,139.0,116.11,0.01,0.45608631152260515,1052.3869414329529,2361,"95.677170,95.745514","0.480236,0.485551,1.081608,0.362131,0.508063,0.108182,0.868319,0.409846,0.659900,0.366741,1.405283,0.706807,0.331440,0.739553,0.994558,0.723293,0.953287,0.489384,1.300428,0.712311",,
681,23754,128.0,116.68,0.01,0.08920280062235318,1059.4570002555847,2374,"95.750648,95.756691","0.482692,0.488052,1.081235,0.360179,0.507335,0.109663,0.864354,0.408202,0.660604,0.366590,1.403107,0.706640,0.328163,0.737271,0.994566,0.720998,0.951665,0.489919,1.298507,0.711964",,
682,23866,112.0,117.46,0.01,1.2550837394188752,1065.345136642456,2385,"95.784271,95.767189","0.482817,0.488817,1.081567,0.359435,0.508395,0.109835,0.865024,0.408095,0.658145,0.366659,1.403558,0.707046,0.326775,0.736214,0.995292,0.721363,0.950847,0.492020,1.298623,0.711864",,
683,24012,146.0,118.75,0.01,1.0211906294027964,1073.815773010254,2400,"95.790489,95.882484","0.482857,0.490572,1.081943,0.358348,0.507917,0.107788,0.867252,0.410561,0.654256,0.365823,1.408026,0.708250,0.328092,0.736977,0.995675,0.721975,0.945310,0.496114,1.299927,0.712798",,
684,24136,124.0,119.05,0.01,0.4501137627909581,1080.3041422367096,2412,"95.872696,95.862946","0.481264,0.492148,1.081247,0.359048,0.505441,0.104857,0.870249,0.413033,0.651860,0.364413,1.410630,0.709901,0.332457,0.736351,0.998697,0.723937,0.940714,0.498976,1.301248,0.713207",,
685,24255,119.0,119.09,0.01,1.783332416632523,1087.0688526630402,2424,"95.914993,95.895912","0.482095,0.492225,1.080568,0.357194,0.505907,0.106494,0.871618,0.411916,0.649050,0.364973,1.412649,0.707969,0.332462,0.738029,1.000466,0.720925,0.940060,0.500165,1.301557,0.714329",,
686,24381,126.0,120.0,0.01,0.10286089634666076,1095.6463816165924,2437,"95.975525,95.883575","0.485696,0.492870,1.085100,0.358198,0.506904,0.103710,0.869866,0.414312,0.650882,0.363449,1.410485,0.710258,0.332072,0.742858,0.999835,0.720702,0.938143,0.501103,1.305868,0.713222",,
687,24532,151.0,120.98,0.01,0.7531779532631239,1104.2028279304504,2452,"95.893341,95.983727","0.492087,0.494452,1.090246,0.356248,0.511026,0.099999,0.870896,0.418073,0.657546,0.360777,1.405297,0.711925,0.337214,0.744115,0.998747,0.721921,0.939199,0.503891,1.307138,0.713392",,
688,24668,136.0,121.4,0.01,0.35373955148343855,1111.9270544052124,2465,"95.936157,96.011078","0.493319,0.495694,1.093239,0.354507,0.512268,0.098719,0.870724,0.419414,0.659426,0.359043,1.401096,0.712041,0.336980,0.746041,0.999018,0.722152,0.940138,0.505606,1.308948,0.714261",,
689,24763,95.0,121.59,0.01,0.4538117337971926,1117.5494830608368,2475,"95.964172,95.995659","0.497521,0.500602,1.091622,0.352916,0.517905,0.097613,0.873217,0.420463,0.661304,0.357183,1.400025,0.712098,0.337104,0.749009,1.002060,0.721057,0.940787,0.507810,1.307137,0.715058",,
690,24905,142.0,122.06,0.01,0.8491720405540296,1125.86687707901,2489,"95.875320,96.128418","0.500585,0.499824,1.088743,0.351721,0.517556,0.102145,0.877138,0.415572,0.662075,0.361487,1.400903,0.709418,0.340805,0.746249,1.006628,0.722286,0.937225,0.506249,1.305123,0.715404",,
691,24988,83.0,122.5,0.01,0.7849356443621218,1130.414882183075,2497,"95.918076,96.075882","0.502094,0.500454,1.090517,0.350261,0.518702,0.101029,0.878492,0.417310,0.662276,0.359424,1.399946,0.709945,0.342387,0.744925,1.007848,0.723753,0.936435,0.507479,1.305869,0.716027",,
692,25125,137.0,123.56,0.01,1.705305754606213,1137.588080406189,2511,"95.821938,96.133873","0.502514,0.500588,1.096332,0.352936,0.520559,0.093812,0.881288,0.422785,0.662597,0.358456,1.398647,0.712711,0.342580,0.745808,1.009447,0.725667,0.935586,0.510801,1.309562,0.717139",,
693,25235,110.0,124.09,0.01,0.422573790631511,1143.1671690940857,2522,"96.047806,96.080238","0.498216,0.499277,1.101227,0.355859,0.518543,0.086688,0.879843,0.429161,0.659230,0.357233,1.399341,0.715460,0.339010,0.748261,1.007427,0.726411,0.932057,0.513355,1.314699,0.717583",,
694,25384,149.0,124.67,0.01,0.7757173387954632,1151.4914946556091,2537,"95.989944,96.184769","0.499218,0.499980,1.103807,0.355034,0.519477,0.085909,0.880483,0.430780,0.655991,0.361403,1.400437,0.718035,0.340858,0.745173,1.012466,0.727545,0.930907,0.516196,1.316234,0.717494",,
695,25523,139.0,125.58,0.01,0.7433783276272672,1159.603856086731,2551,"96.042061,96.200905","0.502861,0.501929,1.108109,0.353280,0.524197,0.084230,0.878802,0.432851,0.656253,0.364449,1.399522,0.719889,0.339147,0.746344,1.008534,0.729503,0.932023,0.518349,1.320847,0.717615",,
696,25675,152.0,125.85,0.01,0.9234895533571641,1168.1350696086884,2566,"96.026665,96.259239","0.504929,0.500941,1.109730,0.351759,0.524583,0.085308,0.878837,0.433556,0.657293,0.367473,1.400022,0.719624,0.338272,0.748113,1.010082,0.731296,0.928421,0.519261,1.323130,0.719096",,
697,25789,114.0,126.22,0.01,1.0099280187013475,1174.3038392066956,2577,"96.109978,96.299950","0.503530,0.498049,1.114029,0.354215,0.521811,0.082669,0.875545,0.435902,0.655489,0.369166,1.396848,0.721830,0.335993,0.743879,1.010077,0.736252,0.926160,0.520307,1.325442,0.718068",,
698,25896,107.0,126.59,0.01,0.05784098363735459,1180.2714710235596,2588,"96.150345,96.341331","0.500504,0.493678,1.115696,0.354963,0.519071,0.079987,0.875094,0.438007,0.651866,0.368317,1.396132,0.723538,0.336463,0.739064,1.012360,0.741475,0.924657,0.521860,1.325018,0.718360",,
699,26038,142.0,126.36,0.01,0.8625679755849498,1188.412185907364,2602,"96.338486,96.251968","0.502462,0.496741,1.120068,0.354215,0.520685,0.076294,0.872428,0.440259,0.653098,0.367884,1.394213,0.725770,0.337537,0.741228,1.012374,0.742339,0.924078,0.521974,1.328475,0.718424",397.4,167.2430566570702
700,26185,147.0,126.6,0.01,0.4584781883905331,1195.8727674484253,2617,"96.321976,96.396210","0.503724,0.497639,1.123887,0.353799,0.519781,0.073281,0.868299,0.441021,0.652416,0.367757,1.394582,0.726634,0.336752,0.741478,1.009980,0.741944,0.922607,0.523091,1.331615,0.718382",,
701,26299,114.0,126.26,0.01,0.9112289639359171,1201.5173258781433,2628,"96.246582,96.485062","0.501655,0.494387,1.119299,0.352955,0.517712,0.074070,0.870450,0.438517,0.651871,0.372200,1.396915,0.725490,0.340956,0.737427,1.014612,0.740919,0.921497,0.523675,1.326937,0.718824",,
702,26431,132.0,125.96,0.01,1.1168606305228812,1208.5322053432465,2642,"96.321777,96.461540","0.509155,0.494910,1.119707,0.353431,0.519323,0.075652,0.868641,0.438188,0.656073,0.377263,1.396219,0.724905,0.344784,0.735104,1.015913,0.739217,0.922789,0.524027,1.326248,0.717347",,
703,26834,403.0,129.25,0.01,0.5498488654382527,1228.6013569831848,2682,"96.302895,96.668602","0.512065,0.496998,1.140068,0.358214,0.521596,0.063253,0.862438,0.451958,0.658923,0.379464,1.402965,0.736041,0.338075,0.737404,1.007399,0.746096,0.924010,0.528897,1.341520,0.717802",,
704,26965,131.0,129.82,0.01,0.47463445752285993,1235.6623463630676,2695,"96.575768,96.653275","0.509894,0.495712,1.139467,0.359183,0.519710,0.064444,0.861860,0.449654,0.654810,0.382451,1.408434,0.736538,0.333452,0.735522,1.009089,0.744131,0.923625,0.528610,1.341021,0.716888",,
705,27116,151.0,130.5,0.01,1.003747766216596,1243.446473121643,2710,"96.556900,96.674881","0.511239,0.497001,1.144623,0.361105,0.518784,0.063209,0.863581,0.451564,0.656600,0.386095,1.413002,0.737307,0.330709,0.740685,1.005746,0.744850,0.923228,0.530829,1.347597,0.717291",,
706,27245,129.0,131.04,0.01,0.4199775465979026,1250.0973751544952,2723,"96.485329,96.735703","0.509101,0.499394,1.147880,0.361525,0.518424,0.060739,0.863965,0.452975,0.654760,0.387486,1.416202,0.738935,0.328637,0.744081,1.004737,0.745405,0.922611,0.534151,1.352190,0.717811",,
707,27358,113.0,130.76,0.01,0.46633895638991485,1255.6972699165344,2734,"96.573029,96.766731","0.509729,0.502179,1.150598,0.362664,0.517000,0.060204,0.860900,0.453640,0.654498,0.390246,1.417354,0.740517,0.326453,0.744290,1.004422,0.745287,0.920267,0.535025,1.355670,0.717332",,
708,27516,158.0,131.49,0.01,0.728428649250418,1263.871744632721,2750,"96.693619,96.794876","0.509571,0.502473,1.154258,0.365020,0.514904,0.056159,0.857958,0.456213,0.652493,0.390135,1.417059,0.743546,0.324752,0.742296,1.004468,0.748875,0.917633,0.537607,1.358621,0.716452",,
709,27656,140.0,131.65,0.01,0.710573597145932,1271.1682369709015,2764,"96.738655,96.859230","0.510300,0.502989,1.157289,0.364525,0.515996,0.053911,0.857302,0.458258,0.651856,0.390384,1.416321,0.744117,0.325318,0.740341,1.005123,0.749525,0.917099,0.540588,1.360801,0.717365",,
710,27822,166.0,132.59,0.01,0.548388320076115,1279.7296855449677,2781,"96.705513,96.956718","0.513082,0.503064,1.159704,0.364978,0.517159,0.052814,0.856941,0.457557,0.652464,0.393313,1.419000,0.743527,0.324117,0.739716,1.006978,0.747968,0.917082,0.541331,1.362091,0.718282",,
711,27958,136.0,131.85,0.01,1.5331429412158637,1286.4000194072723,2794,"96.853241,96.888641","0.516928,0.505373,1.167446,0.367918,0.520184,0.047338,0.854290,0.461079,0.653533,0.393491,1.419379,0.747075,0.319970,0.740530,1.004006,0.750152,0.918786,0.543380,1.366580,0.716676",,
712,28149,191.0,132.81,0.01,0.3566566681195247,1296.1370825767517,2813,"96.743126,97.014450","0.529970,0.507344,1.174183,0.370339,0.525085,0.040885,0.847844,0.464924,0.657689,0.393248,1.421608,0.752997,0.323322,0.738504,0.998948,0.759726,0.916608,0.546911,1.371907,0.713567",,
713,28437,288.0,133.89,0.01,0.7601434593570644,1312.2239742279053,2842,"96.820572,97.137711","0.526393,0.506579,1.177968,0.371685,0.519985,0.039592,0.841170,0.462481,0.653135,0.399797,1.426216,0.754616,0.317823,0.736409,0.995518,0.757151,0.915461,0.549317,1.380115,0.710532",,
714,28589,152.0,134.39,0.01,0.4252666110172868,1320.2329800128937,2857,"96.952156,97.200478","0.519229,0.504042,1.179071,0.370879,0.513360,0.039981,0.836222,0.459994,0.647101,0.401744,1.431867,0.755266,0.313913,0.732803,0.993497,0.754453,0.911813,0.550044,1.383455,0.709572",,
715,28800,211.0,134.91,0.01,0.3248973504894159,1331.5618391036987,2879,"97.152168,97.181847","0.515517,0.500572,1.181180,0.371668,0.505417,0.038236,0.829459,0.460217,0.643794,0.403950,1.431643,0.757390,0.312245,0.725340,0.992594,0.756590,0.907454,0.551691,1.387967,0.707622",,
716,29130,330.0,137.21,0.01,1.2040067236080314,1348.4647328853607,2912,"97.283752,97.286057","0.522323,0.506527,1.188289,0.372211,0.508186,0.033028,0.824891,0.465616,0.644145,0.401729,1.436507,0.761959,0.306254,0.725647,0.995683,0.754184,0.905125,0.557171,1.388433,0.708438",,
717,29398,268.0,139.4,0.01,0.766479218020462,1363.2213716506958,2938,"97.303078,97.404823","0.527287,0.510694,1.191963,0.369985,0.511285,0.025643,0.827540,0.470003,0.644744,0.398969,1.442096,0.763294,0.311406,0.731159,0.994664,0.747648,0.901129,0.564314,1.388308,0.711333",,
718,29730,332.0,141.92,0.01,0.3570313305210541,1381.2321798801422,2972,"97.502884,97.496445","0.526567,0.507931,1.201974,0.373391,0.507361,0.019666,0.823627,0.471687,0.639021,0.401473,1.448066,0.768489,0.313313,0.732019,0.987763,0.750740,0.897532,0.570923,1.398025,0.709391",,
719,30230,500.0,145.74,0.01,0.695386648690328,1407.249359846115,3022,"97.625206,97.636078","0.527026,0.510444,1.212671,0.375037,0.504293,0.009571,0.820549,0.474135,0.632467,0.405162,1.467796,0.770205,0.313598,0.737964,0.980023,0.744786,0.892952,0.581037,1.409138,0.710044",,
720,30428,198.0,146.39,0.01,0.5694044288737994,1416.993346452713,3041,"97.768112,97.623436","0.528569,0.511339,1.213402,0.374961,0.505766,0.004995,0.821198,0.474962,0.630012,0.406067,1.468746,0.771342,0.319039,0.736387,0.980327,0.744842,0.891535,0.585568,1.409569,0.709666",,
721,30485,57.0,145.75,0.01,0.07133009750396013,1420.0183172225952,3047,"97.760155,97.655067","0.528881,0.511234,1.214697,0.374890,0.505489,0.004229,0.820254,0.475258,0.629293,0.406500,1.469893,0.771888,0.318608,0.736489,0.978476,0.745441,0.891092,0.586457,1.411299,0.709583",,
722,30985,500.0,150.48,0.01,0.9755226287106052,1445.76913189888,3097,"97.960724,97.902420","0.532755,0.504133,1.228604,0.377050,0.498142,0.005972,0.808082,0.474683,0.623530,0.415864,1.475681,0.772412,0.302300,0.733516,0.961100,0.753336,0.885151,0.590461,1.428104,0.708100",,
723,31485,500.0,154.48,0.01,0.5476248174812645,1471.5279421806335,3147,"98.238586,98.111687","0.535597,0.501984,1.240472,0.380362,0.491183,0.002174,0.801063,0.477534,0.614919,0.419028,1.483696,0.775430,0.295412,0.734587,0.946954,0.754456,0.878262,0.594084,1.442205,0.702793",,
724,31558,73.0,155.01,0.01,0.6491503209274795,1475.308560848236,3154,"98.338539,98.090660","0.537035,0.502952,1.241796,0.380581,0.491353,0.001222,0.801377,0.478190,0.615760,0.419153,1.484616,0.776253,0.296070,0.736173,0.946626,0.754337,0.876815,0.593995,1.443091,0.702390",,
725,31645,87.0,155.1,0.01,0.0485787797305319,1480.0639219284058,3163,"98.227364,98.201866","0.538661,0.503666,1.241888,0.381065,0.492949,0.000358,0.802398,0.478701,0.615633,0.419739,1.487583,0.777328,0.295986,0.736953,0.947464,0.753963,0.877347,0.595354,1.442526,0.702298",,
726,31878,233.0,156.69,0.01,0.2862428429172091,1492.4104993343353,3186,"98.300804,98.210732","0.538907,0.506788,1.239174,0.378221,0.496378,-0.000727,0.802625,0.476676,0.611491,0.419787,1.498514,0.776374,0.298477,0.740913,0.946350,0.746328,0.875385,0.598267,1.444259,0.705320",,
727,32111,233.0,157.42,0.01,0.4671823624521494,1507.7059524059296,3210,"98.169937,98.329948","0.546737,0.507027,1.245596,0.379842,0.498319,-0.003457,0.800646,0.477158,0.610478,0.423379,1.506190,0.779934,0.295038,0.742429,0.939711,0.749340,0.874077,0.599137,1.449574,0.702408",,
728,32300,189.0,155.62,0.01,0.3358717176475023,1517.228507757187,3229,"98.276283,98.383430","0.545347,0.503606,1.250210,0.380002,0.494940,-0.006843,0.797500,0.477961,0.605918,0.425526,1.515356,0.782236,0.293835,0.743429,0.928721,0.748234,0.872417,0.600588,1.456764,0.700144",,
729,32392,92.0,155.0,0.01,0.07089316907028358,1522.1296451091766,3238,"98.414566,98.400093","0.542501,0.503502,1.251938,0.379407,0.493603,-0.010156,0.796224,0.477949,0.604570,0.425885,1.516871,0.782893,0.295244,0.744158,0.925432,0.744353,0.870402,0.601954,1.458981,0.700264",,
730,32552,160.0,155.67,0.01,0.056253327522426844,1530.2163379192352,3254,"98.479607,98.481026","0.539575,0.504567,1.253235,0.378571,0.491509,-0.012715,0.795956,0.477103,0.603881,0.427934,1.521884,0.784093,0.296570,0.744128,0.924473,0.741134,0.866546,0.605134,1.460397,0.700912",,
731,32629,77.0,155.53,0.01,0.06197334426854338,1534.3769462108612,3261,"98.596092,98.484505","0.537149,0.502769,1.254881,0.378506,0.488255,-0.012846,0.793178,0.477126,0.601879,0.428822,1.524397,0.784565,0.294657,0.743206,0.920123,0.741794,0.864219,0.606141,1.463948,0.700797",,
732,33103,474.0,159.27,0.01,0.3696708119144508,1559.4851768016815,3309,"98.887161,98.758057","0.536486,0.500669,1.261460,0.379162,0.483893,-0.018016,0.782761,0.477080,0.593753,0.429120,1.536740,0.787353,0.291259,0.746457,0.907840,0.738725,0.851528,0.609230,1.476019,0.701208",,
733,33603,500.0,163.49,0.01,0.6559577374346555,1586.5771551132202,3359,"99.354324,99.012413","0.528258,0.492778,1.273743,0.379682,0.472087,-0.019234,0.771780,0.473278,0.579561,0.431660,1.545755,0.789230,0.286184,0.747002,0.885037,0.738742,0.838309,0.614937,1.497121,0.699573",,
734,33769,166.0,163.22,0.01,0.3833030363311991,1595.334656715393,3375,"99.433105,99.078941","0.526795,0.489996,1.277422,0.380326,0.468959,-0.019366,0.770848,0.473494,0.576955,0.433091,1.548717,0.789713,0.287161,0.746637,0.881875,0.738298,0.834722,0.615543,1.501898,0.700255",,
735,33828,59.0,162.78,0.01,0.02966743956009547,1598.5042362213135,3381,"99.496994,99.080734","0.525983,0.488710,1.278674,0.380427,0.467631,-0.019528,0.770446,0.474378,0.576058,0.433186,1.550626,0.790183,0.287846,0.746214,0.880367,0.738656,0.833241,0.615289,1.504093,0.700665",,
736,33955,127.0,163.21,0.01,0.03437883270761141,1605.4440202713013,3394,"99.533493,99.161369","0.525524,0.488651,1.281931,0.380640,0.465927,-0.020817,0.767800,0.475401,0.575049,0.433767,1.552370,0.790325,0.284895,0.747446,0.875056,0.736930,0.831849,0.614721,1.508913,0.700742",,
737,34350,395.0,166.1,0.01,0.29751874627545477,1626.1469774246216,3434,"99.737427,99.368599","0.518224,0.486171,1.288367,0.380677,0.457124,-0.022513,0.760350,0.473731,0.567999,0.440139,1.562702,0.790016,0.278648,0.749165,0.858632,0.732081,0.825797,0.613902,1.523371,0.702012",,
738,34435,85.0,165.54,0.01,0.03217916458379477,1630.6127996444702,3442,"99.831856,99.348335","0.518211,0.486236,1.289139,0.380787,0.455839,-0.023469,0.759987,0.473619,0.566751,0.441306,1.564703,0.790060,0.280175,0.750650,0.857214,0.730740,0.823597,0.614091,1.524965,0.702130",,
739,34530,95.0,165.49,0.01,0.045630212873220444,1635.8668494224548,3452,"99.782082,99.386879","0.519516,0.485919,1.289683,0.380769,0.454870,-0.021800,0.759118,0.472621,0.565407,0.443375,1.568578,0.788802,0.278482,0.752708,0.855252,0.728656,0.822416,0.613468,1.527742,0.702757",,
740,34745,215.0,165.42,0.01,0.053814353687422614,1647.9548180103302,3473,"99.880432,99.443665","0.520159,0.485333,1.291814,0.381473,0.451349,-0.020503,0.753621,0.470604,0.561847,0.446049,1.573624,0.788032,0.274812,0.754114,0.847292,0.726354,0.818943,0.610372,1.536108,0.702762",,
741,35245,500.0,169.24,0.01,0.4596428150869906,1674.0404744148254,3523,"100.047401,99.618027","0.522488,0.483849,1.300165,0.382993,0.450654,-0.023966,0.752213,0.469109,0.556907,0.452281,1.587517,0.792239,0.269200,0.757517,0.835675,0.721171,0.815367,0.611519,1.548863,0.700298",,
742,35622,377.0,171.92,0.01,0.6065639658022279,1690.724665403366,3561,"100.269524,99.627182","0.520859,0.478033,1.308172,0.383142,0.445166,-0.022178,0.754696,0.469921,0.553214,0.457554,1.605784,0.795495,0.268693,0.756395,0.833299,0.723907,0.809413,0.608059,1.559168,0.704097",,
743,35791,169.0,172.41,0.01,0.36275062721003504,1697.8412284851074,3578,"100.363831,99.737938","0.519212,0.473999,1.308672,0.384418,0.442527,-0.018988,0.753798,0.469991,0.554281,0.456797,1.610229,0.795126,0.265080,0.755000,0.830678,0.722963,0.803832,0.598717,1.564393,0.705971",,
744,35977,186.0,171.66,0.01,0.32669644751068616,1705.2523844242096,3596,"100.411850,99.850037","0.518449,0.470262,1.309762,0.385016,0.443040,-0.018597,0.752210,0.470006,0.549260,0.455780,1.614026,0.796411,0.261482,0.755374,0.823486,0.721859,0.803224,0.596488,1.571776,0.706498",,
745,36093,116.0,171.57,0.01,0.03551986526387433,1709.8455264568329,3608,"100.476929,99.914742","0.519289,0.470493,1.312689,0.386207,0.442639,-0.018482,0.751307,0.467965,0.549939,0.457837,1.616083,0.796883,0.255940,0.757886,0.820157,0.720099,0.801572,0.594707,1.575686,0.705712",,
746,36367,274.0,172.89,0.01,0.2695866257849115,1721.2988460063934,3635,"100.528206,100.029884","0.522393,0.467607,1.316936,0.387413,0.441962,-0.017455,0.749078,0.466964,0.543541,0.460648,1.628130,0.798594,0.251150,0.757340,0.815527,0.722873,0.799835,0.595155,1.582382,0.704402",,
747,36867,500.0,176.47,0.01,0.14939421656541527,1741.916527748108,3685,"100.611740,100.018181","0.526302,0.462289,1.327021,0.385864,0.437592,-0.013813,0.744730,0.470553,0.536714,0.461083,1.643443,0.802200,0.241668,0.758529,0.812936,0.724470,0.788664,0.592064,1.593052,0.704477",,
748,37154,287.0,178.02,0.01,0.3810898031364998,1753.7938137054443,3714,"100.752869,100.214172","0.526632,0.461853,1.327298,0.385510,0.436187,-0.013908,0.740578,0.473305,0.535440,0.459683,1.649015,0.804597,0.239134,0.758104,0.811154,0.723673,0.782170,0.588599,1.595219,0.705160",,
749,37373,219.0,178.66,0.01,0.7333893087607893,1762.7095334529877,3736,"100.741722,100.230515","0.531198,0.465542,1.332766,0.386841,0.440442,-0.016646,0.742439,0.476288,0.536995,0.462669,1.657386,0.807491,0.236237,0.759213,0.810789,0.723808,0.782474,0.589028,1.601146,0.706495",301.6,88.19659857386792
750,37715,342.0,180.82,0.01,0.6430399539496969,1782.8345041275024,3770,"100.855446,100.355919","0.537460,0.471102,1.340063,0.385123,0.442981,-0.016868,0.739721,0.480023,0.536723,0.462764,1.667652,0.809539,0.226767,0.762578,0.806818,0.720760,0.779640,0.588568,1.610243,0.708513",,
751,37982,267.0,182.24,0.01,0.3899753059570988,1799.6607007980347,3797,"100.762566,100.477776","0.545261,0.473613,1.347155,0.384729,0.448171,-0.021308,0.740067,0.484954,0.536367,0.464415,1.671129,0.810686,0.222603,0.764262,0.806955,0.720936,0.785647,0.593239,1.613050,0.708574",,
