episode,total_env_steps,episode_reward,avg_reward_100,epsilon,mean_loss,wall_clock_s,grad_steps,w,lam,eval_mean_reward,eval_std_reward
0,13,13.0,13.0,1.0,,0.0036537647247314453,0,"1.000000,1.000000","1.000000,1.000000,1.000000,1.000000,1.000000,1.000000,1.000000,1.000000,1.000000,1.000000,1.000000,1.000000,1.000000,1.000000,1.000000,1.000000,1.000000,1.000000,1.000000,1.000000",,
1,25,12.0,12.5,0.99,0.516320526599884,0.697824239730835,1,"1.099997,1.099997","0.999002,0.999000,1.000999,1.001000,1.000994,1.001000,1.001000,0.999000,1.000996,0.999000,0.999002,1.000999,0.999003,1.001000,1.000999,1.000999,0.999002,0.999001,1.000961,1.000997",,
2,47,22.0,15.666666666666666,0.9801,0.5346238613128662,0.8746743202209473,3,"1.300034,1.299118","0.997178,0.997042,1.002788,1.003001,1.001515,1.003005,1.002892,0.997048,1.002974,0.997028,0.997926,1.002720,0.997107,1.002994,1.002968,1.002638,0.997204,0.997994,1.002047,1.002828",,
3,65,18.0,16.25,0.9702989999999999,0.45467010140419006,1.0525519847869873,5,"1.493624,1.499308","0.995348,0.995104,1.004600,1.004944,1.001375,1.004867,1.004686,0.995184,1.002971,0.995238,0.997319,1.003570,0.995216,1.004994,1.004927,1.002753,0.995466,0.997040,1.002794,1.004171",,
4,127,62.0,25.4,0.96059601,0.5643208026885986,1.5628278255462646,11,"2.086654,2.063369","0.989992,0.989896,1.010280,1.010889,1.004224,1.010517,1.010127,0.989460,1.000889,0.990212,0.997420,1.004845,0.990093,1.010782,1.010929,1.000044,0.990985,0.996492,1.000360,1.005829",,
5,138,11.0,23.0,0.9509900498999999,0.6097034215927124,1.641615867614746,12,"2.186877,2.154263","0.989047,0.989048,1.011232,1.011863,1.004962,1.011454,1.011115,0.988500,1.000888,0.989379,0.997928,1.004674,0.989213,1.011720,1.011966,0.999715,0.990149,0.995829,0.999555,1.005377",,
6,160,22.0,22.857142857142858,0.9414801494009999,0.49335165818532306,1.8720612525939941,15,"2.477658,2.439521","0.986121,0.986444,1.013665,1.014611,1.006865,1.014151,1.013910,0.985873,1.001993,0.986784,0.999822,1.004493,0.986448,1.014525,1.014941,0.998446,0.987502,0.993556,0.997227,1.004185",,
7,210,50.0,26.25,0.9320653479069899,0.5193178653717041,2.242283821105957,20,"2.942274,2.938080","0.980910,0.982148,1.017720,1.019236,1.010017,1.018797,1.018703,0.981582,1.003616,0.981876,1.003369,1.004154,0.981606,1.019419,1.020055,0.995725,0.982779,0.989662,0.993568,1.002575",,
8,221,11.0,24.555555555555557,0.92274469442792,0.6378626227378845,2.341891288757324,21,"3.033881,3.041534","0.979842,0.981216,1.018497,1.020147,1.010671,1.019728,1.019646,0.980744,1.003610,0.980860,1.003803,1.004022,0.980572,1.020455,1.021077,0.994982,0.981754,0.988815,0.992988,1.002092",,
9,245,24.0,24.5,0.9135172474836407,0.5716956555843353,2.502885103225708,23,"3.218564,3.250399","0.977794,0.979495,1.019953,1.021799,1.012079,1.021504,1.021446,0.979138,1.003856,0.978854,1.004842,1.004192,0.978414,1.022456,1.023141,0.993442,0.979632,0.986946,0.991626,1.001187",,
10,268,23.0,24.363636363636363,0.9043820750088043,0.5354984998703003,2.6672675609588623,25,"3.395617,3.466070","0.975594,0.977886,1.021466,1.023190,1.013480,1.023301,1.023105,0.977868,1.004791,0.976800,1.005838,1.003970,0.976169,1.024324,1.025150,0.991900,0.977416,0.985272,0.990016,0.999797",,
11,283,15.0,23.583333333333332,0.8953382542587163,0.5162503570318222,2.820723533630371,27,"3.572257,3.679796","0.973378,0.976060,1.023153,1.024469,1.014930,1.025060,1.024769,0.976667,1.005786,0.974887,1.006699,1.003758,0.973888,1.026236,1.027165,0.990256,0.975176,0.983613,0.988307,0.998105",,
12,293,10.0,22.53846153846154,0.8863848717161291,0.5593219995498657,2.9199352264404297,28,"3.660752,3.786143","0.972354,0.975076,1.023940,1.024977,1.015637,1.025832,1.025541,0.976131,1.006300,0.973990,1.006914,1.003919,0.972754,1.027228,1.028156,0.989399,0.974089,0.982689,0.987536,0.997419",,
13,321,28.0,22.928571428571427,0.8775210229989678,0.5320716897646586,3.1897714138031006,31,"3.919158,4.107884","0.969212,0.972126,1.025909,1.026090,1.016780,1.028040,1.027780,0.975100,1.008346,0.971035,1.007522,1.005046,0.969328,1.030282,1.031046,0.987131,0.970851,0.979607,0.985359,0.995097",,
14,336,15.0,22.4,0.8687458127689781,0.6882107257843018,3.291722536087036,32,"4.011086,4.211086","0.968135,0.971115,1.026506,1.026454,1.016980,1.028807,1.028685,0.974806,1.009036,0.969969,1.007949,1.005515,0.968179,1.031325,1.031997,0.986500,0.969788,0.978450,0.984819,0.994288",,
15,352,16.0,22.0,0.8600583546412883,0.6690450608730316,3.4623703956604004,34,"4.202204,4.414851","0.965943,0.969062,1.027568,1.026776,1.016906,1.030119,1.030486,0.974313,1.010754,0.968082,1.008819,1.006661,0.965925,1.033415,1.033846,0.985126,0.967749,0.976084,0.983804,0.992493",,
16,368,16.0,21.647058823529413,0.8514577710948754,0.4337186813354492,3.584383964538574,35,"4.293963,4.517909","0.964877,0.968072,1.027865,1.026997,1.016702,1.030861,1.031278,0.973882,1.011656,0.967055,1.009342,1.006971,0.964896,1.034457,1.034799,0.984387,0.966867,0.974972,0.983255,0.991574",,
17,392,24.0,21.77777777777778,0.8429431933839266,0.6162680784861246,3.861680030822754,38,"4.575193,4.831092","0.961787,0.964879,1.028903,1.027365,1.016617,1.033125,1.033622,0.972584,1.014225,0.963973,1.010100,1.008175,0.961766,1.037754,1.037505,0.981877,0.964149,0.971452,0.982037,0.988739",,
18,424,32.0,22.31578947368421,0.8345137614500874,0.6616820096969604,4.103691816329956,41,"4.867727,5.132990","0.958592,0.961475,1.029937,1.027933,1.017234,1.035576,1.035802,0.971496,1.016850,0.960855,1.009560,1.009902,0.958481,1.041233,1.039969,0.979725,0.961241,0.968033,0.981397,0.985603",,
19,443,19.0,22.15,0.8261686238355865,0.6769721210002899,4.2637975215911865,43,"5.071473,5.329218","0.956656,0.959159,1.030853,1.028069,1.017573,1.037321,1.037028,0.970662,1.018410,0.958816,1.008692,1.011508,0.956308,1.043536,1.041546,0.978327,0.959333,0.965525,0.981242,0.983755",,
20,460,17.0,21.904761904761905,0.8179069375972307,0.7322657406330109,4.453736782073975,45,"5.281172,5.514048","0.954835,0.957034,1.032089,1.028445,1.017714,1.039243,1.038512,0.969384,1.019983,0.956624,1.008044,1.012750,0.954100,1.045795,1.043044,0.977023,0.957424,0.962964,0.981199,0.981903",,
21,512,52.0,23.272727272727273,0.8097278682212583,0.6423157572746276,4.911468267440796,50,"5.812104,5.970927","0.949516,0.952375,1.034427,1.029476,1.017461,1.043652,1.042196,0.965802,1.023108,0.950858,1.007277,1.015136,0.949274,1.051421,1.046598,0.973230,0.953506,0.956507,0.981336,0.977129",,
22,522,10.0,22.695652173913043,0.8016305895390458,0.6536946892738342,5.026592493057251,51,"5.920205,6.064383","0.948370,0.951354,1.035111,1.029790,1.017682,1.044546,1.043013,0.964927,1.023557,0.949717,1.007156,1.015569,0.948364,1.052603,1.047360,0.972359,0.952784,0.955218,0.981130,0.976230",,
23,543,21.0,22.625,0.7936142836436553,0.6375468969345093,5.246168851852417,53,"6.138533,6.254067","0.946012,0.949241,1.036095,1.030324,1.017865,1.046471,1.044673,0.963117,1.024508,0.947287,1.006777,1.016482,0.946362,1.055052,1.048956,0.970643,0.951119,0.952593,0.981012,0.974135",,
24,575,32.0,23.0,0.7856781408072188,0.5474955439567566,5.509060859680176,56,"6.472568,6.545566","0.942362,0.945854,1.037772,1.030077,1.019163,1.049579,1.046797,0.960909,1.025173,0.943435,1.005165,1.019002,0.942972,1.058864,1.051000,0.968128,0.948135,0.948509,0.981205,0.970403",,
25,681,106.0,26.192307692307693,0.7778213593991465,0.6180690716613423,6.52065110206604,67,"7.718494,7.608595","0.928105,0.934494,1.044932,1.027973,1.024449,1.060075,1.052706,0.951428,1.024390,0.929766,0.999665,1.027855,0.929768,1.071823,1.059184,0.957924,0.936670,0.933681,0.980649,0.956426",,
26,702,21.0,26.0,0.7700431458051551,0.6541800498962402,6.713576316833496,69,"7.948672,7.806035","0.925180,0.932084,1.046309,1.026617,1.025924,1.061483,1.053206,0.949691,1.023325,0.927262,0.998466,1.029879,0.927147,1.074434,1.060522,0.955690,0.934429,0.930919,0.980999,0.953904",,
27,724,22.0,25.857142857142858,0.7623427143471035,0.680110365152359,6.91521430015564,71,"8.184797,7.993488","0.922321,0.930092,1.047582,1.025033,1.027056,1.062988,1.053397,0.947988,1.022306,0.924615,0.997588,1.031957,0.924878,1.076832,1.061708,0.953491,0.932674,0.928281,0.981257,0.951322",,
28,780,56.0,26.896551724137932,0.7547192872036325,0.7421870032946268,7.554527997970581,77,"8.872712,8.556011","0.913413,0.925624,1.050279,1.022237,1.030374,1.068972,1.054565,0.941383,1.019388,0.915867,0.995362,1.037014,0.919813,1.083202,1.064884,0.947559,0.930177,0.920324,0.983558,0.943121",,
29,804,24.0,26.8,0.7471720943315961,0.7636607587337494,7.799252510070801,79,"9.102817,8.754349","0.910404,0.923726,1.051121,1.021804,1.031887,1.071131,1.055725,0.938697,1.017951,0.912742,0.994651,1.038386,0.918435,1.085639,1.065418,0.945492,0.929613,0.917668,0.985192,0.940207",,
30,820,16.0,26.451612903225808,0.7397003733882802,0.7876762449741364,7.977174282073975,81,"9.325743,8.959060","0.907587,0.922068,1.051548,1.021270,1.033292,1.073466,1.056678,0.935850,1.016629,0.909744,0.993826,1.039705,0.916913,1.087886,1.066080,0.943190,0.928810,0.915153,0.987094,0.937003",,
31,901,81.0,28.15625,0.7323033696543974,0.6930752769112587,8.766425848007202,89,"10.179161,9.896598","0.896503,0.914797,1.052687,1.019611,1.039113,1.081455,1.059274,0.924204,1.009979,0.898023,0.989132,1.043000,0.911335,1.097331,1.066977,0.933539,0.926423,0.905506,0.995316,0.924571",,
32,920,19.0,27.87878787878788,0.7249803359578534,0.7425753474235535,8.984773874282837,91,"10.407097,10.134224","0.893904,0.912944,1.052509,1.019301,1.040829,1.083582,1.059775,0.921294,1.008143,0.894988,0.987745,1.043519,0.909223,1.099714,1.067028,0.931229,0.924874,0.902829,0.997271,0.921676",,
33,969,49.0,28.5,0.7177305325982748,0.7321411520242691,9.475119829177856,95,"10.856308,10.614061","0.888903,0.908870,1.054014,1.019132,1.044803,1.086345,1.062338,0.915273,1.003509,0.888948,0.986351,1.043302,0.905616,1.104781,1.067793,0.926953,0.922338,0.897357,1.000101,0.916166",,
34,993,24.0,28.37142857142857,0.7105532272722921,0.7866852482159933,9.77474308013916,98,"11.183428,10.978106","0.885932,0.906033,1.053493,1.019368,1.045931,1.087773,1.063591,0.910772,1.000821,0.884262,0.985305,1.042539,0.904324,1.108585,1.068808,0.923019,0.922099,0.893568,1.002849,0.911539",,
35,1042,49.0,28.944444444444443,0.7034476949995692,0.830543863773346,10.314977169036865,103,"11.729595,11.603337","0.880186,0.902227,1.051785,1.019957,1.047257,1.090120,1.064203,0.903250,0.996032,0.876661,0.983908,1.040122,0.902707,1.114438,1.071192,0.915593,0.922372,0.888002,1.006375,0.903354",,
36,1058,16.0,28.594594594594593,0.6964132180495735,0.49917224049568176,10.438398361206055,104,"11.845086,11.723025","0.878980,0.901528,1.051500,1.020029,1.047351,1.090651,1.064272,0.901737,0.995093,0.875126,0.983636,1.039391,0.902438,1.115620,1.071774,0.914268,0.922470,0.886766,1.007010,0.901930",,
37,1083,25.0,28.5,0.6894490858690777,0.7531812787055969,10.76346492767334,107,"12.190601,12.083174","0.875835,0.899801,1.049704,1.020165,1.047266,1.093152,1.063290,0.896816,0.993543,0.870640,0.982187,1.037170,0.900934,1.118809,1.072880,0.909936,0.922180,0.882836,1.009375,0.897272",,
38,1113,30.0,28.53846153846154,0.682554595010387,1.1220011711120605,11.035539150238037,110,"12.537198,12.432970","0.872581,0.898108,1.047869,1.020748,1.047319,1.095404,1.062693,0.892054,0.991879,0.866166,0.981103,1.034579,0.899150,1.121846,1.073605,0.905784,0.921716,0.878756,1.012246,0.892557",,
39,1130,17.0,28.25,0.6757290490602831,1.0949044823646545,11.266037225723267,112,"12.760882,12.661072","0.870426,0.897411,1.046567,1.021486,1.047428,1.096915,1.062180,0.888947,0.990300,0.863320,0.980393,1.032267,0.898552,1.123625,1.074750,0.903147,0.922076,0.876349,1.014198,0.889433",,
40,1156,26.0,28.195121951219512,0.6689717585696803,0.598524421453476,11.489844799041748,114,"12.997109,12.887697","0.867989,0.896372,1.045880,1.021899,1.047927,1.098200,1.061773,0.885853,0.988786,0.860451,0.979970,1.030116,0.897117,1.125622,1.075683,0.900397,0.921660,0.873720,1.015736,0.886573",,
41,1185,29.0,28.214285714285715,0.6622820409839835,0.9663378000259399,11.767394065856934,117,"13.391881,13.198557","0.864573,0.894619,1.045483,1.022300,1.048738,1.100041,1.061867,0.881051,0.986860,0.856286,0.980185,1.027433,0.894883,1.128582,1.076946,0.896792,0.920881,0.869405,1.017000,0.882725",,
42,1202,17.0,27.953488372093023,0.6556592205741436,0.987676203250885,11.977894306182861,119,"13.646326,13.407406","0.862159,0.893877,1.044950,1.023613,1.049558,1.101485,1.061844,0.877713,0.985886,0.853492,0.980031,1.025534,0.893417,1.130291,1.077483,0.893931,0.920506,0.866370,1.017953,0.879751",,
43,1226,24.0,27.863636363636363,0.6491026283684022,1.0142844915390015,12.275362014770508,121,"13.906569,13.608732","0.860159,0.893128,1.045095,1.024553,1.050278,1.102848,1.062033,0.874426,0.985205,0.850706,0.980101,1.023450,0.891916,1.132027,1.077693,0.891551,0.919910,0.863317,1.018398,0.877250",,
44,1243,17.0,27.622222222222224,0.6426116020847181,0.6899846196174622,12.538681268692017,123,"14.166546,13.816857","0.858288,0.892214,1.045257,1.025302,1.050790,1.104069,1.062279,0.870962,0.984691,0.847945,0.980067,1.021624,0.890415,1.133765,1.077222,0.888896,0.919226,0.860294,1.019286,0.874470",,
45,1297,54.0,28.195652173913043,0.6361854860638709,0.6656109809875488,13.21022367477417,128,"14.810827,14.366596","0.853087,0.889556,1.043932,1.028615,1.051352,1.106381,1.061965,0.861409,0.983079,0.841008,0.978503,1.018094,0.887036,1.137834,1.075682,0.881369,0.918379,0.852727,1.023123,0.866007",,
46,1331,34.0,28.319148936170212,0.6298236312032323,0.6506416872143745,13.667356014251709,132,"15.302055,14.862522","0.849198,0.887046,1.041116,1.030637,1.049892,1.106695,1.060071,0.853819,0.981990,0.835223,0.976011,1.014678,0.884225,1.141762,1.073479,0.875022,0.917611,0.846528,1.026919,0.859522",,
47,1379,48.0,28.729166666666668,0.6235253948912,1.3491293489933014,14.203810691833496,136,"15.775867,15.348130","0.844875,0.883424,1.038389,1.031517,1.049554,1.105368,1.057885,0.846673,0.980584,0.829704,0.974425,1.011607,0.880477,1.146059,1.072538,0.868594,0.916234,0.840784,1.029690,0.854011",,
48,1417,38.0,28.918367346938776,0.617290140942288,1.1186442077159882,14.730323791503906,140,"16.276999,15.797480","0.840881,0.879028,1.036744,1.029104,1.048891,1.104545,1.055476,0.839427,0.979181,0.824946,0.974111,1.009564,0.875284,1.150225,1.070750,0.862294,0.913144,0.835236,1.033354,0.849330",,
49,1439,22.0,28.78,0.6111172395328651,1.2949426770210266,15.016034841537476,142,"16.520594,16.022806","0.839439,0.877427,1.035827,1.028362,1.047957,1.104215,1.054092,0.835899,0.978420,0.822968,0.973159,1.008812,0.872978,1.151817,1.069440,0.859024,0.911884,0.832727,1.035658,0.846669",73.4,9.308061022576078
50,1482,43.0,29.058823529411764,0.6050060671375365,0.7400278747081757,15.66244101524353,147,"17.183538,16.546053","0.836236,0.872672,1.034081,1.024969,1.045791,1.101926,1.050757,0.827579,0.976601,0.818235,0.973370,1.007367,0.867725,1.156312,1.066834,0.852619,0.908774,0.827381,1.039858,0.841904",,
51,1511,29.0,29.057692307692307,0.5989560064661611,0.49241194128990173,16.058699369430542,150,"17.591072,16.879520","0.834764,0.870297,1.033113,1.023102,1.044013,1.100527,1.049051,0.823002,0.975716,0.815758,0.974000,1.005507,0.865118,1.158905,1.065436,0.848935,0.907292,0.824749,1.041716,0.839494",,
52,1537,26.0,29.0,0.5929664464014994,0.4577253758907318,16.299813270568848,152,"17.852478,17.115242","0.834247,0.868903,1.032123,1.022802,1.042340,1.099776,1.047663,0.819825,0.975405,0.814317,0.973601,1.004414,0.863201,1.160362,1.064340,0.846252,0.906078,0.822970,1.043133,0.837288",,
53,1561,24.0,28.90740740740741,0.5870367819374844,0.9466281334559122,16.601033926010132,155,"18.224037,17.486202","0.833692,0.866710,1.031188,1.022759,1.039835,1.099004,1.046256,0.814558,0.975301,0.812343,0.972960,1.002753,0.860288,1.162412,1.061706,0.841754,0.904006,0.820683,1.045276,0.833210",,
54,1594,33.0,28.98181818181818,0.5811664141181095,1.1690198580423992,17.02682662010193,158,"18.586979,17.850138","0.833411,0.864579,1.030295,1.022390,1.037262,1.098487,1.044934,0.809147,0.974743,0.810637,0.972469,1.001107,0.857946,1.164489,1.058381,0.836765,0.901974,0.818958,1.047991,0.828984",,
55,1617,23.0,28.875,0.5753547499769285,1.4628591537475586,17.292054176330566,160,"18.826704,18.090286","0.832636,0.863028,1.029359,1.022336,1.035494,1.098193,1.043952,0.805515,0.973869,0.809607,0.972007,1.000608,0.855576,1.165898,1.055746,0.833426,0.899840,0.817809,1.049869,0.826224",,
56,1653,36.0,29.0,0.5696012024771592,1.4562574625015259,17.816309452056885,164,"19.308781,18.552986","0.830889,0.859767,1.027237,1.022554,1.032902,1.097920,1.042888,0.798056,0.972779,0.807515,0.972086,0.998865,0.850068,1.168527,1.049703,0.827464,0.894713,0.814743,1.052978,0.820660",,
57,1705,52.0,29.396551724137932,0.5639051904523876,0.9720698595046997,18.370497226715088,169,"19.900486,19.136892","0.829100,0.855469,1.024073,1.023718,1.028265,1.097179,1.041341,0.789648,0.971805,0.805236,0.970433,0.995530,0.843732,1.171998,1.044398,0.820530,0.888487,0.811313,1.056165,0.814527",,
58,1745,40.0,29.576271186440678,0.5582661385478638,0.9159235209226608,18.928675413131714,173,"20.387669,19.596544","0.828555,0.851788,1.021744,1.024827,1.023969,1.096229,1.040421,0.783030,0.971505,0.803422,0.967966,0.991539,0.839484,1.174682,1.041195,0.814782,0.884103,0.808343,1.058270,0.809934",,
59,1777,32.0,29.616666666666667,0.5526834771623851,0.47127095858256024,19.32564878463745,176,"20.744926,19.962648","0.828145,0.849188,1.019673,1.025585,1.020802,1.094493,1.039461,0.778072,0.971657,0.801886,0.966830,0.987138,0.836572,1.176471,1.038781,0.810128,0.881190,0.805775,1.060013,0.806296",,
60,1798,21.0,29.475409836065573,0.5471566423907612,0.9691218733787537,19.587705612182617,178,"20.981842,20.206167","0.827650,0.847612,1.018162,1.026717,1.018732,1.092898,1.038786,0.774839,0.971686,0.800908,0.966212,0.984202,0.834365,1.177704,1.037351,0.807130,0.879099,0.803678,1.060932,0.803737",,
61,1828,30.0,29.483870967741936,0.5416850759668536,1.42202228307724,19.948981285095215,181,"21.325239,20.581085","0.826372,0.845427,1.016338,1.028995,1.016021,1.090022,1.037391,0.770184,0.971507,0.799589,0.964964,0.979716,0.831192,1.179626,1.036207,0.802642,0.876478,0.800511,1.062179,0.800092",,
62,1862,34.0,29.555555555555557,0.536268225207185,0.9079792574048042,20.455567836761475,185,"21.785620,21.059116","0.824167,0.842721,1.013753,1.031568,1.012456,1.086135,1.035058,0.763873,0.971360,0.797960,0.964514,0.973851,0.826312,1.182029,1.034767,0.796691,0.872747,0.795299,1.063730,0.795451",,
63,1883,21.0,29.421875,0.5309055429551132,1.4801711440086365,20.72198748588562,187,"22.016703,21.295076","0.823138,0.841041,1.012621,1.032452,1.010633,1.084068,1.033853,0.760581,0.971098,0.797099,0.964249,0.971011,0.823973,1.183406,1.033907,0.793658,0.870870,0.792972,1.064256,0.793299",,
64,1914,31.0,29.446153846153845,0.525596487525562,1.1959470113118489,21.117602109909058,190,"22.366098,21.639668","0.821994,0.838861,1.011244,1.033016,1.007529,1.080414,1.032050,0.756106,0.970293,0.795892,0.963548,0.966916,0.820110,1.185259,1.032824,0.789026,0.867939,0.789381,1.064788,0.790312",,
65,1934,20.0,29.303030303030305,0.5203405226503064,0.3382600247859955,21.381378412246704,192,"22.584524,21.867054","0.821519,0.837878,1.010253,1.033541,1.005237,1.078188,1.030791,0.753252,0.969960,0.795209,0.963069,0.964190,0.817555,1.186118,1.032033,0.785942,0.865966,0.786902,1.065128,0.788115",,
66,1959,25.0,29.238805970149254,0.5151371174238033,0.52507384121418,21.673508167266846,194,"22.819593,22.089563","0.821232,0.836712,1.008794,1.034177,1.002909,1.075793,1.029171,0.750441,0.969711,0.794553,0.962763,0.961403,0.815210,1.187068,1.031324,0.782985,0.864116,0.784737,1.065325,0.786097",,
67,1993,34.0,29.308823529411764,0.5099857462495653,0.5523427277803421,22.19214653968811,198,"23.343855,22.512083","0.820958,0.834215,1.006380,1.032667,0.998383,1.070798,1.026797,0.744474,0.968733,0.793206,0.964531,0.955316,0.810544,1.189484,1.028882,0.777940,0.860319,0.781182,1.065061,0.782839",,
68,2023,30.0,29.318840579710145,0.5048858887870696,0.8842807312806448,22.604904890060425,201,"23.753935,22.831245","0.821016,0.832385,1.004529,1.030740,0.994930,1.067113,1.024993,0.740179,0.967812,0.792357,0.966122,0.950543,0.807312,1.191387,1.026569,0.773456,0.857418,0.779134,1.065499,0.780573",,
69,2069,46.0,29.557142857142857,0.4998370298991989,0.48092006146907806,23.205998420715332,205,"24.318354,23.234585","0.820421,0.829446,1.001791,1.026723,0.990563,1.061491,1.022803,0.734201,0.966638,0.790923,0.969378,0.943650,0.802605,1.194204,1.023342,0.767778,0.853090,0.776275,1.065962,0.778222",,
70,2115,46.0,29.788732394366196,0.49483865960020695,1.273733425140381,23.864923000335693,210,"24.973120,23.763678","0.819346,0.826333,0.999121,1.022938,0.984722,1.055587,1.020186,0.726829,0.965207,0.789831,0.973190,0.935291,0.796219,1.196964,1.020188,0.761201,0.846838,0.772711,1.066096,0.775246",,
71,2169,54.0,30.125,0.4898902730042049,0.970976185798645,24.567965030670166,215,"25.532951,24.367479","0.819435,0.824841,0.998163,1.020620,0.978595,1.050370,1.018434,0.720199,0.964633,0.789569,0.974409,0.927206,0.789633,1.198403,1.017864,0.754128,0.840766,0.768342,1.064573,0.771195",,
72,2232,63.0,30.575342465753426,0.48499137027416284,1.8440863064357214,25.519458532333374,222,"26.208330,25.245235","0.820089,0.823284,0.995153,1.018774,0.969980,1.041200,1.016251,0.711792,0.964975,0.788736,0.974693,0.917773,0.780646,1.198878,1.014849,0.743314,0.833079,0.761206,1.060285,0.764158",,
73,2258,26.0,30.513513513513512,0.4801414565714212,0.9108991324901581,25.83165168762207,224,"26.409075,25.462406","0.820080,0.822812,0.994214,1.017843,0.967730,1.038768,1.015797,0.709756,0.964478,0.788294,0.975218,0.915261,0.778840,1.199124,1.014373,0.741269,0.831274,0.759585,1.058957,0.762757",,
74,2277,19.0,30.36,0.475340042005707,2.2473230361938477,26.060883283615112,226,"26.606836,25.678358","0.819916,0.822232,0.993657,1.016962,0.965985,1.036064,1.015541,0.707742,0.963827,0.787788,0.975759,0.912704,0.777090,1.199450,1.014198,0.739347,0.829713,0.758019,1.057523,0.761486",,
75,2310,33.0,30.394736842105264,0.47058664158564995,1.0936841741204262,26.602466583251953,230,"27.033867,26.096045","0.819452,0.821418,0.992437,1.014169,0.962581,1.031319,1.015101,0.703937,0.962842,0.787068,0.976551,0.907391,0.773482,1.200189,1.013625,0.735272,0.826544,0.754920,1.054932,0.759236",,
76,2340,30.0,30.38961038961039,0.4658807751697934,1.1782118181387584,26.97393012046814,233,"27.351664,26.412510","0.818779,0.820604,0.990611,1.012259,0.958969,1.027901,1.014272,0.701049,0.962389,0.786618,0.977653,0.903534,0.770341,1.200631,1.012969,0.731415,0.823731,0.752445,1.054261,0.757121",,
77,2385,45.0,30.576923076923077,0.4612219674180955,0.8025541603565216,27.55995011329651,237,"27.776548,26.844744","0.817371,0.819494,0.987080,1.009477,0.954198,1.022806,1.011847,0.696930,0.960620,0.786218,0.980710,0.897807,0.765422,1.201653,1.010827,0.725386,0.818993,0.749140,1.054087,0.754178",,
78,2399,14.0,30.367088607594937,0.45660974774391455,2.809356689453125,27.715983867645264,238,"27.885448,26.947544","0.817035,0.819456,0.986095,1.008694,0.952935,1.021699,1.011119,0.695955,0.960045,0.786211,0.981426,0.896362,0.764225,1.201845,1.010242,0.723875,0.817810,0.748258,1.054314,0.753413",,
79,2436,37.0,30.45,0.4520436502664754,1.0824664682149887,28.268911600112915,242,"28.298857,27.358953","0.816483,0.818604,0.982473,1.006330,0.948268,1.016715,1.008866,0.692005,0.958679,0.785816,0.983678,0.890532,0.760401,1.202422,1.008258,0.717816,0.813874,0.745106,1.054451,0.750461",,
80,2502,66.0,30.88888888888889,0.44752321376381066,0.8836957940033504,29.227653980255127,249,"29.029428,28.128326","0.814562,0.816646,0.975888,1.002228,0.940209,1.006692,1.005212,0.684110,0.955114,0.784394,0.988703,0.878388,0.753214,1.203688,1.005266,0.706959,0.806915,0.740022,1.052730,0.744899",,
81,2528,26.0,30.829268292682926,0.44304798162617254,0.9508106112480164,29.55280876159668,251,"29.245714,28.328716","0.813910,0.816316,0.974357,1.000743,0.937814,1.004225,1.004213,0.682035,0.954707,0.784088,0.990257,0.874659,0.751061,1.203903,1.004163,0.704622,0.804818,0.738478,1.052219,0.743870",,
82,2551,23.0,30.734939759036145,0.4386175018099108,0.8428027629852295,29.936076641082764,254,"29.545786,28.666279","0.812667,0.815850,0.972291,0.998028,0.934163,1.000649,1.002819,0.678791,0.953715,0.783817,0.992599,0.868852,0.748012,1.204514,1.002725,0.701124,0.801962,0.736381,1.050910,0.742422",,
83,2566,15.0,30.547619047619047,0.4342313267918117,0.621570348739624,30.131892919540405,255,"29.642458,28.784740","0.812300,0.815715,0.971386,0.997284,0.932952,0.999499,1.002145,0.677646,0.953518,0.783813,0.993332,0.866875,0.746929,1.204705,1.002208,0.699636,0.800981,0.735552,1.050774,0.741768",,
84,2636,70.0,31.011764705882353,0.4298890135238936,2.2425976310457503,31.162039041519165,262,"30.265491,29.541901","0.809304,0.816004,0.966440,0.993325,0.924933,0.994014,0.997882,0.671370,0.950942,0.784229,0.995117,0.856095,0.740265,1.205008,0.999426,0.689690,0.794540,0.729278,1.051517,0.737434",,
85,2667,31.0,31.011627906976745,0.42559012338865465,1.227656324704488,31.606131553649902,265,"30.542255,29.845072","0.808475,0.815968,0.964793,0.990631,0.922057,0.990508,0.995989,0.668347,0.950312,0.783782,0.996439,0.851250,0.737591,1.204963,0.997999,0.685526,0.792108,0.726178,1.052211,0.735583",,
86,2700,33.0,31.03448275862069,0.4213342221547681,0.3606962189078331,32.20838141441345,269,"30.937651,30.196390","0.807608,0.817113,0.961166,0.985610,0.917621,0.988736,0.992927,0.664376,0.949046,0.783860,0.998921,0.844946,0.734503,1.204498,0.995829,0.680062,0.789042,0.723044,1.054187,0.732978",,
87,2726,26.0,30.977272727272727,0.41712087993322045,0.3870651125907898,32.52413296699524,271,"31.140289,30.385307","0.806904,0.817451,0.959304,0.983255,0.915074,0.987833,0.991019,0.662352,0.947485,0.783982,1.000112,0.841804,0.732507,1.204326,0.994837,0.677230,0.786984,0.721908,1.055073,0.731570",,
88,2768,42.0,31.10112359550562,0.41294967113388825,1.4480642229318619,33.12936735153198,275,"31.559959,30.752008","0.806050,0.817286,0.956540,0.977250,0.910349,0.984297,0.988283,0.658643,0.944906,0.783466,1.003194,0.835606,0.728691,1.204338,0.992902,0.672732,0.783144,0.719058,1.054669,0.729634",,
89,2800,32.0,31.11111111111111,0.40882017442254937,1.21686489880085,33.66772389411926,279,"31.966244,31.133276","0.805374,0.816815,0.953775,0.971702,0.906386,0.979741,0.985970,0.655002,0.942423,0.782730,1.006516,0.829132,0.725643,1.204600,0.990900,0.668463,0.780061,0.716510,1.052410,0.728121",,
90,2841,41.0,31.21978021978022,0.4047319726783239,0.30259544402360916,34.27789640426636,283,"32.388603,31.521927","0.804244,0.815618,0.950174,0.966770,0.901912,0.973945,0.982694,0.651322,0.939288,0.781830,1.010935,0.822691,0.721388,1.205367,0.988148,0.664356,0.775859,0.712885,1.050007,0.726577",,
91,2900,59.0,31.52173913043478,0.40068465295154065,2.389474297563235,35.120566844940186,289,"32.997463,32.075500","0.803434,0.815737,0.943851,0.960416,0.893615,0.966484,0.977670,0.646520,0.936463,0.780380,1.015694,0.813827,0.715948,1.205600,0.984222,0.657348,0.770136,0.706103,1.048623,0.724022",,
92,2942,42.0,31.634408602150536,0.39667780642202527,1.2748700678348541,35.717559814453125,293,"33.337379,32.496719","0.803251,0.815803,0.940024,0.957530,0.887717,0.961533,0.975365,0.643406,0.935221,0.778952,1.018261,0.808197,0.712763,1.205330,0.982240,0.650772,0.766578,0.702325,1.048172,0.721012",,
93,2992,50.0,31.829787234042552,0.392711028357805,1.2054523468017577,36.40349340438843,298,"33.757221,33.058781","0.801173,0.814833,0.935790,0.955864,0.880952,0.955987,0.972680,0.639073,0.935009,0.777639,1.022074,0.800737,0.707637,1.205477,0.980357,0.643957,0.761288,0.697397,1.046613,0.717685",,
94,3018,26.0,31.768421052631577,0.38878391807422696,1.2354741990566254,36.77814292907715,300,"33.935555,33.276371","0.800229,0.814499,0.934005,0.955012,0.877840,0.953886,0.971401,0.637442,0.935005,0.777350,1.023767,0.797825,0.705518,1.205481,0.979630,0.641366,0.759022,0.695531,1.046038,0.716426",,
95,3073,55.0,32.010416666666664,0.3848960788934847,2.606062948703766,37.74161672592163,306,"34.458195,33.875576","0.796302,0.813825,0.930340,0.952858,0.869536,0.948597,0.969571,0.633134,0.933248,0.777018,1.027441,0.789691,0.699884,1.205891,0.978414,0.634692,0.753237,0.690725,1.043240,0.713707",,
96,3097,24.0,31.927835051546392,0.38104711810454983,1.2642779499292374,38.13764810562134,308,"34.630295,34.066082","0.795033,0.813664,0.929357,0.951618,0.867020,0.947032,0.969220,0.631993,0.932489,0.776967,1.028668,0.787041,0.698160,1.206074,0.977751,0.632703,0.751536,0.689339,1.042234,0.713199",,
97,3131,34.0,31.948979591836736,0.37723664692350434,0.7571571059525013,38.778509855270386,312,"34.981865,34.457523","0.793111,0.812860,0.926954,0.948430,0.862507,0.943385,0.968114,0.629327,0.930792,0.776415,1.031874,0.781457,0.695221,1.206343,0.976396,0.628579,0.748605,0.687294,1.039878,0.711621",,
98,3169,38.0,32.01010101010101,0.37346428045426927,1.5810486276944478,39.40514254570007,315,"35.254574,34.733688","0.792100,0.812264,0.925339,0.946056,0.859515,0.940600,0.967419,0.627608,0.929787,0.775956,1.033736,0.777759,0.693060,1.206413,0.975687,0.625663,0.746552,0.685211,1.038271,0.710350",,
99,3203,34.0,32.03,0.36972963764972655,0.3680175021290779,40.00619673728943,319,"35.653355,35.097000","0.790882,0.811277,0.922861,0.942008,0.855918,0.935943,0.965490,0.624262,0.928723,0.774897,1.036768,0.771741,0.690155,1.206163,0.974060,0.621265,0.743818,0.681996,1.037045,0.708011",39.4,2.5768197453450252
100,3235,32.0,32.22,0.36603234127322926,0.9400124152501425,40.53135919570923,322,"35.972832,35.360909","0.790139,0.810605,0.921064,0.939269,0.853376,0.932475,0.963971,0.621955,0.927771,0.774077,1.038580,0.767375,0.688414,1.205725,0.973089,0.618495,0.742075,0.679770,1.036486,0.706439",,
101,3274,39.0,32.49,0.36237201786049694,1.3627731576561928,41.185707092285156,326,"36.399673,35.725761","0.788576,0.808555,0.918436,0.937328,0.849433,0.925542,0.960961,0.618895,0.926485,0.771615,1.040654,0.761598,0.685723,1.204811,0.971813,0.614802,0.739359,0.675484,1.035193,0.704192",,
102,3312,38.0,32.65,0.358748297681892,1.6866021752357483,41.78425145149231,330,"36.787846,36.118885","0.786513,0.806853,0.916643,0.934960,0.845038,0.919328,0.958776,0.616179,0.925146,0.769379,1.042417,0.756040,0.683722,1.203932,0.970957,0.611814,0.737110,0.671853,1.032902,0.702475",,
103,3397,85.0,33.32,0.35516081470507305,2.115073088556528,43.13326168060303,338,"37.456753,36.904949","0.783148,0.803638,0.914618,0.931042,0.838256,0.908256,0.957619,0.611000,0.922898,0.764234,1.044540,0.745747,0.681463,1.202145,0.970557,0.606963,0.734322,0.666284,1.028006,0.699282",,
104,3423,26.0,32.96,0.3516092065580223,0.9949348966280619,43.486736536026,341,"37.708237,37.193218","0.780902,0.802662,0.913250,0.929810,0.835465,0.904741,0.956507,0.609029,0.921985,0.762447,1.045380,0.742271,0.679524,1.201652,0.970264,0.604534,0.732436,0.663705,1.026824,0.697582",,
105,3474,51.0,33.36,0.34809311449244207,1.3777638792991638,44.28948259353638,346,"38.124729,37.626919","0.777323,0.802120,0.910552,0.926611,0.830527,0.900453,0.953807,0.605938,0.919282,0.760621,1.047286,0.736625,0.675617,1.201031,0.968849,0.600195,0.728237,0.659725,1.026098,0.695042",,
106,3512,38.0,33.52,0.34461218334751764,0.7286187782883644,44.84930467605591,350,"38.474041,37.959042","0.775524,0.801557,0.907924,0.923405,0.826733,0.897264,0.951951,0.604188,0.917991,0.759639,1.050024,0.731978,0.672636,1.201101,0.966553,0.596970,0.724942,0.656361,1.025231,0.693764",,
107,3555,43.0,33.45,0.34116606151404244,1.4013374671339989,45.50498819351196,354,"38.849377,38.304436","0.773898,0.800107,0.904724,0.919629,0.823139,0.893024,0.949202,0.602116,0.916667,0.757663,1.053430,0.726850,0.668730,1.200826,0.964035,0.592772,0.720794,0.651891,1.024578,0.691521",,
108,3592,37.0,33.71,0.337754400898902,0.30034051463007927,46.13506078720093,358,"39.251759,38.669262","0.771973,0.798080,0.900690,0.913743,0.819285,0.887887,0.945466,0.599339,0.915573,0.755212,1.058678,0.720578,0.664507,1.200775,0.961273,0.588774,0.716395,0.647234,1.023444,0.689153",,
109,3624,32.0,33.79,0.334376856889913,1.7203245759010315,46.697508573532104,361,"39.538368,38.957890","0.770691,0.796600,0.898308,0.909943,0.816628,0.884029,0.943281,0.597282,0.914972,0.753580,1.061428,0.716225,0.662039,1.200411,0.959665,0.585815,0.713774,0.644271,1.022591,0.687317",,
110,3674,50.0,34.06,0.33103308832101386,2.361405521631241,47.55062937736511,366,"39.989338,39.445976","0.769623,0.794364,0.894937,0.905409,0.812440,0.877536,0.941370,0.594627,0.914691,0.750069,1.064669,0.709746,0.659302,1.198810,0.956986,0.579319,0.710761,0.640203,1.021327,0.683475",,
111,3715,41.0,34.32,0.3277227574378037,1.315059371292591,48.20347809791565,370,"40.334202,39.828400","0.769069,0.793236,0.892284,0.901826,0.810357,0.873085,0.940260,0.592387,0.913892,0.747342,1.067523,0.705007,0.655922,1.197636,0.954818,0.573952,0.706908,0.636402,1.020002,0.680830",,
112,3782,67.0,34.89,0.3244455298634257,0.889801636338234,49.36531639099121,377,"40.942867,40.491936","0.768612,0.791954,0.889374,0.895436,0.807153,0.865539,0.938656,0.588072,0.912331,0.743103,1.070639,0.697247,0.650681,1.195373,0.953231,0.567265,0.701430,0.630870,1.016967,0.677002",,
113,3826,44.0,35.05,0.3212010745647914,0.34805265814065933,50.01673245429993,381,"41.272415,40.895565","0.767597,0.791096,0.887320,0.892425,0.804069,0.861174,0.936409,0.584613,0.909890,0.740996,1.072481,0.692165,0.647679,1.194408,0.952646,0.563635,0.698583,0.628643,1.016155,0.674151",,
114,3862,36.0,35.26,0.3179890638191435,1.4309443905949593,50.63184714317322,385,"41.615360,41.270496","0.766530,0.790351,0.885144,0.887682,0.801247,0.857282,0.934315,0.580629,0.907138,0.739061,1.075516,0.686200,0.645013,1.193550,0.951927,0.561136,0.696038,0.627286,1.015113,0.671766",,
115,3894,32.0,35.42,0.31480917318095203,0.9361416896184286,51.16115355491638,388,"41.873413,41.531433","0.765794,0.790207,0.883335,0.883707,0.799052,0.855326,0.932673,0.577880,0.905681,0.738387,1.078074,0.681765,0.643322,1.193077,0.951064,0.559803,0.694266,0.626778,1.014260,0.670420",,
116,3929,35.0,35.61,0.3116610814491425,1.002916192015012,51.66286611557007,391,"42.144253,41.784836","0.765242,0.790243,0.881275,0.880010,0.796508,0.853456,0.930656,0.575656,0.904468,0.738133,1.080669,0.677564,0.641297,1.192841,0.949736,0.558169,0.692242,0.625526,1.013655,0.669143",,
117,3977,48.0,35.85,0.30854447063465107,0.7290532529354096,52.45770478248596,396,"42.626549,42.178482","0.763998,0.789054,0.878253,0.874304,0.792074,0.848993,0.927390,0.572412,0.902080,0.736949,1.085043,0.670807,0.637605,1.192208,0.947441,0.555383,0.688381,0.622814,1.012234,0.667291",,
118,4020,43.0,35.96,0.30545902592830454,0.7324110090732574,53.200501441955566,401,"43.096161,42.586082","0.762775,0.787761,0.874140,0.868408,0.787848,0.844494,0.923395,0.569268,0.899125,0.735726,1.090117,0.664157,0.634077,1.192068,0.944302,0.552605,0.684584,0.619963,1.011047,0.665363",,
119,4055,35.0,36.12,0.3024044356690215,1.9392429292201996,53.775994539260864,404,"43.360073,42.835907","0.761774,0.787377,0.871581,0.864864,0.785339,0.842260,0.921106,0.567256,0.897110,0.735345,1.092734,0.660199,0.632283,1.192055,0.942709,0.551265,0.682596,0.618772,1.010358,0.664115",,
120,4110,55.0,36.5,0.29938039131233124,0.6377257059017817,54.813430309295654,410,"43.910862,43.324650","0.759881,0.785556,0.867318,0.857688,0.780631,0.836222,0.917278,0.563688,0.894170,0.733910,1.097916,0.652552,0.628875,1.191851,0.939856,0.549119,0.678685,0.616074,1.007260,0.662288",,
121,4158,48.0,36.46,0.2963865873992079,1.5583746582269669,55.55584716796875,414,"44.254379,43.662800","0.757895,0.784283,0.863137,0.852976,0.775553,0.831703,0.913531,0.560787,0.891238,0.732096,1.102046,0.647391,0.625770,1.192168,0.937168,0.547388,0.675157,0.614451,1.004460,0.660807",,
122,4193,35.0,36.71,0.29342272152521587,0.37129005789756775,56.241599559783936,418,"44.562840,44.076607","0.755127,0.781892,0.859099,0.850059,0.769728,0.826182,0.909988,0.558033,0.889374,0.728622,1.104738,0.642511,0.623049,1.191348,0.934722,0.543101,0.672080,0.611992,1.002251,0.657297",,
123,4246,53.0,37.03,0.2904884943099637,1.2443244695663451,57.217419385910034,423,"44.946270,44.572239","0.752760,0.780545,0.854567,0.846616,0.763302,0.821515,0.906152,0.554769,0.888312,0.725482,1.106474,0.636663,0.620408,1.189811,0.932624,0.537649,0.668907,0.609149,1.001364,0.652767",,
124,4286,40.0,37.11,0.28758360936686406,1.5817382521927357,57.94735765457153,427,"45.264603,44.904594","0.750361,0.780419,0.851863,0.843335,0.758566,0.819125,0.903815,0.552607,0.887191,0.724301,1.107782,0.632190,0.616427,1.189245,0.931615,0.534597,0.664649,0.605490,1.000701,0.650587",,
125,4324,38.0,36.43,0.2847077732731954,1.9538519084453583,58.60953402519226,431,"45.608307,45.223686","0.748743,0.779889,0.848754,0.838611,0.754382,0.815843,0.900876,0.550331,0.885974,0.722872,1.110165,0.627072,0.613047,1.188596,0.929087,0.532510,0.660960,0.601950,0.999869,0.649077",,
126,4351,27.0,36.49,0.28186069554046345,1.145177682240804,59.0540566444397,434,"45.879242,45.462349","0.748395,0.779671,0.845285,0.835009,0.751375,0.813053,0.897949,0.548500,0.884970,0.721736,1.112591,0.622904,0.610951,1.188118,0.926766,0.530258,0.658641,0.599084,0.999211,0.647420",,
127,4386,35.0,36.62,0.2790420885850588,1.1091526448726654,59.6232008934021,437,"46.147861,45.701359","0.748270,0.779449,0.841553,0.831391,0.748631,0.810511,0.894962,0.546401,0.884098,0.720581,1.115248,0.618498,0.609141,1.187603,0.924229,0.527890,0.656640,0.597033,0.998885,0.645455",,
128,4444,58.0,36.64,0.2762516676992082,1.1098161016901333,60.61103129386902,443,"46.603886,46.198627","0.746614,0.778546,0.834444,0.826566,0.741218,0.805817,0.889800,0.544118,0.883957,0.717398,1.118346,0.612052,0.606065,1.185519,0.919546,0.523221,0.653001,0.592678,0.999023,0.641231",,
129,4491,47.0,36.87,0.27348915102221616,0.7779457181692123,61.411131858825684,448,"47.021442,46.594936","0.744011,0.776386,0.827989,0.822620,0.735655,0.801318,0.884174,0.541776,0.882305,0.714810,1.121487,0.606514,0.602639,1.183724,0.916048,0.519831,0.648886,0.589565,0.998530,0.637643",,
130,4537,46.0,37.17,0.270754259511994,2.1390591487288475,62.176379919052124,452,"47.329510,46.905121","0.741541,0.774934,0.823775,0.819391,0.731734,0.797818,0.880935,0.539690,0.881936,0.712542,1.124041,0.602244,0.599140,1.182664,0.912838,0.517459,0.645028,0.585577,0.997709,0.635353",,
131,4591,54.0,36.9,0.26804671691687404,1.0479961261153221,63.156349658966064,458,"47.757435,47.421692","0.738018,0.772696,0.818349,0.815687,0.726272,0.792331,0.877086,0.536200,0.881885,0.708965,1.126858,0.596002,0.594984,1.181105,0.909415,0.513208,0.640622,0.580520,0.994223,0.630506",,
132,4628,37.0,37.08,0.2653662497477053,1.144051228960355,63.682530641555786,461,"47.952591,47.695278","0.736397,0.771063,0.815943,0.814765,0.723535,0.788897,0.875986,0.535352,0.882213,0.706746,1.128424,0.593700,0.593464,1.180553,0.907775,0.511316,0.638985,0.578463,0.991271,0.628590",,
133,4657,29.0,36.88,0.2627125872502282,0.21670690178871155,64.1648120880127,464,"48.161789,47.962418","0.734740,0.769282,0.813409,0.813127,0.721150,0.785300,0.874515,0.534177,0.882151,0.704531,1.130583,0.591037,0.591361,1.180301,0.905588,0.509578,0.636694,0.575861,0.988399,0.626875",,
134,4690,33.0,36.97,0.2600854613777259,0.9192805327475071,64.81593370437622,468,"48.475281,48.276340","0.732063,0.767296,0.809933,0.810562,0.717611,0.781249,0.872101,0.532920,0.881243,0.702201,1.133330,0.587568,0.587590,1.180067,0.902792,0.507550,0.632262,0.571656,0.984644,0.625159",,
135,4743,53.0,37.01,0.2574846067639487,1.2571714133024217,65.82694363594055,473,"48.863598,48.632618","0.729670,0.766062,0.806000,0.807329,0.714541,0.778042,0.870209,0.531255,0.879135,0.700701,1.136552,0.583196,0.583860,1.180225,0.900341,0.505616,0.628019,0.567342,0.980617,0.623470",,
136,4788,45.0,37.3,0.2549097606963092,1.4575753957033157,66.56432485580444,477,"49.156933,48.943119","0.728086,0.764242,0.804055,0.804764,0.712642,0.774836,0.869689,0.529546,0.878424,0.699267,1.138408,0.579433,0.581486,1.180132,0.898677,0.504571,0.625480,0.564323,0.977501,0.621928",,
137,4817,29.0,37.34,0.2523606630893461,2.054081380367279,67.1393620967865,480,"49.375957,49.168194","0.727731,0.763284,0.802839,0.803573,0.711087,0.772883,0.869615,0.528455,0.878756,0.698244,1.138450,0.576936,0.580364,1.179268,0.897917,0.503117,0.624196,0.562801,0.975977,0.620384",,
138,4865,48.0,37.52,0.24983705645845267,1.2300372004508973,68.08111715316772,485,"49.768406,49.512325","0.727590,0.761212,0.800294,0.803311,0.708589,0.769733,0.869193,0.526832,0.879361,0.696320,1.137564,0.573311,0.578853,1.177400,0.896745,0.499516,0.622414,0.559671,0.974208,0.616817",,
139,4912,47.0,37.82,0.24733868589386815,0.8384951293468476,68.90413522720337,490,"50.186043,49.842934","0.725962,0.758141,0.796313,0.803780,0.704828,0.765413,0.867493,0.524947,0.880162,0.693559,1.136858,0.568812,0.575636,1.175490,0.895345,0.494922,0.619032,0.554838,0.973014,0.612157",,
140,4973,61.0,38.17,0.24486529903492946,2.948018431663513,69.94143414497375,496,"50.621006,50.218632","0.724527,0.754632,0.793457,0.805239,0.701267,0.759758,0.866822,0.524234,0.880388,0.689717,1.135881,0.565542,0.572864,1.173342,0.894553,0.489874,0.616142,0.549487,0.971835,0.607651",,
141,5025,52.0,38.4,0.24241664604458016,0.2294541299343109,70.9057846069336,501,"50.952435,50.586605","0.723735,0.751613,0.791305,0.805411,0.698938,0.754857,0.865789,0.522442,0.879650,0.686090,1.135398,0.562318,0.571626,1.171264,0.894093,0.486481,0.614724,0.546085,0.969209,0.603953",,
142,5080,55.0,38.78,0.23999247958413436,2.0112832921246686,72.00001692771912,507,"51.369759,51.001335","0.723396,0.748777,0.788537,0.803160,0.697667,0.749599,0.865044,0.520298,0.877955,0.682883,1.136459,0.557890,0.570227,1.169511,0.892564,0.484107,0.613140,0.542338,0.965527,0.601668",,
143,5137,57.0,39.11,0.23759255478829303,1.4642488747835158,73.00324773788452,512,"51.676445,51.372330","0.721049,0.745902,0.785632,0.801899,0.696281,0.744387,0.864946,0.519565,0.876343,0.679154,1.137167,0.554773,0.568172,1.168529,0.890200,0.483051,0.610889,0.537485,0.963128,0.600604",,
144,5185,48.0,39.42,0.2352166292404101,0.7786223948001861,73.91748929023743,517,"51.972923,51.744461","0.718450,0.744204,0.782784,0.801021,0.693488,0.740677,0.864634,0.518516,0.873853,0.676166,1.136959,0.551881,0.566244,1.167411,0.888832,0.481360,0.608451,0.532444,0.961223,0.598760",,
145,5226,41.0,39.29,0.232864462948006,0.9961010999977589,74.73262119293213,521,"52.232307,52.041725","0.715755,0.742724,0.781195,0.799980,0.691250,0.737919,0.864252,0.517158,0.872724,0.674054,1.137034,0.549265,0.564429,1.166447,0.887995,0.479466,0.606330,0.529089,0.959994,0.596931",,
146,5276,50.0,39.45,0.23053581831852593,0.7357180759310722,75.78526639938354,526,"52.590618,52.397011","0.711724,0.741310,0.779125,0.798164,0.688321,0.735354,0.863258,0.514909,0.871666,0.671687,1.137069,0.545567,0.561575,1.165103,0.886675,0.476725,0.603076,0.524972,0.958785,0.593918",,
147,5325,49.0,39.46,0.22823046013534068,1.969341553747654,76.76498770713806,531,"52.972416,52.749973","0.707173,0.738764,0.776702,0.796069,0.686188,0.731741,0.861630,0.513248,0.869936,0.668594,1.137720,0.542126,0.557483,1.163724,0.884323,0.473668,0.598359,0.520346,0.957741,0.591246",,
148,5366,41.0,39.49,0.22594815553398728,0.10567056946456432,77.5046157836914,535,"53.256489,53.039280","0.704462,0.737422,0.775149,0.793680,0.684108,0.729704,0.860668,0.511511,0.870084,0.666985,1.138276,0.539164,0.554586,1.163000,0.883005,0.471690,0.595138,0.517545,0.956994,0.589561",,
149,5395,29.0,39.56,0.22368867397864742,0.13864961514870325,78.08182501792908,538,"53.463284,53.255745","0.703220,0.736804,0.773449,0.791706,0.682355,0.728423,0.859496,0.510232,0.870590,0.665991,1.138862,0.536963,0.552972,1.162533,0.881912,0.470267,0.593196,0.515691,0.956394,0.588337",45.6,3.7735924528226414
150,5431,36.0,39.49,0.22145178723886094,3.7908020988106728,78.78301453590393,542,"53.705982,53.513649","0.701430,0.735282,0.771955,0.791434,0.680548,0.726298,0.858819,0.509867,0.870716,0.664306,1.138340,0.535801,0.551179,1.161762,0.881814,0.468544,0.591049,0.513394,0.955801,0.586581",,
151,5468,37.0,39.57,0.21923726936647234,2.112801745533943,79.40940475463867,545,"53.878738,53.692020","0.700276,0.734961,0.771054,0.791459,0.679342,0.725753,0.858854,0.509486,0.870719,0.663664,1.137569,0.534995,0.550096,1.161301,0.882053,0.466973,0.589824,0.512055,0.955594,0.585169",,
152,5505,37.0,39.68,0.2170448966728076,1.5451586488634348,80.11113977432251,549,"54.113625,53.900440","0.698450,0.734586,0.769812,0.791828,0.677765,0.725553,0.858896,0.509687,0.870919,0.663352,1.136284,0.534306,0.548800,1.160682,0.882303,0.465507,0.588254,0.511024,0.955335,0.583746",,
153,5565,60.0,40.04,0.21487444770607952,0.15784037237366041,81.21222758293152,555,"54.495800,54.238297","0.694708,0.732697,0.766815,0.790467,0.674873,0.723149,0.857619,0.508859,0.869315,0.660982,1.134787,0.532154,0.546391,1.159488,0.880874,0.464369,0.585577,0.508328,0.954264,0.581448",,
154,5635,70.0,40.41,0.21272570322901874,0.5946775579026767,82.44374966621399,562,"54.980133,54.622192","0.691318,0.731927,0.761499,0.785204,0.671692,0.719949,0.854870,0.506010,0.866996,0.659025,1.136091,0.527384,0.542541,1.159892,0.876781,0.463450,0.581816,0.502607,0.952948,0.579224",,
155,5681,46.0,40.64,0.21059844619672854,1.408054393529892,83.35683488845825,567,"55.305767,54.945160","0.686924,0.729654,0.757489,0.782393,0.667541,0.716375,0.852300,0.504294,0.864831,0.656989,1.137640,0.524048,0.539398,1.159978,0.874747,0.462243,0.578589,0.498608,0.950838,0.577052",,
156,5747,66.0,40.94,0.20849246173476127,2.696815441052119,84.50279116630554,573,"55.648804,55.373417","0.682886,0.727310,0.753654,0.781335,0.662592,0.712975,0.850004,0.503514,0.862452,0.654921,1.138147,0.521387,0.536872,1.159214,0.873453,0.459122,0.575676,0.495471,0.948753,0.573914",,
157,5796,49.0,40.91,0.20640753711741366,0.8153164923191071,85.39246916770935,578,"55.905666,55.740067","0.680273,0.725387,0.750949,0.781809,0.658472,0.709654,0.848648,0.502856,0.860895,0.652320,1.137503,0.519638,0.534409,1.158231,0.873373,0.454834,0.573016,0.492033,0.947122,0.570372",,
158,5869,73.0,41.24,0.20434346174623952,1.4093836290495736,86.58219575881958,585,"56.316292,56.156288","0.678367,0.725381,0.746766,0.782498,0.653054,0.707819,0.847081,0.501773,0.858059,0.650253,1.135535,0.517913,0.532319,1.157486,0.872491,0.449555,0.570392,0.488652,0.947380,0.566076",,
159,5960,91.0,41.83,0.20230002712877712,0.7121194057166577,88.24844121932983,595,"56.973305,56.690094","0.676125,0.725942,0.742016,0.779921,0.646874,0.705701,0.847531,0.499777,0.857679,0.647934,1.134000,0.513736,0.529763,1.156530,0.869571,0.445683,0.567281,0.483602,0.945574,0.562967",,
160,6067,107.0,42.69,0.20027702685748935,1.3415629275143146,90.02751159667969,605,"57.582493,57.371147","0.673416,0.722680,0.738639,0.778283,0.639532,0.698422,0.846757,0.499842,0.861625,0.643360,1.132458,0.511980,0.526974,1.155816,0.866648,0.442979,0.562693,0.473697,0.943147,0.560288",,
161,6106,39.0,42.78,0.19827425658891445,2.7253828831017017,90.68534255027771,609,"57.857216,57.628464","0.672532,0.719578,0.737720,0.776406,0.637936,0.693681,0.846399,0.499455,0.865320,0.640312,1.133010,0.510606,0.525630,1.155001,0.864963,0.442449,0.560647,0.468968,0.942535,0.559662",,
162,6144,38.0,42.82,0.1962915140230253,1.6758135929703712,91.3742983341217,613,"58.120720,57.872738","0.669998,0.716716,0.736544,0.774385,0.634923,0.690130,0.844924,0.498898,0.870845,0.637532,1.133592,0.508765,0.524003,1.154458,0.863756,0.442952,0.557745,0.466111,0.941233,0.558754",,
163,6219,75.0,43.36,0.19432859888279505,2.048588522842952,92.78424191474915,620,"58.546738,58.335304","0.665831,0.712975,0.734450,0.770165,0.628842,0.685237,0.842976,0.496818,0.879311,0.633745,1.134274,0.504307,0.520202,1.153131,0.862273,0.443015,0.552864,0.462360,0.938058,0.556487",,
164,6263,44.0,43.49,0.1923853128939671,1.4482617482542992,93.5791244506836,625,"58.871231,58.654713","0.663295,0.711471,0.732578,0.766811,0.623250,0.681853,0.841937,0.494606,0.885245,0.631070,1.134279,0.500827,0.516172,1.151993,0.860530,0.442286,0.548681,0.457503,0.936960,0.554802",,
165,6303,40.0,43.69,0.19046145976502743,1.694956786930561,94.31258463859558,629,"59.136772,58.901047","0.661066,0.709919,0.730787,0.764877,0.618612,0.678872,0.840876,0.493160,0.888600,0.628752,1.134385,0.498165,0.511909,1.151034,0.858885,0.441628,0.544731,0.453991,0.935918,0.553405",,
166,6371,68.0,44.12,0.18855684516737714,1.4510277722563063,95.60055708885193,636,"59.602997,59.363678","0.658975,0.706454,0.728432,0.760586,0.612511,0.672940,0.839432,0.490507,0.891753,0.624830,1.134443,0.493854,0.504163,1.148930,0.856760,0.440788,0.538212,0.448890,0.932457,0.551483",,
167,6479,108.0,44.86,0.18667127671570335,2.101198120415211,97.59526348114014,646,"60.190952,59.976101","0.661076,0.703829,0.723633,0.757382,0.610393,0.667734,0.838323,0.486478,0.892233,0.620363,1.135489,0.489064,0.497897,1.147509,0.856162,0.435215,0.532530,0.442808,0.928541,0.546400",,
168,6557,78.0,45.34,0.18480456394854633,0.5589754218235612,99.0443639755249,654,"60.660446,60.466488","0.660726,0.701208,0.719443,0.755011,0.608109,0.663555,0.835905,0.483653,0.892188,0.616911,1.136594,0.484843,0.494143,1.146598,0.854411,0.430920,0.528651,0.439251,0.927831,0.542168",,
169,6653,96.0,45.84,0.18295651830906087,1.2200776562094688,100.83317971229553,664,"61.290901,61.019165","0.662533,0.699926,0.715088,0.747871,0.598634,0.659670,0.832743,0.476369,0.900440,0.615146,1.138912,0.476256,0.485240,1.147428,0.853325,0.426698,0.519290,0.435477,0.926171,0.537925",,
170,6716,63.0,46.01,0.18112695312597027,1.2926969975233078,101.88338923454285,670,"61.657692,61.409863","0.662521,0.698366,0.712611,0.742465,0.592779,0.654855,0.830559,0.470262,0.901147,0.611486,1.140020,0.469693,0.477763,1.146868,0.853680,0.422936,0.513292,0.430146,0.924907,0.532983",,
171,6776,60.0,46.07,0.17931568359471056,0.6984964807828268,103.35740447044373,676,"62.001270,61.827038","0.662871,0.696229,0.709860,0.739057,0.587242,0.649473,0.827818,0.466525,0.902201,0.606455,1.140251,0.465165,0.471729,1.144721,0.853033,0.417806,0.508033,0.424707,0.924187,0.527647",,
172,6810,34.0,45.78,0.17752252675876345,1.898001940920949,104.22253394126892,680,"62.207199,62.106216","0.664472,0.695674,0.708122,0.737443,0.583714,0.646955,0.826285,0.464604,0.903722,0.603533,1.139598,0.462612,0.469266,1.142931,0.852297,0.413660,0.505694,0.422077,0.924164,0.523979",,
173,6865,55.0,46.07,0.17574730149117582,2.2464338660240175,105.52963066101074,685,"62.511826,62.425495","0.666046,0.694885,0.706398,0.735232,0.579226,0.643973,0.825235,0.462458,0.905583,0.600860,1.138858,0.459712,0.464858,1.141090,0.851545,0.411173,0.501954,0.418195,0.922827,0.521409",,
174,6884,19.0,46.07,0.17398982847626407,1.930345807224512,106.32616662979126,687,"62.639317,62.527668","0.666600,0.694527,0.706043,0.734619,0.578169,0.643279,0.825537,0.461885,0.906369,0.600228,1.138443,0.458888,0.463661,1.140435,0.851311,0.410896,0.500921,0.417189,0.922220,0.521072",,
175,6927,43.0,46.17,0.17224993019150142,0.15322830900549889,108.26183247566223,691,"62.917454,62.724735","0.667042,0.692933,0.705040,0.733183,0.576489,0.641598,0.825506,0.460341,0.907551,0.599198,1.138056,0.456785,0.461589,1.139287,0.850440,0.410211,0.498981,0.415989,0.921621,0.520149",,
176,7067,140.0,47.27,0.1705274308895864,1.5865203003798212,114.56873369216919,705,"63.745033,63.563911","0.669726,0.691547,0.699721,0.727969,0.564292,0.636315,0.822997,0.455409,0.908716,0.597036,1.134529,0.450049,0.456070,1.134871,0.852530,0.405902,0.493494,0.411893,0.918740,0.514390",,
177,7107,40.0,47.22,0.16882215658069055,1.8589369878172874,116.22469115257263,709,"63.918926,63.806358","0.671170,0.692188,0.699154,0.726263,0.560756,0.635049,0.822784,0.453567,0.909060,0.596051,1.132755,0.448361,0.454766,1.133552,0.853826,0.405110,0.492509,0.409993,0.917372,0.512288",,
178,7227,120.0,48.28,0.16713393501488363,1.6309777842834592,121.41972422599792,721,"64.557671,64.373177","0.672800,0.691816,0.697157,0.720123,0.555511,0.631234,0.823361,0.449943,0.908297,0.593917,1.131790,0.444536,0.451731,1.131157,0.853801,0.404356,0.490143,0.407118,0.913828,0.511139",,
179,7267,40.0,48.31,0.16546259566473479,1.0237667672336102,123.51577925682068,725,"64.813560,64.547081","0.672322,0.690980,0.695989,0.717995,0.554189,0.628905,0.823212,0.449089,0.907837,0.592340,1.132087,0.443176,0.449532,1.130461,0.852451,0.404036,0.488272,0.404603,0.913229,0.511130",,
180,7327,60.0,48.25,0.16380796970808745,0.7734935916960239,126.51368165016174,731,"65.215736,64.832008","0.669428,0.688524,0.693758,0.713006,0.550569,0.624100,0.821857,0.446200,0.908262,0.588884,1.134685,0.439189,0.443310,1.129819,0.849659,0.403846,0.482685,0.400009,0.911845,0.510947",,
181,7410,83.0,48.82,0.16216989001100657,2.619159324301614,130.57657647132874,740,"65.708420,65.372238","0.658311,0.682510,0.691860,0.708046,0.542889,0.617831,0.820621,0.442897,0.908223,0.585106,1.137737,0.433543,0.432865,1.127169,0.848169,0.403392,0.471546,0.396759,0.910472,0.509415",,
182,7504,94.0,49.53,0.1605481911108965,2.1138176938725843,134.99845147132874,749,"66.139015,65.974213","0.642900,0.674466,0.691163,0.708332,0.531275,0.611938,0.820053,0.444054,0.905630,0.582490,1.136922,0.430854,0.421655,1.123045,0.848156,0.401067,0.457320,0.393770,0.910426,0.506167",,
183,7534,30.0,49.68,0.15894270919978754,2.3972447365522385,136.37314343452454,752,"66.300156,66.151840","0.640509,0.673067,0.690309,0.707947,0.527322,0.610497,0.819533,0.444500,0.907445,0.581566,1.136739,0.430230,0.419011,1.121912,0.847342,0.399847,0.453458,0.392268,0.910982,0.505677",,
184,7590,56.0,49.54,0.15735328210778965,0.13132443527380624,139.30661034584045,758,"66.679756,66.523590","0.634190,0.669931,0.687286,0.704362,0.518688,0.604042,0.816201,0.442398,0.909801,0.577057,1.137770,0.426638,0.408324,1.120603,0.844515,0.396941,0.441794,0.384286,0.910760,0.504155",,
185,7692,102.0,50.25,0.15577974928671176,5.1508411973714825,143.94491004943848,768,"67.195351,67.074524","0.626512,0.664680,0.685196,0.702502,0.510024,0.595388,0.815116,0.442866,0.909465,0.571013,1.139364,0.425130,0.396721,1.120456,0.840531,0.396668,0.428690,0.374552,0.907263,0.506213",,
186,7741,49.0,50.41,0.15422195179384465,0.15099750310182572,146.14606642723083,773,"67.454002,67.306587","0.620042,0.661834,0.685538,0.702246,0.505920,0.590878,0.816176,0.444579,0.906746,0.567809,1.140528,0.425189,0.392591,1.120198,0.840294,0.397939,0.423872,0.373530,0.902719,0.508478",,
187,7774,33.0,50.48,0.1526797322759062,0.08407929291327794,147.65370082855225,776,"67.609253,67.463943","0.616076,0.659683,0.684924,0.701516,0.504149,0.587783,0.815522,0.444565,0.904257,0.565193,1.141140,0.424337,0.389739,1.119527,0.840359,0.397939,0.421061,0.372702,0.900493,0.508099",,
188,7876,102.0,51.08,0.15115293495314713,0.8661305569112301,152.11847472190857,786,"68.188248,67.994972","0.603491,0.652290,0.680917,0.697200,0.495949,0.578680,0.812175,0.442191,0.898189,0.558780,1.142498,0.419932,0.378747,1.116610,0.838531,0.397493,0.410074,0.371556,0.895962,0.506502",,
189,7996,120.0,51.96,0.14964140560361566,1.3906727883343895,157.82668590545654,798,"68.852234,68.586571","0.597885,0.646562,0.675654,0.690970,0.490129,0.569775,0.807302,0.439577,0.893772,0.553169,1.144761,0.415424,0.370415,1.116082,0.835462,0.396071,0.401625,0.368249,0.894392,0.505357",,
190,8063,67.0,52.22,0.1481449915475795,1.684477532548564,160.86745953559875,805,"69.163857,69.080208","0.594535,0.641960,0.674594,0.687929,0.489305,0.563350,0.804252,0.436893,0.889948,0.549242,1.145343,0.413427,0.368832,1.114264,0.834147,0.395898,0.398792,0.366121,0.891547,0.504293",,
191,8138,75.0,52.38,0.1466635416321037,1.8076213151216507,164.31205487251282,812,"69.475082,69.521217","0.592324,0.637215,0.673904,0.685241,0.488532,0.554790,0.801630,0.433414,0.884627,0.543904,1.145265,0.410910,0.364861,1.112936,0.833066,0.393871,0.395210,0.360637,0.889583,0.501767",,
192,8165,27.0,52.23,0.14519690621578268,1.4312935123840969,165.8805911540985,815,"69.644791,69.683411","0.590903,0.635443,0.673080,0.683892,0.488433,0.551958,0.800202,0.431875,0.881906,0.541990,1.145547,0.409396,0.362628,1.112296,0.832163,0.392410,0.393359,0.358560,0.889676,0.500594",,
193,8191,26.0,51.99,0.14374493715362485,0.10361650834480922,167.27887153625488,818,"69.818748,69.812714","0.589994,0.634968,0.670975,0.682464,0.486956,0.550459,0.798527,0.430478,0.880146,0.540550,1.145106,0.407970,0.360894,1.111539,0.831157,0.391342,0.391619,0.356829,0.889821,0.499612",,
194,8223,32.0,52.05,0.1423074877820886,0.13862005869547525,168.7069272994995,821,"70.020355,69.928612","0.589124,0.634183,0.669020,0.680695,0.484059,0.549073,0.796771,0.428569,0.879329,0.539618,1.144816,0.406151,0.358222,1.110399,0.830176,0.390665,0.388786,0.355202,0.889673,0.498777",,
195,8295,72.0,52.22,0.1408844129042677,1.8213609177619219,172.07516288757324,828,"70.479652,70.206490","0.585395,0.631249,0.665554,0.676196,0.476485,0.545793,0.793579,0.424011,0.879309,0.538025,1.146165,0.401378,0.351546,1.107386,0.828105,0.389430,0.380415,0.352080,0.889079,0.497784",,
196,8361,66.0,52.64,0.13947556877522502,0.7041802885276931,175.16356468200684,835,"70.840256,70.618240","0.580968,0.625933,0.663364,0.672085,0.471620,0.539806,0.790875,0.419357,0.874691,0.534730,1.148082,0.396290,0.345572,1.102586,0.827112,0.386954,0.374487,0.351454,0.886826,0.495684",,
197,8433,72.0,53.02,0.13808081308747278,1.855585739016533,178.39475345611572,842,"71.191551,70.976791","0.575451,0.623482,0.659639,0.668167,0.463946,0.537225,0.789503,0.416877,0.871428,0.533592,1.148143,0.391693,0.340029,1.098987,0.825285,0.385643,0.367903,0.351486,0.885756,0.494407",,
198,8542,109.0,53.73,0.13670000495659804,1.4802557907321237,183.3952078819275,853,"71.626488,71.565788","0.571468,0.622081,0.653903,0.667036,0.457814,0.533327,0.787517,0.417788,0.865236,0.528844,1.144503,0.390750,0.335695,1.094598,0.822217,0.382788,0.362431,0.348763,0.885509,0.491660",,
199,8569,27.0,53.66,0.13533300490703207,2.1845239959657192,184.60899114608765,855,"71.710632,71.674721","0.570717,0.621569,0.652903,0.666551,0.457309,0.532137,0.787133,0.417827,0.863901,0.527474,1.144244,0.390409,0.335002,1.093850,0.821519,0.382214,0.361736,0.348087,0.885579,0.491198",46.2,19.135307679783985
200,8609,40.0,53.74,0.13397967485796175,1.0587704796344042,186.6569004058838,859,"71.881454,71.876183","0.568095,0.620475,0.651359,0.666160,0.456494,0.530055,0.786721,0.417738,0.861385,0.524690,1.142960,0.390052,0.333427,1.092776,0.820450,0.381379,0.359680,0.346394,0.885951,0.490422",,
201,8639,30.0,53.65,0.13263987810938213,2.881062929828962,188.10483479499817,862,"72.002884,72.024811","0.566400,0.619167,0.650467,0.666153,0.456198,0.528107,0.786438,0.417937,0.859474,0.522336,1.141902,0.389990,0.332569,1.091605,0.820002,0.380854,0.358626,0.345376,0.885628,0.489695",,
202,8671,32.0,53.59,0.1313134793282883,0.8746924768202007,189.93037033081055,866,"72.168022,72.207458","0.564094,0.617022,0.649609,0.666501,0.456437,0.525831,0.786572,0.418445,0.856327,0.519157,1.140803,0.389994,0.332742,1.089118,0.819892,0.380435,0.358717,0.346118,0.885045,0.488690",,
203,8705,34.0,53.08,0.13000034453500542,2.6897311893602214,191.62336134910583,869,"72.317299,72.328041","0.562903,0.615495,0.648878,0.666238,0.456924,0.524680,0.786573,0.418651,0.854296,0.517195,1.139932,0.389834,0.333226,1.087208,0.819494,0.380397,0.359209,0.346976,0.885205,0.487968",,
204,8729,24.0,53.06,0.12870034108965536,3.9405453205108643,192.75129795074463,871,"72.431091,72.392845","0.563435,0.614662,0.648411,0.665814,0.457546,0.524204,0.786873,0.418609,0.853974,0.517006,1.139685,0.389555,0.333465,1.086302,0.818533,0.380267,0.359489,0.347055,0.886295,0.487979",,
205,8795,66.0,53.21,0.12741333767875881,2.982417756425483,195.9460380077362,878,"72.849915,72.592697","0.564247,0.611210,0.647648,0.664994,0.460119,0.522069,0.789441,0.419825,0.851033,0.515510,1.139058,0.389810,0.334185,1.083506,0.814666,0.380316,0.360768,0.348126,0.890543,0.489685",,
206,8886,91.0,53.74,0.12613920430197123,1.008827891614702,200.33868288993835,887,"73.330742,73.022331","0.559967,0.608585,0.643960,0.660165,0.454129,0.517532,0.788503,0.417284,0.847931,0.510242,1.140157,0.384434,0.325500,1.079899,0.812461,0.378669,0.353820,0.346159,0.890764,0.487537",,
207,8999,113.0,54.44,0.12487781225895152,1.1590604792264374,206.15848851203918,898,"73.733612,73.720551","0.556377,0.604951,0.638379,0.656378,0.448722,0.511273,0.785312,0.413812,0.843413,0.502540,1.140348,0.379022,0.321106,1.074528,0.812291,0.376766,0.349928,0.344511,0.887638,0.481203",,
208,9030,31.0,54.38,0.123629034136362,4.20405194349587,207.98271346092224,902,"73.913231,73.920212","0.555376,0.602508,0.637858,0.655667,0.449392,0.508073,0.785893,0.412406,0.839724,0.498845,1.139493,0.378102,0.320863,1.072660,0.812881,0.375850,0.349975,0.342924,0.886320,0.479204",,
209,9060,30.0,54.36,0.12239274379499838,2.861625830332438,209.47040963172913,905,"74.066666,74.037582","0.555389,0.601531,0.637237,0.655085,0.450240,0.506353,0.786895,0.411451,0.838207,0.496650,1.139162,0.377568,0.320625,1.071883,0.813269,0.374829,0.349942,0.341860,0.885293,0.478401",,
210,9188,128.0,55.14,0.1211688163570484,0.46222095331177115,215.54013776779175,917,"74.700203,74.522736","0.544103,0.594343,0.633896,0.651737,0.446564,0.498653,0.787495,0.406387,0.831940,0.486739,1.137981,0.373286,0.314266,1.067053,0.812663,0.373292,0.341713,0.338068,0.885747,0.474435",,
211,9260,72.0,55.45,0.11995712819347792,2.2487688530236483,219.4624216556549,925,"75.055954,74.969414","0.535478,0.588657,0.629062,0.647274,0.443704,0.489047,0.785459,0.403717,0.823993,0.475160,1.136825,0.370528,0.309075,1.062342,0.812076,0.375675,0.337620,0.332776,0.883097,0.472529",,
212,9319,59.0,55.37,0.11875755691154315,1.7367318503558635,221.95550918579102,930,"75.278656,75.243446","0.532817,0.586005,0.626556,0.643194,0.441168,0.483708,0.784185,0.401244,0.820127,0.469325,1.136626,0.368324,0.306579,1.060095,0.811724,0.378016,0.336063,0.329649,0.879555,0.472356",,
213,9348,29.0,55.22,0.11756998134242772,0.14201861371596655,223.28190636634827,933,"75.421082,75.398827","0.530932,0.583900,0.625264,0.640687,0.439257,0.480245,0.783189,0.399863,0.817560,0.465655,1.136245,0.366891,0.305018,1.058665,0.811888,0.380219,0.335119,0.328011,0.877072,0.472370",,
214,9376,28.0,55.14,0.11639428152900344,1.6200256248315175,224.45194005966187,936,"75.584579,75.540375","0.528725,0.582135,0.623869,0.638188,0.435818,0.477092,0.781961,0.398412,0.815750,0.462847,1.135809,0.365245,0.302500,1.057171,0.811882,0.381894,0.332703,0.325840,0.875029,0.472313",,
215,9405,29.0,55.11,0.11523033871371341,1.528924211859703,225.7214334011078,939,"75.728302,75.698204","0.526785,0.580520,0.622463,0.636441,0.432558,0.474646,0.780439,0.397087,0.814271,0.461052,1.134836,0.363638,0.300338,1.055344,0.812246,0.382344,0.330371,0.324455,0.873329,0.471427",,
216,9435,30.0,55.06,0.11407803532657627,0.10297525922457378,227.2328658103943,942,"75.865097,75.864967","0.524198,0.579133,0.620810,0.634670,0.428602,0.472737,0.778436,0.395438,0.813417,0.459942,1.133864,0.361437,0.297145,1.053356,0.812536,0.382006,0.326640,0.323378,0.872021,0.469906",,
217,9467,32.0,54.9,0.11293725497331052,1.7404919117689133,228.61855602264404,945,"76.015251,76.030746","0.520480,0.577660,0.618584,0.632757,0.424657,0.471001,0.776412,0.393464,0.811003,0.458128,1.132614,0.358607,0.293324,1.051044,0.813325,0.380760,0.322805,0.322601,0.871267,0.467227",,
218,9496,29.0,54.76,0.1118078824235774,3.052382528781891,229.95487546920776,948,"76.188591,76.162033","0.517109,0.576685,0.616694,0.630891,0.420835,0.469989,0.775420,0.391692,0.808822,0.456603,1.131629,0.356068,0.289668,1.048960,0.813700,0.379291,0.319141,0.322056,0.871629,0.465211",,
219,9519,23.0,54.64,0.11068980359934164,4.2342226803302765,230.9308042526245,950,"76.293617,76.248398","0.514772,0.576032,0.616015,0.630393,0.418318,0.470136,0.775096,0.391035,0.807534,0.456438,1.131011,0.354891,0.287760,1.047674,0.814508,0.378294,0.316927,0.322813,0.872022,0.464009",,
220,9598,79.0,54.88,0.10958290556334822,1.1928853341378272,234.61648082733154,958,"76.740227,76.565079","0.507555,0.570689,0.612449,0.627612,0.410865,0.467441,0.773758,0.388410,0.803160,0.453766,1.128718,0.350550,0.281280,1.041684,0.814829,0.375091,0.309519,0.322856,0.873410,0.460472",,
221,9648,50.0,54.9,0.10848707650771475,2.7812450990080833,237.22731018066406,963,"76.993385,76.776344","0.503836,0.566050,0.610713,0.625190,0.408442,0.464670,0.772348,0.386372,0.800606,0.452326,1.129011,0.347620,0.278125,1.038160,0.814845,0.374025,0.305860,0.322926,0.873072,0.458757",,
222,9698,50.0,55.05,0.1074022057426376,0.8851013064384461,239.5790135860443,968,"77.146469,77.038116","0.502083,0.561651,0.609756,0.623776,0.408311,0.461588,0.771944,0.385235,0.798089,0.451080,1.130057,0.345702,0.276413,1.034874,0.815523,0.373007,0.304179,0.323260,0.870960,0.457324",,
223,9726,28.0,54.8,0.10632818368521123,0.06074161206682523,241.1005997657776,971,"77.222122,77.192795","0.501835,0.560013,0.609183,0.622958,0.408631,0.460553,0.772502,0.384593,0.797058,0.450362,1.130629,0.344668,0.275988,1.033795,0.816018,0.372209,0.303819,0.324077,0.869560,0.456613",,
224,9759,33.0,54.73,0.10526490184835911,0.11342982202768326,242.86506986618042,974,"77.303116,77.345634","0.501368,0.558247,0.608241,0.621790,0.409214,0.459265,0.772433,0.383781,0.794995,0.449162,1.131052,0.343534,0.275162,1.032722,0.815417,0.371690,0.303269,0.324219,0.869022,0.456071",,
225,9780,21.0,54.56,0.10421225282987552,1.6409858961900075,244.04365992546082,977,"77.424988,77.464592","0.501133,0.556894,0.606841,0.620214,0.409422,0.458027,0.771917,0.382757,0.793265,0.448026,1.131294,0.342327,0.274036,1.032178,0.814221,0.371009,0.302100,0.323456,0.869233,0.455714",,
226,9813,33.0,54.62,0.10317013030157676,0.058232530330618225,245.60843324661255,980,"77.555084,77.571045","0.500474,0.555983,0.605371,0.618592,0.409749,0.456649,0.771168,0.381724,0.790913,0.446908,1.131538,0.341368,0.272913,1.031747,0.813015,0.370212,0.301076,0.322770,0.869674,0.455699",,
227,9834,21.0,54.48,0.10213842899856099,0.08877643197774887,246.6369924545288,982,"77.645195,77.643074","0.500251,0.555454,0.604395,0.617657,0.409921,0.455667,0.770495,0.381133,0.789540,0.446184,1.131442,0.340809,0.272346,1.031531,0.812263,0.369673,0.300557,0.322398,0.869836,0.455758",,
228,9863,29.0,54.19,0.10111704470857538,1.616538420940439,248.22866225242615,985,"77.783920,77.727654","0.500070,0.554617,0.603120,0.616361,0.410272,0.453767,0.769673,0.380541,0.788413,0.444651,1.131037,0.340126,0.271708,1.031675,0.811120,0.369264,0.299656,0.321123,0.870325,0.456158",,
229,9948,85.0,54.57,0.10010587426148963,0.6810541427694261,252.75087690353394,993,"78.152802,78.016380","0.495064,0.550905,0.601098,0.612248,0.408728,0.446767,0.768671,0.376980,0.784418,0.440235,1.130171,0.337013,0.265029,1.031265,0.808644,0.368166,0.293296,0.315542,0.869771,0.456798",,
230,9980,32.0,54.43,0.09910481551887473,3.332478345371783,254.36177730560303,997,"78.285629,78.197250","0.492163,0.548306,0.600158,0.611816,0.408449,0.443472,0.767825,0.374621,0.780929,0.438908,1.128503,0.335949,0.261924,1.030312,0.807323,0.365517,0.290956,0.312854,0.870159,0.455253",,
231,10007,27.0,54.16,0.09811376736368599,9.109858274459839,255.44374060630798,999,"78.339165,78.276566","0.491683,0.547015,0.600733,0.611690,0.408540,0.442104,0.768508,0.373779,0.779389,0.438583,1.128035,0.335580,0.261419,1.029700,0.807056,0.365061,0.290894,0.312358,0.870055,0.455357",,
232,10038,31.0,54.1,0.09713262969004913,0.12120019644498825,256.91474175453186,1002,"78.407364,78.421196","0.490924,0.545235,0.600926,0.611465,0.408470,0.440009,0.768919,0.372677,0.776012,0.437526,1.127027,0.334953,0.260884,1.028120,0.807038,0.364346,0.291072,0.312323,0.869467,0.454838",,
233,10058,20.0,54.01,0.09616130339314863,2.4430476389825344,258.015771150589,1004,"78.463890,78.519844","0.490209,0.543350,0.600917,0.611237,0.408550,0.438009,0.768892,0.371857,0.773471,0.436206,1.126609,0.334423,0.260505,1.026735,0.806931,0.363767,0.291135,0.312679,0.869334,0.454343",,
234,10087,29.0,53.97,0.09519969035921715,2.8426311711470285,259.51763820648193,1007,"78.603165,78.642151","0.489591,0.540649,0.600507,0.610713,0.410489,0.435490,0.768256,0.370827,0.770025,0.434465,1.125844,0.334035,0.261511,1.024710,0.805932,0.363163,0.292602,0.313363,0.869684,0.454051",,
235,10192,105.0,54.49,0.09424769345562498,1.7130555635826155,264.3313043117523,1018,"79.156151,79.022545","0.485351,0.533377,0.596729,0.607471,0.411788,0.427390,0.765422,0.369357,0.763441,0.429297,1.124265,0.330938,0.259147,1.018968,0.801939,0.362606,0.290373,0.311638,0.869771,0.454382",,
236,10264,72.0,54.76,0.09330521652106873,0.12611946490194118,268.00047421455383,1025,"79.398544,79.348854","0.479442,0.528491,0.593819,0.604827,0.410210,0.421826,0.762859,0.367492,0.758674,0.425750,1.123363,0.328690,0.255530,1.015680,0.798929,0.363355,0.285893,0.309183,0.868423,0.454876",,
237,10298,34.0,54.81,0.09237216435585804,0.057754819902280964,269.4527487754822,1028,"79.496445,79.497833","0.476853,0.526475,0.592212,0.603801,0.409784,0.419745,0.761429,0.366089,0.755634,0.424169,1.123073,0.327211,0.253750,1.014284,0.797773,0.362324,0.284078,0.308099,0.868498,0.453697",,
238,10324,26.0,54.59,0.09144844271229946,1.5043820285548766,270.80533027648926,1031,"79.603676,79.627853","0.474082,0.524450,0.590814,0.602789,0.409117,0.417690,0.760319,0.364997,0.752660,0.422366,1.122623,0.326041,0.251921,1.012628,0.796656,0.361895,0.282279,0.307244,0.868504,0.452926",,
239,10354,30.0,54.42,0.09053395828517646,3.3618109424908957,272.2475755214691,1034,"79.720993,79.752007","0.471284,0.522377,0.589980,0.601846,0.408723,0.415673,0.759973,0.364040,0.749143,0.420435,1.122065,0.325186,0.250241,1.010634,0.795787,0.361711,0.280909,0.306727,0.868593,0.452501",,
240,10459,105.0,54.86,0.08962861870232469,1.8744892812334002,276.8917112350464,1044,"80.180099,80.139503","0.463530,0.515763,0.586634,0.598886,0.407684,0.408919,0.757821,0.361178,0.740740,0.414395,1.119838,0.322863,0.245816,1.003077,0.793845,0.361651,0.276991,0.303757,0.868029,0.451715",,
241,10523,64.0,54.98,0.08873233251530144,0.7351891353194203,280.6528079509735,1051,"80.479149,80.403236","0.456784,0.513147,0.584077,0.595920,0.404322,0.405005,0.755921,0.359697,0.738250,0.409125,1.118045,0.320905,0.240147,0.999308,0.793032,0.363713,0.271336,0.300824,0.867922,0.451386",,
242,10568,45.0,54.88,0.08784500919014843,0.06771239545196295,283.12890672683716,1055,"80.640343,80.577644","0.454082,0.512517,0.582157,0.592871,0.401781,0.402411,0.754212,0.357825,0.736694,0.405952,1.117612,0.318845,0.236983,0.997052,0.792486,0.365091,0.268822,0.298780,0.867061,0.450776",,
243,10609,41.0,54.72,0.08696655909824694,1.1766810812987387,285.22464752197266,1059,"80.793755,80.763695","0.451485,0.511875,0.579215,0.590364,0.399475,0.399782,0.752147,0.356289,0.732365,0.403682,1.116892,0.317181,0.234004,0.993909,0.792213,0.365457,0.267209,0.297605,0.865435,0.450195",,
244,10631,22.0,54.46,0.08609689350726446,1.5090698897838593,286.48704171180725,1062,"80.910904,80.905159","0.449342,0.510883,0.577192,0.588340,0.398009,0.398232,0.750643,0.354975,0.728665,0.402811,1.116295,0.315779,0.231834,0.991493,0.791991,0.365294,0.265935,0.297315,0.864324,0.449576",,
245,10664,33.0,54.38,0.08523592457219181,3.1891066829363504,288.0143144130707,1065,"81.037285,81.022720","0.446402,0.509004,0.575822,0.586816,0.396710,0.396578,0.749616,0.353985,0.725109,0.401647,1.115312,0.314682,0.229499,0.989396,0.791247,0.365361,0.264163,0.297127,0.864305,0.449221",,
246,10751,87.0,54.75,0.0843835653264699,1.1362799685448408,292.37397027015686,1074,"81.351601,81.346985","0.441400,0.505670,0.572363,0.582830,0.392632,0.393100,0.747334,0.350615,0.718419,0.399339,1.113178,0.310677,0.223537,0.985671,0.789230,0.364064,0.259715,0.296578,0.864100,0.448887",,
247,10778,27.0,54.53,0.0835397296732052,4.491099281236529,293.4388837814331,1076,"81.414452,81.411018","0.440760,0.505195,0.571640,0.582168,0.392016,0.392225,0.746902,0.349705,0.716429,0.398449,1.112583,0.309838,0.222581,0.984820,0.788608,0.363234,0.259278,0.296314,0.864125,0.448618",,
248,10810,32.0,54.44,0.08270433237647315,2.4106564193498343,295.1945219039917,1080,"81.534843,81.527588","0.440338,0.504739,0.570264,0.581784,0.390824,0.390782,0.746572,0.349368,0.712897,0.396389,1.111076,0.309494,0.222325,0.983432,0.787768,0.362284,0.259201,0.295661,0.864884,0.449331",,
249,10839,29.0,54.44,0.08187728905270841,0.03611578047275543,296.5167942047119,1082,"81.601189,81.590317","0.440005,0.504013,0.569645,0.581506,0.390563,0.389726,0.746379,0.349184,0.711249,0.395247,1.110611,0.309275,0.222108,0.982762,0.787181,0.361963,0.259095,0.295256,0.865344,0.449607",63.8,36.809781308777154
250,10949,110.0,55.18,0.08105851616218133,3.0102190866389056,302.3277428150177,1093,"81.950363,81.868134","0.437778,0.504901,0.566233,0.579612,0.384831,0.386669,0.745924,0.350026,0.706518,0.390896,1.108328,0.308857,0.217629,0.982504,0.783327,0.361409,0.255100,0.293108,0.868944,0.453939",,
251,10983,34.0,55.15,0.08024793100055952,1.3696376951411366,304.2075011730194,1097,"82.058273,82.008705","0.435544,0.504427,0.565694,0.579899,0.381730,0.386027,0.746978,0.351056,0.702375,0.390174,1.107273,0.309275,0.215875,0.981592,0.782155,0.360829,0.253305,0.293229,0.869766,0.455324",,
252,11013,30.0,55.08,0.07944545169055392,4.77631409962972,305.88914608955383,1100,"82.125809,82.133141","0.433791,0.502983,0.565674,0.580422,0.380325,0.385304,0.747907,0.351892,0.698200,0.389743,1.106120,0.309608,0.215211,0.979179,0.781760,0.360583,0.252928,0.294007,0.869778,0.455895",,
253,11042,29.0,54.77,0.07865099717364837,1.6843154082695644,307.40254950523376,1103,"82.209946,82.233109","0.431753,0.502039,0.565673,0.580548,0.378005,0.385497,0.749229,0.352213,0.694478,0.389720,1.105077,0.309625,0.214282,0.977025,0.781897,0.360175,0.252135,0.295229,0.870405,0.456205",,
254,11076,34.0,54.41,0.07786448720191189,3.425167423983415,308.98004961013794,1106,"82.310410,82.309082","0.430831,0.501265,0.565633,0.579896,0.375905,0.385211,0.750338,0.351575,0.691389,0.389122,1.103915,0.309062,0.213409,0.974536,0.781646,0.359285,0.251586,0.295288,0.871593,0.456420",,
255,11104,28.0,54.23,0.07708584232989277,0.06824648256103198,310.2317988872528,1109,"82.421143,82.390678","0.429184,0.499947,0.565146,0.579127,0.373395,0.384568,0.751042,0.351056,0.687996,0.387936,1.102929,0.308474,0.212171,0.971836,0.781310,0.358922,0.250646,0.295431,0.872553,0.456489",,
256,11143,39.0,53.96,0.07631498390659384,1.2458237204700708,312.0149335861206,1113,"82.552330,82.519936","0.426751,0.498281,0.563764,0.578134,0.370742,0.383165,0.751159,0.350311,0.682761,0.385830,1.101230,0.307696,0.210535,0.968217,0.781258,0.358340,0.249864,0.295359,0.873102,0.456080",,
257,11180,37.0,53.84,0.07555183406752791,2.069978660903871,313.8274486064911,1117,"82.665108,82.650108","0.423336,0.497581,0.562572,0.575973,0.365808,0.381343,0.751519,0.349527,0.678479,0.382812,1.100017,0.306135,0.207022,0.965567,0.779958,0.359638,0.247172,0.294808,0.873493,0.457165",,
258,11209,29.0,53.4,0.07479631572685264,0.0841267816722393,315.10243463516235,1119,"82.717850,82.723816","0.421823,0.497296,0.561724,0.574736,0.363626,0.379994,0.751294,0.348783,0.675873,0.381127,1.099557,0.305271,0.205062,0.964670,0.779241,0.359879,0.245787,0.294006,0.873580,0.457473",,
259,11234,25.0,52.74,0.07404835256958411,0.09381818895538648,316.42967081069946,1122,"82.795235,82.841812","0.419174,0.496991,0.560480,0.572948,0.359746,0.378474,0.750828,0.347485,0.672188,0.379561,1.098780,0.303663,0.201536,0.963249,0.778286,0.359937,0.242835,0.293254,0.873598,0.457715",,
260,11258,24.0,51.91,0.07330786904388827,0.03069688193500042,317.6287169456482,1124,"82.846664,82.924553","0.417736,0.496457,0.559651,0.571877,0.357892,0.377231,0.750396,0.346722,0.669983,0.378408,1.098382,0.302745,0.199562,0.962299,0.777642,0.359903,0.241252,0.292571,0.873600,0.457752",,
261,11292,34.0,51.86,0.07257479035344938,1.252257158048451,319.3368248939514,1128,"82.961464,83.102242","0.415859,0.495526,0.557634,0.570140,0.354888,0.374746,0.749159,0.344949,0.665111,0.377193,1.098210,0.301018,0.196041,0.960551,0.776100,0.358497,0.238763,0.291308,0.873826,0.458037",,
262,11318,26.0,51.74,0.07184904244991488,0.16015522927045822,320.5557255744934,1130,"83.033356,83.197601","0.414722,0.494548,0.556299,0.569441,0.353852,0.373174,0.748142,0.343713,0.661913,0.376475,1.098086,0.299956,0.194126,0.959790,0.775464,0.356850,0.237462,0.290434,0.873892,0.457452",,
263,11343,25.0,51.24,0.07113055202541574,1.6655429303646088,321.8929922580719,1133,"83.155693,83.329269","0.412644,0.492806,0.554167,0.568296,0.352286,0.370259,0.746721,0.342264,0.657289,0.374767,1.097391,0.298720,0.191116,0.958451,0.775175,0.355040,0.235248,0.288440,0.873297,0.457144",,
264,11371,28.0,51.08,0.07041924650516158,1.4638803265988827,323.3256125450134,1136,"83.267754,83.439026","0.411899,0.491997,0.552365,0.567311,0.352115,0.368410,0.745779,0.341240,0.653485,0.373356,1.096383,0.298180,0.190440,0.957790,0.774974,0.353866,0.234905,0.287209,0.872660,0.457516",,
265,11391,20.0,50.88,0.06971505404010997,0.09060267359018326,324.3299877643585,1138,"83.348251,83.498550","0.411295,0.491767,0.551357,0.566767,0.351770,0.367370,0.745399,0.340678,0.651590,0.372502,1.095662,0.297885,0.189567,0.957600,0.774650,0.353013,0.234082,0.285681,0.872733,0.457799",,
266,11414,23.0,50.43,0.06901790349970886,0.1153721995651722,325.52284145355225,1140,"83.433212,83.566582","0.410195,0.491153,0.550308,0.566408,0.350848,0.366022,0.744977,0.339855,0.649001,0.371487,1.094912,0.297450,0.187868,0.957344,0.774037,0.351613,0.232717,0.284095,0.872917,0.457660",,
267,11440,26.0,49.61,0.06832772446471178,1.6737669197221596,326.88442826271057,1143,"83.565689,83.658493","0.408370,0.490038,0.548846,0.566155,0.348693,0.364434,0.744624,0.339114,0.645959,0.370111,1.093773,0.296957,0.185348,0.956938,0.773021,0.349761,0.230320,0.281440,0.873688,0.457664",,
268,11467,27.0,49.1,0.06764444722006466,5.0041491985321045,328.2817144393921,1145,"83.638123,83.721878","0.407130,0.489378,0.548256,0.566130,0.347625,0.363506,0.744698,0.338788,0.644191,0.369300,1.092999,0.296768,0.183926,0.956997,0.772503,0.348728,0.228940,0.280003,0.874348,0.457762",,
269,11495,28.0,48.42,0.066968002747864,3.2723353542387486,329.7138795852661,1148,"83.752960,83.798904","0.405879,0.489487,0.547171,0.566010,0.345594,0.362721,0.744952,0.337941,0.641878,0.368086,1.091689,0.296220,0.182139,0.957189,0.772169,0.346405,0.227080,0.277893,0.875783,0.457669",,
270,11520,25.0,48.04,0.06629832272038537,0.08267151564359665,331.1022379398346,1151,"83.861008,83.891022","0.404641,0.488781,0.546185,0.565687,0.344292,0.360990,0.744722,0.336780,0.638453,0.366483,1.090762,0.295354,0.180347,0.956736,0.772134,0.343935,0.225623,0.275951,0.876172,0.456788",,
271,11539,19.0,47.63,0.06563533949318151,0.11552530527114868,331.8995683193207,1152,"83.898163,83.928932","0.403928,0.488215,0.545905,0.565547,0.343895,0.360058,0.744595,0.336398,0.637124,0.365769,1.090510,0.295028,0.179419,0.956354,0.772155,0.343286,0.224966,0.275294,0.876122,0.456491",,
272,11562,23.0,47.52,0.06497898609824969,3.3336541587486863,333.1837213039398,1155,"83.993515,84.032196","0.402178,0.486919,0.545647,0.565449,0.342953,0.357869,0.744640,0.335576,0.633832,0.364108,1.089905,0.294257,0.177137,0.955562,0.772195,0.341468,0.223362,0.273767,0.876524,0.455821",,
273,11587,25.0,47.22,0.0643291962372672,4.854358196258545,334.43633246421814,1157,"84.052376,84.096764","0.400529,0.486124,0.545443,0.565581,0.341889,0.357010,0.744952,0.334778,0.631724,0.363659,1.089527,0.293739,0.175552,0.954906,0.772295,0.339904,0.222171,0.273044,0.876764,0.454990",,
274,11607,20.0,47.23,0.06368590427489453,0.03696322347968817,335.377742767334,1159,"84.109077,84.161339","0.398931,0.485265,0.545174,0.565718,0.340972,0.356083,0.745103,0.334154,0.629836,0.363010,1.089095,0.293305,0.174164,0.954283,0.772417,0.338662,0.221124,0.272552,0.876854,0.454278",,
275,11629,22.0,47.02,0.06304904523214558,0.04627476446330547,336.391845703125,1161,"84.160301,84.230682","0.397615,0.484731,0.544689,0.565902,0.340014,0.355398,0.744881,0.333655,0.628176,0.362744,1.088408,0.292908,0.173045,0.954013,0.772719,0.337494,0.220238,0.272509,0.876741,0.453705",,
276,11656,27.0,45.89,0.06241855477982412,6.409801505506039,337.9398419857025,1164,"84.216194,84.310921","0.396512,0.484406,0.545215,0.567400,0.339539,0.354920,0.745629,0.334406,0.626079,0.362585,1.086813,0.293828,0.172524,0.954388,0.773179,0.336133,0.219646,0.272423,0.877396,0.453508",,
277,11676,20.0,45.69,0.06179436923202588,0.06946345325559378,339.04008388519287,1166,"84.267982,84.354774","0.395432,0.484184,0.545379,0.567916,0.338407,0.354731,0.746084,0.334607,0.624970,0.362461,1.085909,0.294161,0.171983,0.954562,0.773033,0.335433,0.218906,0.272198,0.878103,0.453596",,
278,11702,26.0,44.75,0.06117642553970562,5.0543625230590505,340.4857075214386,1169,"84.346527,84.415535","0.394208,0.483977,0.545544,0.568676,0.336976,0.354537,0.746851,0.334883,0.623308,0.362104,1.084553,0.294633,0.171341,0.954692,0.772585,0.334500,0.218189,0.271895,0.879374,0.453827",,
279,11725,23.0,44.58,0.06056466128430856,0.02177572436630726,341.5037930011749,1171,"84.404419,84.450790","0.393012,0.483651,0.545394,0.569082,0.336080,0.354155,0.747192,0.334925,0.622022,0.361693,1.083632,0.294932,0.170555,0.954841,0.772205,0.333843,0.217399,0.271157,0.880411,0.454043",,
280,11752,27.0,44.25,0.05995901467146548,1.5208424764374893,343.11045503616333,1174,"84.502571,84.508217","0.391952,0.482515,0.545052,0.569105,0.335618,0.353002,0.747182,0.334565,0.620073,0.360612,1.082566,0.294994,0.169572,0.954547,0.770746,0.333046,0.217038,0.270111,0.881864,0.454094",,
281,11788,36.0,43.78,0.05935942452475082,1.7233555254836876,345.0462341308594,1177,"84.582275,84.562088","0.391737,0.481041,0.545076,0.569077,0.335801,0.351758,0.747288,0.334291,0.618464,0.359675,1.081539,0.295134,0.168876,0.953847,0.769204,0.332504,0.217139,0.269621,0.883277,0.454157",,
282,11814,26.0,43.1,0.058765830279503314,1.6642487868666649,346.79962944984436,1180,"84.647835,84.639183","0.391624,0.478795,0.545233,0.569216,0.336756,0.350003,0.747234,0.334172,0.616480,0.359210,1.081281,0.295318,0.168189,0.952462,0.767884,0.331885,0.217357,0.269296,0.884368,0.454551",,
283,11836,22.0,43.02,0.05817817197670828,5.024251079186797,348.023752450943,1182,"84.671204,84.696846","0.391596,0.477435,0.545822,0.569797,0.337491,0.348917,0.747708,0.334441,0.615258,0.358905,1.081004,0.295761,0.167820,0.951527,0.767353,0.331456,0.217535,0.269161,0.885065,0.454901",,
284,11869,33.0,42.79,0.057596390256941195,1.747254841029644,349.6560468673706,1185,"84.717430,84.789368","0.390824,0.475069,0.546226,0.570183,0.338771,0.346979,0.748102,0.334696,0.612655,0.357937,1.080515,0.296216,0.167119,0.949644,0.766632,0.331125,0.217723,0.268970,0.885665,0.455236",,
285,11891,22.0,41.99,0.05702042635437178,0.03932064895828565,350.8343770503998,1188,"84.768074,84.887169","0.389506,0.472337,0.546557,0.570292,0.340038,0.344459,0.748152,0.334715,0.609441,0.356505,1.080044,0.296384,0.166037,0.947510,0.766242,0.330802,0.217684,0.268476,0.885926,0.455159",,
286,11913,22.0,41.72,0.05645022209082806,2.491474339738488,351.92887473106384,1190,"84.810776,84.945511","0.388394,0.471029,0.546336,0.570359,0.340455,0.343066,0.748030,0.334852,0.607145,0.355196,1.079368,0.296544,0.165262,0.946146,0.765982,0.330683,0.217622,0.268228,0.886248,0.455112",,
287,11940,27.0,41.66,0.05588571986991978,0.06814136666556199,353.59320402145386,1193,"84.885010,85.021225","0.386500,0.470031,0.545793,0.570573,0.339430,0.341723,0.748096,0.335103,0.604624,0.353382,1.078095,0.296635,0.163514,0.944494,0.765523,0.330490,0.216471,0.267733,0.887049,0.455052",,
288,11968,28.0,40.92,0.055326862671220584,2.469419090077281,354.9435725212097,1195,"84.934891,85.066666","0.385352,0.469594,0.545367,0.570844,0.338513,0.341035,0.748133,0.335382,0.603348,0.352271,1.077174,0.296771,0.162378,0.943525,0.765270,0.330376,0.215581,0.267460,0.887499,0.455044",,
289,11991,23.0,39.95,0.05477359404450838,0.08154139419396718,356.3894712924957,1198,"85.020088,85.124084","0.383835,0.469608,0.544427,0.571076,0.336234,0.340821,0.747853,0.335460,0.602257,0.351531,1.075337,0.296784,0.160895,0.942169,0.764959,0.329827,0.214023,0.267419,0.887984,0.455318",,
290,12018,27.0,39.55,0.054225858104063294,0.025856180116534233,357.62064480781555,1200,"85.074638,85.170815","0.382859,0.469476,0.543680,0.571111,0.334838,0.340583,0.747575,0.335446,0.601627,0.350947,1.074149,0.296706,0.160039,0.941219,0.764576,0.329492,0.213059,0.267201,0.888196,0.455475",,
291,12052,34.0,39.14,0.05368359952302266,1.3231325121596456,359.76561546325684,1204,"85.179962,85.263443","0.381979,0.468433,0.542659,0.571394,0.332905,0.339698,0.747142,0.335604,0.600625,0.350010,1.072306,0.296764,0.158891,0.938811,0.763939,0.328637,0.211860,0.266181,0.888514,0.455984",,
292,12077,25.0,39.12,0.053146763527792434,0.04488050378859043,361.30250000953674,1206,"85.226799,85.313034","0.381839,0.467865,0.542267,0.571360,0.332350,0.339172,0.746855,0.335523,0.599979,0.349787,1.071642,0.296703,0.158662,0.937517,0.763730,0.328184,0.211687,0.266113,0.888519,0.456239",,
293,12149,72.0,39.58,0.052615295892514506,1.5045090267168624,365.564594745636,1213,"85.419930,85.438667","0.380880,0.465423,0.541602,0.570368,0.331193,0.336214,0.747549,0.334938,0.597650,0.346629,1.069440,0.296332,0.157568,0.934454,0.762724,0.327501,0.211134,0.264730,0.889660,0.457733",,
294,12183,34.0,39.6,0.052089142933589364,1.3230100497603416,368.0536115169525,1217,"85.520813,85.539055","0.379646,0.462922,0.541238,0.570198,0.331404,0.333304,0.748077,0.335278,0.595046,0.343300,1.067968,0.296474,0.156862,0.931940,0.762203,0.327877,0.210993,0.263715,0.890125,0.458012",,
295,12258,75.0,39.63,0.05156825150425347,2.946532948873937,372.5648543834686,1224,"85.675552,85.709488","0.376945,0.458492,0.541210,0.569050,0.332305,0.327845,0.749164,0.335418,0.590056,0.337420,1.066038,0.296548,0.155177,0.928013,0.761703,0.328945,0.210733,0.261768,0.891465,0.458847",,
296,12296,38.0,39.35,0.051052568989210935,1.3173274910077453,374.96281456947327,1228,"85.734085,85.817062","0.375691,0.456557,0.541446,0.568600,0.333345,0.325528,0.749962,0.335465,0.586961,0.335380,1.065523,0.296634,0.154463,0.926106,0.761187,0.329243,0.210964,0.261396,0.892704,0.459650",,
297,12325,29.0,38.92,0.05054204329931883,1.6672646335015695,377.06653332710266,1231,"85.779686,85.905159","0.375168,0.455359,0.541564,0.568349,0.334056,0.324107,0.750621,0.335189,0.584294,0.334286,1.065089,0.296517,0.153835,0.924894,0.760998,0.328735,0.211287,0.261282,0.893198,0.459639",,
298,12358,33.0,38.16,0.05003662286632564,0.03607902675867081,379.19612860679626,1234,"85.822105,86.001198","0.374697,0.454052,0.541812,0.568421,0.334602,0.322523,0.751186,0.335132,0.581943,0.333213,1.064628,0.296555,0.153317,0.923717,0.761003,0.328260,0.211436,0.261233,0.893466,0.459559",,
299,12388,30.0,38.19,0.04953625663766238,0.05010029301047325,381.3113214969635,1237,"85.903824,86.077736","0.374291,0.453007,0.541500,0.568228,0.334499,0.320721,0.751266,0.334812,0.580261,0.331767,1.063960,0.296384,0.152314,0.922775,0.760556,0.327714,0.210805,0.260316,0.893959,0.459524",26.4,2.5768197453450252
300,12410,22.0,38.01,0.04904089407128576,1.7848552862803142,383.0739526748657,1240,"85.994232,86.154472","0.373428,0.452316,0.540646,0.568086,0.333630,0.318865,0.751216,0.334268,0.577542,0.329951,1.062901,0.296183,0.150666,0.921703,0.760031,0.326768,0.209746,0.259144,0.894355,0.459258",,
301,12440,30.0,38.01,0.0485504851305729,0.04510694990555445,385.2636752128601,1243,"86.099289,86.217224","0.373301,0.452378,0.539620,0.567471,0.332135,0.317616,0.750644,0.333270,0.576061,0.329362,1.062336,0.295609,0.148767,0.921058,0.759334,0.325376,0.208227,0.258020,0.894628,0.459174",,
302,12471,31.0,38.0,0.048064980279267165,0.03749058892329534,387.26931071281433,1246,"86.215721,86.286278","0.373067,0.452157,0.538388,0.566445,0.331032,0.316340,0.749675,0.332208,0.574867,0.328412,1.061979,0.294900,0.147261,0.920384,0.758531,0.324224,0.206957,0.257035,0.894945,0.459103",,
303,12503,32.0,37.98,0.04758433047647449,0.03872306024034818,389.45907974243164,1249,"86.325645,86.366402","0.372978,0.451852,0.537124,0.564896,0.330209,0.315228,0.748469,0.330822,0.573684,0.327643,1.062041,0.293888,0.146284,0.919519,0.757677,0.323192,0.206276,0.256442,0.895004,0.459183",,
304,12537,34.0,38.08,0.04710848717170975,1.1752156329651673,391.89012122154236,1252,"86.436813,86.450233","0.373007,0.450752,0.536104,0.563292,0.329131,0.313563,0.747271,0.329875,0.573028,0.326583,1.062432,0.292943,0.145533,0.917980,0.756574,0.323064,0.205854,0.255183,0.894689,0.459666",,
305,12627,90.0,38.32,0.04663740229999265,2.140304189744509,397.8272726535797,1261,"86.720375,86.702950","0.369859,0.447315,0.535309,0.557810,0.321138,0.308912,0.745327,0.328096,0.571357,0.324200,1.064715,0.289655,0.140703,0.912136,0.752754,0.326055,0.201831,0.252970,0.893573,0.462965",,
306,12658,31.0,37.72,0.04617102827699272,6.934896220763524,400.1757478713989,1264,"86.794609,86.790192","0.369121,0.446354,0.536653,0.555715,0.318618,0.307025,0.745560,0.327406,0.571573,0.323780,1.066308,0.288350,0.138955,0.910464,0.751110,0.327619,0.200681,0.251752,0.893588,0.464924",,
307,12688,30.0,36.89,0.045709317994222794,1.8652640082873404,402.3154044151306,1267,"86.849266,86.894676","0.368303,0.444850,0.537986,0.554480,0.316762,0.304871,0.745826,0.326772,0.569378,0.323502,1.067553,0.287196,0.137365,0.908451,0.750230,0.328011,0.199910,0.250762,0.892998,0.465636",,
308,12717,29.0,36.87,0.04525222481428057,3.583812465891242,404.30382442474365,1270,"86.898949,86.992531","0.367614,0.443088,0.539293,0.553843,0.315739,0.302942,0.746408,0.326445,0.567129,0.323008,1.068173,0.286393,0.136276,0.906179,0.749873,0.328366,0.199636,0.250589,0.892797,0.466017",,
309,12744,27.0,36.84,0.04479970256613776,3.5262622156490884,406.30708527565,1273,"86.954865,87.071175","0.366979,0.441489,0.540793,0.553342,0.315545,0.301310,0.746804,0.326143,0.564777,0.322660,1.068887,0.285812,0.135538,0.904369,0.749578,0.328411,0.199831,0.250916,0.893111,0.466488",,
310,12770,26.0,35.82,0.04435170554047638,3.5412713227172694,408.11855840682983,1276,"87.000526,87.142372","0.365582,0.440125,0.542274,0.553034,0.315452,0.299924,0.747375,0.326129,0.562040,0.321737,1.069149,0.285498,0.134906,0.903048,0.749752,0.328614,0.200074,0.251223,0.893614,0.466792",,
311,12792,22.0,35.32,0.043908188485071616,0.18736883252859116,409.36028027534485,1278,"87.046432,87.176865","0.364177,0.439044,0.542611,0.552734,0.315611,0.298928,0.747474,0.325962,0.559854,0.320167,1.068584,0.285333,0.134395,0.902213,0.749621,0.328609,0.200270,0.251673,0.894389,0.466685",,
312,12825,33.0,35.06,0.0434691066002209,0.01999961957335472,411.03325629234314,1281,"87.118370,87.231766","0.362450,0.437343,0.542931,0.552255,0.316291,0.297426,0.747441,0.325497,0.556729,0.317923,1.067865,0.285041,0.133708,0.901102,0.748993,0.328321,0.200709,0.252386,0.895743,0.466252",,
313,12861,36.0,35.13,0.04303441553421869,2.7509894389659166,413.78428173065186,1285,"87.214371,87.319061","0.359707,0.435276,0.542837,0.551556,0.316840,0.295599,0.747440,0.324566,0.551997,0.314605,1.066613,0.284541,0.132713,0.899244,0.748668,0.327742,0.201205,0.253312,0.896820,0.465106",,
314,12905,44.0,35.29,0.0426040713788765,0.02862025098875165,416.47642707824707,1289,"87.281143,87.436653","0.357664,0.433363,0.542203,0.551443,0.317613,0.294166,0.747339,0.322994,0.546735,0.312536,1.065251,0.283792,0.131779,0.898054,0.748602,0.325652,0.201776,0.254976,0.897309,0.462757",,
315,12932,27.0,35.27,0.04217803066508773,0.058072914679845176,418.3395040035248,1292,"87.345024,87.525436","0.356058,0.432224,0.541092,0.550830,0.317008,0.292506,0.746831,0.321657,0.544056,0.310748,1.064360,0.283014,0.129828,0.897469,0.748358,0.324591,0.200579,0.254605,0.897342,0.461434",,
316,12956,24.0,35.21,0.04175625035843686,0.20365725830197334,419.98304867744446,1294,"87.392998,87.592384","0.355332,0.431561,0.540339,0.550220,0.316406,0.291419,0.746208,0.320149,0.542127,0.310104,1.063915,0.281991,0.128294,0.897314,0.748402,0.322924,0.199471,0.254058,0.897254,0.460192",,
317,12984,28.0,35.17,0.041338687854852486,0.03644176137944063,421.67517280578613,1297,"87.476791,87.687988","0.354699,0.430582,0.539149,0.549153,0.315492,0.289434,0.745119,0.318161,0.539926,0.308566,1.063365,0.280542,0.126095,0.896924,0.747900,0.320953,0.197937,0.252773,0.897391,0.458803",,
318,13005,21.0,35.09,0.04092530097630396,0.05024234391748905,423.04115056991577,1299,"87.532402,87.742973","0.354572,0.430007,0.538390,0.548660,0.314811,0.288144,0.744523,0.317237,0.539101,0.307447,1.062991,0.279838,0.124972,0.896803,0.747595,0.319975,0.196920,0.251755,0.897486,0.458241",,
319,13031,26.0,35.12,0.040516047966540916,0.0716697946190834,424.59898567199707,1302,"87.622025,87.832939","0.354385,0.429188,0.537275,0.547721,0.314034,0.286305,0.743443,0.315827,0.537775,0.306050,1.062625,0.278779,0.123503,0.896239,0.747245,0.318574,0.195725,0.250479,0.897239,0.457507",,
320,13054,23.0,34.56,0.04011088748687551,0.022496100515127182,425.8698697090149,1304,"87.682999,87.887917","0.353972,0.428551,0.536660,0.547105,0.313797,0.285072,0.742777,0.314958,0.536514,0.305150,1.062468,0.278129,0.122500,0.895800,0.746880,0.317634,0.195003,0.249669,0.897236,0.457020",,
321,13079,25.0,34.31,0.03970977861200675,0.2604185789823532,427.1572234630585,1306,"87.756432,87.944687","0.353412,0.428124,0.535703,0.546226,0.313086,0.283375,0.741552,0.313695,0.534632,0.303612,1.062049,0.277198,0.120828,0.895275,0.746450,0.316454,0.194044,0.248232,0.897166,0.456086",,
322,13103,24.0,34.05,0.03931268082588668,1.872008167207241,428.674432516098,1309,"87.879112,88.025635","0.352402,0.426925,0.534646,0.545072,0.312481,0.280704,0.739803,0.311339,0.530644,0.301505,1.061507,0.275620,0.118394,0.894357,0.745738,0.313634,0.192897,0.246369,0.897677,0.454111",,
323,13132,29.0,34.06,0.03891955401762781,0.030005353192488354,430.76096749305725,1312,"88.003922,88.104973","0.351120,0.425622,0.533649,0.543930,0.311946,0.278255,0.738197,0.309249,0.526642,0.299705,1.061087,0.274219,0.116119,0.892973,0.744937,0.311213,0.191954,0.244923,0.898183,0.452581",,
324,13164,32.0,34.05,0.03853035847745153,0.0978742331887285,432.58251333236694,1315,"88.112221,88.183556","0.349950,0.424388,0.532840,0.542811,0.311496,0.275835,0.736562,0.307042,0.522597,0.298194,1.060983,0.272565,0.113804,0.891422,0.744588,0.308532,0.191053,0.243311,0.898186,0.450508",,
325,13253,89.0,34.73,0.03814505489267701,2.3406397596829467,438.09381771087646,1324,"88.353783,88.510765","0.345118,0.423836,0.528562,0.538828,0.305105,0.270927,0.732591,0.301683,0.513368,0.293958,1.059865,0.267512,0.106090,0.886733,0.743226,0.304452,0.186754,0.238510,0.896409,0.446623",,
326,13278,25.0,34.65,0.03776360434375024,0.02666250756010413,439.23307251930237,1326,"88.385246,88.591141","0.344757,0.423701,0.528216,0.538373,0.304338,0.270235,0.732381,0.301076,0.512019,0.293283,1.059648,0.266822,0.105304,0.885782,0.742958,0.303980,0.186572,0.237951,0.896158,0.446120",,
327,13295,17.0,34.61,0.03738596830031274,5.365325706079602,440.2884876728058,1328,"88.419823,88.664474","0.344477,0.423552,0.528111,0.537993,0.303580,0.269538,0.732341,0.300562,0.510905,0.292546,1.059445,0.266227,0.104590,0.884992,0.742735,0.303566,0.186412,0.237461,0.895984,0.445754",,
328,13314,19.0,34.51,0.03701210861730961,0.06289133429527283,441.63469552993774,1330,"88.475647,88.735382","0.344129,0.423254,0.527919,0.537460,0.302764,0.268509,0.732006,0.300051,0.509625,0.291586,1.059237,0.265656,0.103745,0.883839,0.742602,0.303237,0.186241,0.236799,0.895643,0.445438",,
329,13334,20.0,33.86,0.03664198753113651,0.06500659137964249,442.82459020614624,1332,"88.550285,88.802971","0.343116,0.422843,0.527239,0.536938,0.301878,0.267346,0.731455,0.299793,0.507779,0.289998,1.058649,0.265238,0.102873,0.882464,0.742734,0.303098,0.186012,0.236147,0.895244,0.445169",,
330,13351,17.0,33.71,0.036275567655825146,0.09987732395529747,443.8347818851471,1334,"88.640038,88.869385","0.341472,0.421972,0.526597,0.536276,0.301003,0.266092,0.730775,0.299499,0.505657,0.288379,1.058321,0.264806,0.101928,0.881007,0.742618,0.302917,0.185578,0.235577,0.895131,0.445013",,
331,13371,20.0,33.64,0.03591281197926689,0.04312324337661266,445.0704674720764,1336,"88.737320,88.925430","0.339733,0.420831,0.525908,0.535665,0.300117,0.264832,0.729996,0.299210,0.503628,0.286770,1.057953,0.264443,0.101036,0.879526,0.742290,0.302719,0.185095,0.235174,0.895258,0.444963",,
332,13401,30.0,33.63,0.035553683859474224,1.8154173356791337,447.7269215583801,1339,"88.865944,89.016106","0.337412,0.419117,0.525159,0.534823,0.299096,0.262745,0.728982,0.298768,0.500627,0.284768,1.057547,0.263910,0.099695,0.877421,0.741987,0.302323,0.184427,0.234400,0.895082,0.444987",,
333,13429,28.0,33.71,0.03519814702087948,2.729520007967949,451.0111620426178,1341,"88.936119,89.074455","0.336129,0.418254,0.524862,0.534496,0.298310,0.261549,0.728580,0.298696,0.498811,0.283656,1.057021,0.263599,0.098808,0.876497,0.741881,0.302178,0.183952,0.233856,0.895100,0.445037",,
334,13454,25.0,33.67,0.03484616555067068,1.7028122873355944,452.7263786792755,1344,"89.036964,89.170296","0.334018,0.416825,0.524326,0.534003,0.296760,0.260130,0.728003,0.298554,0.496470,0.282681,1.056332,0.263102,0.097351,0.874669,0.741936,0.302101,0.182906,0.233620,0.894955,0.445071",,
335,13484,30.0,32.92,0.034497703895163975,1.8514903609951336,454.4897139072418,1347,"89.134422,89.253342","0.330774,0.415601,0.523718,0.533706,0.293574,0.259555,0.727560,0.298253,0.494704,0.282348,1.055064,0.262337,0.094936,0.872732,0.741961,0.302122,0.180581,0.234122,0.895010,0.445099",,
336,13514,30.0,32.5,0.03415272685621234,3.6583305100599923,456.1315007209778,1350,"89.206947,89.331421","0.327633,0.414015,0.523512,0.533743,0.290484,0.259098,0.727409,0.297973,0.492997,0.282198,1.053518,0.261635,0.093115,0.870931,0.741942,0.301963,0.178515,0.234933,0.894952,0.445088",,
337,13540,26.0,32.42,0.03381119958765021,0.033268291503190994,457.96235966682434,1353,"89.269691,89.420227","0.325218,0.412323,0.523324,0.533899,0.288351,0.258327,0.727281,0.297714,0.491048,0.282013,1.052191,0.261134,0.091666,0.868904,0.741892,0.301633,0.177079,0.235464,0.894640,0.444850",,
338,13560,20.0,32.36,0.03347308759177371,2.7106550838798285,459.24462509155273,1355,"89.309082,89.483612","0.323842,0.411069,0.523362,0.533920,0.287522,0.257583,0.727267,0.297477,0.489708,0.281736,1.051468,0.260814,0.090808,0.867552,0.741792,0.301358,0.176389,0.235775,0.894514,0.444683",,
339,13580,20.0,32.26,0.03313835671585597,0.04416845738887787,460.52161383628845,1357,"89.356049,89.553406","0.322343,0.409970,0.523045,0.533758,0.286731,0.256887,0.727078,0.297278,0.488196,0.281101,1.050621,0.260527,0.090042,0.866248,0.741774,0.301242,0.175801,0.236048,0.894344,0.444485",,
340,13610,30.0,31.51,0.03280697314869741,1.8321391083300114,462.29742789268494,1360,"89.427399,89.657188","0.320645,0.408803,0.522717,0.533353,0.285738,0.256081,0.726963,0.296871,0.486404,0.280164,1.049556,0.260117,0.089069,0.864787,0.741552,0.300979,0.175132,0.236187,0.894438,0.444252",,
341,13635,25.0,31.12,0.032478903417210436,0.02344617061316967,463.77656745910645,1362,"89.471939,89.712738","0.319786,0.408197,0.522539,0.533072,0.285247,0.255715,0.726873,0.296611,0.485472,0.279672,1.048950,0.259920,0.088595,0.864060,0.741342,0.300754,0.174806,0.236327,0.894728,0.444198",,
342,13654,19.0,30.86,0.032154114383038335,5.239849805831909,465.02332496643066,1364,"89.522415,89.762772","0.319106,0.407841,0.522317,0.532802,0.284699,0.255547,0.726852,0.296412,0.484285,0.278980,1.048166,0.259807,0.088258,0.863163,0.740795,0.300594,0.174654,0.236532,0.895772,0.444208",,
343,13680,26.0,30.71,0.03183257323920795,3.6303360325594745,466.78689217567444,1367,"89.614006,89.801048","0.318130,0.407501,0.521950,0.532544,0.283701,0.255682,0.726961,0.296164,0.482518,0.277767,1.046644,0.259896,0.087658,0.862189,0.739044,0.300162,0.174296,0.236936,0.899092,0.444637",,
344,13704,24.0,30.73,0.03151424750681587,5.415660858154297,468.23240995407104,1369,"89.677635,89.828033","0.316897,0.407220,0.521775,0.532364,0.281947,0.255733,0.727344,0.296022,0.481329,0.276957,1.045602,0.259897,0.086609,0.861536,0.737968,0.299964,0.173410,0.237184,0.901313,0.445064",,
345,13736,32.0,30.72,0.03119910503174771,3.6046834650139012,470.2577075958252,1372,"89.749725,89.868980","0.315343,0.406655,0.522178,0.532400,0.279917,0.255702,0.728517,0.296000,0.479802,0.275887,1.044252,0.259980,0.085310,0.860948,0.736933,0.299721,0.172208,0.237482,0.904101,0.445591",,
346,13767,31.0,30.16,0.030887113981430233,3.43757900595665,472.1420783996582,1375,"89.814560,89.902794","0.314129,0.406009,0.522826,0.532700,0.278523,0.255768,0.730006,0.296382,0.478646,0.275099,1.043054,0.260570,0.084482,0.860687,0.735508,0.299789,0.171409,0.237823,0.907242,0.446636",,
347,13845,78.0,30.67,0.03057824284161593,2.0114067231770605,477.0548777580261,1383,"89.922356,90.078712","0.312723,0.402984,0.524832,0.533945,0.277564,0.254945,0.732608,0.296330,0.473183,0.275703,1.041412,0.261295,0.083665,0.857077,0.734313,0.297481,0.171856,0.240224,0.910259,0.446108",,
348,13880,35.0,30.7,0.03027246041319977,1.376773675903678,479.1535828113556,1387,"89.965118,90.174614","0.312326,0.401655,0.525713,0.534067,0.277175,0.253334,0.733458,0.296054,0.470871,0.275330,1.040797,0.261466,0.082564,0.855666,0.733744,0.296730,0.171595,0.239976,0.911128,0.446250",,
349,13910,30.0,30.71,0.029969735809067772,3.540241160740455,481.00654911994934,1390,"90.006622,90.242783","0.312997,0.401233,0.526231,0.534113,0.276804,0.252467,0.734093,0.295850,0.469501,0.275160,1.039879,0.261331,0.082415,0.854500,0.733031,0.296278,0.172474,0.239561,0.911356,0.446505",28.2,2.993325909419153
350,13934,24.0,29.85,0.029670038450977095,2.802364304661751,482.10961174964905,1392,"90.052643,90.276070","0.313508,0.400804,0.526516,0.534193,0.276265,0.251873,0.734542,0.295863,0.468558,0.274729,1.039263,0.261219,0.082445,0.853474,0.732423,0.296012,0.173218,0.238963,0.911913,0.446733",,
351,13966,32.0,29.83,0.029373338066467324,3.6839553204675517,483.9619679450989,1395,"90.151115,90.309769","0.312809,0.399318,0.527020,0.534074,0.274962,0.250536,0.735036,0.295641,0.467138,0.274122,1.038409,0.260996,0.081641,0.852093,0.731465,0.295391,0.172738,0.237402,0.913112,0.447397",,
352,14048,82.0,30.35,0.02907960468580265,0.7048635012470186,489.25316524505615,1403,"90.335892,90.456314","0.309981,0.395068,0.527827,0.533966,0.273083,0.246834,0.736637,0.295436,0.462347,0.270924,1.035826,0.260543,0.079773,0.848047,0.730046,0.294764,0.171922,0.235576,0.915723,0.448468",,
353,14074,26.0,30.32,0.028788808638944622,5.124265284587939,490.9827961921692,1406,"90.370621,90.522568","0.310072,0.394211,0.528607,0.534224,0.272994,0.245326,0.737208,0.295565,0.461046,0.269834,1.035230,0.260693,0.079212,0.846924,0.729325,0.294570,0.171767,0.234315,0.916529,0.448692",,
354,14101,27.0,30.25,0.028500920552555174,0.0706855480869611,492.7370927333832,1409,"90.418846,90.596069","0.310562,0.393449,0.528900,0.534032,0.273189,0.243832,0.737512,0.295435,0.459440,0.268804,1.034680,0.260749,0.078884,0.845586,0.728410,0.294392,0.171861,0.233317,0.917446,0.449064",,
355,14127,26.0,30.23,0.028215911347029624,2.729447828605771,494.1636292934418,1411,"90.452026,90.643112","0.310595,0.393078,0.528840,0.533857,0.273132,0.243005,0.737705,0.295357,0.458217,0.267782,1.034019,0.260769,0.078610,0.844710,0.727946,0.294380,0.171945,0.232845,0.918060,0.449272",,
356,14159,32.0,30.16,0.027933752233559327,0.03138604729125897,496.0521984100342,1414,"90.518890,90.692307","0.310722,0.392501,0.528571,0.533324,0.272929,0.241703,0.737614,0.295043,0.456774,0.266083,1.033022,0.260670,0.078011,0.843501,0.726975,0.294362,0.171938,0.232070,0.919312,0.449614",,
357,14238,79.0,30.58,0.027654414711223735,1.3955030920915306,500.88029313087463,1422,"90.688004,90.854828","0.308423,0.388313,0.527533,0.532835,0.272501,0.237167,0.737394,0.294529,0.449979,0.261434,1.030231,0.260468,0.075732,0.839121,0.725198,0.293833,0.171566,0.231308,0.921493,0.449138",,
358,14326,88.0,31.17,0.027377870564111496,1.8795454228917758,506.0138523578644,1431,"90.803200,91.052170","0.305176,0.384280,0.527395,0.532312,0.271220,0.233231,0.737560,0.290014,0.439795,0.258317,1.029053,0.257840,0.071033,0.837701,0.721555,0.287519,0.170416,0.231062,0.925933,0.445222",,
359,14352,26.0,31.18,0.027104091858470382,3.649293450638652,507.5605435371399,1434,"90.832825,91.112473","0.303915,0.383085,0.527735,0.531944,0.271008,0.232288,0.737911,0.287944,0.436068,0.257425,1.028490,0.256537,0.069155,0.837766,0.720931,0.284829,0.169904,0.230937,0.927509,0.443040",,
360,14373,21.0,31.15,0.026833050939885677,5.464994976297021,508.62805366516113,1436,"90.846863,91.151718","0.302965,0.382156,0.528263,0.531843,0.271136,0.231547,0.738406,0.286741,0.433609,0.256834,1.028178,0.255828,0.068024,0.837742,0.720594,0.283189,0.169657,0.230990,0.928589,0.441901",,
361,14400,27.0,31.08,0.02656472043048682,5.442572434743245,510.32249331474304,1439,"90.874786,91.213692","0.302503,0.380511,0.529409,0.531761,0.271663,0.229672,0.739347,0.285152,0.430889,0.255384,1.027921,0.254936,0.066643,0.837629,0.719814,0.281123,0.169560,0.230374,0.930166,0.440804",,
362,14419,19.0,31.01,0.02629907322618195,0.04948212206363678,511.3004608154297,1440,"90.886322,91.237335","0.302484,0.380041,0.529685,0.531732,0.271845,0.229103,0.739576,0.284644,0.430223,0.255151,1.027929,0.254654,0.066236,0.837703,0.719562,0.280462,0.169479,0.230149,0.930577,0.440601",,
363,14444,25.0,31.01,0.026036082493920133,3.672320056706667,512.8321623802185,1443,"90.920959,91.292366","0.302484,0.378704,0.530938,0.531829,0.272331,0.227522,0.740655,0.283388,0.428609,0.254474,1.027790,0.254104,0.065208,0.837985,0.718918,0.278693,0.169249,0.229702,0.932083,0.440364",,
364,14468,24.0,30.97,0.02577572166898093,0.14344372786581516,514.1112773418427,1445,"90.952911,91.320915","0.302317,0.377675,0.531497,0.532031,0.272903,0.226434,0.741196,0.282171,0.426955,0.253804,1.027488,0.253579,0.064370,0.838270,0.718540,0.276774,0.169059,0.229516,0.933260,0.439520",,
365,14489,21.0,30.98,0.025517964452291122,2.765168685466051,515.4166600704193,1447,"90.989769,91.340866","0.302122,0.376723,0.532098,0.532338,0.273327,0.225658,0.741849,0.281303,0.425536,0.253081,1.027084,0.253295,0.063715,0.838715,0.717816,0.275071,0.168910,0.229164,0.935002,0.438987",,
366,14508,19.0,30.94,0.02526278480776821,2.7684625266119838,516.4714796543121,1449,"91.032028,91.363731","0.301948,0.375712,0.532598,0.532627,0.273659,0.224950,0.742386,0.280639,0.424340,0.252524,1.026686,0.253107,0.063197,0.838806,0.717198,0.273573,0.168799,0.228659,0.936503,0.438572",,
367,14532,24.0,30.92,0.025010156959690527,1.829065065830946,517.9680244922638,1452,"91.104675,91.379570","0.302002,0.374437,0.533507,0.533032,0.274252,0.223983,0.743036,0.279752,0.423333,0.251983,1.026557,0.252822,0.062563,0.839210,0.716196,0.271440,0.168655,0.228110,0.938789,0.438499",,
368,14554,22.0,30.87,0.02476005539009362,0.041479649022221565,519.1762251853943,1454,"91.163445,91.394287","0.302057,0.373674,0.533675,0.532732,0.274286,0.222826,0.742990,0.278943,0.422767,0.251015,1.026495,0.252434,0.061893,0.839167,0.715437,0.270379,0.168419,0.227356,0.939969,0.438446",,
369,14586,32.0,30.91,0.024512454836192684,0.02608097406725089,520.9589500427246,1457,"91.234543,91.443871","0.302158,0.372567,0.533752,0.532331,0.274359,0.221170,0.742822,0.277946,0.421968,0.249905,1.026366,0.251964,0.061062,0.838670,0.714634,0.269156,0.168137,0.226400,0.941025,0.438326",,
370,14610,24.0,30.9,0.024267330287830756,0.028786173711220425,522.2917056083679,1460,"91.286880,91.508781","0.302198,0.371516,0.533895,0.531847,0.274459,0.219639,0.742591,0.277111,0.421092,0.249166,1.026414,0.251496,0.060403,0.838023,0.714166,0.268175,0.167904,0.225687,0.941596,0.438229",,
371,14634,24.0,30.95,0.024024656984952448,0.019302964210510254,523.6384129524231,1462,"91.321953,91.551231","0.302211,0.370926,0.533941,0.531554,0.274526,0.218845,0.742411,0.276707,0.420617,0.248742,1.026340,0.251233,0.060089,0.837726,0.713973,0.267640,0.167784,0.225444,0.941904,0.438185",,
372,14654,20.0,30.92,0.023784410415102923,2.7881081458181143,524.7769801616669,1464,"91.359001,91.595360","0.302273,0.370302,0.534160,0.531310,0.274626,0.217993,0.742382,0.276359,0.420149,0.248324,1.026309,0.251000,0.059821,0.837229,0.713881,0.267160,0.167733,0.225269,0.942062,0.438160",,
373,14678,24.0,30.91,0.023546566310951894,2.7246391447260976,526.225579738617,1466,"91.401810,91.626732","0.302402,0.369862,0.534423,0.531145,0.274726,0.217426,0.742580,0.276092,0.419713,0.247732,1.026039,0.250892,0.059637,0.837136,0.713248,0.266736,0.167785,0.225189,0.943077,0.438282",,
374,14698,20.0,30.91,0.023311100647842375,2.8014045003801584,527.3358707427979,1468,"91.448471,91.660889","0.302507,0.369378,0.534725,0.530884,0.274815,0.216661,0.742677,0.275793,0.419032,0.247188,1.025874,0.250721,0.059388,0.836624,0.712734,0.266277,0.167842,0.225000,0.943845,0.438284",,
375,14720,22.0,30.91,0.02307798964136395,0.027001858378450077,528.785701751709,1471,"91.516273,91.721443","0.302485,0.368617,0.535179,0.530402,0.274919,0.215571,0.742788,0.275328,0.417691,0.246520,1.025649,0.250409,0.059025,0.835387,0.712200,0.265592,0.167961,0.224814,0.944708,0.438096",,
376,14745,25.0,30.89,0.022847209744950314,0.0743650970980525,529.9848091602325,1473,"91.563423,91.767021","0.302115,0.368082,0.535315,0.529949,0.274342,0.214896,0.742661,0.274927,0.416863,0.246328,1.025506,0.250096,0.058511,0.834444,0.712009,0.265289,0.167756,0.224703,0.945025,0.437952",,
377,14773,28.0,30.97,0.02261873764750081,1.8758880210419495,531.4883613586426,1476,"91.636879,91.817009","0.300500,0.367449,0.535587,0.529056,0.271373,0.214242,0.742646,0.274109,0.415770,0.246301,1.025432,0.249209,0.056708,0.833069,0.711906,0.265011,0.166471,0.224788,0.945334,0.437827",,
378,14801,28.0,30.99,0.022392550271025803,3.7752304350336394,533.0111165046692,1479,"91.688637,91.876312","0.299024,0.366499,0.536223,0.528660,0.269402,0.213409,0.743058,0.273095,0.413299,0.246403,1.025161,0.248249,0.055153,0.831226,0.712701,0.263690,0.165660,0.225014,0.945107,0.436581",,
379,14830,29.0,31.05,0.022168624768315544,1.8621304213690262,534.5881500244141,1482,"91.736755,91.933052","0.297749,0.365558,0.537340,0.528412,0.267890,0.212322,0.743843,0.272262,0.410928,0.246162,1.024793,0.247581,0.053662,0.829372,0.713219,0.262492,0.164994,0.224920,0.945633,0.435690",,
380,14860,30.0,31.08,0.02194693852063239,1.9019854261229436,536.2153687477112,1485,"91.792336,91.997543","0.296510,0.364745,0.537944,0.527383,0.266199,0.210548,0.744306,0.271045,0.408171,0.245075,1.024458,0.246567,0.051807,0.827440,0.713493,0.261473,0.164294,0.223938,0.945671,0.434796",,
381,14884,24.0,30.96,0.021727469135426065,0.06553982477635145,537.3954758644104,1487,"91.827576,92.042313","0.295452,0.363983,0.538513,0.526752,0.265143,0.209399,0.744653,0.270125,0.406140,0.244727,1.024419,0.245856,0.050571,0.826116,0.713716,0.260588,0.163797,0.223420,0.945587,0.434129",,
382,14915,31.0,31.01,0.021510194444071803,3.6576195855935416,539.1106090545654,1490,"91.884018,92.115532","0.294224,0.362749,0.539441,0.526075,0.264187,0.207434,0.745085,0.268716,0.403250,0.244354,1.024492,0.244856,0.048876,0.823797,0.713992,0.259019,0.163302,0.222846,0.945374,0.433164",,
383,14941,26.0,31.05,0.021295092499631085,0.029019195586442947,540.7908732891083,1493,"91.945480,92.186890","0.293628,0.361663,0.539794,0.525540,0.263710,0.205884,0.745128,0.267508,0.401047,0.244225,1.024467,0.243970,0.047647,0.821457,0.713699,0.257625,0.163075,0.222790,0.945499,0.432496",,
384,14971,30.0,31.02,0.021082141574634772,1.8652789214005072,542.6035051345825,1496,"92.003090,92.246902","0.293369,0.360707,0.540372,0.525141,0.263517,0.204747,0.745341,0.266512,0.399377,0.243894,1.024272,0.243317,0.046848,0.819482,0.713183,0.256420,0.163090,0.222955,0.946401,0.432052",,
385,14998,27.0,31.07,0.020871320158888425,0.050785936415195465,543.9190065860748,1498,"92.046005,92.283012","0.292717,0.359980,0.540630,0.524799,0.262835,0.204168,0.745484,0.265912,0.398382,0.243580,1.024022,0.242870,0.046312,0.818315,0.712781,0.255816,0.162779,0.223083,0.947014,0.431799",,
386,15028,30.0,31.15,0.020662606957299542,0.032642447700103126,545.7559280395508,1501,"92.105110,92.347977","0.291981,0.359128,0.540947,0.524215,0.261966,0.203353,0.745574,0.265029,0.397152,0.243002,1.023681,0.242247,0.045633,0.817069,0.712241,0.255034,0.162411,0.223398,0.947922,0.431534",,
387,15055,27.0,31.15,0.020455980887726547,1.8669111641744773,547.3058507442474,1504,"92.161057,92.404373","0.291409,0.358475,0.541473,0.523503,0.261366,0.202883,0.745449,0.264138,0.396173,0.242529,1.023646,0.241655,0.045196,0.817228,0.712406,0.254313,0.162158,0.224137,0.949010,0.431476",,
388,15085,30.0,31.17,0.02025142107884928,1.7419052642459671,549.10347032547,1507,"92.232788,92.440796","0.291271,0.357788,0.541774,0.522660,0.261273,0.202354,0.745317,0.263520,0.396109,0.241368,1.023291,0.241224,0.044905,0.817420,0.711956,0.254069,0.162054,0.224600,0.950655,0.431657",,
389,15116,31.0,31.25,0.020048906868060788,5.61082585901022,551.0542984008789,1510,"92.282104,92.475807","0.291054,0.357510,0.542828,0.522383,0.261083,0.202436,0.746500,0.263083,0.395728,0.240132,1.022499,0.240918,0.044586,0.817914,0.711073,0.253695,0.161896,0.224917,0.953287,0.431475",,
390,15144,28.0,31.26,0.01984841779938018,0.03265555016696453,552.6089780330658,1513,"92.343330,92.516319","0.290920,0.357022,0.543730,0.521519,0.260636,0.201699,0.747166,0.261911,0.394894,0.238639,1.021903,0.240030,0.043792,0.817659,0.710385,0.253042,0.161795,0.224677,0.955361,0.430728",,
391,15176,32.0,31.24,0.019649933621386378,1.9032185599207878,554.1928334236145,1516,"92.403259,92.563324","0.289758,0.355626,0.544633,0.520626,0.259858,0.200473,0.747659,0.260803,0.393455,0.237426,1.021538,0.239184,0.042868,0.816549,0.709924,0.252474,0.161392,0.224551,0.956685,0.430182",,
392,15206,30.0,31.29,0.019453434285172513,0.022325783967971802,555.7821476459503,1519,"92.449509,92.628487","0.288787,0.354009,0.545454,0.519756,0.259691,0.199056,0.748042,0.259845,0.391819,0.236689,1.021400,0.238434,0.042187,0.814830,0.709625,0.252063,0.161386,0.224636,0.957222,0.429631",,
393,15232,26.0,30.83,0.019258899942320787,3.7348898785809674,557.2594470977783,1522,"92.479591,92.711525","0.288017,0.352615,0.546526,0.519149,0.259569,0.197831,0.748750,0.259152,0.390233,0.236163,1.021174,0.237860,0.041714,0.812812,0.709720,0.251774,0.161525,0.224709,0.957433,0.429013",,
394,15256,24.0,30.73,0.01906631094289758,0.02168385498225689,558.4359304904938,1524,"92.503799,92.763374","0.287704,0.351830,0.547134,0.518782,0.259527,0.197212,0.749133,0.258773,0.389278,0.235773,1.020958,0.237513,0.041531,0.811538,0.709693,0.251667,0.161768,0.224917,0.957580,0.428631",,
395,15283,27.0,30.25,0.018875647833468602,3.738129479189714,559.9578275680542,1527,"92.543266,92.825439","0.287196,0.350837,0.548051,0.518422,0.259477,0.196557,0.750078,0.258385,0.387793,0.235096,1.020497,0.237086,0.041322,0.810205,0.709413,0.251454,0.162113,0.225331,0.957972,0.428168",,
396,15313,30.0,30.17,0.018686891355133916,1.8847733698785305,561.6347072124481,1530,"92.590080,92.864380","0.286875,0.350015,0.549205,0.518169,0.259493,0.196021,0.751048,0.258106,0.386607,0.234528,1.020020,0.236818,0.041181,0.809084,0.709162,0.251090,0.162421,0.225691,0.958864,0.428056",,
397,15335,22.0,30.1,0.018500022441582577,0.028999052941799164,562.79114818573,1532,"92.626030,92.882881","0.286815,0.349547,0.549623,0.517934,0.259530,0.195505,0.751217,0.257966,0.385967,0.233926,1.019612,0.236658,0.041128,0.808379,0.708955,0.250807,0.162643,0.225778,0.959484,0.428073",,
398,15361,26.0,30.03,0.01831502221716675,1.8560465158273776,564.210104227066,1535,"92.674751,92.923622","0.286829,0.348902,0.549981,0.517610,0.259559,0.194555,0.751239,0.257764,0.385130,0.233284,1.019091,0.236427,0.040990,0.807242,0.708739,0.250463,0.162887,0.225701,0.959897,0.428050",,
399,15390,29.0,30.02,0.018131871994995084,0.022629153604308765,565.7830023765564,1538,"92.734100,92.955002","0.286884,0.348516,0.549862,0.517186,0.259367,0.193622,0.751057,0.257491,0.384553,0.232230,1.018517,0.236164,0.040687,0.806361,0.708240,0.250203,0.162939,0.225309,0.960428,0.428103",31.0,3.1622776601683795
400,15418,28.0,30.08,0.017950553275045134,0.010854983702301979,567.0433185100555,1540,"92.773087,92.975754","0.286998,0.348497,0.549635,0.516665,0.259080,0.193039,0.750844,0.257149,0.384269,0.231481,1.018277,0.235842,0.040389,0.805737,0.707838,0.250095,0.162996,0.224901,0.960673,0.428120",,
401,15451,33.0,30.11,0.017771047742294682,0.02905709226615727,569.0186264514923,1544,"92.839050,93.022919","0.287223,0.348514,0.549225,0.515433,0.258905,0.192205,0.750457,0.256653,0.384212,0.230542,1.017868,0.235144,0.040080,0.804620,0.707582,0.250253,0.163159,0.224897,0.960766,0.428240",,
402,15489,38.0,30.18,0.017593337264871736,1.8696015582730372,571.0365927219391,1547,"92.881905,93.049774","0.287334,0.348443,0.549319,0.514762,0.258868,0.191834,0.750584,0.256421,0.384135,0.229818,1.017365,0.234824,0.039936,0.803920,0.707172,0.250370,0.163291,0.225007,0.961625,0.428385",,
403,15526,37.0,30.23,0.01741740389222302,2.8190008979290724,573.1171958446503,1551,"92.906128,93.099586","0.287400,0.348025,0.550409,0.514783,0.258934,0.191160,0.751741,0.256651,0.383628,0.228945,1.016412,0.234772,0.039894,0.803049,0.707457,0.250536,0.163560,0.225473,0.962376,0.428522",,
404,15553,27.0,30.16,0.01724322985330079,0.019023587306340534,574.6258294582367,1554,"92.935066,93.154442","0.287275,0.347699,0.550618,0.514172,0.258805,0.190631,0.751946,0.256438,0.382932,0.228201,1.015861,0.234438,0.039815,0.802204,0.707563,0.250558,0.163731,0.225732,0.962625,0.428371",,
405,15575,22.0,29.48,0.017070797554767782,2.826858328655362,575.7532782554626,1556,"92.952774,93.190239","0.287029,0.347470,0.550934,0.513794,0.258698,0.190205,0.752251,0.256374,0.382174,0.227782,1.015583,0.234216,0.039704,0.801477,0.707803,0.250596,0.163832,0.225775,0.962527,0.428190",,
406,15604,29.0,29.46,0.016900089579220106,5.586640978232026,577.4126482009888,1559,"92.977394,93.237518","0.286878,0.347035,0.552383,0.513716,0.258754,0.189633,0.753623,0.256457,0.381053,0.227598,1.015152,0.234030,0.039623,0.799922,0.708366,0.250487,0.164239,0.225599,0.962249,0.427951",,
407,15636,32.0,29.48,0.016731088683427906,1.9024374342213075,579.0870494842529,1562,"93.015030,93.263145","0.285990,0.346571,0.554032,0.513479,0.257741,0.189371,0.755102,0.256365,0.379916,0.227442,1.014856,0.233768,0.038965,0.798771,0.708465,0.250344,0.163993,0.225561,0.963105,0.427915",,
408,15660,24.0,29.43,0.016563777796593626,3.6543724425137043,580.5746712684631,1565,"93.070129,93.283951","0.284928,0.346121,0.555259,0.512856,0.256556,0.189488,0.756343,0.256133,0.379004,0.227392,1.014660,0.233341,0.038349,0.797663,0.708578,0.250249,0.163676,0.225835,0.963847,0.427881",,
409,15688,28.0,29.44,0.016398140018627688,0.025657815858721733,581.9364306926727,1567,"93.116112,93.299576","0.284454,0.345814,0.555636,0.512233,0.256029,0.189590,0.756790,0.255985,0.378713,0.227324,1.014503,0.233007,0.038087,0.796893,0.708598,0.250295,0.163573,0.226091,0.964184,0.427933",,
410,15723,35.0,29.53,0.01623415861844141,0.015462639275938272,584.0071437358856,1571,"93.181038,93.350349","0.283750,0.345091,0.556005,0.511160,0.255338,0.189600,0.757507,0.255826,0.378073,0.227322,1.014131,0.232392,0.037720,0.795002,0.708290,0.250569,0.163475,0.226659,0.964526,0.427845",,
411,15760,37.0,29.68,0.016071817032256998,4.215788678498939,586.0167243480682,1575,"93.194977,93.410156","0.283196,0.344591,0.557237,0.511309,0.254742,0.189587,0.759074,0.255879,0.376382,0.227456,1.013350,0.232204,0.037544,0.793312,0.708090,0.250398,0.163742,0.227450,0.965282,0.427736",,
412,15788,28.0,29.63,0.01591109886193443,5.591839026659727,587.3898458480835,1577,"93.193192,93.441368","0.283448,0.344410,0.558409,0.511409,0.254811,0.189545,0.760095,0.255784,0.375780,0.227611,1.013273,0.232100,0.037794,0.792287,0.708081,0.250219,0.164423,0.227853,0.965676,0.427748",,
413,15817,29.0,29.56,0.015751987873315085,1.878933522850275,589.0613677501678,1580,"93.192451,93.485435","0.283810,0.344197,0.560133,0.511542,0.254930,0.189512,0.761611,0.255640,0.375035,0.227761,1.013219,0.231965,0.038129,0.791093,0.708011,0.249938,0.165297,0.228395,0.966292,0.427782",,
414,15841,24.0,29.36,0.015594467994581935,5.602980278432369,590.4748420715332,1583,"93.205292,93.525101","0.284351,0.343900,0.561732,0.511557,0.255154,0.189297,0.762931,0.255451,0.374498,0.227670,1.013202,0.231802,0.038478,0.789912,0.707961,0.249671,0.166164,0.228785,0.966769,0.427814",,
415,15865,24.0,29.33,0.015438523314636115,2.840793199837208,591.6839189529419,1585,"93.218330,93.540146","0.284968,0.343753,0.563651,0.511516,0.255347,0.189124,0.764275,0.255213,0.374264,0.227416,1.013345,0.231708,0.038771,0.789137,0.707782,0.249386,0.166947,0.228880,0.967861,0.427992",,
416,15899,34.0,29.43,0.015284138081489753,1.8620958095416427,593.3384034633636,1588,"93.257751,93.551674","0.285587,0.343409,0.565778,0.511300,0.255371,0.188592,0.765655,0.254794,0.373931,0.226892,1.013272,0.231684,0.038847,0.787962,0.707467,0.248878,0.167640,0.228742,0.969571,0.428435",,
417,15925,26.0,29.41,0.015131296700674856,1.8885601224998634,594.8667588233948,1591,"93.302719,93.562157","0.286005,0.342855,0.568100,0.511203,0.255413,0.187588,0.767222,0.254440,0.373411,0.226336,1.013204,0.231833,0.038575,0.786483,0.707271,0.248274,0.168028,0.228368,0.971434,0.429124",,
418,15959,34.0,29.54,0.014979983733668108,0.025194032583385706,596.5640223026276,1594,"93.365479,93.577621","0.286364,0.342205,0.569664,0.510609,0.255239,0.185277,0.768033,0.253778,0.372785,0.224553,1.013166,0.231699,0.037559,0.784954,0.706824,0.247887,0.167864,0.226681,0.972741,0.429601",,
419,16003,44.0,29.72,0.014830183896331426,2.2658047301694753,599.0248286724091,1599,"93.463051,93.613098","0.285972,0.340853,0.572594,0.509366,0.253907,0.182251,0.769951,0.252964,0.371757,0.222992,1.013374,0.231179,0.035970,0.783156,0.706566,0.247573,0.167103,0.224312,0.974073,0.430216",,
420,16039,36.0,29.85,0.014681882057368112,3.7786752258737883,600.9748160839081,1602,"93.508202,93.647690","0.285666,0.340241,0.574069,0.507806,0.252455,0.180549,0.771136,0.251760,0.371493,0.221969,1.013771,0.229967,0.034315,0.781921,0.706426,0.247671,0.166653,0.222917,0.974415,0.430446",,
421,16073,34.0,29.94,0.01453506323679443,1.4215606257785112,603.006269454956,1606,"93.544952,93.706276","0.285377,0.339358,0.575945,0.505770,0.251166,0.178640,0.772879,0.250074,0.370587,0.220372,1.014088,0.228584,0.032827,0.779493,0.706225,0.248081,0.166642,0.221788,0.975077,0.430624",,
422,16105,32.0,30.02,0.014389712604426485,3.757217820112904,604.7620844841003,1609,"93.560013,93.759262","0.285460,0.338676,0.577400,0.504433,0.250680,0.177461,0.774236,0.249054,0.369941,0.219781,1.014440,0.227688,0.032208,0.777487,0.706331,0.248402,0.166982,0.221409,0.974989,0.430595",,
423,16136,31.0,30.04,0.01424581547838222,0.03833389872064193,606.3884863853455,1612,"93.579636,93.815140","0.285850,0.338094,0.578632,0.503121,0.250226,0.176262,0.775358,0.247781,0.368496,0.219033,1.014603,0.226575,0.031499,0.775293,0.706401,0.248275,0.167736,0.220961,0.974787,0.430039",,
424,16164,28.0,30.0,0.014103357323598397,3.696697602669398,608.0427589416504,1615,"93.604034,93.853828","0.286311,0.337628,0.579897,0.502425,0.250004,0.175483,0.776730,0.246901,0.367139,0.218433,1.014559,0.225862,0.031102,0.773603,0.706389,0.247887,0.168532,0.220752,0.975113,0.429718",,
425,16192,28.0,29.39,0.013962323750362413,5.6290818850199384,609.6663539409637,1618,"93.631485,93.870621","0.286745,0.337333,0.582104,0.501735,0.249334,0.175066,0.779037,0.245954,0.366285,0.217833,1.014684,0.225052,0.030474,0.772260,0.706190,0.247460,0.169350,0.220598,0.976515,0.429976",,
426,16227,35.0,29.49,0.013822700512858789,1.8893180638551712,611.4638912677765,1621,"93.660217,93.884758","0.287054,0.337211,0.584740,0.500965,0.248520,0.174736,0.781613,0.245029,0.365649,0.217107,1.014934,0.224125,0.029660,0.771448,0.705684,0.247162,0.169911,0.220268,0.978476,0.430104",,
427,16259,32.0,29.64,0.0136844735077302,3.7477096669996777,613.163901090622,1624,"93.686050,93.899078","0.287408,0.337078,0.587213,0.500408,0.248033,0.174363,0.783870,0.244226,0.365364,0.216822,1.015490,0.223325,0.029019,0.770986,0.705216,0.246750,0.170338,0.219885,0.980060,0.430307",,
428,16283,24.0,29.69,0.013547628772652899,3.7307632820059857,614.5759892463684,1627,"93.715225,93.916122","0.287917,0.336885,0.589089,0.499989,0.247517,0.173819,0.785714,0.243446,0.365257,0.216438,1.015722,0.222547,0.028129,0.770479,0.704617,0.246564,0.170552,0.219523,0.981371,0.430507",,
429,16309,26.0,29.75,0.01341215248492637,0.028062482364475727,615.9482040405273,1629,"93.729973,93.934845","0.288085,0.336680,0.590143,0.499832,0.247170,0.173314,0.786880,0.243027,0.364870,0.215975,1.015620,0.222149,0.027487,0.769735,0.704293,0.246552,0.170642,0.219272,0.982173,0.430581",,
430,16333,24.0,29.82,0.013278030960077106,5.477812057361007,617.3604183197021,1632,"93.751083,93.968224","0.287988,0.336104,0.591762,0.500327,0.247361,0.172466,0.788632,0.243037,0.363402,0.215062,1.014809,0.222421,0.027203,0.767914,0.704180,0.246561,0.170860,0.219151,0.983752,0.430746",,
431,16359,26.0,29.88,0.013145250650476335,0.03190138330683112,618.6161372661591,1634,"93.774742,93.985519","0.288033,0.335643,0.592707,0.500627,0.247714,0.171780,0.789496,0.242993,0.362532,0.214253,1.014164,0.222730,0.027138,0.766581,0.703995,0.246463,0.171061,0.219057,0.985064,0.430942",,
432,16386,27.0,29.85,0.01301379814397157,0.011669185943901539,620.0987732410431,1637,"93.817543,94.018814","0.287991,0.334873,0.593274,0.500660,0.248055,0.170444,0.789999,0.242736,0.361260,0.212874,1.013301,0.222948,0.026830,0.764344,0.703694,0.246417,0.171266,0.218763,0.986288,0.431092",,
433,16415,29.0,29.86,0.012883660162531854,3.7033604631821313,621.6425738334656,1640,"93.860222,94.053650","0.287178,0.333955,0.593624,0.500189,0.247156,0.169785,0.790771,0.242164,0.360351,0.212060,1.012407,0.222421,0.025806,0.762116,0.703382,0.246433,0.171047,0.218537,0.987396,0.431264",,
434,16451,36.0,29.97,0.012754823560906535,2.8183664625976235,623.542581319809,1644,"93.870361,94.099373","0.286377,0.332871,0.595463,0.500511,0.246501,0.169333,0.793386,0.241748,0.359409,0.211212,1.011286,0.222229,0.025019,0.759403,0.703612,0.246371,0.171029,0.218794,0.988825,0.431592",,
435,16485,34.0,30.01,0.01262727532529747,0.08605344872921705,625.1620502471924,1647,"93.885475,94.145065","0.285563,0.331885,0.596154,0.500766,0.246076,0.168781,0.794804,0.241401,0.358186,0.210510,1.009767,0.221921,0.024371,0.757110,0.703601,0.245992,0.170891,0.218689,0.989400,0.431278",,
436,16511,26.0,29.97,0.012501002572044496,1.8855490256100893,626.5572783946991,1650,"93.910828,94.178566","0.284984,0.331118,0.596765,0.500839,0.245831,0.167928,0.795733,0.240703,0.356613,0.209629,1.008615,0.221323,0.023499,0.755265,0.703583,0.245044,0.170745,0.218225,0.990121,0.430375",,
437,16541,30.0,30.01,0.01237599254632405,1.8859998440990846,628.1154773235321,1653,"93.937080,94.202812","0.284562,0.330595,0.597644,0.500850,0.245450,0.166916,0.796500,0.239990,0.355209,0.208553,1.007653,0.220844,0.022466,0.753831,0.703319,0.244144,0.170513,0.217418,0.991451,0.429710",,
438,16565,24.0,30.05,0.01225223262086081,5.667416572570801,629.2454006671906,1655,"93.950516,94.213806","0.284267,0.330260,0.598545,0.501248,0.245231,0.166309,0.797250,0.239582,0.354228,0.207923,1.007053,0.220675,0.021916,0.753116,0.703326,0.243429,0.170426,0.217161,0.992357,0.429423",,
439,16596,31.0,30.16,0.012129710294652202,1.8733558173601825,631.0384569168091,1658,"93.964226,94.228867","0.283995,0.329823,0.599896,0.501931,0.245047,0.165544,0.798318,0.239093,0.353226,0.207009,1.006291,0.220517,0.021330,0.752286,0.703402,0.242544,0.170386,0.217117,0.993694,0.429292",,
440,16626,30.0,30.16,0.01200841319170568,1.912567732700457,632.6708402633667,1661,"93.986450,94.247665","0.283366,0.329077,0.601161,0.502377,0.244303,0.164846,0.799192,0.238577,0.352468,0.206397,1.005689,0.220286,0.020755,0.751373,0.703430,0.241726,0.170094,0.217218,0.994935,0.429313",,
441,16657,31.0,30.22,0.011888329059788623,3.7234144527465105,634.4313063621521,1664,"94.013527,94.255119","0.283168,0.328409,0.602368,0.502925,0.243853,0.164178,0.799709,0.238085,0.352214,0.205972,1.005193,0.220201,0.020373,0.750300,0.703576,0.240926,0.169920,0.217575,0.996488,0.429659",,
442,16684,27.0,30.3,0.011769445769190737,1.878391269594431,636.0387780666351,1667,"94.036263,94.264648","0.283204,0.327753,0.604005,0.503366,0.243488,0.163422,0.800473,0.237602,0.352137,0.205700,1.004903,0.220216,0.020117,0.748865,0.704038,0.240371,0.169862,0.217824,0.998041,0.430086",,
443,16714,30.0,30.34,0.01165175131149883,0.02246711775660515,637.7115714550018,1670,"94.062431,94.274788","0.283005,0.327082,0.605760,0.503620,0.243268,0.162677,0.801564,0.237196,0.351633,0.205172,1.004590,0.220244,0.019861,0.747557,0.704202,0.239865,0.169858,0.217951,0.999899,0.430510",,
444,16790,76.0,30.86,0.011535233798383842,3.5118259546579793,641.9780580997467,1678,"94.134842,94.301025","0.282720,0.326170,0.612049,0.504156,0.241585,0.160064,0.806252,0.236182,0.350217,0.202932,1.003179,0.220279,0.017325,0.743812,0.704447,0.239262,0.169609,0.216049,1.005855,0.431308",,
445,16826,36.0,30.9,0.011419881460400004,3.773731199403604,644.0841898918152,1681,"94.135513,94.331665","0.282778,0.325774,0.615006,0.504553,0.240531,0.159373,0.808693,0.236011,0.349860,0.202633,1.003029,0.220178,0.016653,0.742219,0.704957,0.239284,0.169928,0.215714,1.007007,0.431374",,
446,16859,33.0,30.92,0.011305682645796004,3.608354441821575,645.983720779419,1684,"94.130974,94.373840","0.282572,0.324945,0.618527,0.505709,0.240339,0.158217,0.811361,0.236211,0.348879,0.202655,1.002846,0.220890,0.016682,0.740080,0.706306,0.238981,0.170077,0.215565,1.007498,0.431356",,
447,16895,36.0,30.5,0.011192625819338045,5.575507564470172,648.6861348152161,1688,"94.137802,94.398605","0.282122,0.323633,0.623089,0.507368,0.240487,0.156762,0.814924,0.236491,0.347350,0.202397,1.002155,0.221931,0.016682,0.737379,0.707788,0.238550,0.170461,0.215568,1.009008,0.431593",,
448,16931,36.0,30.51,0.011080699561144665,6.93727041920647,650.7600853443146,1692,"94.153473,94.380440","0.282010,0.322581,0.629412,0.509904,0.240792,0.155893,0.820039,0.236748,0.346328,0.201488,1.000580,0.223394,0.016677,0.735307,0.708819,0.237859,0.170895,0.215761,1.013597,0.432167",,
449,16979,48.0,30.69,0.010969892565533218,5.575763750355691,653.2065608501434,1696,"94.177361,94.370651","0.280373,0.321606,0.636457,0.511789,0.239270,0.155258,0.826047,0.236622,0.345544,0.200635,0.998380,0.224082,0.015491,0.733702,0.710199,0.237393,0.170299,0.215852,1.018151,0.432587",84.8,20.556264252047356
450,17077,98.0,31.43,0.010860193639877886,2.2249286856967956,658.4945659637451,1706,"94.262581,94.400642","0.279410,0.320311,0.649256,0.515212,0.237216,0.153650,0.836711,0.236139,0.345263,0.198680,0.995336,0.224696,0.013446,0.731125,0.711125,0.236496,0.169700,0.216024,1.026365,0.432884",,
451,17157,80.0,31.91,0.010751591703479106,1.3904431411065161,662.7701773643494,1714,"94.341171,94.440781","0.279541,0.319539,0.656256,0.515946,0.237547,0.152618,0.842193,0.235245,0.343945,0.196645,0.993211,0.224575,0.012854,0.729388,0.710251,0.235015,0.170442,0.216389,1.034177,0.432532",,
452,17657,500.0,36.09,0.010644075786444315,2.890653395894915,688.7389616966248,1764,"94.649902,94.873833","0.284741,0.316930,0.675812,0.520616,0.241725,0.152229,0.862262,0.234810,0.341443,0.200825,0.977074,0.230262,0.014808,0.714656,0.708821,0.232915,0.177592,0.218083,1.057859,0.434209",,
453,17740,83.0,36.66,0.010537635028579873,0.6403901781886816,693.0201244354248,1773,"94.722282,94.967827","0.287648,0.318184,0.678845,0.519075,0.241816,0.148921,0.864331,0.232804,0.339716,0.196472,0.976376,0.229212,0.013758,0.713443,0.705963,0.231866,0.179615,0.215029,1.062466,0.433514",,
454,17814,74.0,37.13,0.010432258678294073,2.3993484823232785,696.6982898712158,1780,"94.783936,95.007599","0.289921,0.318446,0.679866,0.517734,0.241836,0.145420,0.864288,0.231198,0.338891,0.193123,0.975658,0.228584,0.012645,0.711573,0.704203,0.231257,0.180623,0.212403,1.065040,0.433424",,
455,17894,80.0,37.67,0.010327936091511133,2.7973230890347622,700.9128670692444,1788,"94.804787,95.048737","0.291711,0.318248,0.683626,0.517230,0.242425,0.143939,0.867300,0.230579,0.338875,0.191625,0.975139,0.228480,0.012234,0.711084,0.703619,0.231356,0.181480,0.211128,1.068819,0.433934",,
456,17983,89.0,38.24,0.010224656730596022,3.7390458760783076,705.3863215446472,1797,"94.800133,95.083366","0.293826,0.317894,0.690274,0.517776,0.243527,0.143015,0.873520,0.230509,0.338755,0.191629,0.974910,0.228698,0.012681,0.711002,0.705172,0.231839,0.183281,0.210911,1.070784,0.434357",,
457,18055,72.0,38.17,0.01012241016329006,1.600688629717167,709.2511351108551,1804,"94.876884,95.079506","0.295437,0.317410,0.693352,0.518040,0.243960,0.141619,0.876042,0.230484,0.338316,0.191023,0.973464,0.229125,0.012555,0.709459,0.705194,0.231912,0.184678,0.210726,1.073145,0.434737",,
458,18146,91.0,38.2,0.01002118606165716,1.8698292317179341,714.0735726356506,1813,"94.925423,95.144608","0.296854,0.316483,0.696392,0.518709,0.244705,0.140528,0.879175,0.231035,0.337889,0.190937,0.972024,0.229479,0.012578,0.706668,0.705812,0.232815,0.186019,0.210844,1.074094,0.434532",,
459,18229,83.0,38.77,0.01,2.761276228004135,718.5764005184174,1821,"94.939545,95.186638","0.297783,0.314932,0.700795,0.520975,0.247584,0.141203,0.883801,0.232164,0.338792,0.192588,0.971225,0.230590,0.015451,0.706010,0.707804,0.233375,0.187510,0.214478,1.075304,0.435047",,
460,18327,98.0,39.54,0.01,2.810456365905702,723.890086889267,1831,"95.014801,95.178848","0.297321,0.313991,0.707716,0.522113,0.248973,0.142884,0.890288,0.232437,0.338961,0.192746,0.968135,0.230629,0.018337,0.707362,0.708612,0.233021,0.189500,0.218441,1.080782,0.435503",,
461,18419,92.0,40.19,0.01,2.4740131003782153,728.5479543209076,1840,"95.080437,95.224457","0.298111,0.313887,0.713513,0.522981,0.249489,0.142786,0.896007,0.232365,0.339211,0.192388,0.965889,0.230863,0.019649,0.706519,0.710804,0.232380,0.191257,0.219791,1.083188,0.436127",,
462,18509,90.0,40.9,0.01,3.0982479110567107,733.081597328186,1849,"95.132751,95.267891","0.298678,0.313803,0.717754,0.523700,0.249619,0.142287,0.900218,0.232502,0.339115,0.191118,0.963526,0.231374,0.019549,0.704770,0.710927,0.232288,0.191935,0.220170,1.087673,0.436468",,
463,18610,101.0,41.66,0.01,4.075704397803003,739.0880410671234,1860,"95.181183,95.318581","0.298778,0.313312,0.725287,0.524369,0.249655,0.143181,0.906901,0.232566,0.339230,0.191189,0.961525,0.231916,0.019663,0.705175,0.711090,0.231747,0.192493,0.220878,1.094895,0.437148",,
464,18684,74.0,42.16,0.01,2.41101904639176,743.1654570102692,1867,"95.197708,95.355255","0.298432,0.313114,0.731168,0.525130,0.248868,0.143595,0.912272,0.232545,0.339633,0.191626,0.960929,0.232055,0.019279,0.705888,0.712303,0.231614,0.192390,0.220769,1.098256,0.437459",,
465,18754,70.0,42.65,0.01,0.8218024432925242,747.1089129447937,1874,"95.277184,95.341881","0.298645,0.313787,0.734131,0.524286,0.246107,0.144045,0.914026,0.231962,0.341432,0.192362,0.960120,0.231701,0.018274,0.706315,0.711265,0.231695,0.191775,0.220860,1.103134,0.438851",,
466,18825,71.0,43.17,0.01,0.8096848038424339,751.1986668109894,1881,"95.314522,95.395218","0.298902,0.313371,0.735775,0.523349,0.245332,0.144235,0.914984,0.231374,0.341236,0.194356,0.959232,0.231240,0.017444,0.704606,0.710278,0.231626,0.191782,0.221523,1.106359,0.438588",,
467,18901,76.0,43.69,0.01,2.1140579726779833,755.7000303268433,1889,"95.328835,95.518585","0.299557,0.312910,0.736806,0.522273,0.244194,0.143662,0.915813,0.230979,0.340114,0.197254,0.958521,0.230421,0.015635,0.701676,0.710552,0.231926,0.191794,0.221251,1.106554,0.436929",,
468,18992,91.0,44.38,0.01,3.110984922904107,760.7346377372742,1898,"95.359123,95.554863","0.300917,0.313292,0.742285,0.522202,0.242079,0.142670,0.920753,0.230681,0.339325,0.197588,0.958238,0.229916,0.013058,0.699970,0.710655,0.232290,0.192212,0.220027,1.109557,0.436151",,
469,19067,75.0,44.81,0.01,4.7988954757207205,764.45503282547,1905,"95.402512,95.535133","0.302255,0.313653,0.748979,0.523527,0.241806,0.142063,0.926705,0.230286,0.339486,0.197438,0.957970,0.230158,0.011875,0.700219,0.710221,0.231926,0.192582,0.219105,1.115102,0.436407",,
470,19157,90.0,45.47,0.01,2.47846108286952,769.5733640193939,1914,"95.416916,95.557991","0.303979,0.313287,0.756894,0.525454,0.242183,0.141786,0.933995,0.230259,0.339840,0.198161,0.957915,0.230681,0.011268,0.700368,0.710203,0.232127,0.193352,0.218652,1.120471,0.436043",,
471,19235,78.0,46.01,0.01,0.7039670045487583,774.429217338562,1922,"95.477608,95.567039","0.305028,0.313536,0.759712,0.525370,0.242434,0.141664,0.936301,0.230279,0.339700,0.196758,0.956916,0.230877,0.010973,0.700251,0.707917,0.232457,0.194037,0.218384,1.125660,0.435913",,
472,19308,73.0,46.54,0.01,3.966906157721366,778.1229929924011,1929,"95.462395,95.664696","0.305736,0.313029,0.762894,0.526809,0.242606,0.141113,0.939416,0.230853,0.339215,0.198333,0.956130,0.231386,0.010699,0.698868,0.709844,0.233406,0.194585,0.218145,1.125164,0.434857",,
473,19396,88.0,47.18,0.01,2.471645057408346,783.0129058361053,1938,"95.541725,95.655457","0.307248,0.313349,0.769340,0.528124,0.242477,0.140638,0.945067,0.231153,0.339175,0.197680,0.954384,0.232302,0.010259,0.699941,0.709518,0.233300,0.195281,0.217004,1.131299,0.434814",,
474,19472,76.0,47.74,0.01,1.4303803357761353,787.3782589435577,1946,"95.662666,95.688278","0.308567,0.314674,0.771450,0.527764,0.241456,0.141376,0.946880,0.231413,0.339883,0.195907,0.952561,0.232240,0.010352,0.700570,0.707728,0.233563,0.195766,0.216672,1.135753,0.434389",,
475,19567,95.0,48.47,0.01,2.534455923984448,792.2363851070404,1955,"95.685028,95.809570","0.311772,0.315053,0.773057,0.527851,0.242440,0.141780,0.948135,0.230952,0.342531,0.197980,0.952925,0.231614,0.011153,0.699372,0.706411,0.233601,0.197313,0.217128,1.136482,0.433591",,
476,19644,77.0,48.99,0.01,1.423368116025813,796.7362089157104,1963,"95.717339,95.848381","0.313648,0.313375,0.774548,0.528210,0.244143,0.140820,0.948306,0.229971,0.343670,0.202651,0.952659,0.232052,0.011349,0.694919,0.705069,0.232876,0.198424,0.217927,1.139556,0.433917",,
477,19725,81.0,49.52,0.01,4.244883222156204,801.0417501926422,1971,"95.734505,95.863358","0.315533,0.311792,0.777277,0.528763,0.246170,0.139507,0.949755,0.228845,0.345162,0.207560,0.954028,0.231976,0.011358,0.692864,0.704344,0.231851,0.199209,0.218228,1.142009,0.434444",,
478,19818,93.0,50.17,0.01,1.871754202991724,806.2084650993347,1980,"95.743599,95.885674","0.319707,0.310858,0.779499,0.529282,0.249261,0.139092,0.950927,0.227575,0.348528,0.213358,0.956369,0.231528,0.012266,0.690523,0.701804,0.230693,0.201061,0.219259,1.144946,0.434987",,
479,20156,338.0,53.26,0.01,1.5119285112630356,824.7688879966736,2014,"95.922478,96.013245","0.327103,0.309885,0.781942,0.528262,0.252993,0.136156,0.952143,0.225307,0.351637,0.220023,0.959284,0.229416,0.014164,0.684627,0.697332,0.229557,0.205828,0.219902,1.147918,0.436686",,
480,20265,109.0,54.05,0.01,3.619617199165408,831.2038090229034,2025,"95.954910,96.069229","0.330150,0.309716,0.786022,0.528993,0.254272,0.135431,0.955569,0.223947,0.353344,0.224933,0.961398,0.228672,0.014962,0.682903,0.696389,0.228588,0.207933,0.219693,1.150474,0.437927",,
481,20357,92.0,54.73,0.01,3.171055751723341,836.9066061973572,2034,"95.899109,96.091354","0.334180,0.310404,0.793023,0.531065,0.255112,0.136154,0.962097,0.223898,0.353933,0.226939,0.962711,0.229223,0.017163,0.681154,0.696845,0.228679,0.212269,0.220728,1.153606,0.438261",,
482,20438,81.0,55.23,0.01,2.8637534906738438,841.8568449020386,2042,"95.946533,96.006310","0.337310,0.311550,0.798314,0.532523,0.256018,0.136720,0.966376,0.223253,0.355586,0.227127,0.963518,0.229057,0.018884,0.681985,0.695304,0.228051,0.215264,0.221776,1.159035,0.439298",,
483,20561,123.0,56.2,0.01,2.61357520126666,849.4122025966644,2055,"96.033020,96.059937","0.340416,0.313348,0.801724,0.533063,0.255729,0.137904,0.968825,0.221891,0.357465,0.229467,0.964086,0.227875,0.019828,0.682286,0.692207,0.227577,0.216929,0.223118,1.163950,0.439389",,
484,20662,101.0,56.91,0.01,1.110075082583353,855.4952495098114,2065,"96.078163,96.177895","0.341757,0.312128,0.802167,0.532859,0.257559,0.138678,0.969646,0.221112,0.358719,0.233521,0.965600,0.227042,0.022603,0.680059,0.691553,0.227633,0.218737,0.225511,1.164082,0.438624",,
485,20747,85.0,57.49,0.01,2.1563508262624964,860.6502141952515,2073,"96.134209,96.215729","0.341584,0.311698,0.802932,0.532414,0.256876,0.139025,0.970784,0.221091,0.358415,0.234079,0.965485,0.227127,0.023275,0.678307,0.691152,0.228030,0.218984,0.226427,1.164386,0.438299",,
486,20842,95.0,58.14,0.01,1.7058470847783611,866.398041009903,2083,"96.235260,96.216103","0.342223,0.312146,0.804983,0.532886,0.255717,0.139083,0.972542,0.220324,0.358985,0.235718,0.965595,0.226871,0.022961,0.677018,0.689571,0.227554,0.218916,0.226350,1.166029,0.438538",,
487,20922,80.0,58.67,0.01,1.4472518950351514,871.2483849525452,2091,"96.257034,96.290054","0.342746,0.313326,0.807025,0.532631,0.254408,0.139560,0.974595,0.220435,0.358446,0.235397,0.965224,0.226749,0.023045,0.675491,0.690187,0.228375,0.219812,0.226462,1.165314,0.437659",,
488,21015,93.0,59.3,0.01,3.8023700125825903,876.785364151001,2100,"96.285103,96.298149","0.346025,0.316989,0.811405,0.533744,0.253903,0.140372,0.978381,0.219352,0.359241,0.236377,0.965152,0.226391,0.024139,0.675049,0.689794,0.228202,0.222807,0.226686,1.167787,0.437820",,
489,21104,89.0,59.88,0.01,1.2901804021352694,881.6793792247772,2109,"96.334274,96.286804","0.350288,0.320529,0.816145,0.534729,0.253215,0.141408,0.982234,0.217445,0.360995,0.239061,0.964852,0.225721,0.026065,0.673808,0.689501,0.227597,0.226701,0.227649,1.170212,0.438524",,
490,21204,100.0,60.6,0.01,1.7100924779661,887.7846577167511,2119,"96.393311,96.325706","0.353015,0.322291,0.820288,0.535174,0.252684,0.141850,0.985776,0.215921,0.362515,0.242710,0.965964,0.225117,0.026557,0.671504,0.689476,0.227225,0.228808,0.228214,1.171388,0.438608",,
491,21295,91.0,61.19,0.01,1.911559489193476,892.7527341842651,2128,"96.419640,96.353271","0.354795,0.324428,0.823463,0.535634,0.252543,0.142858,0.988545,0.214828,0.363226,0.245034,0.966641,0.224810,0.027220,0.670537,0.688998,0.226864,0.230567,0.229363,1.173555,0.438658",,
492,21369,74.0,61.63,0.01,4.880204410924177,896.9117176532745,2135,"96.436111,96.331604","0.357450,0.327286,0.828289,0.537529,0.251980,0.143676,0.992756,0.213013,0.365574,0.248660,0.968446,0.224481,0.027391,0.669365,0.688016,0.225732,0.231516,0.230184,1.177562,0.439497",,
493,21869,500.0,66.37,0.01,1.4884573789220303,922.7887644767761,2185,"96.649330,96.509285","0.364841,0.348161,0.842202,0.538078,0.242469,0.149218,1.005178,0.205546,0.367787,0.257431,0.969385,0.222965,0.024890,0.661049,0.689527,0.225875,0.234455,0.231118,1.182524,0.437518",,
494,21953,84.0,66.97,0.01,3.177490327740088,927.6368567943573,2194,"96.670059,96.482178","0.366770,0.352580,0.845293,0.538106,0.241536,0.151184,1.007846,0.204102,0.368348,0.260802,0.971101,0.222257,0.024454,0.663321,0.688544,0.225194,0.234946,0.231001,1.185066,0.437687",,
495,22036,83.0,67.53,0.01,0.7224891561199911,932.17018699646,2202,"96.686653,96.485092","0.368469,0.356300,0.846946,0.537932,0.240780,0.152851,1.009272,0.202498,0.369353,0.264439,0.972397,0.221701,0.024420,0.664020,0.687321,0.224653,0.235206,0.231148,1.187439,0.437844",,
496,22453,417.0,71.4,0.01,2.1779257715457963,953.2930397987366,2244,"96.765785,96.524147","0.368562,0.362228,0.863080,0.542759,0.235894,0.155676,1.023194,0.201627,0.369873,0.268547,0.975505,0.223803,0.020592,0.655903,0.684494,0.224926,0.232576,0.231721,1.201886,0.436278",,
497,22788,335.0,74.53,0.01,2.261820363713372,970.3105282783508,2277,"96.877419,96.672180","0.362556,0.367890,0.869889,0.543171,0.230575,0.158824,1.029843,0.196924,0.368539,0.273791,0.975591,0.221808,0.016664,0.650155,0.677969,0.225409,0.228433,0.235113,1.211773,0.437062",,
498,23260,472.0,78.99,0.01,1.7590941299664944,994.2212975025177,2325,"97.024666,96.859276","0.358435,0.369145,0.882906,0.545266,0.219910,0.164742,1.042118,0.196588,0.370030,0.277948,0.973201,0.223093,0.014087,0.649586,0.668117,0.226172,0.221754,0.240263,1.231035,0.434211",,
499,23576,316.0,81.86,0.01,1.1095465426333249,1009.6382837295532,2356,"97.222679,97.059433","0.353890,0.368884,0.884402,0.546406,0.208347,0.166057,1.044818,0.197028,0.366233,0.273120,0.966975,0.223858,0.011775,0.642593,0.663777,0.227892,0.218284,0.242708,1.233951,0.431281",335.0,37.92097045171708
500,23893,317.0,84.75,0.01,1.4352948846353684,1027.0904033184052,2388,"97.448883,97.322197","0.342645,0.362761,0.883664,0.546795,0.202950,0.165443,1.044683,0.195595,0.357249,0.274213,0.962241,0.223558,0.011028,0.635572,0.659848,0.226868,0.213311,0.242488,1.236863,0.430176",,
501,24156,263.0,87.05,0.01,1.3281789575345242,1041.3322958946228,2414,"97.652733,97.483040","0.340491,0.359465,0.883369,0.547316,0.197784,0.163849,1.044734,0.195506,0.355854,0.270259,0.956061,0.223796,0.010202,0.628164,0.659436,0.227634,0.211806,0.241915,1.236860,0.427870",,
502,24435,279.0,89.46,0.01,1.2353524710550638,1059.031616449356,2442,"97.730759,97.585464","0.340678,0.355471,0.885043,0.547370,0.196143,0.163010,1.047429,0.198338,0.356784,0.263652,0.952074,0.225058,0.013098,0.630637,0.662125,0.226951,0.212495,0.241167,1.237658,0.426244",,
503,24677,242.0,91.51,0.01,0.7326091657353876,1072.7593839168549,2466,"97.831459,97.745155","0.339917,0.355675,0.878914,0.546857,0.188687,0.165452,1.042286,0.197498,0.353709,0.265320,0.945310,0.224556,0.016044,0.628481,0.662775,0.225908,0.212099,0.242425,1.235415,0.425654",,
504,25022,345.0,94.69,0.01,0.9986795375855374,1092.7107028961182,2501,"98.054588,97.917473","0.336409,0.353417,0.874927,0.547424,0.182375,0.165391,1.039208,0.197229,0.348470,0.266935,0.939118,0.225298,0.016890,0.620840,0.662448,0.225112,0.209827,0.241824,1.235219,0.425129",,
505,25262,240.0,96.87,0.01,1.211525291049232,1105.5266799926758,2525,"98.137001,98.024864","0.334879,0.352981,0.875012,0.547327,0.179344,0.162745,1.038823,0.194993,0.345579,0.267520,0.935150,0.224278,0.014979,0.614471,0.659874,0.224875,0.209527,0.238694,1.238216,0.425439",,
506,25504,242.0,99.0,0.01,1.4478952513891272,1118.981746673584,2549,"98.285477,98.100990","0.332788,0.350860,0.875231,0.548308,0.175587,0.163446,1.040597,0.194988,0.343449,0.265821,0.931202,0.224804,0.017126,0.611036,0.659293,0.224058,0.208761,0.238365,1.240916,0.425590",,
507,25866,362.0,102.3,0.01,1.1313052130022294,1139.1898031234741,2585,"98.553680,98.380898","0.329155,0.350251,0.870571,0.545891,0.168805,0.164863,1.036910,0.194741,0.337810,0.270748,0.922339,0.225465,0.022945,0.600152,0.656038,0.222376,0.208080,0.236817,1.243062,0.424721",,
508,26146,280.0,104.86,0.01,0.42731653654482216,1155.2770283222198,2613,"98.774361,98.614998","0.323097,0.347422,0.865105,0.544303,0.164116,0.166292,1.033183,0.195943,0.333250,0.270055,0.915668,0.226146,0.025900,0.595796,0.654392,0.222390,0.203893,0.237343,1.243252,0.423708",,
509,26412,266.0,107.24,0.01,0.8524376441448651,1170.0208189487457,2640,"98.972000,98.759232","0.321804,0.351981,0.862289,0.545213,0.158589,0.169495,1.032130,0.194694,0.329344,0.272251,0.908226,0.227323,0.031695,0.586918,0.654154,0.220717,0.204554,0.238992,1.243613,0.422583",,
510,26663,251.0,109.4,0.01,0.9196305319759994,1184.155565738678,2665,"99.117622,98.882835","0.317978,0.354227,0.860923,0.545819,0.158872,0.173311,1.031280,0.191317,0.328662,0.280859,0.907878,0.227446,0.038262,0.583960,0.653162,0.217811,0.202507,0.243670,1.247729,0.423961",,
511,26703,40.0,109.43,0.01,0.012368042720481753,1186.2765188217163,2669,"99.127701,98.908310","0.317763,0.355207,0.860517,0.545864,0.157560,0.174077,1.031136,0.190988,0.328671,0.281497,0.907063,0.227510,0.038623,0.582636,0.652954,0.217564,0.202006,0.244520,1.247924,0.423924",,
512,26949,246.0,111.61,0.01,0.4960447790217586,1199.6664447784424,2693,"99.227837,98.997330","0.316883,0.359979,0.859654,0.546219,0.152601,0.177734,1.032181,0.191523,0.327655,0.281074,0.902401,0.229017,0.040246,0.574100,0.650025,0.217437,0.200912,0.248000,1.252060,0.422577",,
513,27187,238.0,113.7,0.01,0.4747707469505258,1211.7216143608093,2717,"99.360680,99.079170","0.317877,0.360788,0.853597,0.546028,0.151030,0.183416,1.027764,0.193549,0.331159,0.281166,0.897702,0.231397,0.051145,0.574636,0.652910,0.216249,0.202813,0.253887,1.250659,0.421246",,
514,27439,252.0,115.98,0.01,0.46437942476943134,1224.2182168960571,2742,"99.429863,99.223640","0.318786,0.367283,0.847349,0.545705,0.144055,0.187934,1.023547,0.193385,0.332814,0.283097,0.890790,0.232660,0.054450,0.574918,0.653686,0.215663,0.200951,0.253297,1.250195,0.420669",,
515,27695,256.0,118.3,0.01,0.8995815242748134,1237.450493812561,2768,"99.513145,99.330460","0.316595,0.373494,0.840435,0.546150,0.140168,0.195246,1.017248,0.191323,0.333502,0.290261,0.886914,0.233311,0.060384,0.573028,0.654170,0.213761,0.199402,0.259900,1.252115,0.421443",,
516,27928,233.0,120.29,0.01,0.26863588390709914,1249.187245607376,2791,"99.610588,99.419312","0.311081,0.377253,0.836782,0.546925,0.137116,0.200930,1.013512,0.189224,0.331033,0.297548,0.883471,0.233343,0.061923,0.569089,0.655051,0.211431,0.195343,0.265202,1.253725,0.422042",,
517,28131,203.0,122.06,0.01,0.2938828550589581,1259.89990401268,2812,"99.738289,99.472084","0.316510,0.387524,0.830927,0.547446,0.126261,0.209785,1.010385,0.189383,0.333405,0.303304,0.878724,0.234273,0.067408,0.568920,0.656535,0.210276,0.195627,0.269593,1.254195,0.422089",,
518,28187,56.0,122.28,0.01,1.180112068913877,1262.6982789039612,2817,"99.744781,99.516663","0.316296,0.388361,0.829536,0.547991,0.125120,0.211365,1.009277,0.190121,0.332228,0.303916,0.877482,0.234901,0.069663,0.567087,0.657703,0.210146,0.196719,0.272299,1.253954,0.421818",,
519,28393,206.0,123.9,0.01,0.28909015555733014,1273.438021659851,2838,"99.777481,99.611137","0.313045,0.388665,0.825333,0.549095,0.123375,0.213181,1.004762,0.191144,0.330063,0.306158,0.873505,0.236299,0.072948,0.565291,0.658533,0.208933,0.194819,0.273239,1.255930,0.421944",,
520,28687,294.0,126.48,0.01,0.022481842255540962,1288.3437285423279,2867,"99.883873,99.734612","0.313624,0.395466,0.815845,0.549867,0.109478,0.222488,1.000220,0.196139,0.331246,0.305271,0.864926,0.239547,0.079909,0.569904,0.665365,0.208829,0.192152,0.277116,1.251521,0.420146",,
521,28907,220.0,128.34,0.01,0.5110349937511439,1299.7312543392181,2889,"100.047546,99.853378","0.309541,0.396322,0.808748,0.553052,0.104131,0.228819,0.994053,0.200412,0.331991,0.304452,0.859505,0.243185,0.089085,0.572382,0.675045,0.207222,0.191741,0.285085,1.248580,0.419928",,
522,29145,238.0,130.4,0.01,0.02608047255004446,1311.787638425827,2913,"100.094337,99.975136","0.309881,0.402873,0.800889,0.553001,0.093458,0.232339,0.989614,0.201215,0.333334,0.302190,0.853381,0.244161,0.087908,0.579158,0.678967,0.205819,0.186272,0.277150,1.246588,0.418764",,
523,29384,239.0,132.48,0.01,0.6824784324853681,1324.8699462413788,2937,"100.276985,100.150787","0.317010,0.413450,0.791384,0.557361,0.072606,0.245041,0.983271,0.209220,0.338121,0.302802,0.841233,0.249541,0.103319,0.575595,0.693175,0.206596,0.192209,0.286989,1.243954,0.414806",,
524,29773,389.0,136.09,0.01,0.2743752678521933,1346.0903990268707,2976,"100.471428,100.389465","0.310351,0.419816,0.782828,0.564290,0.061335,0.260339,0.974260,0.215506,0.339451,0.305360,0.829231,0.256351,0.111758,0.585430,0.711349,0.200618,0.186894,0.293625,1.239599,0.411597",,
525,29859,86.0,136.67,0.01,1.5046738861128688,1350.438827753067,2984,"100.496895,100.406578","0.310982,0.422798,0.781694,0.565765,0.057585,0.264570,0.974495,0.217125,0.340678,0.305351,0.826602,0.257949,0.114765,0.588276,0.713243,0.199132,0.187116,0.294589,1.240656,0.410656",,
526,29912,53.0,136.85,0.01,0.03204539945969979,1353.3552243709564,2990,"100.535927,100.445946","0.309165,0.423723,0.781041,0.567154,0.056136,0.265381,0.973922,0.218103,0.340409,0.304844,0.824607,0.258860,0.113385,0.587883,0.715342,0.198530,0.184163,0.294085,1.240591,0.409743",,
527,30236,324.0,139.77,0.01,0.19795974210865097,1370.3545372486115,3022,"100.634201,100.602112","0.306782,0.424561,0.777942,0.570224,0.054247,0.266576,0.968526,0.219575,0.338322,0.304305,0.818650,0.260702,0.114940,0.584327,0.722878,0.194989,0.181498,0.295393,1.239588,0.408912",,
528,30528,292.0,142.45,0.01,0.18750111374939823,1386.7511866092682,3051,"100.815384,100.724777","0.312456,0.433171,0.773926,0.572766,0.043309,0.276136,0.967156,0.222389,0.344167,0.304257,0.813460,0.264542,0.125906,0.584580,0.730121,0.192384,0.186664,0.302030,1.237362,0.406039",,
529,30622,94.0,143.13,0.01,0.5097957133315504,1392.0587885379791,3061,"100.910774,100.758728","0.311869,0.434195,0.773295,0.575117,0.040755,0.278842,0.965300,0.225137,0.346091,0.303232,0.810005,0.267145,0.131351,0.582024,0.736447,0.191894,0.189440,0.307034,1.236276,0.404102",,
530,31029,407.0,146.96,0.01,0.4104966403800063,1414.325998544693,3101,"101.075417,101.001358","0.317638,0.443158,0.769873,0.576969,0.026226,0.289043,0.954436,0.226738,0.353724,0.309807,0.800915,0.270848,0.143165,0.587746,0.752272,0.186790,0.192313,0.307588,1.233614,0.401043",,
531,31434,405.0,150.75,0.01,0.15308222910616456,1434.871726512909,3142,"101.302597,101.263771","0.322204,0.453971,0.766525,0.581132,0.012658,0.301840,0.949552,0.230209,0.361374,0.313003,0.792148,0.274921,0.151418,0.581738,0.763465,0.179963,0.192763,0.319992,1.233154,0.398037",,
532,31749,315.0,153.63,0.01,0.6559222003805542,1450.9390077590942,3173,"101.491188,101.352242","0.324734,0.460482,0.767678,0.585449,0.004012,0.310848,0.945532,0.233475,0.369440,0.317168,0.785689,0.279104,0.158057,0.580659,0.775844,0.175858,0.193487,0.326951,1.231937,0.396584",,
533,32120,371.0,157.05,0.01,0.5888191351029826,1470.501404285431,3211,"101.611412,101.557289","0.324320,0.468738,0.773966,0.592113,-0.006134,0.320042,0.948756,0.237827,0.372282,0.314234,0.781361,0.285018,0.165558,0.582479,0.792642,0.169056,0.194984,0.334569,1.233638,0.395299",,
534,32211,91.0,157.6,0.01,1.1550072241160605,1475.4568939208984,3220,"101.687393,101.571022","0.324268,0.472574,0.776432,0.593911,-0.009253,0.324850,0.948361,0.238517,0.375300,0.315937,0.779315,0.286360,0.167807,0.580962,0.799167,0.167495,0.195340,0.339625,1.233508,0.395097",,
535,32326,115.0,158.41,0.01,0.4769630210304802,1481.511530160904,3231,"101.717201,101.613258","0.323106,0.475273,0.777809,0.596020,-0.012128,0.327187,0.947819,0.238617,0.375923,0.316601,0.777726,0.287959,0.168312,0.581876,0.804081,0.164785,0.194159,0.339750,1.232387,0.394996",,
536,32686,360.0,161.75,0.01,0.47647585603408515,1500.0274090766907,3267,"101.870796,101.812286","0.331207,0.485439,0.781055,0.598143,-0.023907,0.334197,0.947674,0.239491,0.377421,0.322373,0.772807,0.291200,0.173486,0.582558,0.814855,0.157304,0.194118,0.339287,1.232767,0.393069",,
537,32763,77.0,162.22,0.01,0.0578262775670737,1504.1141185760498,3275,"101.898491,101.850365","0.333347,0.487376,0.781773,0.597866,-0.027728,0.335900,0.947487,0.239928,0.378613,0.324147,0.773281,0.291879,0.175308,0.580416,0.818467,0.157330,0.195035,0.341298,1.232784,0.392155",,
538,33083,320.0,165.18,0.01,0.37519154959591106,1521.3774411678314,3307,"102.178131,102.032516","0.339234,0.499299,0.782369,0.598881,-0.040659,0.347807,0.942159,0.242794,0.381213,0.335756,0.765173,0.294457,0.181031,0.570827,0.833393,0.155530,0.196861,0.352979,1.231094,0.389481",,
539,33147,64.0,165.51,0.01,1.078158834328254,1526.3675286769867,3313,"102.246994,102.025291","0.339114,0.499697,0.783505,0.599657,-0.041246,0.348360,0.939665,0.243158,0.384140,0.337004,0.763372,0.294771,0.179509,0.570143,0.837986,0.154653,0.194447,0.354089,1.229991,0.389529",,
540,33300,153.0,166.74,0.01,0.318791365949437,1535.5053849220276,3329,"102.241531,102.088013","0.336171,0.501427,0.786858,0.605776,-0.040734,0.352843,0.937124,0.247877,0.384411,0.341995,0.757601,0.298732,0.178158,0.568018,0.845185,0.152326,0.190961,0.360521,1.229599,0.389374",,
541,33402,102.0,167.45,0.01,0.6691781820729374,1540.549682378769,3339,"102.213135,102.138954","0.336596,0.502920,0.788035,0.607974,-0.041174,0.355311,0.937843,0.249437,0.382483,0.345208,0.755040,0.300148,0.178810,0.567461,0.846893,0.150717,0.190899,0.362146,1.231414,0.389775",,
542,33505,103.0,168.21,0.01,1.6543278743512928,1546.0725712776184,3349,"102.294106,102.154381","0.336607,0.504520,0.788189,0.611473,-0.042800,0.357576,0.941194,0.252445,0.383600,0.347205,0.752148,0.302480,0.175417,0.570252,0.848399,0.149344,0.185647,0.358780,1.234871,0.390021",,
543,33542,37.0,168.28,0.01,0.024592124857008457,1547.8386759757996,3353,"102.247673,102.215721","0.336269,0.504231,0.788818,0.613841,-0.043034,0.357528,0.942187,0.254267,0.382289,0.346629,0.751070,0.304110,0.176395,0.568690,0.849649,0.149013,0.186214,0.360004,1.235829,0.389943",,
544,33632,90.0,168.42,0.01,0.60572708139403,1552.5560426712036,3362,"102.301651,102.133606","0.337731,0.506614,0.788476,0.615432,-0.046691,0.359083,0.945266,0.255645,0.384801,0.346049,0.750094,0.305309,0.175970,0.569003,0.848850,0.147772,0.184560,0.358658,1.238531,0.390415",,
545,33970,338.0,171.44,0.01,0.17105056381072192,1570.82745885849,3396,"102.426956,102.269379","0.338784,0.513488,0.793908,0.619114,-0.050272,0.367624,0.949745,0.259615,0.385036,0.349511,0.746179,0.308431,0.178741,0.562172,0.853237,0.142429,0.184093,0.368399,1.239808,0.388414",,
546,34099,129.0,172.4,0.01,0.05068834715833267,1577.229698896408,3408,"102.484291,102.332436","0.339928,0.517184,0.796550,0.618885,-0.052367,0.371774,0.951080,0.260173,0.384948,0.351655,0.745530,0.308849,0.180478,0.559982,0.858635,0.142145,0.184834,0.372354,1.239737,0.387736",,
547,34138,39.0,172.43,0.01,1.0928641764912754,1579.2095589637756,3412,"102.535652,102.335114","0.339975,0.518655,0.796701,0.618990,-0.053751,0.373065,0.951620,0.260476,0.385675,0.352398,0.745107,0.309029,0.179739,0.560436,0.860444,0.142229,0.183548,0.372234,1.239984,0.387436",,
548,34226,88.0,172.95,0.01,0.6213740811993679,1584.3238797187805,3421,"102.553452,102.414398","0.338640,0.517954,0.798386,0.619434,-0.053027,0.371884,0.951154,0.260776,0.385353,0.350018,0.744401,0.309556,0.179465,0.559497,0.864754,0.141846,0.182690,0.372970,1.239394,0.386783",,
549,34390,164.0,174.11,0.01,0.3087589935235241,1593.3867056369781,3438,"102.605515,102.449310","0.337505,0.520731,0.804007,0.621408,-0.053829,0.375140,0.951977,0.261594,0.386554,0.350557,0.742903,0.311099,0.180535,0.556917,0.874412,0.139750,0.182148,0.377041,1.240651,0.386444",99.0,32.13098193333033
550,34613,223.0,175.36,0.01,0.04054798088459806,1605.1281478404999,3460,"102.680077,102.514000","0.338777,0.525555,0.808650,0.625633,-0.059656,0.379844,0.953816,0.265013,0.388067,0.352526,0.739418,0.314114,0.183543,0.554599,0.884091,0.138450,0.182935,0.381281,1.240580,0.384926",,
551,34788,175.0,176.31,0.01,0.6415104391053319,1614.2720637321472,3477,"102.749619,102.578781","0.339818,0.529619,0.812393,0.626449,-0.062224,0.383863,0.954246,0.265754,0.387379,0.355897,0.737587,0.315160,0.185277,0.554283,0.890426,0.135255,0.183083,0.383778,1.241480,0.384575",,
552,34849,61.0,171.92,0.01,0.050495221434781946,1617.2560346126556,3483,"102.797844,102.543129","0.340970,0.532538,0.814112,0.626377,-0.063950,0.387224,0.955239,0.266349,0.389006,0.358896,0.736371,0.315418,0.184851,0.554825,0.892648,0.134251,0.181898,0.384801,1.242768,0.384741",,
553,35139,290.0,173.99,0.01,0.4116813162791318,1632.687672138214,3512,"102.798264,102.471542","0.343452,0.540087,0.825406,0.631820,-0.068585,0.397509,0.958061,0.271229,0.390853,0.367101,0.729345,0.319364,0.189733,0.552158,0.906882,0.130224,0.183635,0.394712,1.246025,0.385438",,
554,35182,43.0,173.68,0.01,0.057534780353307724,1635.2700870037079,3517,"102.800362,102.527542","0.344530,0.541668,0.827071,0.632670,-0.070024,0.398825,0.958771,0.271444,0.391931,0.369435,0.729037,0.319904,0.189539,0.553350,0.910020,0.129126,0.182968,0.394821,1.245668,0.385286",,
555,35247,65.0,173.53,0.01,0.05550732215245565,1638.7628734111786,3523,"102.779877,102.624245","0.346158,0.542581,0.828760,0.634284,-0.071501,0.398878,0.959722,0.272549,0.392049,0.370429,0.728500,0.321090,0.190142,0.553988,0.913249,0.128493,0.183125,0.395036,1.245772,0.384605",,
556,35417,170.0,174.34,0.01,0.038478251656188685,1648.4738140106201,3540,"102.840416,102.591866","0.349494,0.546172,0.833300,0.636473,-0.076374,0.401647,0.964118,0.275331,0.393204,0.372060,0.725783,0.323372,0.192538,0.555813,0.916860,0.126749,0.183872,0.396267,1.248822,0.384278",,
557,35547,130.0,174.92,0.01,0.8165638847276568,1655.5296051502228,3553,"102.830147,102.638519","0.348300,0.547491,0.838410,0.638427,-0.076937,0.403994,0.966786,0.276292,0.392820,0.372715,0.722222,0.324525,0.192459,0.554652,0.919940,0.124878,0.183039,0.400325,1.250732,0.384345",,
558,35598,51.0,174.52,0.01,0.04692075680941343,1658.2909770011902,3558,"102.822258,102.623886","0.348442,0.548729,0.839206,0.639078,-0.077927,0.405285,0.967427,0.276674,0.393892,0.374057,0.720227,0.324894,0.191724,0.555862,0.919707,0.124152,0.181954,0.401213,1.251467,0.384441",,
559,35804,206.0,175.75,0.01,0.3272512878867842,1669.2380814552307,3579,"102.828384,102.627502","0.347441,0.548876,0.841481,0.641429,-0.078845,0.405910,0.966507,0.277619,0.393569,0.376723,0.715727,0.326973,0.191058,0.558552,0.922906,0.121821,0.179883,0.401889,1.252441,0.385076",,
560,35942,138.0,176.15,0.01,0.3224066522504602,1676.4008660316467,3593,"102.819107,102.672012","0.347617,0.550997,0.845381,0.644796,-0.082070,0.407680,0.970057,0.279522,0.395770,0.378218,0.714568,0.329187,0.191045,0.560417,0.924504,0.119482,0.178178,0.402209,1.253335,0.384266",,
561,36038,96.0,176.19,0.01,0.03862262186076906,1681.291499376297,3602,"102.823654,102.658997","0.349742,0.553691,0.848780,0.646925,-0.085052,0.410930,0.971878,0.281687,0.396039,0.380881,0.713465,0.331089,0.193548,0.558658,0.929169,0.119648,0.179538,0.404502,1.254680,0.383592",,
562,36244,206.0,177.35,0.01,0.3235408424710234,1690.756947517395,3623,"102.889091,102.689247","0.347972,0.555042,0.855297,0.650975,-0.088490,0.411798,0.972925,0.282342,0.396783,0.381253,0.710528,0.333048,0.196742,0.562169,0.934609,0.117310,0.180937,0.408366,1.253950,0.383999",,
563,36379,135.0,177.69,0.01,0.024068905971944332,1696.3473200798035,3636,"102.903870,102.751747","0.348723,0.557153,0.857245,0.653055,-0.092619,0.412819,0.974439,0.282994,0.398279,0.381371,0.708658,0.334277,0.199072,0.562865,0.934735,0.116940,0.182295,0.410263,1.254272,0.382941",,
564,36471,92.0,177.87,0.01,0.03181166090071201,1700.4754302501678,3646,"102.952606,102.727356","0.350257,0.560134,0.860008,0.654969,-0.095972,0.415641,0.975388,0.285228,0.400643,0.384250,0.707031,0.335897,0.200875,0.562023,0.938011,0.116328,0.183258,0.412939,1.254269,0.382235",,
565,36530,59.0,177.76,0.01,0.03417195177947482,1702.9371621608734,3652,"102.947311,102.770882","0.350780,0.561353,0.861817,0.655512,-0.096975,0.416940,0.975461,0.285657,0.401203,0.386000,0.706165,0.336523,0.201722,0.561606,0.939873,0.116044,0.183714,0.414609,1.253736,0.381561",,
566,36682,152.0,178.57,0.01,0.03297089214126269,1709.0893957614899,3667,"102.995163,102.803596","0.351409,0.564408,0.866561,0.655606,-0.097589,0.420976,0.973988,0.285825,0.403305,0.390920,0.704382,0.337239,0.202295,0.561619,0.944636,0.113519,0.183329,0.418884,1.252117,0.381666",,
567,36843,161.0,179.42,0.01,0.41536912304582074,1715.455733537674,3683,"103.023613,102.838844","0.352085,0.566647,0.871245,0.657560,-0.099063,0.423680,0.972988,0.286157,0.403931,0.396412,0.700494,0.339115,0.204162,0.563697,0.948743,0.109727,0.184617,0.422355,1.251334,0.383244",,
568,37023,180.0,180.31,0.01,0.5811225273129013,1722.983493089676,3701,"102.973564,102.811256","0.352655,0.571474,0.878971,0.661779,-0.100705,0.430403,0.973899,0.289668,0.405801,0.403791,0.694485,0.342196,0.205472,0.566635,0.952651,0.106580,0.184472,0.430916,1.251025,0.383347",,
569,37124,101.0,180.57,0.01,0.6550462799146771,1727.2012348175049,3711,"103.009941,102.800438","0.354008,0.574079,0.887078,0.662704,-0.099944,0.434260,0.976539,0.290919,0.407505,0.409134,0.695193,0.344040,0.205041,0.563217,0.962211,0.105375,0.182742,0.431358,1.253285,0.383713",,
570,37297,173.0,181.4,0.01,0.3308940089362509,1734.470807313919,3728,"102.963089,102.856720","0.356525,0.579377,0.892241,0.664501,-0.102149,0.439228,0.981001,0.293643,0.411319,0.416218,0.692005,0.346339,0.204006,0.564632,0.964760,0.104670,0.179598,0.432527,1.255892,0.382828",,
571,37499,202.0,182.64,0.01,0.767741289222613,1742.363519668579,3748,"102.925232,102.828064","0.355280,0.583392,0.892875,0.667681,-0.105128,0.443023,0.985571,0.295941,0.409493,0.422110,0.684706,0.348109,0.205799,0.570144,0.951370,0.102131,0.180652,0.439081,1.256943,0.383392",,
572,37633,134.0,183.25,0.01,0.42751399973141296,1747.9436037540436,3762,"102.921806,102.797127","0.357375,0.585954,0.894118,0.672111,-0.108378,0.445411,0.986831,0.302317,0.409462,0.426395,0.679887,0.352016,0.206678,0.571552,0.956451,0.101402,0.180671,0.438534,1.258281,0.384225",,
573,37703,70.0,183.07,0.01,0.8978324231824705,1750.9226236343384,3769,"102.917007,102.782867","0.356639,0.586237,0.895877,0.673126,-0.109161,0.445901,0.988564,0.304425,0.409246,0.427603,0.677972,0.353308,0.205777,0.574835,0.958661,0.101364,0.179206,0.437973,1.259183,0.384609",,
574,37958,255.0,184.86,0.01,0.039660186767578126,1761.2109479904175,3794,"102.916245,102.854691","0.354362,0.588257,0.896876,0.677753,-0.109302,0.448965,0.991803,0.311009,0.404400,0.431685,0.670015,0.357596,0.205579,0.579053,0.955210,0.101353,0.177962,0.442435,1.258923,0.383406",,
575,38276,318.0,187.09,0.01,0.4024176962557249,1773.9229938983917,3826,"102.963577,102.892769","0.351361,0.588706,0.903482,0.685587,-0.109137,0.450835,0.995905,0.321020,0.404443,0.433239,0.663988,0.364346,0.203863,0.586093,0.963360,0.099782,0.174066,0.442795,1.260694,0.385085",,
576,38498,222.0,188.54,0.01,0.563218940557404,1783.2426748275757,3848,"102.963570,102.828590","0.357714,0.595994,0.904486,0.687264,-0.114418,0.459621,0.999358,0.325251,0.402659,0.445182,0.651907,0.367699,0.207407,0.592872,0.959108,0.098047,0.175234,0.447824,1.267015,0.386042",,
577,38987,489.0,192.62,0.01,0.7203434768455977,1807.1219155788422,3897,"103.080956,103.037506","0.357309,0.601202,0.919751,0.697229,-0.115054,0.466490,1.010621,0.336440,0.398625,0.457256,0.638677,0.376322,0.206719,0.600370,0.968408,0.097385,0.170915,0.454488,1.273030,0.386036",,
578,39290,303.0,194.72,0.01,0.3120077271915732,1822.606171131134,3928,"103.092087,103.051941","0.360464,0.602142,0.918166,0.700965,-0.117426,0.469678,1.009663,0.341402,0.395234,0.460727,0.625252,0.379456,0.208956,0.610975,0.963130,0.099383,0.171163,0.462452,1.272447,0.383762",,
579,39566,276.0,194.1,0.01,0.6128627837256149,1842.0915281772614,3955,"103.125694,103.050552","0.365238,0.605926,0.917391,0.701277,-0.116394,0.476892,1.008881,0.341645,0.396038,0.471000,0.615715,0.379912,0.205909,0.618943,0.962658,0.100307,0.164738,0.464273,1.274996,0.381246",,
580,39701,135.0,194.36,0.01,0.37898365275136064,1850.6587467193604,3969,"103.158020,103.089226","0.367969,0.608391,0.917999,0.699918,-0.116398,0.479241,1.008577,0.339594,0.396534,0.475379,0.614768,0.379530,0.205370,0.618424,0.965720,0.101981,0.162908,0.466214,1.277522,0.380538",,
