episode,total_env_steps,episode_reward,avg_reward_100,epsilon,mean_loss,wall_clock_s,grad_steps,w,lam,eval_mean_reward,eval_std_reward
0,17,17.0,17.0,1.0,,0.0036830902099609375,0,"1.000000,1.000000","1.000000,1.000000,1.000000,1.000000,1.000000,1.000000,1.000000,1.000000,1.000000,1.000000,1.000000,1.000000,1.000000,1.000000,1.000000,1.000000,1.000000,1.000000,1.000000,1.000000",,
1,30,13.0,15.0,0.99,0.4779520630836487,0.7201428413391113,2,"1.198674,1.199822","0.998130,0.998005,1.001957,1.002000,1.001759,0.998013,0.998002,0.998002,0.999265,0.998127,0.998303,0.998007,0.998175,0.998357,0.998138,1.001703,1.001798,1.001980,1.001954,1.001791",,
2,52,22.0,17.333333333333332,0.9801,0.5204048752784729,0.8876278400421143,4,"1.397949,1.394407","0.997201,0.996440,1.003879,1.004008,1.002814,0.997631,0.996312,0.996162,1.000138,0.996317,0.996536,0.996176,0.996452,0.996697,0.996299,1.003359,1.001706,1.003947,1.003903,1.003601",,
3,66,14.0,16.5,0.9702989999999999,0.4325178265571594,0.9675328731536865,5,"1.497868,1.492485","0.996800,0.995588,1.004862,1.005002,1.003278,0.997861,0.995552,0.995221,1.000552,0.995365,0.995608,0.995243,0.995566,0.995803,0.995351,1.004243,1.001565,1.004918,1.004743,1.004528",,
4,94,28.0,18.8,0.96059601,0.4982513387997945,1.2696692943572998,8,"1.797243,1.791632","0.996532,0.994089,1.007555,1.007963,1.004741,0.998583,0.994866,0.992448,1.001423,0.992565,0.993967,0.992505,0.992911,0.993389,0.993414,1.006321,1.000319,1.007751,1.007048,1.007246",,
5,108,14.0,18.0,0.9509900498999999,0.6142760515213013,1.3521921634674072,9,"1.897635,1.891172","0.996744,0.993990,1.008278,1.008966,1.005129,0.998444,0.995287,0.991538,1.001336,0.991766,0.994145,0.991598,0.991956,0.992508,0.993376,1.006642,0.999640,1.008660,1.007664,1.007982",,
6,127,19.0,18.142857142857142,0.9414801494009999,0.5067706108093262,1.5203602313995361,11,"2.095328,2.092544","0.997763,0.993088,1.009669,1.010958,1.005720,0.997500,0.996482,0.989950,1.000374,0.990140,0.995051,0.989952,0.990236,0.991004,0.994097,1.007223,0.998076,1.010135,1.008428,1.009479",,
7,152,25.0,19.0,0.9320653479069899,0.4489768346150716,1.773402214050293,14,"2.386473,2.387359","0.999987,0.991960,1.011365,1.013894,1.005349,0.996128,0.998466,0.987536,0.999648,0.987487,0.996100,0.987519,0.987772,0.990043,0.995513,1.008816,0.995465,1.012065,1.009908,1.012053",,
8,162,10.0,18.0,0.92274469442792,0.698574423789978,1.8488843441009521,15,"2.480259,2.488269","1.000722,0.991539,1.012033,1.014867,1.005119,0.995745,0.999025,0.986717,0.999359,0.986575,0.996492,0.986782,0.986896,0.989722,0.995853,1.009357,0.994641,1.012599,1.010615,1.012905",,
9,186,24.0,18.6,0.9135172474836407,0.48305708169937134,2.0517446994781494,17,"2.666700,2.693201","1.002121,0.990709,1.013539,1.016830,1.005168,0.994966,1.000085,0.984935,0.998718,0.984655,0.996668,0.985162,0.985233,0.989131,0.996218,1.010655,0.993020,1.013932,1.012174,1.014675",,
10,202,16.0,18.363636363636363,0.9043820750088043,0.5349680185317993,2.2235069274902344,19,"2.847500,2.904797","1.003690,0.990191,1.015086,1.018750,1.004982,0.994663,1.001038,0.983312,0.998583,0.982810,0.996671,0.983790,0.983699,0.988324,0.996117,1.012197,0.991260,1.015327,1.013910,1.016493",,
11,225,23.0,18.75,0.8953382542587163,0.5472970753908157,2.38554310798645,21,"3.030909,3.117005","1.005551,0.989123,1.016482,1.020684,1.004385,0.993801,1.002118,0.981698,0.998044,0.980810,0.997554,0.983053,0.982420,0.987824,0.996378,1.013912,0.989302,1.016454,1.015637,1.018441",,
12,243,18.0,18.692307692307693,0.8863848717161291,0.5504923462867737,2.5792768001556396,23,"3.212509,3.324075","1.007367,0.988107,1.017903,1.022634,1.004246,0.992755,1.003216,0.979971,0.996732,0.978868,0.998779,0.982310,0.981239,0.987100,0.996987,1.015534,0.987400,1.017686,1.017008,1.020285",,
13,272,29.0,19.428571428571427,0.8775210229989678,0.5938393076260885,2.8359267711639404,26,"3.495273,3.634310","1.009875,0.986403,1.020413,1.025758,1.003903,0.990718,1.004141,0.977811,0.995634,0.976003,0.999762,0.981171,0.979554,0.985551,0.996950,1.017457,0.984749,1.019655,1.019014,1.022676",,
14,289,17.0,19.266666666666666,0.8687458127689781,0.6309170722961426,2.9291939735412598,27,"3.592963,3.731123","1.010718,0.985840,1.021262,1.026824,1.003796,0.989913,1.004472,0.977010,0.995114,0.975049,1.000183,0.980699,0.978967,0.984975,0.997058,1.017842,0.983906,1.020285,1.019372,1.023409",,
15,324,35.0,20.25,0.8600583546412883,0.5858542025089264,3.306155204772949,31,"3.985092,4.127341","1.013629,0.984133,1.024704,1.031100,1.004626,0.987373,1.005943,0.973739,0.993865,0.971702,1.000708,0.979625,0.976200,0.982488,0.996698,1.019526,0.981015,1.023160,1.021084,1.025758",,
16,346,22.0,20.352941176470587,0.8514577710948754,0.6109418869018555,3.4603734016418457,33,"4.185596,4.323473","1.015315,0.982844,1.025901,1.033350,1.005071,0.985620,1.007178,0.972212,0.993072,0.969838,1.001376,0.979347,0.975101,0.981778,0.997037,1.019950,0.979409,1.024604,1.021727,1.026846",,
17,354,8.0,19.666666666666668,0.8429431933839266,0.6882357597351074,3.5789690017700195,34,"4.287077,4.419909","1.015929,0.982331,1.026366,1.034502,1.005658,0.984618,1.007791,0.971323,0.992480,0.968987,1.001589,0.978923,0.974297,0.981336,0.997273,1.019777,0.978829,1.025355,1.021946,1.027202",,
18,373,19.0,19.63157894736842,0.8345137614500874,0.6099933981895447,3.7430849075317383,36,"4.486058,4.620783","1.017083,0.981023,1.027220,1.036793,1.006796,0.982626,1.009108,0.969656,0.991432,0.967151,1.001209,0.978156,0.972975,0.980830,0.997700,1.019404,0.977943,1.026655,1.022307,1.027845",,
19,389,16.0,19.45,0.8261686238355865,0.5855043530464172,3.8498001098632812,37,"4.582765,4.727558","1.017740,0.980203,1.027722,1.037866,1.007179,0.981774,1.009573,0.968882,0.991036,0.966154,1.000890,0.977986,0.972313,0.980590,0.997748,1.019584,0.977477,1.027310,1.022583,1.028417",,
20,412,23.0,19.61904761904762,0.8179069375972307,0.6795765161514282,4.13461709022522,40,"4.875953,5.048070","1.019980,0.977381,1.028562,1.041188,1.007583,0.979315,1.010655,0.967598,0.989670,0.963081,1.000205,0.977846,0.970022,0.978931,0.998000,1.019488,0.976028,1.029562,1.023730,1.029428",,
21,440,28.0,20.0,0.8097278682212583,0.6738392114639282,4.41221284866333,43,"5.175361,5.371984","1.023054,0.974069,1.029172,1.044659,1.006638,0.976263,1.011433,0.966861,0.988309,0.959645,1.000210,0.978129,0.968012,0.978182,0.997998,1.019257,0.973797,1.030693,1.025164,1.030543",,
22,479,39.0,20.82608695652174,0.8016305895390458,0.695734977722168,4.7505271434783936,46,"5.471559,5.704023","1.026089,0.970236,1.029694,1.048347,1.005042,0.972700,1.012776,0.966413,0.986773,0.955806,1.000980,0.978346,0.966136,0.977695,0.998602,1.018456,0.971694,1.030907,1.025718,1.031594",,
23,518,39.0,21.583333333333332,0.7936142836436553,0.6603346467018127,5.15094256401062,50,"5.867631,6.147524","1.030309,0.965084,1.030361,1.053404,1.003845,0.967420,1.015628,0.964147,0.984159,0.950718,1.003353,0.979413,0.963320,0.977374,1.000437,1.016073,0.968655,1.030043,1.024426,1.033039",,
24,532,14.0,21.28,0.7856781408072188,0.7258321642875671,5.351639032363892,52,"6.069590,6.365984","1.032120,0.962196,1.031037,1.056012,1.004016,0.964612,1.017034,0.962844,0.982933,0.947967,1.004855,0.980414,0.961867,0.977149,1.001255,1.014379,0.967239,1.029255,1.023666,1.033974",,
25,555,23.0,21.346153846153847,0.7778213593991465,0.6133071184158325,5.56359338760376,54,"6.274940,6.584589","1.033879,0.959406,1.032104,1.058599,1.003755,0.961793,1.017897,0.961108,0.982400,0.945218,1.005839,0.981378,0.960348,0.976780,1.001185,1.012735,0.965859,1.028579,1.023551,1.035190",,
26,571,16.0,21.14814814814815,0.7700431458051551,0.5399976670742035,5.750707387924194,56,"6.485054,6.801883","1.035886,0.956894,1.033142,1.061116,1.003301,0.958996,1.019050,0.958980,0.981708,0.942562,1.006576,0.982512,0.958680,0.977056,1.001231,1.011315,0.964175,1.028032,1.023304,1.036361",,
27,587,16.0,20.964285714285715,0.7623427143471035,0.6830215454101562,5.869666337966919,57,"6.586730,6.913851","1.036853,0.955619,1.033548,1.062288,1.003239,0.957629,1.019823,0.957863,0.981594,0.941208,1.006727,0.983190,0.958079,0.977254,1.001213,1.010766,0.963400,1.027807,1.023339,1.037120",,
28,602,15.0,20.75862068965517,0.7547192872036325,0.784225195646286,6.086787700653076,59,"6.791955,7.126330","1.038270,0.953224,1.034347,1.064643,1.003544,0.954923,1.021063,0.955541,0.981073,0.938632,1.006818,0.984640,0.956397,0.977641,1.001475,1.009335,0.962291,1.027222,1.023034,1.038475",,
29,611,9.0,20.366666666666667,0.7471720943315961,0.7668343782424927,6.196624517440796,60,"6.893834,7.231116","1.038727,0.952172,1.034839,1.065676,1.003814,0.953596,1.021344,0.954324,0.980936,0.937504,1.006616,0.985480,0.955429,0.977822,1.001357,1.008704,0.961995,1.027079,1.022905,1.039054",,
30,625,14.0,20.161290322580644,0.7397003733882802,0.6528236865997314,6.309440612792969,61,"6.994094,7.337271","1.039259,0.951069,1.035537,1.066621,1.004131,0.952250,1.021341,0.953036,0.980726,0.936427,1.006178,0.986452,0.954344,0.977994,1.000861,1.008057,0.961873,1.027048,1.022914,1.039679",,
31,645,20.0,20.15625,0.7323033696543974,0.8242533206939697,6.531013011932373,63,"7.200732,7.541566","1.040213,0.948961,1.036284,1.068524,1.005142,0.949340,1.021904,0.950239,0.979978,0.934232,1.005749,0.987996,0.951906,0.978041,1.000164,1.006234,0.961608,1.026507,1.023461,1.040992",,
32,660,15.0,20.0,0.7249803359578534,0.6688253283500671,6.731009244918823,65,"7.399015,7.757026","1.041572,0.946761,1.036563,1.070313,1.005593,0.946458,1.022263,0.947639,0.979257,0.931969,1.005454,0.989911,0.949599,0.978205,0.999139,1.004767,0.961310,1.025726,1.024177,1.042557",,
33,673,13.0,19.794117647058822,0.7177305325982748,0.9553781747817993,6.855987787246704,66,"7.496276,7.863210","1.042207,0.945643,1.036656,1.071183,1.005815,0.945050,1.022460,0.946413,0.978800,0.930828,1.005270,0.990911,0.948637,0.978372,0.998610,1.004061,0.961310,1.025458,1.024641,1.043356",,
34,683,10.0,19.514285714285716,0.7105532272722921,0.9442389011383057,6.957869052886963,67,"7.594841,7.965322","1.042929,0.944557,1.036677,1.072133,1.006040,0.943555,1.022909,0.945285,0.978314,0.929712,1.005260,0.991900,0.947692,0.978715,0.998280,1.003192,0.961167,1.024920,1.025114,1.044001",,
35,696,13.0,19.333333333333332,0.7034476949995692,0.8007158041000366,7.073037147521973,68,"7.695523,8.065121","1.043681,0.943396,1.036663,1.073126,1.006409,0.942016,1.023409,0.944102,0.977751,0.928595,1.005176,0.992979,0.946600,0.978983,0.998043,1.002156,0.960982,1.024240,1.025271,1.044605",,
36,713,17.0,19.27027027027027,0.6964132180495735,0.8746579587459564,7.2666614055633545,70,"7.894519,8.265938","1.044929,0.941142,1.036965,1.074982,1.006957,0.938922,1.023721,0.941503,0.977205,0.926473,1.004591,0.995244,0.944473,0.979255,0.997158,1.000235,0.961023,1.023350,1.025219,1.045555",,
37,726,13.0,19.105263157894736,0.6894490858690777,0.8401381969451904,7.418713331222534,71,"7.989891,8.368459","1.045392,0.939996,1.037210,1.075714,1.007258,0.937367,1.023788,0.940173,0.976878,0.925391,1.004234,0.996481,0.943544,0.979506,0.996624,0.999501,0.961129,1.023034,1.025058,1.046111",,
38,754,28.0,19.333333333333332,0.682554595010387,0.9539982477823893,7.806811809539795,74,"8.278157,8.676153","1.046362,0.936566,1.037209,1.078008,1.008770,0.932560,1.023604,0.936231,0.975584,0.922011,1.003078,0.999995,0.940594,0.979751,0.994681,0.996898,0.961368,1.021773,1.025921,1.047849",,
39,768,14.0,19.2,0.6757290490602831,0.686140775680542,7.906693458557129,75,"8.370954,8.785638","1.046730,0.935454,1.037201,1.078743,1.009268,0.931073,1.023352,0.935212,0.975308,0.920922,1.002502,1.001166,0.939791,0.980036,0.993791,0.996264,0.961416,1.021376,1.026084,1.048413",,
40,789,21.0,19.24390243902439,0.6689717585696803,0.8707333505153656,8.120415449142456,77,"8.548004,9.010388","1.047437,0.933156,1.037162,1.080024,1.010034,0.928013,1.023367,0.933343,0.975519,0.918746,1.001707,1.003719,0.938228,0.981103,0.992237,0.995157,0.961424,1.020483,1.026252,1.049562",,
41,807,18.0,19.214285714285715,0.6622820409839835,0.9055926501750946,8.33565092086792,79,"8.734530,9.223462","1.048442,0.930981,1.037007,1.081491,1.010712,0.924869,1.023322,0.931305,0.975066,0.916665,1.001243,1.006195,0.936557,0.982613,0.991026,0.993527,0.961059,1.019140,1.026169,1.050388",,
42,816,9.0,18.976744186046513,0.6556592205741436,0.4832889437675476,8.43995976448059,80,"8.832007,9.328897","1.049067,0.929843,1.037019,1.082299,1.011096,0.923310,1.023320,0.930172,0.974900,0.915629,1.001036,1.007328,0.935667,0.983338,0.990350,0.992547,0.960937,1.018437,1.026087,1.050786",,
43,832,16.0,18.90909090909091,0.6491026283684022,1.1631651520729065,8.691130876541138,82,"9.025884,9.534611","1.050259,0.927827,1.036420,1.083847,1.011745,0.920226,1.023887,0.927966,0.975092,0.913585,1.000535,1.009599,0.934072,0.985030,0.989156,0.990793,0.960524,1.016944,1.026753,1.051896",,
44,846,14.0,18.8,0.6426116020847181,0.9563355445861816,8.808797121047974,83,"9.122045,9.633604","1.050765,0.926858,1.036306,1.084684,1.012177,0.918689,1.024261,0.926762,0.975286,0.912537,1.000180,1.010708,0.933311,0.985901,0.988597,0.989799,0.960252,1.016099,1.027223,1.052519",,
45,857,11.0,18.630434782608695,0.6361854860638709,0.7989083528518677,8.925392150878906,84,"9.219411,9.736794","1.051470,0.925792,1.036096,1.085485,1.012328,0.917133,1.024562,0.925768,0.975650,0.911505,0.999996,1.011988,0.932454,0.986664,0.987969,0.988755,0.959820,1.015150,1.027499,1.053028",,
46,875,18.0,18.617021276595743,0.6298236312032323,0.8911822736263275,9.138899326324463,86,"9.407056,9.949920","1.053254,0.923452,1.035683,1.086893,1.012346,0.914003,1.025523,0.923748,0.976310,0.909308,0.999801,1.014612,0.930203,0.987801,0.986568,0.986654,0.958725,1.013179,1.027910,1.054363",,
47,888,13.0,18.5,0.6235253948912,0.9433270692825317,9.279325008392334,87,"9.496652,10.060658","1.054196,0.922277,1.035559,1.087443,1.012171,0.912597,1.025857,0.922960,0.976684,0.908208,0.999597,1.015859,0.929163,0.988258,0.985788,0.985911,0.958298,1.012449,1.027901,1.055151",,
48,901,13.0,18.387755102040817,0.617290140942288,0.8738537430763245,9.457472562789917,89,"9.691372,10.270937","1.055990,0.919837,1.035520,1.088932,1.012435,0.909684,1.026546,0.921198,0.977382,0.905832,0.999182,1.018132,0.927338,0.989544,0.984494,0.984007,0.957373,1.010664,1.027437,1.056573",,
49,911,10.0,18.22,0.6111172395328651,0.8238513469696045,9.576805114746094,90,"9.792945,10.376655","1.057079,0.918545,1.035583,1.089823,1.012584,0.908123,1.026874,0.920336,0.977644,0.904560,0.999143,1.019305,0.926491,0.990489,0.983674,0.982908,0.956791,1.009477,1.027361,1.057340",13.2,1.1661903789690602
50,928,17.0,18.19607843137255,0.6050060671375365,0.7298300266265869,9.744848728179932,91,"9.893632,10.486686","1.058326,0.917248,1.035544,1.090733,1.012520,0.906559,1.027253,0.919596,0.977886,0.903271,0.999265,1.020354,0.925543,0.991492,0.983054,0.981891,0.956096,1.008255,1.027071,1.058007",,
51,955,27.0,18.365384615384617,0.5989560064661611,1.0035101771354675,10.077605485916138,94,"10.213049,10.795721","1.061511,0.913381,1.035440,1.093530,1.013263,0.901387,1.028257,0.916318,0.977845,0.899446,0.999326,1.023690,0.922207,0.993563,0.981287,0.977924,0.954012,1.004730,1.026328,1.059422",,
52,969,14.0,18.28301886792453,0.5929664464014994,0.7895117402076721,10.196224927902222,95,"10.324299,10.888032","1.062122,0.912150,1.035430,1.094598,1.013981,0.899537,1.028632,0.914865,0.977791,0.898136,0.998924,1.024719,0.921217,0.994235,0.980818,0.976323,0.953523,1.003439,1.026068,1.059797",,
53,981,12.0,18.166666666666668,0.5870367819374844,1.070008099079132,10.404168844223022,97,"10.539708,11.079376","1.063264,0.909716,1.035051,1.096483,1.015447,0.895870,1.029691,0.911943,0.977350,0.895446,0.998108,1.026706,0.919318,0.995595,0.979497,0.973156,0.952330,1.000891,1.026258,1.060812",,
54,991,10.0,18.01818181818182,0.5811664141181095,0.7150459289550781,10.511672735214233,98,"10.646381,11.176917","1.064063,0.908438,1.034776,1.097408,1.015892,0.893979,1.030177,0.910493,0.976928,0.894072,0.998068,1.027790,0.918269,0.996303,0.978821,0.971551,0.951559,0.999474,1.026289,1.061246",,
55,1008,17.0,18.0,0.5753547499769285,1.053395390510559,10.63476014137268,99,"10.751649,11.278534","1.064746,0.907095,1.034283,1.098230,1.016438,0.892055,1.030588,0.909004,0.976533,0.892611,0.998006,1.028990,0.917027,0.996740,0.978326,0.969951,0.950795,0.998066,1.026106,1.061697",,
56,1036,28.0,18.17543859649123,0.5696012024771592,1.2072283426920574,11.030106544494629,102,"11.069369,11.569806","1.066304,0.903467,1.033142,1.100649,1.018191,0.886731,1.031781,0.904834,0.975865,0.888655,0.997777,1.032336,0.913443,0.998055,0.977350,0.965465,0.948721,0.994147,1.025350,1.062459",,
57,1045,9.0,18.017241379310345,0.5639051904523876,0.5189569592475891,11.150496244430542,103,"11.168299,11.674811","1.066843,0.902324,1.032651,1.101266,1.018808,0.884940,1.032203,0.903739,0.975602,0.887516,0.997623,1.033733,0.912486,0.998720,0.976934,0.964317,0.948141,0.992985,1.025209,1.062512",,
58,1065,20.0,18.050847457627118,0.5582661385478638,1.106990933418274,11.377156019210815,105,"11.365694,11.877451","1.067861,0.900009,1.031753,1.102454,1.020177,0.881401,1.033340,0.901409,0.975464,0.885371,0.996875,1.036391,0.910539,1.000143,0.975921,0.961811,0.947189,0.990850,1.025065,1.062797",,
59,1075,10.0,17.916666666666668,0.5526834771623851,0.6251040697097778,11.527904033660889,106,"11.464931,11.979994","1.068593,0.899057,1.031174,1.102927,1.020574,0.879773,1.034100,0.900422,0.975453,0.884448,0.996482,1.037625,0.909698,1.000950,0.975316,0.960672,0.946704,0.989910,1.025005,1.062956",,
60,1091,16.0,17.885245901639344,0.5471566423907612,0.7318830788135529,11.85573673248291,108,"11.664248,12.183175","1.069931,0.897096,1.030261,1.104002,1.021359,0.876558,1.035128,0.898168,0.975646,0.882652,0.995490,1.039909,0.908187,1.002478,0.973731,0.958266,0.945952,0.988220,1.025178,1.063236",,
61,1124,33.0,18.129032258064516,0.5416850759668536,1.0883501172065735,12.318979024887085,111,"11.956553,12.484782","1.071889,0.894616,1.029331,1.105200,1.022386,0.871620,1.036016,0.894861,0.974761,0.880324,0.994475,1.043595,0.906276,1.004732,0.971898,0.954709,0.944933,0.985563,1.024817,1.062949",,
62,1154,30.0,18.317460317460316,0.536268225207185,0.8322802384694418,12.701793432235718,114,"12.254032,12.791436","1.074207,0.891921,1.028060,1.106158,1.022848,0.866346,1.037313,0.891751,0.973429,0.877678,0.994384,1.047642,0.904300,1.007457,0.969898,0.950787,0.943689,0.981912,1.024385,1.062904",,
63,1172,18.0,18.3125,0.5309055429551132,1.40081787109375,12.971198320388794,116,"12.457240,12.978976","1.075501,0.889928,1.027546,1.107010,1.023485,0.862886,1.037203,0.889543,0.972402,0.875899,0.994357,1.050436,0.902835,1.009121,0.968474,0.947987,0.942896,0.979382,1.024125,1.062503",,
64,1186,14.0,18.246153846153845,0.525596487525562,1.3026013374328613,13.133803367614746,117,"12.556885,13.073093","1.076126,0.889068,1.027148,1.107337,1.023883,0.861226,1.036929,0.888533,0.971580,0.874957,0.994187,1.051692,0.902261,1.009819,0.967934,0.946707,0.942614,0.978219,1.023995,1.062331",,
65,1211,25.0,18.348484848484848,0.5203405226503064,1.1327338020006816,13.555425882339478,120,"12.845643,13.371732","1.078137,0.886249,1.026065,1.108144,1.024955,0.856336,1.036193,0.885943,0.969068,0.871922,0.993513,1.055699,0.900522,1.011527,0.966460,0.943125,0.941647,0.974614,1.022758,1.061717",,
66,1222,11.0,18.238805970149254,0.5151371174238033,0.7416026592254639,13.68487548828125,121,"12.937333,13.475378","1.078813,0.885132,1.025589,1.108222,1.025032,0.854602,1.036055,0.885007,0.968617,0.870906,0.993306,1.057229,0.900011,1.012043,0.965584,0.941895,0.941310,0.973558,1.022566,1.061702",,
67,1234,12.0,18.147058823529413,0.5099857462495653,0.6240274906158447,13.839619398117065,122,"13.027294,13.581921","1.079569,0.884060,1.025105,1.108178,1.024932,0.852958,1.036194,0.884300,0.968341,0.870011,0.993046,1.058708,0.899502,1.012693,0.964678,0.940832,0.940914,0.972601,1.022367,1.061691",,
68,1246,12.0,18.057971014492754,0.5048858887870696,0.5590908527374268,13.988755226135254,123,"13.117761,13.688293","1.080276,0.882890,1.024647,1.108204,1.024985,0.851275,1.036506,0.883440,0.968217,0.869032,0.992665,1.060107,0.898866,1.013288,0.963633,0.939602,0.940533,0.971673,1.022225,1.061740",,
69,1258,12.0,17.97142857142857,0.4998370298991989,0.6429860591888428,14.138723134994507,124,"13.207704,13.796650","1.081170,0.881607,1.024207,1.108170,1.024837,0.849530,1.036672,0.882566,0.968103,0.868067,0.992187,1.061606,0.898208,1.013913,0.962379,0.938300,0.940249,0.970727,1.021889,1.061892",,
70,1278,20.0,18.0,0.49483865960020695,0.9921714067459106,14.407367706298828,126,"13.386071,14.011488","1.083005,0.879185,1.023297,1.108019,1.024450,0.846243,1.036714,0.881072,0.967601,0.866183,0.991161,1.064563,0.896668,1.015142,0.959972,0.935924,0.939675,0.968735,1.020643,1.061732",,
71,1296,18.0,18.0,0.4898902730042049,1.0397233963012695,14.663938522338867,128,"13.568005,14.221062","1.084486,0.876578,1.022324,1.108065,1.024392,0.842833,1.036983,0.879360,0.967104,0.863892,0.990447,1.067546,0.895020,1.015990,0.958132,0.933228,0.938841,0.966246,1.019148,1.061399",,
72,1308,12.0,17.91780821917808,0.48499137027416284,0.5958330631256104,14.80885124206543,129,"13.658751,14.328818","1.085327,0.875147,1.022007,1.108049,1.024238,0.841077,1.037172,0.878450,0.967363,0.862721,0.990052,1.069089,0.894201,1.016431,0.957051,0.931864,0.938367,0.965108,1.018335,1.061193",,
73,1321,13.0,17.85135135135135,0.4801414565714212,0.5875124931335449,15.078464031219482,131,"13.841972,14.545573","1.087117,0.872249,1.021351,1.107903,1.023914,0.837523,1.037724,0.876774,0.968178,0.860502,0.989197,1.072126,0.892533,1.017648,0.954954,0.929280,0.937276,0.962917,1.016561,1.060574",,
74,1337,16.0,17.826666666666668,0.475340042005707,1.5052146911621094,15.222676753997803,132,"13.935749,14.655580","1.088053,0.870932,1.020929,1.107639,1.023626,0.835827,1.038326,0.876016,0.968811,0.859393,0.988647,1.073555,0.891503,1.018005,0.953985,0.928031,0.936706,0.961886,1.015668,1.060059",,
75,1353,16.0,17.80263157894737,0.47058664158564995,0.9701074361801147,15.448314905166626,134,"14.128387,14.876702","1.089988,0.868462,1.020289,1.107273,1.022766,0.832722,1.039169,0.874871,0.970218,0.857282,0.987605,1.076043,0.889691,1.019024,0.951867,0.925750,0.935539,0.959672,1.013595,1.058777",,
76,1367,14.0,17.753246753246753,0.4658807751697934,0.592178225517273,15.593875646591187,135,"14.224841,14.988585","1.090948,0.867169,1.019896,1.107045,1.022368,0.831069,1.039591,0.874154,0.970981,0.856263,0.987074,1.077348,0.888830,1.019689,0.950804,0.924522,0.935015,0.958652,1.012455,1.058138",,
77,1452,85.0,18.615384615384617,0.4612219674180955,1.042731973859999,16.90590000152588,144,"15.073881,16.010818","1.100330,0.855799,1.014448,1.102382,1.018264,0.816176,1.043459,0.867231,0.976344,0.848333,0.978624,1.089609,0.881558,1.022939,0.940296,0.912978,0.931791,0.951047,1.004261,1.050814",,
78,1464,12.0,18.531645569620252,0.45660974774391455,1.805363416671753,17.08298921585083,145,"15.163146,16.125988","1.101245,0.854364,1.013750,1.101779,1.017778,0.814481,1.043733,0.866467,0.977378,0.847501,0.977994,1.091017,0.880900,1.023540,0.939212,0.911816,0.931425,0.950243,1.003618,1.049822",,
79,1481,17.0,18.5125,0.4520436502664754,0.6711723804473877,17.34309959411621,147,"15.348226,16.352150","1.102960,0.851692,1.012326,1.100378,1.016894,0.811062,1.044617,0.864855,0.979078,0.845904,0.976676,1.093914,0.879620,1.024906,0.937008,0.909518,0.930888,0.948322,1.002596,1.047803",,
80,1494,13.0,18.444444444444443,0.44752321376381066,1.4191699028015137,17.54418683052063,148,"15.442150,16.464069","1.103803,0.850442,1.011637,1.099699,1.016236,0.809402,1.045010,0.864102,0.979916,0.845168,0.976065,1.095303,0.878588,1.025415,0.935883,0.908394,0.930957,0.947346,1.002230,1.046769",,
81,1533,39.0,18.695121951219512,0.44304798162617254,1.0905207991600037,18.17135214805603,152,"15.841848,16.886370","1.107797,0.845587,1.009282,1.096910,1.013866,0.802866,1.046152,0.860291,0.982568,0.842286,0.972991,1.100258,0.874268,1.027349,0.931414,0.903214,0.932416,0.943988,0.999240,1.042175",,
82,1551,18.0,18.686746987951807,0.4386175018099108,1.2719010710716248,18.497448682785034,154,"16.041395,17.094599","1.109808,0.843333,1.008475,1.095466,1.012593,0.799749,1.046691,0.858614,0.983904,0.840988,0.971250,1.102432,0.871734,1.028411,0.929563,0.900749,0.933409,0.942470,0.997640,1.039672",,
83,1575,24.0,18.75,0.4342313267918117,0.7223624587059021,18.826868057250977,156,"16.256859,17.290161","1.111443,0.840965,1.007234,1.093954,1.011742,0.796532,1.047803,0.856478,0.984932,0.839437,0.969247,1.104623,0.868498,1.028730,0.927902,0.897846,0.934811,0.940762,0.996663,1.037416",,
84,1596,21.0,18.776470588235295,0.4298890135238936,0.8343562185764313,19.142353534698486,158,"16.467300,17.485483","1.112847,0.838453,1.006124,1.092225,1.011331,0.793263,1.049181,0.854560,0.986684,0.837998,0.967311,1.107073,0.865904,1.029118,0.926231,0.894968,0.935191,0.938864,0.995894,1.034972",,
85,1607,11.0,18.686046511627907,0.42559012338865465,1.4207453727722168,19.28605031967163,159,"16.574097,17.580746","1.113375,0.837346,1.005582,1.091396,1.011239,0.791647,1.050057,0.853452,0.987503,0.837350,0.966356,1.108206,0.864806,1.029285,0.925673,0.893438,0.935150,0.938100,0.995316,1.033751",,
86,1623,16.0,18.655172413793103,0.4213342221547681,1.5210984349250793,19.54356622695923,161,"16.783709,17.770760","1.114442,0.835288,1.004596,1.089703,1.011468,0.788638,1.051680,0.851490,0.989272,0.836261,0.964622,1.110326,0.862708,1.029227,0.925077,0.890749,0.934564,0.936987,0.994020,1.030955",,
87,1635,12.0,18.579545454545453,0.41712087993322045,1.8380393981933594,19.72864079475403,162,"16.883291,17.865625","1.114849,0.834316,1.004167,1.088924,1.011650,0.787165,1.052305,0.850731,0.989940,0.835792,0.963933,1.111432,0.861831,1.029529,0.924891,0.889582,0.934349,0.936402,0.993535,1.029473",,
88,1650,15.0,18.53932584269663,0.41294967113388825,1.2201791405677795,20.01488471031189,164,"17.089191,18.048370","1.115637,0.832309,1.003005,1.087485,1.012643,0.784155,1.053562,0.848623,0.990925,0.834678,0.962032,1.113517,0.860088,1.029932,0.924612,0.886734,0.933884,0.935199,0.992341,1.026456",,
89,1668,18.0,18.533333333333335,0.40882017442254937,1.1832091808319092,20.25313138961792,165,"17.192047,18.142004","1.115987,0.831610,1.002388,1.086821,1.013295,0.782709,1.054542,0.847498,0.991432,0.834216,0.960945,1.114325,0.859327,1.030300,0.924719,0.885204,0.933600,0.934732,0.991321,1.024834",,
90,1684,16.0,18.505494505494507,0.4047319726783239,0.45882728695869446,20.49521803855896,167,"17.393612,18.335640","1.116822,0.829965,1.001067,1.085099,1.014572,0.779664,1.056401,0.845204,0.992318,0.833275,0.958686,1.116153,0.857927,1.030978,0.924552,0.882117,0.933011,0.934086,0.989179,1.021667",,
91,1698,14.0,18.456521739130434,0.40068465295154065,1.0570251941680908,20.670353651046753,168,"17.495857,18.433733","1.117243,0.828847,1.000405,1.084097,1.015187,0.778138,1.057250,0.843952,0.992636,0.832811,0.957292,1.117036,0.857325,1.031162,0.924087,0.880452,0.932707,0.933932,0.987941,1.020181",,
92,1714,16.0,18.43010752688172,0.39667780642202527,1.0385420322418213,20.97675108909607,170,"17.698730,18.626680","1.117887,0.826355,0.999529,1.082317,1.016560,0.775006,1.058356,0.841519,0.993295,0.831555,0.954711,1.119087,0.855936,1.031466,0.923042,0.877147,0.931630,0.932841,0.985329,1.017087",,
93,1732,18.0,18.425531914893618,0.392711028357805,1.4599613845348358,21.260843753814697,172,"17.895189,18.814854","1.118482,0.824035,0.998979,1.080754,1.017650,0.771869,1.059342,0.839048,0.994096,0.830374,0.952159,1.121117,0.854966,1.032186,0.921905,0.873976,0.930591,0.931897,0.983038,1.014186",,
94,1752,20.0,18.442105263157895,0.38878391807422696,1.097674012184143,21.52839994430542,174,"18.089212,18.999678","1.118536,0.821854,0.997926,1.079138,1.018544,0.768750,1.060234,0.836591,0.994390,0.829211,0.949845,1.123308,0.853957,1.033136,0.921268,0.870955,0.929382,0.931110,0.980743,1.011510",,
95,1776,24.0,18.5,0.3848960788934847,1.0558606386184692,21.821756839752197,176,"18.287762,19.185312","1.118774,0.819483,0.996869,1.077295,1.019259,0.765550,1.060765,0.834140,0.994643,0.827828,0.947194,1.125717,0.852995,1.033655,0.920336,0.867954,0.928502,0.930201,0.978521,1.008783",,
96,1788,12.0,18.432989690721648,0.38104711810454983,2.141366481781006,21.994937419891357,177,"18.383627,19.275015","1.118835,0.818209,0.996209,1.076210,1.019676,0.763892,1.060865,0.832777,0.994672,0.827083,0.945849,1.127020,0.852475,1.033834,0.919874,0.866455,0.928125,0.929771,0.977643,1.007362",,
97,1807,19.0,18.43877551020408,0.37723664692350434,1.7656645774841309,22.25797700881958,179,"18.584341,19.447416","1.118835,0.815322,0.995457,1.073926,1.020349,0.760680,1.061048,0.830010,0.995349,0.825373,0.943586,1.129652,0.850881,1.032818,0.919128,0.863273,0.926723,0.928369,0.976397,1.004455",,
98,1822,15.0,18.404040404040405,0.37346428045426927,1.0490935444831848,22.49974036216736,181,"18.784021,19.627583","1.118867,0.812784,0.994973,1.071688,1.020932,0.757816,1.062068,0.827571,0.996263,0.823788,0.941314,1.132191,0.849137,1.031491,0.918560,0.860154,0.925074,0.926658,0.975016,1.001053",,
99,1836,14.0,18.36,0.36972963764972655,2.0552713871002197,22.73101496696472,182,"18.884455,19.714121","1.119164,0.811311,0.994757,1.070607,1.020825,0.756330,1.062595,0.826172,0.996733,0.822911,0.940205,1.133450,0.848380,1.030579,0.918053,0.858470,0.924197,0.925939,0.974169,0.999473",15.8,1.469693845669907
100,1855,19.0,18.38,0.36603234127322926,1.8674023151397705,23.0492205619812,184,"19.096766,19.879463","1.119870,0.807991,0.994031,1.068655,1.021082,0.753248,1.063932,0.822995,0.997890,0.820580,0.937989,1.135949,0.846570,1.028477,0.917424,0.854904,0.922334,0.924258,0.972147,0.996431",,
101,1910,55.0,18.8,0.36237201786049694,1.612387975056966,23.9605233669281,190,"19.709610,20.374046","1.121436,0.798907,0.992945,1.063388,1.020123,0.744167,1.067244,0.814948,1.002557,0.814036,0.932528,1.143825,0.842145,1.024272,0.914622,0.845027,0.916567,0.917913,0.967130,0.987273",,
102,1933,23.0,18.81,0.358748297681892,0.739737868309021,24.259069681167603,192,"19.905388,20.560637","1.121801,0.796300,0.993388,1.061371,1.019270,0.741258,1.067986,0.812826,1.003958,0.812120,0.930724,1.146559,0.841045,1.023237,0.913039,0.841969,0.914899,0.915789,0.965218,0.983521",,
103,1947,14.0,18.81,0.35516081470507305,1.7739657163619995,24.410658359527588,193,"20.006912,20.651211","1.121876,0.794819,0.993454,1.060458,1.018882,0.739795,1.068293,0.811586,1.004628,0.810944,0.929703,1.147941,0.840529,1.022445,0.912326,0.840294,0.914212,0.914643,0.964190,0.981760",,
104,1962,15.0,18.68,0.3516092065580223,2.9096603393554688,24.68278193473816,195,"20.213497,20.812908","1.121569,0.791994,0.993574,1.058696,1.018487,0.737122,1.068800,0.809171,1.005514,0.808594,0.927752,1.150667,0.839383,1.020431,0.911411,0.836838,0.912604,0.912003,0.963381,0.978476",,
105,1985,23.0,18.77,0.34809311449244207,1.2818483114242554,25.004047393798828,197,"20.427624,20.966011","1.121307,0.789041,0.993580,1.057444,1.018116,0.734304,1.069532,0.806709,1.006601,0.806457,0.925548,1.153228,0.838399,1.019093,0.910236,0.833259,0.910518,0.909571,0.962794,0.975536",,
106,1998,13.0,18.71,0.34461218334751764,2.492626190185547,25.220208883285522,198,"20.544310,21.034941","1.121087,0.787348,0.993831,1.057141,1.018255,0.732951,1.069725,0.805366,1.007073,0.805117,0.924254,1.154386,0.837990,1.018235,0.909780,0.831335,0.909454,0.908048,0.962584,0.974158",,
107,2012,14.0,18.6,0.34116606151404244,1.5129039883613586,25.434074640274048,200,"20.759108,21.194939","1.120156,0.784053,0.994351,1.056246,1.018054,0.730223,1.070077,0.802963,1.007666,0.802582,0.921779,1.156693,0.837247,1.016841,0.908469,0.827932,0.907663,0.905360,0.961371,0.971132",,
108,2029,17.0,18.67,0.337754400898902,0.7226611375808716,25.6347873210907,201,"20.866320,21.280981","1.119854,0.782602,0.994577,1.055759,1.017879,0.728962,1.070281,0.801914,1.008010,0.801412,0.920623,1.157761,0.836888,1.016260,0.907825,0.826434,0.906859,0.904110,0.960478,0.969339",,
109,2044,15.0,18.58,0.334376856889913,1.107814371585846,25.892899990081787,203,"21.090303,21.446379","1.119572,0.779433,0.995675,1.054654,1.016832,0.726126,1.069693,0.799754,1.008263,0.798805,0.917996,1.159956,0.836285,1.015251,0.906175,0.823420,0.905550,0.901252,0.958713,0.966202",,
110,2063,19.0,18.61,0.33103308832101386,1.8580846786499023,26.220802307128906,205,"21.313578,21.614511","1.119290,0.775768,0.996967,1.052999,1.015632,0.722819,1.068952,0.797345,1.008171,0.795799,0.915540,1.162719,0.835682,1.013828,0.904314,0.820137,0.903911,0.898426,0.957185,0.963491",,
111,2076,13.0,18.51,0.3277227574378037,0.7087855935096741,26.368704557418823,206,"21.421129,21.703213","1.119049,0.773839,0.997218,1.052060,1.015068,0.721121,1.068799,0.796125,1.008101,0.794081,0.914234,1.164257,0.835146,1.012966,0.903336,0.818430,0.902972,0.896829,0.956504,0.962095",,
112,2091,15.0,18.48,0.3244455298634257,1.2386254668235779,26.647864818572998,208,"21.633305,21.892267","1.118905,0.770124,0.997625,1.050017,1.013708,0.717788,1.068883,0.793758,1.008279,0.790581,0.911696,1.167404,0.833929,1.011133,0.901157,0.815021,0.900936,0.893516,0.955091,0.958918",,
113,2101,10.0,18.29,0.3212010745647914,2.4312350749969482,26.800538301467896,209,"21.730862,21.992968","1.119077,0.768308,0.998252,1.048969,1.013125,0.716170,1.068946,0.792765,1.008720,0.788950,0.910401,1.168984,0.833692,1.010174,0.899858,0.813553,0.899665,0.892093,0.954231,0.957119",,
114,2117,16.0,18.28,0.3179890638191435,1.202906847000122,26.977776288986206,210,"21.824732,22.090117","1.119290,0.766537,0.998879,1.047921,1.012319,0.714568,1.068954,0.791805,1.009153,0.787391,0.909203,1.170545,0.833378,1.009288,0.898608,0.812132,0.898441,0.890762,0.953278,0.955361",,
115,2135,18.0,18.11,0.31480917318095203,0.6613037884235382,27.28644061088562,212,"22.019533,22.286440","1.119587,0.762899,1.000063,1.045787,1.010629,0.711308,1.069081,0.789792,1.009833,0.784196,0.906868,1.173563,0.832497,1.007692,0.896027,0.809139,0.895749,0.887849,0.951499,0.951726",,
116,2152,17.0,18.06,0.3116610814491425,2.752867102622986,27.60676336288452,214,"22.215334,22.481277","1.119397,0.758918,1.000592,1.043254,1.008167,0.707635,1.069710,0.787412,1.010710,0.780749,0.904998,1.176802,0.831358,1.005843,0.893852,0.805953,0.892818,0.884794,0.950658,0.948865",,
117,2170,18.0,18.16,0.30854447063465107,1.2828036546707153,27.89003562927246,216,"22.418188,22.665251","1.119433,0.755134,1.000881,1.040657,1.005690,0.704097,1.070544,0.784750,1.011276,0.777354,0.902876,1.179999,0.829707,1.003904,0.891664,0.802284,0.890497,0.881285,0.950373,0.946237",,
118,2184,14.0,18.11,0.30545902592830454,0.4828471541404724,28.051673889160156,217,"22.522497,22.756937","1.119635,0.753212,1.001159,1.039304,1.004458,0.702341,1.070896,0.783387,1.011515,0.775646,0.901588,1.181579,0.828768,1.003013,0.890355,0.800420,0.889499,0.879619,0.950103,0.944901",,
119,2203,19.0,18.14,0.3024044356690215,1.6663211286067963,28.37325119972229,219,"22.729069,22.934772","1.119781,0.749281,1.001297,1.036704,1.002099,0.698744,1.071798,0.780637,1.011577,0.772071,0.899630,1.184820,0.826942,1.000972,0.888211,0.796813,0.887321,0.876440,0.949667,0.942345",,
120,2222,19.0,18.1,0.29938039131233124,2.226900339126587,28.71443009376526,221,"22.924648,23.123089","1.119893,0.745664,1.001561,1.034072,0.999606,0.695212,1.072674,0.778308,1.011470,0.768646,0.897867,1.187971,0.825247,0.999173,0.885713,0.793522,0.885136,0.873656,0.948730,0.939612",,
121,2235,13.0,17.95,0.2963865873992079,1.378214716911316,28.886361598968506,222,"23.026003,23.212549","1.119932,0.743898,1.001531,1.032807,0.998687,0.693495,1.073057,0.777092,1.011333,0.766902,0.896836,1.189535,0.824460,0.998421,0.884551,0.791772,0.884200,0.872177,0.948197,0.938258",,
122,2249,14.0,17.7,0.29342272152521587,0.764327883720398,29.078750371932983,223,"23.124743,23.310564","1.119975,0.742165,1.001484,1.031350,0.997801,0.691706,1.073310,0.775988,1.011208,0.765189,0.895779,1.191270,0.823673,0.997691,0.883386,0.790144,0.883333,0.870748,0.947724,0.936862",,
123,2268,19.0,17.5,0.2904884943099637,1.331295371055603,29.3892822265625,225,"23.306730,23.506498","1.119546,0.739115,1.001508,1.028488,0.996561,0.688511,1.073945,0.774042,1.010848,0.762290,0.893824,1.194656,0.822291,0.996172,0.881383,0.787431,0.881610,0.868487,0.947011,0.933764",,
124,2288,20.0,17.56,0.28758360936686406,1.02566659450531,29.692379474639893,227,"23.492907,23.703590","1.119377,0.736026,1.002050,1.025572,0.995455,0.685503,1.074069,0.772073,1.010448,0.759505,0.891236,1.197881,0.821093,0.994204,0.878983,0.784743,0.880539,0.866605,0.946114,0.930619",,
125,2304,16.0,17.49,0.2847077732731954,1.9019141793251038,29.95572328567505,229,"23.686930,23.891960","1.119457,0.733022,1.003155,1.022581,0.994378,0.682536,1.073712,0.770250,1.009257,0.756915,0.888420,1.201006,0.819956,0.992615,0.876540,0.782135,0.879070,0.864816,0.945005,0.927285",,
126,2318,14.0,17.47,0.28186069554046345,1.6122719049453735,30.13072681427002,230,"23.780369,23.987522","1.119338,0.731618,1.003674,1.021060,0.993782,0.681061,1.073593,0.769480,1.008490,0.755665,0.887169,1.202529,0.819350,0.991941,0.875428,0.780981,0.878046,0.863927,0.944503,0.925499",,
127,2336,18.0,17.49,0.2790420885850588,1.9295395016670227,30.425650596618652,232,"23.971279,24.183767","1.118798,0.728747,1.004409,1.018043,0.992941,0.678139,1.073721,0.767769,1.006969,0.752919,0.884901,1.205660,0.818149,0.990044,0.873465,0.778392,0.876171,0.861824,0.943659,0.921922",,
128,2354,18.0,17.52,0.2762516676992082,1.5428526401519775,30.714313983917236,234,"24.152782,24.382980","1.118194,0.726060,1.004932,1.015159,0.992563,0.675325,1.074162,0.766070,1.005766,0.750254,0.882819,1.208675,0.817383,0.988284,0.871845,0.775913,0.874896,0.859738,0.942528,0.918154",,
129,2368,14.0,17.57,0.27348915102221616,0.5343833565711975,30.89419651031494,235,"24.247618,24.481747","1.117969,0.724512,1.005049,1.013674,0.992286,0.673864,1.074432,0.764995,1.004944,0.748799,0.881704,1.210154,0.816979,0.987236,0.870927,0.774381,0.874219,0.858742,0.941809,0.916383",,
130,2385,17.0,17.6,0.270754259511994,1.9019875526428223,31.205989360809326,237,"24.426756,24.670591","1.117552,0.721905,1.005387,1.010847,0.991952,0.671237,1.075014,0.763067,1.003506,0.746257,0.879665,1.212843,0.816258,0.985437,0.869328,0.771739,0.872869,0.857047,0.940465,0.912862",,
131,2404,19.0,17.59,0.26804671691687404,1.2372604310512543,31.527827978134155,239,"24.605837,24.862442","1.117218,0.719568,1.005947,1.008162,0.991814,0.668824,1.075320,0.761422,1.002292,0.743905,0.877462,1.215413,0.815590,0.983510,0.867556,0.769398,0.871728,0.855533,0.939138,0.909382",,
132,2421,17.0,17.61,0.2653662497477053,0.5154371559619904,31.783401489257812,241,"24.789299,25.072046","1.116972,0.717142,1.006819,1.005430,0.991757,0.666528,1.075010,0.759797,1.001172,0.741507,0.874917,1.217895,0.814862,0.981192,0.865442,0.767070,0.870805,0.854198,0.937472,0.905661",,
133,2440,19.0,17.67,0.2627125872502282,3.004870295524597,32.07857322692871,243,"24.971889,25.256714","1.116581,0.714460,1.007474,1.003183,0.991968,0.664355,1.074915,0.757980,1.000303,0.738854,0.872764,1.220086,0.813971,0.978886,0.864115,0.764491,0.869858,0.852672,0.935687,0.902154",,
134,2464,24.0,17.81,0.2600854613777259,1.226095736026764,32.375251054763794,245,"25.171450,25.443962","1.116172,0.711107,1.008387,1.001063,0.991769,0.661905,1.074764,0.755791,0.999501,0.735696,0.870167,1.222258,0.812317,0.976192,0.862315,0.761501,0.868610,0.850657,0.933706,0.898691",,
135,2483,19.0,17.87,0.2574846067639487,0.6507312804460526,32.714494943618774,247,"25.376566,25.645176","1.115870,0.707638,1.009102,0.998584,0.990887,0.659240,1.074639,0.753232,0.998787,0.732221,0.867497,1.224579,0.810633,0.973528,0.860081,0.758320,0.867077,0.848494,0.931578,0.895044",,
136,2501,18.0,17.88,0.2549097606963092,1.794135332107544,33.00280809402466,249,"25.578375,25.854818","1.115405,0.704449,1.010251,0.996029,0.990051,0.656597,1.074390,0.750844,0.997904,0.729023,0.864851,1.227005,0.809224,0.971124,0.857636,0.755146,0.865490,0.846356,0.929502,0.891261",,
137,2532,31.0,18.06,0.2523606630893461,1.0719538529713948,33.529579639434814,252,"25.875725,26.188665","1.114817,0.699764,1.012256,0.991683,0.987337,0.652348,1.074179,0.747885,0.995738,0.724436,0.860810,1.230856,0.807334,0.968715,0.853315,0.750918,0.862375,0.843210,0.926133,0.885233",,
138,2553,21.0,17.99,0.24983705645845267,2.3622213900089264,33.88326835632324,254,"26.073729,26.411682","1.114460,0.696698,1.013608,0.988450,0.985591,0.649640,1.074146,0.746238,0.994355,0.721497,0.858240,1.233600,0.805777,0.966734,0.850643,0.748233,0.859881,0.841197,0.924458,0.881245",,
139,2572,19.0,18.04,0.24733868589386815,3.5115076303482056,34.224284648895264,256,"26.277519,26.615288","1.113847,0.693519,1.014778,0.985574,0.983709,0.646884,1.074243,0.744441,0.993198,0.718321,0.856075,1.236243,0.803377,0.964735,0.848271,0.745150,0.857191,0.838833,0.922605,0.877617",,
140,2592,20.0,18.03,0.24486529903492946,3.83445280790329,34.553794622421265,258,"26.475193,26.809824","1.113015,0.690183,1.016228,0.983042,0.982379,0.644211,1.074606,0.742491,0.992911,0.715248,0.854267,1.238692,0.800598,0.962013,0.846157,0.741967,0.853807,0.836769,0.921076,0.873972",,
141,2615,23.0,18.08,0.24241664604458016,1.0967956185340881,34.9202082157135,260,"26.672796,27.002737","1.112512,0.687394,1.017733,0.980485,0.981193,0.641774,1.074733,0.740607,0.992518,0.712685,0.852406,1.241009,0.798394,0.959515,0.844014,0.739042,0.851289,0.835266,0.919873,0.870371",,
142,2631,16.0,18.15,0.23999247958413436,2.4604331254959106,35.273988246917725,262,"26.861908,27.216610","1.111867,0.685019,1.018669,0.977514,0.980143,0.639357,1.074661,0.738681,0.992203,0.710182,0.850674,1.243572,0.796319,0.956732,0.841981,0.736108,0.849113,0.833769,0.918844,0.866429",,
143,2652,21.0,18.2,0.23759255478829303,1.9706863760948181,35.64718222618103,264,"27.056890,27.419029","1.111784,0.682337,1.019303,0.974510,0.978312,0.636912,1.074441,0.736673,0.990974,0.707459,0.849400,1.246135,0.794397,0.953959,0.840311,0.733241,0.847139,0.832299,0.917249,0.862720",,
144,2669,17.0,18.23,0.2352166292404101,0.8337681293487549,35.84578990936279,265,"27.159349,27.522968","1.111446,0.680911,1.019910,0.973180,0.977601,0.635649,1.074271,0.735622,0.990474,0.705986,0.848609,1.247391,0.793340,0.952476,0.839414,0.731728,0.845788,0.831453,0.916386,0.860747",,
145,2685,16.0,18.28,0.232864462948006,3.9236133098602295,36.1510705947876,267,"27.353706,27.713787","1.110826,0.678055,1.021030,0.971087,0.976522,0.633239,1.074260,0.733398,0.989679,0.703129,0.847441,1.249736,0.791469,0.949718,0.838064,0.728800,0.842931,0.829972,0.914268,0.856983",,
146,2709,24.0,18.34,0.23053581831852593,2.6167783737182617,36.49022603034973,269,"27.545223,27.911461","1.108989,0.675028,1.022137,0.968744,0.975307,0.630986,1.074272,0.731316,0.988206,0.700504,0.846211,1.251965,0.789960,0.946921,0.836625,0.726112,0.840619,0.828771,0.912573,0.853297",,
147,2727,18.0,18.39,0.22823046013534068,3.1839287281036377,36.81078767776489,271,"27.747887,28.098316","1.107345,0.672457,1.022843,0.966534,0.974512,0.628909,1.074059,0.729260,0.987304,0.698214,0.844987,1.253950,0.788912,0.944213,0.835505,0.723491,0.839087,0.827684,0.911416,0.849949",,
148,2742,15.0,18.41,0.22594815553398728,2.1407315731048584,37.066805362701416,273,"27.959909,28.288094","1.105634,0.669781,1.023144,0.964196,0.973789,0.626622,1.074044,0.726967,0.986643,0.695617,0.844037,1.255965,0.787431,0.941427,0.834500,0.720577,0.837682,0.826494,0.910282,0.846566",,
149,2764,22.0,18.53,0.22368867397864742,1.244007095694542,37.47567868232727,275,"28.180593,28.480961","1.103460,0.667154,1.023271,0.962085,0.973212,0.624293,1.074438,0.724688,0.985199,0.693088,0.842972,1.257987,0.785762,0.938994,0.833565,0.717528,0.836167,0.825398,0.909197,0.843241",20.0,2.6832815729997477
150,2789,25.0,18.61,0.22145178723886094,0.7278629541397095,37.89714241027832,277,"28.409864,28.684393","1.100959,0.664566,1.022707,0.959884,0.972723,0.621950,1.074650,0.722407,0.983681,0.690321,0.841687,1.259978,0.784056,0.936526,0.832587,0.714485,0.834677,0.824237,0.908361,0.839838",,
151,2819,30.0,18.64,0.21923726936647234,3.8778889179229736,38.37167716026306,280,"28.724907,28.988838","1.096820,0.661007,1.021830,0.956713,0.971552,0.618822,1.074718,0.719523,0.980649,0.686582,0.840162,1.262854,0.782038,0.933638,0.830963,0.710809,0.832859,0.823058,0.907217,0.834887",,
152,2848,29.0,18.79,0.2170448966728076,2.461344599723816,38.824000120162964,283,"29.032829,29.284651","1.091932,0.657783,1.021538,0.953832,0.970609,0.616199,1.074757,0.717176,0.977400,0.683491,0.838847,1.265641,0.778579,0.930266,0.829526,0.707507,0.832491,0.822256,0.906500,0.830391",,
153,2872,24.0,18.91,0.21487444770607952,2.1648202737172446,39.32392621040344,286,"29.343058,29.587315","1.087870,0.655301,1.020410,0.950850,0.970574,0.614069,1.074421,0.714772,0.974893,0.681284,0.837384,1.268156,0.776057,0.926870,0.828101,0.704609,0.832963,0.822589,0.906054,0.825786",,
154,2899,27.0,19.08,0.21272570322901874,2.2640836238861084,39.77759051322937,288,"29.555239,29.795502","1.084288,0.653239,1.019812,0.948796,0.970167,0.612660,1.073821,0.713047,0.972109,0.679588,0.836142,1.269786,0.774688,0.924235,0.826891,0.702574,0.833308,0.822826,0.905538,0.822654",,
155,2914,15.0,19.06,0.21059844619672854,3.7383346557617188,40.12276792526245,290,"29.762918,29.999413","1.080854,0.650986,1.020060,0.946915,0.969412,0.611232,1.072802,0.711865,0.969152,0.677923,0.834755,1.271288,0.773646,0.922439,0.825490,0.700934,0.833427,0.822841,0.905154,0.819568",,
156,2937,23.0,19.01,0.20849246173476127,2.5382750034332275,40.57356095314026,292,"29.967728,30.209040","1.077733,0.648546,1.020648,0.945283,0.968410,0.609610,1.071771,0.710731,0.966389,0.675940,0.833313,1.272875,0.772601,0.920652,0.823919,0.699066,0.832856,0.822296,0.904434,0.816548",,
157,2956,19.0,19.11,0.20640753711741366,2.3423328399658203,40.9392671585083,294,"30.176451,30.421251","1.075015,0.645760,1.021196,0.943592,0.967360,0.607797,1.070792,0.709531,0.963695,0.673559,0.831802,1.274696,0.771432,0.918651,0.822317,0.696754,0.831964,0.821245,0.903502,0.813588",,
158,2982,26.0,19.17,0.20434346174623952,2.69918700059255,41.50068998336792,297,"30.483715,30.739298","1.071291,0.641920,1.021808,0.940949,0.966042,0.605090,1.069586,0.707766,0.959609,0.670315,0.829320,1.277350,0.769811,0.915922,0.820177,0.693176,0.830090,0.819721,0.902156,0.809094",,
159,2999,17.0,19.24,0.20230002712877712,2.187242269515991,41.725876808166504,298,"30.588602,30.841537","1.070020,0.640567,1.022039,0.940222,0.965660,0.604109,1.069284,0.707087,0.958477,0.669138,0.828475,1.278168,0.769386,0.915056,0.819494,0.691845,0.829302,0.819223,0.901652,0.807668",,
160,3020,21.0,19.29,0.20027702685748935,1.3375789920488994,42.214412450790405,301,"30.905752,31.157301","1.065769,0.637084,1.021866,0.938397,0.964648,0.601244,1.068400,0.704445,0.955635,0.665792,0.826426,1.280315,0.768271,0.912757,0.817562,0.687946,0.827397,0.817827,0.899543,0.803004",,
161,3040,20.0,19.16,0.19827425658891445,0.9096635580062866,42.58071160316467,303,"31.120855,31.374220","1.062615,0.634698,1.020538,0.936859,0.964193,0.599337,1.067890,0.702306,0.953846,0.663201,0.825254,1.281779,0.767144,0.910344,0.816396,0.685094,0.826082,0.816716,0.898504,0.799809",,
162,3056,16.0,19.02,0.1962915140230253,2.2554149627685547,42.828094482421875,304,"31.227915,31.483942","1.061286,0.633395,1.019944,0.936019,0.963872,0.598348,1.067702,0.701314,0.952948,0.661825,0.824603,1.282592,0.766537,0.908987,0.815844,0.683626,0.825541,0.816087,0.898086,0.798272",,
163,3074,18.0,19.02,0.19432859888279505,1.2000254392623901,43.17367076873779,306,"31.452019,31.693399","1.058492,0.630795,1.018350,0.934311,0.963238,0.596384,1.067549,0.699414,0.951012,0.659102,0.823614,1.284184,0.764785,0.906380,0.814891,0.680620,0.825136,0.814924,0.897574,0.795617",,
164,3095,21.0,19.09,0.1923853128939671,1.4384283125400543,43.55856227874756,308,"31.681215,31.910883","1.055404,0.628168,1.016924,0.932760,0.962883,0.594353,1.067366,0.697578,0.949167,0.656292,0.822598,1.285718,0.762463,0.903684,0.813805,0.677576,0.824599,0.813561,0.896783,0.793013",,
165,3115,20.0,19.04,0.19046145976502743,5.219027280807495,43.925410985946655,310,"31.902857,32.107887","1.052957,0.625674,1.016029,0.931216,0.962700,0.592502,1.067533,0.696065,0.947648,0.654271,0.821594,1.287151,0.760506,0.901331,0.812899,0.674701,0.823848,0.812534,0.897098,0.790755",,
166,3136,21.0,19.14,0.18855684516737714,2.2982161045074463,44.29565191268921,312,"32.103928,32.316208","1.050784,0.623631,1.015339,0.929689,0.962556,0.590764,1.067435,0.694700,0.946191,0.652730,0.820861,1.288535,0.758877,0.899269,0.811925,0.672338,0.823074,0.811866,0.897263,0.788114",,
167,3254,118.0,20.2,0.18667127671570335,1.8750652025143306,46.5175678730011,324,"33.395370,33.465073","1.039839,0.609508,1.014008,0.923473,0.962621,0.579356,1.062656,0.687467,0.940428,0.642208,0.812606,1.296085,0.750169,0.888588,0.805018,0.657762,0.814534,0.806519,0.895038,0.772348",,
168,3275,21.0,20.29,0.18480456394854633,1.4345221370458603,46.94531846046448,326,"33.616234,33.654236","1.037949,0.607047,1.014294,0.922801,0.962928,0.577507,1.061053,0.686080,0.938044,0.640504,0.810379,1.297233,0.749148,0.887445,0.803006,0.655365,0.813463,0.806061,0.894002,0.769331",,
169,3294,19.0,20.36,0.18295651830906087,3.9963879585266113,47.303385972976685,328,"33.825764,33.837704","1.036641,0.604562,1.014836,0.922090,0.962940,0.575694,1.059476,0.684954,0.935495,0.638873,0.808131,1.298420,0.748407,0.886073,0.801043,0.653121,0.812597,0.805725,0.893480,0.766706",,
170,3317,23.0,20.39,0.18112695312597027,1.464045375585556,47.66275715827942,330,"34.023983,34.026386","1.035410,0.601804,1.015307,0.921218,0.962220,0.573721,1.057712,0.683947,0.932030,0.636748,0.806028,1.299747,0.747810,0.884968,0.798937,0.651037,0.811844,0.805451,0.893265,0.764353",,
171,3332,15.0,20.36,0.17931568359471056,2.4413978457450867,47.978684186935425,332,"34.215889,34.228729","1.034145,0.599052,1.015686,0.920367,0.961771,0.571725,1.055810,0.683018,0.929435,0.634505,0.803879,1.301135,0.747215,0.884086,0.796638,0.649047,0.810942,0.804922,0.892659,0.761762",,
172,3357,25.0,20.49,0.17752252675876345,1.5966534614562988,48.35199975967407,334,"34.409317,34.441135","1.032926,0.596367,1.015650,0.919155,0.961457,0.569697,1.054317,0.681968,0.927633,0.632259,0.802160,1.302559,0.746124,0.882690,0.794803,0.646877,0.810312,0.804434,0.892233,0.759133",,
173,3371,14.0,20.5,0.17574730149117582,1.646299123764038,48.64357614517212,336,"34.595409,34.672501","1.031086,0.593626,1.015364,0.917829,0.960991,0.567565,1.052652,0.680982,0.926032,0.629900,0.800781,1.304084,0.743813,0.881051,0.792902,0.644807,0.808975,0.804316,0.891747,0.756372",,
174,3390,19.0,20.53,0.17398982847626407,1.4253856837749481,48.99028015136719,338,"34.792953,34.903641","1.029163,0.590625,1.015142,0.916586,0.960526,0.565355,1.050677,0.679959,0.924669,0.627436,0.799182,1.305693,0.741129,0.879113,0.790812,0.642660,0.807000,0.804530,0.891172,0.753653",,
175,3424,34.0,20.71,0.17224993019150142,3.130190134048462,49.50240921974182,341,"35.071976,35.223846","1.027395,0.586261,1.015440,0.915015,0.961510,0.562066,1.047346,0.678698,0.924598,0.623794,0.796701,1.308264,0.737778,0.876259,0.787517,0.639354,0.803694,0.804348,0.890335,0.749628",,
176,3440,16.0,20.73,0.1705274308895864,0.4016469419002533,49.81570863723755,343,"35.241657,35.446934","1.026113,0.583430,1.015717,0.913968,0.962097,0.560151,1.045156,0.678001,0.924254,0.621222,0.794895,1.309958,0.736079,0.874838,0.784998,0.637444,0.801872,0.804380,0.889405,0.746975",,
177,3462,22.0,20.1,0.16882215658069055,1.4691072702407837,50.181067943573,345,"35.414757,35.667873","1.024788,0.580580,1.015814,0.913130,0.962706,0.558218,1.043238,0.677027,0.923893,0.618824,0.793363,1.311328,0.733989,0.873391,0.782786,0.635589,0.799722,0.804913,0.888481,0.744147",,
178,3484,22.0,20.2,0.16713393501488363,2.551332712173462,50.55080461502075,347,"35.611546,35.863892","1.023173,0.577876,1.015826,0.912319,0.963408,0.556420,1.041659,0.676072,0.923705,0.616951,0.791693,1.312425,0.732115,0.871650,0.780777,0.633379,0.797707,0.805599,0.888021,0.741842",,
179,3504,20.0,20.23,0.16546259566473479,1.4479369670152664,50.98036813735962,349,"35.829010,36.046234","1.021487,0.575257,1.015751,0.911722,0.964317,0.554586,1.040011,0.674981,0.923670,0.615242,0.790117,1.313330,0.730381,0.869816,0.778891,0.631047,0.795748,0.806425,0.887245,0.739682",,
180,3523,19.0,20.29,0.16380796970808745,1.4001959562301636,51.38282346725464,351,"36.045738,36.228153","1.018835,0.572858,1.015491,0.911225,0.964817,0.552898,1.038434,0.673759,0.923651,0.613916,0.788581,1.314014,0.728790,0.868099,0.777141,0.628692,0.793807,0.807093,0.886215,0.737452",,
181,3539,16.0,20.06,0.16216989001100657,0.5362553596496582,51.63180494308472,352,"36.159389,36.318890","1.017512,0.571559,1.015279,0.911021,0.965015,0.551907,1.037851,0.673097,0.923760,0.613214,0.787822,1.314316,0.727525,0.867114,0.776343,0.627375,0.792422,0.807588,0.885737,0.736341",,
182,3563,24.0,20.12,0.1605481911108965,2.4319940408070884,52.1185417175293,355,"36.502300,36.580246","1.013937,0.567875,1.014531,0.910693,0.965766,0.549039,1.036635,0.670987,0.923960,0.611171,0.785813,1.315002,0.724163,0.864315,0.774547,0.623508,0.788760,0.808887,0.884197,0.733021",,
183,3578,15.0,20.03,0.15894270919978754,2.3555071353912354,52.371896505355835,356,"36.610065,36.665195","1.012781,0.566909,1.014408,0.910637,0.966017,0.548170,1.036307,0.670268,0.924073,0.610781,0.785242,1.315164,0.723237,0.863487,0.774012,0.622311,0.787723,0.809281,0.883505,0.731889",,
184,3599,21.0,20.03,0.15735328210778965,2.462322473526001,52.72013020515442,358,"36.826897,36.834621","1.010652,0.564772,1.013933,0.910354,0.966676,0.546367,1.035907,0.668762,0.924597,0.609789,0.784364,1.315494,0.721084,0.861080,0.773217,0.619798,0.785111,0.809783,0.882426,0.729791",,
185,3615,16.0,20.08,0.15577974928671176,3.5359655618667603,53.08474850654602,360,"37.024017,37.012405","1.008982,0.562673,1.013549,0.910038,0.967129,0.544487,1.035441,0.667285,0.924962,0.608464,0.783902,1.315963,0.719299,0.859101,0.772590,0.617576,0.782909,0.810093,0.880986,0.727493",,
186,3634,19.0,20.11,0.15422195179384465,2.2792701721191406,53.47415065765381,362,"37.210178,37.201450","1.007701,0.560598,1.013384,0.909674,0.967722,0.542861,1.035010,0.665831,0.924815,0.607193,0.783616,1.316483,0.717732,0.856921,0.771856,0.615590,0.781087,0.810565,0.879193,0.725043",,
187,3650,16.0,20.15,0.1526797322759062,3.408355712890625,53.83294224739075,364,"37.391705,37.392967","1.006549,0.558703,1.013180,0.909230,0.968505,0.541385,1.034067,0.664459,0.924624,0.606155,0.783606,1.317060,0.716325,0.854768,0.771157,0.613780,0.779429,0.810869,0.877901,0.722424",,
188,3678,28.0,20.28,0.15115293495314713,1.389831319451332,54.29189920425415,366,"37.571255,37.588989","1.005296,0.557034,1.012700,0.908748,0.969223,0.539960,1.032919,0.662919,0.924126,0.605104,0.783500,1.317656,0.715055,0.852556,0.770351,0.611879,0.777844,0.811167,0.876546,0.719796",,
189,3702,24.0,20.34,0.14964140560361566,0.6988476117451986,54.824418783187866,369,"37.864555,37.877632","1.005119,0.554255,1.011735,0.907859,0.969988,0.537305,1.030980,0.660548,0.922982,0.602846,0.783027,1.318604,0.712185,0.848353,0.768978,0.608286,0.774894,0.810814,0.874955,0.715822",,
190,3719,17.0,20.35,0.1481449915475795,2.8004050254821777,55.06060004234314,370,"37.962643,37.975243","1.004932,0.553297,1.011413,0.907457,0.970138,0.536415,1.030315,0.659747,0.922502,0.602080,0.782758,1.318914,0.711189,0.846967,0.768432,0.607091,0.773912,0.810711,0.874399,0.714549",,
191,3741,22.0,20.43,0.1466635416321037,2.585450917482376,55.53463435173035,373,"38.247192,38.268234","1.003728,0.550698,1.010647,0.906386,0.970923,0.533692,1.027644,0.657250,0.921643,0.600339,0.781784,1.319693,0.708110,0.843207,0.766461,0.603791,0.770737,0.810953,0.872068,0.710650",,
192,3758,17.0,20.44,0.14519690621578268,2.5250251293182373,55.756916522979736,374,"38.339470,38.361473","1.003295,0.549978,1.010478,0.905997,0.971245,0.532845,1.026806,0.656501,0.921391,0.599987,0.781373,1.319903,0.707000,0.842023,0.765843,0.602814,0.769638,0.811151,0.871331,0.709430",,
193,3774,16.0,20.42,0.14374493715362485,2.402928590774536,56.0685510635376,376,"38.524632,38.545807","1.002644,0.548582,1.010650,0.905390,0.971793,0.531233,1.025194,0.654997,0.921086,0.599280,0.780448,1.320403,0.705101,0.839978,0.764470,0.601070,0.767761,0.811528,0.870097,0.706858",,
194,3790,16.0,20.38,0.1423074877820886,2.612687826156616,56.40039324760437,378,"38.716808,38.715744","1.001118,0.546895,1.010412,0.905124,0.971749,0.529246,1.023782,0.653641,0.920937,0.598373,0.780452,1.320837,0.702880,0.837933,0.763792,0.599162,0.765535,0.811269,0.869206,0.704539",,
195,3816,26.0,20.4,0.1408844129042677,2.3830874115228653,56.80826163291931,380,"38.907585,38.881588","0.999168,0.545025,1.010211,0.904963,0.971407,0.526901,1.022709,0.652343,0.920916,0.597396,0.780845,1.321131,0.700644,0.835968,0.763649,0.596982,0.763340,0.810741,0.868401,0.702423",,
196,3839,23.0,20.51,0.13947556877522502,1.8004708290100098,57.214077949523926,382,"39.101139,39.051353","0.997810,0.543155,1.010351,0.905006,0.971471,0.524591,1.021047,0.650981,0.921602,0.596284,0.781025,1.321340,0.698960,0.833739,0.762962,0.594790,0.761232,0.809707,0.867420,0.700298",,
197,3863,24.0,20.56,0.13808081308747278,4.299612442652385,57.693830728530884,385,"39.368153,39.307446","0.997374,0.541067,1.010733,0.904829,0.972322,0.521581,1.018149,0.649127,0.922244,0.595033,0.780464,1.321632,0.696960,0.830917,0.761281,0.591735,0.758421,0.808006,0.866069,0.696789",,
198,3883,20.0,20.61,0.13670000495659804,2.6733314990997314,58.08037185668945,387,"39.544765,39.478241","0.996905,0.539647,1.011001,0.904608,0.972781,0.519726,1.016720,0.648048,0.922561,0.594303,0.779897,1.321782,0.695798,0.829465,0.760275,0.589849,0.756811,0.806976,0.865650,0.694669",,
199,3899,16.0,20.63,0.13533300490703207,3.082990884780884,58.396156787872314,388,"39.638504,39.562824","0.996686,0.538773,1.011356,0.904595,0.972783,0.518800,1.015962,0.647613,0.922708,0.593735,0.779438,1.321925,0.695171,0.828543,0.759678,0.588896,0.756010,0.806381,0.865375,0.693665",20.0,2.6832815729997477
200,3927,28.0,20.72,0.13397967485796175,1.6839363773663838,59.04153633117676,391,"39.910515,39.827942","0.995612,0.536508,1.011715,0.904025,0.972825,0.516214,1.013696,0.646200,0.923326,0.592489,0.778409,1.322635,0.693154,0.826024,0.757699,0.586220,0.753604,0.804982,0.864642,0.690966",,
201,3947,20.0,20.37,0.13263987810938213,6.2705841064453125,59.44501781463623,393,"40.083168,39.996750","0.993504,0.534592,1.012417,0.903747,0.972516,0.514523,1.012750,0.645643,0.923576,0.592012,0.777642,1.323110,0.691607,0.824349,0.756832,0.584369,0.751735,0.804114,0.864926,0.689478",,
202,3964,17.0,20.31,0.1313134793282883,3.8832801580429077,59.805838108062744,395,"40.248093,40.166798","0.990677,0.532337,1.013129,0.903506,0.971948,0.512908,1.012430,0.645185,0.923366,0.591318,0.776618,1.323816,0.690024,0.823221,0.756015,0.582500,0.749580,0.803136,0.866109,0.687739",,
203,3979,15.0,20.32,0.13000034453500542,2.6705522537231445,60.07400560379028,396,"40.330933,40.254852","0.989246,0.531192,1.013275,0.903457,0.971828,0.511967,1.011925,0.644862,0.923348,0.590942,0.776231,1.324143,0.689275,0.822676,0.755532,0.581586,0.748392,0.802713,0.866516,0.686824",,
204,3994,15.0,20.32,0.12870034108965536,2.6162046790122986,60.40830373764038,398,"40.489567,40.441360","0.986750,0.528884,1.013280,0.903112,0.971565,0.510186,1.010774,0.644026,0.922949,0.589813,0.775553,1.324883,0.687993,0.821739,0.754203,0.579918,0.746315,0.802001,0.866763,0.684878",,
205,4018,24.0,20.33,0.12741333767875881,2.376086726784706,60.87062692642212,400,"40.636742,40.623505","0.984494,0.526949,1.012696,0.902698,0.971400,0.508539,1.009646,0.642966,0.922673,0.588685,0.775570,1.325511,0.686934,0.821012,0.753237,0.578554,0.744577,0.801451,0.866626,0.682902",,
206,4037,19.0,20.39,0.12613920430197123,1.145327091217041,61.281434774398804,402,"40.796112,40.809242","0.982552,0.525099,1.011866,0.902071,0.971506,0.507085,1.008824,0.641580,0.922123,0.587737,0.775560,1.326130,0.686064,0.819856,0.752228,0.576966,0.743162,0.801518,0.866229,0.680994",,
207,4057,20.0,20.45,0.12487781225895152,2.575181484222412,61.65423631668091,404,"40.958572,40.992767","0.980920,0.523160,1.011326,0.901540,0.971646,0.505666,1.008349,0.640109,0.921639,0.586565,0.775172,1.326687,0.685297,0.818895,0.751210,0.575321,0.741980,0.801753,0.865757,0.679077",,
208,4082,25.0,20.53,0.123629034136362,0.3687231242656708,62.111632108688354,407,"41.210423,41.270714","0.978868,0.520629,1.010328,0.900890,0.972358,0.503320,1.007565,0.637482,0.921960,0.585008,0.774415,1.327269,0.683276,0.817093,0.749712,0.572596,0.739784,0.802624,0.864370,0.676235",,
209,4101,19.0,20.57,0.12239274379499838,0.37071986496448517,62.46987199783325,409,"41.386593,41.460793","0.977688,0.519315,1.009493,0.900491,0.973279,0.501807,1.007117,0.635548,0.922726,0.584369,0.773919,1.327548,0.682172,0.816010,0.748722,0.570650,0.738487,0.803027,0.863263,0.674168",,
210,4122,21.0,20.59,0.1211688163570484,2.6344563364982605,62.84875965118408,411,"41.555260,41.649788","0.976696,0.518364,1.008529,0.900212,0.974214,0.500326,1.006528,0.633624,0.923668,0.584015,0.773583,1.327801,0.681264,0.815119,0.747875,0.568956,0.737399,0.803361,0.862123,0.671971",,
211,4147,25.0,20.71,0.11995712819347792,3.8096733391284943,63.25320816040039,413,"41.720848,41.822010","0.975291,0.517426,1.007788,0.899939,0.974874,0.498768,1.005604,0.631801,0.924873,0.584189,0.774069,1.327984,0.679789,0.813666,0.747457,0.567464,0.736039,0.803936,0.861417,0.669956",,
212,4639,492.0,25.48,0.11875755691154315,2.422917961466069,72.65649056434631,462,"46.134892,46.185139","0.906482,0.465799,1.002017,0.887241,0.999368,0.444137,0.966715,0.599936,0.922109,0.551918,0.755185,1.336058,0.597800,0.768678,0.712843,0.519465,0.664505,0.791728,0.834070,0.627092",,
213,4660,21.0,25.59,0.11756998134242772,5.267326831817627,73.17784357070923,465,"46.382622,46.453346","0.899842,0.463183,1.000738,0.885872,1.001120,0.440265,0.964246,0.597679,0.921757,0.550636,0.755827,1.336495,0.590847,0.765926,0.711641,0.517299,0.657746,0.791164,0.833816,0.624659",,
214,4782,122.0,26.65,0.11639428152900344,2.32644335180521,75.6924557685852,477,"47.487198,47.503105","0.871623,0.448694,0.998892,0.877924,1.010227,0.424963,0.956312,0.587603,0.906486,0.541481,0.756227,1.338174,0.566752,0.756730,0.706958,0.506914,0.635386,0.791927,0.826571,0.615271",,
215,4937,155.0,28.02,0.11523033871371341,3.2132353166739147,78.99739646911621,492,"48.696957,48.801781","0.845525,0.430693,0.994850,0.864775,1.014691,0.406593,0.944438,0.580149,0.892592,0.532089,0.756868,1.342268,0.538860,0.743897,0.696967,0.497261,0.609041,0.791464,0.819330,0.605146",,
216,4950,13.0,27.98,0.11407803532657627,1.8822778463363647,79.27837419509888,494,"48.866272,48.968006","0.842809,0.428580,0.993668,0.863091,1.015141,0.404292,0.942904,0.578961,0.891689,0.530984,0.757077,1.342700,0.535582,0.741702,0.695905,0.496036,0.605829,0.791738,0.818931,0.603595",,
217,5065,115.0,28.95,0.11293725497331052,1.1385729312896729,81.44146203994751,505,"49.837978,49.902382","0.824157,0.414843,0.986308,0.852686,1.019936,0.389703,0.936487,0.571524,0.883576,0.521280,0.756181,1.345064,0.514690,0.729413,0.691376,0.487336,0.585901,0.793680,0.816995,0.595222",,
218,5081,16.0,28.97,0.1118078824235774,2.700745701789856,81.81469202041626,507,"50.014793,50.063705","0.820148,0.412783,0.985842,0.850919,1.021285,0.386934,0.934867,0.570272,0.881454,0.520346,0.756475,1.345520,0.510485,0.727493,0.690450,0.486221,0.582114,0.794216,0.816879,0.593427",,
219,5098,17.0,28.95,0.11068980359934164,0.13578607141971588,82.12419652938843,508,"50.101288,50.145691","0.818173,0.411841,0.985634,0.849983,1.021915,0.385629,0.934140,0.569577,0.880349,0.519952,0.756702,1.345736,0.508568,0.726583,0.690002,0.485709,0.580393,0.794452,0.816797,0.592475",,
220,5115,17.0,28.93,0.10958290556334822,1.7717529088258743,82.4962408542633,510,"50.264626,50.317730","0.814119,0.409790,0.984845,0.848430,1.023081,0.382851,0.932157,0.568275,0.877644,0.518804,0.756977,1.346104,0.505214,0.725123,0.688772,0.484571,0.577401,0.794647,0.816737,0.590844",,
221,5138,23.0,29.03,0.10848707650771475,3.2272168397903442,82.90808701515198,512,"50.431419,50.479198","0.810082,0.407101,0.984031,0.847213,1.024109,0.379696,0.930169,0.566935,0.874549,0.516793,0.756948,1.346232,0.501614,0.723908,0.687855,0.483211,0.574146,0.794686,0.817320,0.589352",,
222,5153,15.0,29.04,0.1074022057426376,2.984485149383545,83.24703931808472,514,"50.599678,50.636642","0.806021,0.404272,0.983224,0.845827,1.025249,0.376384,0.928212,0.565922,0.871459,0.515055,0.757153,1.346335,0.497826,0.722237,0.687084,0.481891,0.570667,0.794797,0.818101,0.587893",,
223,5167,14.0,28.99,0.10632818368521123,3.4424421787261963,83.48314213752747,515,"50.680344,50.714626","0.803499,0.402562,0.982758,0.845097,1.025807,0.374740,0.927408,0.565424,0.869460,0.514046,0.757221,1.346537,0.495876,0.721293,0.686709,0.481329,0.568887,0.794936,0.818241,0.587237",,
224,5192,25.0,29.04,0.10526490184835911,1.1730008870363235,84.03855991363525,518,"50.902702,50.977200","0.797277,0.398291,0.981173,0.842820,1.027475,0.370292,0.924656,0.563528,0.864684,0.511242,0.757912,1.347060,0.490612,0.719166,0.684828,0.479811,0.564130,0.795169,0.817647,0.585149",,
225,5213,21.0,29.09,0.10421225282987552,1.5429375022649765,84.43791270256042,520,"51.042080,51.163780","0.793833,0.395620,0.980312,0.841237,1.028494,0.367517,0.922470,0.562358,0.861858,0.509521,0.758527,1.347185,0.487703,0.718376,0.683063,0.478989,0.561517,0.795398,0.817259,0.584036",,
226,5244,31.0,29.26,0.10317013030157676,1.3632781406243641,85.02292680740356,523,"51.259354,51.431801","0.788782,0.392164,0.979355,0.838746,1.030258,0.363782,0.918937,0.561010,0.857899,0.507602,0.759205,1.347268,0.483261,0.716569,0.679790,0.477555,0.557498,0.795395,0.816565,0.582676",,
227,5259,15.0,29.23,0.10213842899856099,2.8795862197875977,85.29488468170166,524,"51.330059,51.519329","0.787066,0.391256,0.979009,0.837821,1.030931,0.362763,0.917809,0.560538,0.856611,0.507254,0.759496,1.347368,0.481681,0.715948,0.678600,0.477290,0.556134,0.795510,0.816107,0.582211",,
228,5286,27.0,29.32,0.10111704470857538,3.3977208932240806,85.81754994392395,527,"51.564217,51.757984","0.782570,0.388568,0.978253,0.835080,1.032780,0.359912,0.915569,0.559041,0.853779,0.506073,0.759661,1.347600,0.476654,0.713571,0.675733,0.475480,0.551747,0.795029,0.814772,0.580590",,
229,5306,20.0,29.38,0.10010587426148963,4.942531943321228,86.18771052360535,529,"51.725220,51.911762","0.778830,0.386504,0.977566,0.833480,1.034057,0.357825,0.914291,0.558239,0.852091,0.505177,0.759953,1.347775,0.472508,0.711951,0.674156,0.474199,0.548030,0.794634,0.813804,0.579936",,
230,5332,26.0,29.47,0.09910481551887473,0.2712765882412593,86.77093458175659,532,"51.978535,52.141045","0.773831,0.383269,0.976101,0.830646,1.035838,0.354139,0.912692,0.557034,0.849530,0.503361,0.760480,1.347938,0.466553,0.709475,0.672278,0.471686,0.542605,0.793898,0.812465,0.578964",,
231,5356,24.0,29.52,0.09811376736368599,1.9141330420970917,87.20489144325256,534,"52.154675,52.293106","0.770345,0.381205,0.974908,0.828765,1.037415,0.351817,0.911916,0.556144,0.847566,0.501917,0.760388,1.347918,0.462507,0.707945,0.671063,0.469955,0.538923,0.793424,0.811479,0.578143",,
232,5386,30.0,29.65,0.09713262969004913,1.294103056192398,87.78382015228271,537,"52.434830,52.526138","0.765352,0.378317,0.973327,0.825654,1.040030,0.348467,0.910473,0.554417,0.844719,0.499895,0.759810,1.347990,0.456921,0.705408,0.669026,0.467336,0.533793,0.792984,0.810056,0.576613",,
233,5401,15.0,29.61,0.09616130339314863,0.11377950385212898,88.12122416496277,539,"52.608383,52.692123","0.762335,0.376559,0.972363,0.823599,1.041634,0.346662,0.909432,0.553132,0.842789,0.498758,0.759606,1.348060,0.453798,0.704053,0.667510,0.466025,0.530948,0.792986,0.809068,0.575509",,
234,5426,25.0,29.62,0.09519969035921715,1.9462519586086273,88.55018258094788,541,"52.790016,52.852318","0.759312,0.374192,0.970887,0.821723,1.043385,0.344107,0.907915,0.551908,0.841146,0.496868,0.759406,1.348411,0.450305,0.702357,0.666133,0.464569,0.527659,0.792840,0.807776,0.574254",,
235,5441,15.0,29.58,0.09424769345562498,0.21895575523376465,88.90427374839783,543,"52.975544,53.010357","0.756526,0.372163,0.969307,0.819956,1.045067,0.341616,0.906600,0.550558,0.839947,0.495179,0.759351,1.348717,0.446927,0.700615,0.664960,0.462972,0.524381,0.792576,0.806506,0.572917",,
236,5458,17.0,29.57,0.09330521652106873,0.2967373728752136,89.17783665657043,544,"53.065929,53.092339","0.754803,0.371250,0.968503,0.819059,1.045743,0.340505,0.905909,0.549816,0.839106,0.494435,0.759404,1.348977,0.445233,0.699783,0.664354,0.462305,0.522737,0.792525,0.805838,0.572128",,
237,5484,26.0,29.52,0.09237216435585804,3.254385640223821,89.64192295074463,547,"53.319054,53.350109","0.748315,0.369198,0.965804,0.816183,1.048924,0.337575,0.903090,0.547063,0.835298,0.492832,0.760028,1.350155,0.440804,0.697653,0.661998,0.460677,0.518513,0.792502,0.803201,0.569736",,
238,5501,17.0,29.48,0.09144844271229946,4.814061880111694,90.00245475769043,549,"53.468845,53.512428","0.744094,0.368105,0.963778,0.814709,1.051245,0.335505,0.901029,0.545785,0.832978,0.492284,0.761120,1.350805,0.438386,0.696349,0.660924,0.459794,0.516026,0.792371,0.802039,0.568509",,
239,5523,22.0,29.51,0.09053395828517646,0.3457609713077545,90.44006180763245,551,"53.634106,53.671822","0.739928,0.366547,0.961940,0.813756,1.053873,0.333009,0.899309,0.544309,0.830539,0.490946,0.761630,1.351225,0.435986,0.695658,0.660078,0.458305,0.513534,0.791736,0.801016,0.567210",,
240,5537,14.0,29.45,0.08962861870232469,0.4509661793708801,90.6586287021637,552,"53.716248,53.754910","0.738051,0.365499,0.961170,0.813235,1.054889,0.331767,0.898539,0.543406,0.829166,0.490068,0.761765,1.351413,0.434781,0.695340,0.659611,0.457670,0.512333,0.791509,0.800582,0.566314",,
241,5557,20.0,29.42,0.08873233251530144,3.459072470664978,91.05582404136658,554,"53.871288,53.912331","0.734336,0.362921,0.959907,0.812134,1.056827,0.329041,0.897124,0.541938,0.826216,0.487982,0.761593,1.351842,0.432144,0.694423,0.658661,0.456584,0.509798,0.791092,0.800405,0.564695",,
242,5583,26.0,29.52,0.08784500919014843,2.0604919294516244,91.56855344772339,557,"54.091366,54.149006","0.728936,0.358823,0.958015,0.810641,1.059301,0.324898,0.895059,0.540503,0.822141,0.484939,0.761077,1.352352,0.428072,0.692577,0.657242,0.455474,0.505730,0.791188,0.800532,0.562973",,
243,5599,16.0,29.47,0.08696655909824694,3.323162317276001,91.83340072631836,558,"54.165638,54.226513","0.727349,0.357829,0.957324,0.810007,1.060160,0.323585,0.894103,0.540170,0.821142,0.484244,0.761015,1.352532,0.426836,0.691782,0.656520,0.455220,0.504437,0.791267,0.800502,0.562551",,
244,5618,19.0,29.49,0.08609689350726446,0.35070304572582245,92.19874358177185,560,"54.329006,54.381500","0.724454,0.356020,0.955550,0.808510,1.061797,0.320800,0.892037,0.539559,0.819380,0.482988,0.761075,1.352871,0.424653,0.689625,0.654866,0.454115,0.502083,0.790919,0.800153,0.561902",,
245,5647,29.0,29.62,0.08523592457219181,4.515618364016215,92.75731134414673,563,"54.577522,54.599983","0.719531,0.353498,0.953718,0.806665,1.064865,0.317079,0.888787,0.538742,0.816728,0.481422,0.761111,1.353482,0.420539,0.686701,0.652115,0.452849,0.497726,0.790602,0.799575,0.561049",,
246,5662,15.0,29.53,0.0843835653264699,6.624490261077881,93.0793924331665,565,"54.735081,54.744217","0.716182,0.351774,0.952293,0.805334,1.066665,0.314583,0.886799,0.538113,0.814895,0.480334,0.761546,1.354062,0.417810,0.684526,0.650445,0.452177,0.494841,0.790176,0.799037,0.560262",,
247,5697,35.0,29.7,0.0835397296732052,3.5456856389840445,93.69791650772095,568,"54.945477,54.977871","0.711229,0.349296,0.950255,0.803725,1.069332,0.311134,0.884010,0.537008,0.812595,0.478675,0.762591,1.354640,0.413685,0.681190,0.648369,0.451539,0.490480,0.789621,0.797852,0.558475",,
248,5722,25.0,29.8,0.08270433237647315,2.21475018064181,94.25898337364197,571,"55.155769,55.224426","0.707624,0.348315,0.947732,0.801419,1.071891,0.308279,0.881143,0.536033,0.810843,0.477992,0.763821,1.355135,0.410119,0.677829,0.646206,0.450813,0.486629,0.789322,0.796417,0.556281",,
249,5738,16.0,29.74,0.08187728905270841,0.3401588201522827,94.5363450050354,572,"55.223572,55.312698","0.706545,0.347863,0.947051,0.800443,1.072763,0.307370,0.880340,0.535458,0.810227,0.477502,0.764147,1.355322,0.409055,0.676825,0.645397,0.450566,0.485491,0.789259,0.795802,0.555279",20.0,2.6832815729997477
250,5769,31.0,29.8,0.08105851616218133,1.4035874505837758,95.13907170295715,575,"55.439106,55.587181","0.702823,0.345844,0.944794,0.797683,1.075200,0.304276,0.877077,0.533238,0.808748,0.475437,0.764833,1.355733,0.405138,0.673796,0.642437,0.449965,0.481385,0.789206,0.794314,0.552099",,
251,5787,18.0,29.68,0.08024793100055952,5.103308737277985,95.49518156051636,577,"55.571365,55.767414","0.699566,0.344817,0.943588,0.796208,1.077142,0.302681,0.875537,0.531700,0.806915,0.474566,0.765292,1.356117,0.403106,0.671911,0.640919,0.449936,0.479186,0.789453,0.793431,0.549913",,
252,6025,238.0,31.77,0.07944545169055392,2.454793673629562,100.31117248535156,601,"57.351040,57.562534","0.662505,0.336487,0.935977,0.781748,1.097729,0.288385,0.859200,0.510895,0.785992,0.468104,0.770380,1.357377,0.375960,0.653219,0.625112,0.445472,0.454736,0.785926,0.777923,0.526726",,
253,6040,15.0,31.68,0.07865099717364837,1.2918638437986374,100.66741442680359,603,"57.482937,57.692066","0.660110,0.336526,0.935569,0.780487,1.099122,0.287751,0.857138,0.510372,0.784666,0.468458,0.770936,1.357027,0.373934,0.651646,0.623507,0.445406,0.453001,0.785714,0.776437,0.526269",,
254,6195,155.0,32.96,0.07786448720191189,2.2872082690397897,103.83688139915466,618,"58.518860,58.704918","0.638356,0.330539,0.927255,0.770308,1.107864,0.276736,0.840575,0.506228,0.769957,0.463963,0.773950,1.356283,0.353682,0.640351,0.611885,0.443190,0.436053,0.784107,0.768428,0.522429",,
255,6213,18.0,32.99,0.07708584232989277,2.0084266886115074,104.22858953475952,620,"58.662518,58.849579","0.634868,0.329194,0.925253,0.768698,1.109022,0.274727,0.838403,0.505257,0.768279,0.462796,0.773762,1.356335,0.349918,0.638332,0.610543,0.442524,0.433152,0.783777,0.767709,0.521622",,
256,6230,17.0,32.93,0.07631498390659384,3.81633560359478,104.59486889839172,622,"58.804306,58.997578","0.631267,0.327698,0.923482,0.767124,1.109817,0.272685,0.836289,0.504190,0.766871,0.461742,0.773889,1.356370,0.346028,0.636039,0.609338,0.441791,0.430178,0.783514,0.766791,0.520536",,
257,6248,18.0,32.92,0.07555183406752791,0.10965237021446228,104.9053750038147,623,"58.875065,59.069218","0.629645,0.326926,0.922738,0.766397,1.110165,0.271641,0.835287,0.503673,0.766102,0.461179,0.773905,1.356340,0.344353,0.635004,0.608731,0.441428,0.428896,0.783389,0.766404,0.520012",,
258,6264,16.0,32.82,0.07479631572685264,2.1458530873060226,105.25420212745667,625,"59.017673,59.216438","0.626646,0.325366,0.921271,0.764966,1.110799,0.269513,0.833360,0.502496,0.764748,0.459965,0.773882,1.356123,0.341056,0.633062,0.607571,0.440484,0.426315,0.782682,0.765664,0.518831",,
259,6399,135.0,34.0,0.07404835256958411,3.4313120601268916,108.13062930107117,638,"59.866001,60.161495","0.605608,0.310168,0.918447,0.754483,1.116256,0.255201,0.826644,0.493413,0.749397,0.446659,0.770947,1.355698,0.323184,0.624506,0.600698,0.433349,0.412995,0.778124,0.760808,0.511909",,
260,6436,37.0,34.16,0.07330786904388827,3.2133220061659813,109.16647672653198,642,"60.178589,60.437622","0.598484,0.303002,0.918424,0.751914,1.117208,0.249037,0.825825,0.489000,0.743709,0.439986,0.769892,1.355758,0.316886,0.620696,0.599872,0.429948,0.408071,0.776091,0.761089,0.508028",,
261,6465,29.0,34.25,0.07257479035344938,1.3534536957740784,109.93173241615295,645,"60.409267,60.632893","0.593529,0.298602,0.917721,0.750178,1.118019,0.245314,0.824953,0.485694,0.740564,0.435885,0.768881,1.355901,0.312253,0.617770,0.598749,0.427844,0.404276,0.774893,0.761021,0.505050",,
262,6481,16.0,34.25,0.07184904244991488,0.2873851805925369,110.5237832069397,647,"60.558372,60.769630","0.590353,0.296262,0.917013,0.748948,1.118589,0.243037,0.823828,0.483560,0.738775,0.433726,0.768436,1.356023,0.309735,0.615962,0.597603,0.426572,0.402205,0.773997,0.760730,0.502962",,
263,6498,17.0,34.24,0.07113055202541574,7.3435773849487305,111.21061754226685,648,"60.634140,60.835228","0.588552,0.295231,0.916710,0.748255,1.118990,0.241954,0.823324,0.482677,0.737828,0.432865,0.768202,1.356122,0.308519,0.614983,0.597046,0.425916,0.401195,0.773448,0.760572,0.502044",,
264,6515,17.0,34.2,0.07041924650516158,1.945140890777111,112.07283997535706,650,"60.777233,60.966850","0.585134,0.293359,0.916407,0.747020,1.119868,0.240018,0.822367,0.480867,0.735924,0.431382,0.767729,1.356296,0.306429,0.613242,0.596070,0.424811,0.399473,0.772493,0.760239,0.500102",,
265,6601,86.0,34.86,0.06971505404010997,2.56370196160343,116.35155701637268,659,"61.376648,61.524532","0.572165,0.286492,0.914581,0.742363,1.124482,0.232566,0.816783,0.473778,0.729890,0.425139,0.767052,1.356661,0.296927,0.606182,0.590990,0.421940,0.391769,0.770058,0.756918,0.492399",,
266,6627,26.0,34.91,0.06901790349970886,3.765179067850113,117.37910628318787,661,"61.502483,61.658127","0.569304,0.285301,0.913992,0.741197,1.125817,0.231320,0.815188,0.472598,0.728676,0.424251,0.767096,1.356673,0.294985,0.604744,0.589234,0.421603,0.390229,0.769697,0.755983,0.491393",,
267,6648,21.0,33.94,0.06832772446471178,1.9835964143276215,118.40624737739563,663,"61.632530,61.787056","0.566439,0.284133,0.913412,0.739935,1.127130,0.230024,0.813806,0.471733,0.727719,0.423470,0.766979,1.356620,0.292807,0.602916,0.587570,0.421276,0.388543,0.769195,0.755248,0.490593",,
268,6773,125.0,34.98,0.06764444722006466,1.5649214919943075,124.24568343162537,676,"62.450905,62.668674","0.550614,0.277804,0.906335,0.732094,1.134112,0.221911,0.803982,0.464143,0.721013,0.418580,0.768996,1.356234,0.281129,0.592280,0.579060,0.419186,0.379364,0.764237,0.749140,0.482159",,
269,6799,26.0,35.05,0.066968002747864,0.24437493085861206,125.43073654174805,678,"62.593185,62.798527","0.548691,0.276663,0.905448,0.731030,1.134824,0.220606,0.802350,0.462469,0.720387,0.417669,0.769412,1.356065,0.279432,0.590026,0.577901,0.419107,0.377921,0.763214,0.748267,0.480247",,
270,6909,110.0,35.92,0.06629832272038537,3.2173742909323084,131.33427929878235,689,"63.325401,63.521671","0.534433,0.264093,0.904033,0.724014,1.139237,0.208870,0.793029,0.454632,0.713051,0.405820,0.768836,1.355912,0.263040,0.577036,0.570379,0.420088,0.366568,0.759865,0.745337,0.470008",,
271,6941,32.0,36.09,0.06563533949318151,2.9881260860711336,133.15394115447998,693,"63.586143,63.780277","0.528213,0.259496,0.904293,0.721864,1.140329,0.204857,0.791062,0.451721,0.709153,0.401735,0.769372,1.355811,0.257792,0.573515,0.568965,0.419960,0.363198,0.759293,0.744658,0.466268",,
272,6976,35.0,36.19,0.06497898609824969,3.9084430436293283,134.8391137123108,696,"63.776268,63.957455","0.524193,0.256163,0.904207,0.720508,1.141453,0.201552,0.789565,0.449676,0.706246,0.398666,0.768811,1.355602,0.255137,0.571369,0.568321,0.419284,0.361366,0.758575,0.744373,0.463889",,
273,7008,32.0,36.37,0.0643291962372672,3.8814810862143836,136.44197988510132,699,"63.951256,64.119431","0.520338,0.253276,0.904263,0.719476,1.142474,0.198838,0.788365,0.448449,0.703864,0.396091,0.767779,1.355417,0.252725,0.569252,0.567657,0.418802,0.359674,0.758203,0.744445,0.462462",,
274,7036,28.0,36.46,0.06368590427489453,0.11521822462479274,137.94927287101746,702,"64.115135,64.300972","0.516303,0.250385,0.904163,0.718174,1.143521,0.195972,0.787027,0.447035,0.701252,0.393581,0.766797,1.355235,0.250607,0.567471,0.566734,0.418211,0.358230,0.758025,0.744650,0.461034",,
275,7073,37.0,36.49,0.06304904523214558,3.9120477810502052,139.75275039672852,706,"64.336830,64.534477","0.511639,0.247162,0.903965,0.715983,1.144347,0.192028,0.785445,0.446074,0.698010,0.390767,0.766052,1.354855,0.248596,0.564560,0.565126,0.417032,0.356686,0.757733,0.744991,0.460025",,
276,7102,29.0,36.62,0.06241855477982412,7.863589843114217,141.21325778961182,709,"64.504471,64.706108","0.508357,0.244972,0.905071,0.714391,1.145000,0.189807,0.784902,0.444670,0.695933,0.389145,0.765854,1.354594,0.247084,0.562146,0.563897,0.416339,0.355537,0.756766,0.744872,0.458430",,
277,7282,180.0,38.2,0.06179436923202588,2.2393997651007442,150.2227029800415,727,"65.443214,65.789337","0.488741,0.240791,0.898373,0.699893,1.148511,0.179670,0.774297,0.439037,0.686370,0.387308,0.772895,1.352886,0.234449,0.547892,0.551790,0.414895,0.347913,0.751065,0.737954,0.450533",,
278,7471,189.0,39.87,0.06117642553970562,1.791732473985145,159.60900831222534,746,"66.662865,66.868965","0.471374,0.237926,0.884811,0.686164,1.147941,0.172377,0.761025,0.426266,0.677632,0.385130,0.776936,1.348200,0.221112,0.529675,0.544761,0.411780,0.341270,0.743843,0.731110,0.436633",,
279,7498,27.0,39.94,0.06056466128430856,0.2570522651076317,160.71628403663635,748,"66.786812,66.974815","0.469066,0.237187,0.884116,0.685035,1.147793,0.171300,0.759586,0.424938,0.676236,0.384153,0.776953,1.347910,0.219245,0.527568,0.543817,0.411563,0.340479,0.743577,0.730209,0.434905",,
280,7525,27.0,40.02,0.05995901467146548,0.14673847456773123,162.16728448867798,751,"66.955162,67.150803","0.465205,0.235857,0.883026,0.683430,1.148110,0.169852,0.757754,0.422988,0.672982,0.382700,0.776798,1.347121,0.217127,0.525203,0.542677,0.411084,0.339456,0.743166,0.729242,0.432550",,
281,7552,27.0,40.13,0.05935942452475082,1.5220092833042145,163.50958633422852,754,"67.130699,67.328392","0.461846,0.234474,0.881666,0.681665,1.148223,0.168003,0.755946,0.421334,0.669749,0.381061,0.777089,1.346270,0.215375,0.522707,0.541665,0.410566,0.338581,0.742171,0.728133,0.430066",,
282,7568,16.0,40.05,0.058765830279503314,0.12802094221115112,164.19936800003052,755,"67.193771,67.389099","0.460759,0.233962,0.881222,0.681147,1.148262,0.167408,0.755293,0.420709,0.668839,0.380556,0.777115,1.345893,0.214477,0.521740,0.541264,0.410457,0.338121,0.741617,0.727824,0.429072",,
283,7597,29.0,40.19,0.05817817197670828,1.4538869261741638,165.5804624557495,758,"67.387032,67.575821","0.457335,0.232810,0.879848,0.679208,1.148773,0.166024,0.753324,0.418810,0.666402,0.379454,0.777077,1.344956,0.211968,0.519041,0.539850,0.410024,0.336941,0.739979,0.726488,0.426366",,
284,7650,53.0,40.51,0.057596390256941195,2.1733420186986527,168.33916306495667,764,"67.752266,67.945068","0.449597,0.230450,0.878610,0.675445,1.151077,0.163316,0.749822,0.414981,0.661820,0.376840,0.776800,1.343551,0.207532,0.514597,0.536655,0.408638,0.335114,0.737325,0.723819,0.421648",,
285,7665,15.0,40.5,0.05702042635437178,0.09131200611591339,169.13322138786316,765,"67.805557,68.010498","0.448308,0.229990,0.878433,0.674820,1.151372,0.162824,0.749353,0.414427,0.660985,0.376376,0.776881,1.343232,0.206858,0.513939,0.536167,0.408329,0.334866,0.736897,0.723430,0.420963",,
286,7704,39.0,40.7,0.05645022209082806,2.1344590336084366,171.36344361305237,769,"68.009438,68.252937","0.443237,0.227539,0.877966,0.672502,1.152055,0.160428,0.747858,0.412552,0.657951,0.373789,0.776928,1.342085,0.203357,0.510986,0.534668,0.407406,0.333707,0.735558,0.722283,0.418424",,
287,7745,41.0,40.95,0.05588571986991978,1.011418979614973,173.38227725028992,773,"68.248001,68.488022","0.438171,0.225772,0.876771,0.669688,1.152191,0.158429,0.745991,0.410470,0.654829,0.371798,0.777221,1.340711,0.200020,0.508195,0.532868,0.406476,0.332562,0.734159,0.720625,0.416103",,
288,7763,18.0,40.85,0.055326862671220584,0.08370762318372726,174.44521594047546,775,"68.372284,68.599785","0.435527,0.225268,0.876015,0.668440,1.152188,0.157706,0.745140,0.409487,0.653390,0.371062,0.777591,1.340185,0.198721,0.506877,0.532090,0.406099,0.332113,0.733618,0.719692,0.415142",,
289,7786,23.0,40.84,0.05477359404450838,4.249774716794491,175.58424592018127,777,"68.491821,68.707047","0.433100,0.224605,0.875236,0.667100,1.152307,0.156916,0.744308,0.408716,0.651873,0.370202,0.778082,1.339753,0.197451,0.505640,0.531409,0.405767,0.331665,0.732866,0.718698,0.414080",,
290,7821,35.0,41.02,0.054225858104063294,2.110454870387912,177.3571593761444,781,"68.737091,68.911041","0.429354,0.222794,0.874144,0.664043,1.152177,0.154897,0.742032,0.407305,0.649713,0.368078,0.778823,1.339025,0.193929,0.502928,0.529575,0.404481,0.330658,0.731414,0.716418,0.412409",,
291,7841,20.0,41.0,0.05368359952302266,4.198708742856979,178.2367181777954,783,"68.852211,68.997269","0.427399,0.221952,0.873829,0.662963,1.151704,0.153904,0.741250,0.407406,0.648794,0.366999,0.779182,1.338788,0.191918,0.501110,0.528998,0.403947,0.330186,0.730527,0.715608,0.412222",,
292,7856,15.0,40.98,0.053146763527792434,0.1182512566447258,178.8099410533905,784,"68.907043,69.048225","0.426333,0.221423,0.873650,0.662340,1.151550,0.153441,0.740872,0.407384,0.648168,0.366423,0.779416,1.338647,0.190905,0.500279,0.528659,0.403749,0.329904,0.730086,0.715111,0.412098",,
293,7893,37.0,41.19,0.052615295892514506,5.21115505695343,180.57632851600647,788,"69.110565,69.229729","0.422703,0.219159,0.874151,0.660281,1.151256,0.151905,0.740778,0.407596,0.645452,0.364401,0.779181,1.337987,0.187681,0.497509,0.528307,0.402964,0.328993,0.728595,0.714263,0.411634",,
294,7915,22.0,41.25,0.052089142933589364,0.13613425940275192,181.52792286872864,790,"69.205498,69.330894","0.421295,0.217780,0.874216,0.658881,1.151302,0.150826,0.740525,0.407153,0.643733,0.362955,0.779001,1.337715,0.186427,0.496430,0.527751,0.402595,0.328662,0.727993,0.713921,0.410873",,
295,7939,24.0,41.23,0.05156825150425347,4.1704323291778564,182.64374589920044,792,"69.286354,69.439644","0.419739,0.216461,0.874044,0.657649,1.151191,0.149642,0.740053,0.406954,0.641971,0.361506,0.779186,1.337475,0.185296,0.495333,0.526873,0.402311,0.328329,0.727329,0.713475,0.410112",,
296,7995,56.0,41.56,0.051052568989210935,2.849397266904513,185.3798267841339,798,"69.499809,69.745567","0.414997,0.213981,0.872952,0.655075,1.150933,0.146348,0.738331,0.407013,0.637299,0.358439,0.780100,1.336444,0.182226,0.492795,0.523994,0.400970,0.327608,0.724958,0.712093,0.408492",,
297,8040,45.0,41.77,0.05054204329931883,1.7116787508130074,187.82664895057678,803,"69.725479,69.985306","0.409103,0.212740,0.871438,0.652812,1.151080,0.143231,0.736201,0.407530,0.633382,0.356722,0.780583,1.335536,0.178895,0.490705,0.521770,0.399652,0.326920,0.722403,0.711258,0.408263",,
298,8069,29.0,41.86,0.05003662286632564,2.203769162297249,189.0945429801941,805,"69.824684,70.082306","0.406852,0.212488,0.871532,0.651738,1.151443,0.142104,0.735117,0.407228,0.631930,0.356112,0.781114,1.335216,0.177716,0.490316,0.520429,0.399006,0.326955,0.721707,0.710760,0.407893",,
299,8083,14.0,41.84,0.04953625663766238,2.240980438888073,189.96092057228088,807,"69.930801,70.171371","0.404761,0.212346,0.871753,0.650762,1.151447,0.141033,0.734062,0.407050,0.630811,0.355477,0.781781,1.334872,0.176279,0.489426,0.519236,0.398264,0.327108,0.720809,0.710340,0.407423",22.6,5.0039984012787215
300,8100,17.0,41.73,0.04904089407128576,2.1423795334994793,190.84360122680664,809,"70.023735,70.267563","0.402864,0.212007,0.872012,0.649786,1.151363,0.140128,0.733190,0.406564,0.629725,0.354748,0.782264,1.334464,0.174953,0.488539,0.518176,0.397595,0.327214,0.720114,0.710017,0.406655",,
301,8126,26.0,41.79,0.0485504851305729,4.3384621143341064,191.9737069606781,811,"70.116997,70.368080","0.401205,0.211650,0.872014,0.648670,1.150925,0.139234,0.732454,0.406253,0.628788,0.353947,0.782650,1.334057,0.173718,0.487172,0.517285,0.396888,0.327293,0.719090,0.709768,0.405888",,
302,8167,41.0,42.03,0.048064980279267165,2.314450368285179,194.07288098335266,815,"70.333206,70.552979","0.397522,0.209900,0.872204,0.646013,1.149028,0.136488,0.730678,0.406361,0.626076,0.351778,0.782534,1.333871,0.170699,0.482564,0.515101,0.395842,0.326927,0.715518,0.709963,0.404281",,
303,8194,27.0,42.15,0.04758433047647449,0.10577260702848434,195.6847791671753,818,"70.507050,70.718124","0.393849,0.208731,0.871626,0.643197,1.148196,0.134385,0.728694,0.405528,0.623445,0.350201,0.782197,1.334026,0.167866,0.479158,0.513006,0.395048,0.326341,0.712514,0.709408,0.402495",,
304,8220,26.0,42.26,0.04710848717170975,1.5689161817232768,197.10011339187622,821,"70.669182,70.897430","0.390090,0.208040,0.870397,0.639834,1.147241,0.132548,0.726760,0.404201,0.620869,0.348999,0.782347,1.334133,0.165399,0.476363,0.511226,0.393805,0.325630,0.709620,0.708477,0.400334",,
305,8319,99.0,43.01,0.04663740229999265,1.5352936585744221,201.9081802368164,830,"71.164810,71.372025","0.379984,0.207670,0.866737,0.631625,1.144738,0.127995,0.721692,0.398916,0.613094,0.346652,0.783256,1.334117,0.160155,0.470497,0.507542,0.389416,0.324056,0.703265,0.705524,0.393248",,
306,8334,15.0,42.97,0.04617102827699272,8.659285545349121,202.7383120059967,832,"71.271233,71.477028","0.377779,0.207587,0.865820,0.630385,1.144288,0.127152,0.720671,0.397821,0.611496,0.346269,0.783554,1.333851,0.159201,0.469428,0.506965,0.388465,0.323896,0.702187,0.704959,0.391812",,
307,8474,140.0,44.17,0.045709317994222794,4.300728102347681,209.8127281665802,846,"71.922615,72.162506","0.365951,0.205894,0.860616,0.622274,1.139467,0.121738,0.717646,0.394175,0.602372,0.342539,0.787820,1.331539,0.152943,0.462058,0.504877,0.384280,0.323341,0.695804,0.703376,0.384436",,
308,8587,113.0,45.05,0.04525222481428057,2.0588952993804757,215.66452074050903,857,"72.453056,72.759422","0.358596,0.201869,0.859279,0.616653,1.136911,0.118424,0.713773,0.386267,0.595323,0.339149,0.790568,1.328889,0.148597,0.457434,0.501770,0.381664,0.322616,0.692194,0.701325,0.376088",,
309,8678,91.0,45.77,0.04479970256613776,2.526373705102338,220.3458743095398,866,"72.983322,73.193626","0.349928,0.199285,0.860003,0.612078,1.136023,0.115563,0.710481,0.379952,0.589994,0.337222,0.791125,1.327124,0.144046,0.452047,0.499057,0.380603,0.321903,0.689429,0.699977,0.369848",,
310,8784,106.0,46.62,0.04435170554047638,2.1076177514412184,225.80372428894043,877,"73.576447,73.749908","0.342845,0.195503,0.858315,0.605182,1.132163,0.110788,0.705321,0.376537,0.585480,0.333583,0.792022,1.324351,0.139072,0.440074,0.495278,0.379770,0.320330,0.682812,0.698098,0.362289",,
311,8979,195.0,48.32,0.043908188485071616,1.713522070920781,235.00079941749573,896,"74.441895,74.533714","0.335092,0.195859,0.857444,0.592345,1.126159,0.105193,0.697927,0.370691,0.581640,0.333592,0.795369,1.319320,0.133604,0.421496,0.487370,0.373650,0.314965,0.666679,0.692324,0.351629",,
312,9116,137.0,44.77,0.0434691066002209,0.7062870508858136,241.43386840820312,910,"75.069206,75.192398","0.328585,0.194619,0.855751,0.585148,1.126679,0.104270,0.691016,0.360577,0.578500,0.332883,0.795412,1.314537,0.128633,0.412785,0.481100,0.368639,0.312268,0.658712,0.685991,0.344404",,
313,9330,214.0,46.7,0.04303441553421869,1.2958993866023691,252.4949791431427,932,"76.013168,76.150871","0.315289,0.187546,0.847474,0.573217,1.123711,0.097307,0.679348,0.351161,0.565868,0.325042,0.793781,1.311280,0.119403,0.402652,0.472795,0.366504,0.311646,0.651273,0.677395,0.334430",,
314,9445,115.0,46.63,0.0426040713788765,2.9850772107866677,258.62323927879333,943,"76.482246,76.480896","0.310457,0.186815,0.844293,0.570702,1.122376,0.094153,0.677534,0.351534,0.562436,0.324951,0.794037,1.307815,0.114486,0.397962,0.471780,0.363717,0.309314,0.645491,0.675760,0.334120",,
315,9461,16.0,45.24,0.04217803066508773,0.09356793761253357,259.6558690071106,945,"76.569069,76.551666","0.309295,0.186981,0.844031,0.569929,1.122478,0.093642,0.677164,0.351560,0.562235,0.324698,0.793822,1.307338,0.112598,0.396690,0.471082,0.363270,0.309410,0.644912,0.675156,0.334078",,
316,9486,25.0,45.36,0.04175625035843686,4.6537699699401855,260.97723412513733,947,"76.643982,76.629448","0.308108,0.187250,0.843625,0.569077,1.122629,0.093152,0.676834,0.351700,0.562073,0.324555,0.793961,1.306937,0.110712,0.395502,0.470289,0.362982,0.309546,0.644148,0.674371,0.334079",,
317,9510,24.0,44.45,0.041338687854852486,1.5787173509597778,262.3928711414337,950,"76.756477,76.747894","0.306626,0.187439,0.842398,0.567973,1.122469,0.092641,0.675880,0.351748,0.561764,0.324343,0.793558,1.306186,0.108449,0.393720,0.468971,0.362521,0.309962,0.642875,0.673332,0.334196",,
318,9529,19.0,44.48,0.04092530097630396,0.22157128155231476,263.0684304237366,951,"76.792419,76.802589","0.306195,0.186675,0.841767,0.567618,1.122213,0.092209,0.675428,0.351692,0.560963,0.323689,0.793197,1.305861,0.107738,0.393080,0.468431,0.362433,0.310046,0.642398,0.673180,0.334141",,
319,9552,23.0,44.54,0.040516047966540916,3.1204132015506425,264.1837878227234,954,"76.876411,76.965164","0.305660,0.184641,0.840211,0.566727,1.121368,0.091060,0.674079,0.351626,0.558961,0.321978,0.792588,1.304957,0.106040,0.391527,0.466755,0.362518,0.310335,0.641068,0.672820,0.333771",,
320,9569,17.0,44.54,0.04011088748687551,4.67283821105957,264.8979711532593,955,"76.905418,77.017448","0.305519,0.183804,0.839726,0.566649,1.121065,0.090737,0.673650,0.351678,0.558256,0.321301,0.792275,1.304633,0.105545,0.391012,0.466293,0.362585,0.310428,0.640625,0.672817,0.333713",,
321,9589,20.0,44.51,0.03970977861200675,4.695741750299931,265.9694142341614,957,"76.967499,77.120018","0.305060,0.182119,0.838980,0.566674,1.120384,0.090206,0.672933,0.351811,0.556800,0.319998,0.791544,1.303820,0.104688,0.389979,0.465673,0.362698,0.310656,0.639776,0.673167,0.333455",,
322,9704,115.0,45.51,0.03931268082588668,2.350932292640209,271.7302429676056,969,"77.405869,77.628922","0.299229,0.175889,0.837145,0.566232,1.116441,0.087737,0.671246,0.351579,0.549052,0.314148,0.792189,1.300279,0.100743,0.385749,0.463423,0.360146,0.312649,0.633752,0.671087,0.333148",,
323,9730,26.0,45.63,0.03891955401762781,1.6156641418735187,273.0607578754425,972,"77.540016,77.754120","0.297370,0.174828,0.835645,0.564721,1.115533,0.086406,0.669913,0.351799,0.547036,0.312913,0.792590,1.299784,0.099397,0.383886,0.462004,0.359623,0.312735,0.631241,0.669547,0.332978",,
324,9845,115.0,46.53,0.03853035847745153,1.7601382867856459,278.8591105937958,983,"78.014923,78.147934","0.294740,0.172107,0.829925,0.559874,1.110582,0.081616,0.664053,0.352552,0.542133,0.309325,0.791379,1.296764,0.096440,0.376232,0.457582,0.356454,0.313108,0.623628,0.666223,0.331128",,
325,9958,113.0,47.45,0.03814505489267701,4.733521130274642,284.233033657074,994,"78.422531,78.546181","0.290268,0.170184,0.826404,0.556761,1.104828,0.076527,0.661131,0.355361,0.538350,0.305817,0.793772,1.293473,0.091704,0.367820,0.454346,0.354116,0.313634,0.619644,0.663413,0.329906",,
326,9985,27.0,47.41,0.03776360434375024,3.2111879040797553,285.5826675891876,997,"78.553566,78.661392","0.288569,0.169557,0.825723,0.556165,1.103080,0.075211,0.660056,0.355691,0.537093,0.304428,0.794085,1.292336,0.089885,0.365371,0.453106,0.353125,0.314149,0.619295,0.662730,0.329633",,
327,10140,155.0,48.81,0.03738596830031274,2.68973791715689,294.56813788414,1013,"79.223946,79.331238","0.283697,0.164353,0.819560,0.552659,1.095589,0.069991,0.651652,0.355001,0.527877,0.298173,0.793920,1.286202,0.084303,0.358211,0.447574,0.350436,0.316764,0.614927,0.660047,0.324734",,
328,10167,27.0,48.81,0.03701210861730961,2.4542397391051054,295.8072464466095,1015,"79.313614,79.418190","0.282142,0.163849,0.819459,0.551748,1.095193,0.069286,0.651046,0.354446,0.526543,0.297338,0.794162,1.285678,0.083112,0.357148,0.447024,0.349991,0.317203,0.614349,0.659791,0.323916",,
329,10192,25.0,48.86,0.03664198753113651,4.826331774393718,297.10888051986694,1018,"79.427818,79.558807","0.280076,0.162577,0.820033,0.550152,1.094810,0.067953,0.650458,0.353530,0.523817,0.295852,0.794547,1.284965,0.081666,0.355875,0.446540,0.349526,0.317720,0.613620,0.660001,0.322131",,
330,10381,189.0,50.49,0.036275567655825146,1.8272061825386787,306.7021074295044,1037,"80.193954,80.257576","0.271332,0.155362,0.821948,0.543851,1.086958,0.061901,0.645965,0.346687,0.511027,0.287214,0.794592,1.280033,0.074552,0.346533,0.443927,0.344543,0.321382,0.605635,0.660563,0.314660",,
331,10409,28.0,50.53,0.03591281197926689,7.203476762399077,308.12699699401855,1039,"80.257683,80.335190","0.270903,0.154205,0.822437,0.543906,1.085110,0.061271,0.645360,0.346986,0.509780,0.286107,0.794610,1.279487,0.073985,0.344929,0.443376,0.344564,0.321599,0.603765,0.660973,0.314324",,
332,10433,24.0,50.47,0.035553683859474224,1.6609418205916882,309.7284252643585,1042,"80.344810,80.468063","0.270247,0.152640,0.822561,0.543281,1.082682,0.060154,0.644288,0.347282,0.507809,0.284661,0.794399,1.278615,0.073386,0.342845,0.442326,0.344320,0.321742,0.601406,0.661460,0.313715",,
333,10450,17.0,50.49,0.03519814702087948,0.03951746225357056,310.7379674911499,1044,"80.404030,80.554214","0.269851,0.151498,0.822436,0.542852,1.081121,0.059141,0.643520,0.347594,0.506387,0.283605,0.794210,1.278064,0.073071,0.341594,0.441624,0.344067,0.321871,0.600097,0.661867,0.313487",,
334,10475,25.0,50.49,0.03484616555067068,2.3964999616146088,311.92039132118225,1046,"80.462997,80.638229","0.269237,0.151070,0.821761,0.542271,1.080007,0.058133,0.642733,0.348029,0.505221,0.283054,0.794133,1.277534,0.072733,0.340515,0.440771,0.343958,0.321910,0.598836,0.661806,0.313278",,
335,10691,216.0,52.5,0.034497703895163975,2.2471321676011113,323.55784821510315,1068,"81.265244,81.343338","0.262941,0.146881,0.811777,0.533501,1.072889,0.047326,0.635250,0.352470,0.494938,0.275876,0.793681,1.274047,0.067179,0.330945,0.436474,0.341222,0.324151,0.586068,0.661597,0.310653",,
336,10708,17.0,52.5,0.03415272685621234,0.027589650824666023,324.33714747428894,1069,"81.290207,81.378784","0.262968,0.146820,0.811260,0.533072,1.072681,0.047074,0.634896,0.352529,0.494670,0.275757,0.793707,1.273851,0.067132,0.330851,0.436184,0.341036,0.324190,0.585689,0.661323,0.310641",,
337,10729,21.0,52.45,0.03381119958765021,2.5008097514510155,325.4007568359375,1071,"81.333237,81.454262","0.263071,0.146547,0.810151,0.532231,1.071998,0.046666,0.634196,0.352833,0.494002,0.275396,0.793919,1.273459,0.067134,0.330613,0.435600,0.340755,0.324298,0.584856,0.660637,0.310584",,
338,10754,25.0,52.53,0.03347308759177371,6.544417222340901,326.84302377700806,1074,"81.417999,81.541763","0.263244,0.145896,0.809122,0.532001,1.070272,0.046383,0.633668,0.353799,0.493051,0.274572,0.794118,1.272892,0.067006,0.329622,0.435717,0.340578,0.324729,0.583332,0.660467,0.310717",,
339,10782,28.0,52.59,0.03313835671585597,3.354816017051538,328.32766604423523,1077,"81.519547,81.625305","0.263108,0.145046,0.808820,0.532105,1.067988,0.046231,0.633262,0.354818,0.491837,0.273526,0.794375,1.272300,0.066614,0.327876,0.435869,0.340601,0.325170,0.581304,0.660528,0.310919",,
340,10805,23.0,52.68,0.03280697314869741,0.03116951882839203,329.27909684181213,1079,"81.586754,81.674477","0.263036,0.144467,0.808871,0.532224,1.066414,0.046100,0.633040,0.355497,0.491095,0.272636,0.794535,1.271951,0.066285,0.326415,0.435978,0.340615,0.325501,0.579999,0.660681,0.310990",,
341,10821,16.0,52.64,0.032478903417210436,0.09101669490337372,330.13233518600464,1081,"81.658600,81.724075","0.262941,0.144044,0.808945,0.532032,1.064706,0.045913,0.632622,0.356018,0.490474,0.271925,0.794719,1.271628,0.065980,0.324763,0.435678,0.340478,0.325658,0.578226,0.660520,0.311093",,
342,10839,18.0,52.56,0.032154114383038335,4.929527282714844,330.8083596229553,1082,"81.693260,81.748680","0.262816,0.143859,0.808996,0.531994,1.063984,0.045807,0.632460,0.356324,0.490147,0.271620,0.794796,1.271463,0.065785,0.323991,0.435561,0.340420,0.325704,0.577378,0.660424,0.311207",,
343,10866,27.0,52.67,0.03183257323920795,1.6628878215948741,332.1935431957245,1085,"81.796494,81.824654","0.262220,0.143422,0.808596,0.531496,1.062343,0.045360,0.631722,0.357139,0.489180,0.270834,0.794813,1.271007,0.065104,0.321856,0.435059,0.340218,0.325891,0.574985,0.659977,0.311504",,
344,10884,18.0,52.66,0.03151424750681587,2.5887241438031197,333.0986499786377,1087,"81.865067,81.870552","0.261938,0.143096,0.808555,0.531226,1.061589,0.045080,0.631192,0.357467,0.488665,0.270506,0.794589,1.270567,0.064747,0.320561,0.434781,0.339921,0.325845,0.573335,0.659928,0.311560",,
345,10905,21.0,52.58,0.03119910503174771,2.5294234976172447,334.2005527019501,1089,"81.943283,81.924294","0.261629,0.142348,0.808884,0.530980,1.060696,0.044564,0.630508,0.357724,0.487945,0.269926,0.794141,1.270040,0.064359,0.318737,0.434196,0.339676,0.325668,0.571076,0.660208,0.311470",,
346,10922,17.0,52.6,0.030887113981430233,0.04630313068628311,335.1424345970154,1091,"82.017723,81.992805","0.261097,0.141664,0.808875,0.530598,1.059704,0.044107,0.629741,0.357876,0.487090,0.269358,0.793666,1.269479,0.063864,0.317045,0.433499,0.339484,0.325518,0.568921,0.660278,0.311405",,
347,10942,20.0,52.45,0.03057824284161593,0.04968792386353016,336.1854040622711,1093,"82.090401,82.069504","0.260526,0.140896,0.808567,0.530210,1.058682,0.043681,0.628897,0.358083,0.485910,0.268591,0.793148,1.269021,0.063304,0.315500,0.432755,0.339345,0.325424,0.567029,0.660097,0.311377",,
348,10967,25.0,52.45,0.03027246041319977,2.5353522673249245,337.3811423778534,1095,"82.161163,82.148567","0.259935,0.140266,0.808226,0.529932,1.057614,0.043304,0.628170,0.358173,0.484715,0.267838,0.792718,1.268553,0.062707,0.314157,0.432191,0.339035,0.325417,0.565334,0.659944,0.311258",,
349,10983,16.0,52.45,0.029969735809067772,9.88679718831554,338.24403285980225,1097,"82.225380,82.214539","0.259304,0.139717,0.808597,0.530122,1.056559,0.042873,0.627995,0.358538,0.483553,0.267050,0.792621,1.268108,0.061959,0.312726,0.432164,0.338762,0.325629,0.563602,0.660158,0.311043",20.2,2.315167380558045
350,11000,17.0,52.31,0.029670038450977095,0.051512522622942924,339.2162878513336,1099,"82.273849,82.282188","0.258915,0.139217,0.808651,0.529947,1.055852,0.042303,0.627742,0.358773,0.482442,0.266293,0.792642,1.267719,0.061335,0.311659,0.431937,0.338497,0.325730,0.562096,0.660180,0.310605",,
351,11023,23.0,52.36,0.029373338066467324,0.041962169110774994,340.37730646133423,1101,"82.319122,82.354034","0.258549,0.138991,0.808448,0.529391,1.055209,0.041796,0.627434,0.358970,0.481525,0.265750,0.792629,1.267327,0.060833,0.310633,0.431682,0.337995,0.325679,0.560589,0.660093,0.310170",,
352,11041,18.0,50.16,0.02907960468580265,4.874426171183586,341.3789966106415,1103,"82.362961,82.420601","0.258186,0.138185,0.808544,0.529320,1.054785,0.041467,0.627344,0.359547,0.480662,0.265321,0.792066,1.266785,0.060462,0.309926,0.431420,0.337387,0.325454,0.559185,0.660460,0.310834",,
353,11060,19.0,50.2,0.028788808638944622,4.960766754113138,342.471009016037,1105,"82.410629,82.477074","0.257823,0.137448,0.808841,0.529674,1.054348,0.041241,0.627449,0.360234,0.479905,0.264982,0.791500,1.266261,0.060021,0.309240,0.431589,0.336938,0.325237,0.557857,0.661121,0.311377",,
354,11085,25.0,48.9,0.028500920552555174,0.036499546840786934,343.73180770874023,1107,"82.457817,82.536201","0.257501,0.136908,0.808877,0.529731,1.053933,0.041031,0.627398,0.360658,0.479198,0.264701,0.791086,1.265833,0.059580,0.308615,0.431510,0.336618,0.325112,0.556592,0.661415,0.311697",,
355,11109,24.0,48.96,0.028215911347029624,2.5047865780070424,344.9398488998413,1109,"82.498604,82.597595","0.257083,0.136362,0.808937,0.529467,1.053559,0.040753,0.627343,0.361030,0.478491,0.264328,0.790972,1.265529,0.059094,0.307917,0.431248,0.336480,0.325064,0.555383,0.661533,0.311736",,
356,11218,109.0,49.88,0.027933752233559327,0.5162723675708879,350.6999933719635,1120,"82.816025,82.936668","0.254730,0.134461,0.807786,0.526968,1.050868,0.038604,0.625177,0.362197,0.475037,0.260977,0.789842,1.263095,0.056007,0.301601,0.427729,0.336002,0.326616,0.550261,0.660102,0.312218",,
357,11313,95.0,50.65,0.027654414711223735,3.010955520160496,355.6758146286011,1130,"83.136909,83.203102","0.251556,0.133119,0.808582,0.526176,1.048286,0.035891,0.624058,0.365187,0.470749,0.258766,0.790109,1.261055,0.053250,0.295973,0.425298,0.335224,0.326385,0.543380,0.659719,0.312663",,
358,11341,28.0,50.77,0.027377870564111496,1.6989238150417805,357.1797733306885,1133,"83.201317,83.304825","0.250958,0.132313,0.808922,0.526074,1.047349,0.035262,0.623462,0.365892,0.468961,0.257798,0.790753,1.260396,0.052524,0.294842,0.424136,0.334472,0.326581,0.541947,0.659276,0.312632",,
359,11369,28.0,49.7,0.027104091858470382,5.029972563032061,358.57508659362793,1135,"83.242149,83.364174","0.250690,0.131732,0.809740,0.526241,1.046943,0.034989,0.623243,0.366199,0.467921,0.257319,0.791111,1.259806,0.052169,0.294342,0.423642,0.333802,0.326629,0.541157,0.659249,0.312660",,
360,11493,124.0,50.57,0.026833050939885677,2.350405915138813,365.867315530777,1148,"83.589684,83.775688","0.249086,0.130000,0.811729,0.522876,1.041697,0.034914,0.622060,0.365547,0.462960,0.254111,0.794009,1.257244,0.049605,0.289096,0.421035,0.331487,0.328279,0.535863,0.657674,0.309814",,
361,11536,43.0,50.71,0.02656472043048682,1.2828249607700855,367.9951105117798,1152,"83.737221,83.858643","0.248726,0.129687,0.811655,0.522274,1.040010,0.034894,0.621679,0.365313,0.462106,0.253080,0.793895,1.256641,0.048866,0.287162,0.420778,0.331274,0.328834,0.534522,0.657359,0.309208",,
362,11641,105.0,51.6,0.02629907322618195,5.06729686581953,374.02865409851074,1163,"84.033699,84.074043","0.247862,0.128268,0.813070,0.522759,1.035452,0.034302,0.621876,0.368848,0.459448,0.250205,0.796736,1.255511,0.046971,0.282564,0.420813,0.332380,0.330675,0.530218,0.656600,0.308962",,
363,11671,30.0,51.73,0.026036082493920133,5.073484517633915,375.88098192214966,1166,"84.090538,84.133835","0.247629,0.127729,0.814774,0.523428,1.034551,0.034075,0.623155,0.370760,0.458582,0.249509,0.798546,1.255117,0.046443,0.281547,0.421349,0.332642,0.330998,0.529087,0.656772,0.309259",,
364,11695,24.0,51.8,0.02577572166898093,0.05035012401640415,377.3396728038788,1168,"84.129318,84.189438","0.247466,0.127218,0.815431,0.523610,1.033697,0.034046,0.623672,0.371730,0.457588,0.248835,0.799531,1.254783,0.046154,0.280833,0.421474,0.332763,0.331238,0.528305,0.656655,0.309232",,
365,11731,36.0,51.3,0.025517964452291122,1.2697653016075492,379.5371949672699,1172,"84.206879,84.320129","0.247388,0.126287,0.815306,0.523635,1.031822,0.034283,0.623831,0.373039,0.455379,0.247898,0.800792,1.253999,0.046173,0.280131,0.421498,0.332768,0.331609,0.526425,0.656300,0.309173",,
366,11791,60.0,51.64,0.02526278480776821,0.8593851327896118,383.3929035663605,1178,"84.368568,84.531654","0.246748,0.124495,0.813393,0.522638,1.029337,0.033920,0.622623,0.373865,0.451381,0.245849,0.800350,1.252778,0.045742,0.278652,0.420690,0.332575,0.332134,0.524072,0.655694,0.309138",,
367,11848,57.0,52.0,0.025010156959690527,1.0662670716643334,386.7782549858093,1183,"84.552071,84.650223","0.245859,0.123328,0.811772,0.521841,1.028038,0.032999,0.621553,0.375122,0.449462,0.243756,0.799382,1.251932,0.044606,0.275840,0.419558,0.332234,0.333040,0.521915,0.654949,0.310175",,
368,11878,30.0,51.05,0.02476005539009362,0.050158595045407615,388.50109219551086,1186,"84.665588,84.734116","0.245331,0.122836,0.810770,0.521001,1.026610,0.032559,0.620564,0.375581,0.448483,0.242242,0.798772,1.251457,0.043682,0.273520,0.418410,0.332156,0.333840,0.520412,0.654264,0.310312",,
369,11912,34.0,51.13,0.024512454836192684,1.317751720547676,390.7762248516083,1190,"84.799835,84.858261","0.244686,0.122184,0.809239,0.519745,1.024827,0.031909,0.619252,0.376032,0.446935,0.240407,0.797869,1.250823,0.042665,0.271062,0.416790,0.331899,0.334626,0.518379,0.653196,0.310267",,
370,11942,30.0,50.33,0.024267330287830756,5.05998412022988,392.8955981731415,1193,"84.874863,84.950653","0.244103,0.121579,0.807897,0.519554,1.023694,0.031726,0.618770,0.377471,0.445352,0.239212,0.798134,1.250285,0.042088,0.269621,0.416096,0.332102,0.335231,0.516657,0.652341,0.310402",,
371,11982,40.0,50.41,0.024024656984952448,1.268778067547828,395.633296251297,1197,"84.979836,85.078705","0.243368,0.120918,0.805296,0.519038,1.022305,0.031786,0.617444,0.378658,0.443314,0.238194,0.798143,1.249498,0.041535,0.268264,0.415136,0.332600,0.335969,0.514518,0.651088,0.310239",,
372,12094,112.0,51.18,0.023784410415102923,1.8888017699461093,402.9844126701355,1208,"85.296936,85.417923","0.242055,0.117770,0.799946,0.516726,1.017854,0.031977,0.613582,0.380285,0.437900,0.235193,0.798193,1.247367,0.040673,0.265073,0.412660,0.334023,0.337306,0.509382,0.649403,0.308533",,
373,12146,52.0,51.38,0.023546566310951894,2.0858794283121824,406.81522703170776,1213,"85.449532,85.551834","0.241320,0.116948,0.797913,0.515920,1.016303,0.032040,0.612046,0.381240,0.436124,0.234212,0.798465,1.246653,0.040292,0.263423,0.412113,0.334885,0.338086,0.507161,0.648457,0.307700",,
374,12194,48.0,51.58,0.023311100647842375,2.0847121462225915,410.0254416465759,1218,"85.610023,85.695923","0.240194,0.116686,0.796018,0.514268,1.014860,0.031983,0.610411,0.381861,0.434547,0.233366,0.799138,1.246151,0.039647,0.261480,0.411330,0.335635,0.338846,0.504748,0.647042,0.306298",,
375,12239,45.0,51.66,0.02307798964136395,3.904305227100849,413.06926345825195,1222,"85.734230,85.813309","0.239969,0.116134,0.794386,0.513106,1.013330,0.032081,0.609041,0.382009,0.432677,0.232316,0.799195,1.245584,0.039215,0.260185,0.410935,0.335891,0.339403,0.502893,0.646080,0.305255",,
376,12349,110.0,52.47,0.022847209744950314,1.4434027842838655,420.80793952941895,1233,"86.071274,86.146347","0.238646,0.114040,0.790307,0.509872,1.008536,0.031976,0.605154,0.381249,0.426302,0.229247,0.798489,1.243591,0.038468,0.257114,0.410241,0.336334,0.339605,0.497436,0.644272,0.303085",,
377,12382,33.0,51.0,0.02261873764750081,0.02872455818578601,423.3219029903412,1237,"86.196434,86.255753","0.237539,0.113685,0.788609,0.508899,1.006959,0.031934,0.603838,0.380976,0.424342,0.228438,0.798265,1.242931,0.038242,0.255883,0.409829,0.336543,0.339733,0.495374,0.643215,0.302578",,
378,12481,99.0,50.1,0.022392550271025803,1.5854609892703593,430.0421757698059,1247,"86.451378,86.562874","0.235767,0.113879,0.784151,0.505931,1.002865,0.032486,0.600655,0.381123,0.421187,0.227604,0.799028,1.241149,0.038368,0.253394,0.407830,0.337134,0.340538,0.490365,0.639322,0.300962",,
379,12579,98.0,50.81,0.022168624768315544,2.34797225975328,436.25496912002563,1256,"86.736343,86.839233","0.233439,0.113626,0.780061,0.502455,1.000064,0.032163,0.597100,0.380226,0.417935,0.225737,0.798683,1.239895,0.037747,0.249963,0.405590,0.337232,0.341553,0.486580,0.635673,0.299239",,
380,12616,37.0,50.91,0.02194693852063239,2.645397416315973,438.7504515647888,1260,"86.856819,86.942177","0.232341,0.113138,0.779581,0.502177,0.998598,0.032042,0.596252,0.380538,0.416268,0.224849,0.798415,1.239348,0.037506,0.248524,0.405407,0.337189,0.342055,0.485223,0.635521,0.299200",,
381,12719,103.0,51.67,0.021727469135426065,3.1746999328024685,445.30297923088074,1270,"87.148880,87.190720","0.229897,0.110755,0.777705,0.502837,0.994740,0.031173,0.594877,0.382415,0.410896,0.222323,0.796666,1.237528,0.036727,0.245276,0.407006,0.337222,0.342970,0.481413,0.637564,0.299672",,
382,12752,33.0,51.84,0.021510194444071803,1.3300930233672261,447.4937467575073,1274,"87.227501,87.292961","0.229357,0.109961,0.776973,0.502932,0.993291,0.030732,0.594562,0.383436,0.408950,0.221349,0.796538,1.237002,0.036406,0.244156,0.407412,0.337604,0.343274,0.479885,0.637964,0.299726",,
383,12786,34.0,51.89,0.021295092499631085,1.7695015259087086,449.35698199272156,1277,"87.285454,87.383072","0.228986,0.109435,0.776115,0.502702,0.992245,0.030495,0.594060,0.383962,0.407619,0.220589,0.796400,1.236676,0.036128,0.243128,0.407248,0.337960,0.343558,0.478675,0.637821,0.299609",,
384,12827,41.0,51.77,0.021082141574634772,1.3499572221189737,452.02824544906616,1281,"87.377876,87.505547","0.228916,0.108865,0.774674,0.501889,0.990578,0.030183,0.592927,0.384517,0.406518,0.219319,0.796107,1.236350,0.035839,0.241410,0.406471,0.338342,0.344198,0.477304,0.637142,0.299240",,
385,12929,102.0,52.64,0.020871320158888425,2.141223963908851,458.22694420814514,1291,"87.677353,87.749359","0.227940,0.108327,0.770620,0.500438,0.987236,0.029113,0.590714,0.385760,0.404106,0.216500,0.794370,1.235478,0.034472,0.236813,0.405588,0.339230,0.345305,0.473417,0.635533,0.298414",,
386,12973,44.0,52.69,0.020662606957299542,1.0397828627377748,460.6770784854889,1296,"87.810898,87.882401","0.227661,0.108418,0.767142,0.499155,0.985343,0.028811,0.589016,0.386045,0.403013,0.215252,0.793036,1.234940,0.033884,0.234420,0.404739,0.339908,0.345922,0.471326,0.633919,0.297427",,
387,13070,97.0,53.25,0.020455980887726547,3.205532105267048,466.76126503944397,1306,"88.012535,88.166489","0.227552,0.105203,0.761760,0.498976,0.983150,0.027478,0.586999,0.388994,0.398417,0.211286,0.791468,1.233542,0.033314,0.230159,0.405432,0.342471,0.346619,0.465331,0.632680,0.296599",,
388,13175,105.0,54.12,0.02025142107884928,2.147504599671811,475.6432399749756,1316,"88.267303,88.458008","0.227686,0.103241,0.756624,0.496818,0.979923,0.027448,0.584040,0.389180,0.392748,0.209597,0.789106,1.231079,0.033751,0.228728,0.405167,0.343314,0.347250,0.460087,0.631458,0.294576",,
389,13281,106.0,54.95,0.020048906868060788,2.9252670468254522,482.3560073375702,1327,"88.596542,88.691582","0.227157,0.102432,0.751615,0.494799,0.975060,0.027263,0.580913,0.390805,0.388526,0.208052,0.789487,1.229254,0.034121,0.225128,0.405556,0.345835,0.348775,0.453811,0.629517,0.292375",,
390,13322,41.0,55.01,0.01984841779938018,1.3783314563333988,484.8542411327362,1331,"88.711060,88.777786","0.226158,0.102861,0.749825,0.494228,0.973895,0.027258,0.579448,0.391000,0.387141,0.208371,0.789295,1.228344,0.034267,0.224359,0.405795,0.346411,0.348870,0.451679,0.629008,0.291321",,
391,13364,42.0,55.23,0.019649933621386378,0.03038894711062312,487.5560977458954,1335,"88.826088,88.888741","0.225236,0.103513,0.747809,0.492810,0.972891,0.027205,0.577186,0.390248,0.385621,0.208639,0.788304,1.227299,0.034351,0.223768,0.405369,0.346381,0.348900,0.449871,0.628282,0.289014",,
392,13460,96.0,56.04,0.019453434285172513,1.1000330007635057,493.61522150039673,1345,"89.099716,89.165596","0.224384,0.105482,0.743145,0.490357,0.968919,0.028092,0.571686,0.388366,0.383256,0.208653,0.784374,1.224864,0.033985,0.220598,0.402983,0.345740,0.349807,0.445503,0.625905,0.285688",,
393,13496,36.0,56.03,0.019258899942320787,0.03069729171693325,495.77767062187195,1348,"89.192314,89.257896","0.223908,0.105199,0.742001,0.489613,0.967793,0.027807,0.570053,0.387580,0.381600,0.207581,0.783117,1.224178,0.033623,0.219237,0.402092,0.345321,0.350088,0.444586,0.625120,0.285172",,
394,13545,49.0,56.3,0.01906631094289758,1.095208180695772,498.6029176712036,1353,"89.326714,89.430252","0.222992,0.104574,0.739577,0.487746,0.966359,0.026792,0.567413,0.386423,0.378561,0.205728,0.781101,1.223229,0.033035,0.217371,0.400701,0.344791,0.350406,0.443273,0.623588,0.284281",,
395,13655,110.0,57.16,0.018875647833468602,2.475852085108107,505.0779445171356,1364,"89.600464,89.673370","0.222496,0.103854,0.737821,0.486325,0.961960,0.025979,0.565523,0.386684,0.374719,0.203026,0.779830,1.221146,0.031952,0.213274,0.400571,0.343919,0.351452,0.439340,0.624173,0.283448",,
396,13695,40.0,57.0,0.018686891355133916,1.3820820096880198,507.1528625488281,1368,"89.693619,89.757858","0.222515,0.103513,0.736909,0.485760,0.960470,0.026010,0.564917,0.386796,0.373383,0.202590,0.779774,1.220256,0.031976,0.212865,0.400980,0.343342,0.351730,0.437893,0.624567,0.283012",,
397,13729,34.0,56.89,0.018500022441582577,5.415616977338989,508.7016475200653,1371,"89.749718,89.808479","0.222588,0.103182,0.737039,0.485651,0.959488,0.026149,0.564982,0.387011,0.372426,0.202313,0.780239,1.219611,0.032010,0.212739,0.401609,0.343027,0.351851,0.436906,0.625101,0.282850",,
398,13769,40.0,57.0,0.01831502221716675,2.7433732473291457,511.43440437316895,1375,"89.808350,89.889511","0.222825,0.102360,0.737584,0.485716,0.957911,0.026439,0.564959,0.387694,0.371060,0.201821,0.781070,1.218680,0.032024,0.212539,0.402136,0.342662,0.352058,0.435547,0.625960,0.282735",,
399,13811,42.0,57.28,0.018131871994995084,4.365057252161205,514.3066499233246,1380,"89.873451,89.998558","0.223210,0.101130,0.738166,0.485946,0.955819,0.026520,0.565137,0.389099,0.369411,0.200594,0.782382,1.217588,0.032055,0.211721,0.402847,0.342387,0.352667,0.434084,0.626730,0.282695",56.0,29.953296980466106
400,13931,120.0,58.31,0.017950553275045134,0.9373227323715886,521.1105568408966,1392,"90.137413,90.261505","0.223116,0.098359,0.736567,0.485025,0.951603,0.025377,0.563302,0.390163,0.366065,0.195725,0.781728,1.215012,0.031176,0.206122,0.401076,0.341458,0.355043,0.430767,0.625658,0.282543",,
401,13981,50.0,58.55,0.017771047742294682,1.1026887513697148,523.8773279190063,1397,"90.263191,90.346207","0.222908,0.097697,0.735962,0.484556,0.949635,0.024667,0.562580,0.390585,0.365456,0.193756,0.781271,1.214164,0.030612,0.202962,0.399884,0.341410,0.356151,0.428874,0.624620,0.282652",,
402,14017,36.0,58.5,0.017593337264871736,0.013436949035773674,525.9258985519409,1400,"90.338646,90.407349","0.222852,0.097248,0.734810,0.484012,0.948342,0.024407,0.561672,0.390642,0.364911,0.192784,0.780545,1.213753,0.030304,0.201455,0.399237,0.341412,0.356682,0.427480,0.624066,0.282537",,
403,14044,27.0,58.5,0.01741740389222302,0.02121692430227995,527.6012427806854,1403,"90.405197,90.467430","0.222678,0.096894,0.733535,0.483483,0.947635,0.024399,0.560715,0.390501,0.364248,0.192274,0.779950,1.213277,0.030191,0.200647,0.398674,0.341304,0.356957,0.426277,0.623402,0.282340",,
404,14071,27.0,58.51,0.01724322985330079,0.016049641805390518,529.203665971756,1406,"90.460831,90.529495","0.222605,0.096648,0.732314,0.483028,0.947143,0.024499,0.559789,0.390352,0.363743,0.192087,0.779461,1.212728,0.030220,0.200356,0.398124,0.341099,0.356995,0.425226,0.622666,0.282150",,
405,14126,55.0,58.07,0.017070797554767782,0.016503648087382316,532.2682845592499,1411,"90.547066,90.655281","0.222124,0.096091,0.729620,0.482184,0.946454,0.024651,0.557882,0.389928,0.362189,0.191606,0.777772,1.211867,0.030139,0.199940,0.397190,0.340848,0.356968,0.423735,0.621363,0.281597",,
406,14185,59.0,58.51,0.016900089579220106,0.9377093926693002,535.7418303489685,1417,"90.708443,90.801094","0.220994,0.095653,0.725434,0.480663,0.944936,0.024532,0.555037,0.388848,0.359967,0.191063,0.774364,1.210874,0.029791,0.198904,0.396278,0.340625,0.356752,0.420875,0.620381,0.280740",,
407,14227,42.0,57.53,0.016731088683427906,1.4155777776613832,537.9488434791565,1421,"90.832542,90.873482","0.220401,0.095616,0.724104,0.479819,0.943243,0.024432,0.554258,0.388281,0.359112,0.190151,0.773172,1.210205,0.029479,0.197193,0.396039,0.340399,0.356954,0.418621,0.620165,0.279968",,
408,14257,30.0,56.7,0.016563777796593626,1.8355251246442397,539.8115329742432,1424,"90.906662,90.948341","0.219975,0.095707,0.722962,0.478877,0.942251,0.024327,0.553575,0.387690,0.358186,0.189613,0.772371,1.209638,0.029443,0.196356,0.395671,0.340232,0.357146,0.417196,0.619617,0.279111",,
409,14293,36.0,56.15,0.016398140018627688,0.022443457739427686,542.2487409114838,1428,"90.997864,91.047966","0.219474,0.095829,0.721531,0.477708,0.941241,0.024554,0.552664,0.386770,0.356598,0.189328,0.771613,1.208773,0.029758,0.196090,0.395187,0.339780,0.357407,0.415658,0.618753,0.278175",,
410,14331,38.0,55.47,0.01623415861844141,0.01969710411503911,544.3508729934692,1432,"91.079681,91.147629","0.218917,0.095969,0.720101,0.476644,0.940423,0.024871,0.551607,0.385946,0.355026,0.189190,0.771001,1.207968,0.029976,0.196055,0.394607,0.339346,0.357473,0.414337,0.617561,0.277457",,
411,14366,35.0,53.87,0.016071817032256998,5.528427168106039,546.0527563095093,1435,"91.137100,91.217323","0.218782,0.095541,0.719235,0.476702,0.939440,0.025240,0.551118,0.385960,0.353676,0.188848,0.770280,1.207245,0.030080,0.195967,0.394852,0.339119,0.357536,0.413407,0.617856,0.277223",,
412,14464,98.0,53.48,0.01591109886193443,2.761882725264877,551.3494963645935,1445,"91.336075,91.403519","0.219679,0.096176,0.715361,0.476229,0.936004,0.026669,0.548931,0.386244,0.351968,0.190012,0.768016,1.205053,0.030995,0.197179,0.395998,0.337646,0.358034,0.410797,0.618088,0.276825",,
413,14502,38.0,51.72,0.015751987873315085,1.3877018063794822,553.4125847816467,1449,"91.408188,91.472740","0.220085,0.095266,0.714515,0.476693,0.933897,0.026796,0.548240,0.386985,0.350943,0.189380,0.767018,1.204345,0.031096,0.196725,0.396674,0.337279,0.358341,0.409954,0.619315,0.277243",,
414,14546,44.0,51.01,0.015594467994581935,2.7983844317495823,555.9273023605347,1453,"91.453491,91.550247","0.219940,0.094527,0.714409,0.476790,0.932320,0.026685,0.548490,0.388071,0.349860,0.188877,0.767628,1.203567,0.030997,0.196390,0.397327,0.337026,0.358430,0.409235,0.619807,0.277441",,
415,14593,47.0,51.32,0.015438523314636115,0.028300767205655573,558.733106136322,1458,"91.555336,91.646255","0.219434,0.093960,0.713662,0.476197,0.930171,0.025886,0.547922,0.388640,0.348741,0.187577,0.767009,1.202756,0.030422,0.194209,0.397162,0.336753,0.358849,0.407754,0.619870,0.277338",,
416,14651,58.0,51.65,0.015284138081489753,2.805438963153089,562.3141915798187,1464,"91.669411,91.742813","0.219504,0.093478,0.711766,0.474978,0.927377,0.025371,0.547053,0.389111,0.347860,0.186442,0.766695,1.201698,0.030061,0.192055,0.397251,0.336344,0.359412,0.405444,0.619270,0.276724",,
417,14746,95.0,52.36,0.015131296700674856,1.2577576076404915,567.8454003334045,1473,"91.817062,91.910881","0.219615,0.093352,0.708845,0.471722,0.924616,0.023831,0.545319,0.388610,0.346680,0.184556,0.765862,1.200490,0.028776,0.188815,0.396617,0.336281,0.359689,0.402233,0.617510,0.273552",,
418,14795,49.0,52.66,0.014979983733668108,3.3631223917007445,570.4129483699799,1478,"91.915077,91.995888","0.218645,0.094663,0.707521,0.469137,0.924827,0.022474,0.545029,0.387997,0.345660,0.184274,0.765731,1.199758,0.028166,0.187865,0.397319,0.336154,0.359782,0.400469,0.617155,0.268851",,
419,14842,47.0,52.9,0.014830183896331426,2.234667867515236,573.0547952651978,1483,"92.001160,92.078918","0.218149,0.095694,0.706194,0.467195,0.924497,0.021701,0.544444,0.387598,0.344804,0.184213,0.765591,1.199037,0.027926,0.187354,0.397742,0.336159,0.359915,0.398594,0.616698,0.265028",,
420,14870,28.0,53.01,0.014681882057368112,0.013699345368271073,574.5926785469055,1486,"92.049118,92.124489","0.218169,0.096106,0.705397,0.466665,0.923886,0.021711,0.543969,0.387622,0.344397,0.184405,0.765254,1.198494,0.027880,0.187342,0.397961,0.336135,0.359988,0.397636,0.616670,0.263549",,
421,14915,45.0,53.26,0.01453506323679443,2.80186077603139,576.9371564388275,1490,"92.119591,92.163597","0.217987,0.096390,0.704409,0.467338,0.923440,0.021625,0.544314,0.389059,0.343566,0.184400,0.765293,1.197679,0.027836,0.187077,0.399053,0.336058,0.360162,0.396334,0.616958,0.263126",,
422,14947,32.0,52.43,0.014389712604426485,0.026152755754689377,578.6030921936035,1493,"92.165298,92.224335","0.217720,0.096377,0.703338,0.467452,0.923018,0.021589,0.544017,0.389560,0.342418,0.184062,0.764801,1.197071,0.027777,0.186899,0.399315,0.335975,0.360258,0.395504,0.616672,0.262797",,
423,14982,35.0,52.52,0.01424581547838222,2.804756115481723,580.6391849517822,1497,"92.210533,92.317589","0.217351,0.096386,0.702737,0.467295,0.922136,0.021703,0.543933,0.390238,0.341036,0.183469,0.765059,1.196329,0.027666,0.186248,0.399297,0.336107,0.360576,0.394531,0.615935,0.262370",,
424,15026,44.0,51.81,0.014103357323598397,1.4151030997745693,582.8281261920929,1501,"92.270111,92.392189","0.217193,0.096346,0.702294,0.467186,0.921062,0.021775,0.543826,0.390763,0.340163,0.182695,0.765063,1.195609,0.027459,0.185170,0.399285,0.336120,0.360956,0.393720,0.615590,0.262098",,
425,15069,43.0,51.11,0.013962323750362413,1.4144719513133168,584.9646673202515,1505,"92.334061,92.464241","0.217709,0.096111,0.701029,0.466512,0.919670,0.021991,0.543042,0.390762,0.339523,0.182297,0.764703,1.194749,0.027765,0.185203,0.399128,0.335250,0.361323,0.393316,0.615209,0.261853",,
426,15106,37.0,51.21,0.013822700512858789,1.4044468286447227,586.9434785842896,1509,"92.423569,92.519165","0.217804,0.095968,0.699813,0.466022,0.918587,0.021709,0.542191,0.390671,0.339112,0.181528,0.763692,1.194021,0.027603,0.183964,0.398853,0.334546,0.361686,0.392375,0.615021,0.261780",,
427,15135,29.0,49.95,0.0136844735077302,0.043492735363543034,588.5438227653503,1512,"92.493805,92.554558","0.217818,0.095945,0.699101,0.465711,0.917652,0.021533,0.541511,0.390438,0.338841,0.181017,0.762987,1.193489,0.027485,0.183018,0.398523,0.334034,0.361977,0.391595,0.614752,0.261819",,
428,15169,34.0,50.02,0.013547628772652899,3.748159807175398,590.3488478660583,1515,"92.563431,92.593353","0.217721,0.095893,0.698982,0.465439,0.916902,0.021454,0.540910,0.389887,0.338472,0.180635,0.762362,1.192795,0.027325,0.182200,0.398223,0.333337,0.362153,0.390844,0.614796,0.261752",,
429,15203,34.0,50.11,0.01341215248492637,1.4096154153812677,592.4236266613007,1519,"92.639565,92.656082","0.217547,0.095262,0.698590,0.465415,0.915868,0.021216,0.540079,0.389624,0.337346,0.179749,0.761175,1.191983,0.027042,0.181061,0.397903,0.332732,0.362359,0.389851,0.615099,0.261884",,
430,15235,32.0,48.54,0.013278030960077106,0.0316157341003418,594.036789894104,1522,"92.693497,92.710060","0.217352,0.094835,0.698165,0.465115,0.915264,0.021051,0.539116,0.389135,0.336433,0.179294,0.760162,1.191260,0.026920,0.180600,0.397503,0.331845,0.362543,0.389403,0.615081,0.262021",,
431,15267,32.0,48.58,0.013145250650476335,3.7368855513632298,595.7720494270325,1525,"92.736534,92.766068","0.217246,0.094539,0.697568,0.464841,0.914678,0.020828,0.538472,0.389223,0.335732,0.179062,0.759640,1.190613,0.026842,0.180320,0.397458,0.331198,0.362794,0.388864,0.614935,0.262266",,
432,15304,37.0,48.71,0.01301379814397157,4.245505935745314,597.9165418148041,1529,"92.775688,92.842606","0.217047,0.094264,0.696907,0.464774,0.914309,0.020714,0.538217,0.389493,0.334623,0.178902,0.759407,1.189713,0.026834,0.180308,0.397710,0.330546,0.363011,0.388284,0.614719,0.262471",,
433,15364,60.0,49.14,0.012883660162531854,3.7594871105781444,601.2194848060608,1535,"92.850273,92.896881","0.217787,0.093730,0.697084,0.465429,0.913273,0.020860,0.538986,0.390168,0.333758,0.178710,0.759595,1.188332,0.026763,0.180476,0.399017,0.329660,0.363122,0.387759,0.615934,0.262756",,
434,15406,42.0,49.31,0.012754823560906535,1.4234710200689733,603.4718005657196,1539,"92.911812,92.940765","0.218459,0.093538,0.697132,0.465788,0.912051,0.021142,0.539147,0.390469,0.333449,0.178693,0.759273,1.187479,0.026586,0.180498,0.399581,0.329083,0.363111,0.387430,0.616660,0.262985",,
435,15437,31.0,47.46,0.01262727532529747,5.667657375335693,605.0965843200684,1542,"92.965744,92.972069","0.218731,0.093535,0.697076,0.466269,0.911255,0.021228,0.539588,0.391018,0.333304,0.178568,0.759224,1.186596,0.026302,0.180018,0.400136,0.328503,0.363220,0.386923,0.616978,0.263354",,
436,15466,29.0,47.58,0.012501002572044496,0.028700698943187792,606.7062840461731,1545,"93.011246,93.017029","0.218978,0.093452,0.697204,0.466588,0.910422,0.021454,0.539829,0.391233,0.333074,0.178318,0.759187,1.185651,0.026041,0.179452,0.400432,0.327873,0.363364,0.386524,0.617212,0.263564",,
437,15508,42.0,47.79,0.01237599254632405,4.237834378611296,608.9715836048126,1549,"93.059792,93.083359","0.219235,0.093286,0.698152,0.466967,0.909015,0.021669,0.540246,0.391593,0.332336,0.178030,0.759582,1.184239,0.025831,0.179408,0.400972,0.326695,0.363614,0.386748,0.618098,0.263554",,
438,15549,41.0,47.95,0.01225223262086081,4.167684673331678,611.200546503067,1553,"93.094765,93.159988","0.219868,0.092016,0.698291,0.466850,0.907587,0.022255,0.540490,0.391333,0.331742,0.177144,0.759007,1.183119,0.025645,0.179238,0.400258,0.325644,0.363894,0.387071,0.618029,0.265420",,
439,15684,135.0,49.02,0.012129710294652202,2.4056879627917493,618.364541053772,1567,"93.270462,93.364029","0.220263,0.087320,0.697337,0.467794,0.903446,0.022035,0.541099,0.391973,0.327829,0.173173,0.755120,1.180319,0.024852,0.177086,0.400001,0.324310,0.364666,0.385798,0.619663,0.269928",,
440,15727,43.0,49.22,0.01200841319170568,4.238241475075483,620.7706227302551,1571,"93.324913,93.403412","0.221407,0.086359,0.696309,0.467541,0.902073,0.022767,0.540908,0.391621,0.327589,0.173064,0.753888,1.179433,0.025089,0.177412,0.399816,0.324022,0.364736,0.384774,0.620032,0.271297",,
441,15769,42.0,49.48,0.011888329059788623,2.819060373236425,623.098730802536,1575,"93.384415,93.432976","0.222355,0.085975,0.695545,0.467555,0.900688,0.023346,0.540685,0.391692,0.327480,0.173220,0.752841,1.178647,0.025253,0.177656,0.399957,0.323730,0.364869,0.383675,0.620507,0.272302",,
442,15808,39.0,49.69,0.011769445769190737,1.4251085502328351,625.2636408805847,1579,"93.434029,93.451965","0.222813,0.085777,0.695752,0.467814,0.899372,0.023543,0.541084,0.392488,0.327395,0.173286,0.752857,1.178126,0.025235,0.177441,0.400327,0.323704,0.365055,0.382534,0.620980,0.273198",,
443,15859,51.0,49.93,0.01165175131149883,0.011927912756800652,628.0892271995544,1584,"93.497185,93.500740","0.223002,0.085911,0.695294,0.467419,0.898182,0.023739,0.540697,0.392677,0.327240,0.173521,0.752508,1.177576,0.025217,0.177163,0.400042,0.323609,0.365330,0.381472,0.620527,0.273635",,
444,15967,108.0,50.83,0.011535233798383842,2.0872099667110224,634.1529502868652,1595,"93.553886,93.700264","0.222930,0.086246,0.698258,0.465189,0.895110,0.024111,0.540077,0.390828,0.325919,0.172851,0.754835,1.176045,0.024891,0.175748,0.398011,0.322297,0.366053,0.380712,0.619314,0.271800",,
445,16136,169.0,52.31,0.011419881460400004,3.685988360796781,643.1469025611877,1612,"93.888771,93.795944","0.223703,0.090066,0.700756,0.462332,0.890482,0.023805,0.540353,0.388623,0.328259,0.172339,0.756661,1.174571,0.023561,0.170311,0.397578,0.322300,0.367236,0.376463,0.618444,0.269202",,
446,16157,21.0,52.35,0.011305682645796004,5.685355186462402,644.1935539245605,1614,"93.899834,93.800278","0.224254,0.090073,0.701665,0.463165,0.889647,0.024128,0.541208,0.389296,0.328393,0.172293,0.757260,1.174188,0.023487,0.170100,0.398288,0.322313,0.367253,0.376259,0.619256,0.269609",,
447,16181,24.0,52.39,0.011192625819338045,1.9073482907066743,645.533855676651,1617,"93.889496,93.837425","0.225238,0.089762,0.702588,0.464262,0.888243,0.024844,0.542125,0.390454,0.328467,0.172244,0.758033,1.173550,0.023404,0.169935,0.398915,0.322459,0.367262,0.376165,0.620073,0.270099",,
448,16210,29.0,52.43,0.011080699561144665,0.02786211110651493,647.1024518013,1620,"93.868240,93.902832","0.226154,0.089175,0.703030,0.465061,0.886893,0.025433,0.542554,0.391582,0.328121,0.171977,0.758672,1.172933,0.023444,0.169734,0.399047,0.322747,0.367311,0.375828,0.620400,0.270438",,
449,16319,109.0,53.36,0.010969892565533218,1.1502186673227697,652.8870828151703,1630,"93.893097,94.087616","0.227679,0.088942,0.700904,0.464260,0.885067,0.027104,0.541648,0.392162,0.326933,0.172179,0.759774,1.171319,0.024434,0.170256,0.398445,0.323076,0.367786,0.373874,0.618598,0.269268",237.8,33.67729205265768
450,16448,129.0,54.48,0.010860193639877886,1.325532697356091,659.8219184875488,1643,"94.182060,94.191620","0.227712,0.090445,0.695367,0.459856,0.884079,0.025531,0.538877,0.390913,0.325740,0.172354,0.758352,1.170227,0.025426,0.170077,0.398040,0.322074,0.368765,0.370316,0.615992,0.266970",,
451,16484,36.0,54.61,0.010751591703479106,1.443662576843053,661.7924296855927,1647,"94.231514,94.246552","0.227681,0.090554,0.694030,0.459009,0.883721,0.025507,0.538020,0.390582,0.325193,0.172345,0.757708,1.169723,0.025634,0.170123,0.397700,0.321829,0.368868,0.369384,0.615360,0.266299",,
452,16533,49.0,54.92,0.010644075786444315,2.3054096603766085,664.2794575691223,1652,"94.275314,94.320351","0.227782,0.090709,0.693149,0.458295,0.883199,0.025835,0.537114,0.390001,0.324744,0.172332,0.756996,1.168837,0.025808,0.170146,0.397334,0.321381,0.368933,0.368752,0.614904,0.265395",,
453,16608,75.0,55.48,0.010537635028579873,4.906316380914567,667.8484225273132,1659,"94.326637,94.399529","0.227927,0.091565,0.692800,0.457430,0.882706,0.026471,0.536792,0.390025,0.324979,0.172861,0.758264,1.167793,0.025961,0.170075,0.397052,0.321465,0.369219,0.368225,0.613404,0.264290",,
454,16656,48.0,55.71,0.010432258678294073,0.017821804620325565,670.4666771888733,1664,"94.384598,94.423042","0.228582,0.093182,0.692626,0.456951,0.881726,0.026951,0.536387,0.389849,0.326464,0.173329,0.758276,1.167113,0.026125,0.169103,0.396486,0.321381,0.369678,0.367433,0.612333,0.263434",,
455,16696,40.0,55.87,0.010327936091511133,1.4477523469249718,672.6470110416412,1668,"94.442123,94.458366","0.228683,0.094182,0.692260,0.456455,0.881190,0.027154,0.535516,0.389266,0.327242,0.173613,0.757626,1.166561,0.026070,0.168293,0.395658,0.320993,0.369848,0.366757,0.611260,0.262891",,
456,16757,61.0,55.39,0.010224656730596022,1.9111136028853555,675.703450679779,1674,"94.516106,94.522537","0.228750,0.094802,0.692307,0.457049,0.880729,0.027214,0.535078,0.389422,0.327463,0.173816,0.756729,1.165534,0.026019,0.167661,0.395466,0.320347,0.369932,0.366077,0.610728,0.263211",,
457,16806,49.0,54.93,0.01012241016329006,3.465123369731009,678.1919369697571,1679,"94.553444,94.589218","0.229126,0.094979,0.692525,0.457760,0.880253,0.027586,0.535303,0.389572,0.327242,0.173900,0.756418,1.164322,0.026123,0.167701,0.395722,0.319715,0.369936,0.365825,0.610793,0.263218",,
458,16862,56.0,55.21,0.01002118606165716,0.9569839078467339,681.2792501449585,1685,"94.593224,94.684784","0.229684,0.095457,0.691681,0.458044,0.879749,0.028470,0.534845,0.389340,0.327593,0.174589,0.754725,1.162989,0.026128,0.167667,0.395564,0.319266,0.369820,0.365439,0.610842,0.262639",,
459,16983,121.0,56.14,0.01,1.4418375924384843,687.613835811615,1697,"94.722771,94.790733","0.230101,0.097752,0.690449,0.457686,0.879042,0.029902,0.534337,0.388484,0.328939,0.176186,0.752527,1.161340,0.025774,0.167075,0.395354,0.318977,0.369490,0.363880,0.610458,0.261064",,
460,17097,114.0,56.04,0.01,2.095288381742483,693.3285422325134,1708,"94.828896,94.905212","0.230635,0.096435,0.688469,0.458077,0.877617,0.030046,0.533640,0.389122,0.327713,0.175742,0.750478,1.159736,0.025715,0.166383,0.395946,0.318983,0.369266,0.362108,0.611553,0.260241",,
461,17195,98.0,56.59,0.01,1.1562296078074723,698.3398072719574,1718,"94.941086,94.972488","0.231569,0.094739,0.686769,0.459105,0.876269,0.029338,0.533504,0.390804,0.327292,0.174992,0.749269,1.158365,0.025558,0.165526,0.397392,0.318753,0.368964,0.360796,0.613141,0.260292",,
462,17298,103.0,56.57,0.01,1.7320619446458294,703.9306306838989,1728,"95.018692,95.102364","0.231812,0.093874,0.685258,0.459298,0.875963,0.028868,0.533231,0.391579,0.326369,0.174596,0.747319,1.156794,0.025348,0.165621,0.397945,0.317396,0.368604,0.361003,0.613330,0.260367",,
463,17416,118.0,57.45,0.01,1.454579238081351,710.3421339988708,1740,"95.104645,95.209320","0.232254,0.094008,0.685043,0.459076,0.875713,0.028636,0.534020,0.391727,0.326184,0.174399,0.747417,1.155284,0.025235,0.165271,0.398473,0.316814,0.368467,0.360462,0.612948,0.259521",,
464,17517,101.0,58.22,0.01,1.7398125822655857,715.6382002830505,1750,"95.227371,95.281219","0.232628,0.095189,0.684884,0.457576,0.874486,0.028485,0.534641,0.391342,0.326360,0.174982,0.747511,1.154061,0.025377,0.165072,0.399079,0.316141,0.368428,0.359116,0.612587,0.258261",,
465,17642,125.0,59.11,0.01,1.7839834590872319,722.1149518489838,1763,"95.341606,95.425148","0.233170,0.095136,0.682718,0.456724,0.872284,0.029169,0.533633,0.391772,0.325254,0.175268,0.745097,1.152225,0.025594,0.165026,0.400047,0.315931,0.368285,0.357655,0.613265,0.256775",,
466,17825,183.0,60.34,0.01,1.620073864236474,732.1521563529968,1781,"95.539001,95.580482","0.233115,0.096265,0.678876,0.454842,0.870541,0.028140,0.531663,0.392199,0.325032,0.175478,0.741382,1.150195,0.025495,0.164523,0.399856,0.315881,0.368074,0.356813,0.611709,0.253988",,
467,17869,44.0,60.21,0.01,0.014083881978876889,734.5725073814392,1785,"95.598236,95.599091","0.233373,0.097155,0.678893,0.454060,0.869744,0.027810,0.531609,0.391718,0.325848,0.175399,0.741145,1.149783,0.025292,0.163747,0.399526,0.315453,0.368291,0.357011,0.611099,0.253316",,
468,17928,59.0,60.5,0.01,1.9240503289426367,737.9736275672913,1791,"95.642990,95.669518","0.234612,0.097536,0.678064,0.453359,0.868468,0.027593,0.530819,0.391302,0.326359,0.174962,0.739427,1.149123,0.025075,0.162757,0.398665,0.315025,0.368562,0.357199,0.610691,0.252719",,
469,17966,38.0,60.54,0.01,0.009947873535566032,740.1391413211823,1795,"95.655052,95.720261","0.235785,0.097937,0.677379,0.453139,0.867529,0.027962,0.530135,0.391190,0.326879,0.175191,0.738447,1.148621,0.025127,0.162706,0.398117,0.314780,0.368567,0.357080,0.610491,0.252510",,
470,18089,123.0,61.47,0.01,1.4671712448859278,747.1494932174683,1807,"95.725960,95.793587","0.239403,0.099120,0.676252,0.453036,0.865343,0.029344,0.529091,0.390421,0.328759,0.176686,0.737244,1.146297,0.025943,0.164014,0.397562,0.313530,0.368191,0.356083,0.610226,0.251413",,
471,18196,107.0,62.14,0.01,0.5427080230491067,753.1698760986328,1818,"95.854698,95.891632","0.240698,0.099141,0.674636,0.451033,0.864679,0.028470,0.527836,0.388499,0.328749,0.175942,0.735329,1.144916,0.026111,0.162587,0.396341,0.312995,0.368853,0.355470,0.609066,0.249382",,
472,18264,68.0,61.7,0.01,1.6654485915787518,756.7584736347198,1825,"95.916000,95.970001","0.240796,0.099041,0.673911,0.449909,0.864641,0.027429,0.527230,0.387731,0.328512,0.174869,0.733785,1.144339,0.025946,0.161207,0.395136,0.312824,0.369154,0.355227,0.608022,0.248301",,
473,18298,34.0,61.52,0.01,0.008670820311332742,758.4725198745728,1828,"95.946480,95.999954","0.240876,0.098967,0.673791,0.449608,0.864584,0.026982,0.527062,0.387468,0.328382,0.174360,0.733100,1.144025,0.025958,0.160601,0.394682,0.312723,0.369333,0.355181,0.607840,0.247919",,
474,18406,108.0,62.12,0.01,1.5880120833065698,764.9327485561371,1839,"96.048958,96.093582","0.243011,0.099053,0.671045,0.448974,0.863789,0.026857,0.525305,0.386549,0.328891,0.174180,0.729211,1.142512,0.026060,0.159870,0.393658,0.312263,0.369456,0.354769,0.607381,0.246666",,
475,18459,53.0,62.2,0.01,2.328440044168383,768.1372046470642,1844,"96.080948,96.133331","0.243924,0.098915,0.670355,0.449061,0.863702,0.027010,0.525406,0.386390,0.328386,0.174289,0.727774,1.141720,0.026355,0.160440,0.393824,0.311788,0.369701,0.355577,0.607672,0.246360",,
476,18508,49.0,61.59,0.01,0.013205625861883164,770.6190958023071,1849,"96.125763,96.198395","0.243758,0.098165,0.669381,0.448590,0.864067,0.026615,0.525128,0.385854,0.327102,0.173635,0.725634,1.140752,0.026299,0.160325,0.393536,0.310964,0.369828,0.356454,0.607941,0.245716",,
477,18616,108.0,62.34,0.01,1.0626144644126974,776.6510198116302,1860,"96.260178,96.298401","0.241863,0.096839,0.667126,0.448155,0.864105,0.024490,0.524914,0.385787,0.324695,0.171672,0.720950,1.139481,0.025449,0.157722,0.393195,0.310293,0.370051,0.355742,0.608431,0.245116",,
478,18677,61.0,61.96,0.01,0.011511669106160602,780.1645193099976,1866,"96.312378,96.351936","0.240933,0.096774,0.665601,0.448261,0.864108,0.023864,0.524727,0.386146,0.323985,0.171280,0.719396,1.138601,0.025419,0.157081,0.393140,0.309933,0.370165,0.355183,0.607541,0.244967",,
479,18716,39.0,61.37,0.01,1.4482331980252638,782.2936606407166,1870,"96.331131,96.391891","0.241162,0.097629,0.664640,0.448266,0.863875,0.024239,0.524221,0.386048,0.324117,0.171920,0.718785,1.137929,0.025608,0.157463,0.392944,0.309706,0.370209,0.355027,0.606427,0.244828",,
480,18770,54.0,61.54,0.01,1.958912663627416,785.2887094020844,1876,"96.343742,96.442924","0.242602,0.098548,0.663782,0.448256,0.863067,0.024857,0.523751,0.385665,0.324530,0.172723,0.718462,1.136941,0.026400,0.158354,0.392840,0.309358,0.370736,0.355390,0.605373,0.244608",,
481,18871,101.0,61.52,0.01,0.5950849216547794,790.941897392273,1886,"96.407486,96.506325","0.243734,0.099574,0.662483,0.448223,0.861884,0.024973,0.523571,0.385960,0.325424,0.173412,0.717675,1.135587,0.026740,0.158510,0.393101,0.309233,0.370612,0.354709,0.605091,0.243987",,
482,18978,107.0,62.26,0.01,1.1852038520155475,796.6338999271393,1896,"96.500923,96.556992","0.243925,0.100884,0.661039,0.448214,0.861223,0.025175,0.523578,0.386018,0.326311,0.174036,0.716813,1.134398,0.026922,0.157595,0.393244,0.309350,0.370757,0.353003,0.604430,0.243212",,
483,19041,63.0,62.55,0.01,2.513491227823709,800.1673786640167,1903,"96.526268,96.576828","0.244976,0.102671,0.661122,0.448529,0.860633,0.026030,0.524450,0.386097,0.327969,0.175347,0.717755,1.133397,0.027217,0.157912,0.393842,0.309339,0.370716,0.352247,0.603935,0.242644",,
484,19140,99.0,63.13,0.01,0.5940698226448149,806.07577252388,1913,"96.547897,96.675766","0.247154,0.104063,0.659598,0.448901,0.860442,0.026822,0.523655,0.386413,0.329176,0.176308,0.716963,1.131716,0.028150,0.158898,0.393298,0.309020,0.370683,0.351416,0.602022,0.241949",,
485,19240,100.0,63.11,0.01,2.3548755114432423,811.319269657135,1923,"96.616554,96.677994","0.250504,0.105727,0.659612,0.449638,0.860114,0.027529,0.524006,0.386822,0.331453,0.177501,0.718040,1.129654,0.029783,0.160558,0.393668,0.308384,0.370743,0.350734,0.600682,0.240942",,
486,19343,103.0,63.7,0.01,0.5802322484087199,816.7034811973572,1933,"96.670296,96.741249","0.253607,0.106690,0.658208,0.449629,0.859443,0.028110,0.523376,0.387153,0.332590,0.178870,0.717514,1.127754,0.032278,0.162993,0.393380,0.307725,0.371003,0.349934,0.599752,0.239949",,
487,19384,41.0,63.14,0.01,0.0068026307271793485,818.6844935417175,1937,"96.707565,96.762894","0.253572,0.106941,0.657770,0.449335,0.859720,0.027666,0.523211,0.387139,0.332362,0.178771,0.717338,1.127416,0.032611,0.162926,0.393077,0.307670,0.371108,0.349672,0.598896,0.239638",,
488,19511,127.0,63.36,0.01,1.375469839397388,826.3210484981537,1950,"96.800522,96.845940","0.253326,0.107261,0.659586,0.448218,0.859167,0.026313,0.524413,0.386705,0.331738,0.177150,0.718376,1.125942,0.033041,0.160663,0.391936,0.307515,0.371567,0.348787,0.597699,0.237952",,
489,19615,104.0,63.34,0.01,2.3214068739209326,832.8082826137543,1960,"96.820290,96.920761","0.255588,0.109807,0.659273,0.448332,0.857678,0.027473,0.524268,0.386700,0.333269,0.178383,0.718232,1.124535,0.034255,0.161041,0.391036,0.307333,0.371844,0.348141,0.596252,0.237283",,
490,19723,108.0,64.01,0.01,2.67551403446123,839.4743602275848,1971,"96.857643,96.915886","0.259677,0.112575,0.660930,0.450193,0.856320,0.029011,0.526316,0.387536,0.335316,0.180576,0.721004,1.122110,0.037054,0.163595,0.392632,0.306250,0.372406,0.347802,0.596343,0.237510",,
491,19825,102.0,64.61,0.01,1.1908133173827082,845.4182658195496,1981,"96.893211,96.951576","0.261306,0.113859,0.661126,0.451462,0.856322,0.029324,0.527111,0.388430,0.335588,0.182123,0.722020,1.120051,0.039643,0.165695,0.393540,0.305653,0.372823,0.346597,0.596121,0.237482",,
492,19928,103.0,64.68,0.01,1.189104689611122,851.7180783748627,1991,"96.926178,96.973938","0.262119,0.115195,0.661621,0.452831,0.856210,0.029845,0.528365,0.389188,0.336326,0.183432,0.722767,1.118070,0.040682,0.166526,0.394588,0.305385,0.372779,0.345536,0.596472,0.237327",,
493,19975,47.0,64.79,0.01,2.369600735604763,854.6154568195343,1996,"96.945816,96.982346","0.261718,0.116123,0.662997,0.453185,0.855987,0.029776,0.529427,0.389326,0.336629,0.183360,0.724097,1.117298,0.040698,0.165545,0.394766,0.305332,0.372906,0.344949,0.596093,0.237142",,
494,20011,36.0,64.66,0.01,1.487343234475702,856.979841709137,2000,"96.944992,96.993530","0.261875,0.116648,0.664338,0.453407,0.855915,0.030040,0.530502,0.389302,0.336780,0.183443,0.725956,1.116532,0.040852,0.165391,0.395357,0.305254,0.372923,0.344619,0.595992,0.236805",,
495,20061,50.0,64.06,0.01,2.3698195515200497,859.8169410228729,2005,"96.929672,97.033585","0.261713,0.116134,0.665792,0.453336,0.856212,0.030177,0.531934,0.389224,0.335798,0.182914,0.728761,1.115680,0.040860,0.165483,0.396053,0.305179,0.372843,0.344376,0.595642,0.236378",,
496,20126,65.0,64.31,0.01,1.972243968397379,863.7842547893524,2011,"96.918892,97.050385","0.261505,0.116094,0.667889,0.453545,0.856314,0.030025,0.534310,0.389683,0.335347,0.182512,0.732147,1.114781,0.040784,0.165365,0.397329,0.305268,0.372801,0.344213,0.595404,0.236029",,
497,20245,119.0,65.16,0.01,1.955772894085385,870.8818972110748,2023,"96.961220,97.069344","0.260531,0.116386,0.669597,0.453319,0.856528,0.029426,0.537537,0.390429,0.334902,0.181770,0.735883,1.113844,0.039687,0.163997,0.398765,0.305754,0.372607,0.343985,0.595209,0.235335",,
498,20353,108.0,65.84,0.01,2.6556884326167745,876.9129116535187,2034,"96.974396,97.098091","0.262884,0.118147,0.672080,0.453755,0.854949,0.029634,0.540894,0.391801,0.336891,0.182532,0.738480,1.112590,0.040641,0.163901,0.399337,0.306085,0.372912,0.344505,0.594958,0.235146",,
499,20394,41.0,65.83,0.01,2.9464616792392917,879.4254519939423,2038,"96.980354,97.091591","0.264053,0.118432,0.674481,0.454345,0.854103,0.029247,0.543097,0.392335,0.337484,0.182503,0.740175,1.111803,0.041223,0.163753,0.400016,0.306084,0.373048,0.344870,0.595648,0.235044",61.0,17.69745744450315
500,20440,46.0,65.09,0.01,1.1847150821238757,882.141316652298,2043,"96.978027,97.092438","0.265381,0.118750,0.676190,0.455205,0.853358,0.029577,0.544986,0.392911,0.338204,0.182999,0.741825,1.110712,0.042071,0.164192,0.400737,0.306016,0.373063,0.344973,0.596394,0.234947",,
501,20481,41.0,65.0,0.01,0.006414581788703799,884.3287932872772,2047,"96.988434,97.095146","0.265926,0.119298,0.677249,0.455541,0.852880,0.029716,0.546100,0.393189,0.338925,0.183159,0.742882,1.110188,0.042195,0.163900,0.401047,0.306049,0.373124,0.344944,0.596558,0.234829",,
502,20557,76.0,65.4,0.01,0.8474308243021369,888.1952996253967,2054,"97.002274,97.111473","0.266534,0.120765,0.678628,0.455768,0.852596,0.030116,0.547717,0.393375,0.340128,0.183945,0.744615,1.109305,0.042387,0.163961,0.401355,0.305999,0.373047,0.344737,0.595952,0.234508",,
503,20610,53.0,65.66,0.01,1.9692346760615085,891.0288746356964,2060,"96.998993,97.121468","0.267127,0.122309,0.679439,0.455864,0.852447,0.031213,0.549257,0.393372,0.341300,0.185017,0.746890,1.108569,0.042599,0.164616,0.401863,0.305927,0.372909,0.344704,0.595259,0.234151",,
504,20714,104.0,66.43,0.01,2.920876333396882,896.1141526699066,2070,"97.014542,97.112373","0.267874,0.122922,0.682692,0.457397,0.852000,0.031449,0.552959,0.394674,0.342026,0.185182,0.751461,1.107101,0.042938,0.164348,0.404092,0.306093,0.373085,0.344558,0.596387,0.234169",,
505,20811,97.0,66.85,0.01,1.180520951235667,901.4575572013855,2080,"97.013855,97.149651","0.269145,0.122569,0.685083,0.458657,0.850475,0.031103,0.555880,0.396396,0.341944,0.184654,0.755341,1.105538,0.043525,0.163782,0.406225,0.306598,0.373380,0.344287,0.598952,0.234050",,
506,20938,127.0,67.53,0.01,0.4956746061895198,908.016286611557,2092,"97.074997,97.201698","0.268909,0.122254,0.684589,0.458733,0.849693,0.029697,0.556315,0.397060,0.341768,0.183383,0.755184,1.104881,0.042846,0.161269,0.406329,0.307175,0.373851,0.343360,0.599906,0.233647",,
507,21014,76.0,67.87,0.01,0.7400988363369834,912.4779303073883,2100,"97.108498,97.233932","0.268728,0.122342,0.684387,0.458782,0.849678,0.029136,0.556775,0.397284,0.341678,0.182923,0.755245,1.104418,0.042642,0.160314,0.406442,0.307409,0.374073,0.343001,0.599817,0.233414",,
508,21170,156.0,69.13,0.01,1.455432858914719,921.2155919075012,2116,"97.141861,97.272438","0.270839,0.124884,0.684930,0.458981,0.848624,0.031261,0.559096,0.397878,0.343994,0.184499,0.758270,1.102588,0.044686,0.160937,0.406900,0.307491,0.374837,0.342706,0.599197,0.232663",,
509,21226,56.0,69.33,0.01,1.1489327031187713,923.7386360168457,2121,"97.165909,97.268150","0.272008,0.127439,0.684718,0.459189,0.848250,0.032997,0.559091,0.398147,0.345868,0.186200,0.758945,1.101730,0.046174,0.161592,0.407131,0.307504,0.375360,0.342474,0.598325,0.232269",,
510,21343,117.0,70.12,0.01,0.9792284261396466,929.6441686153412,2133,"97.202721,97.316818","0.270733,0.128081,0.684484,0.458973,0.849023,0.032691,0.559416,0.398774,0.344890,0.185989,0.760370,1.100647,0.047927,0.161077,0.407230,0.307792,0.376433,0.341977,0.597078,0.231376",,
511,21426,83.0,70.6,0.01,2.8956223437562585,933.8135087490082,2141,"97.194206,97.316322","0.272673,0.130510,0.686107,0.458889,0.848318,0.033438,0.561390,0.399206,0.346515,0.187113,0.762799,1.100135,0.050161,0.161862,0.407937,0.308010,0.377344,0.342961,0.595966,0.231014",,
512,21526,100.0,70.62,0.01,0.003910810325760394,938.919647693634,2151,"97.198090,97.305328","0.275890,0.135330,0.687439,0.459220,0.847095,0.035419,0.562865,0.399786,0.350051,0.189717,0.764927,1.099560,0.052732,0.163006,0.408694,0.308210,0.378324,0.343649,0.594483,0.230997",,
513,21582,56.0,70.8,0.01,0.947515522595495,942.0012803077698,2157,"97.184563,97.328369","0.276838,0.136263,0.687287,0.459565,0.846831,0.036454,0.563337,0.399992,0.350757,0.190626,0.765691,1.098876,0.053858,0.163570,0.408724,0.308214,0.378574,0.343425,0.594314,0.230965",,
514,21683,101.0,71.37,0.01,0.595154759241268,946.9594538211823,2167,"97.228493,97.323471","0.278994,0.138206,0.687459,0.460888,0.846555,0.037785,0.563483,0.400431,0.352062,0.192551,0.765744,1.096844,0.056731,0.164331,0.409182,0.308107,0.379141,0.342890,0.594713,0.230791",,
515,21743,60.0,71.5,0.01,0.007185965582417945,949.8865537643433,2173,"97.271561,97.314201","0.278787,0.139760,0.687576,0.461102,0.846900,0.037953,0.563331,0.400571,0.352819,0.192953,0.765731,1.096410,0.056560,0.163722,0.409423,0.308193,0.379368,0.342400,0.593730,0.230655",,
516,21785,42.0,71.34,0.01,0.009775075130164623,951.8132040500641,2177,"97.258400,97.347633","0.278745,0.139615,0.686936,0.461538,0.847107,0.038482,0.563059,0.400703,0.352461,0.193119,0.765519,1.095744,0.056936,0.163956,0.409161,0.308088,0.379367,0.342254,0.593337,0.230639",,
517,21848,63.0,71.02,0.01,1.966600978630595,954.7959113121033,2183,"97.231285,97.389297","0.278140,0.139272,0.686749,0.461898,0.847597,0.039013,0.563704,0.400922,0.351849,0.192919,0.766786,1.095041,0.056839,0.163993,0.409393,0.308032,0.379368,0.341978,0.592981,0.230575",,
518,22005,157.0,72.1,0.01,1.4760292131832102,963.1257915496826,2199,"97.243813,97.363968","0.277439,0.142691,0.689767,0.462956,0.848811,0.041177,0.568196,0.401924,0.353100,0.194602,0.774113,1.093116,0.056532,0.164864,0.412422,0.308016,0.378602,0.341412,0.591439,0.230412",,
519,22104,99.0,72.62,0.01,2.9077374257845805,967.8946959972382,2209,"97.227539,97.349464","0.279741,0.144511,0.693892,0.465709,0.847510,0.043837,0.572700,0.403159,0.354756,0.196650,0.779291,1.089946,0.058475,0.165881,0.414641,0.307581,0.378200,0.341539,0.593066,0.230744",,
520,22464,360.0,75.94,0.01,1.5946345173676189,985.731098651886,2245,"97.251259,97.345940","0.287101,0.157385,0.697226,0.465344,0.846964,0.053126,0.576860,0.405947,0.364171,0.206255,0.788578,1.084048,0.068050,0.167877,0.418414,0.307743,0.380149,0.342015,0.592044,0.228050",,
521,22591,127.0,76.76,0.01,1.338581681708232,992.0981800556183,2258,"97.283127,97.310318","0.288014,0.162423,0.696962,0.469430,0.846660,0.057772,0.578774,0.410498,0.368334,0.210671,0.792444,1.081365,0.069623,0.168816,0.421235,0.307780,0.380503,0.340011,0.592539,0.230350",,
522,22643,52.0,76.96,0.01,0.005561335757374763,994.562432050705,2263,"97.292015,97.301765","0.287902,0.163441,0.696201,0.471015,0.846738,0.058853,0.578633,0.412121,0.369285,0.211968,0.792536,1.080410,0.069514,0.168938,0.421732,0.307735,0.380159,0.339318,0.592861,0.231264",,
523,22708,65.0,77.26,0.01,2.8816289380192757,997.8714678287506,2269,"97.296570,97.277672","0.287530,0.164323,0.696927,0.472535,0.846677,0.059676,0.580408,0.413983,0.369929,0.212780,0.795138,1.079618,0.068761,0.169115,0.423109,0.307797,0.379659,0.338526,0.593374,0.232419",,
524,22859,151.0,78.33,0.01,0.7803571729067093,1006.4682829380035,2284,"97.293129,97.254417","0.287592,0.165780,0.697826,0.474095,0.846828,0.058984,0.583910,0.418376,0.370518,0.213716,0.801315,1.078583,0.069172,0.168727,0.426231,0.308412,0.379429,0.337740,0.593721,0.234651",,
525,23005,146.0,79.36,0.01,1.5088489905465394,1013.8673372268677,2299,"97.302460,97.240364","0.286996,0.168268,0.698704,0.474018,0.847578,0.056886,0.585854,0.421977,0.372615,0.214759,0.803899,1.078184,0.071869,0.166881,0.428172,0.308715,0.380461,0.340125,0.593190,0.233607",,
526,23036,31.0,79.3,0.01,0.010243662788222233,1015.4314272403717,2302,"97.315918,97.230797","0.285686,0.169005,0.699354,0.474162,0.847928,0.056583,0.586574,0.423002,0.373323,0.214757,0.805186,1.078317,0.070939,0.165981,0.429074,0.308823,0.380504,0.340090,0.592822,0.233395",,
527,23074,38.0,79.39,0.01,0.018030016450211406,1017.3107359409332,2306,"97.284981,97.260971","0.284431,0.170010,0.699588,0.474573,0.848727,0.058412,0.587637,0.423778,0.373616,0.216093,0.807499,1.077560,0.071027,0.166533,0.430052,0.308852,0.380115,0.339416,0.592584,0.233073",,
528,23574,500.0,84.05,0.01,1.387005654447712,1044.3396368026733,2356,"97.360649,97.279465","0.282834,0.181220,0.706190,0.475763,0.852458,0.071078,0.597431,0.425677,0.376130,0.227481,0.823678,1.069636,0.076304,0.171924,0.437223,0.308741,0.379800,0.339192,0.592745,0.230982",,
529,23621,47.0,84.18,0.01,0.007608080841600895,1046.707096338272,2361,"97.353958,97.307678","0.281468,0.181644,0.706339,0.475085,0.853246,0.071824,0.597920,0.424763,0.374972,0.228384,0.825064,1.069136,0.075580,0.172581,0.437625,0.308539,0.379371,0.339006,0.592545,0.230680",,
530,24121,500.0,88.86,0.01,0.9221921111561824,1074.333059310913,2411,"97.369583,97.407837","0.276293,0.180836,0.710020,0.476364,0.856143,0.072480,0.609051,0.425510,0.369113,0.229551,0.840720,1.064789,0.067696,0.171657,0.444057,0.308720,0.377191,0.332235,0.595922,0.232495",,
531,24621,500.0,93.54,0.01,1.0422368790756444,1103.8404319286346,2461,"97.451530,97.573112","0.270315,0.180019,0.714358,0.475458,0.854945,0.070944,0.622765,0.427323,0.364240,0.228310,0.854852,1.062361,0.060266,0.169205,0.450314,0.308907,0.376805,0.328870,0.598977,0.233459",,
532,25121,500.0,98.17,0.01,1.377790371896699,1131.7772147655487,2511,"97.536491,97.660568","0.271878,0.182699,0.718089,0.477560,0.849633,0.072144,0.640452,0.434732,0.365274,0.229009,0.870739,1.059600,0.059327,0.167516,0.458075,0.310360,0.378710,0.328597,0.596930,0.238067",,
533,25191,70.0,98.27,0.01,0.005170667876622507,1135.3391592502594,2518,"97.579399,97.683235","0.271336,0.181526,0.718082,0.476779,0.848617,0.069724,0.641468,0.435066,0.363865,0.227639,0.871622,1.059945,0.057967,0.165999,0.458201,0.310624,0.378703,0.329181,0.597062,0.238155",,
534,25691,500.0,102.85,0.01,1.4900063947448507,1163.616672039032,2568,"97.682190,97.849846","0.263144,0.184972,0.724710,0.474515,0.846166,0.069887,0.662568,0.438868,0.361827,0.228513,0.893769,1.060160,0.053324,0.162092,0.468175,0.312265,0.378637,0.327819,0.597792,0.239232",,
535,26191,500.0,107.54,0.01,1.3959435053309426,1191.5205471515656,2618,"97.864761,98.048531","0.261520,0.178472,0.723227,0.464646,0.836253,0.060878,0.672011,0.437262,0.353622,0.221229,0.902854,1.063804,0.047761,0.154473,0.468994,0.312688,0.378695,0.331051,0.600806,0.237629",,
536,26691,500.0,112.25,0.01,0.6996433655009605,1219.5304098129272,2668,"98.050072,98.254372","0.262396,0.176021,0.718225,0.462041,0.828400,0.061794,0.679645,0.438078,0.348148,0.219925,0.908190,1.062834,0.044598,0.152366,0.471390,0.313429,0.376598,0.329159,0.601511,0.237958",,
537,26766,75.0,112.58,0.01,0.8299333119399047,1223.6576433181763,2675,"98.080452,98.258751","0.262615,0.175476,0.718174,0.461596,0.827091,0.060862,0.680333,0.438345,0.347598,0.219238,0.908665,1.062845,0.044036,0.151327,0.471582,0.313569,0.376342,0.329007,0.601860,0.237982",,
538,27219,453.0,116.7,0.01,0.529409881365589,1247.7031416893005,2720,"98.213448,98.415359","0.263283,0.176389,0.705609,0.457278,0.822165,0.059356,0.674775,0.437173,0.346735,0.219408,0.903334,1.063397,0.041899,0.146256,0.468188,0.314515,0.375168,0.327115,0.597977,0.237301",,
539,27304,85.0,116.2,0.01,0.00949183815262384,1252.1606969833374,2729,"98.268494,98.405251","0.264916,0.176473,0.702997,0.457983,0.820671,0.059204,0.672913,0.438488,0.348151,0.220113,0.900947,1.063226,0.041962,0.145588,0.467565,0.314371,0.374609,0.327299,0.598529,0.239302",,
540,27738,434.0,120.11,0.01,0.5528127258632679,1274.2558114528656,2772,"98.367378,98.522224","0.265426,0.176608,0.700657,0.456132,0.821239,0.058175,0.676401,0.438825,0.345352,0.221416,0.901785,1.061828,0.041013,0.146415,0.467611,0.314255,0.370147,0.330229,0.594357,0.240757",,
541,27912,174.0,121.43,0.01,0.9747866374932023,1283.3091711997986,2790,"98.419220,98.616440","0.263776,0.174237,0.700766,0.455765,0.820964,0.057360,0.679662,0.438814,0.343027,0.220632,0.903327,1.060785,0.038235,0.145713,0.468466,0.313961,0.367518,0.329863,0.595882,0.241182",,
542,28034,122.0,122.26,0.01,1.933147473144345,1289.6426980495453,2802,"98.471436,98.585724","0.266433,0.179632,0.701904,0.455650,0.818200,0.061857,0.683229,0.439989,0.349334,0.224251,0.905283,1.060029,0.037262,0.145428,0.469766,0.313979,0.366865,0.329304,0.598152,0.241360",,
543,28137,103.0,122.78,0.01,1.77021659782622,1294.9589421749115,2812,"98.438675,98.646332","0.269644,0.174941,0.702063,0.455803,0.816904,0.059271,0.685384,0.440309,0.346730,0.222289,0.906594,1.059105,0.038930,0.144978,0.469247,0.313896,0.366765,0.331276,0.599647,0.241438",,
544,28223,86.0,122.56,0.01,1.328973943962612,1299.518871307373,2821,"98.485886,98.624588","0.270185,0.173557,0.702445,0.455579,0.817051,0.057572,0.686222,0.440215,0.346599,0.221347,0.906982,1.059155,0.038553,0.143855,0.468822,0.313909,0.366481,0.331924,0.599674,0.241366",,
545,28387,164.0,122.51,0.01,0.009759058157214895,1308.0382006168365,2837,"98.528366,98.709229","0.266129,0.172078,0.699136,0.454170,0.821394,0.054818,0.685108,0.439630,0.344577,0.219811,0.905844,1.059847,0.037173,0.141353,0.467339,0.313874,0.366175,0.332280,0.597012,0.240418",,
546,28469,82.0,123.12,0.01,1.4456825663219206,1312.0781934261322,2845,"98.576393,98.721138","0.265399,0.172943,0.697176,0.453968,0.822264,0.056055,0.684607,0.439832,0.344653,0.220646,0.905459,1.059426,0.036553,0.141085,0.467480,0.313895,0.365732,0.331706,0.595757,0.240176",,
547,28728,259.0,125.47,0.01,0.2395346784659733,1325.4278147220612,2871,"98.660370,98.819336","0.261550,0.174946,0.688692,0.455275,0.823382,0.056849,0.682430,0.444438,0.346774,0.224342,0.902999,1.056560,0.035124,0.138743,0.469139,0.313364,0.363600,0.332096,0.594111,0.238498",,
548,28991,263.0,127.81,0.01,0.4341669665063145,1339.4213244915009,2898,"98.738052,98.907089","0.262143,0.176423,0.684420,0.453305,0.823456,0.053155,0.680832,0.446880,0.346751,0.226357,0.900059,1.053542,0.035039,0.134525,0.469449,0.311733,0.360912,0.333727,0.591977,0.238209",,
549,29244,253.0,129.25,0.01,0.707213403340429,1352.1809520721436,2923,"98.783241,98.966400","0.263909,0.177332,0.685690,0.450847,0.823509,0.050518,0.685122,0.453135,0.345971,0.228471,0.900298,1.051922,0.033753,0.131984,0.470678,0.311536,0.359171,0.335251,0.592726,0.237679",171.4,9.13454979733539
550,29436,192.0,129.88,0.01,0.3282481090435268,1362.5034852027893,2942,"98.838356,99.028770","0.259770,0.175431,0.680297,0.451585,0.826369,0.047709,0.683858,0.455990,0.343394,0.227698,0.898412,1.051450,0.030872,0.129947,0.470600,0.311232,0.357935,0.335141,0.589170,0.240914",,
551,29517,81.0,130.33,0.01,1.4679617733927444,1367.0856869220734,2950,"98.873322,99.029686","0.260382,0.177485,0.678715,0.452740,0.825734,0.048713,0.683238,0.457020,0.345971,0.230091,0.897807,1.050940,0.030704,0.129116,0.470163,0.311183,0.358047,0.334532,0.588997,0.242889",,
552,29666,149.0,131.33,0.01,0.00824161156391104,1374.6800327301025,2965,"98.917068,99.088974","0.260822,0.177969,0.676080,0.452739,0.825671,0.048677,0.681962,0.456786,0.345947,0.231527,0.895806,1.050178,0.029809,0.127924,0.468893,0.310904,0.356728,0.335589,0.587008,0.243678",,
553,29813,147.0,132.05,0.01,0.006295590832208594,1382.516100883484,2980,"98.965477,99.172417","0.261050,0.176537,0.672589,0.452294,0.826909,0.048539,0.680251,0.456021,0.342907,0.231904,0.893042,1.048666,0.029262,0.127829,0.467563,0.310478,0.354701,0.336694,0.584468,0.243127",,
554,29898,85.0,132.42,0.01,0.7498991220491007,1386.9848477840424,2988,"98.985229,99.181770","0.261376,0.176224,0.671318,0.452159,0.827769,0.048178,0.679631,0.456065,0.342422,0.232403,0.891948,1.048149,0.029330,0.127597,0.466865,0.310462,0.354091,0.337540,0.584109,0.242816",,
555,30350,452.0,136.54,0.01,0.3888932769439872,1412.2866442203522,3034,"99.129211,99.277359","0.261462,0.178774,0.665580,0.449495,0.830279,0.049214,0.678283,0.455551,0.341233,0.238488,0.888514,1.046268,0.029304,0.126405,0.464732,0.310628,0.351062,0.339940,0.581355,0.241039",,
556,30495,145.0,137.38,0.01,0.007056383149964469,1420.257904291153,3048,"99.163757,99.315285","0.260342,0.177575,0.663460,0.448793,0.831853,0.048040,0.677376,0.454351,0.340712,0.238756,0.888154,1.046578,0.028231,0.125119,0.464010,0.310774,0.350649,0.339566,0.579805,0.241065",,
557,30691,196.0,138.85,0.01,0.30395845903549346,1430.7213101387024,3068,"99.225784,99.373459","0.259439,0.177101,0.661268,0.448122,0.832561,0.047232,0.676347,0.453028,0.339026,0.240056,0.886703,1.046285,0.027528,0.124245,0.462722,0.311066,0.349600,0.341281,0.577322,0.241135",,
558,30794,103.0,139.32,0.01,0.0047467813128605485,1435.515845298767,3078,"99.275307,99.411713","0.258855,0.176396,0.658900,0.447729,0.831805,0.046562,0.674537,0.452433,0.338103,0.239743,0.884868,1.046408,0.026644,0.123628,0.461887,0.311095,0.349347,0.341719,0.575489,0.241147",,
559,30952,158.0,139.69,0.01,0.3731931146758143,1443.5666205883026,3094,"99.305260,99.465172","0.257704,0.174930,0.658076,0.447570,0.831547,0.046030,0.675342,0.452932,0.335374,0.239465,0.884130,1.045468,0.025532,0.123005,0.461878,0.311144,0.348201,0.342147,0.573592,0.240930",,
560,31110,158.0,140.13,0.01,0.006699918274534866,1451.654985666275,3110,"99.354652,99.565460","0.255579,0.172033,0.656159,0.447002,0.831089,0.044270,0.674950,0.452635,0.330739,0.237660,0.882219,1.044567,0.023978,0.121704,0.461100,0.310962,0.346990,0.342501,0.571328,0.240370",,
561,31303,193.0,141.08,0.01,0.6148298865821409,1461.4518084526062,3129,"99.407249,99.626869","0.256263,0.170793,0.659263,0.446487,0.829831,0.041517,0.679067,0.459248,0.330334,0.239384,0.881350,1.043079,0.022406,0.118639,0.463266,0.310910,0.346158,0.342490,0.573261,0.240130",,
562,31394,91.0,140.96,0.01,1.3287908829903852,1466.157663822174,3138,"99.428131,99.654221","0.254711,0.172208,0.658139,0.446040,0.830856,0.042347,0.678644,0.459155,0.330944,0.241554,0.880558,1.042440,0.021882,0.118166,0.463523,0.310898,0.345756,0.342120,0.572707,0.238884",,
563,31487,93.0,140.71,0.01,0.6834401225981613,1470.7914817333221,3147,"99.447586,99.638710","0.253675,0.173814,0.657308,0.445114,0.832130,0.043025,0.678696,0.459784,0.331631,0.243386,0.880442,1.042196,0.021298,0.117302,0.463550,0.310959,0.345254,0.341834,0.571932,0.238284",,
564,31633,146.0,141.16,0.01,0.4122314135932053,1478.7354516983032,3162,"99.456947,99.673332","0.254356,0.174126,0.654225,0.445487,0.833046,0.043252,0.676821,0.459909,0.332993,0.245775,0.879106,1.040581,0.020919,0.115946,0.462726,0.310636,0.343122,0.343370,0.570431,0.238572",,
565,31729,96.0,140.87,0.01,1.3286813356810145,1483.6990420818329,3171,"99.508621,99.657661","0.254314,0.173371,0.655424,0.445605,0.834113,0.042696,0.678680,0.460633,0.332996,0.246066,0.879495,1.039303,0.020395,0.114655,0.463825,0.309628,0.342222,0.344398,0.570232,0.239120",,
566,31898,169.0,140.73,0.01,2.1375279507517595,1492.8270783424377,3188,"99.469864,99.702774","0.256085,0.174383,0.656275,0.446107,0.835618,0.043431,0.681426,0.460585,0.335217,0.248155,0.879480,1.037307,0.020215,0.113540,0.464016,0.308534,0.340664,0.345804,0.568063,0.239512",,
567,32090,192.0,142.21,0.01,0.6054926919867285,1502.498703956604,3208,"99.489754,99.706894","0.257743,0.174219,0.656205,0.446884,0.837922,0.042355,0.687543,0.464406,0.337537,0.249100,0.881609,1.036139,0.020696,0.111343,0.466710,0.307544,0.340605,0.347797,0.564771,0.243498",,
568,32223,133.0,142.95,0.01,0.4548472480561871,1509.5477538108826,3221,"99.547043,99.713249","0.259030,0.173654,0.654416,0.448710,0.837994,0.041546,0.688141,0.466339,0.339116,0.249349,0.880886,1.035276,0.021000,0.110850,0.467193,0.306886,0.340620,0.349400,0.562830,0.247041",,
569,32388,165.0,144.22,0.01,1.1095622640132206,1518.4814624786377,3237,"99.587860,99.742310","0.259082,0.172325,0.652196,0.454590,0.838827,0.040756,0.688884,0.470467,0.342070,0.250699,0.881245,1.033492,0.019962,0.109124,0.469368,0.305833,0.340324,0.350359,0.563533,0.254001",,
570,32552,164.0,144.63,0.01,0.006122888148050098,1527.7399168014526,3254,"99.649498,99.782539","0.257898,0.171322,0.649254,0.456157,0.839153,0.039703,0.688099,0.473021,0.341073,0.250019,0.880050,1.033048,0.018371,0.106364,0.469930,0.305196,0.340602,0.349649,0.562262,0.256789",,
571,32842,290.0,146.46,0.01,0.42359938502616795,1545.249763727188,3283,"99.728645,99.880653","0.256352,0.171207,0.643664,0.455093,0.840584,0.039255,0.684902,0.474389,0.336572,0.250172,0.876325,1.031668,0.018067,0.102422,0.468252,0.305337,0.340675,0.350429,0.557189,0.256752",,
572,33018,176.0,147.54,0.01,0.006079638917820857,1554.4504268169403,3300,"99.757225,99.944160","0.256373,0.170778,0.640676,0.454955,0.840353,0.039816,0.682897,0.474070,0.335586,0.250865,0.874491,1.030691,0.017904,0.100010,0.467541,0.305673,0.340467,0.350873,0.554229,0.256536",,
573,33191,173.0,148.93,0.01,0.6522397424818741,1563.6787860393524,3318,"99.799606,99.980331","0.256335,0.171863,0.638778,0.453269,0.839216,0.039825,0.684239,0.475702,0.334452,0.253598,0.874517,1.029733,0.018578,0.094809,0.469167,0.305567,0.340374,0.354372,0.552311,0.256117",,
574,33307,116.0,149.01,0.01,0.5298298624428835,1569.9925961494446,3329,"99.821220,100.004486","0.257353,0.172200,0.640739,0.451712,0.837829,0.038782,0.688253,0.479274,0.334426,0.255116,0.875651,1.028924,0.018518,0.091153,0.470895,0.305549,0.340176,0.356307,0.552213,0.255603",,
575,33456,149.0,149.97,0.01,0.005676832795143127,1577.8264155387878,3344,"99.883911,100.028984","0.257185,0.171698,0.640951,0.450079,0.835371,0.037235,0.688768,0.480649,0.333303,0.255475,0.875344,1.028512,0.018182,0.089597,0.470425,0.305642,0.339431,0.356497,0.551759,0.254552",,
576,33808,352.0,153.0,0.01,0.17251650964109494,1596.5058269500732,3379,"99.984871,100.169937","0.256032,0.171985,0.637780,0.445639,0.824249,0.033921,0.685720,0.483034,0.331541,0.257519,0.872410,1.027443,0.017168,0.084398,0.469776,0.305456,0.338617,0.356528,0.553608,0.250992",,
577,33934,126.0,153.18,0.01,0.004814915806771471,1603.785189151764,3392,"100.022789,100.193100","0.254834,0.172864,0.635565,0.444715,0.824033,0.033663,0.684369,0.483048,0.331053,0.258465,0.871549,1.027126,0.016909,0.083416,0.469741,0.305472,0.338923,0.356353,0.551303,0.250221",,
578,34163,229.0,154.86,0.01,0.26346440046377806,1615.8033714294434,3415,"100.051079,100.246964","0.254365,0.175226,0.635388,0.442541,0.825542,0.033090,0.686641,0.483321,0.331374,0.260515,0.873076,1.026718,0.016151,0.082631,0.470129,0.305270,0.338284,0.356265,0.547510,0.248179",,
579,34370,207.0,156.54,0.01,1.3804378226687688,1626.8495359420776,3436,"100.065804,100.292320","0.253654,0.173899,0.631536,0.444872,0.812794,0.029059,0.683598,0.489850,0.329672,0.261894,0.868286,1.024671,0.016549,0.077879,0.471745,0.306308,0.336660,0.356553,0.547260,0.249429",,
580,34680,310.0,159.1,0.01,0.39605477961501284,1643.2345042228699,3467,"100.067101,100.358742","0.254977,0.172367,0.629977,0.445220,0.809427,0.026265,0.689957,0.498466,0.327540,0.262788,0.869249,1.022382,0.016353,0.071612,0.477662,0.308317,0.337687,0.352860,0.545123,0.250695",,
581,34834,154.0,159.63,0.01,0.00573675826502343,1651.3287115097046,3482,"100.117012,100.383400","0.253113,0.172659,0.625714,0.444445,0.808488,0.025766,0.686633,0.498657,0.326485,0.263417,0.866677,1.022071,0.016085,0.070274,0.476816,0.308123,0.338203,0.352282,0.542410,0.250532",,
582,34961,127.0,159.83,0.01,0.4759486078177221,1658.3118968009949,3495,"100.131523,100.386024","0.254115,0.173302,0.625537,0.443996,0.808697,0.025675,0.685415,0.498757,0.326750,0.264355,0.866003,1.021426,0.015376,0.069833,0.475319,0.307720,0.337965,0.352438,0.541462,0.249631",,
583,35153,192.0,161.12,0.01,0.31515048020274233,1668.7429177761078,3514,"100.158180,100.421341","0.254633,0.172799,0.627125,0.442220,0.811202,0.025780,0.688424,0.499841,0.326288,0.264824,0.867568,1.020716,0.014396,0.067918,0.475524,0.307541,0.338008,0.350871,0.538474,0.248686",,
584,35299,146.0,161.59,0.01,0.008337817420916898,1676.96395277977,3528,"100.176689,100.447113","0.257158,0.174636,0.627359,0.439681,0.810132,0.025301,0.687671,0.501470,0.328214,0.266787,0.866493,1.020199,0.013865,0.066519,0.474641,0.307134,0.337554,0.350966,0.536942,0.246530",,
585,35426,127.0,161.86,0.01,0.01374641082321222,1683.884905576706,3541,"100.226120,100.470818","0.257694,0.176196,0.623678,0.438908,0.803214,0.024629,0.683420,0.502411,0.328564,0.268179,0.862790,1.019105,0.013903,0.066162,0.474319,0.306448,0.336705,0.352481,0.535351,0.246316",,
586,35532,106.0,161.89,0.01,1.0999623972245238,1689.4594893455505,3552,"100.215012,100.513794","0.256854,0.176396,0.620050,0.440768,0.796323,0.023753,0.681729,0.505814,0.327251,0.268315,0.858988,1.017433,0.014300,0.064803,0.475511,0.305952,0.335868,0.354044,0.533179,0.247821",,
587,35697,165.0,163.13,0.01,0.7563139690319076,1697.862936258316,3568,"100.243599,100.530296","0.255969,0.178538,0.616238,0.439320,0.787501,0.021313,0.680619,0.511131,0.326866,0.270656,0.855847,1.015204,0.014253,0.060642,0.478567,0.305657,0.335303,0.355096,0.532410,0.247249",,
588,35824,127.0,163.13,0.01,0.007023674919484899,1704.601657629013,3581,"100.275429,100.567467","0.256709,0.180370,0.614326,0.438778,0.785166,0.020892,0.678595,0.511257,0.327306,0.272310,0.853558,1.013863,0.013844,0.059667,0.477737,0.304933,0.335047,0.358013,0.529146,0.246707",,
589,36010,186.0,163.95,0.01,0.306877368840536,1713.3950567245483,3600,"100.322067,100.568390","0.258806,0.180844,0.609792,0.438181,0.786477,0.019232,0.678125,0.514375,0.328792,0.273006,0.851312,1.013303,0.012592,0.059027,0.477899,0.307405,0.335985,0.358043,0.524637,0.245789",,
590,36478,468.0,167.55,0.01,0.8661791264464188,1732.7174088954926,3646,"100.346848,100.615143","0.269045,0.186023,0.628152,0.439096,0.786157,0.011128,0.695647,0.529557,0.330183,0.283875,0.858198,1.005214,0.008919,0.054344,0.489386,0.305350,0.334677,0.361419,0.524703,0.243460",,
591,36626,148.0,168.01,0.01,0.39244902475426596,1738.645789384842,3661,"100.402466,100.668846","0.268599,0.184129,0.626102,0.443862,0.783009,0.010176,0.697763,0.534168,0.328220,0.283614,0.858230,1.002456,0.007274,0.053565,0.493824,0.304111,0.335546,0.362106,0.523493,0.248958",,
592,36865,239.0,169.37,0.01,0.007600739908715089,1748.538895368576,3685,"100.464539,100.747025","0.268141,0.187697,0.622873,0.443235,0.784201,0.009081,0.697602,0.535687,0.325696,0.286211,0.855133,0.999704,0.006327,0.051204,0.494604,0.302963,0.335672,0.365582,0.517944,0.249109",,
593,37046,181.0,170.71,0.01,0.3375346903275285,1756.5171744823456,3703,"100.505684,100.780899","0.270438,0.189602,0.624924,0.442740,0.788110,0.008775,0.697496,0.533936,0.325503,0.287407,0.852342,0.997383,0.004492,0.051727,0.492478,0.301488,0.336584,0.367317,0.514431,0.247893",,
594,37179,133.0,171.68,0.01,0.9058667354894658,1761.5727384090424,3716,"100.518089,100.744652","0.274790,0.192945,0.631332,0.440750,0.792706,0.008221,0.700518,0.536789,0.327797,0.290827,0.853516,0.995907,0.003595,0.051326,0.493350,0.300465,0.337452,0.368969,0.513884,0.245368",,
595,37351,172.0,172.9,0.01,0.00809947339197,1768.5818891525269,3734,"100.551300,100.766945","0.275006,0.193752,0.630804,0.441709,0.789355,0.008225,0.696976,0.536955,0.328633,0.292808,0.851497,0.993968,0.003503,0.049084,0.492874,0.299780,0.337450,0.369321,0.511944,0.245816",,
596,37528,177.0,174.02,0.01,0.7043441560749403,1776.104214668274,3751,"100.534378,100.842796","0.278072,0.195638,0.630714,0.438465,0.783124,0.005851,0.696298,0.539366,0.326660,0.295486,0.850262,0.992714,0.005317,0.044200,0.493104,0.299947,0.335407,0.372951,0.511136,0.243876",,
597,37738,210.0,174.93,0.01,0.8155993422315944,1784.476138830185,3772,"100.616089,100.865952","0.283000,0.196854,0.635351,0.436336,0.789061,0.004431,0.698672,0.539287,0.326574,0.297081,0.848621,0.990615,0.003422,0.041230,0.493544,0.298993,0.337829,0.376296,0.507988,0.241523",,
598,37874,136.0,175.21,0.01,0.00537996507981526,1790.230357170105,3786,"100.675484,100.870102","0.284382,0.196709,0.633777,0.436140,0.792883,0.004327,0.697296,0.537527,0.327111,0.296955,0.848280,0.989959,0.002098,0.042111,0.493733,0.297942,0.338905,0.377360,0.504288,0.241272",,
599,38015,141.0,176.21,0.01,1.2500027789335166,1795.604325056076,3800,"100.671539,100.889374","0.285012,0.197993,0.637765,0.434754,0.796739,0.002974,0.700522,0.539104,0.326177,0.297823,0.851625,0.988759,0.000927,0.041462,0.493376,0.297430,0.338405,0.379476,0.504101,0.239574",122.2,20.063897926375127
600,38126,111.0,176.86,0.01,1.0668485260526226,1801.1006977558136,3811,"100.682404,100.892136","0.286484,0.203206,0.637812,0.433775,0.799476,0.003427,0.700064,0.539373,0.329597,0.301523,0.852105,0.988923,-0.000015,0.042830,0.493368,0.296791,0.338742,0.380160,0.500067,0.238428",,
601,38238,112.0,177.57,0.01,0.0076815770219334145,1806.7566995620728,3822,"100.696449,100.909607","0.288189,0.205477,0.639014,0.432376,0.806696,0.002129,0.699475,0.540243,0.329547,0.304226,0.852101,0.988424,-0.001198,0.040674,0.492280,0.296411,0.340043,0.383101,0.498156,0.236509",,
602,38364,126.0,178.07,0.01,0.9249079266849619,1812.9359924793243,3835,"100.723000,100.904114","0.290303,0.209395,0.638522,0.433595,0.808858,0.001712,0.698066,0.543728,0.331174,0.308144,0.850204,0.986848,-0.000501,0.039015,0.492357,0.295949,0.340048,0.386148,0.496322,0.236858",,
603,38478,114.0,178.68,0.01,0.006863320013508201,1818.9729616641998,3846,"100.747086,100.936501","0.289092,0.210248,0.635428,0.435062,0.810761,0.001649,0.694471,0.543903,0.329734,0.309158,0.847308,0.986101,-0.000355,0.037539,0.491960,0.295579,0.340845,0.387577,0.492720,0.237830",,
604,38651,173.0,179.37,0.01,0.66339699867078,1827.8095128536224,3864,"100.806870,101.040314","0.288872,0.208092,0.636531,0.435861,0.816227,0.001420,0.691991,0.539007,0.326561,0.308236,0.845728,0.983010,-0.001492,0.036610,0.490274,0.292338,0.342014,0.390068,0.489362,0.237380",,
605,38776,125.0,179.65,0.01,1.402593181623767,1835.7793323993683,3876,"100.841698,101.014503","0.295500,0.212705,0.640216,0.436278,0.822554,0.001924,0.694156,0.539886,0.331206,0.311537,0.845348,0.981435,-0.002747,0.035523,0.491097,0.290962,0.343383,0.391474,0.487401,0.237098",,
606,38909,133.0,179.71,0.01,0.00572594147748672,1845.1788005828857,3889,"100.839699,101.021469","0.297945,0.215700,0.639196,0.436165,0.825942,0.001557,0.689926,0.539394,0.331420,0.313431,0.843015,0.980740,-0.004103,0.033315,0.488718,0.290173,0.344763,0.394873,0.484048,0.236640",,
607,39040,131.0,180.26,0.01,0.4458498812081026,1853.6375637054443,3903,"100.854424,101.020432","0.297833,0.219269,0.634753,0.434565,0.826941,0.000873,0.683508,0.538924,0.331268,0.315857,0.840316,0.980820,-0.004566,0.031711,0.486117,0.289915,0.345338,0.396596,0.477591,0.235012",,
608,39193,153.0,180.23,0.01,0.4008177609493335,1862.8186156749725,3918,"100.875877,101.007454","0.298637,0.223159,0.632838,0.433020,0.831256,-0.002149,0.680724,0.538730,0.332082,0.319208,0.838793,0.980403,-0.006195,0.026997,0.484321,0.289472,0.346447,0.400189,0.471544,0.233259",,
